timestamp,ds0_c,ds1_c,ds2_c,ds3_c,ds4_c,bme_t_c,bme_p_hpa,bme_h_pct,target_c,comp,comp_allowed,hv,iso_duty,safe,up_s
2026-07-20 21:23:05.549,,,,,,,,,-40.0,0.0,0.0,0.0,0.0,0.0,29.0
2026-07-20 21:23:05.748,,,,,,,,,-40.0,0.0,0.0,0.0,0.0,0.0,29.0
2026-07-20 21:23:05.951,,,,,,,,,-40.0,0.0,0.0,0.0,0.0,0.0,29.0
2026-07-20 21:23:06.148,,,,,,,,,-40.0,0.0,0.0,0.0,0.0,0.0,29.0
2026-07-20 21:23:06.388,,,,,,,,,-40.0,0.0,0.0,0.0,0.0,0.0,30.0
2026-07-20 21:23:06.548,,,,,,,,,-40.0,0.0,0.0,0.0,0.0,0.0,30.0
2026-07-20 21:23:06.748,,,,,,,,,-40.0,0.0,0.0,0.0,0.0,0.0,30.0
2026-07-20 21:23:06.948,,,,,,,,,-40.0,0.0,0.0,0.0,0.0,0.0,30.0
2026-07-20 21:23:07.148,,,,,,,,,-40.0,0.0,0.0,0.0,0.0,0.0,30.0
2026-07-20 21:23:07.388,,,,,,,,,-40.0,0.0,0.0,0.0,0.0,0.0,31.0
2026-07-20 21:23:07.548,,,,,,,,,-40.0,0.0,0.0,0.0,0.0,0.0,31.0
2026-07-20 21:23:07.748,,,,,,,,,-40.0,0.0,0.0,0.0,0.0,0.0,31.0
2026-07-20 21:23:07.948,,,,,,,,,-40.0,0.0,0.0,0.0,0.0,0.0,31.0
2026-07-20 21:23:08.148,,,,,,,,,-40.0,0.0,0.0,0.0,0.0,0.0,31.0
2026-07-20 21:23:08.388,,,,,,,,,-40.0,0.0,0.0,0.0,0.0,0.0,32.0
2026-07-20 21:23:08.548,,,,,,,,,-40.0,0.0,0.0,0.0,0.0,0.0,32.0
2026-07-20 21:23:08.748,,,,,,,,,-40.0,0.0,0.0,0.0,0.0,0.0,32.0
2026-07-20 21:23:08.949,,,,,,,,,-40.0,0.0,0.0,0.0,0.0,0.0,32.0
2026-07-20 21:23:09.149,,,,,,,,,-40.0,0.0,0.0,0.0,0.0,0.0,32.0
2026-07-20 21:23:09.388,,,,,,,,,-40.0,0.0,0.0,0.0,0.0,0.0,33.0
2026-07-20 21:23:09.548,,,,,,,,,-40.0,0.0,0.0,0.0,0.0,0.0,33.0
2026-07-20 21:23:09.748,,,,,,,,,-40.0,0.0,0.0,0.0,0.0,0.0,33.0
2026-07-20 21:23:09.949,,,,,,,,,-40.0,0.0,0.0,0.0,0.0,0.0,33.0
2026-07-20 21:23:10.148,,,,,,,,,-40.0,0.0,0.0,0.0,0.0,0.0,33.0
2026-07-20 21:23:10.388,,,,,,,,,-40.0,0.0,0.0,0.0,0.0,0.0,34.0
2026-07-20 21:23:10.548,,,,,,,,,-40.0,0.0,0.0,0.0,0.0,0.0,34.0
2026-07-20 21:23:10.748,,,,,,,,,-40.0,0.0,0.0,0.0,0.0,0.0,34.0
2026-07-20 21:23:10.948,,,,,,,,,-40.0,0.0,0.0,0.0,0.0,0.0,34.0
2026-07-20 21:23:11.148,,,,,,,,,-40.0,0.0,0.0,0.0,0.0,0.0,34.0
2026-07-20 21:23:11.388,,,,,,,,,-40.0,0.0,0.0,0.0,0.0,0.0,35.0
2026-07-20 21:23:11.548,,,,,,,,,-40.0,0.0,0.0,0.0,0.0,0.0,35.0
2026-07-20 21:23:11.748,,,,,,,,,-40.0,0.0,0.0,0.0,0.0,0.0,35.0
2026-07-20 21:23:11.948,,,,,,,,,-40.0,0.0,0.0,0.0,0.0,0.0,35.0
2026-07-20 21:23:12.148,,,,,,,,,-40.0,0.0,0.0,0.0,0.0,0.0,35.0
2026-07-20 21:23:12.388,,,,,,,,,-40.0,0.0,0.0,0.0,0.0,0.0,36.0
2026-07-20 21:23:12.548,,,,,,,,,-40.0,0.0,0.0,0.0,0.0,0.0,36.0
2026-07-20 21:23:12.748,,,,,,,,,-40.0,0.0,0.0,0.0,0.0,0.0,36.0
2026-07-20 21:23:12.948,,,,,,,,,-40.0,0.0,0.0,0.0,0.0,0.0,36.0
2026-07-20 21:23:13.148,,,,,,,,,-40.0,0.0,0.0,0.0,0.0,0.0,36.0
2026-07-20 21:23:13.388,,,,,,,,,-40.0,0.0,0.0,0.0,0.0,0.0,37.0
2026-07-20 21:23:13.548,,,,,,,,,-40.0,0.0,0.0,0.0,0.0,0.0,37.0
2026-07-20 21:23:13.748,,,,,,,,,-40.0,0.0,0.0,0.0,0.0,0.0,37.0
2026-07-20 21:23:13.948,,,,,,,,,-40.0,0.0,0.0,0.0,0.0,0.0,37.0
2026-07-20 21:23:14.148,,,,,,,,,-40.0,0.0,0.0,0.0,0.0,0.0,37.0
2026-07-20 21:23:14.388,,,,,,,,,-40.0,0.0,0.0,0.0,0.0,0.0,38.0
2026-07-20 21:23:14.548,,,,,,,,,-40.0,0.0,0.0,0.0,0.0,0.0,38.0
2026-07-20 21:23:14.748,,,,,,,,,-40.0,0.0,0.0,0.0,0.0,0.0,38.0
2026-07-20 21:23:14.948,,,,,,,,,-40.0,0.0,0.0,0.0,0.0,0.0,38.0
2026-07-20 21:23:15.148,,,,,,,,,-40.0,0.0,0.0,0.0,0.0,0.0,38.0
2026-07-20 21:23:15.387,,,,,,,,,-40.0,0.0,0.0,0.0,0.0,0.0,39.0
2026-07-20 21:23:15.567,,,,,,,,,-40.0,0.0,0.0,0.0,0.0,0.0,39.0
2026-07-20 21:23:15.748,,,,,,,,,-40.0,0.0,0.0,0.0,0.0,0.0,39.0
2026-07-20 21:23:15.948,,,,,,,,,-40.0,0.0,0.0,0.0,0.0,0.0,39.0
2026-07-20 21:23:16.148,,,,,,,,,-40.0,0.0,0.0,0.0,0.0,0.0,39.0
2026-07-20 21:23:16.388,,,,,,,,,-40.0,0.0,0.0,0.0,0.0,0.0,40.0
2026-07-20 21:23:16.576,,,,,,,,,-40.0,0.0,0.0,0.0,0.0,0.0,40.0
2026-07-20 21:23:16.748,,,,,,,,,-40.0,0.0,0.0,0.0,0.0,0.0,40.0
2026-07-20 21:23:16.948,,,,,,,,,-40.0,0.0,0.0,0.0,0.0,0.0,40.0
2026-07-20 21:23:17.148,,,,,,,,,-40.0,0.0,0.0,0.0,0.0,0.0,40.0
2026-07-20 21:23:17.387,,,,,,,,,-40.0,0.0,0.0,0.0,0.0,0.0,41.0
2026-07-20 21:23:17.557,,,,,,,,,-40.0,0.0,0.0,0.0,0.0,0.0,41.0
2026-07-20 21:23:17.748,,,,,,,,,-40.0,0.0,0.0,0.0,0.0,0.0,41.0
2026-07-20 21:23:17.948,,,,,,,,,-40.0,0.0,0.0,0.0,0.0,0.0,41.0
2026-07-20 21:23:18.148,,,,,,,,,-40.0,0.0,0.0,0.0,0.0,0.0,41.0
2026-07-20 21:23:18.388,,,,,,,,,-40.0,0.0,0.0,0.0,0.0,0.0,42.0
2026-07-20 21:23:18.557,,,,,,,,,-40.0,0.0,0.0,0.0,0.0,0.0,42.0
2026-07-20 21:23:18.749,,,,,,,,,-40.0,0.0,0.0,0.0,0.0,0.0,42.0
2026-07-20 21:23:18.949,,,,,,,,,-40.0,0.0,0.0,0.0,0.0,0.0,42.0
2026-07-20 21:23:19.148,,,,,,,,,-40.0,0.0,0.0,0.0,0.0,0.0,42.0
2026-07-20 21:23:19.388,,,,,,,,,-40.0,0.0,0.0,0.0,0.0,0.0,43.0
2026-07-20 21:23:19.547,,,,,,,,,-40.0,0.0,0.0,0.0,0.0,0.0,43.0
2026-07-20 21:23:19.748,,,,,,,,,-40.0,0.0,0.0,0.0,0.0,0.0,43.0
2026-07-20 21:23:19.948,,,,,,,,,-40.0,0.0,0.0,0.0,0.0,0.0,43.0
2026-07-20 21:23:20.148,,,,,,,,,-40.0,0.0,0.0,0.0,0.0,0.0,43.0
2026-07-20 21:23:20.388,,,,,,,,,-40.0,0.0,0.0,0.0,0.0,0.0,44.0
2026-07-20 21:23:20.548,,,,,,,,,-40.0,0.0,0.0,0.0,0.0,0.0,44.0
2026-07-20 21:23:20.748,,,,,,,,,-40.0,0.0,0.0,0.0,0.0,0.0,44.0
2026-07-20 21:23:20.949,,,,,,,,,-40.0,0.0,0.0,0.0,0.0,0.0,44.0
2026-07-20 21:23:21.148,,,,,,,,,-40.0,0.0,0.0,0.0,0.0,0.0,44.0
2026-07-20 21:23:21.388,,,,,,,,,-40.0,0.0,0.0,0.0,0.0,0.0,45.0
2026-07-20 21:23:21.565,,,,,,,,,-40.0,0.0,0.0,0.0,0.0,0.0,45.0
2026-07-20 21:23:21.748,,,,,,,,,-40.0,0.0,0.0,0.0,0.0,0.0,45.0
2026-07-20 21:23:21.948,,,,,,,,,-40.0,0.0,0.0,0.0,0.0,0.0,45.0
2026-07-20 21:23:22.151,,,,,,,,,-40.0,0.0,0.0,0.0,0.0,0.0,45.0
2026-07-20 21:23:22.388,,,,,,,,,-40.0,0.0,0.0,0.0,0.0,0.0,46.0
2026-07-20 21:23:22.548,,,,,,,,,-40.0,0.0,0.0,0.0,0.0,0.0,46.0
2026-07-20 21:23:22.748,,,,,,,,,-40.0,0.0,0.0,0.0,0.0,0.0,46.0
2026-07-20 21:23:22.948,,,,,,,,,-40.0,0.0,0.0,0.0,0.0,0.0,46.0
2026-07-20 21:23:23.148,,,,,,,,,-40.0,0.0,0.0,0.0,0.0,0.0,46.0
2026-07-20 21:23:23.388,,,,,,,,,-40.0,0.0,0.0,0.0,0.0,0.0,47.0
2026-07-20 21:23:23.548,,,,,,,,,-40.0,0.0,0.0,0.0,0.0,0.0,47.0
2026-07-20 21:23:23.748,,,,,,,,,-40.0,0.0,0.0,0.0,0.0,0.0,47.0
2026-07-20 21:23:23.948,,,,,,,,,-40.0,0.0,0.0,0.0,0.0,0.0,47.0
2026-07-20 21:23:24.148,,,,,,,,,-40.0,0.0,0.0,0.0,0.0,0.0,47.0
2026-07-20 21:23:24.388,,,,,,,,,-40.0,0.0,0.0,0.0,0.0,0.0,48.0
2026-07-20 21:23:24.548,,,,,,,,,-40.0,0.0,0.0,0.0,0.0,0.0,48.0
2026-07-20 21:23:24.748,,,,,,,,,-40.0,0.0,0.0,0.0,0.0,0.0,48.0
2026-07-20 21:23:24.950,,,,,,,,,-40.0,0.0,0.0,0.0,0.0,0.0,48.0
2026-07-20 21:23:25.148,,,,,,,,,-40.0,0.0,0.0,0.0,0.0,0.0,48.0
2026-07-20 21:23:25.388,,,,,,,,,-40.0,0.0,0.0,0.0,0.0,0.0,49.0
2026-07-20 21:23:25.548,,,,,,,,,-40.0,0.0,0.0,0.0,0.0,0.0,49.0
2026-07-20 21:23:25.747,,,,,,,,,-40.0,0.0,0.0,0.0,0.0,0.0,49.0
2026-07-20 21:23:25.948,,,,,,,,,-40.0,0.0,0.0,0.0,0.0,0.0,49.0
2026-07-20 21:23:26.148,,,,,,,,,-40.0,0.0,0.0,0.0,0.0,0.0,49.0
2026-07-20 21:23:26.388,,,,,,,,,-40.0,0.0,0.0,0.0,0.0,0.0,50.0
2026-07-20 21:23:26.548,,,,,,,,,-40.0,0.0,0.0,0.0,0.0,0.0,50.0
2026-07-20 21:23:26.748,,,,,,,,,-40.0,0.0,0.0,0.0,0.0,0.0,50.0
2026-07-20 21:23:26.948,,,,,,,,,-40.0,0.0,0.0,0.0,0.0,0.0,50.0
2026-07-20 21:23:27.149,,,,,,,,,-40.0,0.0,0.0,0.0,0.0,0.0,50.0
2026-07-20 21:23:27.388,,,,,,,,,-40.0,0.0,0.0,0.0,0.0,0.0,51.0
2026-07-20 21:23:27.549,,,,,,,,,-40.0,0.0,0.0,0.0,0.0,0.0,51.0
2026-07-20 21:23:27.748,,,,,,,,,-40.0,0.0,0.0,0.0,0.0,0.0,51.0
2026-07-20 21:23:27.948,,,,,,,,,-40.0,0.0,0.0,0.0,0.0,0.0,51.0
2026-07-20 21:23:28.148,,,,,,,,,-40.0,0.0,0.0,0.0,0.0,0.0,51.0
2026-07-20 21:23:28.388,,,,,,,,,-40.0,0.0,0.0,0.0,0.0,0.0,52.0
2026-07-20 21:23:28.577,,,,,,,,,-40.0,0.0,0.0,0.0,0.0,0.0,52.0
2026-07-20 21:23:28.748,,,,,,,,,-40.0,0.0,0.0,0.0,0.0,0.0,52.0
2026-07-20 21:23:28.948,,,,,,,,,-40.0,0.0,0.0,0.0,0.0,0.0,52.0
2026-07-20 21:23:29.176,,,,,,,,,-40.0,0.0,0.0,0.0,0.0,0.0,52.0
2026-07-20 21:23:29.388,,,,,,,,,-40.0,0.0,0.0,0.0,0.0,0.0,53.0
2026-07-20 21:23:29.548,,,,,,,,,-40.0,0.0,0.0,0.0,0.0,0.0,53.0
2026-07-20 21:23:29.748,,,,,,,,,-40.0,0.0,0.0,0.0,0.0,0.0,53.0
2026-07-20 21:23:29.949,,,,,,,,,-40.0,0.0,0.0,0.0,0.0,0.0,53.0
2026-07-20 21:23:30.148,,,,,,,,,-40.0,0.0,0.0,0.0,0.0,0.0,53.0
2026-07-20 21:23:30.388,,,,,,,,,-40.0,0.0,0.0,0.0,0.0,0.0,54.0
2026-07-20 21:23:30.566,,,,,,,,,-40.0,0.0,0.0,0.0,0.0,0.0,54.0
2026-07-20 21:23:30.748,,,,,,,,,-40.0,0.0,0.0,0.0,0.0,0.0,54.0
2026-07-20 21:23:30.947,,,,,,,,,-40.0,0.0,0.0,0.0,0.0,0.0,54.0
2026-07-20 21:23:31.148,,,,,,,,,-40.0,0.0,0.0,0.0,0.0,0.0,54.0
2026-07-20 21:23:31.388,,,,,,,,,-40.0,0.0,0.0,0.0,0.0,0.0,55.0
2026-07-20 21:23:31.570,,,,,,,,,-40.0,0.0,0.0,0.0,0.0,0.0,55.0
2026-07-20 21:23:31.748,,,,,,,,,-40.0,0.0,0.0,0.0,0.0,0.0,55.0
2026-07-20 21:23:31.948,,,,,,,,,-40.0,0.0,0.0,0.0,0.0,0.0,55.0
2026-07-20 21:23:32.148,,,,,,,,,-40.0,0.0,0.0,0.0,0.0,0.0,55.0
2026-07-20 21:23:32.388,,,,,,,,,-40.0,0.0,0.0,0.0,0.0,0.0,56.0
2026-07-20 21:23:32.571,,,,,,,,,-40.0,0.0,0.0,0.0,0.0,0.0,56.0
2026-07-20 21:23:32.747,,,,,,,,,-40.0,0.0,0.0,0.0,0.0,0.0,56.0
2026-07-20 21:23:32.948,,,,,,,,,-40.0,0.0,0.0,0.0,0.0,0.0,56.0
2026-07-20 21:23:33.158,,,,,,,,,-40.0,0.0,0.0,0.0,0.0,0.0,56.0
2026-07-20 21:23:33.388,,,,,,,,,-40.0,0.0,0.0,0.0,0.0,0.0,57.0
2026-07-20 21:23:33.547,,,,,,,,,-40.0,0.0,0.0,0.0,0.0,0.0,57.0
2026-07-20 21:23:33.748,,,,,,,,,-40.0,0.0,0.0,0.0,0.0,0.0,57.0
2026-07-20 21:23:33.948,,,,,,,,,-40.0,0.0,0.0,0.0,0.0,0.0,57.0
2026-07-20 21:23:34.147,,,,,,,,,-40.0,0.0,0.0,0.0,0.0,0.0,57.0
2026-07-20 21:23:34.387,,,,,,,,,-40.0,0.0,0.0,0.0,0.0,0.0,58.0
2026-07-20 21:23:34.548,,,,,,,,,-40.0,0.0,0.0,0.0,0.0,0.0,58.0
2026-07-20 21:23:34.749,,,,,,,,,-40.0,0.0,0.0,0.0,0.0,0.0,58.0
2026-07-20 21:23:34.947,,,,,,,,,-40.0,0.0,0.0,0.0,0.0,0.0,58.0
2026-07-20 21:23:35.148,,,,,,,,,-40.0,0.0,0.0,0.0,0.0,0.0,58.0
2026-07-20 21:23:35.387,,,,,,,,,-40.0,0.0,0.0,0.0,0.0,0.0,59.0
2026-07-20 21:23:35.548,,,,,,,,,-40.0,0.0,0.0,0.0,0.0,0.0,59.0
2026-07-20 21:23:35.748,,,,,,,,,-40.0,0.0,0.0,0.0,0.0,0.0,59.0
2026-07-20 21:23:35.947,,,,,,,,,-40.0,0.0,0.0,0.0,0.0,0.0,59.0
2026-07-20 21:23:36.147,,,,,,,,,-40.0,0.0,0.0,0.0,0.0,0.0,59.0
2026-07-20 21:23:36.387,,,,,,,,,-40.0,0.0,0.0,0.0,0.0,0.0,60.0
2026-07-20 21:23:36.548,,,,,,,,,-40.0,0.0,0.0,0.0,0.0,0.0,60.0
2026-07-20 21:23:36.748,,,,,,,,,-40.0,0.0,0.0,0.0,0.0,0.0,60.0
2026-07-20 21:23:36.948,,,,,,,,,-40.0,0.0,0.0,0.0,0.0,0.0,60.0
2026-07-20 21:23:37.148,,,,,,,,,-40.0,0.0,0.0,0.0,0.0,0.0,60.0
2026-07-20 21:23:37.389,,,,,,,,,-40.0,0.0,0.0,0.0,0.0,0.0,61.0
2026-07-20 21:23:37.548,,,,,,,,,-40.0,0.0,0.0,0.0,0.0,0.0,61.0
2026-07-20 21:23:37.750,,,,,,,,,-40.0,0.0,0.0,0.0,0.0,0.0,61.0
2026-07-20 21:23:37.948,,,,,,,,,-40.0,0.0,0.0,0.0,0.0,0.0,61.0
2026-07-20 21:23:38.148,,,,,,,,,-40.0,0.0,0.0,0.0,0.0,0.0,61.0
2026-07-20 21:23:38.387,,,,,,,,,-40.0,0.0,0.0,0.0,0.0,0.0,62.0
2026-07-20 21:23:38.548,,,,,,,,,-40.0,0.0,0.0,0.0,0.0,0.0,62.0
2026-07-20 21:23:38.749,,,,,,,,,-40.0,0.0,0.0,0.0,0.0,0.0,62.0
2026-07-20 21:23:38.948,,,,,,,,,-40.0,0.0,0.0,0.0,0.0,0.0,62.0
2026-07-20 21:23:39.148,,,,,,,,,-40.0,0.0,0.0,0.0,0.0,0.0,62.0
2026-07-20 21:23:39.387,,,,,,,,,-40.0,0.0,0.0,0.0,0.0,0.0,63.0
2026-07-20 21:23:39.549,,,,,,,,,-40.0,0.0,0.0,0.0,0.0,0.0,63.0
2026-07-20 21:23:39.748,,,,,,,,,-40.0,0.0,0.0,0.0,0.0,0.0,63.0
2026-07-20 21:23:39.948,,,,,,,,,-40.0,0.0,0.0,0.0,0.0,0.0,63.0
2026-07-20 21:23:40.148,,,,,,,,,-40.0,0.0,0.0,0.0,0.0,0.0,63.0
2026-07-20 21:23:40.388,,,,,,,,,-40.0,0.0,0.0,0.0,0.0,0.0,64.0
2026-07-20 21:23:40.547,,,,,,,,,-40.0,0.0,0.0,0.0,0.0,0.0,64.0
2026-07-20 21:23:40.749,,,,,,,,,-40.0,0.0,0.0,0.0,0.0,0.0,64.0
2026-07-20 21:23:40.947,,,,,,,,,-40.0,0.0,0.0,0.0,0.0,0.0,64.0
2026-07-20 21:23:41.147,,,,,,,,,-40.0,0.0,0.0,0.0,0.0,0.0,64.0
2026-07-20 21:23:41.387,,,,,,,,,-40.0,0.0,0.0,0.0,0.0,0.0,65.0
2026-07-20 21:23:41.547,,,,,,,,,-40.0,0.0,0.0,0.0,0.0,0.0,65.0
2026-07-20 21:23:41.747,,,,,,,,,-40.0,0.0,0.0,0.0,0.0,0.0,65.0
2026-07-20 21:23:41.948,,,,,,,,,-40.0,0.0,0.0,0.0,0.0,0.0,65.0
2026-07-20 21:23:42.147,,,,,,,,,-40.0,0.0,0.0,0.0,0.0,0.0,65.0
2026-07-20 21:23:42.388,,,,,,,,,-40.0,0.0,0.0,0.0,0.0,0.0,66.0
2026-07-20 21:23:42.548,,,,,,,,,-40.0,0.0,0.0,0.0,0.0,0.0,66.0
2026-07-20 21:23:42.747,,,,,,,,,-40.0,0.0,0.0,0.0,0.0,0.0,66.0
2026-07-20 21:23:42.948,,,,,,,,,-40.0,0.0,0.0,0.0,0.0,0.0,66.0
2026-07-20 21:23:43.148,,,,,,,,,-40.0,0.0,0.0,0.0,0.0,0.0,66.0
2026-07-20 21:23:43.387,,,,,,,,,-40.0,0.0,0.0,0.0,0.0,0.0,67.0
2026-07-20 21:23:43.571,,,,,,,,,-40.0,0.0,0.0,0.0,0.0,0.0,67.0
2026-07-20 21:23:43.747,,,,,,,,,-40.0,0.0,0.0,0.0,0.0,0.0,67.0
2026-07-20 21:23:43.947,,,,,,,,,-40.0,0.0,0.0,0.0,0.0,0.0,67.0
2026-07-20 21:23:44.147,,,,,,,,,-40.0,0.0,0.0,0.0,0.0,0.0,67.0
2026-07-20 21:23:44.387,,,,,,,,,-40.0,0.0,0.0,0.0,0.0,0.0,68.0
2026-07-20 21:23:44.568,,,,,,,,,-40.0,0.0,0.0,0.0,0.0,0.0,68.0
2026-07-20 21:23:44.747,,,,,,,,,-40.0,0.0,0.0,0.0,0.0,0.0,68.0
2026-07-20 21:23:44.949,,,,,,,,,-40.0,0.0,0.0,0.0,0.0,0.0,68.0
2026-07-20 21:23:45.147,,,,,,,,,-40.0,0.0,0.0,0.0,0.0,0.0,68.0
2026-07-20 21:23:45.388,,,,,,,,,-40.0,0.0,0.0,0.0,0.0,0.0,69.0
2026-07-20 21:23:45.554,,,,,,,,,-40.0,0.0,0.0,0.0,0.0,0.0,69.0
2026-07-20 21:23:45.747,,,,,,,,,-40.0,0.0,0.0,0.0,0.0,0.0,69.0
2026-07-20 21:23:45.948,,,,,,,,,-40.0,0.0,0.0,0.0,0.0,0.0,69.0
2026-07-20 21:23:46.147,,,,,,,,,-40.0,0.0,0.0,0.0,0.0,0.0,69.0
2026-07-20 21:23:46.387,,,,,,,,,-40.0,0.0,0.0,0.0,0.0,0.0,70.0
2026-07-20 21:23:46.548,,,,,,,,,-40.0,0.0,0.0,0.0,0.0,0.0,70.0
2026-07-20 21:23:46.747,,,,,,,,,-40.0,0.0,0.0,0.0,0.0,0.0,70.0
2026-07-20 21:23:46.948,,,,,,,,,-40.0,0.0,0.0,0.0,0.0,0.0,70.0
2026-07-20 21:23:47.147,,,,,,,,,-40.0,0.0,0.0,0.0,0.0,0.0,70.0
2026-07-20 21:23:47.387,,,,,,,,,-40.0,0.0,0.0,0.0,0.0,0.0,71.0
2026-07-20 21:23:47.560,,,,,,,,,-40.0,0.0,0.0,0.0,0.0,0.0,71.0
2026-07-20 21:23:47.748,,,,,,,,,-40.0,0.0,0.0,0.0,0.0,0.0,71.0
2026-07-20 21:23:47.948,,,,,,,,,-40.0,0.0,0.0,0.0,0.0,0.0,71.0
2026-07-20 21:23:48.147,,,,,,,,,-40.0,0.0,0.0,0.0,0.0,0.0,71.0
2026-07-20 21:23:48.387,,,,,,,,,-40.0,0.0,0.0,0.0,0.0,0.0,72.0
2026-07-20 21:23:48.572,,,,,,,,,-40.0,0.0,0.0,0.0,0.0,0.0,72.0
2026-07-20 21:23:48.748,,,,,,,,,-40.0,0.0,0.0,0.0,0.0,0.0,72.0
2026-07-20 21:23:48.947,,,,,,,,,-40.0,0.0,0.0,0.0,0.0,0.0,72.0
2026-07-20 21:23:49.148,,,,,,,,,-40.0,0.0,0.0,0.0,0.0,0.0,72.0
2026-07-20 21:23:49.388,,,,,,,,,-40.0,0.0,0.0,0.0,0.0,0.0,73.0
2026-07-20 21:23:49.562,,,,,,,,,-40.0,0.0,0.0,0.0,0.0,0.0,73.0
2026-07-20 21:23:49.747,,,,,,,,,-40.0,0.0,0.0,0.0,0.0,0.0,73.0
2026-07-20 21:23:49.948,,,,,,,,,-40.0,0.0,0.0,0.0,0.0,0.0,73.0
2026-07-20 21:23:50.167,,,,,,,,,-40.0,0.0,0.0,0.0,0.0,0.0,73.0
2026-07-20 21:23:50.387,,,,,,,,,-40.0,0.0,0.0,0.0,0.0,0.0,74.0
2026-07-20 21:23:50.548,,,,,,,,,-40.0,0.0,0.0,0.0,0.0,0.0,74.0
2026-07-20 21:23:50.747,,,,,,,,,-40.0,0.0,0.0,0.0,0.0,0.0,74.0
2026-07-20 21:23:50.947,,,,,,,,,-40.0,0.0,0.0,0.0,0.0,0.0,74.0
2026-07-20 21:23:51.148,,,,,,,,,-40.0,0.0,0.0,0.0,0.0,0.0,74.0
2026-07-20 21:23:51.388,,,,,,,,,-40.0,0.0,0.0,0.0,0.0,0.0,75.0
2026-07-20 21:23:51.547,,,,,,,,,-40.0,0.0,0.0,0.0,0.0,0.0,75.0
2026-07-20 21:23:51.747,,,,,,,,,-40.0,0.0,0.0,0.0,0.0,0.0,75.0
2026-07-20 21:23:51.948,,,,,,,,,-40.0,0.0,0.0,0.0,0.0,0.0,75.0
2026-07-20 21:23:52.148,,,,,,,,,-40.0,0.0,0.0,0.0,0.0,0.0,75.0
2026-07-20 21:23:52.387,,,,,,,,,-40.0,0.0,0.0,0.0,0.0,0.0,76.0
2026-07-20 21:23:52.548,,,,,,,,,-40.0,0.0,0.0,0.0,0.0,0.0,76.0
2026-07-20 21:23:52.748,,,,,,,,,-40.0,0.0,0.0,0.0,0.0,0.0,76.0
2026-07-20 21:23:52.948,,,,,,,,,-40.0,0.0,0.0,0.0,0.0,0.0,76.0
2026-07-20 21:23:53.147,,,,,,,,,-40.0,0.0,0.0,0.0,0.0,0.0,76.0
2026-07-20 21:23:53.387,,,,,,,,,-40.0,0.0,0.0,0.0,0.0,0.0,77.0
2026-07-20 21:23:53.547,,,,,,,,,-40.0,0.0,0.0,0.0,0.0,0.0,77.0
2026-07-20 21:23:53.747,,,,,,,,,-40.0,0.0,0.0,0.0,0.0,0.0,77.0
2026-07-20 21:23:53.948,,,,,,,,,-40.0,0.0,0.0,0.0,0.0,0.0,77.0
2026-07-20 21:23:54.147,,,,,,,,,-40.0,0.0,0.0,0.0,0.0,0.0,77.0
2026-07-20 21:23:54.387,,,,,,,,,-40.0,0.0,0.0,0.0,0.0,0.0,78.0
2026-07-20 21:23:54.547,,,,,,,,,-40.0,0.0,0.0,0.0,0.0,0.0,78.0
2026-07-20 21:23:54.747,,,,,,,,,-40.0,0.0,0.0,0.0,0.0,0.0,78.0
2026-07-20 21:23:54.948,,,,,,,,,-40.0,0.0,0.0,0.0,0.0,0.0,78.0
2026-07-20 21:23:55.147,,,,,,,,,-40.0,0.0,0.0,0.0,0.0,0.0,78.0
2026-07-20 21:23:55.387,,,,,,,,,-40.0,0.0,0.0,0.0,0.0,0.0,79.0
2026-07-20 21:23:55.570,,,,,,,,,-40.0,0.0,0.0,0.0,0.0,0.0,79.0
2026-07-20 21:23:55.747,,,,,,,,,-40.0,0.0,0.0,0.0,0.0,0.0,79.0
2026-07-20 21:23:55.947,,,,,,,,,-40.0,0.0,0.0,0.0,0.0,0.0,79.0
2026-07-20 21:23:56.147,,,,,,,,,-40.0,0.0,0.0,0.0,0.0,0.0,79.0
2026-07-20 21:23:56.387,,,,,,,,,-40.0,0.0,0.0,0.0,0.0,0.0,80.0
2026-07-20 21:23:56.575,,,,,,,,,-40.0,0.0,0.0,0.0,0.0,0.0,80.0
2026-07-20 21:23:56.748,,,,,,,,,-40.0,0.0,0.0,0.0,0.0,0.0,80.0
2026-07-20 21:23:56.948,,,,,,,,,-40.0,0.0,0.0,0.0,0.0,0.0,80.0
2026-07-20 21:23:57.147,,,,,,,,,-40.0,0.0,0.0,0.0,0.0,0.0,80.0
2026-07-20 21:23:57.387,,,,,,,,,-40.0,0.0,0.0,0.0,0.0,0.0,81.0
2026-07-20 21:23:57.548,,,,,,,,,-40.0,0.0,0.0,0.0,0.0,0.0,81.0
2026-07-20 21:23:57.747,,,,,,,,,-40.0,0.0,0.0,0.0,0.0,0.0,81.0
2026-07-20 21:23:57.948,,,,,,,,,-40.0,0.0,0.0,0.0,0.0,0.0,81.0
2026-07-20 21:23:58.147,,,,,,,,,-40.0,0.0,0.0,0.0,0.0,0.0,81.0
2026-07-20 21:23:58.387,,,,,,,,,-40.0,0.0,0.0,0.0,0.0,0.0,82.0
2026-07-20 21:23:58.548,,,,,,,,,-40.0,0.0,0.0,0.0,0.0,0.0,82.0
2026-07-20 21:23:58.747,,,,,,,,,-40.0,0.0,0.0,0.0,0.0,0.0,82.0
2026-07-20 21:23:58.949,,,,,,,,,-40.0,0.0,0.0,0.0,0.0,0.0,82.0
2026-07-20 21:23:59.148,,,,,,,,,-40.0,0.0,0.0,0.0,0.0,0.0,82.0
2026-07-20 21:23:59.387,,,,,,,,,-40.0,0.0,0.0,0.0,0.0,0.0,83.0
2026-07-20 21:23:59.548,,,,,,,,,-40.0,0.0,0.0,0.0,0.0,0.0,83.0
2026-07-20 21:23:59.747,,,,,,,,,-40.0,0.0,0.0,0.0,0.0,0.0,83.0
2026-07-20 21:23:59.947,,,,,,,,,-40.0,0.0,0.0,0.0,0.0,0.0,83.0
2026-07-20 21:24:00.147,,,,,,,,,-40.0,0.0,0.0,0.0,0.0,0.0,83.0
2026-07-20 21:24:00.387,,,,,,,,,-40.0,0.0,0.0,0.0,0.0,0.0,84.0
2026-07-20 21:24:00.571,,,,,,,,,-40.0,0.0,0.0,0.0,0.0,0.0,84.0
2026-07-20 21:24:00.747,,,,,,,,,-40.0,0.0,0.0,0.0,0.0,0.0,84.0
2026-07-20 21:24:00.947,,,,,,,,,-40.0,0.0,0.0,0.0,0.0,0.0,84.0
2026-07-20 21:24:01.175,,,,,,,,,-40.0,0.0,0.0,0.0,0.0,0.0,84.0
2026-07-20 21:24:01.387,,,,,,,,,-40.0,0.0,0.0,0.0,0.0,0.0,85.0
2026-07-20 21:24:01.547,,,,,,,,,-40.0,0.0,0.0,0.0,0.0,0.0,85.0
2026-07-20 21:24:01.747,,,,,,,,,-40.0,0.0,0.0,0.0,0.0,0.0,85.0
2026-07-20 21:24:01.947,,,,,,,,,-40.0,0.0,0.0,0.0,0.0,0.0,85.0
2026-07-20 21:24:02.147,,,,,,,,,-40.0,0.0,0.0,0.0,0.0,0.0,85.0
2026-07-20 21:24:02.387,,,,,,,,,-40.0,0.0,0.0,0.0,0.0,0.0,86.0
2026-07-20 21:24:02.547,,,,,,,,,-40.0,0.0,0.0,0.0,0.0,0.0,86.0
2026-07-20 21:24:02.748,,,,,,,,,-40.0,0.0,0.0,0.0,0.0,0.0,86.0
2026-07-20 21:24:02.948,,,,,,,,,-40.0,0.0,0.0,0.0,0.0,0.0,86.0
2026-07-20 21:24:03.147,,,,,,,,,-40.0,0.0,0.0,0.0,0.0,0.0,86.0
2026-07-20 21:24:03.387,,,,,,,,,-40.0,0.0,0.0,0.0,0.0,0.0,87.0
2026-07-20 21:24:03.547,,,,,,,,,-40.0,0.0,0.0,0.0,0.0,0.0,87.0
2026-07-20 21:24:03.747,,,,,,,,,-40.0,0.0,0.0,0.0,0.0,0.0,87.0
2026-07-20 21:24:03.947,,,,,,,,,-40.0,0.0,0.0,0.0,0.0,0.0,87.0
2026-07-20 21:24:04.146,,,,,,,,,-40.0,0.0,0.0,0.0,0.0,0.0,87.0
2026-07-20 21:24:04.387,,,,,,,,,-40.0,0.0,0.0,0.0,0.0,0.0,88.0
2026-07-20 21:24:04.547,,,,,,,,,-40.0,0.0,0.0,0.0,0.0,0.0,88.0
2026-07-20 21:24:04.748,,,,,,,,,-40.0,0.0,0.0,0.0,0.0,0.0,88.0
2026-07-20 21:24:04.946,,,,,,,,,-40.0,0.0,0.0,0.0,0.0,0.0,88.0
2026-07-20 21:24:05.147,,,,,,,,,-40.0,0.0,0.0,0.0,0.0,0.0,88.0
2026-07-20 21:24:05.387,,,,,,,,,-40.0,0.0,0.0,0.0,0.0,0.0,89.0
2026-07-20 21:24:05.547,,,,,,,,,-40.0,0.0,0.0,0.0,0.0,0.0,89.0
2026-07-20 21:24:05.748,,,,,,,,,-40.0,0.0,0.0,0.0,0.0,0.0,89.0
2026-07-20 21:24:05.947,,,,,,,,,-40.0,0.0,0.0,0.0,0.0,0.0,89.0
2026-07-20 21:24:06.146,,,,,,,,,-40.0,0.0,0.0,0.0,0.0,0.0,89.0
2026-07-20 21:24:06.387,,,,,,,,,-40.0,0.0,0.0,0.0,0.0,0.0,90.0
2026-07-20 21:24:06.547,,,,,,,,,-40.0,0.0,0.0,0.0,0.0,0.0,90.0
2026-07-20 21:24:06.748,,,,,,,,,-40.0,0.0,0.0,0.0,0.0,0.0,90.0
2026-07-20 21:24:06.946,,,,,,,,,-40.0,0.0,0.0,0.0,0.0,0.0,90.0
2026-07-20 21:24:07.146,,,,,,,,,-40.0,0.0,0.0,0.0,0.0,0.0,90.0
2026-07-20 21:24:07.387,,,,,,,,,-40.0,0.0,0.0,0.0,0.0,0.0,91.0
2026-07-20 21:24:07.547,,,,,,,,,-40.0,0.0,0.0,0.0,0.0,0.0,91.0
2026-07-20 21:24:07.748,,,,,,,,,-40.0,0.0,0.0,0.0,0.0,0.0,91.0
2026-07-20 21:24:07.946,,,,,,,,,-40.0,0.0,0.0,0.0,0.0,0.0,91.0
2026-07-20 21:24:08.146,,,,,,,,,-40.0,0.0,0.0,0.0,0.0,0.0,91.0
2026-07-20 21:24:08.387,,,,,,,,,-40.0,0.0,0.0,0.0,0.0,0.0,92.0
2026-07-20 21:24:08.547,,,,,,,,,-40.0,0.0,0.0,0.0,0.0,0.0,92.0
2026-07-20 21:24:08.748,,,,,,,,,-40.0,0.0,0.0,0.0,0.0,0.0,92.0
2026-07-20 21:24:08.947,,,,,,,,,-40.0,0.0,0.0,0.0,0.0,0.0,92.0
2026-07-20 21:24:09.147,,,,,,,,,-40.0,0.0,0.0,0.0,0.0,0.0,92.0
2026-07-20 21:24:09.387,,,,,,,,,-40.0,0.0,0.0,0.0,0.0,0.0,93.0
2026-07-20 21:24:09.546,,,,,,,,,-40.0,0.0,0.0,0.0,0.0,0.0,93.0
2026-07-20 21:24:09.746,,,,,,,,,-40.0,0.0,0.0,0.0,0.0,0.0,93.0
2026-07-20 21:24:09.946,,,,,,,,,-40.0,0.0,0.0,0.0,0.0,0.0,93.0
2026-07-20 21:24:10.146,,,,,,,,,-40.0,0.0,0.0,0.0,0.0,0.0,93.0
2026-07-20 21:24:10.387,,,,,,,,,-40.0,0.0,0.0,0.0,0.0,0.0,94.0
2026-07-20 21:24:10.546,,,,,,,,,-40.0,0.0,0.0,0.0,0.0,0.0,94.0
2026-07-20 21:24:10.746,,,,,,,,,-40.0,0.0,0.0,0.0,0.0,0.0,94.0
2026-07-20 21:24:10.947,,,,,,,,,-40.0,0.0,0.0,0.0,0.0,0.0,94.0
2026-07-20 21:24:11.147,,,,,,,,,-40.0,0.0,0.0,0.0,0.0,0.0,94.0
2026-07-20 21:24:11.387,,,,,,,,,-40.0,0.0,0.0,0.0,0.0,0.0,95.0
2026-07-20 21:24:11.546,,,,,,,,,-40.0,0.0,0.0,0.0,0.0,0.0,95.0
2026-07-20 21:24:11.747,,,,,,,,,-40.0,0.0,0.0,0.0,0.0,0.0,95.0
2026-07-20 21:24:11.946,,,,,,,,,-40.0,0.0,0.0,0.0,0.0,0.0,95.0
2026-07-20 21:24:12.146,,,,,,,,,-40.0,0.0,0.0,0.0,0.0,0.0,95.0
2026-07-20 21:24:12.387,,,,,,,,,-40.0,0.0,0.0,0.0,0.0,0.0,96.0
2026-07-20 21:24:12.547,,,,,,,,,-40.0,0.0,0.0,0.0,0.0,0.0,96.0
2026-07-20 21:24:12.746,,,,,,,,,-40.0,0.0,0.0,0.0,0.0,0.0,96.0
2026-07-20 21:24:12.947,,,,,,,,,-40.0,0.0,0.0,0.0,0.0,0.0,96.0
2026-07-20 21:24:13.146,,,,,,,,,-40.0,0.0,0.0,0.0,0.0,0.0,96.0
2026-07-20 21:24:13.387,,,,,,,,,-40.0,0.0,0.0,0.0,0.0,0.0,97.0
2026-07-20 21:24:13.546,,,,,,,,,-40.0,0.0,0.0,0.0,0.0,0.0,97.0
2026-07-20 21:24:13.751,,,,,,,,,-40.0,0.0,0.0,0.0,0.0,0.0,97.0
2026-07-20 21:24:13.946,,,,,,,,,-40.0,0.0,0.0,0.0,0.0,0.0,97.0
2026-07-20 21:24:14.146,,,,,,,,,-40.0,0.0,0.0,0.0,0.0,0.0,97.0
2026-07-20 21:24:14.387,,,,,,,,,-40.0,0.0,0.0,0.0,0.0,0.0,98.0
2026-07-20 21:24:14.547,,,,,,,,,-40.0,0.0,0.0,0.0,0.0,0.0,98.0
2026-07-20 21:24:14.746,,,,,,,,,-40.0,0.0,0.0,0.0,0.0,0.0,98.0
2026-07-20 21:24:14.946,,,,,,,,,-40.0,0.0,0.0,0.0,0.0,0.0,98.0
2026-07-20 21:24:15.146,,,,,,,,,-40.0,0.0,0.0,0.0,0.0,0.0,98.0
2026-07-20 21:24:15.386,,,,,,,,,-40.0,0.0,0.0,0.0,0.0,0.0,99.0
2026-07-20 21:24:15.547,,,,,,,,,-40.0,0.0,0.0,0.0,0.0,0.0,99.0
2026-07-20 21:24:15.747,,,,,,,,,-40.0,0.0,0.0,0.0,0.0,0.0,99.0
2026-07-20 21:24:15.946,,,,,,,,,-40.0,0.0,0.0,0.0,0.0,0.0,99.0
2026-07-20 21:24:16.147,,,,,,,,,-40.0,0.0,0.0,0.0,0.0,0.0,99.0
2026-07-20 21:24:16.387,,,,,,,,,-40.0,0.0,0.0,0.0,0.0,0.0,100.0
2026-07-20 21:24:16.547,,,,,,,,,-40.0,0.0,0.0,0.0,0.0,0.0,100.0
2026-07-20 21:24:16.746,,,,,,,,,-40.0,0.0,0.0,0.0,0.0,0.0,100.0
2026-07-20 21:24:16.947,,,,,,,,,-40.0,0.0,0.0,0.0,0.0,0.0,100.0
2026-07-20 21:24:17.147,,,,,,,,,-40.0,0.0,0.0,0.0,0.0,0.0,100.0
2026-07-20 21:24:17.387,,,,,,,,,-40.0,0.0,0.0,0.0,0.0,0.0,101.0
2026-07-20 21:24:17.548,,,,,,,,,-40.0,0.0,0.0,0.0,0.0,0.0,101.0
2026-07-20 21:24:17.746,,,,,,,,,-40.0,0.0,0.0,0.0,0.0,0.0,101.0
2026-07-20 21:24:17.947,,,,,,,,,-40.0,0.0,0.0,0.0,0.0,0.0,101.0
2026-07-20 21:24:18.147,,,,,,,,,-40.0,0.0,0.0,0.0,0.0,0.0,101.0
2026-07-20 21:24:18.393,,,,,,,,,-40.0,0.0,0.0,0.0,0.0,0.0,102.0
2026-07-20 21:24:18.547,,,,,,,,,-40.0,0.0,0.0,0.0,0.0,0.0,102.0
2026-07-20 21:24:18.746,,,,,,,,,-40.0,0.0,0.0,0.0,0.0,0.0,102.0
2026-07-20 21:24:18.947,,,,,,,,,-40.0,0.0,0.0,0.0,0.0,0.0,102.0
2026-07-20 21:24:19.148,,,,,,,,,-40.0,0.0,0.0,0.0,0.0,0.0,102.0
2026-07-20 21:24:19.387,,,,,,,,,-40.0,0.0,0.0,0.0,0.0,0.0,103.0
2026-07-20 21:24:19.547,,,,,,,,,-40.0,0.0,0.0,0.0,0.0,0.0,103.0
2026-07-20 21:24:19.746,,,,,,,,,-40.0,0.0,0.0,0.0,0.0,0.0,103.0
2026-07-20 21:24:19.952,,,,,,,,,-40.0,0.0,0.0,0.0,0.0,0.0,103.0
2026-07-20 21:24:20.147,,,,,,,,,-40.0,0.0,0.0,0.0,0.0,0.0,103.0
2026-07-20 21:24:20.387,,,,,,,,,-40.0,0.0,0.0,0.0,0.0,0.0,104.0
2026-07-20 21:24:20.548,,,,,,,,,-40.0,0.0,0.0,0.0,0.0,0.0,104.0
2026-07-20 21:24:20.748,,,,,,,,,-40.0,0.0,0.0,0.0,0.0,0.0,104.0
2026-07-20 21:24:20.947,,,,,,,,,-40.0,0.0,0.0,0.0,0.0,0.0,104.0
2026-07-20 21:24:21.147,,,,,,,,,-40.0,0.0,0.0,0.0,0.0,0.0,104.0
2026-07-20 21:24:21.387,,,,,,,,,-40.0,0.0,0.0,0.0,0.0,0.0,105.0
2026-07-20 21:24:21.571,,,,,,,,,-40.0,0.0,0.0,0.0,0.0,0.0,105.0
2026-07-20 21:24:21.746,,,,,,,,,-40.0,0.0,0.0,0.0,0.0,0.0,105.0
2026-07-20 21:24:21.947,,,,,,,,,-40.0,0.0,0.0,0.0,0.0,0.0,105.0
2026-07-20 21:24:22.147,,,,,,,,,-40.0,0.0,0.0,0.0,0.0,0.0,105.0
2026-07-20 21:24:22.387,,,,,,,,,-40.0,0.0,0.0,0.0,0.0,0.0,106.0
2026-07-20 21:24:22.546,,,,,,,,,-40.0,0.0,0.0,0.0,0.0,0.0,106.0
2026-07-20 21:24:22.746,,,,,,,,,-40.0,0.0,0.0,0.0,0.0,0.0,106.0
2026-07-20 21:24:22.947,,,,,,,,,-40.0,0.0,0.0,0.0,0.0,0.0,106.0
2026-07-20 21:24:23.147,,,,,,,,,-40.0,0.0,0.0,0.0,0.0,0.0,106.0
2026-07-20 21:24:23.388,,,,,,,,,-40.0,0.0,0.0,0.0,0.0,0.0,107.0
2026-07-20 21:24:23.546,,,,,,,,,-40.0,0.0,0.0,0.0,0.0,0.0,107.0
2026-07-20 21:24:23.747,,,,,,,,,-40.0,0.0,0.0,0.0,0.0,0.0,107.0
2026-07-20 21:24:23.968,,,,,,,,,-40.0,0.0,0.0,0.0,0.0,0.0,107.0
2026-07-20 21:24:24.147,,,,,,,,,-40.0,0.0,0.0,0.0,0.0,0.0,107.0
2026-07-20 21:24:24.386,,,,,,,,,-40.0,0.0,0.0,0.0,0.0,0.0,108.0
2026-07-20 21:24:24.547,,,,,,,,,-40.0,0.0,0.0,0.0,0.0,0.0,108.0
2026-07-20 21:24:24.748,,,,,,,,,-40.0,0.0,0.0,0.0,0.0,0.0,108.0
2026-07-20 21:24:24.947,,,,,,,,,-40.0,0.0,0.0,0.0,0.0,0.0,108.0
2026-07-20 21:24:25.146,,,,,,,,,-40.0,0.0,0.0,0.0,0.0,0.0,108.0
2026-07-20 21:24:25.386,,,,,,,,,-40.0,0.0,0.0,0.0,0.0,0.0,109.0
2026-07-20 21:24:25.564,,,,,,,,,-40.0,0.0,0.0,0.0,0.0,0.0,109.0
2026-07-20 21:24:25.747,,,,,,,,,-40.0,0.0,0.0,0.0,0.0,0.0,109.0
2026-07-20 21:24:25.946,,,,,,,,,-40.0,0.0,0.0,0.0,0.0,0.0,109.0
2026-07-20 21:24:26.153,,,,,,,,,-40.0,0.0,0.0,0.0,0.0,0.0,109.0
2026-07-20 21:24:26.386,,,,,,,,,-40.0,0.0,0.0,0.0,0.0,0.0,110.0
2026-07-20 21:24:26.552,,,,,,,,,-40.0,0.0,0.0,0.0,0.0,0.0,110.0
2026-07-20 21:24:26.746,,,,,,,,,-40.0,0.0,0.0,0.0,0.0,0.0,110.0
2026-07-20 21:24:26.948,,,,,,,,,-40.0,0.0,0.0,0.0,0.0,0.0,110.0
2026-07-20 21:24:27.146,,,,,,,,,-40.0,0.0,0.0,0.0,0.0,0.0,110.0
2026-07-20 21:24:27.386,,,,,,,,,-40.0,0.0,0.0,0.0,0.0,0.0,111.0
2026-07-20 21:24:27.547,,,,,,,,,-40.0,0.0,0.0,0.0,0.0,0.0,111.0
2026-07-20 21:24:27.746,,,,,,,,,-40.0,0.0,0.0,0.0,0.0,0.0,111.0
2026-07-20 21:24:27.947,,,,,,,,,-40.0,0.0,0.0,0.0,0.0,0.0,111.0
2026-07-20 21:24:28.147,,,,,,,,,-40.0,0.0,0.0,0.0,0.0,0.0,111.0
2026-07-20 21:24:28.386,,,,,,,,,-40.0,0.0,0.0,0.0,0.0,0.0,112.0
2026-07-20 21:24:28.546,,,,,,,,,-40.0,0.0,0.0,0.0,0.0,0.0,112.0
2026-07-20 21:24:28.746,,,,,,,,,-40.0,0.0,0.0,0.0,0.0,0.0,112.0
2026-07-20 21:24:28.947,,,,,,,,,-40.0,0.0,0.0,0.0,0.0,0.0,112.0
2026-07-20 21:24:29.168,,,,,,,,,-40.0,0.0,0.0,0.0,0.0,0.0,112.0
2026-07-20 21:24:29.386,,,,,,,,,-40.0,0.0,0.0,0.0,0.0,0.0,113.0
2026-07-20 21:24:29.546,,,,,,,,,-40.0,0.0,0.0,0.0,0.0,0.0,113.0
2026-07-20 21:24:29.754,,,,,,,,,-40.0,0.0,0.0,0.0,0.0,0.0,113.0
2026-07-20 21:24:29.947,,,,,,,,,-40.0,0.0,0.0,0.0,0.0,0.0,113.0
2026-07-20 21:24:30.147,,,,,,,,,-40.0,0.0,0.0,0.0,0.0,0.0,113.0
2026-07-20 21:24:30.414,,,,,,,,,-40.0,0.0,0.0,0.0,0.0,0.0,114.0
2026-07-20 21:24:30.547,,,,,,,,,-40.0,0.0,0.0,0.0,0.0,0.0,114.0
2026-07-20 21:24:30.746,,,,,,,,,-40.0,0.0,0.0,0.0,0.0,0.0,114.0
2026-07-20 21:24:30.946,,,,,,,,,-40.0,0.0,0.0,0.0,0.0,0.0,114.0
2026-07-20 21:24:31.147,,,,,,,,,-40.0,0.0,0.0,0.0,0.0,0.0,114.0
2026-07-20 21:24:31.387,,,,,,,,,-40.0,0.0,0.0,0.0,0.0,0.0,115.0
2026-07-20 21:24:31.548,,,,,,,,,-40.0,0.0,0.0,0.0,0.0,0.0,115.0
2026-07-20 21:24:31.748,,,,,,,,,-40.0,0.0,0.0,0.0,0.0,0.0,115.0
2026-07-20 21:24:31.946,,,,,,,,,-40.0,0.0,0.0,0.0,0.0,0.0,115.0
2026-07-20 21:24:32.146,,,,,,,,,-40.0,0.0,0.0,0.0,0.0,0.0,115.0
2026-07-20 21:24:32.386,,,,,,,,,-40.0,0.0,0.0,0.0,0.0,0.0,116.0
2026-07-20 21:24:32.547,,,,,,,,,-40.0,0.0,0.0,0.0,0.0,0.0,116.0
2026-07-20 21:24:32.746,,,,,,,,,-40.0,0.0,0.0,0.0,0.0,0.0,116.0
2026-07-20 21:24:32.946,,,,,,,,,-40.0,0.0,0.0,0.0,0.0,0.0,116.0
2026-07-20 21:24:33.148,,,,,,,,,-40.0,0.0,0.0,0.0,0.0,0.0,116.0
2026-07-20 21:24:33.386,,,,,,,,,-40.0,0.0,0.0,0.0,0.0,0.0,117.0
2026-07-20 21:24:33.546,,,,,,,,,-40.0,0.0,0.0,0.0,0.0,0.0,117.0
2026-07-20 21:24:33.746,,,,,,,,,-40.0,0.0,0.0,0.0,0.0,0.0,117.0
2026-07-20 21:24:33.946,,,,,,,,,-40.0,0.0,0.0,0.0,0.0,0.0,117.0
2026-07-20 21:24:34.147,,,,,,,,,-40.0,0.0,0.0,0.0,0.0,0.0,117.0
2026-07-20 21:24:34.385,,,,,,,,,-40.0,0.0,0.0,0.0,0.0,0.0,118.0
2026-07-20 21:24:34.546,,,,,,,,,-40.0,0.0,0.0,0.0,0.0,0.0,118.0
2026-07-20 21:24:34.746,,,,,,,,,-40.0,0.0,0.0,0.0,0.0,0.0,118.0
2026-07-20 21:24:34.946,,,,,,,,,-40.0,0.0,0.0,0.0,0.0,0.0,118.0
2026-07-20 21:24:35.146,,,,,,,,,-40.0,0.0,0.0,0.0,0.0,0.0,118.0
2026-07-20 21:24:35.386,,,,,,,,,-40.0,0.0,0.0,0.0,0.0,0.0,119.0
2026-07-20 21:24:35.559,,,,,,,,,-40.0,0.0,0.0,0.0,0.0,0.0,119.0
2026-07-20 21:24:35.746,,,,,,,,,-40.0,0.0,0.0,0.0,0.0,0.0,119.0
2026-07-20 21:24:35.946,,,,,,,,,-40.0,0.0,0.0,0.0,0.0,0.0,119.0
2026-07-20 21:24:36.146,,,,,,,,,-40.0,0.0,0.0,0.0,0.0,0.0,119.0
2026-07-20 21:24:36.386,,,,,,,,,-40.0,0.0,0.0,0.0,0.0,0.0,120.0
2026-07-20 21:24:36.570,,,,,,,,,-40.0,0.0,0.0,0.0,0.0,0.0,120.0
2026-07-20 21:24:36.747,,,,,,,,,-40.0,0.0,0.0,0.0,0.0,0.0,120.0
2026-07-20 21:24:36.947,,,,,,,,,-40.0,0.0,0.0,0.0,0.0,0.0,120.0
2026-07-20 21:24:37.147,,,,,,,,,-40.0,0.0,0.0,0.0,0.0,0.0,120.0
2026-07-20 21:24:37.387,,,,,,,,,-40.0,0.0,0.0,0.0,0.0,0.0,121.0
2026-07-20 21:24:37.547,,,,,,,,,-40.0,0.0,0.0,0.0,0.0,0.0,121.0
2026-07-20 21:24:37.746,,,,,,,,,-40.0,0.0,0.0,0.0,0.0,0.0,121.0
2026-07-20 21:24:37.946,,,,,,,,,-40.0,0.0,0.0,0.0,0.0,0.0,121.0
2026-07-20 21:24:38.146,,,,,,,,,-40.0,0.0,0.0,0.0,0.0,0.0,121.0
2026-07-20 21:24:38.386,,,,,,,,,-40.0,0.0,0.0,0.0,0.0,0.0,122.0
2026-07-20 21:24:38.546,,,,,,,,,-40.0,0.0,0.0,0.0,0.0,0.0,122.0
2026-07-20 21:24:38.745,,,,,,,,,-40.0,0.0,0.0,0.0,0.0,0.0,122.0
2026-07-20 21:24:38.946,,,,,,,,,-40.0,0.0,0.0,0.0,0.0,0.0,122.0
2026-07-20 21:24:39.146,,,,,,,,,-40.0,0.0,0.0,0.0,0.0,0.0,122.0
2026-07-20 21:24:39.386,,,,,,,,,-40.0,0.0,0.0,0.0,0.0,0.0,123.0
2026-07-20 21:24:39.546,,,,,,,,,-40.0,0.0,0.0,0.0,0.0,0.0,123.0
2026-07-20 21:24:39.746,,,,,,,,,-40.0,0.0,0.0,0.0,0.0,0.0,123.0
2026-07-20 21:24:39.947,,,,,,,,,-40.0,0.0,0.0,0.0,0.0,0.0,123.0
2026-07-20 21:24:40.146,,,,,,,,,-40.0,0.0,0.0,0.0,0.0,0.0,123.0
2026-07-20 21:24:40.386,,,,,,,,,-40.0,0.0,0.0,0.0,0.0,0.0,124.0
2026-07-20 21:24:40.553,,,,,,,,,-40.0,0.0,0.0,0.0,0.0,0.0,124.0
2026-07-20 21:24:40.746,,,,,,,,,-40.0,0.0,0.0,0.0,0.0,0.0,124.0
2026-07-20 21:24:40.946,,,,,,,,,-40.0,0.0,0.0,0.0,0.0,0.0,124.0
2026-07-20 21:24:41.145,,,,,,,,,-40.0,0.0,0.0,0.0,0.0,0.0,124.0
2026-07-20 21:24:41.386,,,,,,,,,-40.0,0.0,0.0,0.0,0.0,0.0,125.0
2026-07-20 21:24:41.560,,,,,,,,,-40.0,0.0,0.0,0.0,0.0,0.0,125.0
2026-07-20 21:24:41.746,,,,,,,,,-40.0,0.0,0.0,0.0,0.0,0.0,125.0
2026-07-20 21:24:41.946,,,,,,,,,-40.0,0.0,0.0,0.0,0.0,0.0,125.0
2026-07-20 21:24:42.146,,,,,,,,,-40.0,0.0,0.0,0.0,0.0,0.0,125.0
2026-07-20 21:24:42.386,,,,,,,,,-40.0,0.0,0.0,0.0,0.0,0.0,126.0
2026-07-20 21:24:42.557,,,,,,,,,-40.0,0.0,0.0,0.0,0.0,0.0,126.0
2026-07-20 21:24:42.745,,,,,,,,,-40.0,0.0,0.0,0.0,0.0,0.0,126.0
2026-07-20 21:24:42.946,,,,,,,,,-40.0,0.0,0.0,0.0,0.0,0.0,126.0
2026-07-20 21:24:43.146,,,,,,,,,-40.0,0.0,0.0,0.0,0.0,0.0,126.0
2026-07-20 21:24:43.386,,,,,,,,,-40.0,0.0,0.0,0.0,0.0,0.0,127.0
2026-07-20 21:24:43.546,,,,,,,,,-40.0,0.0,0.0,0.0,0.0,0.0,127.0
2026-07-20 21:24:43.746,,,,,,,,,-40.0,0.0,0.0,0.0,0.0,0.0,127.0
2026-07-20 21:24:43.946,,,,,,,,,-40.0,0.0,0.0,0.0,0.0,0.0,127.0
2026-07-20 21:24:44.146,,,,,,,,,-40.0,0.0,0.0,0.0,0.0,0.0,127.0
2026-07-20 21:24:44.386,,,,,,,,,-40.0,0.0,0.0,0.0,0.0,0.0,128.0
2026-07-20 21:24:44.546,,,,,,,,,-40.0,0.0,0.0,0.0,0.0,0.0,128.0
2026-07-20 21:24:44.772,,,,,,,,,-40.0,0.0,0.0,0.0,0.0,0.0,128.0
2026-07-20 21:24:44.946,,,,,,,,,-40.0,0.0,0.0,0.0,0.0,0.0,128.0
2026-07-20 21:24:45.146,,,,,,,,,-40.0,0.0,0.0,0.0,0.0,0.0,128.0
2026-07-20 21:24:45.385,,,,,,,,,-40.0,0.0,0.0,0.0,0.0,0.0,129.0
2026-07-20 21:24:45.545,,,,,,,,,-40.0,0.0,0.0,0.0,0.0,0.0,129.0
2026-07-20 21:24:45.746,,,,,,,,,-40.0,0.0,0.0,0.0,0.0,0.0,129.0
2026-07-20 21:24:45.946,,,,,,,,,-40.0,0.0,0.0,0.0,0.0,0.0,129.0
2026-07-20 21:24:46.145,,,,,,,,,-40.0,0.0,0.0,0.0,0.0,0.0,129.0
2026-07-20 21:24:46.386,,,,,,,,,-40.0,0.0,0.0,0.0,0.0,0.0,130.0
2026-07-20 21:24:46.545,,,,,,,,,-40.0,0.0,0.0,0.0,0.0,0.0,130.0
2026-07-20 21:24:46.745,,,,,,,,,-40.0,0.0,0.0,0.0,0.0,0.0,130.0
2026-07-20 21:24:46.946,,,,,,,,,-40.0,0.0,0.0,0.0,0.0,0.0,130.0
2026-07-20 21:24:47.146,,,,,,,,,-40.0,0.0,0.0,0.0,0.0,0.0,130.0
2026-07-20 21:24:47.386,,,,,,,,,-40.0,0.0,0.0,0.0,0.0,0.0,131.0
2026-07-20 21:24:47.552,,,,,,,,,-40.0,0.0,0.0,0.0,0.0,0.0,131.0
2026-07-20 21:24:47.745,,,,,,,,,-40.0,0.0,0.0,0.0,0.0,0.0,131.0
2026-07-20 21:24:47.945,,,,,,,,,-40.0,0.0,0.0,0.0,0.0,0.0,131.0
2026-07-20 21:24:48.145,,,,,,,,,-40.0,0.0,0.0,0.0,0.0,0.0,131.0
2026-07-20 21:24:48.385,,,,,,,,,-40.0,0.0,0.0,0.0,0.0,0.0,132.0
2026-07-20 21:24:48.564,,,,,,,,,-40.0,0.0,0.0,0.0,0.0,0.0,132.0
2026-07-20 21:24:48.745,,,,,,,,,-40.0,0.0,0.0,0.0,0.0,0.0,132.0
2026-07-20 21:24:48.946,,,,,,,,,-40.0,0.0,0.0,0.0,0.0,0.0,132.0
2026-07-20 21:24:49.146,,,,,,,,,-40.0,0.0,0.0,0.0,0.0,0.0,132.0
2026-07-20 21:24:49.385,,,,,,,,,-40.0,0.0,0.0,0.0,0.0,0.0,133.0
2026-07-20 21:24:49.546,,,,,,,,,-40.0,0.0,0.0,0.0,0.0,0.0,133.0
2026-07-20 21:24:49.747,,,,,,,,,-40.0,0.0,0.0,0.0,0.0,0.0,133.0
2026-07-20 21:24:49.946,,,,,,,,,-40.0,0.0,0.0,0.0,0.0,0.0,133.0
2026-07-20 21:24:50.145,,,,,,,,,-40.0,0.0,0.0,0.0,0.0,0.0,133.0
2026-07-20 21:24:50.386,,,,,,,,,-40.0,0.0,0.0,0.0,0.0,0.0,134.0
2026-07-20 21:24:50.545,,,,,,,,,-40.0,0.0,0.0,0.0,0.0,0.0,134.0
2026-07-20 21:24:50.745,,,,,,,,,-40.0,0.0,0.0,0.0,0.0,0.0,134.0
2026-07-20 21:24:50.946,,,,,,,,,-40.0,0.0,0.0,0.0,0.0,0.0,134.0
2026-07-20 21:24:51.146,,,,,,,,,-40.0,0.0,0.0,0.0,0.0,0.0,134.0
2026-07-20 21:24:51.385,,,,,,,,,-40.0,0.0,0.0,0.0,0.0,0.0,135.0
2026-07-20 21:24:51.545,,,,,,,,,-40.0,0.0,0.0,0.0,0.0,0.0,135.0
2026-07-20 21:24:51.745,,,,,,,,,-40.0,0.0,0.0,0.0,0.0,0.0,135.0
2026-07-20 21:24:51.945,,,,,,,,,-40.0,0.0,0.0,0.0,0.0,0.0,135.0
2026-07-20 21:24:52.145,,,,,,,,,-40.0,0.0,0.0,0.0,0.0,0.0,135.0
2026-07-20 21:24:52.386,,,,,,,,,-40.0,0.0,0.0,0.0,0.0,0.0,136.0
2026-07-20 21:24:52.546,,,,,,,,,-40.0,0.0,0.0,0.0,0.0,0.0,136.0
2026-07-20 21:24:52.746,,,,,,,,,-40.0,0.0,0.0,0.0,0.0,0.0,136.0
2026-07-20 21:24:52.946,,,,,,,,,-40.0,0.0,0.0,0.0,0.0,0.0,136.0
2026-07-20 21:24:53.146,,,,,,,,,-40.0,0.0,0.0,0.0,0.0,0.0,136.0
2026-07-20 21:24:53.386,,,,,,,,,-40.0,0.0,0.0,0.0,0.0,0.0,137.0
2026-07-20 21:24:53.546,,,,,,,,,-40.0,0.0,0.0,0.0,0.0,0.0,137.0
2026-07-20 21:24:53.746,,,,,,,,,-40.0,0.0,0.0,0.0,0.0,0.0,137.0
2026-07-20 21:24:53.946,,,,,,,,,-40.0,0.0,0.0,0.0,0.0,0.0,137.0
2026-07-20 21:24:54.146,,,,,,,,,-40.0,0.0,0.0,0.0,0.0,0.0,137.0
2026-07-20 21:24:54.387,,,,,,,,,-40.0,0.0,0.0,0.0,0.0,0.0,138.0
2026-07-20 21:24:54.574,,,,,,,,,-40.0,0.0,0.0,0.0,0.0,0.0,138.0
2026-07-20 21:24:54.746,,,,,,,,,-40.0,0.0,0.0,0.0,0.0,0.0,138.0
2026-07-20 21:24:54.946,,,,,,,,,-40.0,0.0,0.0,0.0,0.0,0.0,138.0
2026-07-20 21:24:55.146,,,,,,,,,-40.0,0.0,0.0,0.0,0.0,0.0,138.0
2026-07-20 21:24:55.385,,,,,,,,,-40.0,0.0,0.0,0.0,0.0,0.0,139.0
2026-07-20 21:24:55.545,,,,,,,,,-40.0,0.0,0.0,0.0,0.0,0.0,139.0
2026-07-20 21:24:55.746,,,,,,,,,-40.0,0.0,0.0,0.0,0.0,0.0,139.0
2026-07-20 21:24:55.946,,,,,,,,,-40.0,0.0,0.0,0.0,0.0,0.0,139.0
2026-07-20 21:24:56.146,,,,,,,,,-40.0,0.0,0.0,0.0,0.0,0.0,139.0
2026-07-20 21:24:56.386,,,,,,,,,-40.0,0.0,0.0,0.0,0.0,0.0,140.0
2026-07-20 21:24:56.546,,,,,,,,,-40.0,0.0,0.0,0.0,0.0,0.0,140.0
2026-07-20 21:24:56.746,,,,,,,,,-40.0,0.0,0.0,0.0,0.0,0.0,140.0
2026-07-20 21:24:56.945,,,,,,,,,-40.0,0.0,0.0,0.0,0.0,0.0,140.0
2026-07-20 21:24:57.146,,,,,,,,,-40.0,0.0,0.0,0.0,0.0,0.0,140.0
2026-07-20 21:24:57.386,,,,,,,,,-40.0,0.0,0.0,0.0,0.0,0.0,141.0
2026-07-20 21:24:57.565,,,,,,,,,-40.0,0.0,0.0,0.0,0.0,0.0,141.0
2026-07-20 21:24:57.746,,,,,,,,,-40.0,0.0,0.0,0.0,0.0,0.0,141.0
2026-07-20 21:24:57.946,,,,,,,,,-40.0,0.0,0.0,0.0,0.0,0.0,141.0
2026-07-20 21:24:58.146,,,,,,,,,-40.0,0.0,0.0,0.0,0.0,0.0,141.0
2026-07-20 21:24:58.386,,,,,,,,,-40.0,0.0,0.0,0.0,0.0,0.0,142.0
2026-07-20 21:24:58.552,,,,,,,,,-40.0,0.0,0.0,0.0,0.0,0.0,142.0
2026-07-20 21:24:58.745,,,,,,,,,-40.0,0.0,0.0,0.0,0.0,0.0,142.0
2026-07-20 21:24:58.947,,,,,,,,,-40.0,0.0,0.0,0.0,0.0,0.0,142.0
2026-07-20 21:24:59.146,,,,,,,,,-40.0,0.0,0.0,0.0,0.0,0.0,142.0
2026-07-20 21:24:59.386,,,,,,,,,-40.0,0.0,0.0,0.0,0.0,0.0,143.0
2026-07-20 21:24:59.549,,,,,,,,,-40.0,0.0,0.0,0.0,0.0,0.0,143.0
2026-07-20 21:24:59.747,,,,,,,,,-40.0,0.0,0.0,0.0,0.0,0.0,143.0
2026-07-20 21:24:59.945,,,,,,,,,-40.0,0.0,0.0,0.0,0.0,0.0,143.0
2026-07-20 21:25:00.146,,,,,,,,,-40.0,0.0,0.0,0.0,0.0,0.0,143.0
2026-07-20 21:25:00.385,,,,,,,,,-40.0,0.0,0.0,0.0,0.0,0.0,144.0
2026-07-20 21:25:00.557,,,,,,,,,-40.0,0.0,0.0,0.0,0.0,0.0,144.0
2026-07-20 21:25:00.746,,,,,,,,,-40.0,0.0,0.0,0.0,0.0,0.0,144.0
2026-07-20 21:25:00.946,,,,,,,,,-40.0,0.0,0.0,0.0,0.0,0.0,144.0
2026-07-20 21:25:01.146,,,,,,,,,-40.0,0.0,0.0,0.0,0.0,0.0,144.0
2026-07-20 21:25:01.385,,,,,,,,,-40.0,0.0,0.0,0.0,0.0,0.0,145.0
2026-07-20 21:25:01.546,,,,,,,,,-40.0,0.0,0.0,0.0,0.0,0.0,145.0
2026-07-20 21:25:01.746,,,,,,,,,-40.0,0.0,0.0,0.0,0.0,0.0,145.0
2026-07-20 21:25:01.945,,,,,,,,,-40.0,0.0,0.0,0.0,0.0,0.0,145.0
2026-07-20 21:25:02.146,,,,,,,,,-40.0,0.0,0.0,0.0,0.0,0.0,145.0
2026-07-20 21:25:02.386,,,,,,,,,-40.0,0.0,0.0,0.0,0.0,0.0,146.0
2026-07-20 21:25:02.546,,,,,,,,,-40.0,0.0,0.0,0.0,0.0,0.0,146.0
2026-07-20 21:25:02.745,,,,,,,,,-40.0,0.0,0.0,0.0,0.0,0.0,146.0
2026-07-20 21:25:02.945,,,,,,,,,-40.0,0.0,0.0,0.0,0.0,0.0,146.0
2026-07-20 21:25:03.146,,,,,,,,,-40.0,0.0,0.0,0.0,0.0,0.0,146.0
2026-07-20 21:25:03.386,,,,,,,,,-40.0,0.0,0.0,0.0,0.0,0.0,147.0
2026-07-20 21:25:03.546,,,,,,,,,-40.0,0.0,0.0,0.0,0.0,0.0,147.0
2026-07-20 21:25:03.745,,,,,,,,,-40.0,0.0,0.0,0.0,0.0,0.0,147.0
2026-07-20 21:25:03.946,,,,,,,,,-40.0,0.0,0.0,0.0,0.0,0.0,147.0
2026-07-20 21:25:04.146,,,,,,,,,-40.0,0.0,0.0,0.0,0.0,0.0,147.0
2026-07-20 21:25:04.386,,,,,,,,,-40.0,0.0,0.0,0.0,0.0,0.0,148.0
2026-07-20 21:25:04.546,,,,,,,,,-40.0,0.0,0.0,0.0,0.0,0.0,148.0
2026-07-20 21:25:04.745,,,,,,,,,-40.0,0.0,0.0,0.0,0.0,0.0,148.0
2026-07-20 21:25:04.946,,,,,,,,,-40.0,0.0,0.0,0.0,0.0,0.0,148.0
2026-07-20 21:25:05.145,,,,,,,,,-40.0,0.0,0.0,0.0,0.0,0.0,148.0
2026-07-20 21:25:05.386,,,,,,,,,-40.0,0.0,0.0,0.0,0.0,0.0,149.0
2026-07-20 21:25:05.545,,,,,,,,,-40.0,0.0,0.0,0.0,0.0,0.0,149.0
2026-07-20 21:25:05.745,,,,,,,,,-40.0,0.0,0.0,0.0,0.0,0.0,149.0
2026-07-20 21:25:05.945,,,,,,,,,-40.0,0.0,0.0,0.0,0.0,0.0,149.0
2026-07-20 21:25:06.146,,,,,,,,,-40.0,0.0,0.0,0.0,0.0,0.0,149.0
2026-07-20 21:25:06.385,,,,,,,,,-40.0,0.0,0.0,0.0,0.0,0.0,150.0
2026-07-20 21:25:06.545,,,,,,,,,-40.0,0.0,0.0,0.0,0.0,0.0,150.0
2026-07-20 21:25:06.746,,,,,,,,,-40.0,0.0,0.0,0.0,0.0,0.0,150.0
2026-07-20 21:25:06.945,,,,,,,,,-40.0,0.0,0.0,0.0,0.0,0.0,150.0
2026-07-20 21:25:07.146,,,,,,,,,-40.0,0.0,0.0,0.0,0.0,0.0,150.0
2026-07-20 21:25:07.386,,,,,,,,,-40.0,0.0,0.0,0.0,0.0,0.0,151.0
2026-07-20 21:25:07.545,,,,,,,,,-40.0,0.0,0.0,0.0,0.0,0.0,151.0
2026-07-20 21:25:07.746,,,,,,,,,-40.0,0.0,0.0,0.0,0.0,0.0,151.0
2026-07-20 21:25:07.946,,,,,,,,,-40.0,0.0,0.0,0.0,0.0,0.0,151.0
2026-07-20 21:25:08.146,,,,,,,,,-40.0,0.0,0.0,0.0,0.0,0.0,151.0
2026-07-20 21:25:08.386,,,,,,,,,-40.0,0.0,0.0,0.0,0.0,0.0,152.0
2026-07-20 21:25:08.545,,,,,,,,,-40.0,0.0,0.0,0.0,0.0,0.0,152.0
2026-07-20 21:25:08.746,,,,,,,,,-40.0,0.0,0.0,0.0,0.0,0.0,152.0
2026-07-20 21:25:08.946,,,,,,,,,-40.0,0.0,0.0,0.0,0.0,0.0,152.0
2026-07-20 21:25:09.146,,,,,,,,,-40.0,0.0,0.0,0.0,0.0,0.0,152.0
2026-07-20 21:25:09.385,,,,,,,,,-40.0,0.0,0.0,0.0,0.0,0.0,153.0
2026-07-20 21:25:09.545,,,,,,,,,-40.0,0.0,0.0,0.0,0.0,0.0,153.0
2026-07-20 21:25:09.746,,,,,,,,,-40.0,0.0,0.0,0.0,0.0,0.0,153.0
2026-07-20 21:25:09.946,,,,,,,,,-40.0,0.0,0.0,0.0,0.0,0.0,153.0
2026-07-20 21:25:10.148,,,,,,,,,-40.0,0.0,0.0,0.0,0.0,0.0,153.0
2026-07-20 21:25:10.386,,,,,,,,,-40.0,0.0,0.0,0.0,0.0,0.0,154.0
2026-07-20 21:25:10.545,,,,,,,,,-40.0,0.0,0.0,0.0,0.0,0.0,154.0
2026-07-20 21:25:10.746,,,,,,,,,-40.0,0.0,0.0,0.0,0.0,0.0,154.0
2026-07-20 21:25:10.946,,,,,,,,,-40.0,0.0,0.0,0.0,0.0,0.0,154.0
2026-07-20 21:25:11.145,,,,,,,,,-40.0,0.0,0.0,0.0,0.0,0.0,154.0
2026-07-20 21:25:11.385,,,,,,,,,-40.0,0.0,0.0,0.0,0.0,0.0,155.0
2026-07-20 21:25:11.545,,,,,,,,,-40.0,0.0,0.0,0.0,0.0,0.0,155.0
2026-07-20 21:25:11.745,,,,,,,,,-40.0,0.0,0.0,0.0,0.0,0.0,155.0
2026-07-20 21:25:11.945,,,,,,,,,-40.0,0.0,0.0,0.0,0.0,0.0,155.0
2026-07-20 21:25:12.146,,,,,,,,,-40.0,0.0,0.0,0.0,0.0,0.0,155.0
2026-07-20 21:25:12.385,,,,,,,,,-40.0,0.0,0.0,0.0,0.0,0.0,156.0
2026-07-20 21:25:12.546,,,,,,,,,-40.0,0.0,0.0,0.0,0.0,0.0,156.0
2026-07-20 21:25:12.745,,,,,,,,,-40.0,0.0,0.0,0.0,0.0,0.0,156.0
2026-07-20 21:25:12.948,,,,,,,,,-40.0,0.0,0.0,0.0,0.0,0.0,156.0
2026-07-20 21:25:13.145,,,,,,,,,-40.0,0.0,0.0,0.0,0.0,0.0,156.0
2026-07-20 21:25:13.386,,,,,,,,,-40.0,0.0,0.0,0.0,0.0,0.0,157.0
2026-07-20 21:25:13.546,,,,,,,,,-40.0,0.0,0.0,0.0,0.0,0.0,157.0
2026-07-20 21:25:13.745,,,,,,,,,-40.0,0.0,0.0,0.0,0.0,0.0,157.0
2026-07-20 21:25:13.946,,,,,,,,,-40.0,0.0,0.0,0.0,0.0,0.0,157.0
2026-07-20 21:25:14.145,,,,,,,,,-40.0,0.0,0.0,0.0,0.0,0.0,157.0
2026-07-20 21:25:14.385,,,,,,,,,-40.0,0.0,0.0,0.0,0.0,0.0,158.0
2026-07-20 21:25:14.548,,,,,,,,,-40.0,0.0,0.0,0.0,0.0,0.0,158.0
2026-07-20 21:25:14.746,,,,,,,,,-40.0,0.0,0.0,0.0,0.0,0.0,158.0
2026-07-20 21:25:14.946,,,,,,,,,-40.0,0.0,0.0,0.0,0.0,0.0,158.0
2026-07-20 21:25:15.146,,,,,,,,,-40.0,0.0,0.0,0.0,0.0,0.0,158.0
2026-07-20 21:25:15.385,,,,,,,,,-40.0,0.0,0.0,0.0,0.0,0.0,159.0
2026-07-20 21:25:15.569,,,,,,,,,-40.0,0.0,0.0,0.0,0.0,0.0,159.0
2026-07-20 21:25:15.746,,,,,,,,,-40.0,0.0,0.0,0.0,0.0,0.0,159.0
2026-07-20 21:25:15.946,,,,,,,,,-40.0,0.0,0.0,0.0,0.0,0.0,159.0
2026-07-20 21:25:16.146,,,,,,,,,-40.0,0.0,0.0,0.0,0.0,0.0,159.0
2026-07-20 21:25:16.385,,,,,,,,,-40.0,0.0,0.0,0.0,0.0,0.0,160.0
2026-07-20 21:25:16.557,,,,,,,,,-40.0,0.0,0.0,0.0,0.0,0.0,160.0
2026-07-20 21:25:16.745,,,,,,,,,-40.0,0.0,0.0,0.0,0.0,0.0,160.0
2026-07-20 21:25:16.945,,,,,,,,,-40.0,0.0,0.0,0.0,0.0,0.0,160.0
2026-07-20 21:25:17.161,,,,,,,,,-40.0,0.0,0.0,0.0,0.0,0.0,160.0
2026-07-20 21:25:17.390,,,,,,,,,-40.0,0.0,0.0,0.0,0.0,0.0,161.0
2026-07-20 21:25:17.545,,,,,,,,,-40.0,0.0,0.0,0.0,0.0,0.0,161.0
2026-07-20 21:25:17.745,,,,,,,,,-40.0,0.0,0.0,0.0,0.0,0.0,161.0
2026-07-20 21:25:17.945,,,,,,,,,-40.0,0.0,0.0,0.0,0.0,0.0,161.0
2026-07-20 21:25:18.145,,,,,,,,,-40.0,0.0,0.0,0.0,0.0,0.0,161.0
2026-07-20 21:25:18.385,,,,,,,,,-40.0,0.0,0.0,0.0,0.0,0.0,162.0
2026-07-20 21:25:18.545,,,,,,,,,-40.0,0.0,0.0,0.0,0.0,0.0,162.0
2026-07-20 21:25:18.745,,,,,,,,,-40.0,0.0,0.0,0.0,0.0,0.0,162.0
2026-07-20 21:25:18.946,,,,,,,,,-40.0,0.0,0.0,0.0,0.0,0.0,162.0
2026-07-20 21:25:19.146,,,,,,,,,-40.0,0.0,0.0,0.0,0.0,0.0,162.0
2026-07-20 21:25:19.400,,,,,,,,,-40.0,0.0,0.0,0.0,0.0,0.0,163.0
2026-07-20 21:25:19.546,,,,,,,,,-40.0,0.0,0.0,0.0,0.0,0.0,163.0
2026-07-20 21:25:19.745,,,,,,,,,-40.0,0.0,0.0,0.0,0.0,0.0,163.0
2026-07-20 21:25:19.945,,,,,,,,,-40.0,0.0,0.0,0.0,0.0,0.0,163.0
2026-07-20 21:25:20.145,,,,,,,,,-40.0,0.0,0.0,0.0,0.0,0.0,163.0
2026-07-20 21:25:20.385,,,,,,,,,-40.0,0.0,0.0,0.0,0.0,0.0,164.0
2026-07-20 21:25:20.545,,,,,,,,,-40.0,0.0,0.0,0.0,0.0,0.0,164.0
2026-07-20 21:25:20.745,,,,,,,,,-40.0,0.0,0.0,0.0,0.0,0.0,164.0
2026-07-20 21:25:20.946,,,,,,,,,-40.0,0.0,0.0,0.0,0.0,0.0,164.0
2026-07-20 21:25:21.145,,,,,,,,,-40.0,0.0,0.0,0.0,0.0,0.0,164.0
2026-07-20 21:25:21.385,,,,,,,,,-40.0,0.0,0.0,0.0,0.0,0.0,165.0
2026-07-20 21:25:21.545,,,,,,,,,-40.0,0.0,0.0,0.0,0.0,0.0,165.0
2026-07-20 21:25:21.745,,,,,,,,,-40.0,0.0,0.0,0.0,0.0,0.0,165.0
2026-07-20 21:25:21.945,,,,,,,,,-40.0,0.0,0.0,0.0,0.0,0.0,165.0
2026-07-20 21:25:22.145,,,,,,,,,-40.0,0.0,0.0,0.0,0.0,0.0,165.0
2026-07-20 21:25:22.386,,,,,,,,,-40.0,0.0,0.0,0.0,0.0,0.0,166.0
2026-07-20 21:25:22.546,,,,,,,,,-40.0,0.0,0.0,0.0,0.0,0.0,166.0
2026-07-20 21:25:22.744,,,,,,,,,-40.0,0.0,0.0,0.0,0.0,0.0,166.0
2026-07-20 21:25:22.946,,,,,,,,,-40.0,0.0,0.0,0.0,0.0,0.0,166.0
2026-07-20 21:25:23.145,,,,,,,,,-40.0,0.0,0.0,0.0,0.0,0.0,166.0
2026-07-20 21:25:23.384,,,,,,,,,-40.0,0.0,0.0,0.0,0.0,0.0,167.0
2026-07-20 21:25:23.545,,,,,,,,,-40.0,0.0,0.0,0.0,0.0,0.0,167.0
2026-07-20 21:25:23.746,,,,,,,,,-40.0,0.0,0.0,0.0,0.0,0.0,167.0
2026-07-20 21:25:23.945,,,,,,,,,-40.0,0.0,0.0,0.0,0.0,0.0,167.0
2026-07-20 21:25:24.145,,,,,,,,,-40.0,0.0,0.0,0.0,0.0,0.0,167.0
2026-07-20 21:25:24.385,,,,,,,,,-40.0,0.0,0.0,0.0,0.0,0.0,168.0
2026-07-20 21:25:24.545,,,,,,,,,-40.0,0.0,0.0,0.0,0.0,0.0,168.0
2026-07-20 21:25:24.745,,,,,,,,,-40.0,0.0,0.0,0.0,0.0,0.0,168.0
2026-07-20 21:25:24.945,,,,,,,,,-40.0,0.0,0.0,0.0,0.0,0.0,168.0
2026-07-20 21:25:25.145,,,,,,,,,-40.0,0.0,0.0,0.0,0.0,0.0,168.0
2026-07-20 21:25:25.386,,,,,,,,,-40.0,0.0,0.0,0.0,0.0,0.0,169.0
2026-07-20 21:25:25.545,,,,,,,,,-40.0,0.0,0.0,0.0,0.0,0.0,169.0
2026-07-20 21:25:25.744,,,,,,,,,-40.0,0.0,0.0,0.0,0.0,0.0,169.0
2026-07-20 21:25:25.945,,,,,,,,,-40.0,0.0,0.0,0.0,0.0,0.0,169.0
2026-07-20 21:25:26.144,,,,,,,,,-40.0,0.0,0.0,0.0,0.0,0.0,169.0
2026-07-20 21:25:26.384,,,,,,,,,-40.0,0.0,0.0,0.0,0.0,0.0,170.0
2026-07-20 21:25:26.545,,,,,,,,,-40.0,0.0,0.0,0.0,0.0,0.0,170.0
2026-07-20 21:25:26.744,,,,,,,,,-40.0,0.0,0.0,0.0,0.0,0.0,170.0
2026-07-20 21:25:26.946,,,,,,,,,-40.0,0.0,0.0,0.0,0.0,0.0,170.0
2026-07-20 21:25:27.145,,,,,,,,,-40.0,0.0,0.0,0.0,0.0,0.0,170.0
2026-07-20 21:25:27.385,,,,,,,,,-40.0,0.0,0.0,0.0,0.0,0.0,171.0
2026-07-20 21:25:27.545,,,,,,,,,-40.0,0.0,1.0,0.0,0.0,0.0,171.0
2026-07-20 21:25:27.745,,,,,,,,,-40.0,0.0,1.0,0.0,0.0,0.0,171.0
2026-07-20 21:25:27.944,,,,,,,,,-40.0,0.0,1.0,0.0,0.0,0.0,171.0
2026-07-20 21:25:28.145,,,,,,,,,-40.0,0.0,1.0,0.0,0.0,0.0,171.0
2026-07-20 21:25:28.390,,,,,,,,,-40.0,0.0,1.0,0.0,0.0,0.0,172.0
2026-07-20 21:25:28.544,,,,,,,,,-40.0,0.0,1.0,0.0,0.0,0.0,172.0
2026-07-20 21:25:28.744,,,,,,,,,-40.0,0.0,1.0,0.0,0.0,0.0,172.0
2026-07-20 21:25:28.944,,,,,,,,,-40.0,0.0,1.0,0.0,0.0,0.0,172.0
2026-07-20 21:25:29.144,,,,,,,,,-40.0,0.0,1.0,0.0,0.0,0.0,172.0
2026-07-20 21:25:29.390,,,,,,,,,-40.0,0.0,1.0,0.0,0.0,0.0,173.0
2026-07-20 21:25:29.544,,,,,,,,,-40.0,0.0,1.0,0.0,0.0,0.0,173.0
2026-07-20 21:25:29.744,,,,,,,,,-40.0,0.0,1.0,0.0,0.0,0.0,173.0
2026-07-20 21:25:29.944,,,,,,,,,-40.0,0.0,1.0,0.0,0.0,0.0,173.0
2026-07-20 21:25:30.144,,,,,,,,,-40.0,0.0,1.0,0.0,0.0,0.0,173.0
2026-07-20 21:25:30.391,,,,,,,,,-40.0,0.0,1.0,0.0,0.0,0.0,174.0
2026-07-20 21:25:30.569,,,,,,,,,-40.0,0.0,1.0,0.0,0.0,0.0,174.0
2026-07-20 21:25:30.744,,,,,,,,,-40.0,0.0,1.0,0.0,0.0,0.0,174.0
2026-07-20 21:25:30.944,,,,,,,,,-40.0,0.0,1.0,0.0,0.0,0.0,174.0
2026-07-20 21:25:31.143,,,,,,,,,-40.0,0.0,1.0,0.0,0.0,0.0,174.0
2026-07-20 21:25:31.389,,,,,,,,,-40.0,0.0,1.0,0.0,0.0,0.0,175.0
2026-07-20 21:25:31.548,,,,,,,,,-40.0,0.0,1.0,0.0,0.0,0.0,175.0
2026-07-20 21:25:31.744,,,,,,,,,-40.0,0.0,1.0,0.0,0.0,0.0,175.0
2026-07-20 21:25:31.944,,,,,,,,,-40.0,0.0,1.0,0.0,0.0,0.0,175.0
2026-07-20 21:25:32.148,,,,,,,,,-40.0,0.0,1.0,0.0,0.0,0.0,175.0
2026-07-20 21:25:32.390,,,,,,,,,-40.0,0.0,1.0,0.0,0.0,0.0,176.0
2026-07-20 21:25:32.544,,,,,,,,,-40.0,0.0,1.0,0.0,0.0,0.0,176.0
2026-07-20 21:25:32.744,,,,,,,,,-40.0,0.0,1.0,0.0,0.0,0.0,176.0
2026-07-20 21:25:32.944,,,,,,,,,-40.0,0.0,1.0,0.0,0.0,0.0,176.0
2026-07-20 21:25:33.144,,,,,,,,,-40.0,0.0,1.0,0.0,0.0,0.0,176.0
2026-07-20 21:25:33.389,,,,,,,,,-40.0,0.0,1.0,0.0,0.0,0.0,177.0
2026-07-20 21:25:33.544,,,,,,,,,-40.0,0.0,1.0,0.0,0.0,0.0,177.0
2026-07-20 21:25:33.744,,,,,,,,,-40.0,0.0,1.0,0.0,0.0,0.0,177.0
2026-07-20 21:25:33.944,,,,,,,,,-40.0,0.0,1.0,0.0,0.0,0.0,177.0
2026-07-20 21:25:34.144,,,,,,,,,-40.0,0.0,1.0,0.0,0.0,0.0,177.0
2026-07-20 21:25:34.390,,,,,,,,,-40.0,0.0,1.0,0.0,0.0,0.0,178.0
2026-07-20 21:25:34.544,,,,,,,,,-40.0,0.0,1.0,0.0,0.0,0.0,178.0
2026-07-20 21:25:34.744,,,,,,,,,-40.0,0.0,1.0,0.0,0.0,0.0,178.0
2026-07-20 21:25:34.944,,,,,,,,,-40.0,0.0,1.0,0.0,0.0,0.0,178.0
2026-07-20 21:25:35.144,,,,,,,,,-40.0,0.0,1.0,0.0,0.0,0.0,178.0
2026-07-20 21:25:35.390,,,,,,,,,-40.0,0.0,1.0,0.0,0.0,0.0,179.0
2026-07-20 21:25:35.544,,,,,,,,,-40.0,0.0,1.0,0.0,0.0,0.0,179.0
2026-07-20 21:25:35.744,,,,,,,,,-40.0,0.0,1.0,0.0,0.0,0.0,179.0
2026-07-20 21:25:35.944,,,,,,,,,-40.0,0.0,1.0,0.0,0.0,0.0,179.0
2026-07-20 21:25:36.143,,,,,,,,,-40.0,0.0,1.0,0.0,0.0,0.0,179.0
2026-07-20 21:25:36.390,,,,,,,,,-40.0,0.0,1.0,0.0,0.0,0.0,180.0
2026-07-20 21:25:36.544,,,,,,,,,-40.0,0.0,1.0,0.0,0.0,0.0,180.0
2026-07-20 21:25:36.744,,,,,,,,,-40.0,0.0,1.0,0.0,0.0,0.0,180.0
2026-07-20 21:25:36.944,,,,,,,,,-40.0,0.0,1.0,0.0,0.0,0.0,180.0
2026-07-20 21:25:37.143,,,,,,,,,-40.0,0.0,1.0,0.0,0.0,0.0,180.0
2026-07-20 21:25:37.390,,,,,,,,,-40.0,0.0,1.0,0.0,0.0,0.0,181.0
2026-07-20 21:25:37.544,,,,,,,,,-40.0,0.0,1.0,0.0,0.0,0.0,181.0
2026-07-20 21:25:37.744,,,,,,,,,-40.0,0.0,1.0,0.0,0.0,0.0,181.0
2026-07-20 21:25:37.944,,,,,,,,,-40.0,0.0,1.0,0.0,0.0,0.0,181.0
2026-07-20 21:25:38.143,,,,,,,,,-40.0,0.0,1.0,0.0,0.0,0.0,181.0
2026-07-20 21:25:38.390,,,,,,,,,-40.0,0.0,1.0,0.0,0.0,0.0,182.0
2026-07-20 21:25:38.543,,,,,,,,,-40.0,0.0,1.0,0.0,0.0,0.0,182.0
2026-07-20 21:25:38.744,,,,,,,,,-40.0,0.0,1.0,0.0,0.0,0.0,182.0
2026-07-20 21:25:38.944,,,,,,,,,-40.0,0.0,1.0,0.0,0.0,0.0,182.0
2026-07-20 21:25:39.145,,,,,,,,,-40.0,0.0,1.0,0.0,0.0,0.0,182.0
2026-07-20 21:25:39.390,,,,,,,,,-40.0,0.0,1.0,0.0,0.0,0.0,183.0
2026-07-20 21:25:39.544,,,,,,,,,-40.0,0.0,1.0,0.0,0.0,0.0,183.0
2026-07-20 21:25:39.744,,,,,,,,,-40.0,0.0,1.0,0.0,0.0,0.0,183.0
2026-07-20 21:25:39.945,,,,,,,,,-40.0,0.0,1.0,0.0,0.0,0.0,183.0
2026-07-20 21:25:40.144,,,,,,,,,-40.0,0.0,1.0,0.0,0.0,0.0,183.0
2026-07-20 21:25:40.390,,,,,,,,,-40.0,0.0,1.0,0.0,0.0,0.0,184.0
2026-07-20 21:25:40.543,,,,,,,,,-40.0,0.0,1.0,0.0,0.0,0.0,184.0
2026-07-20 21:25:40.744,,,,,,,,,-40.0,0.0,1.0,0.0,0.0,0.0,184.0
2026-07-20 21:25:40.944,,,,,,,,,-40.0,0.0,1.0,0.0,0.0,0.0,184.0
2026-07-20 21:25:41.144,,,,,,,,,-40.0,0.0,1.0,0.0,0.0,0.0,184.0
2026-07-20 21:25:41.390,,,,,,,,,-40.0,0.0,1.0,0.0,0.0,0.0,185.0
2026-07-20 21:25:41.544,,,,,,,,,-40.0,0.0,1.0,0.0,0.0,0.0,185.0
2026-07-20 21:25:41.743,,,,,,,,,-40.0,0.0,1.0,0.0,0.0,0.0,185.0
2026-07-20 21:25:41.943,,,,,,,,,-40.0,0.0,1.0,0.0,0.0,0.0,185.0
2026-07-20 21:25:42.144,,,,,,,,,-40.0,0.0,1.0,0.0,0.0,0.0,185.0
2026-07-20 21:25:42.389,,,,,,,,,-40.0,0.0,1.0,0.0,0.0,0.0,186.0
2026-07-20 21:25:42.549,,,,,,,,,-40.0,0.0,1.0,0.0,0.0,0.0,186.0
2026-07-20 21:25:42.743,,,,,,,,,-40.0,0.0,1.0,0.0,0.0,0.0,186.0
2026-07-20 21:25:42.944,,,,,,,,,-40.0,0.0,1.0,0.0,0.0,0.0,186.0
2026-07-20 21:25:43.143,,,,,,,,,-40.0,0.0,1.0,0.0,0.0,0.0,186.0
2026-07-20 21:25:43.389,,,,,,,,,-40.0,0.0,1.0,0.0,0.0,0.0,187.0
2026-07-20 21:25:43.570,,,,,,,,,-40.0,0.0,1.0,0.0,0.0,0.0,187.0
2026-07-20 21:25:43.743,,,,,,,,,-40.0,0.0,1.0,0.0,0.0,0.0,187.0
2026-07-20 21:25:43.944,,,,,,,,,-40.0,0.0,1.0,0.0,0.0,0.0,187.0
2026-07-20 21:25:44.144,,,,,,,,,-40.0,0.0,1.0,0.0,0.0,0.0,187.0
2026-07-20 21:25:44.389,,,,,,,,,-40.0,0.0,1.0,0.0,0.0,0.0,188.0
2026-07-20 21:25:44.573,,,,,,,,,-40.0,0.0,1.0,0.0,0.0,0.0,188.0
2026-07-20 21:25:44.744,,,,,,,,,-40.0,0.0,1.0,0.0,0.0,0.0,188.0
2026-07-20 21:25:44.943,,,,,,,,,-40.0,0.0,1.0,0.0,0.0,0.0,188.0
2026-07-20 21:25:45.143,,,,,,,,,-40.0,0.0,1.0,0.0,0.0,0.0,188.0
2026-07-20 21:25:45.389,,,,,,,,,-40.0,0.0,1.0,0.0,0.0,0.0,189.0
2026-07-20 21:25:45.549,,,,,,,,,-40.0,0.0,1.0,0.0,0.0,0.0,189.0
2026-07-20 21:25:45.744,,,,,,,,,-40.0,0.0,1.0,0.0,0.0,0.0,189.0
2026-07-20 21:25:45.944,,,,,,,,,-40.0,0.0,1.0,0.0,0.0,0.0,189.0
2026-07-20 21:25:46.143,,,,,,,,,-40.0,0.0,1.0,0.0,0.0,0.0,189.0
2026-07-20 21:25:46.390,,,,,,,,,-40.0,0.0,1.0,0.0,0.0,0.0,190.0
2026-07-20 21:25:46.543,,,,,,,,,-40.0,0.0,1.0,0.0,0.0,0.0,190.0
2026-07-20 21:25:46.743,,,,,,,,,-40.0,0.0,1.0,0.0,0.0,0.0,190.0
2026-07-20 21:25:46.944,,,,,,,,,-40.0,0.0,1.0,0.0,0.0,0.0,190.0
2026-07-20 21:25:47.143,,,,,,,,,-40.0,0.0,1.0,0.0,0.0,0.0,190.0
2026-07-20 21:25:47.389,,,,,,,,,-40.0,0.0,1.0,0.0,0.0,0.0,191.0
2026-07-20 21:25:47.544,,,,,,,,,-40.0,0.0,1.0,0.0,0.0,0.0,191.0
2026-07-20 21:25:47.744,,,,,,,,,-40.0,0.0,1.0,0.0,0.0,0.0,191.0
2026-07-20 21:25:47.944,,,,,,,,,-40.0,0.0,1.0,0.0,0.0,0.0,191.0
2026-07-20 21:25:48.143,,,,,,,,,-40.0,0.0,1.0,0.0,0.0,0.0,191.0
2026-07-20 21:25:48.389,,,,,,,,,-40.0,0.0,1.0,0.0,0.0,0.0,192.0
2026-07-20 21:25:48.543,,,,,,,,,-40.0,0.0,1.0,0.0,0.0,0.0,192.0
2026-07-20 21:25:48.744,,,,,,,,,-40.0,0.0,1.0,0.0,0.0,0.0,192.0
2026-07-20 21:25:48.943,,,,,,,,,-40.0,0.0,1.0,0.0,0.0,0.0,192.0
2026-07-20 21:25:49.144,,,,,,,,,-40.0,0.0,1.0,0.0,0.0,0.0,192.0
2026-07-20 21:25:49.389,,,,,,,,,-40.0,0.0,1.0,0.0,0.0,0.0,193.0
2026-07-20 21:25:49.543,,,,,,,,,-40.0,0.0,1.0,0.0,0.0,0.0,193.0
2026-07-20 21:25:49.743,,,,,,,,,-40.0,0.0,1.0,0.0,0.0,0.0,193.0
2026-07-20 21:25:49.943,,,,,,,,,-40.0,0.0,1.0,0.0,0.0,0.0,193.0
2026-07-20 21:25:50.144,,,,,,,,,-40.0,0.0,1.0,0.0,0.0,0.0,193.0
2026-07-20 21:25:50.389,,,,,,,,,-40.0,0.0,1.0,0.0,0.0,0.0,194.0
2026-07-20 21:25:50.555,,,,,,,,,-40.0,0.0,1.0,0.0,0.0,0.0,194.0
2026-07-20 21:25:50.743,,,,,,,,,-40.0,0.0,1.0,0.0,0.0,0.0,194.0
2026-07-20 21:25:50.943,,,,,,,,,-40.0,0.0,1.0,0.0,0.0,0.0,194.0
2026-07-20 21:25:51.143,,,,,,,,,-40.0,0.0,1.0,0.0,0.0,0.0,194.0
2026-07-20 21:25:51.389,,,,,,,,,-40.0,0.0,1.0,0.0,0.0,0.0,195.0
2026-07-20 21:25:51.543,,,,,,,,,-40.0,0.0,1.0,0.0,0.0,0.0,195.0
2026-07-20 21:25:51.743,,,,,,,,,-40.0,0.0,1.0,0.0,0.0,0.0,195.0
2026-07-20 21:25:51.943,,,,,,,,,-40.0,0.0,1.0,0.0,0.0,0.0,195.0
2026-07-20 21:25:52.143,,,,,,,,,-40.0,0.0,1.0,0.0,0.0,0.0,195.0
2026-07-20 21:25:52.389,,,,,,,,,-40.0,0.0,1.0,0.0,0.0,0.0,196.0
2026-07-20 21:25:52.544,,,,,,,,,-40.0,0.0,1.0,0.0,0.0,0.0,196.0
2026-07-20 21:25:52.743,,,,,,,,,-40.0,0.0,1.0,0.0,0.0,0.0,196.0
2026-07-20 21:25:52.943,,,,,,,,,-40.0,0.0,1.0,0.0,0.0,0.0,196.0
2026-07-20 21:25:53.143,,,,,,,,,-40.0,0.0,1.0,0.0,0.0,0.0,196.0
2026-07-20 21:25:53.389,,,,,,,,,-40.0,0.0,1.0,0.0,0.0,0.0,197.0
2026-07-20 21:25:53.543,,,,,,,,,-40.0,0.0,1.0,0.0,0.0,0.0,197.0
2026-07-20 21:25:53.744,,,,,,,,,-40.0,0.0,1.0,0.0,0.0,0.0,197.0
2026-07-20 21:25:53.944,,,,,,,,,-40.0,0.0,1.0,0.0,0.0,0.0,197.0
2026-07-20 21:25:54.143,,,,,,,,,-40.0,0.0,1.0,0.0,0.0,0.0,197.0
2026-07-20 21:25:54.389,,,,,,,,,-40.0,0.0,1.0,0.0,0.0,0.0,198.0
2026-07-20 21:25:54.544,,,,,,,,,-40.0,0.0,1.0,0.0,0.0,0.0,198.0
2026-07-20 21:25:54.744,,,,,,,,,-40.0,0.0,1.0,0.0,0.0,0.0,198.0
2026-07-20 21:25:54.944,,,,,,,,,-40.0,0.0,1.0,0.0,0.0,0.0,198.0
2026-07-20 21:25:55.143,,,,,,,,,-40.0,0.0,1.0,0.0,0.0,0.0,198.0
2026-07-20 21:25:55.389,,,,,,,,,-40.0,0.0,1.0,0.0,0.0,0.0,199.0
2026-07-20 21:25:55.543,,,,,,,,,-40.0,0.0,1.0,0.0,0.0,0.0,199.0
2026-07-20 21:25:55.744,,,,,,,,,-40.0,0.0,1.0,0.0,0.0,0.0,199.0
2026-07-20 21:25:55.944,,,,,,,,,-40.0,0.0,1.0,0.0,0.0,0.0,199.0
2026-07-20 21:25:56.144,,,,,,,,,-40.0,0.0,1.0,0.0,0.0,0.0,199.0
2026-07-20 21:25:56.389,,,,,,,,,-40.0,0.0,1.0,0.0,0.0,0.0,200.0
2026-07-20 21:25:56.543,,,,,,,,,-40.0,0.0,1.0,0.0,0.0,0.0,200.0
2026-07-20 21:25:56.744,,,,,,,,,-40.0,0.0,1.0,0.0,0.0,0.0,200.0
2026-07-20 21:25:56.944,,,,,,,,,-40.0,0.0,1.0,0.0,0.0,0.0,200.0
2026-07-20 21:25:57.144,,,,,,,,,-40.0,0.0,1.0,0.0,0.0,0.0,200.0
2026-07-20 21:25:57.389,,,,,,,,,-40.0,0.0,1.0,0.0,0.0,0.0,201.0
2026-07-20 21:25:57.543,,,,,,,,,-40.0,1.0,1.0,0.0,0.0,0.0,201.0
2026-07-20 21:25:57.743,,,,,,,,,-40.0,1.0,1.0,0.0,0.0,0.0,201.0
2026-07-20 21:25:57.944,,,,,,,,,-40.0,1.0,1.0,0.0,0.0,0.0,201.0
2026-07-20 21:25:58.143,,,,,,,,,-40.0,1.0,1.0,0.0,0.0,0.0,201.0
2026-07-20 21:25:58.383,,,,,,,,,-40.0,1.0,1.0,0.0,0.0,0.0,202.0
2026-07-20 21:25:58.543,,,,,,,,,-40.0,1.0,1.0,0.0,0.0,0.0,202.0
2026-07-20 21:25:58.743,,,,,,,,,-40.0,1.0,1.0,0.0,0.0,0.0,202.0
2026-07-20 21:25:58.944,,,,,,,,,-40.0,1.0,1.0,0.0,0.0,0.0,202.0
2026-07-20 21:25:59.143,,,,,,,,,-40.0,1.0,1.0,0.0,0.0,0.0,202.0
2026-07-20 21:25:59.383,,,,,,,,,-40.0,1.0,1.0,0.0,0.0,0.0,203.0
2026-07-20 21:25:59.543,,,,,,,,,-40.0,1.0,1.0,0.0,0.0,0.0,203.0
2026-07-20 21:25:59.743,,,,,,,,,-40.0,1.0,1.0,0.0,0.0,0.0,203.0
2026-07-20 21:25:59.944,,,,,,,,,-40.0,1.0,1.0,0.0,0.0,0.0,203.0
2026-07-20 21:26:00.143,,,,,,,,,-40.0,1.0,1.0,0.0,0.0,0.0,203.0
2026-07-20 21:26:00.383,,,,,,,,,-40.0,1.0,1.0,0.0,0.0,0.0,204.0
2026-07-20 21:26:00.544,,,,,,,,,-40.0,1.0,1.0,0.0,0.0,0.0,204.0
2026-07-20 21:26:00.743,,,,,,,,,-40.0,1.0,1.0,0.0,0.0,0.0,204.0
2026-07-20 21:26:00.944,,,,,,,,,-40.0,1.0,1.0,0.0,0.0,0.0,204.0
2026-07-20 21:26:01.144,,,,,,,,,-40.0,1.0,1.0,0.0,0.0,0.0,204.0
2026-07-20 21:26:01.383,,,,,,,,,-40.0,1.0,1.0,0.0,0.0,0.0,205.0
2026-07-20 21:26:01.544,,,,,,,,,-40.0,1.0,1.0,0.0,0.0,0.0,205.0
2026-07-20 21:26:01.743,,,,,,,,,-40.0,1.0,1.0,0.0,0.0,0.0,205.0
2026-07-20 21:26:01.944,,,,,,,,,-40.0,1.0,1.0,0.0,0.0,0.0,205.0
2026-07-20 21:26:02.144,,,,,,,,,-40.0,1.0,1.0,0.0,0.0,0.0,205.0
2026-07-20 21:26:02.383,,,,,,,,,-40.0,1.0,1.0,0.0,0.0,0.0,206.0
2026-07-20 21:26:02.543,,,,,,,,,-40.0,1.0,1.0,0.0,0.0,0.0,206.0
2026-07-20 21:26:02.743,,,,,,,,,-40.0,1.0,1.0,0.0,0.0,0.0,206.0
2026-07-20 21:26:02.944,,,,,,,,,-40.0,1.0,1.0,0.0,0.0,0.0,206.0
2026-07-20 21:26:03.143,,,,,,,,,-40.0,1.0,1.0,0.0,0.0,0.0,206.0
2026-07-20 21:26:03.383,,,,,,,,,-40.0,1.0,1.0,0.0,0.0,0.0,207.0
2026-07-20 21:26:03.544,,,,,,,,,-40.0,1.0,1.0,0.0,0.0,0.0,207.0
2026-07-20 21:26:03.743,,,,,,,,,-40.0,1.0,1.0,0.0,0.0,0.0,207.0
2026-07-20 21:26:03.944,,,,,,,,,-40.0,1.0,1.0,0.0,0.0,0.0,207.0
2026-07-20 21:26:04.143,,,,,,,,,-40.0,1.0,1.0,0.0,0.0,0.0,207.0
2026-07-20 21:26:04.383,,,,,,,,,-40.0,1.0,1.0,0.0,0.0,0.0,208.0
2026-07-20 21:26:04.543,,,,,,,,,-40.0,1.0,1.0,0.0,0.0,0.0,208.0
2026-07-20 21:26:04.743,,,,,,,,,-40.0,1.0,1.0,0.0,0.0,0.0,208.0
2026-07-20 21:26:04.943,,,,,,,,,-40.0,1.0,1.0,0.0,0.0,0.0,208.0
2026-07-20 21:26:05.144,,,,,,,,,-40.0,1.0,1.0,0.0,0.0,0.0,208.0
2026-07-20 21:26:05.383,,,,,,,,,-40.0,1.0,1.0,0.0,0.0,0.0,209.0
2026-07-20 21:26:05.543,,,,,,,,,-40.0,1.0,1.0,0.0,0.0,0.0,209.0
2026-07-20 21:26:05.743,,,,,,,,,-40.0,1.0,1.0,0.0,0.0,0.0,209.0
2026-07-20 21:26:05.943,,,,,,,,,-40.0,1.0,1.0,0.0,0.0,0.0,209.0
2026-07-20 21:26:06.143,,,,,,,,,-40.0,1.0,1.0,0.0,0.0,0.0,209.0
2026-07-20 21:26:06.383,,,,,,,,,-40.0,1.0,1.0,0.0,0.0,0.0,210.0
2026-07-20 21:26:06.543,,,,,,,,,-40.0,1.0,1.0,0.0,0.0,0.0,210.0
2026-07-20 21:26:06.743,,,,,,,,,-40.0,1.0,1.0,0.0,0.0,0.0,210.0
2026-07-20 21:26:06.943,,,,,,,,,-40.0,1.0,1.0,0.0,0.0,0.0,210.0
2026-07-20 21:26:07.143,,,,,,,,,-40.0,1.0,1.0,0.0,0.0,0.0,210.0
2026-07-20 21:26:07.384,,,,,,,,,-40.0,1.0,1.0,0.0,0.0,0.0,211.0
2026-07-20 21:26:07.543,,,,,,,,,-40.0,1.0,1.0,0.0,0.0,0.0,211.0
2026-07-20 21:26:07.743,,,,,,,,,-40.0,1.0,1.0,0.0,0.0,0.0,211.0
2026-07-20 21:26:07.944,,,,,,,,,-40.0,1.0,1.0,0.0,0.0,0.0,211.0
2026-07-20 21:26:08.144,,,,,,,,,-40.0,1.0,1.0,0.0,0.0,0.0,211.0
2026-07-20 21:26:08.383,,,,,,,,,-40.0,1.0,1.0,0.0,0.0,0.0,212.0
2026-07-20 21:26:08.543,,,,,,,,,-40.0,1.0,1.0,0.0,0.0,0.0,212.0
2026-07-20 21:26:08.744,,,,,,,,,-40.0,1.0,1.0,0.0,0.0,0.0,212.0
2026-07-20 21:26:08.943,,,,,,,,,-40.0,1.0,1.0,0.0,0.0,0.0,212.0
2026-07-20 21:26:09.143,,,,,,,,,-40.0,1.0,1.0,0.0,0.0,0.0,212.0
2026-07-20 21:26:09.383,,,,,,,,,-40.0,1.0,1.0,0.0,0.0,0.0,213.0
2026-07-20 21:26:09.543,,,,,,,,,-40.0,1.0,1.0,0.0,0.0,0.0,213.0
2026-07-20 21:26:09.743,,,,,,,,,-40.0,1.0,1.0,0.0,0.0,0.0,213.0
2026-07-20 21:26:09.944,,,,,,,,,-40.0,1.0,1.0,0.0,0.0,0.0,213.0
2026-07-20 21:26:10.143,,,,,,,,,-40.0,1.0,1.0,0.0,0.0,0.0,213.0
2026-07-20 21:26:10.382,,,,,,,,,-40.0,1.0,1.0,0.0,0.0,0.0,214.0
2026-07-20 21:26:10.543,,,,,,,,,-40.0,1.0,1.0,0.0,0.0,0.0,214.0
2026-07-20 21:26:10.743,,,,,,,,,-40.0,1.0,1.0,0.0,0.0,0.0,214.0
2026-07-20 21:26:10.943,,,,,,,,,-40.0,1.0,1.0,0.0,0.0,0.0,214.0
2026-07-20 21:26:11.143,,,,,,,,,-40.0,1.0,1.0,0.0,0.0,0.0,214.0
2026-07-20 21:26:11.384,,,,,,,,,-40.0,1.0,1.0,0.0,0.0,0.0,215.0
2026-07-20 21:26:11.543,,,,,,,,,-40.0,1.0,1.0,0.0,0.0,0.0,215.0
2026-07-20 21:26:11.743,,,,,,,,,-40.0,1.0,1.0,0.0,0.0,0.0,215.0
2026-07-20 21:26:11.943,,,,,,,,,-40.0,1.0,1.0,0.0,0.0,0.0,215.0
2026-07-20 21:26:12.143,,,,,,,,,-40.0,1.0,1.0,0.0,0.0,0.0,215.0
2026-07-20 21:26:12.383,,,,,,,,,-40.0,1.0,1.0,0.0,0.0,0.0,216.0
2026-07-20 21:26:12.543,,,,,,,,,-40.0,1.0,1.0,0.0,0.0,0.0,216.0
2026-07-20 21:26:12.743,,,,,,,,,-40.0,1.0,1.0,0.0,0.0,0.0,216.0
2026-07-20 21:26:12.943,,,,,,,,,-40.0,1.0,1.0,0.0,0.0,0.0,216.0
2026-07-20 21:26:13.143,,,,,,,,,-40.0,1.0,1.0,0.0,0.0,0.0,216.0
2026-07-20 21:26:13.383,,,,,,,,,-40.0,1.0,1.0,0.0,0.0,0.0,217.0
2026-07-20 21:26:13.543,,,,,,,,,-40.0,1.0,1.0,0.0,0.0,0.0,217.0
2026-07-20 21:26:13.743,,,,,,,,,-40.0,1.0,1.0,0.0,0.0,0.0,217.0
2026-07-20 21:26:13.943,,,,,,,,,-40.0,1.0,1.0,0.0,0.0,0.0,217.0
2026-07-20 21:26:14.143,,,,,,,,,-40.0,1.0,1.0,0.0,0.0,0.0,217.0
2026-07-20 21:26:14.383,,,,,,,,,-40.0,1.0,1.0,0.0,0.0,0.0,218.0
2026-07-20 21:26:14.543,,,,,,,,,-40.0,1.0,1.0,0.0,0.0,0.0,218.0
2026-07-20 21:26:14.743,,,,,,,,,-40.0,1.0,1.0,0.0,0.0,0.0,218.0
2026-07-20 21:26:14.943,,,,,,,,,-40.0,1.0,1.0,0.0,0.0,0.0,218.0
2026-07-20 21:26:15.143,,,,,,,,,-40.0,1.0,1.0,0.0,0.0,0.0,218.0
2026-07-20 21:26:15.383,,,,,,,,,-40.0,1.0,1.0,0.0,0.0,0.0,219.0
2026-07-20 21:26:15.543,,,,,,,,,-40.0,1.0,1.0,0.0,0.0,0.0,219.0
2026-07-20 21:26:15.743,,,,,,,,,-40.0,1.0,1.0,0.0,0.0,0.0,219.0
2026-07-20 21:26:15.943,,,,,,,,,-40.0,1.0,1.0,0.0,0.0,0.0,219.0
2026-07-20 21:26:16.143,,,,,,,,,-40.0,1.0,1.0,0.0,0.0,0.0,219.0
2026-07-20 21:26:16.382,,,,,,,,,-40.0,1.0,1.0,0.0,0.0,0.0,220.0
2026-07-20 21:26:16.543,,,,,,,,,-40.0,1.0,1.0,0.0,0.0,0.0,220.0
2026-07-20 21:26:16.742,,,,,,,,,-40.0,1.0,1.0,0.0,0.0,0.0,220.0
2026-07-20 21:26:16.943,,,,,,,,,-40.0,1.0,1.0,0.0,0.0,0.0,220.0
2026-07-20 21:26:17.143,,,,,,,,,-40.0,1.0,1.0,0.0,0.0,0.0,220.0
2026-07-20 21:26:17.383,,,,,,,,,-40.0,1.0,1.0,0.0,0.0,0.0,221.0
2026-07-20 21:26:17.543,,,,,,,,,-40.0,1.0,1.0,0.0,0.0,0.0,221.0
2026-07-20 21:26:17.742,,,,,,,,,-40.0,1.0,1.0,0.0,0.0,0.0,221.0
2026-07-20 21:26:17.943,,,,,,,,,-40.0,1.0,1.0,0.0,0.0,0.0,221.0
2026-07-20 21:26:18.143,,,,,,,,,-40.0,1.0,1.0,0.0,0.0,0.0,221.0
2026-07-20 21:26:18.382,,,,,,,,,-40.0,1.0,1.0,0.0,0.0,0.0,222.0
2026-07-20 21:26:18.543,,,,,,,,,-40.0,1.0,1.0,0.0,0.0,0.0,222.0
2026-07-20 21:26:18.742,,,,,,,,,-40.0,1.0,1.0,0.0,0.0,0.0,222.0
2026-07-20 21:26:18.943,,,,,,,,,-40.0,1.0,1.0,0.0,0.0,0.0,222.0
2026-07-20 21:26:19.143,,,,,,,,,-40.0,1.0,1.0,0.0,0.0,0.0,222.0
2026-07-20 21:26:19.383,,,,,,,,,-40.0,1.0,1.0,0.0,0.0,0.0,223.0
2026-07-20 21:26:19.565,,,,,,,,,-40.0,1.0,1.0,0.0,0.0,0.0,223.0
2026-07-20 21:26:19.743,,,,,,,,,-40.0,1.0,1.0,0.0,0.0,0.0,223.0
2026-07-20 21:26:19.943,,,,,,,,,-40.0,1.0,1.0,0.0,0.0,0.0,223.0
2026-07-20 21:26:20.143,,,,,,,,,-40.0,1.0,1.0,0.0,0.0,0.0,223.0
2026-07-20 21:26:20.383,,,,,,,,,-40.0,1.0,1.0,0.0,0.0,0.0,224.0
2026-07-20 21:26:20.543,,,,,,,,,-40.0,1.0,1.0,0.0,0.0,0.0,224.0
2026-07-20 21:26:20.743,,,,,,,,,-40.0,1.0,1.0,0.0,0.0,0.0,224.0
2026-07-20 21:26:20.943,,,,,,,,,-40.0,1.0,1.0,0.0,0.0,0.0,224.0
2026-07-20 21:26:21.142,,,,,,,,,-40.0,1.0,1.0,0.0,0.0,0.0,224.0
2026-07-20 21:26:21.382,,,,,,,,,-40.0,1.0,1.0,0.0,0.0,0.0,225.0
2026-07-20 21:26:21.543,,,,,,,,,-40.0,1.0,1.0,0.0,0.0,0.0,225.0
2026-07-20 21:26:21.742,,,,,,,,,-40.0,1.0,1.0,0.0,0.0,0.0,225.0
2026-07-20 21:26:21.943,,,,,,,,,-40.0,1.0,1.0,0.0,0.0,0.0,225.0
2026-07-20 21:26:22.143,,,,,,,,,-40.0,1.0,1.0,0.0,0.0,0.0,225.0
2026-07-20 21:26:22.383,,,,,,,,,-40.0,1.0,1.0,0.0,0.0,0.0,226.0
2026-07-20 21:26:22.543,,,,,,,,,-40.0,1.0,1.0,0.0,0.0,0.0,226.0
2026-07-20 21:26:22.743,,,,,,,,,-40.0,1.0,1.0,0.0,0.0,0.0,226.0
2026-07-20 21:26:22.943,,,,,,,,,-40.0,1.0,1.0,0.0,0.0,0.0,226.0
2026-07-20 21:26:23.143,,,,,,,,,-40.0,1.0,1.0,0.0,0.0,0.0,226.0
2026-07-20 21:26:23.383,,,,,,,,,-40.0,1.0,1.0,0.0,0.0,0.0,227.0
2026-07-20 21:26:23.546,,,,,,,,,-40.0,1.0,1.0,0.0,0.0,0.0,227.0
2026-07-20 21:26:23.742,,,,,,,,,-40.0,1.0,1.0,0.0,0.0,0.0,227.0
2026-07-20 21:26:23.943,,,,,,,,,-40.0,1.0,1.0,0.0,0.0,0.0,227.0
2026-07-20 21:26:24.143,,,,,,,,,-40.0,1.0,1.0,0.0,0.0,0.0,227.0
2026-07-20 21:26:24.383,,,,,,,,,-40.0,1.0,1.0,0.0,0.0,0.0,228.0
2026-07-20 21:26:24.543,,,,,,,,,-40.0,1.0,1.0,0.0,0.0,0.0,228.0
2026-07-20 21:26:24.742,,,,,,,,,-40.0,1.0,1.0,0.0,0.0,0.0,228.0
2026-07-20 21:26:24.943,,,,,,,,,-40.0,1.0,1.0,0.0,0.0,0.0,228.0
2026-07-20 21:26:25.143,,,,,,,,,-40.0,1.0,1.0,0.0,0.0,0.0,228.0
2026-07-20 21:26:25.382,,,,,,,,,-40.0,1.0,1.0,0.0,0.0,0.0,229.0
2026-07-20 21:26:25.542,,,,,,,,,-40.0,1.0,1.0,0.0,0.0,0.0,229.0
2026-07-20 21:26:25.742,,,,,,,,,-40.0,1.0,1.0,0.0,0.0,0.0,229.0
2026-07-20 21:26:25.943,,,,,,,,,-40.0,1.0,1.0,0.0,0.0,0.0,229.0
2026-07-20 21:26:26.142,,,,,,,,,-40.0,1.0,1.0,0.0,0.0,0.0,229.0
2026-07-20 21:26:26.383,,,,,,,,,-40.0,1.0,1.0,0.0,0.0,0.0,230.0
2026-07-20 21:26:26.543,,,,,,,,,-40.0,1.0,1.0,0.0,0.0,0.0,230.0
2026-07-20 21:26:26.742,,,,,,,,,-40.0,1.0,1.0,0.0,0.0,0.0,230.0
2026-07-20 21:26:26.943,,,,,,,,,-40.0,1.0,1.0,0.0,0.0,0.0,230.0
2026-07-20 21:26:27.143,,,,,,,,,-40.0,1.0,1.0,0.0,0.0,0.0,230.0
2026-07-20 21:26:27.383,,,,,,,,,-40.0,1.0,1.0,0.0,0.0,0.0,231.0
2026-07-20 21:26:27.542,,,,,,,,,-40.0,1.0,1.0,0.0,0.0,0.0,231.0
2026-07-20 21:26:27.742,,,,,,,,,-40.0,1.0,1.0,0.0,0.0,0.0,231.0
2026-07-20 21:26:27.942,,,,,,,,,-40.0,1.0,1.0,0.0,0.0,0.0,231.0
2026-07-20 21:26:28.143,,,,,,,,,-40.0,1.0,1.0,0.0,0.0,0.0,231.0
2026-07-20 21:26:28.383,,,,,,,,,-40.0,1.0,1.0,0.0,0.0,0.0,232.0
2026-07-20 21:26:28.543,,,,,,,,,-40.0,1.0,1.0,0.0,0.0,0.0,232.0
2026-07-20 21:26:28.742,,,,,,,,,-40.0,1.0,1.0,0.0,0.0,0.0,232.0
2026-07-20 21:26:28.943,,,,,,,,,-40.0,1.0,1.0,0.0,0.0,0.0,232.0
2026-07-20 21:26:29.142,,,,,,,,,-40.0,1.0,1.0,0.0,0.0,0.0,232.0
2026-07-20 21:26:29.383,,,,,,,,,-40.0,1.0,1.0,0.0,0.0,0.0,233.0
2026-07-20 21:26:29.543,,,,,,,,,-40.0,1.0,1.0,0.0,0.0,0.0,233.0
2026-07-20 21:26:29.742,,,,,,,,,-40.0,1.0,1.0,0.0,0.0,0.0,233.0
2026-07-20 21:26:29.942,,,,,,,,,-40.0,1.0,1.0,0.0,0.0,0.0,233.0
2026-07-20 21:26:30.143,,,,,,,,,-40.0,1.0,1.0,0.0,0.0,0.0,233.0
2026-07-20 21:26:30.384,,,,,,,,,-40.0,1.0,1.0,0.0,0.0,0.0,234.0
2026-07-20 21:26:30.542,,,,,,,,,-40.0,1.0,1.0,0.0,0.0,0.0,234.0
2026-07-20 21:26:30.743,,,,,,,,,-40.0,1.0,1.0,0.0,0.0,0.0,234.0
2026-07-20 21:26:30.943,,,,,,,,,-40.0,1.0,1.0,0.0,0.0,0.0,234.0
2026-07-20 21:26:31.143,,,,,,,,,-40.0,1.0,1.0,0.0,0.0,0.0,234.0
2026-07-20 21:26:31.383,,,,,,,,,-40.0,1.0,1.0,0.0,0.0,0.0,235.0
2026-07-20 21:26:31.542,,,,,,,,,-40.0,1.0,1.0,0.0,0.0,0.0,235.0
2026-07-20 21:26:31.742,,,,,,,,,-40.0,1.0,1.0,0.0,0.0,0.0,235.0
2026-07-20 21:26:31.943,,,,,,,,,-40.0,1.0,1.0,0.0,0.0,0.0,235.0
2026-07-20 21:26:32.142,,,,,,,,,-40.0,1.0,1.0,0.0,0.0,0.0,235.0
2026-07-20 21:26:32.382,,,,,,,,,-40.0,1.0,1.0,0.0,0.0,0.0,236.0
2026-07-20 21:26:32.543,,,,,,,,,-40.0,1.0,1.0,0.0,0.0,0.0,236.0
2026-07-20 21:26:32.742,,,,,,,,,-40.0,1.0,1.0,0.0,0.0,0.0,236.0
2026-07-20 21:26:32.943,,,,,,,,,-40.0,1.0,1.0,0.0,0.0,0.0,236.0
2026-07-20 21:26:33.143,,,,,,,,,-40.0,1.0,1.0,0.0,0.0,0.0,236.0
2026-07-20 21:26:33.382,,,,,,,,,-40.0,1.0,1.0,0.0,0.0,0.0,237.0
2026-07-20 21:26:33.542,,,,,,,,,-40.0,1.0,1.0,0.0,0.0,0.0,237.0
2026-07-20 21:26:33.742,,,,,,,,,-40.0,1.0,1.0,0.0,0.0,0.0,237.0
2026-07-20 21:26:33.943,,,,,,,,,-40.0,1.0,1.0,0.0,0.0,0.0,237.0
2026-07-20 21:26:34.143,,,,,,,,,-40.0,1.0,1.0,0.0,0.0,0.0,237.0
2026-07-20 21:26:34.383,,,,,,,,,-40.0,1.0,1.0,0.0,0.0,0.0,238.0
2026-07-20 21:26:34.542,,,,,,,,,-40.0,1.0,1.0,0.0,0.0,0.0,238.0
2026-07-20 21:26:34.742,,,,,,,,,-40.0,1.0,1.0,0.0,0.0,0.0,238.0
2026-07-20 21:26:34.943,,,,,,,,,-40.0,1.0,1.0,0.0,0.0,0.0,238.0
2026-07-20 21:26:35.143,,,,,,,,,-40.0,1.0,1.0,0.0,0.0,0.0,238.0
2026-07-20 21:26:35.383,,,,,,,,,-40.0,1.0,1.0,0.0,0.0,0.0,239.0
2026-07-20 21:26:35.543,,,,,,,,,-40.0,1.0,1.0,0.0,0.0,0.0,239.0
2026-07-20 21:26:35.743,,,,,,,,,-40.0,1.0,1.0,0.0,0.0,0.0,239.0
2026-07-20 21:26:35.943,,,,,,,,,-40.0,1.0,1.0,0.0,0.0,0.0,239.0
2026-07-20 21:26:36.142,,,,,,,,,-40.0,1.0,1.0,0.0,0.0,0.0,239.0
2026-07-20 21:26:36.382,,,,,,,,,-40.0,1.0,1.0,0.0,0.0,0.0,240.0
2026-07-20 21:26:36.543,,,,,,,,,-40.0,1.0,1.0,0.0,0.0,0.0,240.0
2026-07-20 21:26:36.742,,,,,,,,,-40.0,1.0,1.0,0.0,0.0,0.0,240.0
2026-07-20 21:26:36.942,,,,,,,,,-40.0,1.0,1.0,0.0,0.0,0.0,240.0
2026-07-20 21:26:37.142,,,,,,,,,-40.0,1.0,1.0,0.0,0.0,0.0,240.0
2026-07-20 21:26:37.383,,,,,,,,,-40.0,1.0,1.0,0.0,0.0,0.0,241.0
2026-07-20 21:26:37.542,,,,,,,,,-40.0,1.0,1.0,0.0,0.0,0.0,241.0
2026-07-20 21:26:37.742,,,,,,,,,-40.0,1.0,1.0,0.0,0.0,0.0,241.0
2026-07-20 21:26:37.942,,,,,,,,,-40.0,1.0,1.0,0.0,0.0,0.0,241.0
2026-07-20 21:26:38.142,,,,,,,,,-40.0,1.0,1.0,0.0,0.0,0.0,241.0
2026-07-20 21:26:38.383,,,,,,,,,-40.0,1.0,1.0,0.0,0.0,0.0,242.0
2026-07-20 21:26:38.543,,,,,,,,,-40.0,1.0,1.0,0.0,0.0,0.0,242.0
2026-07-20 21:26:38.742,,,,,,,,,-40.0,1.0,1.0,0.0,0.0,0.0,242.0
2026-07-20 21:26:38.943,,,,,,,,,-40.0,1.0,1.0,0.0,0.0,0.0,242.0
2026-07-20 21:26:39.142,,,,,,,,,-40.0,1.0,1.0,0.0,0.0,0.0,242.0
2026-07-20 21:26:39.383,,,,,,,,,-40.0,1.0,1.0,0.0,0.0,0.0,243.0
2026-07-20 21:26:39.543,,,,,,,,,-40.0,1.0,1.0,0.0,0.0,0.0,243.0
2026-07-20 21:26:39.742,,,,,,,,,-40.0,1.0,1.0,0.0,0.0,0.0,243.0
2026-07-20 21:26:39.943,,,,,,,,,-40.0,1.0,1.0,0.0,0.0,0.0,243.0
2026-07-20 21:26:40.143,,,,,,,,,-40.0,1.0,1.0,0.0,0.0,0.0,243.0
2026-07-20 21:26:40.382,,,,,,,,,-40.0,1.0,1.0,0.0,0.0,0.0,244.0
2026-07-20 21:26:40.542,,,,,,,,,-40.0,1.0,1.0,0.0,0.0,0.0,244.0
2026-07-20 21:26:40.742,,,,,,,,,-40.0,1.0,1.0,0.0,0.0,0.0,244.0
2026-07-20 21:26:40.942,,,,,,,,,-40.0,1.0,1.0,0.0,0.0,0.0,244.0
2026-07-20 21:26:41.143,,,,,,,,,-40.0,1.0,1.0,0.0,0.0,0.0,244.0
2026-07-20 21:26:41.382,,,,,,,,,-40.0,1.0,1.0,0.0,0.0,0.0,245.0
2026-07-20 21:26:41.542,,,,,,,,,-40.0,1.0,1.0,0.0,0.0,0.0,245.0
2026-07-20 21:26:41.742,,,,,,,,,-40.0,1.0,1.0,0.0,0.0,0.0,245.0
2026-07-20 21:26:41.943,,,,,,,,,-40.0,1.0,1.0,0.0,0.0,0.0,245.0
2026-07-20 21:26:42.142,,,,,,,,,-40.0,1.0,1.0,0.0,0.0,0.0,245.0
2026-07-20 21:26:42.382,,,,,,,,,-40.0,1.0,1.0,0.0,0.0,0.0,246.0
2026-07-20 21:26:42.542,,,,,,,,,-40.0,1.0,1.0,0.0,0.0,0.0,246.0
2026-07-20 21:26:42.742,,,,,,,,,-40.0,1.0,1.0,0.0,0.0,0.0,246.0
2026-07-20 21:26:42.942,,,,,,,,,-40.0,1.0,1.0,0.0,0.0,0.0,246.0
2026-07-20 21:26:43.142,,,,,,,,,-40.0,1.0,1.0,0.0,0.0,0.0,246.0
2026-07-20 21:26:43.382,,,,,,,,,-40.0,1.0,1.0,0.0,0.0,0.0,247.0
2026-07-20 21:26:43.542,,,,,,,,,-40.0,1.0,1.0,0.0,0.0,0.0,247.0
2026-07-20 21:26:43.742,,,,,,,,,-40.0,1.0,1.0,0.0,0.0,0.0,247.0
2026-07-20 21:26:43.943,,,,,,,,,-40.0,1.0,1.0,0.0,0.0,0.0,247.0
2026-07-20 21:26:44.142,,,,,,,,,-40.0,1.0,1.0,0.0,0.0,0.0,247.0
2026-07-20 21:26:44.383,,,,,,,,,-40.0,1.0,1.0,0.0,0.0,0.0,248.0
2026-07-20 21:26:44.542,,,,,,,,,-40.0,1.0,1.0,0.0,0.0,0.0,248.0
2026-07-20 21:26:44.742,,,,,,,,,-40.0,1.0,1.0,0.0,0.0,0.0,248.0
2026-07-20 21:26:44.943,,,,,,,,,-40.0,1.0,1.0,0.0,0.0,0.0,248.0
2026-07-20 21:26:45.142,,,,,,,,,-40.0,1.0,1.0,0.0,0.0,0.0,248.0
2026-07-20 21:26:45.383,,,,,,,,,-40.0,1.0,1.0,0.0,0.0,0.0,249.0
2026-07-20 21:26:45.542,,,,,,,,,-40.0,1.0,1.0,0.0,0.0,0.0,249.0
2026-07-20 21:26:45.742,,,,,,,,,-40.0,1.0,1.0,0.0,0.0,0.0,249.0
2026-07-20 21:26:45.942,,,,,,,,,-40.0,1.0,1.0,0.0,0.0,0.0,249.0
2026-07-20 21:26:46.142,,,,,,,,,-40.0,1.0,1.0,0.0,0.0,0.0,249.0
2026-07-20 21:26:46.382,,,,,,,,,-40.0,1.0,1.0,0.0,0.0,0.0,250.0
2026-07-20 21:26:46.542,,,,,,,,,-40.0,1.0,1.0,0.0,0.0,0.0,250.0
2026-07-20 21:26:46.742,,,,,,,,,-40.0,1.0,1.0,0.0,0.0,0.0,250.0
2026-07-20 21:26:46.943,,,,,,,,,-40.0,1.0,1.0,0.0,0.0,0.0,250.0
2026-07-20 21:26:47.142,,,,,,,,,-40.0,1.0,1.0,0.0,0.0,0.0,250.0
2026-07-20 21:26:47.381,,,,,,,,,-40.0,1.0,1.0,0.0,0.0,0.0,251.0
2026-07-20 21:26:47.542,,,,,,,,,-40.0,1.0,1.0,0.0,0.0,0.0,251.0
2026-07-20 21:26:47.742,,,,,,,,,-40.0,1.0,1.0,0.0,0.0,0.0,251.0
2026-07-20 21:26:47.942,,,,,,,,,-40.0,1.0,1.0,0.0,0.0,0.0,251.0
2026-07-20 21:26:48.142,,,,,,,,,-40.0,1.0,1.0,0.0,0.0,0.0,251.0
2026-07-20 21:26:48.382,,,,,,,,,-40.0,1.0,1.0,0.0,0.0,0.0,252.0
2026-07-20 21:26:48.542,,,,,,,,,-40.0,1.0,1.0,0.0,0.0,0.0,252.0
2026-07-20 21:26:48.742,,,,,,,,,-40.0,1.0,1.0,0.0,0.0,0.0,252.0
2026-07-20 21:26:48.942,,,,,,,,,-40.0,1.0,1.0,0.0,0.0,0.0,252.0
2026-07-20 21:26:49.142,,,,,,,,,-40.0,1.0,1.0,0.0,0.0,0.0,252.0
2026-07-20 21:26:49.381,,,,,,,,,-40.0,1.0,1.0,0.0,0.0,0.0,253.0
2026-07-20 21:26:49.542,,,,,,,,,-40.0,1.0,1.0,0.0,0.0,0.0,253.0
2026-07-20 21:26:49.741,,,,,,,,,-40.0,1.0,1.0,0.0,0.0,0.0,253.0
2026-07-20 21:26:49.943,,,,,,,,,-40.0,1.0,1.0,0.0,0.0,0.0,253.0
2026-07-20 21:26:50.142,,,,,,,,,-40.0,1.0,1.0,0.0,0.0,0.0,253.0
2026-07-20 21:26:50.382,,,,,,,,,-40.0,1.0,1.0,0.0,0.0,0.0,254.0
2026-07-20 21:26:50.541,,,,,,,,,-40.0,1.0,1.0,0.0,0.0,0.0,254.0
2026-07-20 21:26:50.742,,,,,,,,,-40.0,1.0,1.0,0.0,0.0,0.0,254.0
2026-07-20 21:26:50.942,,,,,,,,,-40.0,1.0,1.0,0.0,0.0,0.0,254.0
2026-07-20 21:26:51.142,,,,,,,,,-40.0,1.0,1.0,0.0,0.0,0.0,254.0
2026-07-20 21:26:51.383,,,,,,,,,-40.0,1.0,1.0,0.0,0.0,0.0,255.0
2026-07-20 21:26:51.542,,,,,,,,,-40.0,1.0,1.0,0.0,0.0,0.0,255.0
2026-07-20 21:26:51.741,,,,,,,,,-40.0,1.0,1.0,0.0,0.0,0.0,255.0
2026-07-20 21:26:51.942,,,,,,,,,-40.0,1.0,1.0,0.0,0.0,0.0,255.0
2026-07-20 21:26:52.142,,,,,,,,,-40.0,1.0,1.0,0.0,0.0,0.0,255.0
2026-07-20 21:26:52.382,,,,,,,,,-40.0,1.0,1.0,0.0,0.0,0.0,256.0
2026-07-20 21:26:52.543,,,,,,,,,-40.0,1.0,1.0,0.0,0.0,0.0,256.0
2026-07-20 21:26:52.741,,,,,,,,,-40.0,1.0,1.0,0.0,0.0,0.0,256.0
2026-07-20 21:26:52.942,,,,,,,,,-40.0,1.0,1.0,0.0,0.0,0.0,256.0
2026-07-20 21:26:53.142,,,,,,,,,-40.0,1.0,1.0,0.0,0.0,0.0,256.0
2026-07-20 21:26:53.382,,,,,,,,,-40.0,1.0,1.0,0.0,0.0,0.0,257.0
2026-07-20 21:26:53.542,,,,,,,,,-40.0,1.0,1.0,0.0,0.0,0.0,257.0
2026-07-20 21:26:53.741,,,,,,,,,-40.0,1.0,1.0,0.0,0.0,0.0,257.0
2026-07-20 21:26:53.942,,,,,,,,,-40.0,1.0,1.0,0.0,0.0,0.0,257.0
2026-07-20 21:26:54.142,,,,,,,,,-40.0,1.0,1.0,0.0,0.0,0.0,257.0
2026-07-20 21:26:54.383,,,,,,,,,-40.0,1.0,1.0,0.0,0.0,0.0,258.0
2026-07-20 21:26:54.543,,,,,,,,,-40.0,1.0,1.0,0.0,0.0,0.0,258.0
2026-07-20 21:26:54.742,,,,,,,,,-40.0,1.0,1.0,0.0,0.0,0.0,258.0
2026-07-20 21:26:54.942,,,,,,,,,-40.0,1.0,1.0,0.0,0.0,0.0,258.0
2026-07-20 21:26:55.141,,,,,,,,,-40.0,1.0,1.0,0.0,0.0,0.0,258.0
2026-07-20 21:26:55.382,,,,,,,,,-40.0,1.0,1.0,0.0,0.0,0.0,259.0
2026-07-20 21:26:55.542,,,,,,,,,-40.0,1.0,1.0,0.0,0.0,0.0,259.0
2026-07-20 21:26:55.741,,,,,,,,,-40.0,1.0,1.0,0.0,0.0,0.0,259.0
2026-07-20 21:26:55.942,,,,,,,,,-40.0,1.0,1.0,0.0,0.0,0.0,259.0
2026-07-20 21:26:56.142,,,,,,,,,-40.0,1.0,1.0,0.0,0.0,0.0,259.0
2026-07-20 21:26:56.383,,,,,,,,,-40.0,1.0,1.0,0.0,0.0,0.0,260.0
2026-07-20 21:26:56.542,,,,,,,,,-40.0,1.0,1.0,0.0,0.0,0.0,260.0
2026-07-20 21:26:56.741,,,,,,,,,-40.0,1.0,1.0,0.0,0.0,0.0,260.0
2026-07-20 21:26:56.942,,,,,,,,,-40.0,1.0,1.0,0.0,0.0,0.0,260.0
2026-07-20 21:26:57.142,,,,,,,,,-40.0,1.0,1.0,0.0,0.0,0.0,260.0
2026-07-20 21:26:57.382,,,,,,,,,-40.0,1.0,1.0,0.0,0.0,0.0,261.0
2026-07-20 21:26:57.542,,,,,,,,,-40.0,1.0,1.0,0.0,0.0,0.0,261.0
2026-07-20 21:26:57.741,,,,,,,,,-40.0,1.0,1.0,0.0,0.0,0.0,261.0
2026-07-20 21:26:57.942,,,,,,,,,-40.0,1.0,1.0,0.0,0.0,0.0,261.0
2026-07-20 21:26:58.142,,,,,,,,,-40.0,1.0,1.0,0.0,0.0,0.0,261.0
2026-07-20 21:26:58.382,,,,,,,,,-40.0,1.0,1.0,0.0,0.0,0.0,262.0
2026-07-20 21:26:58.542,,,,,,,,,-40.0,1.0,1.0,0.0,0.0,0.0,262.0
2026-07-20 21:26:58.741,,,,,,,,,-40.0,1.0,1.0,0.0,0.0,0.0,262.0
2026-07-20 21:26:58.942,,,,,,,,,-40.0,1.0,1.0,0.0,0.0,0.0,262.0
2026-07-20 21:26:59.142,,,,,,,,,-40.0,1.0,1.0,0.0,0.0,0.0,262.0
2026-07-20 21:26:59.381,,,,,,,,,-40.0,1.0,1.0,0.0,0.0,0.0,263.0
2026-07-20 21:26:59.542,,,,,,,,,-40.0,1.0,1.0,0.0,0.0,0.0,263.0
2026-07-20 21:26:59.742,,,,,,,,,-40.0,1.0,1.0,0.0,0.0,0.0,263.0
2026-07-20 21:26:59.942,,,,,,,,,-40.0,1.0,1.0,0.0,0.0,0.0,263.0
2026-07-20 21:27:00.142,,,,,,,,,-40.0,1.0,1.0,0.0,0.0,0.0,263.0
2026-07-20 21:27:00.382,,,,,,,,,-40.0,1.0,1.0,0.0,0.0,0.0,264.0
2026-07-20 21:27:00.542,,,,,,,,,-40.0,1.0,1.0,0.0,0.0,0.0,264.0
2026-07-20 21:27:00.743,,,,,,,,,-40.0,1.0,1.0,0.0,0.0,0.0,264.0
2026-07-20 21:27:00.942,,,,,,,,,-40.0,1.0,1.0,0.0,0.0,0.0,264.0
2026-07-20 21:27:01.142,,,,,,,,,-40.0,1.0,1.0,0.0,0.0,0.0,264.0
2026-07-20 21:27:01.382,,,,,,,,,-40.0,1.0,1.0,0.0,0.0,0.0,265.0
2026-07-20 21:27:01.542,,,,,,,,,-40.0,1.0,1.0,0.0,0.0,0.0,265.0
2026-07-20 21:27:01.742,,,,,,,,,-40.0,1.0,1.0,0.0,0.0,0.0,265.0
2026-07-20 21:27:01.943,,,,,,,,,-40.0,1.0,1.0,0.0,0.0,0.0,265.0
2026-07-20 21:27:02.142,,,,,,,,,-40.0,1.0,1.0,0.0,0.0,0.0,265.0
2026-07-20 21:27:02.382,,,,,,,,,-40.0,1.0,1.0,0.0,0.0,0.0,266.0
2026-07-20 21:27:02.542,,,,,,,,,-40.0,1.0,1.0,0.0,0.0,0.0,266.0
2026-07-20 21:27:02.741,,,,,,,,,-40.0,1.0,1.0,0.0,0.0,0.0,266.0
2026-07-20 21:27:02.942,,,,,,,,,-40.0,1.0,1.0,0.0,0.0,0.0,266.0
2026-07-20 21:27:03.142,,,,,,,,,-40.0,1.0,1.0,0.0,0.0,0.0,266.0
2026-07-20 21:27:03.382,,,,,,,,,-40.0,1.0,1.0,0.0,0.0,0.0,267.0
2026-07-20 21:27:03.542,,,,,,,,,-40.0,1.0,1.0,0.0,0.0,0.0,267.0
2026-07-20 21:27:03.741,,,,,,,,,-40.0,1.0,1.0,0.0,0.0,0.0,267.0
2026-07-20 21:27:03.943,,,,,,,,,-40.0,1.0,1.0,0.0,0.0,0.0,267.0
2026-07-20 21:27:04.142,,,,,,,,,-40.0,1.0,1.0,0.0,0.0,0.0,267.0
2026-07-20 21:27:04.382,,,,,,,,,-40.0,1.0,1.0,0.0,0.0,0.0,268.0
2026-07-20 21:27:04.542,,,,,,,,,-40.0,1.0,1.0,0.0,0.0,0.0,268.0
2026-07-20 21:27:04.741,,,,,,,,,-40.0,1.0,1.0,0.0,0.0,0.0,268.0
2026-07-20 21:27:04.942,,,,,,,,,-40.0,1.0,1.0,0.0,0.0,0.0,268.0
2026-07-20 21:27:05.142,,,,,,,,,-40.0,1.0,1.0,0.0,0.0,0.0,268.0
2026-07-20 21:27:05.382,,,,,,,,,-40.0,1.0,1.0,0.0,0.0,0.0,269.0
2026-07-20 21:27:05.542,,,,,,,,,-40.0,1.0,1.0,0.0,0.0,0.0,269.0
2026-07-20 21:27:05.741,,,,,,,,,-40.0,1.0,1.0,0.0,0.0,0.0,269.0
2026-07-20 21:27:05.942,,,,,,,,,-40.0,1.0,1.0,0.0,0.0,0.0,269.0
2026-07-20 21:27:06.142,,,,,,,,,-40.0,1.0,1.0,0.0,0.0,0.0,269.0
2026-07-20 21:27:06.382,,,,,,,,,-40.0,1.0,1.0,0.0,0.0,0.0,270.0
2026-07-20 21:27:06.541,,,,,,,,,-40.0,1.0,1.0,0.0,0.0,0.0,270.0
2026-07-20 21:27:06.741,,,,,,,,,-40.0,1.0,1.0,0.0,0.0,0.0,270.0
2026-07-20 21:27:06.942,,,,,,,,,-40.0,1.0,1.0,0.0,0.0,0.0,270.0
2026-07-20 21:27:07.141,,,,,,,,,-40.0,1.0,1.0,0.0,0.0,0.0,270.0
2026-07-20 21:27:07.382,,,,,,,,,-40.0,1.0,1.0,0.0,0.0,0.0,271.0
2026-07-20 21:27:07.542,,,,,,,,,-40.0,1.0,1.0,0.0,0.0,0.0,271.0
2026-07-20 21:27:07.741,,,,,,,,,-40.0,1.0,1.0,0.0,0.0,0.0,271.0
2026-07-20 21:27:07.942,,,,,,,,,-40.0,1.0,1.0,0.0,0.0,0.0,271.0
2026-07-20 21:27:08.142,,,,,,,,,-40.0,1.0,1.0,0.0,0.0,0.0,271.0
2026-07-20 21:27:08.382,,,,,,,,,-40.0,1.0,1.0,0.0,0.0,0.0,272.0
2026-07-20 21:27:08.542,,,,,,,,,-40.0,1.0,1.0,0.0,0.0,0.0,272.0
2026-07-20 21:27:08.741,,,,,,,,,-40.0,1.0,1.0,0.0,0.0,0.0,272.0
2026-07-20 21:27:08.942,,,,,,,,,-40.0,1.0,1.0,0.0,0.0,0.0,272.0
2026-07-20 21:27:09.141,,,,,,,,,-40.0,1.0,1.0,0.0,0.0,0.0,272.0
2026-07-20 21:27:09.383,,,,,,,,,-40.0,1.0,1.0,0.0,0.0,0.0,273.0
2026-07-20 21:27:09.542,,,,,,,,,-40.0,1.0,1.0,0.0,0.0,0.0,273.0
2026-07-20 21:27:09.742,,,,,,,,,-40.0,1.0,1.0,0.0,0.0,0.0,273.0
2026-07-20 21:27:09.942,,,,,,,,,-40.0,1.0,1.0,0.0,0.0,0.0,273.0
2026-07-20 21:27:10.141,,,,,,,,,-40.0,1.0,1.0,0.0,0.0,0.0,273.0
2026-07-20 21:27:10.385,,,,,,,,,-40.0,1.0,1.0,0.0,0.0,0.0,274.0
2026-07-20 21:27:10.542,,,,,,,,,-40.0,1.0,1.0,0.0,0.0,0.0,274.0
2026-07-20 21:27:10.742,,,,,,,,,-40.0,1.0,1.0,0.0,0.0,0.0,274.0
2026-07-20 21:27:10.942,,,,,,,,,-40.0,1.0,1.0,0.0,0.0,0.0,274.0
2026-07-20 21:27:11.142,,,,,,,,,-40.0,1.0,1.0,0.0,0.0,0.0,274.0
2026-07-20 21:27:11.383,,,,,,,,,-40.0,1.0,1.0,0.0,0.0,0.0,275.0
2026-07-20 21:27:11.541,,,,,,,,,-40.0,1.0,1.0,0.0,0.0,0.0,275.0
2026-07-20 21:27:11.741,,,,,,,,,-40.0,1.0,1.0,0.0,0.0,0.0,275.0
2026-07-20 21:27:11.941,,,,,,,,,-40.0,1.0,1.0,0.0,0.0,0.0,275.0
2026-07-20 21:27:12.142,,,,,,,,,-40.0,1.0,1.0,0.0,0.0,0.0,275.0
2026-07-20 21:27:12.382,,,,,,,,,-40.0,1.0,1.0,0.0,0.0,0.0,276.0
2026-07-20 21:27:12.542,,,,,,,,,-40.0,1.0,1.0,0.0,0.0,0.0,276.0
2026-07-20 21:27:12.742,,,,,,,,,-40.0,1.0,1.0,0.0,0.0,0.0,276.0
2026-07-20 21:27:12.942,,,,,,,,,-40.0,1.0,1.0,0.0,0.0,0.0,276.0
2026-07-20 21:27:13.141,,,,,,,,,-40.0,1.0,1.0,0.0,0.0,0.0,276.0
2026-07-20 21:27:13.383,,,,,,,,,-40.0,1.0,1.0,0.0,0.0,0.0,277.0
2026-07-20 21:27:13.542,,,,,,,,,-40.0,1.0,1.0,0.0,0.0,0.0,277.0
2026-07-20 21:27:13.742,,,,,,,,,-40.0,1.0,1.0,0.0,0.0,0.0,277.0
2026-07-20 21:27:13.941,,,,,,,,,-40.0,1.0,1.0,0.0,0.0,0.0,277.0
2026-07-20 21:27:14.142,,,,,,,,,-40.0,1.0,1.0,0.0,0.0,0.0,277.0
2026-07-20 21:27:14.382,,,,,,,,,-40.0,1.0,1.0,0.0,0.0,0.0,278.0
2026-07-20 21:27:14.542,,,,,,,,,-40.0,1.0,1.0,0.0,0.0,0.0,278.0
2026-07-20 21:27:14.741,,,,,,,,,-40.0,1.0,1.0,0.0,0.0,0.0,278.0
2026-07-20 21:27:14.942,,,,,,,,,-40.0,1.0,1.0,0.0,0.0,0.0,278.0
2026-07-20 21:27:15.142,,,,,,,,,-40.0,1.0,1.0,0.0,0.0,0.0,278.0
2026-07-20 21:27:15.381,,,,,,,,,-40.0,1.0,1.0,0.0,0.0,0.0,279.0
2026-07-20 21:27:15.541,,,,,,,,,-40.0,1.0,1.0,0.0,0.0,0.0,279.0
2026-07-20 21:27:15.741,,,,,,,,,-40.0,1.0,1.0,0.0,0.0,0.0,279.0
2026-07-20 21:27:15.942,,,,,,,,,-40.0,1.0,1.0,0.0,0.0,0.0,279.0
2026-07-20 21:27:16.141,,,,,,,,,-40.0,1.0,1.0,0.0,0.0,0.0,279.0
2026-07-20 21:27:16.383,,,,,,,,,-40.0,1.0,1.0,0.0,0.0,0.0,280.0
2026-07-20 21:27:16.542,,,,,,,,,-40.0,1.0,1.0,0.0,0.0,0.0,280.0
2026-07-20 21:27:16.741,,,,,,,,,-40.0,1.0,1.0,0.0,0.0,0.0,280.0
2026-07-20 21:27:16.942,,,,,,,,,-40.0,1.0,1.0,0.0,0.0,0.0,280.0
2026-07-20 21:27:17.141,,,,,,,,,-40.0,1.0,1.0,0.0,0.0,0.0,280.0
2026-07-20 21:27:17.382,,,,,,,,,-40.0,1.0,1.0,0.0,0.0,0.0,281.0
2026-07-20 21:27:17.542,,,,,,,,,-40.0,1.0,1.0,0.0,0.0,0.0,281.0
2026-07-20 21:27:17.742,,,,,,,,,-40.0,1.0,1.0,0.0,0.0,0.0,281.0
2026-07-20 21:27:17.942,,,,,,,,,-40.0,1.0,1.0,0.0,0.0,0.0,281.0
2026-07-20 21:27:18.142,,,,,,,,,-40.0,1.0,1.0,0.0,0.0,0.0,281.0
2026-07-20 21:27:18.383,,,,,,,,,-40.0,1.0,1.0,0.0,0.0,0.0,282.0
2026-07-20 21:27:18.541,,,,,,,,,-40.0,1.0,1.0,0.0,0.0,0.0,282.0
2026-07-20 21:27:18.741,,,,,,,,,-40.0,1.0,1.0,0.0,0.0,0.0,282.0
2026-07-20 21:27:18.941,,,,,,,,,-40.0,1.0,1.0,0.0,0.0,0.0,282.0
2026-07-20 21:27:19.142,,,,,,,,,-40.0,1.0,1.0,0.0,0.0,0.0,282.0
2026-07-20 21:27:19.382,,,,,,,,,-40.0,1.0,1.0,0.0,0.0,0.0,283.0
2026-07-20 21:27:19.541,,,,,,,,,-40.0,1.0,1.0,0.0,0.0,0.0,283.0
2026-07-20 21:27:19.741,,,,,,,,,-40.0,1.0,1.0,0.0,0.0,0.0,283.0
2026-07-20 21:27:19.942,,,,,,,,,-40.0,1.0,1.0,0.0,0.0,0.0,283.0
2026-07-20 21:27:20.141,,,,,,,,,-40.0,1.0,1.0,0.0,0.0,0.0,283.0
2026-07-20 21:27:20.382,,,,,,,,,-40.0,1.0,1.0,0.0,0.0,0.0,284.0
2026-07-20 21:27:20.542,,,,,,,,,-40.0,1.0,1.0,0.0,0.0,0.0,284.0
2026-07-20 21:27:20.741,,,,,,,,,-40.0,1.0,1.0,0.0,0.0,0.0,284.0
2026-07-20 21:27:20.942,,,,,,,,,-40.0,1.0,1.0,0.0,0.0,0.0,284.0
2026-07-20 21:27:21.142,,,,,,,,,-40.0,1.0,1.0,0.0,0.0,0.0,284.0
2026-07-20 21:27:21.382,,,,,,,,,-40.0,1.0,1.0,0.0,0.0,0.0,285.0
2026-07-20 21:27:21.542,,,,,,,,,-40.0,1.0,1.0,0.0,0.0,0.0,285.0
2026-07-20 21:27:21.741,,,,,,,,,-40.0,1.0,1.0,0.0,0.0,0.0,285.0
2026-07-20 21:27:21.942,,,,,,,,,-40.0,1.0,1.0,0.0,0.0,0.0,285.0
2026-07-20 21:27:22.141,,,,,,,,,-40.0,1.0,1.0,0.0,0.0,0.0,285.0
2026-07-20 21:27:22.382,,,,,,,,,-40.0,1.0,1.0,0.0,0.0,0.0,286.0
2026-07-20 21:27:22.542,,,,,,,,,-40.0,1.0,1.0,0.0,0.0,0.0,286.0
2026-07-20 21:27:22.741,,,,,,,,,-40.0,1.0,1.0,0.0,0.0,0.0,286.0
2026-07-20 21:27:22.941,,,,,,,,,-40.0,1.0,1.0,0.0,0.0,0.0,286.0
2026-07-20 21:27:23.141,,,,,,,,,-40.0,1.0,1.0,0.0,0.0,0.0,286.0
2026-07-20 21:27:23.382,,,,,,,,,-40.0,1.0,1.0,0.0,0.0,0.0,287.0
2026-07-20 21:27:23.543,,,,,,,,,-40.0,1.0,1.0,0.0,0.0,0.0,287.0
2026-07-20 21:27:23.741,,,,,,,,,-40.0,1.0,1.0,0.0,0.0,0.0,287.0
2026-07-20 21:27:23.941,,,,,,,,,-40.0,1.0,1.0,0.0,0.0,0.0,287.0
2026-07-20 21:27:24.141,,,,,,,,,-40.0,1.0,1.0,0.0,0.0,0.0,287.0
2026-07-20 21:27:24.381,,,,,,,,,-40.0,1.0,1.0,0.0,0.0,0.0,288.0
2026-07-20 21:27:24.541,,,,,,,,,-40.0,1.0,1.0,0.0,0.0,0.0,288.0
2026-07-20 21:27:24.741,,,,,,,,,-40.0,1.0,1.0,0.0,0.0,0.0,288.0
2026-07-20 21:27:24.942,,,,,,,,,-40.0,1.0,1.0,0.0,0.0,0.0,288.0
2026-07-20 21:27:25.141,,,,,,,,,-40.0,1.0,1.0,0.0,0.0,0.0,288.0
2026-07-20 21:27:25.382,,,,,,,,,-40.0,1.0,1.0,0.0,0.0,0.0,289.0
2026-07-20 21:27:25.542,,,,,,,,,-40.0,1.0,1.0,0.0,0.0,0.0,289.0
2026-07-20 21:27:25.741,,,,,,,,,-40.0,1.0,1.0,0.0,0.0,0.0,289.0
2026-07-20 21:27:25.941,,,,,,,,,-40.0,1.0,1.0,0.0,0.0,0.0,289.0
2026-07-20 21:27:26.141,,,,,,,,,-40.0,1.0,1.0,0.0,0.0,0.0,289.0
2026-07-20 21:27:26.383,,,,,,,,,-40.0,1.0,1.0,0.0,0.0,0.0,290.0
2026-07-20 21:27:26.542,,,,,,,,,-40.0,1.0,1.0,0.0,0.0,0.0,290.0
2026-07-20 21:27:26.741,,,,,,,,,-40.0,1.0,1.0,0.0,0.0,0.0,290.0
2026-07-20 21:27:26.941,,,,,,,,,-40.0,1.0,1.0,0.0,0.0,0.0,290.0
2026-07-20 21:27:27.141,,,,,,,,,-40.0,1.0,1.0,0.0,0.0,0.0,290.0
2026-07-20 21:27:27.382,,,,,,,,,-40.0,1.0,1.0,0.0,0.0,0.0,291.0
2026-07-20 21:27:27.542,,,,,,,,,-40.0,1.0,1.0,0.0,0.0,0.0,291.0
2026-07-20 21:27:27.741,,,,,,,,,-40.0,1.0,1.0,0.0,0.0,0.0,291.0
2026-07-20 21:27:27.941,,,,,,,,,-40.0,1.0,1.0,0.0,0.0,0.0,291.0
2026-07-20 21:27:28.142,,,,,,,,,-40.0,1.0,1.0,0.0,0.0,0.0,291.0
2026-07-20 21:27:28.382,,,,,,,,,-40.0,1.0,1.0,0.0,0.0,0.0,292.0
2026-07-20 21:27:28.541,,,,,,,,,-40.0,1.0,1.0,0.0,0.0,0.0,292.0
2026-07-20 21:27:28.742,,,,,,,,,-40.0,1.0,1.0,0.0,0.0,0.0,292.0
2026-07-20 21:27:28.941,,,,,,,,,-40.0,1.0,1.0,0.0,0.0,0.0,292.0
2026-07-20 21:27:29.141,,,,,,,,,-40.0,1.0,1.0,0.0,0.0,0.0,292.0
2026-07-20 21:27:29.382,,,,,,,,,-40.0,1.0,1.0,0.0,0.0,0.0,293.0
2026-07-20 21:27:29.541,,,,,,,,,-40.0,1.0,1.0,0.0,0.0,0.0,293.0
2026-07-20 21:27:29.742,,,,,,,,,-40.0,1.0,1.0,0.0,0.0,0.0,293.0
2026-07-20 21:27:29.942,,,,,,,,,-40.0,1.0,1.0,0.0,0.0,0.0,293.0
2026-07-20 21:27:30.141,,,,,,,,,-40.0,1.0,1.0,0.0,0.0,0.0,293.0
2026-07-20 21:27:30.382,,,,,,,,,-40.0,1.0,1.0,0.0,0.0,0.0,294.0
2026-07-20 21:27:30.541,,,,,,,,,-40.0,1.0,1.0,0.0,0.0,0.0,294.0
2026-07-20 21:27:30.742,,,,,,,,,-40.0,1.0,1.0,0.0,0.0,0.0,294.0
2026-07-20 21:27:30.941,,,,,,,,,-40.0,1.0,1.0,0.0,0.0,0.0,294.0
2026-07-20 21:27:31.142,,,,,,,,,-40.0,1.0,1.0,0.0,0.0,0.0,294.0
2026-07-20 21:27:31.381,,,,,,,,,-40.0,1.0,1.0,0.0,0.0,0.0,295.0
2026-07-20 21:27:31.541,,,,,,,,,-40.0,1.0,1.0,0.0,0.0,0.0,295.0
2026-07-20 21:27:31.741,,,,,,,,,-40.0,1.0,1.0,0.0,0.0,0.0,295.0
2026-07-20 21:27:31.941,,,,,,,,,-40.0,1.0,1.0,0.0,0.0,0.0,295.0
2026-07-20 21:27:32.141,,,,,,,,,-40.0,1.0,1.0,0.0,0.0,0.0,295.0
2026-07-20 21:27:32.383,,,,,,,,,-40.0,1.0,1.0,0.0,0.0,0.0,296.0
2026-07-20 21:27:32.541,,,,,,,,,-40.0,1.0,1.0,0.0,0.0,0.0,296.0
2026-07-20 21:27:32.741,,,,,,,,,-40.0,1.0,1.0,0.0,0.0,0.0,296.0
2026-07-20 21:27:32.941,,,,,,,,,-40.0,1.0,1.0,0.0,0.0,0.0,296.0
2026-07-20 21:27:33.141,,,,,,,,,-40.0,1.0,1.0,0.0,0.0,0.0,296.0
2026-07-20 21:27:33.382,,,,,,,,,-40.0,1.0,1.0,0.0,0.0,0.0,297.0
2026-07-20 21:27:33.541,,,,,,,,,-40.0,1.0,1.0,0.0,0.0,0.0,297.0
2026-07-20 21:27:33.741,,,,,,,,,-40.0,1.0,1.0,0.0,0.0,0.0,297.0
2026-07-20 21:27:33.942,,,,,,,,,-40.0,1.0,1.0,0.0,0.0,0.0,297.0
2026-07-20 21:27:34.142,,,,,,,,,-40.0,1.0,1.0,0.0,0.0,0.0,297.0
2026-07-20 21:27:34.381,,,,,,,,,-40.0,1.0,1.0,0.0,0.0,0.0,298.0
2026-07-20 21:27:34.541,,,,,,,,,-40.0,1.0,1.0,0.0,0.0,0.0,298.0
2026-07-20 21:27:34.740,,,,,,,,,-40.0,1.0,1.0,0.0,0.0,0.0,298.0
2026-07-20 21:27:34.941,,,,,,,,,-40.0,1.0,1.0,0.0,0.0,0.0,298.0
2026-07-20 21:27:35.141,,,,,,,,,-40.0,1.0,1.0,0.0,0.0,0.0,298.0
2026-07-20 21:27:35.382,,,,,,,,,-40.0,1.0,1.0,0.0,0.0,0.0,299.0
2026-07-20 21:27:35.541,,,,,,,,,-40.0,1.0,1.0,0.0,0.0,0.0,299.0
2026-07-20 21:27:35.741,,,,,,,,,-40.0,1.0,1.0,0.0,0.0,0.0,299.0
2026-07-20 21:27:35.942,,,,,,,,,-40.0,1.0,1.0,0.0,0.0,0.0,299.0
2026-07-20 21:27:36.141,,,,,,,,,-40.0,1.0,1.0,0.0,0.0,0.0,299.0
2026-07-20 21:27:36.382,,,,,,,,,-40.0,1.0,1.0,0.0,0.0,0.0,300.0
2026-07-20 21:27:36.541,,,,,,,,,-40.0,1.0,1.0,0.0,0.0,0.0,300.0
2026-07-20 21:27:36.742,,,,,,,,,-40.0,1.0,1.0,0.0,0.0,0.0,300.0
2026-07-20 21:27:36.941,,,,,,,,,-40.0,1.0,1.0,0.0,0.0,0.0,300.0
2026-07-20 21:27:37.141,,,,,,,,,-40.0,1.0,1.0,0.0,0.0,0.0,300.0
2026-07-20 21:27:37.382,,,,,,,,,-40.0,1.0,1.0,0.0,0.0,0.0,301.0
2026-07-20 21:27:37.541,,,,,,,,,-40.0,1.0,1.0,0.0,0.0,0.0,301.0
2026-07-20 21:27:37.741,,,,,,,,,-40.0,1.0,1.0,0.0,0.0,0.0,301.0
2026-07-20 21:27:37.941,,,,,,,,,-40.0,1.0,1.0,0.0,0.0,0.0,301.0
2026-07-20 21:27:38.141,,,,,,,,,-40.0,1.0,1.0,0.0,0.0,0.0,301.0
2026-07-20 21:27:38.382,,,,,,,,,-40.0,1.0,1.0,0.0,0.0,0.0,302.0
2026-07-20 21:27:38.541,,,,,,,,,-40.0,1.0,1.0,0.0,0.0,0.0,302.0
2026-07-20 21:27:38.742,,,,,,,,,-40.0,1.0,1.0,0.0,0.0,0.0,302.0
2026-07-20 21:27:38.941,,,,,,,,,-40.0,1.0,1.0,0.0,0.0,0.0,302.0
2026-07-20 21:27:39.141,,,,,,,,,-40.0,1.0,1.0,0.0,0.0,0.0,302.0
2026-07-20 21:27:39.382,,,,,,,,,-40.0,1.0,1.0,0.0,0.0,0.0,303.0
2026-07-20 21:27:39.548,,,,,,,,,-40.0,1.0,1.0,0.0,0.0,0.0,303.0
2026-07-20 21:27:39.741,,,,,,,,,-40.0,1.0,1.0,0.0,0.0,0.0,303.0
2026-07-20 21:27:39.941,,,,,,,,,-40.0,1.0,1.0,0.0,0.0,0.0,303.0
2026-07-20 21:27:40.141,,,,,,,,,-40.0,1.0,1.0,0.0,0.0,0.0,303.0
2026-07-20 21:27:40.382,,,,,,,,,-40.0,1.0,1.0,0.0,0.0,0.0,304.0
2026-07-20 21:27:40.549,,,,,,,,,-40.0,1.0,1.0,0.0,0.0,0.0,304.0
2026-07-20 21:27:40.741,,,,,,,,,-40.0,1.0,1.0,0.0,0.0,0.0,304.0
2026-07-20 21:27:40.941,,,,,,,,,-40.0,1.0,1.0,0.0,0.0,0.0,304.0
2026-07-20 21:27:41.141,,,,,,,,,-40.0,1.0,1.0,0.0,0.0,0.0,304.0
2026-07-20 21:27:41.382,,,,,,,,,-40.0,1.0,1.0,0.0,0.0,0.0,305.0
2026-07-20 21:27:41.551,,,,,,,,,-40.0,1.0,1.0,0.0,0.0,0.0,305.0
2026-07-20 21:27:41.740,,,,,,,,,-40.0,1.0,1.0,0.0,0.0,0.0,305.0
2026-07-20 21:27:41.941,,,,,,,,,-40.0,1.0,1.0,0.0,0.0,0.0,305.0
2026-07-20 21:27:42.140,,,,,,,,,-40.0,1.0,1.0,0.0,0.0,0.0,305.0
2026-07-20 21:27:42.382,,,,,,,,,-40.0,1.0,1.0,0.0,0.0,0.0,306.0
2026-07-20 21:27:42.549,,,,,,,,,-40.0,1.0,1.0,0.0,0.0,0.0,306.0
2026-07-20 21:27:42.741,,,,,,,,,-40.0,1.0,1.0,0.0,0.0,0.0,306.0
2026-07-20 21:27:42.941,,,,,,,,,-40.0,1.0,1.0,0.0,0.0,0.0,306.0
2026-07-20 21:27:43.140,,,,,,,,,-40.0,1.0,1.0,0.0,0.0,0.0,306.0
2026-07-20 21:27:43.383,,,,,,,,,-40.0,1.0,1.0,0.0,0.0,0.0,307.0
2026-07-20 21:27:43.565,,,,,,,,,-40.0,1.0,1.0,0.0,0.0,0.0,307.0
2026-07-20 21:27:43.741,,,,,,,,,-40.0,1.0,1.0,0.0,0.0,0.0,307.0
2026-07-20 21:27:43.941,,,,,,,,,-40.0,1.0,1.0,0.0,0.0,0.0,307.0
2026-07-20 21:27:44.140,,,,,,,,,-40.0,1.0,1.0,0.0,0.0,0.0,307.0
2026-07-20 21:27:44.381,,,,,,,,,-40.0,1.0,1.0,0.0,0.0,0.0,308.0
2026-07-20 21:27:44.567,,,,,,,,,-40.0,1.0,1.0,0.0,0.0,0.0,308.0
2026-07-20 21:27:44.740,,,,,,,,,-40.0,1.0,1.0,0.0,0.0,0.0,308.0
2026-07-20 21:27:44.940,,,,,,,,,-40.0,1.0,1.0,0.0,0.0,0.0,308.0
2026-07-20 21:27:45.156,,,,,,,,,-40.0,1.0,1.0,0.0,0.0,0.0,308.0
2026-07-20 21:27:45.381,,,,,,,,,-40.0,1.0,1.0,0.0,0.0,0.0,309.0
2026-07-20 21:27:45.541,,,,,,,,,-40.0,1.0,1.0,0.0,0.0,0.0,309.0
2026-07-20 21:27:45.741,,,,,,,,,-40.0,1.0,1.0,0.0,0.0,0.0,309.0
2026-07-20 21:27:45.941,,,,,,,,,-40.0,1.0,1.0,0.0,0.0,0.0,309.0
2026-07-20 21:27:46.140,,,,,,,,,-40.0,1.0,1.0,0.0,0.0,0.0,309.0
2026-07-20 21:27:46.382,,,,,,,,,-40.0,1.0,1.0,0.0,0.0,0.0,310.0
2026-07-20 21:27:46.541,,,,,,,,,-40.0,1.0,1.0,0.0,0.0,0.0,310.0
2026-07-20 21:27:46.740,,,,,,,,,-40.0,1.0,1.0,0.0,0.0,0.0,310.0
2026-07-20 21:27:46.941,,,,,,,,,-40.0,1.0,1.0,0.0,0.0,0.0,310.0
2026-07-20 21:27:47.141,,,,,,,,,-40.0,1.0,1.0,0.0,0.0,0.0,310.0
2026-07-20 21:27:47.382,,,,,,,,,-40.0,1.0,1.0,0.0,0.0,0.0,311.0
2026-07-20 21:27:47.541,,,,,,,,,-40.0,1.0,1.0,0.0,0.0,0.0,311.0
2026-07-20 21:27:47.741,,,,,,,,,-40.0,1.0,1.0,0.0,0.0,0.0,311.0
2026-07-20 21:27:47.941,,,,,,,,,-40.0,1.0,1.0,0.0,0.0,0.0,311.0
2026-07-20 21:27:48.141,,,,,,,,,-40.0,1.0,1.0,0.0,0.0,0.0,311.0
2026-07-20 21:27:48.381,,,,,,,,,-40.0,1.0,1.0,0.0,0.0,0.0,312.0
2026-07-20 21:27:48.541,,,,,,,,,-40.0,1.0,1.0,0.0,0.0,0.0,312.0
2026-07-20 21:27:48.741,,,,,,,,,-40.0,1.0,1.0,0.0,0.0,0.0,312.0
2026-07-20 21:27:48.940,,,,,,,,,-40.0,1.0,1.0,0.0,0.0,0.0,312.0
2026-07-20 21:27:49.141,,,,,,,,,-40.0,1.0,1.0,0.0,0.0,0.0,312.0
2026-07-20 21:27:49.383,,,,,,,,,-40.0,1.0,1.0,0.0,0.0,0.0,313.0
2026-07-20 21:27:49.541,,,,,,,,,-40.0,1.0,1.0,0.0,0.0,0.0,313.0
2026-07-20 21:27:49.740,,,,,,,,,-40.0,1.0,1.0,0.0,0.0,0.0,313.0
2026-07-20 21:27:49.941,,,,,,,,,-40.0,1.0,1.0,0.0,0.0,0.0,313.0
2026-07-20 21:27:50.141,,,,,,,,,-40.0,1.0,1.0,0.0,0.0,0.0,313.0
2026-07-20 21:27:50.382,,,,,,,,,-40.0,1.0,1.0,0.0,0.0,0.0,314.0
2026-07-20 21:27:50.541,,,,,,,,,-40.0,1.0,1.0,0.0,0.0,0.0,314.0
2026-07-20 21:27:50.741,,,,,,,,,-40.0,1.0,1.0,0.0,0.0,0.0,314.0
2026-07-20 21:27:50.940,,,,,,,,,-40.0,1.0,1.0,0.0,0.0,0.0,314.0
2026-07-20 21:27:51.140,,,,,,,,,-40.0,1.0,1.0,0.0,0.0,0.0,314.0
2026-07-20 21:27:51.382,,,,,,,,,-40.0,1.0,1.0,0.0,0.0,0.0,315.0
2026-07-20 21:27:51.541,,,,,,,,,-40.0,1.0,1.0,0.0,0.0,0.0,315.0
2026-07-20 21:27:51.740,,,,,,,,,-40.0,1.0,1.0,0.0,0.0,0.0,315.0
2026-07-20 21:27:51.940,,,,,,,,,-40.0,1.0,1.0,0.0,0.0,0.0,315.0
2026-07-20 21:27:52.140,,,,,,,,,-40.0,1.0,1.0,0.0,0.0,0.0,315.0
2026-07-20 21:27:52.381,,,,,,,,,-40.0,1.0,1.0,0.0,0.0,0.0,316.0
2026-07-20 21:27:52.541,,,,,,,,,-40.0,1.0,1.0,0.0,0.0,0.0,316.0
2026-07-20 21:27:52.741,,,,,,,,,-40.0,1.0,1.0,0.0,0.0,0.0,316.0
2026-07-20 21:27:52.941,,,,,,,,,-40.0,1.0,1.0,0.0,0.0,0.0,316.0
2026-07-20 21:27:53.141,,,,,,,,,-40.0,1.0,1.0,0.0,0.0,0.0,316.0
2026-07-20 21:27:53.380,,,,,,,,,-40.0,1.0,1.0,0.0,0.0,0.0,317.0
2026-07-20 21:27:53.541,,,,,,,,,-40.0,1.0,1.0,0.0,0.0,0.0,317.0
2026-07-20 21:27:53.741,,,,,,,,,-40.0,1.0,1.0,0.0,0.0,0.0,317.0
2026-07-20 21:27:53.941,,,,,,,,,-40.0,1.0,1.0,0.0,0.0,0.0,317.0
2026-07-20 21:27:54.141,,,,,,,,,-40.0,1.0,1.0,0.0,0.0,0.0,317.0
2026-07-20 21:27:54.382,,,,,,,,,-40.0,1.0,1.0,0.0,0.0,0.0,318.0
2026-07-20 21:27:54.558,,,,,,,,,-40.0,1.0,1.0,0.0,0.0,0.0,318.0
2026-07-20 21:27:54.740,,,,,,,,,-40.0,1.0,1.0,0.0,0.0,0.0,318.0
2026-07-20 21:27:54.941,,,,,,,,,-40.0,1.0,1.0,0.0,0.0,0.0,318.0
2026-07-20 21:27:55.141,,,,,,,,,-40.0,1.0,1.0,0.0,0.0,0.0,318.0
2026-07-20 21:27:55.382,,,,,,,,,-40.0,1.0,1.0,0.0,0.0,0.0,319.0
2026-07-20 21:27:55.541,,,,,,,,,-40.0,1.0,1.0,0.0,0.0,0.0,319.0
2026-07-20 21:27:55.741,,,,,,,,,-40.0,1.0,1.0,0.0,0.0,0.0,319.0
2026-07-20 21:27:55.940,,,,,,,,,-40.0,1.0,1.0,0.0,0.0,0.0,319.0
2026-07-20 21:27:56.141,,,,,,,,,-40.0,1.0,1.0,0.0,0.0,0.0,319.0
2026-07-20 21:27:56.382,,,,,,,,,-40.0,1.0,1.0,0.0,0.0,0.0,320.0
2026-07-20 21:27:56.540,,,,,,,,,-40.0,1.0,1.0,0.0,0.0,0.0,320.0
2026-07-20 21:27:56.741,,,,,,,,,-40.0,1.0,1.0,0.0,0.0,0.0,320.0
2026-07-20 21:27:56.941,,,,,,,,,-40.0,1.0,1.0,0.0,0.0,0.0,320.0
2026-07-20 21:27:57.141,,,,,,,,,-40.0,1.0,1.0,0.0,0.0,0.0,320.0
2026-07-20 21:27:57.382,,,,,,,,,-40.0,1.0,1.0,0.0,0.0,0.0,321.0
2026-07-20 21:27:57.541,,,,,,,,,-40.0,1.0,1.0,0.0,0.0,0.0,321.0
2026-07-20 21:27:57.740,,,,,,,,,-40.0,1.0,1.0,0.0,0.0,0.0,321.0
2026-07-20 21:27:57.941,,,,,,,,,-40.0,1.0,1.0,0.0,0.0,0.0,321.0
2026-07-20 21:27:58.141,,,,,,,,,-40.0,1.0,1.0,0.0,0.0,0.0,321.0
2026-07-20 21:27:58.383,,,,,,,,,-40.0,1.0,1.0,0.0,0.0,0.0,322.0
2026-07-20 21:27:58.557,,,,,,,,,-40.0,1.0,1.0,0.0,0.0,0.0,322.0
2026-07-20 21:27:58.741,,,,,,,,,-40.0,1.0,1.0,0.0,0.0,0.0,322.0
2026-07-20 21:27:58.940,,,,,,,,,-40.0,1.0,1.0,0.0,0.0,0.0,322.0
2026-07-20 21:27:59.140,,,,,,,,,-40.0,1.0,1.0,0.0,0.0,0.0,322.0
2026-07-20 21:27:59.381,,,,,,,,,-40.0,1.0,1.0,0.0,0.0,0.0,323.0
2026-07-20 21:27:59.559,,,,,,,,,-40.0,1.0,1.0,0.0,0.0,0.0,323.0
2026-07-20 21:27:59.741,,,,,,,,,-40.0,1.0,1.0,0.0,0.0,0.0,323.0
2026-07-20 21:27:59.941,,,,,,,,,-40.0,1.0,1.0,0.0,0.0,0.0,323.0
2026-07-20 21:28:00.140,,,,,,,,,-40.0,1.0,1.0,0.0,0.0,0.0,323.0
2026-07-20 21:28:00.381,,,,,,,,,-40.0,1.0,1.0,0.0,0.0,0.0,324.0
2026-07-20 21:28:00.541,,,,,,,,,-40.0,1.0,1.0,0.0,0.0,0.0,324.0
2026-07-20 21:28:00.740,,,,,,,,,-40.0,1.0,1.0,0.0,0.0,0.0,324.0
2026-07-20 21:28:00.941,,,,,,,,,-40.0,1.0,1.0,0.0,0.0,0.0,324.0
2026-07-20 21:28:01.141,,,,,,,,,-40.0,1.0,1.0,0.0,0.0,0.0,324.0
2026-07-20 21:28:01.381,,,,,,,,,-40.0,1.0,1.0,0.0,0.0,0.0,325.0
2026-07-20 21:28:01.541,,,,,,,,,-40.0,1.0,1.0,0.0,0.0,0.0,325.0
2026-07-20 21:28:01.741,,,,,,,,,-40.0,1.0,1.0,0.0,0.0,0.0,325.0
2026-07-20 21:28:01.940,,,,,,,,,-40.0,1.0,1.0,0.0,0.0,0.0,325.0
2026-07-20 21:28:02.140,,,,,,,,,-40.0,1.0,1.0,0.0,0.0,0.0,325.0
2026-07-20 21:28:02.382,,,,,,,,,-40.0,1.0,1.0,0.0,0.0,0.0,326.0
2026-07-20 21:28:02.540,,,,,,,,,-40.0,1.0,1.0,0.0,0.0,0.0,326.0
2026-07-20 21:28:02.741,,,,,,,,,-40.0,1.0,1.0,0.0,0.0,0.0,326.0
2026-07-20 21:28:02.940,,,,,,,,,-40.0,1.0,1.0,0.0,0.0,0.0,326.0
2026-07-20 21:28:03.140,,,,,,,,,-40.0,1.0,1.0,0.0,0.0,0.0,326.0
2026-07-20 21:28:03.381,,,,,,,,,-40.0,1.0,1.0,0.0,0.0,0.0,327.0
2026-07-20 21:28:03.540,,,,,,,,,-40.0,1.0,1.0,0.0,0.0,0.0,327.0
2026-07-20 21:28:03.740,,,,,,,,,-40.0,1.0,1.0,0.0,0.0,0.0,327.0
2026-07-20 21:28:03.940,,,,,,,,,-40.0,1.0,1.0,0.0,0.0,0.0,327.0
2026-07-20 21:28:04.140,,,,,,,,,-40.0,1.0,1.0,0.0,0.0,0.0,327.0
2026-07-20 21:28:04.380,,,,,,,,,-40.0,1.0,1.0,0.0,0.0,0.0,328.0
2026-07-20 21:28:04.557,,,,,,,,,-40.0,1.0,1.0,0.0,0.0,0.0,328.0
2026-07-20 21:28:04.740,,,,,,,,,-40.0,1.0,1.0,0.0,0.0,0.0,328.0
2026-07-20 21:28:04.940,,,,,,,,,-40.0,1.0,1.0,0.0,0.0,0.0,328.0
2026-07-20 21:28:05.141,,,,,,,,,-40.0,1.0,1.0,0.0,0.0,0.0,328.0
2026-07-20 21:28:05.382,,,,,,,,,-40.0,1.0,1.0,0.0,0.0,0.0,329.0
2026-07-20 21:28:05.541,,,,,,,,,-40.0,1.0,1.0,0.0,0.0,0.0,329.0
2026-07-20 21:28:05.741,,,,,,,,,-40.0,1.0,1.0,0.0,0.0,0.0,329.0
2026-07-20 21:28:05.940,,,,,,,,,-40.0,1.0,1.0,0.0,0.0,0.0,329.0
2026-07-20 21:28:06.141,,,,,,,,,-40.0,1.0,1.0,0.0,0.0,0.0,329.0
2026-07-20 21:28:06.380,,,,,,,,,-40.0,1.0,1.0,0.0,0.0,0.0,330.0
2026-07-20 21:28:06.540,,,,,,,,,-40.0,1.0,1.0,0.0,0.0,0.0,330.0
2026-07-20 21:28:06.740,,,,,,,,,-40.0,1.0,1.0,0.0,0.0,0.0,330.0
2026-07-20 21:28:06.940,,,,,,,,,-40.0,1.0,1.0,0.0,0.0,0.0,330.0
2026-07-20 21:28:07.140,,,,,,,,,-40.0,1.0,1.0,0.0,0.0,0.0,330.0
2026-07-20 21:28:07.381,,,,,,,,,-40.0,1.0,1.0,0.0,0.0,0.0,331.0
2026-07-20 21:28:07.541,,,,,,,,,-40.0,1.0,1.0,0.0,0.0,0.0,331.0
2026-07-20 21:28:07.740,,,,,,,,,-40.0,1.0,1.0,0.0,0.0,0.0,331.0
2026-07-20 21:28:07.940,,,,,,,,,-40.0,1.0,1.0,0.0,0.0,0.0,331.0
2026-07-20 21:28:08.141,,,,,,,,,-40.0,1.0,1.0,0.0,0.0,0.0,331.0
2026-07-20 21:28:08.381,,,,,,,,,-40.0,1.0,1.0,0.0,0.0,0.0,332.0
2026-07-20 21:28:08.540,,,,,,,,,-40.0,1.0,1.0,0.0,0.0,0.0,332.0
2026-07-20 21:28:08.740,,,,,,,,,-40.0,1.0,1.0,0.0,0.0,0.0,332.0
2026-07-20 21:28:08.940,,,,,,,,,-40.0,1.0,1.0,0.0,0.0,0.0,332.0
2026-07-20 21:28:09.140,,,,,,,,,-40.0,1.0,1.0,0.0,0.0,0.0,332.0
2026-07-20 21:28:09.382,,,,,,,,,-40.0,1.0,1.0,0.0,0.0,0.0,333.0
2026-07-20 21:28:09.540,,,,,,,,,-40.0,1.0,1.0,0.0,0.0,0.0,333.0
2026-07-20 21:28:09.740,,,,,,,,,-40.0,1.0,1.0,0.0,0.0,0.0,333.0
2026-07-20 21:28:09.941,,,,,,,,,-40.0,1.0,1.0,0.0,0.0,0.0,333.0
2026-07-20 21:28:10.140,,,,,,,,,-40.0,1.0,1.0,0.0,0.0,0.0,333.0
2026-07-20 21:28:10.383,,,,,,,,,-40.0,1.0,1.0,0.0,0.0,0.0,334.0
2026-07-20 21:28:10.549,,,,,,,,,-40.0,1.0,1.0,0.0,0.0,0.0,334.0
2026-07-20 21:28:10.740,,,,,,,,,-40.0,1.0,1.0,0.0,0.0,0.0,334.0
2026-07-20 21:28:10.941,,,,,,,,,-40.0,1.0,1.0,0.0,0.0,0.0,334.0
2026-07-20 21:28:11.141,,,,,,,,,-40.0,1.0,1.0,0.0,0.0,0.0,334.0
2026-07-20 21:28:11.381,,,,,,,,,-40.0,1.0,1.0,0.0,0.0,0.0,335.0
2026-07-20 21:28:11.559,,,,,,,,,-40.0,1.0,1.0,0.0,0.0,0.0,335.0
2026-07-20 21:28:11.740,,,,,,,,,-40.0,1.0,1.0,0.0,0.0,0.0,335.0
2026-07-20 21:28:11.940,,,,,,,,,-40.0,1.0,1.0,0.0,0.0,0.0,335.0
2026-07-20 21:28:12.140,,,,,,,,,-40.0,1.0,1.0,0.0,0.0,0.0,335.0
2026-07-20 21:28:12.381,,,,,,,,,-40.0,1.0,1.0,0.0,0.0,0.0,336.0
2026-07-20 21:28:12.540,,,,,,,,,-40.0,1.0,1.0,0.0,0.0,0.0,336.0
2026-07-20 21:28:12.739,,,,,,,,,-40.0,1.0,1.0,0.0,0.0,0.0,336.0
2026-07-20 21:28:12.940,,,,,,,,,-40.0,1.0,1.0,0.0,0.0,0.0,336.0
2026-07-20 21:28:13.140,,,,,,,,,-40.0,1.0,1.0,0.0,0.0,0.0,336.0
2026-07-20 21:28:13.380,,,,,,,,,-40.0,1.0,1.0,0.0,0.0,0.0,337.0
2026-07-20 21:28:13.540,,,,,,,,,-40.0,1.0,1.0,0.0,0.0,0.0,337.0
2026-07-20 21:28:13.740,,,,,,,,,-40.0,1.0,1.0,0.0,0.0,0.0,337.0
2026-07-20 21:28:13.941,,,,,,,,,-40.0,1.0,1.0,0.0,0.0,0.0,337.0
2026-07-20 21:28:14.140,,,,,,,,,-40.0,1.0,1.0,0.0,0.0,0.0,337.0
2026-07-20 21:28:14.381,,,,,,,,,-40.0,1.0,1.0,0.0,0.0,0.0,338.0
2026-07-20 21:28:14.540,,,,,,,,,-40.0,1.0,1.0,0.0,0.0,0.0,338.0
2026-07-20 21:28:14.741,,,,,,,,,-40.0,1.0,1.0,0.0,0.0,0.0,338.0
2026-07-20 21:28:14.940,,,,,,,,,-40.0,1.0,1.0,0.0,0.0,0.0,338.0
2026-07-20 21:28:15.140,,,,,,,,,-40.0,1.0,1.0,0.0,0.0,0.0,338.0
2026-07-20 21:28:15.382,,,,,,,,,-40.0,1.0,1.0,0.0,0.0,0.0,339.0
2026-07-20 21:28:15.540,,,,,,,,,-40.0,1.0,1.0,0.0,0.0,0.0,339.0
2026-07-20 21:28:15.741,,,,,,,,,-40.0,1.0,1.0,0.0,0.0,0.0,339.0
2026-07-20 21:28:15.940,,,,,,,,,-40.0,1.0,1.0,0.0,0.0,0.0,339.0
2026-07-20 21:28:16.140,,,,,,,,,-40.0,1.0,1.0,0.0,0.0,0.0,339.0
2026-07-20 21:28:16.380,,,,,,,,,-40.0,1.0,1.0,0.0,0.0,0.0,340.0
2026-07-20 21:28:16.541,,,,,,,,,-40.0,1.0,1.0,0.0,0.0,0.0,340.0
2026-07-20 21:28:16.740,,,,,,,,,-40.0,1.0,1.0,0.0,0.0,0.0,340.0
2026-07-20 21:28:16.941,,,,,,,,,-40.0,1.0,1.0,0.0,0.0,0.0,340.0
2026-07-20 21:28:17.140,,,,,,,,,-40.0,1.0,1.0,0.0,0.0,0.0,340.0
2026-07-20 21:28:17.380,,,,,,,,,-40.0,1.0,1.0,0.0,0.0,0.0,341.0
2026-07-20 21:28:17.541,,,,,,,,,-40.0,1.0,1.0,0.0,0.0,0.0,341.0
2026-07-20 21:28:17.740,,,,,,,,,-40.0,1.0,1.0,0.0,0.0,0.0,341.0
2026-07-20 21:28:17.940,,,,,,,,,-40.0,1.0,1.0,0.0,0.0,0.0,341.0
2026-07-20 21:28:18.140,,,,,,,,,-40.0,1.0,1.0,0.0,0.0,0.0,341.0
2026-07-20 21:28:18.381,,,,,,,,,-40.0,1.0,1.0,0.0,0.0,0.0,342.0
2026-07-20 21:28:18.540,,,,,,,,,-40.0,1.0,1.0,0.0,0.0,0.0,342.0
2026-07-20 21:28:18.740,,,,,,,,,-40.0,1.0,1.0,0.0,0.0,0.0,342.0
2026-07-20 21:28:18.940,,,,,,,,,-40.0,1.0,1.0,0.0,0.0,0.0,342.0
2026-07-20 21:28:19.140,,,,,,,,,-40.0,1.0,1.0,0.0,0.0,0.0,342.0
2026-07-20 21:28:19.381,,,,,,,,,-40.0,1.0,1.0,0.0,0.0,0.0,343.0
2026-07-20 21:28:19.540,,,,,,,,,-40.0,1.0,1.0,0.0,0.0,0.0,343.0
2026-07-20 21:28:19.740,,,,,,,,,-40.0,1.0,1.0,0.0,0.0,0.0,343.0
2026-07-20 21:28:19.940,,,,,,,,,-40.0,1.0,1.0,0.0,0.0,0.0,343.0
2026-07-20 21:28:20.140,,,,,,,,,-40.0,1.0,1.0,0.0,0.0,0.0,343.0
2026-07-20 21:28:20.380,,,,,,,,,-40.0,1.0,1.0,0.0,0.0,0.0,344.0
2026-07-20 21:28:20.541,,,,,,,,,-40.0,1.0,1.0,0.0,0.0,0.0,344.0
2026-07-20 21:28:20.740,,,,,,,,,-40.0,1.0,1.0,0.0,0.0,0.0,344.0
2026-07-20 21:28:20.940,,,,,,,,,-40.0,1.0,1.0,0.0,0.0,0.0,344.0
2026-07-20 21:28:21.139,,,,,,,,,-40.0,1.0,1.0,0.0,0.0,0.0,344.0
2026-07-20 21:28:21.380,,,,,,,,,-40.0,1.0,1.0,0.0,0.0,0.0,345.0
2026-07-20 21:28:21.559,,,,,,,,,-40.0,1.0,1.0,0.0,0.0,0.0,345.0
2026-07-20 21:28:21.740,,,,,,,,,-40.0,1.0,1.0,0.0,0.0,0.0,345.0
2026-07-20 21:28:21.940,,,,,,,,,-40.0,1.0,1.0,0.0,0.0,0.0,345.0
2026-07-20 21:28:22.140,,,,,,,,,-40.0,1.0,1.0,0.0,0.0,0.0,345.0
2026-07-20 21:28:22.384,,,,,,,,,-40.0,1.0,1.0,0.0,0.0,0.0,346.0
2026-07-20 21:28:22.553,,,,,,,,,-40.0,1.0,1.0,0.0,0.0,0.0,346.0
2026-07-20 21:28:22.740,,,,,,,,,-40.0,1.0,1.0,0.0,0.0,0.0,346.0
2026-07-20 21:28:22.940,,,,,,,,,-40.0,1.0,1.0,0.0,0.0,0.0,346.0
2026-07-20 21:28:23.140,,,,,,,,,-40.0,1.0,1.0,0.0,0.0,0.0,346.0
2026-07-20 21:28:23.380,,,,,,,,,-40.0,1.0,1.0,0.0,0.0,0.0,347.0
2026-07-20 21:28:23.565,,,,,,,,,-40.0,1.0,1.0,0.0,0.0,0.0,347.0
2026-07-20 21:28:23.740,,,,,,,,,-40.0,1.0,1.0,0.0,0.0,0.0,347.0
2026-07-20 21:28:23.940,,,,,,,,,-40.0,1.0,1.0,0.0,0.0,0.0,347.0
2026-07-20 21:28:24.140,,,,,,,,,-40.0,1.0,1.0,0.0,0.0,0.0,347.0
2026-07-20 21:28:24.381,,,,,,,,,-40.0,1.0,1.0,0.0,0.0,0.0,348.0
2026-07-20 21:28:24.540,,,,,,,,,-40.0,1.0,1.0,0.0,0.0,0.0,348.0
2026-07-20 21:28:24.740,,,,,,,,,-40.0,1.0,1.0,0.0,0.0,0.0,348.0
2026-07-20 21:28:24.941,,,,,,,,,-40.0,1.0,1.0,0.0,0.0,0.0,348.0
2026-07-20 21:28:25.140,,,,,,,,,-40.0,1.0,1.0,0.0,0.0,0.0,348.0
2026-07-20 21:28:25.381,,,,,,,,,-40.0,1.0,1.0,0.0,0.0,0.0,349.0
2026-07-20 21:28:25.554,,,,,,,,,-40.0,1.0,1.0,0.0,0.0,0.0,349.0
2026-07-20 21:28:25.740,,,,,,,,,-40.0,1.0,1.0,0.0,0.0,0.0,349.0
2026-07-20 21:28:25.941,,,,,,,,,-40.0,1.0,1.0,0.0,0.0,0.0,349.0
2026-07-20 21:28:26.140,,,,,,,,,-40.0,1.0,1.0,0.0,0.0,0.0,349.0
2026-07-20 21:28:26.380,,,,,,,,,-40.0,1.0,1.0,0.0,0.0,0.0,350.0
2026-07-20 21:28:26.539,,,,,,,,,-40.0,1.0,1.0,0.0,0.0,0.0,350.0
2026-07-20 21:28:26.740,,,,,,,,,-40.0,1.0,1.0,0.0,0.0,0.0,350.0
2026-07-20 21:28:26.940,,,,,,,,,-40.0,1.0,1.0,0.0,0.0,0.0,350.0
2026-07-20 21:28:27.140,,,,,,,,,-40.0,1.0,1.0,0.0,0.0,0.0,350.0
2026-07-20 21:28:27.380,,,,,,,,,-40.0,1.0,1.0,0.0,0.0,0.0,351.0
2026-07-20 21:28:27.540,,,,,,,,,-40.0,1.0,1.0,0.0,0.0,0.0,351.0
2026-07-20 21:28:27.740,,,,,,,,,-40.0,1.0,1.0,0.0,0.0,0.0,351.0
2026-07-20 21:28:27.940,,,,,,,,,-40.0,1.0,1.0,0.0,0.0,0.0,351.0
2026-07-20 21:28:28.140,,,,,,,,,-40.0,1.0,1.0,0.0,0.0,0.0,351.0
2026-07-20 21:28:28.382,,,,,,,,,-40.0,1.0,1.0,0.0,0.0,0.0,352.0
2026-07-20 21:28:28.540,,,,,,,,,-40.0,1.0,1.0,0.0,0.0,0.0,352.0
2026-07-20 21:28:28.740,,,,,,,,,-40.0,1.0,1.0,0.0,0.0,0.0,352.0
2026-07-20 21:28:28.940,,,,,,,,,-40.0,1.0,1.0,0.0,0.0,0.0,352.0
2026-07-20 21:28:29.154,,,,,,,,,-40.0,1.0,1.0,0.0,0.0,0.0,352.0
2026-07-20 21:28:29.381,,,,,,,,,-40.0,1.0,1.0,0.0,0.0,0.0,353.0
2026-07-20 21:28:29.540,,,,,,,,,-40.0,1.0,1.0,0.0,0.0,0.0,353.0
2026-07-20 21:28:29.740,,,,,,,,,-40.0,1.0,1.0,0.0,0.0,0.0,353.0
2026-07-20 21:28:29.939,,,,,,,,,-40.0,1.0,1.0,0.0,0.0,0.0,353.0
2026-07-20 21:28:30.140,,,,,,,,,-40.0,1.0,1.0,0.0,0.0,0.0,353.0
2026-07-20 21:28:30.381,,,,,,,,,-40.0,1.0,1.0,0.0,0.0,0.0,354.0
2026-07-20 21:28:30.539,,,,,,,,,-40.0,1.0,1.0,0.0,0.0,0.0,354.0
2026-07-20 21:28:30.740,,,,,,,,,-40.0,1.0,1.0,0.0,0.0,0.0,354.0
2026-07-20 21:28:30.940,,,,,,,,,-40.0,1.0,1.0,0.0,0.0,0.0,354.0
2026-07-20 21:28:31.140,,,,,,,,,-40.0,1.0,1.0,0.0,0.0,0.0,354.0
2026-07-20 21:28:31.380,,,,,,,,,-40.0,1.0,1.0,0.0,0.0,0.0,355.0
2026-07-20 21:28:31.540,,,,,,,,,-40.0,1.0,1.0,0.0,0.0,0.0,355.0
2026-07-20 21:28:31.740,,,,,,,,,-40.0,1.0,1.0,0.0,0.0,0.0,355.0
2026-07-20 21:28:31.940,,,,,,,,,-40.0,1.0,1.0,0.0,0.0,0.0,355.0
2026-07-20 21:28:32.140,,,,,,,,,-40.0,1.0,1.0,0.0,0.0,0.0,355.0
2026-07-20 21:28:32.380,,,,,,,,,-40.0,1.0,1.0,0.0,0.0,0.0,356.0
2026-07-20 21:28:32.540,,,,,,,,,-40.0,1.0,1.0,0.0,0.0,0.0,356.0
2026-07-20 21:28:32.740,,,,,,,,,-40.0,1.0,1.0,0.0,0.0,0.0,356.0
2026-07-20 21:28:32.940,,,,,,,,,-40.0,1.0,1.0,0.0,0.0,0.0,356.0
2026-07-20 21:28:33.140,,,,,,,,,-40.0,1.0,1.0,0.0,0.0,0.0,356.0
2026-07-20 21:28:33.380,,,,,,,,,-40.0,1.0,1.0,0.0,0.0,0.0,357.0
2026-07-20 21:28:33.540,,,,,,,,,-40.0,1.0,1.0,0.0,0.0,0.0,357.0
2026-07-20 21:28:33.740,,,,,,,,,-40.0,1.0,1.0,0.0,0.0,0.0,357.0
2026-07-20 21:28:33.940,,,,,,,,,-40.0,1.0,1.0,0.0,0.0,0.0,357.0
2026-07-20 21:28:34.140,,,,,,,,,-40.0,1.0,1.0,0.0,0.0,0.0,357.0
2026-07-20 21:28:34.380,,,,,,,,,-40.0,1.0,1.0,0.0,0.0,0.0,358.0
2026-07-20 21:28:34.540,,,,,,,,,-40.0,1.0,1.0,0.0,0.0,0.0,358.0
2026-07-20 21:28:34.740,,,,,,,,,-40.0,1.0,1.0,0.0,0.0,0.0,358.0
2026-07-20 21:28:34.940,,,,,,,,,-40.0,1.0,1.0,0.0,0.0,0.0,358.0
2026-07-20 21:28:35.140,,,,,,,,,-40.0,1.0,1.0,0.0,0.0,0.0,358.0
2026-07-20 21:28:35.380,,,,,,,,,-40.0,1.0,1.0,0.0,0.0,0.0,359.0
2026-07-20 21:28:35.540,,,,,,,,,-40.0,1.0,1.0,0.0,0.0,0.0,359.0
2026-07-20 21:28:35.739,,,,,,,,,-40.0,1.0,1.0,0.0,0.0,0.0,359.0
2026-07-20 21:28:35.940,,,,,,,,,-40.0,1.0,1.0,0.0,0.0,0.0,359.0
2026-07-20 21:28:36.140,,,,,,,,,-40.0,1.0,1.0,0.0,0.0,0.0,359.0
2026-07-20 21:28:36.380,,,,,,,,,-40.0,1.0,1.0,0.0,0.0,0.0,360.0
2026-07-20 21:28:36.539,,,,,,,,,-40.0,1.0,1.0,0.0,0.0,0.0,360.0
2026-07-20 21:28:36.740,,,,,,,,,-40.0,1.0,1.0,0.0,0.0,0.0,360.0
2026-07-20 21:28:36.940,,,,,,,,,-40.0,1.0,1.0,0.0,0.0,0.0,360.0
2026-07-20 21:28:37.140,,,,,,,,,-40.0,1.0,1.0,0.0,0.0,0.0,360.0
2026-07-20 21:28:37.381,,,,,,,,,-40.0,1.0,1.0,0.0,0.0,0.0,361.0
2026-07-20 21:28:37.539,,,,,,,,,-40.0,1.0,1.0,0.0,0.0,0.0,361.0
2026-07-20 21:28:37.740,,,,,,,,,-40.0,1.0,1.0,0.0,0.0,0.0,361.0
2026-07-20 21:28:37.940,,,,,,,,,-40.0,1.0,1.0,0.0,0.0,0.0,361.0
2026-07-20 21:28:38.140,,,,,,,,,-40.0,1.0,1.0,0.0,0.0,0.0,361.0
2026-07-20 21:28:38.380,,,,,,,,,-40.0,1.0,1.0,0.0,0.0,0.0,362.0
2026-07-20 21:28:38.540,,,,,,,,,-40.0,1.0,1.0,0.0,0.0,0.0,362.0
2026-07-20 21:28:38.739,,,,,,,,,-40.0,1.0,1.0,0.0,0.0,0.0,362.0
2026-07-20 21:28:38.940,,,,,,,,,-40.0,1.0,1.0,0.0,0.0,0.0,362.0
2026-07-20 21:28:39.140,,,,,,,,,-40.0,1.0,1.0,0.0,0.0,0.0,362.0
2026-07-20 21:28:39.381,,,,,,,,,-40.0,1.0,1.0,0.0,0.0,0.0,363.0
2026-07-20 21:28:39.540,,,,,,,,,-40.0,1.0,1.0,0.0,0.0,0.0,363.0
2026-07-20 21:28:39.740,,,,,,,,,-40.0,1.0,1.0,0.0,0.0,0.0,363.0
2026-07-20 21:28:39.939,,,,,,,,,-40.0,1.0,1.0,0.0,0.0,0.0,363.0
2026-07-20 21:28:40.140,,,,,,,,,-40.0,1.0,1.0,0.0,0.0,0.0,363.0
2026-07-20 21:28:40.380,,,,,,,,,-40.0,1.0,1.0,0.0,0.0,0.0,364.0
2026-07-20 21:28:40.539,,,,,,,,,-40.0,1.0,1.0,0.0,0.0,0.0,364.0
2026-07-20 21:28:40.740,,,,,,,,,-40.0,1.0,1.0,0.0,0.0,0.0,364.0
2026-07-20 21:28:40.940,,,,,,,,,-40.0,1.0,1.0,0.0,0.0,0.0,364.0
2026-07-20 21:28:41.140,,,,,,,,,-40.0,1.0,1.0,0.0,0.0,0.0,364.0
2026-07-20 21:28:41.380,,,,,,,,,-40.0,1.0,1.0,0.0,0.0,0.0,365.0
2026-07-20 21:28:41.540,,,,,,,,,-40.0,1.0,1.0,0.0,0.0,0.0,365.0
2026-07-20 21:28:41.739,,,,,,,,,-40.0,1.0,1.0,0.0,0.0,0.0,365.0
2026-07-20 21:28:41.940,,,,,,,,,-40.0,1.0,1.0,0.0,0.0,0.0,365.0
2026-07-20 21:28:42.140,,,,,,,,,-40.0,1.0,1.0,0.0,0.0,0.0,365.0
2026-07-20 21:28:42.380,,,,,,,,,-40.0,1.0,1.0,0.0,0.0,0.0,366.0
2026-07-20 21:28:42.539,,,,,,,,,-40.0,1.0,1.0,0.0,0.0,0.0,366.0
2026-07-20 21:28:42.739,,,,,,,,,-40.0,1.0,1.0,0.0,0.0,0.0,366.0
2026-07-20 21:28:42.939,,,,,,,,,-40.0,1.0,1.0,0.0,0.0,0.0,366.0
2026-07-20 21:28:43.140,,,,,,,,,-40.0,1.0,1.0,0.0,0.0,0.0,366.0
2026-07-20 21:28:43.381,,,,,,,,,-40.0,1.0,1.0,0.0,0.0,0.0,367.0
2026-07-20 21:28:43.539,,,,,,,,,-40.0,1.0,1.0,0.0,0.0,0.0,367.0
2026-07-20 21:28:43.740,,,,,,,,,-40.0,1.0,1.0,0.0,0.0,0.0,367.0
2026-07-20 21:28:43.940,,,,,,,,,-40.0,1.0,1.0,0.0,0.0,0.0,367.0
2026-07-20 21:28:44.139,,,,,,,,,-40.0,1.0,1.0,0.0,0.0,0.0,367.0
2026-07-20 21:28:44.380,,,,,,,,,-40.0,1.0,1.0,0.0,0.0,0.0,368.0
2026-07-20 21:28:44.540,,,,,,,,,-40.0,1.0,1.0,0.0,0.0,0.0,368.0
2026-07-20 21:28:44.740,,,,,,,,,-40.0,1.0,1.0,0.0,0.0,0.0,368.0
2026-07-20 21:28:44.940,,,,,,,,,-40.0,1.0,1.0,0.0,0.0,0.0,368.0
2026-07-20 21:28:45.140,,,,,,,,,-40.0,1.0,1.0,0.0,0.0,0.0,368.0
2026-07-20 21:28:45.381,,,,,,,,,-40.0,1.0,1.0,0.0,0.0,0.0,369.0
2026-07-20 21:28:45.555,,,,,,,,,-40.0,1.0,1.0,0.0,0.0,0.0,369.0
2026-07-20 21:28:45.739,,,,,,,,,-40.0,1.0,1.0,0.0,0.0,0.0,369.0
2026-07-20 21:28:45.940,,,,,,,,,-40.0,1.0,1.0,0.0,0.0,0.0,369.0
2026-07-20 21:28:46.139,,,,,,,,,-40.0,1.0,1.0,0.0,0.0,0.0,369.0
2026-07-20 21:28:46.381,,,,,,,,,-40.0,1.0,1.0,0.0,0.0,0.0,370.0
2026-07-20 21:28:46.545,,,,,,,,,-40.0,1.0,1.0,0.0,0.0,0.0,370.0
2026-07-20 21:28:46.739,,,,,,,,,-40.0,1.0,1.0,0.0,0.0,0.0,370.0
2026-07-20 21:28:46.939,,,,,,,,,-40.0,1.0,1.0,0.0,0.0,0.0,370.0
2026-07-20 21:28:47.140,,,,,,,,,-40.0,1.0,1.0,0.0,0.0,0.0,370.0
2026-07-20 21:28:47.381,,,,,,,,,-40.0,1.0,1.0,0.0,0.0,0.0,371.0
2026-07-20 21:28:47.539,,,,,,,,,-40.0,1.0,1.0,0.0,0.0,0.0,371.0
2026-07-20 21:28:47.740,,,,,,,,,-40.0,1.0,1.0,0.0,0.0,0.0,371.0
2026-07-20 21:28:47.940,,,,,,,,,-40.0,1.0,1.0,0.0,0.0,0.0,371.0
2026-07-20 21:28:48.139,,,,,,,,,-40.0,1.0,1.0,0.0,0.0,0.0,371.0
2026-07-20 21:28:48.381,,,,,,,,,-40.0,1.0,1.0,0.0,0.0,0.0,372.0
2026-07-20 21:28:48.551,,,,,,,,,-40.0,1.0,1.0,0.0,0.0,0.0,372.0
2026-07-20 21:28:48.740,,,,,,,,,-40.0,1.0,1.0,0.0,0.0,0.0,372.0
2026-07-20 21:28:48.939,,,,,,,,,-40.0,1.0,1.0,0.0,0.0,0.0,372.0
2026-07-20 21:28:49.140,,,,,,,,,-40.0,1.0,1.0,0.0,0.0,0.0,372.0
2026-07-20 21:28:49.382,,,,,,,,,-40.0,1.0,1.0,0.0,0.0,0.0,373.0
2026-07-20 21:28:49.540,,,,,,,,,-40.0,1.0,1.0,0.0,0.0,0.0,373.0
2026-07-20 21:28:49.740,,,,,,,,,-40.0,1.0,1.0,0.0,0.0,0.0,373.0
2026-07-20 21:28:49.940,,,,,,,,,-40.0,1.0,1.0,0.0,0.0,0.0,373.0
2026-07-20 21:28:50.139,,,,,,,,,-40.0,1.0,1.0,0.0,0.0,0.0,373.0
2026-07-20 21:28:50.380,,,,,,,,,-40.0,1.0,1.0,0.0,0.0,0.0,374.0
2026-07-20 21:28:50.539,,,,,,,,,-40.0,1.0,1.0,0.0,0.0,0.0,374.0
2026-07-20 21:28:50.739,,,,,,,,,-40.0,1.0,1.0,0.0,0.0,0.0,374.0
2026-07-20 21:28:50.940,,,,,,,,,-40.0,1.0,1.0,0.0,0.0,0.0,374.0
2026-07-20 21:28:51.139,,,,,,,,,-40.0,1.0,1.0,0.0,0.0,0.0,374.0
2026-07-20 21:28:51.380,,,,,,,,,-40.0,1.0,1.0,0.0,0.0,0.0,375.0
2026-07-20 21:28:51.539,,,,,,,,,-40.0,1.0,1.0,0.0,0.0,0.0,375.0
2026-07-20 21:28:51.739,,,,,,,,,-40.0,1.0,1.0,0.0,0.0,0.0,375.0
2026-07-20 21:28:51.939,,,,,,,,,-40.0,1.0,1.0,0.0,0.0,0.0,375.0
2026-07-20 21:28:52.139,,,,,,,,,-40.0,1.0,1.0,0.0,0.0,0.0,375.0
2026-07-20 21:28:52.379,,,,,,,,,-40.0,1.0,1.0,0.0,0.0,0.0,376.0
2026-07-20 21:28:52.539,,,,,,,,,-40.0,1.0,1.0,0.0,0.0,0.0,376.0
2026-07-20 21:28:52.740,,,,,,,,,-40.0,1.0,1.0,0.0,0.0,0.0,376.0
2026-07-20 21:28:52.939,,,,,,,,,-40.0,1.0,1.0,0.0,0.0,0.0,376.0
2026-07-20 21:28:53.139,,,,,,,,,-40.0,1.0,1.0,0.0,0.0,0.0,376.0
2026-07-20 21:28:53.380,,,,,,,,,-40.0,1.0,1.0,0.0,0.0,0.0,377.0
2026-07-20 21:28:53.565,,,,,,,,,-40.0,1.0,1.0,0.0,0.0,0.0,377.0
2026-07-20 21:28:53.738,,,,,,,,,-40.0,1.0,1.0,0.0,0.0,0.0,377.0
2026-07-20 21:28:53.940,,,,,,,,,-40.0,1.0,1.0,0.0,0.0,0.0,377.0
2026-07-20 21:28:54.139,,,,,,,,,-40.0,1.0,1.0,0.0,0.0,0.0,377.0
2026-07-20 21:28:54.379,,,,,,,,,-40.0,1.0,1.0,0.0,0.0,0.0,378.0
2026-07-20 21:28:54.539,,,,,,,,,-40.0,1.0,1.0,0.0,0.0,0.0,378.0
2026-07-20 21:28:54.739,,,,,,,,,-40.0,1.0,1.0,0.0,0.0,0.0,378.0
2026-07-20 21:28:54.939,,,,,,,,,-40.0,1.0,1.0,0.0,0.0,0.0,378.0
2026-07-20 21:28:55.139,,,,,,,,,-40.0,1.0,1.0,0.0,0.0,0.0,378.0
2026-07-20 21:28:55.379,,,,,,,,,-40.0,1.0,1.0,0.0,0.0,0.0,379.0
2026-07-20 21:28:55.539,,,,,,,,,-40.0,1.0,1.0,0.0,0.0,0.0,379.0
2026-07-20 21:28:55.739,,,,,,,,,-40.0,1.0,1.0,0.0,0.0,0.0,379.0
2026-07-20 21:28:55.939,,,,,,,,,-40.0,1.0,1.0,0.0,0.0,0.0,379.0
2026-07-20 21:28:56.139,,,,,,,,,-40.0,1.0,1.0,0.0,0.0,0.0,379.0
2026-07-20 21:28:56.379,,,,,,,,,-40.0,1.0,1.0,0.0,0.0,0.0,380.0
2026-07-20 21:28:56.539,,,,,,,,,-40.0,1.0,1.0,0.0,0.0,0.0,380.0
2026-07-20 21:28:56.739,,,,,,,,,-40.0,1.0,1.0,0.0,0.0,0.0,380.0
2026-07-20 21:28:56.939,,,,,,,,,-40.0,1.0,1.0,0.0,0.0,0.0,380.0
2026-07-20 21:28:57.139,,,,,,,,,-40.0,1.0,1.0,0.0,0.0,0.0,380.0
2026-07-20 21:28:57.380,,,,,,,,,-40.0,1.0,1.0,0.0,0.0,0.0,381.0
2026-07-20 21:28:57.539,,,,,,,,,-40.0,1.0,1.0,0.0,0.0,0.0,381.0
2026-07-20 21:28:57.739,,,,,,,,,-40.0,1.0,1.0,0.0,0.0,0.0,381.0
2026-07-20 21:28:57.939,,,,,,,,,-40.0,1.0,1.0,0.0,0.0,0.0,381.0
2026-07-20 21:28:58.139,,,,,,,,,-40.0,1.0,1.0,0.0,0.0,0.0,381.0
2026-07-20 21:28:58.379,,,,,,,,,-40.0,1.0,1.0,0.0,0.0,0.0,382.0
2026-07-20 21:28:58.539,,,,,,,,,-40.0,1.0,1.0,0.0,0.0,0.0,382.0
2026-07-20 21:28:58.738,,,,,,,,,-40.0,1.0,1.0,0.0,0.0,0.0,382.0
2026-07-20 21:28:58.939,,,,,,,,,-40.0,1.0,1.0,0.0,0.0,0.0,382.0
2026-07-20 21:28:59.139,,,,,,,,,-40.0,1.0,1.0,0.0,0.0,0.0,382.0
2026-07-20 21:28:59.379,,,,,,,,,-40.0,1.0,1.0,0.0,0.0,0.0,383.0
2026-07-20 21:28:59.539,,,,,,,,,-40.0,1.0,1.0,0.0,0.0,0.0,383.0
2026-07-20 21:28:59.739,,,,,,,,,-40.0,1.0,1.0,0.0,0.0,0.0,383.0
2026-07-20 21:28:59.939,,,,,,,,,-40.0,1.0,1.0,0.0,0.0,0.0,383.0
2026-07-20 21:29:00.139,,,,,,,,,-40.0,1.0,1.0,0.0,0.0,0.0,383.0
2026-07-20 21:29:00.379,,,,,,,,,-40.0,1.0,1.0,0.0,0.0,0.0,384.0
2026-07-20 21:29:00.539,,,,,,,,,-40.0,1.0,1.0,0.0,0.0,0.0,384.0
2026-07-20 21:29:00.739,,,,,,,,,-40.0,1.0,1.0,0.0,0.0,0.0,384.0
2026-07-20 21:29:00.939,,,,,,,,,-40.0,1.0,1.0,0.0,0.0,0.0,384.0
2026-07-20 21:29:01.139,,,,,,,,,-40.0,1.0,1.0,0.0,0.0,0.0,384.0
2026-07-20 21:29:01.379,,,,,,,,,-40.0,1.0,1.0,0.0,0.0,0.0,385.0
2026-07-20 21:29:01.538,,,,,,,,,-40.0,1.0,1.0,0.0,0.0,0.0,385.0
2026-07-20 21:29:01.739,,,,,,,,,-40.0,1.0,1.0,0.0,0.0,0.0,385.0
2026-07-20 21:29:01.939,,,,,,,,,-40.0,1.0,1.0,0.0,0.0,0.0,385.0
2026-07-20 21:29:02.138,,,,,,,,,-40.0,1.0,1.0,0.0,0.0,0.0,385.0
2026-07-20 21:29:02.379,,,,,,,,,-40.0,1.0,1.0,0.0,0.0,0.0,386.0
2026-07-20 21:29:02.539,,,,,,,,,-40.0,1.0,1.0,0.0,0.0,0.0,386.0
2026-07-20 21:29:02.739,,,,,,,,,-40.0,1.0,1.0,0.0,0.0,0.0,386.0
2026-07-20 21:29:02.939,,,,,,,,,-40.0,1.0,1.0,0.0,0.0,0.0,386.0
2026-07-20 21:29:03.139,,,,,,,,,-40.0,1.0,1.0,0.0,0.0,0.0,386.0
2026-07-20 21:29:03.379,,,,,,,,,-40.0,1.0,1.0,0.0,0.0,0.0,387.0
2026-07-20 21:29:03.539,,,,,,,,,-40.0,1.0,1.0,0.0,0.0,0.0,387.0
2026-07-20 21:29:03.739,,,,,,,,,-40.0,1.0,1.0,0.0,0.0,0.0,387.0
2026-07-20 21:29:03.939,,,,,,,,,-40.0,1.0,1.0,0.0,0.0,0.0,387.0
2026-07-20 21:29:04.139,,,,,,,,,-40.0,1.0,1.0,0.0,0.0,0.0,387.0
2026-07-20 21:29:04.379,,,,,,,,,-40.0,1.0,1.0,0.0,0.0,0.0,388.0
2026-07-20 21:29:04.539,,,,,,,,,-40.0,1.0,1.0,0.0,0.0,0.0,388.0
2026-07-20 21:29:04.739,,,,,,,,,-40.0,1.0,1.0,0.0,0.0,0.0,388.0
2026-07-20 21:29:04.939,,,,,,,,,-40.0,1.0,1.0,0.0,0.0,0.0,388.0
2026-07-20 21:29:05.139,,,,,,,,,-40.0,1.0,1.0,0.0,0.0,0.0,388.0
2026-07-20 21:29:05.379,,,,,,,,,-40.0,1.0,1.0,0.0,0.0,0.0,389.0
2026-07-20 21:29:05.539,,,,,,,,,-40.0,1.0,1.0,0.0,0.0,0.0,389.0
2026-07-20 21:29:05.739,,,,,,,,,-40.0,1.0,1.0,0.0,0.0,0.0,389.0
2026-07-20 21:29:05.939,,,,,,,,,-40.0,1.0,1.0,0.0,0.0,0.0,389.0
2026-07-20 21:29:06.139,,,,,,,,,-40.0,1.0,1.0,0.0,0.0,0.0,389.0
2026-07-20 21:29:06.379,,,,,,,,,-40.0,1.0,1.0,0.0,0.0,0.0,390.0
2026-07-20 21:29:06.555,,,,,,,,,-40.0,1.0,1.0,0.0,0.0,0.0,390.0
2026-07-20 21:29:06.739,,,,,,,,,-40.0,1.0,1.0,0.0,0.0,0.0,390.0
2026-07-20 21:29:06.939,,,,,,,,,-40.0,1.0,1.0,0.0,0.0,0.0,390.0
2026-07-20 21:29:07.139,,,,,,,,,-40.0,1.0,1.0,0.0,0.0,0.0,390.0
2026-07-20 21:29:07.380,,,,,,,,,-40.0,1.0,1.0,0.0,0.0,0.0,391.0
2026-07-20 21:29:07.562,,,,,,,,,-40.0,1.0,1.0,0.0,0.0,0.0,391.0
2026-07-20 21:29:07.739,,,,,,,,,-40.0,1.0,1.0,0.0,0.0,0.0,391.0
2026-07-20 21:29:07.939,,,,,,,,,-40.0,1.0,1.0,0.0,0.0,0.0,391.0
2026-07-20 21:29:08.139,,,,,,,,,-40.0,1.0,1.0,0.0,0.0,0.0,391.0
2026-07-20 21:29:08.379,,,,,,,,,-40.0,1.0,1.0,0.0,0.0,0.0,392.0
2026-07-20 21:29:08.558,,,,,,,,,-40.0,1.0,1.0,0.0,0.0,0.0,392.0
2026-07-20 21:29:08.739,,,,,,,,,-40.0,1.0,1.0,0.0,0.0,0.0,392.0
2026-07-20 21:29:08.939,,,,,,,,,-40.0,1.0,1.0,0.0,0.0,0.0,392.0
2026-07-20 21:29:09.139,,,,,,,,,-40.0,1.0,1.0,0.0,0.0,0.0,392.0
2026-07-20 21:29:09.380,,,,,,,,,-40.0,1.0,1.0,0.0,0.0,0.0,393.0
2026-07-20 21:29:09.560,,,,,,,,,-40.0,1.0,1.0,0.0,0.0,0.0,393.0
2026-07-20 21:29:09.739,,,,,,,,,-40.0,1.0,1.0,0.0,0.0,0.0,393.0
2026-07-20 21:29:09.939,,,,,,,,,-40.0,1.0,1.0,0.0,0.0,0.0,393.0
2026-07-20 21:29:10.139,,,,,,,,,-40.0,1.0,1.0,0.0,0.0,0.0,393.0
2026-07-20 21:29:10.379,,,,,,,,,-40.0,1.0,1.0,0.0,0.0,0.0,394.0
2026-07-20 21:29:10.540,,,,,,,,,-40.0,1.0,1.0,0.0,0.0,0.0,394.0
2026-07-20 21:29:10.739,,,,,,,,,-40.0,1.0,1.0,0.0,0.0,0.0,394.0
2026-07-20 21:29:10.939,,,,,,,,,-40.0,1.0,1.0,0.0,0.0,0.0,394.0
2026-07-20 21:29:11.139,,,,,,,,,-40.0,1.0,1.0,0.0,0.0,0.0,394.0
2026-07-20 21:29:11.379,,,,,,,,,-40.0,1.0,1.0,0.0,0.0,0.0,395.0
2026-07-20 21:29:11.539,,,,,,,,,-40.0,1.0,1.0,0.0,0.0,0.0,395.0
2026-07-20 21:29:11.739,,,,,,,,,-40.0,1.0,1.0,0.0,0.0,0.0,395.0
2026-07-20 21:29:11.939,,,,,,,,,-40.0,1.0,1.0,0.0,0.0,0.0,395.0
2026-07-20 21:29:12.139,,,,,,,,,-40.0,1.0,1.0,0.0,0.0,0.0,395.0
2026-07-20 21:29:12.379,,,,,,,,,-40.0,1.0,1.0,0.0,0.0,0.0,396.0
2026-07-20 21:29:12.539,,,,,,,,,-40.0,1.0,1.0,0.0,0.0,0.0,396.0
2026-07-20 21:29:12.738,,,,,,,,,-40.0,1.0,1.0,0.0,0.0,0.0,396.0
2026-07-20 21:29:12.939,,,,,,,,,-40.0,1.0,1.0,0.0,0.0,0.0,396.0
2026-07-20 21:29:13.139,,,,,,,,,-40.0,1.0,1.0,0.0,0.0,0.0,396.0
2026-07-20 21:29:13.379,,,,,,,,,-40.0,1.0,1.0,0.0,0.0,0.0,397.0
2026-07-20 21:29:13.539,,,,,,,,,-40.0,1.0,1.0,0.0,0.0,0.0,397.0
2026-07-20 21:29:13.738,,,,,,,,,-40.0,1.0,1.0,0.0,0.0,0.0,397.0
2026-07-20 21:29:13.939,,,,,,,,,-40.0,1.0,1.0,0.0,0.0,0.0,397.0
2026-07-20 21:29:14.139,,,,,,,,,-40.0,1.0,1.0,0.0,0.0,0.0,397.0
2026-07-20 21:29:14.380,,,,,,,,,-40.0,1.0,1.0,0.0,0.0,0.0,398.0
2026-07-20 21:29:14.538,,,,,,,,,-40.0,1.0,1.0,0.0,0.0,0.0,398.0
2026-07-20 21:29:14.739,,,,,,,,,-40.0,1.0,1.0,0.0,0.0,0.0,398.0
2026-07-20 21:29:14.939,,,,,,,,,-40.0,1.0,1.0,0.0,0.0,0.0,398.0
2026-07-20 21:29:15.138,,,,,,,,,-40.0,1.0,1.0,0.0,0.0,0.0,398.0
2026-07-20 21:29:15.378,,,,,,,,,-40.0,1.0,1.0,0.0,0.0,0.0,399.0
2026-07-20 21:29:15.538,,,,,,,,,-40.0,1.0,1.0,0.0,0.0,0.0,399.0
2026-07-20 21:29:15.738,,,,,,,,,-40.0,1.0,1.0,0.0,0.0,0.0,399.0
2026-07-20 21:29:15.939,,,,,,,,,-40.0,1.0,1.0,0.0,0.0,0.0,399.0
2026-07-20 21:29:16.139,,,,,,,,,-40.0,1.0,1.0,0.0,0.0,0.0,399.0
2026-07-20 21:29:16.378,,,,,,,,,-40.0,1.0,1.0,0.0,0.0,0.0,400.0
2026-07-20 21:29:16.539,,,,,,,,,-40.0,1.0,1.0,0.0,0.0,0.0,400.0
2026-07-20 21:29:16.738,,,,,,,,,-40.0,1.0,1.0,0.0,0.0,0.0,400.0
2026-07-20 21:29:16.939,,,,,,,,,-40.0,1.0,1.0,0.0,0.0,0.0,400.0
2026-07-20 21:29:17.139,,,,,,,,,-40.0,1.0,1.0,0.0,0.0,0.0,400.0
2026-07-20 21:29:17.378,,,,,,,,,-40.0,1.0,1.0,0.0,0.0,0.0,401.0
2026-07-20 21:29:17.538,,,,,,,,,-40.0,1.0,1.0,0.0,0.0,0.0,401.0
2026-07-20 21:29:17.739,,,,,,,,,-40.0,1.0,1.0,0.0,0.0,0.0,401.0
2026-07-20 21:29:17.939,,,,,,,,,-40.0,1.0,1.0,0.0,0.0,0.0,401.0
2026-07-20 21:29:18.139,,,,,,,,,-40.0,1.0,1.0,0.0,0.0,0.0,401.0
2026-07-20 21:29:18.378,,,,,,,,,-40.0,1.0,1.0,0.0,0.0,0.0,402.0
2026-07-20 21:29:18.539,,,,,,,,,-40.0,1.0,1.0,0.0,0.0,0.0,402.0
2026-07-20 21:29:18.739,,,,,,,,,-40.0,1.0,1.0,0.0,0.0,0.0,402.0
2026-07-20 21:29:18.939,,,,,,,,,-40.0,1.0,1.0,0.0,0.0,0.0,402.0
2026-07-20 21:29:19.138,,,,,,,,,-40.0,1.0,1.0,0.0,0.0,0.0,402.0
2026-07-20 21:29:19.378,,,,,,,,,-40.0,1.0,1.0,0.0,0.0,0.0,403.0
2026-07-20 21:29:19.538,,,,,,,,,-40.0,1.0,1.0,0.0,0.0,0.0,403.0
2026-07-20 21:29:19.739,,,,,,,,,-40.0,1.0,1.0,0.0,0.0,0.0,403.0
2026-07-20 21:29:19.939,,,,,,,,,-40.0,1.0,1.0,0.0,0.0,0.0,403.0
2026-07-20 21:29:20.138,,,,,,,,,-40.0,1.0,1.0,0.0,0.0,0.0,403.0
2026-07-20 21:29:20.378,,,,,,,,,-40.0,1.0,1.0,0.0,0.0,0.0,404.0
2026-07-20 21:29:20.539,,,,,,,,,-40.0,1.0,1.0,0.0,0.0,0.0,404.0
2026-07-20 21:29:20.739,,,,,,,,,-40.0,1.0,1.0,0.0,0.0,0.0,404.0
2026-07-20 21:29:20.938,,,,,,,,,-40.0,1.0,1.0,0.0,0.0,0.0,404.0
2026-07-20 21:29:21.139,,,,,,,,,-40.0,1.0,1.0,0.0,0.0,0.0,404.0
2026-07-20 21:29:21.378,,,,,,,,,-40.0,1.0,1.0,0.0,0.0,0.0,405.0
2026-07-20 21:29:21.539,,,,,,,,,-40.0,1.0,1.0,0.0,0.0,0.0,405.0
2026-07-20 21:29:21.738,,,,,,,,,-40.0,1.0,1.0,0.0,0.0,0.0,405.0
2026-07-20 21:29:21.938,,,,,,,,,-40.0,1.0,1.0,0.0,0.0,0.0,405.0
2026-07-20 21:29:22.138,,,,,,,,,-40.0,1.0,1.0,0.0,0.0,0.0,405.0
2026-07-20 21:29:22.378,,,,,,,,,-40.0,1.0,1.0,0.0,0.0,0.0,406.0
2026-07-20 21:29:22.538,,,,,,,,,-40.0,1.0,1.0,0.0,0.0,0.0,406.0
2026-07-20 21:29:22.739,,,,,,,,,-40.0,1.0,1.0,0.0,0.0,0.0,406.0
2026-07-20 21:29:22.939,,,,,,,,,-40.0,1.0,1.0,0.0,0.0,0.0,406.0
2026-07-20 21:29:23.139,,,,,,,,,-40.0,1.0,1.0,0.0,0.0,0.0,406.0
2026-07-20 21:29:23.379,,,,,,,,,-40.0,1.0,1.0,0.0,0.0,0.0,407.0
2026-07-20 21:29:23.539,,,,,,,,,-40.0,1.0,1.0,0.0,0.0,0.0,407.0
2026-07-20 21:29:23.739,,,,,,,,,-40.0,1.0,1.0,0.0,0.0,0.0,407.0
2026-07-20 21:29:23.939,,,,,,,,,-40.0,1.0,1.0,0.0,0.0,0.0,407.0
2026-07-20 21:29:24.138,,,,,,,,,-40.0,1.0,1.0,0.0,0.0,0.0,407.0
2026-07-20 21:29:24.379,,,,,,,,,-40.0,1.0,1.0,0.0,0.0,0.0,408.0
2026-07-20 21:29:24.538,,,,,,,,,-40.0,1.0,1.0,0.0,0.0,0.0,408.0
2026-07-20 21:29:24.739,,,,,,,,,-40.0,1.0,1.0,0.0,0.0,0.0,408.0
2026-07-20 21:29:24.939,,,,,,,,,-40.0,1.0,1.0,0.0,0.0,0.0,408.0
2026-07-20 21:29:25.138,,,,,,,,,-40.0,1.0,1.0,0.0,0.0,0.0,408.0
2026-07-20 21:29:25.379,,,,,,,,,-40.0,1.0,1.0,0.0,0.0,0.0,409.0
2026-07-20 21:29:25.538,,,,,,,,,-40.0,1.0,1.0,0.0,0.0,0.0,409.0
2026-07-20 21:29:25.739,,,,,,,,,-40.0,1.0,1.0,0.0,0.0,0.0,409.0
2026-07-20 21:29:25.939,,,,,,,,,-40.0,1.0,1.0,0.0,0.0,0.0,409.0
2026-07-20 21:29:26.138,,,,,,,,,-40.0,1.0,1.0,0.0,0.0,0.0,409.0
2026-07-20 21:29:26.378,,,,,,,,,-40.0,1.0,1.0,0.0,0.0,0.0,410.0
2026-07-20 21:29:26.538,,,,,,,,,-40.0,1.0,1.0,0.0,0.0,0.0,410.0
2026-07-20 21:29:26.738,,,,,,,,,-40.0,1.0,1.0,0.0,0.0,0.0,410.0
2026-07-20 21:29:26.939,,,,,,,,,-40.0,1.0,1.0,0.0,0.0,0.0,410.0
2026-07-20 21:29:27.138,,,,,,,,,-40.0,1.0,1.0,0.0,0.0,0.0,410.0
2026-07-20 21:29:27.378,,,,,,,,,-40.0,1.0,1.0,0.0,0.0,0.0,411.0
2026-07-20 21:29:27.538,,,,,,,,,-40.0,1.0,1.0,0.0,0.0,0.0,411.0
2026-07-20 21:29:27.738,,,,,,,,,-40.0,1.0,1.0,0.0,0.0,0.0,411.0
2026-07-20 21:29:27.939,,,,,,,,,-40.0,1.0,1.0,0.0,0.0,0.0,411.0
2026-07-20 21:29:28.138,,,,,,,,,-40.0,1.0,1.0,0.0,0.0,0.0,411.0
2026-07-20 21:29:28.378,,,,,,,,,-40.0,1.0,1.0,0.0,0.0,0.0,412.0
2026-07-20 21:29:28.538,,,,,,,,,-40.0,1.0,1.0,0.0,0.0,0.0,412.0
2026-07-20 21:29:28.738,,,,,,,,,-40.0,1.0,1.0,0.0,0.0,0.0,412.0
2026-07-20 21:29:28.939,,,,,,,,,-40.0,1.0,1.0,0.0,0.0,0.0,412.0
2026-07-20 21:29:29.138,,,,,,,,,-40.0,1.0,1.0,0.0,0.0,0.0,412.0
2026-07-20 21:29:29.378,,,,,,,,,-40.0,1.0,1.0,0.0,0.0,0.0,413.0
2026-07-20 21:29:29.538,,,,,,,,,-40.0,1.0,1.0,0.0,0.0,0.0,413.0
2026-07-20 21:29:29.738,,,,,,,,,-40.0,1.0,1.0,0.0,0.0,0.0,413.0
2026-07-20 21:29:29.939,,,,,,,,,-40.0,1.0,1.0,0.0,0.0,0.0,413.0
2026-07-20 21:29:30.138,,,,,,,,,-40.0,1.0,1.0,0.0,0.0,0.0,413.0
2026-07-20 21:29:30.378,,,,,,,,,-40.0,1.0,1.0,0.0,0.0,0.0,414.0
2026-07-20 21:29:30.549,,,,,,,,,-40.0,1.0,1.0,0.0,0.0,0.0,414.0
2026-07-20 21:29:30.742,,,,,,,,,-40.0,1.0,1.0,0.0,0.0,0.0,414.0
2026-07-20 21:29:30.938,,,,,,,,,-40.0,1.0,1.0,0.0,0.0,0.0,414.0
2026-07-20 21:29:31.138,,,,,,,,,-40.0,1.0,1.0,0.0,0.0,0.0,414.0
2026-07-20 21:29:31.378,,,,,,,,,-40.0,1.0,1.0,0.0,0.0,0.0,415.0
2026-07-20 21:29:31.550,,,,,,,,,-40.0,1.0,1.0,0.0,0.0,0.0,415.0
2026-07-20 21:29:31.738,,,,,,,,,-40.0,1.0,1.0,0.0,0.0,0.0,415.0
2026-07-20 21:29:31.938,,,,,,,,,-40.0,1.0,1.0,0.0,0.0,0.0,415.0
2026-07-20 21:29:32.138,,,,,,,,,-40.0,1.0,1.0,0.0,0.0,0.0,415.0
2026-07-20 21:29:32.377,,,,,,,,,-40.0,1.0,1.0,0.0,0.0,0.0,416.0
2026-07-20 21:29:32.551,,,,,,,,,-40.0,1.0,1.0,0.0,0.0,0.0,416.0
2026-07-20 21:29:32.738,,,,,,,,,-40.0,1.0,1.0,0.0,0.0,0.0,416.0
2026-07-20 21:29:32.938,,,,,,,,,-40.0,1.0,1.0,0.0,0.0,0.0,416.0
2026-07-20 21:29:33.138,,,,,,,,,-40.0,1.0,1.0,0.0,0.0,0.0,416.0
2026-07-20 21:29:33.377,,,,,,,,,-40.0,1.0,1.0,0.0,0.0,0.0,417.0
2026-07-20 21:29:33.568,,,,,,,,,-40.0,1.0,1.0,0.0,0.0,0.0,417.0
2026-07-20 21:29:33.738,,,,,,,,,-40.0,1.0,1.0,0.0,0.0,0.0,417.0
2026-07-20 21:29:33.938,,,,,,,,,-40.0,1.0,1.0,0.0,0.0,0.0,417.0
2026-07-20 21:29:34.138,,,,,,,,,-40.0,1.0,1.0,0.0,0.0,0.0,417.0
2026-07-20 21:29:34.378,,,,,,,,,-40.0,1.0,1.0,0.0,0.0,0.0,418.0
2026-07-20 21:29:34.538,,,,,,,,,-40.0,1.0,1.0,0.0,0.0,0.0,418.0
2026-07-20 21:29:34.738,,,,,,,,,-40.0,1.0,1.0,0.0,0.0,0.0,418.0
2026-07-20 21:29:34.938,,,,,,,,,-40.0,1.0,1.0,0.0,0.0,0.0,418.0
2026-07-20 21:29:35.138,,,,,,,,,-40.0,1.0,1.0,0.0,0.0,0.0,418.0
