timestamp,ds0_c,ds1_c,ds2_c,ds3_c,ds4_c,bme_t_c,bme_p_hpa,bme_h_pct,target_c,comp,hv,iso_duty,safe,up_s
2026-07-20 15:46:59.865,0.0,,,,,28.7,927.8,18.4,-40.0,0.0,1.0,0.0,0.0,38.0
2026-07-20 15:47:00.065,0.0,,,,,28.7,927.8,19.3,-40.0,0.0,1.0,0.0,0.0,38.0
2026-07-20 15:47:00.265,0.0,,,,,28.7,927.8,19.3,-40.0,0.0,1.0,0.0,0.0,38.0
2026-07-20 15:47:00.527,0.0,,,,,28.7,927.8,18.5,-40.0,0.0,1.0,0.0,0.0,39.0
2026-07-20 15:47:00.666,0.0,,,,,28.7,927.8,18.5,-40.0,0.0,1.0,0.0,0.0,39.0
2026-07-20 15:47:00.865,0.0,,,,,28.7,927.8,18.5,-40.0,0.0,1.0,0.0,0.0,39.0
2026-07-20 15:47:01.069,0.0,,,,,28.7,927.8,18.5,-40.0,0.0,1.0,0.0,0.0,39.0
2026-07-20 15:47:01.265,0.0,,,,,28.7,927.8,18.5,-40.0,0.0,1.0,0.0,0.0,39.0
2026-07-20 15:47:01.527,0.0,,,,,28.7,927.8,18.6,-40.0,0.0,1.0,0.0,0.0,40.0
2026-07-20 15:47:01.665,0.0,,,,,28.7,927.8,18.6,-40.0,0.0,1.0,0.0,0.0,40.0
2026-07-20 15:47:01.865,0.0,,,,,28.7,927.8,18.6,-40.0,0.0,1.0,0.0,0.0,40.0
2026-07-20 15:47:02.066,0.0,,,,,28.7,927.7,18.7,-40.0,0.0,1.0,0.0,0.0,40.0
2026-07-20 15:47:02.265,0.0,,,,,28.7,927.7,18.7,-40.0,0.0,1.0,0.0,0.0,40.0
2026-07-20 15:47:02.527,0.0,,,,,28.7,927.8,19.1,-40.0,0.0,1.0,0.0,0.0,41.0
2026-07-20 15:47:02.682,0.0,,,,,28.7,927.8,19.1,-40.0,0.0,1.0,0.0,0.0,41.0
2026-07-20 15:47:02.865,0.0,,,,,28.7,927.8,19.1,-40.0,0.0,1.0,0.0,0.0,41.0
2026-07-20 15:47:03.066,0.0,,,,,28.7,927.8,19.0,-40.0,0.0,1.0,0.0,0.0,41.0
2026-07-20 15:47:03.265,0.0,,,,,28.7,927.8,19.0,-40.0,0.0,1.0,0.0,0.0,41.0
2026-07-20 15:47:03.527,0.0,,,,,28.7,927.8,18.9,-40.0,0.0,1.0,0.0,0.0,42.0
2026-07-20 15:47:03.696,0.0,,,,,28.7,927.8,18.9,-40.0,0.0,1.0,0.0,0.0,42.0
2026-07-20 15:47:03.865,0.0,,,,,28.7,927.8,18.9,-40.0,0.0,1.0,0.0,0.0,42.0
2026-07-20 15:47:04.066,0.0,,,,,28.7,927.8,18.6,-40.0,0.0,1.0,0.0,0.0,42.0
2026-07-20 15:47:04.287,0.0,,,,,28.7,927.8,18.6,-40.0,0.0,1.0,0.0,0.0,42.0
2026-07-20 15:47:04.528,0.0,,,,,28.7,927.8,19.0,-40.0,0.0,1.0,0.0,0.0,43.0
2026-07-20 15:47:04.697,0.0,,,,,28.7,927.8,19.0,-40.0,0.0,1.0,0.0,0.0,43.0
2026-07-20 15:47:04.866,0.0,,,,,28.7,927.8,19.0,-40.0,0.0,1.0,0.0,0.0,43.0
2026-07-20 15:47:05.065,0.0,,,,,28.7,927.7,18.8,-40.0,0.0,1.0,0.0,0.0,43.0
2026-07-20 15:47:05.265,0.0,,,,,28.7,927.7,18.8,-40.0,0.0,1.0,0.0,0.0,43.0
2026-07-20 15:47:05.527,0.0,,,,,28.7,927.7,18.7,-40.0,0.0,1.0,0.0,0.0,44.0
2026-07-20 15:47:05.699,0.0,,,,,28.7,927.7,18.7,-40.0,0.0,1.0,0.0,0.0,44.0
2026-07-20 15:47:05.865,0.0,,,,,28.7,927.7,18.7,-40.0,0.0,1.0,0.0,0.0,44.0
2026-07-20 15:47:06.065,0.0,,,,,28.7,927.8,18.7,-40.0,0.0,1.0,0.0,0.0,44.0
2026-07-20 15:47:06.265,0.0,,,,,28.7,927.8,18.7,-40.0,0.0,1.0,0.0,0.0,44.0
2026-07-20 15:47:06.527,0.0,,,,,28.7,927.8,18.6,-40.0,0.0,1.0,0.0,0.0,45.0
2026-07-20 15:47:06.692,0.0,,,,,28.7,927.8,18.6,-40.0,0.0,1.0,0.0,0.0,45.0
2026-07-20 15:47:06.865,0.0,,,,,28.7,927.8,18.6,-40.0,0.0,1.0,0.0,0.0,45.0
2026-07-20 15:47:07.066,0.0,,,,,28.7,927.8,18.4,-40.0,0.0,1.0,0.0,0.0,45.0
2026-07-20 15:47:07.265,0.0,,,,,28.7,927.8,18.4,-40.0,0.0,1.0,0.0,0.0,45.0
2026-07-20 15:47:07.528,0.0,,,,,28.71,927.8,18.8,-40.0,0.0,1.0,0.0,0.0,46.0
2026-07-20 15:47:07.666,0.0,,,,,28.71,927.8,18.8,-40.0,0.0,1.0,0.0,0.0,46.0
2026-07-20 15:47:07.865,0.0,,,,,28.71,927.8,18.8,-40.0,0.0,1.0,0.0,0.0,46.0
2026-07-20 15:47:08.066,0.0,,,,,28.7,927.8,18.3,-40.0,0.0,1.0,0.0,0.0,46.0
2026-07-20 15:47:08.265,0.0,,,,,28.7,927.8,18.3,-40.0,0.0,1.0,0.0,0.0,46.0
2026-07-20 15:47:08.527,0.0,,,,,28.7,927.7,18.7,-40.0,0.0,1.0,0.0,0.0,47.0
2026-07-20 15:47:08.681,0.0,,,,,28.7,927.7,18.7,-40.0,0.0,1.0,0.0,0.0,47.0
2026-07-20 15:47:08.866,0.0,,,,,28.7,927.7,18.7,-40.0,0.0,1.0,0.0,0.0,47.0
2026-07-20 15:47:09.065,0.0,,,,,28.7,927.8,18.8,-40.0,0.0,1.0,0.0,0.0,47.0
2026-07-20 15:47:09.265,0.0,,,,,28.7,927.8,18.8,-40.0,0.0,1.0,0.0,0.0,47.0
2026-07-20 15:47:09.527,0.0,,,,,28.7,927.8,18.9,-40.0,0.0,1.0,0.0,0.0,48.0
2026-07-20 15:47:09.665,0.0,,,,,28.7,927.8,18.9,-40.0,0.0,1.0,0.0,0.0,48.0
2026-07-20 15:47:09.865,0.0,,,,,28.7,927.8,18.9,-40.0,0.0,1.0,0.0,0.0,48.0
2026-07-20 15:47:10.066,0.0,,,,,28.7,927.8,18.6,-40.0,0.0,1.0,0.0,0.0,48.0
2026-07-20 15:47:10.265,0.0,,,,,28.7,927.8,18.6,-40.0,0.0,1.0,0.0,0.0,48.0
2026-07-20 15:47:10.527,0.0,,,,,28.7,927.8,18.4,-40.0,0.0,1.0,0.0,0.0,49.0
2026-07-20 15:47:10.684,0.0,,,,,28.7,927.8,18.4,-40.0,0.0,1.0,0.0,0.0,49.0
2026-07-20 15:47:10.865,0.0,,,,,28.7,927.8,18.4,-40.0,0.0,1.0,0.0,0.0,49.0
2026-07-20 15:47:11.065,0.0,,,,,28.71,927.8,18.5,-40.0,0.0,1.0,0.0,0.0,49.0
2026-07-20 15:47:11.266,0.0,,,,,28.71,927.8,18.5,-40.0,0.0,1.0,0.0,0.0,49.0
2026-07-20 15:47:11.527,0.0,,,,,28.71,927.8,18.6,-40.0,0.0,1.0,0.0,0.0,50.0
2026-07-20 15:47:11.666,0.0,,,,,28.71,927.8,18.6,-40.0,0.0,1.0,0.0,0.0,50.0
2026-07-20 15:47:11.866,0.0,,,,,28.71,927.8,18.6,-40.0,0.0,1.0,0.0,0.0,50.0
2026-07-20 15:47:12.076,0.0,,,,,28.7,927.8,18.4,-40.0,0.0,1.0,0.0,0.0,50.0
2026-07-20 15:47:12.266,0.0,,,,,28.7,927.8,18.4,-40.0,0.0,1.0,0.0,0.0,50.0
2026-07-20 15:47:12.528,0.0,,,,,28.7,927.8,18.5,-40.0,0.0,1.0,0.0,0.0,51.0
2026-07-20 15:47:12.692,0.0,,,,,28.7,927.8,18.5,-40.0,0.0,1.0,0.0,0.0,51.0
2026-07-20 15:47:12.868,0.0,,,,,28.7,927.8,18.5,-40.0,0.0,1.0,0.0,0.0,51.0
2026-07-20 15:47:13.066,0.0,,,,,28.7,927.8,18.6,-40.0,0.0,1.0,0.0,0.0,51.0
2026-07-20 15:47:13.265,0.0,,,,,28.7,927.8,18.6,-40.0,0.0,1.0,0.0,0.0,51.0
2026-07-20 15:47:13.527,0.0,,,,,28.7,927.8,18.6,-40.0,0.0,1.0,0.0,0.0,52.0
2026-07-20 15:47:13.694,0.0,,,,,28.7,927.8,18.6,-40.0,0.0,1.0,0.0,0.0,52.0
2026-07-20 15:47:13.865,0.0,,,,,28.7,927.8,18.6,-40.0,0.0,1.0,0.0,0.0,52.0
2026-07-20 15:47:14.065,0.0,,,,,28.7,927.8,18.6,-40.0,0.0,1.0,0.0,0.0,52.0
2026-07-20 15:47:14.265,0.0,,,,,28.7,927.8,18.6,-40.0,0.0,1.0,0.0,0.0,52.0
2026-07-20 15:47:14.527,0.0,,,,,28.7,927.8,18.5,-40.0,0.0,1.0,0.0,0.0,53.0
2026-07-20 15:47:14.666,0.0,,,,,28.7,927.8,18.5,-40.0,0.0,1.0,0.0,0.0,53.0
2026-07-20 15:47:14.865,0.0,,,,,28.7,927.8,18.5,-40.0,0.0,1.0,0.0,0.0,53.0
2026-07-20 15:47:15.065,0.0,,,,,28.7,927.8,19.6,-40.0,0.0,1.0,0.0,0.0,53.0
2026-07-20 15:47:15.265,0.0,,,,,28.7,927.8,19.6,-40.0,0.0,1.0,0.0,0.0,53.0
2026-07-20 15:47:15.527,0.0,,,,,28.7,927.8,18.7,-40.0,0.0,1.0,0.0,0.0,54.0
2026-07-20 15:47:15.665,0.0,,,,,28.7,927.8,18.7,-40.0,0.0,1.0,0.0,0.0,54.0
2026-07-20 15:47:15.865,0.0,,,,,28.7,927.8,18.7,-40.0,0.0,1.0,0.0,0.0,54.0
2026-07-20 15:47:16.065,0.0,,,,,28.7,927.8,18.4,-40.0,0.0,1.0,0.0,0.0,54.0
2026-07-20 15:47:16.265,0.0,,,,,28.7,927.8,18.4,-40.0,0.0,1.0,0.0,0.0,54.0
2026-07-20 15:47:16.527,0.0,,,,,28.7,927.8,18.9,-40.0,0.0,1.0,0.0,0.0,55.0
2026-07-20 15:47:16.693,0.0,,,,,28.7,927.8,18.9,-40.0,0.0,1.0,0.0,0.0,55.0
2026-07-20 15:47:16.865,0.0,,,,,28.7,927.8,18.9,-40.0,0.0,1.0,0.0,0.0,55.0
2026-07-20 15:47:17.065,0.0,,,,,28.7,927.8,19.4,-40.0,0.0,1.0,0.0,0.0,55.0
2026-07-20 15:47:17.282,0.0,,,,,28.7,927.8,19.4,-40.0,0.0,1.0,0.0,0.0,55.0
2026-07-20 15:47:17.527,0.0,,,,,28.7,927.8,19.2,-40.0,0.0,1.0,0.0,0.0,56.0
2026-07-20 15:47:17.665,0.0,,,,,28.7,927.8,19.2,-40.0,0.0,1.0,0.0,0.0,56.0
2026-07-20 15:47:17.893,0.0,,,,,28.7,927.8,19.2,-40.0,0.0,1.0,0.0,0.0,56.0
2026-07-20 15:47:18.065,0.0,,,,,28.7,927.8,18.9,-40.0,0.0,1.0,0.0,0.0,56.0
2026-07-20 15:47:18.265,0.0,,,,,28.7,927.8,18.9,-40.0,0.0,1.0,0.0,0.0,56.0
2026-07-20 15:47:18.527,0.0,,,,,28.7,927.8,18.9,-40.0,0.0,1.0,0.0,0.0,57.0
2026-07-20 15:47:18.665,0.0,,,,,28.7,927.8,18.9,-40.0,0.0,1.0,0.0,0.0,57.0
2026-07-20 15:47:18.865,0.0,,,,,28.7,927.8,18.9,-40.0,0.0,1.0,0.0,0.0,57.0
2026-07-20 15:47:19.065,0.0,,,,,28.7,927.8,18.8,-40.0,0.0,1.0,0.0,0.0,57.0
2026-07-20 15:47:19.265,0.0,,,,,28.7,927.8,18.8,-40.0,0.0,1.0,0.0,0.0,57.0
2026-07-20 15:47:19.527,0.0,,,,,28.7,927.8,18.9,-40.0,0.0,1.0,0.0,0.0,58.0
2026-07-20 15:47:19.665,0.0,,,,,28.7,927.8,18.9,-40.0,0.0,1.0,0.0,0.0,58.0
2026-07-20 15:47:19.872,0.0,,,,,28.7,927.8,18.9,-40.0,0.0,1.0,0.0,0.0,58.0
2026-07-20 15:47:20.065,0.0,,,,,28.7,927.8,18.7,-40.0,0.0,1.0,0.0,0.0,58.0
2026-07-20 15:47:20.266,0.0,,,,,28.7,927.8,18.7,-40.0,0.0,1.0,0.0,0.0,58.0
2026-07-20 15:47:20.527,0.0,,,,,28.7,927.8,18.6,-40.0,0.0,1.0,0.0,0.0,59.0
2026-07-20 15:47:20.664,0.0,,,,,28.7,927.8,18.6,-40.0,0.0,1.0,0.0,0.0,59.0
2026-07-20 15:47:20.865,0.0,,,,,28.7,927.8,18.6,-40.0,0.0,1.0,0.0,0.0,59.0
2026-07-20 15:47:21.066,0.0,,,,,28.7,927.8,18.7,-40.0,0.0,1.0,0.0,0.0,59.0
2026-07-20 15:47:21.265,0.0,,,,,28.7,927.8,18.7,-40.0,0.0,1.0,0.0,0.0,59.0
2026-07-20 15:47:21.527,0.0,,,,,28.71,927.8,19.1,-40.0,0.0,1.0,0.0,0.0,60.0
2026-07-20 15:47:21.665,0.0,,,,,28.71,927.8,19.1,-40.0,0.0,1.0,0.0,0.0,60.0
2026-07-20 15:47:21.884,0.0,,,,,28.71,927.8,19.1,-40.0,0.0,1.0,0.0,0.0,60.0
2026-07-20 15:47:22.065,0.0,,,,,28.7,927.8,18.7,-40.0,0.0,1.0,0.0,0.0,60.0
2026-07-20 15:47:22.265,0.0,,,,,28.7,927.8,18.7,-40.0,0.0,1.0,0.0,0.0,60.0
2026-07-20 15:47:22.527,0.0,,,,,28.7,927.8,18.6,-40.0,0.0,1.0,0.0,0.0,61.0
2026-07-20 15:47:22.664,0.0,,,,,28.7,927.8,18.6,-40.0,0.0,1.0,0.0,0.0,61.0
2026-07-20 15:47:22.865,0.0,,,,,28.7,927.8,18.6,-40.0,0.0,1.0,0.0,0.0,61.0
2026-07-20 15:47:23.065,0.0,,,,,28.71,927.8,19.0,-40.0,0.0,1.0,0.0,0.0,61.0
2026-07-20 15:47:23.265,0.0,,,,,28.71,927.8,19.0,-40.0,0.0,1.0,0.0,0.0,61.0
2026-07-20 15:47:23.527,0.0,,,,,28.7,927.7,18.9,-40.0,0.0,1.0,0.0,0.0,62.0
2026-07-20 15:47:23.664,0.0,,,,,28.7,927.7,18.9,-40.0,0.0,1.0,0.0,0.0,62.0
2026-07-20 15:47:23.866,0.0,,,,,28.7,927.7,18.9,-40.0,0.0,1.0,0.0,0.0,62.0
2026-07-20 15:47:24.065,0.0,,,,,28.7,927.8,18.8,-40.0,0.0,1.0,0.0,0.0,62.0
2026-07-20 15:47:24.265,0.0,,,,,28.7,927.8,18.8,-40.0,0.0,1.0,0.0,0.0,62.0
2026-07-20 15:47:24.527,0.0,,,,,28.7,927.8,18.8,-40.0,0.0,1.0,0.0,0.0,63.0
2026-07-20 15:47:24.665,0.0,,,,,28.7,927.8,18.8,-40.0,0.0,1.0,0.0,0.0,63.0
2026-07-20 15:47:24.865,0.0,,,,,28.7,927.8,18.8,-40.0,0.0,1.0,0.0,0.0,63.0
2026-07-20 15:47:25.065,0.0,,,,,28.7,927.8,18.9,-40.0,0.0,1.0,0.0,0.0,63.0
2026-07-20 15:47:25.265,0.0,,,,,28.7,927.8,18.9,-40.0,0.0,1.0,0.0,0.0,63.0
2026-07-20 15:47:25.527,0.0,,,,,28.7,927.8,19.5,-40.0,0.0,1.0,0.0,0.0,64.0
2026-07-20 15:47:25.683,0.0,,,,,28.7,927.8,19.5,-40.0,0.0,1.0,0.0,0.0,64.0
2026-07-20 15:47:25.865,0.0,,,,,28.7,927.8,19.5,-40.0,0.0,1.0,0.0,0.0,64.0
2026-07-20 15:47:26.065,0.0,,,,,28.7,927.8,18.7,-40.0,0.0,1.0,0.0,0.0,64.0
2026-07-20 15:47:26.264,0.0,,,,,28.7,927.8,18.7,-40.0,0.0,1.0,0.0,0.0,64.0
2026-07-20 15:47:26.527,0.0,,,,,28.7,927.8,18.6,-40.0,0.0,1.0,0.0,0.0,65.0
2026-07-20 15:47:26.665,0.0,,,,,28.7,927.8,18.6,-40.0,0.0,1.0,0.0,0.0,65.0
2026-07-20 15:47:26.864,0.0,,,,,28.7,927.8,18.6,-40.0,0.0,1.0,0.0,0.0,65.0
2026-07-20 15:47:27.065,0.0,,,,,28.7,927.9,18.8,-40.0,0.0,1.0,0.0,0.0,65.0
2026-07-20 15:47:27.265,0.0,,,,,28.7,927.9,18.8,-40.0,0.0,1.0,0.0,0.0,65.0
2026-07-20 15:47:27.527,0.0,,,,,28.7,927.8,18.7,-40.0,0.0,1.0,0.0,0.0,66.0
2026-07-20 15:47:27.687,0.0,,,,,28.7,927.8,18.7,-40.0,0.0,1.0,0.0,0.0,66.0
2026-07-20 15:47:27.865,0.0,,,,,28.7,927.8,18.7,-40.0,0.0,1.0,0.0,0.0,66.0
2026-07-20 15:47:28.065,0.0,,,,,28.71,927.9,18.9,-40.0,0.0,1.0,0.0,0.0,66.0
2026-07-20 15:47:28.265,0.0,,,,,28.71,927.9,18.9,-40.0,0.0,1.0,0.0,0.0,66.0
2026-07-20 15:47:28.526,0.0,,,,,28.7,927.9,18.6,-40.0,0.0,1.0,0.0,0.0,67.0
2026-07-20 15:47:28.686,0.0,,,,,28.7,927.9,18.6,-40.0,0.0,1.0,0.0,0.0,67.0
2026-07-20 15:47:28.864,0.0,,,,,28.7,927.9,18.6,-40.0,0.0,1.0,0.0,0.0,67.0
2026-07-20 15:47:29.065,0.0,,,,,28.7,927.8,18.6,-40.0,0.0,1.0,0.0,0.0,67.0
2026-07-20 15:47:29.283,0.0,,,,,28.7,927.8,18.6,-40.0,0.0,1.0,0.0,0.0,67.0
2026-07-20 15:47:29.526,0.0,,,,,28.7,927.8,18.5,-40.0,0.0,1.0,0.0,0.0,68.0
2026-07-20 15:47:29.664,0.0,,,,,28.7,927.8,18.5,-40.0,0.0,0.0,0.0,0.0,68.0
2026-07-20 15:47:29.890,0.0,,,,,28.7,927.8,18.5,-40.0,0.0,0.0,0.0,0.0,68.0
2026-07-20 15:47:30.065,0.0,,,,,28.7,927.8,18.4,-40.0,0.0,0.0,0.0,0.0,68.0
2026-07-20 15:47:30.265,0.0,,,,,28.7,927.8,18.4,-40.0,0.0,0.0,0.0,0.0,68.0
2026-07-20 15:47:30.526,0.0,,,,,28.7,927.8,19.4,-40.0,0.0,0.0,0.0,0.0,69.0
2026-07-20 15:47:30.665,0.0,,,,,28.7,927.8,19.4,-40.0,0.0,0.0,0.0,0.0,69.0
2026-07-20 15:47:30.864,0.0,,,,,28.7,927.8,19.4,-40.0,0.0,0.0,0.0,0.0,69.0
2026-07-20 15:47:31.064,0.0,,,,,28.7,927.8,19.1,-40.0,0.0,0.0,0.0,0.0,69.0
2026-07-20 15:47:31.265,0.0,,,,,28.7,927.8,19.1,-40.0,0.0,0.0,0.0,0.0,69.0
2026-07-20 15:47:31.527,0.0,,,,,28.7,927.8,18.8,-40.0,0.0,0.0,0.0,0.0,70.0
2026-07-20 15:47:31.679,0.0,,,,,28.7,927.8,18.8,-40.0,0.0,1.0,0.0,0.0,70.0
2026-07-20 15:47:31.864,0.0,,,,,28.7,927.8,18.8,-40.0,0.0,1.0,0.0,0.0,70.0
2026-07-20 15:47:32.064,0.0,,,,,28.7,927.7,18.7,-40.0,0.0,1.0,0.0,0.0,70.0
2026-07-20 15:47:32.269,0.0,,,,,28.7,927.7,18.7,-40.0,0.0,1.0,0.0,0.0,70.0
2026-07-20 15:47:32.526,0.0,,,,,28.7,927.8,18.4,-40.0,0.0,1.0,0.0,0.0,71.0
2026-07-20 15:47:32.690,0.0,,,,,28.7,927.8,18.4,-40.0,0.0,1.0,0.0,0.0,71.0
2026-07-20 15:47:32.865,0.0,,,,,28.7,927.8,18.4,-40.0,0.0,1.0,0.0,0.0,71.0
2026-07-20 15:47:33.064,0.0,,,,,28.7,927.8,18.9,-40.0,0.0,0.0,0.0,0.0,71.0
2026-07-20 15:47:33.274,0.0,,,,,28.7,927.8,18.9,-40.0,0.0,0.0,0.0,0.0,71.0
2026-07-20 15:47:33.527,0.0,,,,,28.7,927.8,18.6,-40.0,0.0,0.0,0.0,0.0,72.0
2026-07-20 15:47:33.665,0.0,,,,,28.7,927.8,18.6,-40.0,0.0,0.0,0.0,0.0,72.0
2026-07-20 15:47:33.867,0.0,,,,,28.7,927.8,18.6,-40.0,0.0,0.0,0.0,0.0,72.0
2026-07-20 15:47:34.065,0.0,,,,,28.7,927.8,18.8,-40.0,0.0,0.0,0.0,0.0,72.0
2026-07-20 15:47:34.265,0.0,,,,,28.7,927.8,18.8,-40.0,0.0,0.0,0.0,0.0,72.0
2026-07-20 15:47:34.527,0.0,,,,,28.71,927.7,18.9,-40.0,0.0,0.0,0.0,0.0,73.0
2026-07-20 15:47:34.665,0.0,,,,,28.71,927.7,18.9,-40.0,0.0,0.0,0.0,0.0,73.0
2026-07-20 15:47:34.865,0.0,,,,,28.71,927.7,18.9,-40.0,0.0,0.0,0.0,0.0,73.0
2026-07-20 15:47:35.064,0.0,,,,,28.71,927.8,18.6,-40.0,0.0,0.0,0.0,0.0,73.0
2026-07-20 15:47:35.264,0.0,,,,,28.71,927.8,18.6,-40.0,0.0,0.0,0.0,0.0,73.0
2026-07-20 15:47:35.526,0.0,,,,,28.71,927.8,18.7,-40.0,0.0,0.0,0.0,0.0,74.0
2026-07-20 15:47:35.665,0.0,,,,,28.71,927.8,18.7,-40.0,0.0,0.0,0.0,0.0,74.0
2026-07-20 15:47:35.865,0.0,,,,,28.71,927.8,18.7,-40.0,0.0,0.0,0.0,0.0,74.0
2026-07-20 15:47:36.065,0.0,,,,,28.71,927.8,18.4,-40.0,0.0,0.0,0.0,0.0,74.0
2026-07-20 15:47:36.265,0.0,,,,,28.71,927.8,18.4,-40.0,0.0,0.0,0.0,0.0,74.0
2026-07-20 15:47:36.527,0.0,,,,,28.7,927.8,18.4,-40.0,0.0,0.0,0.0,0.0,75.0
2026-07-20 15:47:36.693,0.0,,,,,28.7,927.8,18.4,-40.0,0.0,0.0,0.0,0.0,75.0
2026-07-20 15:47:36.865,0.0,,,,,28.7,927.8,18.4,-40.0,0.0,0.0,0.0,0.0,75.0
2026-07-20 15:47:39.623,,,,,,28.71,927.8,19.0,-40.0,0.0,0.0,0.0,1.0,0.0
2026-07-20 15:47:39.781,,,,,,28.71,927.8,19.0,-40.0,0.0,1.0,0.0,0.0,0.0
2026-07-20 15:47:39.959,,,,,,28.71,927.8,19.0,-40.0,0.0,1.0,0.0,0.0,0.0
2026-07-20 15:47:40.159,,,,,,28.7,927.8,19.0,-40.0,0.0,1.0,0.0,0.0,0.0
2026-07-20 15:47:40.359,,,,,,28.7,927.8,19.0,-40.0,0.0,1.0,0.0,0.0,0.0
2026-07-20 15:47:40.620,,,,,,28.71,927.7,18.9,-40.0,0.0,1.0,0.0,0.0,1.0
2026-07-20 15:47:40.759,,,,,,28.71,927.7,18.9,-40.0,0.0,1.0,0.0,0.0,1.0
2026-07-20 15:47:40.959,,,,,,28.71,927.7,18.9,-40.0,0.0,1.0,0.0,0.0,1.0
2026-07-20 15:47:41.159,,,,,,28.7,927.8,19.6,-40.0,0.0,1.0,0.0,0.0,1.0
2026-07-20 15:47:41.358,,,,,,28.7,927.8,19.6,-40.0,0.0,1.0,0.0,0.0,1.0
2026-07-20 15:47:41.620,,,,,,28.71,927.8,19.0,-40.0,0.0,1.0,0.0,0.0,2.0
2026-07-20 15:47:41.759,,,,,,28.71,927.8,19.0,-40.0,0.0,1.0,0.0,0.0,2.0
2026-07-20 15:47:41.960,,,,,,28.71,927.8,19.0,-40.0,0.0,1.0,0.0,0.0,2.0
2026-07-20 15:47:42.159,,,,,,28.7,927.8,19.0,-40.0,0.0,1.0,0.0,0.0,2.0
2026-07-20 15:47:42.358,,,,,,28.7,927.8,19.0,-40.0,0.0,1.0,0.0,0.0,2.0
2026-07-20 15:47:42.620,,,,,,28.71,927.8,18.9,-40.0,0.0,1.0,0.0,0.0,3.0
2026-07-20 15:47:42.762,,,,,,28.71,927.8,18.9,-40.0,0.0,1.0,0.0,0.0,3.0
2026-07-20 15:47:42.959,,,,,,28.71,927.8,18.9,-40.0,0.0,1.0,0.0,0.0,3.0
2026-07-20 15:47:43.159,,,,,,28.7,927.8,19.0,-40.0,0.0,1.0,0.0,0.0,3.0
2026-07-20 15:47:43.358,,,,,,28.7,927.8,19.0,-40.0,0.0,1.0,0.0,0.0,3.0
2026-07-20 15:47:43.621,,,,,,28.7,927.8,18.6,-40.0,0.0,1.0,0.0,0.0,4.0
2026-07-20 15:47:43.790,,,,,,28.7,927.8,18.6,-40.0,0.0,1.0,0.0,0.0,4.0
2026-07-20 15:47:43.959,,,,,,28.7,927.8,18.6,-40.0,0.0,1.0,0.0,0.0,4.0
2026-07-20 15:47:44.159,,,,,,28.71,927.8,18.9,-40.0,0.0,1.0,0.0,0.0,4.0
2026-07-20 15:47:44.360,0.0,,,,,28.71,927.8,18.9,-40.0,0.0,1.0,0.0,0.0,4.0
2026-07-20 15:47:44.621,0.0,,,,,28.71,927.8,18.8,-40.0,0.0,1.0,0.0,0.0,5.0
2026-07-20 15:47:44.759,0.0,,,,,28.71,927.8,18.8,-40.0,0.0,1.0,0.0,0.0,5.0
2026-07-20 15:47:44.959,0.0,,,,,28.71,927.8,18.8,-40.0,0.0,1.0,0.0,0.0,5.0
2026-07-20 15:47:45.160,0.0,,,,,28.7,927.8,18.4,-40.0,0.0,1.0,0.0,0.0,5.0
2026-07-20 15:47:45.359,0.0,,,,,28.7,927.8,18.4,-40.0,0.0,1.0,0.0,0.0,5.0
2026-07-20 15:47:45.621,0.0,,,,,28.7,927.8,18.7,-40.0,0.0,1.0,0.0,0.0,6.0
2026-07-20 15:47:45.778,0.0,,,,,28.7,927.8,18.7,-40.0,0.0,1.0,0.0,0.0,6.0
2026-07-20 15:47:45.959,0.0,,,,,28.7,927.8,18.7,-40.0,0.0,1.0,0.0,0.0,6.0
2026-07-20 15:47:46.159,0.0,,,,,28.71,927.8,18.5,-40.0,0.0,1.0,0.0,0.0,6.0
2026-07-20 15:47:46.359,0.0,,,,,28.71,927.8,18.5,-40.0,0.0,1.0,0.0,0.0,6.0
2026-07-20 15:47:46.621,0.0,,,,,28.7,927.8,18.3,-40.0,0.0,1.0,0.0,0.0,7.0
2026-07-20 15:47:46.775,0.0,,,,,28.7,927.8,18.3,-40.0,0.0,1.0,0.0,0.0,7.0
2026-07-20 15:47:46.959,0.0,,,,,28.7,927.8,18.3,-40.0,0.0,1.0,0.0,0.0,7.0
2026-07-20 15:47:47.159,0.0,,,,,28.7,927.8,18.6,-40.0,0.0,1.0,0.0,0.0,7.0
2026-07-20 15:47:47.360,0.0,,,,,28.7,927.8,18.6,-40.0,0.0,1.0,0.0,0.0,7.0
2026-07-20 15:47:47.621,0.0,,,,,28.71,927.8,18.8,-40.0,0.0,1.0,0.0,0.0,8.0
2026-07-20 15:47:47.794,0.0,,,,,28.71,927.8,18.8,-40.0,0.0,1.0,0.0,0.0,8.0
2026-07-20 15:47:47.959,0.0,,,,,28.71,927.8,18.8,-40.0,0.0,1.0,0.0,0.0,8.0
2026-07-20 15:47:48.159,0.0,,,,,28.71,927.8,19.4,-40.0,0.0,1.0,0.0,0.0,8.0
2026-07-20 15:47:48.359,0.0,,,,,28.71,927.8,19.4,-40.0,0.0,1.0,0.0,0.0,8.0
2026-07-20 15:47:48.621,0.0,,,,,28.71,927.8,19.3,-40.0,0.0,1.0,0.0,0.0,9.0
2026-07-20 15:47:48.791,0.0,,,,,28.71,927.8,19.3,-40.0,0.0,1.0,0.0,0.0,9.0
2026-07-20 15:47:48.959,0.0,,,,,28.71,927.8,19.3,-40.0,0.0,1.0,0.0,0.0,9.0
2026-07-20 15:47:49.159,0.0,,,,,28.72,927.8,18.8,-40.0,0.0,1.0,0.0,0.0,9.0
2026-07-20 15:47:49.359,0.0,,,,,28.72,927.8,18.8,-40.0,0.0,1.0,0.0,0.0,9.0
2026-07-20 15:47:49.621,0.0,,,,,28.7,927.8,18.6,-40.0,0.0,1.0,0.0,0.0,10.0
2026-07-20 15:47:49.770,0.0,,,,,28.7,927.8,18.6,-40.0,0.0,1.0,0.0,0.0,10.0
2026-07-20 15:47:49.959,0.0,,,,,28.7,927.8,18.6,-40.0,0.0,1.0,0.0,0.0,10.0
2026-07-20 15:47:50.159,0.0,,,,,28.72,927.9,18.4,-40.0,0.0,1.0,0.0,0.0,10.0
2026-07-20 15:47:50.386,0.0,,,,,28.72,927.9,18.4,-40.0,0.0,1.0,0.0,0.0,10.0
2026-07-20 15:47:50.620,0.0,,,,,28.71,927.8,18.4,-40.0,0.0,1.0,0.0,0.0,11.0
2026-07-20 15:47:50.759,0.0,,,,,28.71,927.8,18.4,-40.0,0.0,1.0,0.0,0.0,11.0
2026-07-20 15:47:50.972,0.0,,,,,28.71,927.8,18.4,-40.0,0.0,1.0,0.0,0.0,11.0
2026-07-20 15:47:51.159,0.0,,,,,28.71,927.8,18.1,-40.0,0.0,1.0,0.0,0.0,11.0
2026-07-20 15:47:51.359,0.0,,,,,28.71,927.8,18.1,-40.0,0.0,1.0,0.0,0.0,11.0
2026-07-20 15:47:51.621,0.0,,,,,28.71,927.8,18.5,-40.0,0.0,1.0,0.0,0.0,12.0
2026-07-20 15:47:51.759,0.0,,,,,28.71,927.8,18.5,-40.0,0.0,1.0,0.0,0.0,12.0
2026-07-20 15:47:51.959,0.0,,,,,28.71,927.8,18.5,-40.0,0.0,1.0,0.0,0.0,12.0
2026-07-20 15:47:52.169,0.0,,,,,28.71,927.9,18.2,-40.0,0.0,1.0,0.0,0.0,12.0
2026-07-20 15:47:52.359,0.0,,,,,28.71,927.9,18.2,-40.0,0.0,1.0,0.0,0.0,12.0
2026-07-20 15:47:52.621,0.0,,,,,28.72,927.9,19.2,-40.0,0.0,1.0,0.0,0.0,13.0
2026-07-20 15:47:52.770,0.0,,,,,28.72,927.9,19.2,-40.0,0.0,1.0,0.0,0.0,13.0
2026-07-20 15:47:52.959,0.0,,,,,28.72,927.9,19.2,-40.0,0.0,1.0,0.0,0.0,13.0
2026-07-20 15:47:53.159,0.0,,,,,28.71,927.8,18.6,-40.0,0.0,1.0,0.0,0.0,13.0
2026-07-20 15:47:53.359,0.0,,,,,28.71,927.8,18.6,-40.0,0.0,1.0,0.0,0.0,13.0
2026-07-20 15:47:53.621,0.0,,,,,28.71,927.8,18.3,-40.0,0.0,1.0,0.0,0.0,14.0
2026-07-20 15:47:53.786,0.0,,,,,28.71,927.8,18.3,-40.0,0.0,1.0,0.0,0.0,14.0
2026-07-20 15:47:53.959,0.0,,,,,28.71,927.8,18.3,-40.0,0.0,1.0,0.0,0.0,14.0
2026-07-20 15:47:54.159,0.0,,,,,28.71,927.8,18.8,-40.0,0.0,1.0,0.0,0.0,14.0
2026-07-20 15:47:54.359,0.0,,,,,28.71,927.8,18.8,-40.0,0.0,1.0,0.0,0.0,14.0
2026-07-20 15:47:54.621,0.0,,,,,28.71,927.8,18.7,-40.0,0.0,1.0,0.0,0.0,15.0
2026-07-20 15:47:54.759,0.0,,,,,28.71,927.8,18.7,-40.0,0.0,1.0,0.0,0.0,15.0
2026-07-20 15:47:54.959,0.0,,,,,28.71,927.8,18.7,-40.0,0.0,1.0,0.0,0.0,15.0
2026-07-20 15:47:55.186,0.0,,,,,28.71,927.8,18.6,-40.0,0.0,1.0,0.0,0.0,15.0
2026-07-20 15:47:55.359,0.0,,,,,28.71,927.8,18.6,-40.0,0.0,1.0,0.0,0.0,15.0
2026-07-20 15:47:55.636,0.0,,,,,28.71,927.8,18.4,-40.0,0.0,1.0,0.0,0.0,16.0
2026-07-20 15:47:55.759,0.0,,,,,28.71,927.8,18.4,-40.0,0.0,1.0,0.0,0.0,16.0
2026-07-20 15:47:55.959,0.0,,,,,28.71,927.8,18.4,-40.0,0.0,1.0,0.0,0.0,16.0
2026-07-20 15:47:56.159,0.0,,,,,28.71,927.8,18.6,-40.0,0.0,1.0,0.0,0.0,16.0
2026-07-20 15:47:56.359,0.0,,,,,28.71,927.8,18.6,-40.0,0.0,1.0,0.0,0.0,16.0
2026-07-20 15:47:56.621,0.0,,,,,28.71,927.8,19.0,-40.0,0.0,1.0,0.0,0.0,17.0
2026-07-20 15:47:56.759,0.0,,,,,28.71,927.8,19.0,-40.0,0.0,1.0,0.0,0.0,17.0
2026-07-20 15:47:56.959,0.0,,,,,28.71,927.8,19.0,-40.0,0.0,1.0,0.0,0.0,17.0
2026-07-20 15:47:57.159,0.0,,,,,28.72,927.8,18.5,-40.0,0.0,1.0,0.0,0.0,17.0
2026-07-20 15:47:57.359,0.0,,,,,28.72,927.8,18.5,-40.0,0.0,1.0,0.0,0.0,17.0
2026-07-20 15:47:57.621,0.0,,,,,28.71,927.9,18.8,-40.0,0.0,1.0,0.0,0.0,18.0
2026-07-20 15:47:57.786,0.0,,,,,28.71,927.9,18.8,-40.0,0.0,1.0,0.0,0.0,18.0
2026-07-20 15:47:57.959,0.0,,,,,28.71,927.9,18.8,-40.0,0.0,1.0,0.0,0.0,18.0
2026-07-20 15:47:58.159,0.0,,,,,28.71,927.8,18.8,-40.0,0.0,1.0,0.0,0.0,18.0
2026-07-20 15:47:58.359,0.0,,,,,28.71,927.8,18.8,-40.0,0.0,1.0,0.0,0.0,18.0
2026-07-20 15:47:58.621,0.0,,,,,28.71,927.8,18.8,-40.0,0.0,1.0,0.0,0.0,19.0
2026-07-20 15:47:58.783,0.0,,,,,28.71,927.8,18.8,-40.0,0.0,1.0,0.0,0.0,19.0
2026-07-20 15:47:58.959,0.0,,,,,28.71,927.8,18.8,-40.0,0.0,1.0,0.0,0.0,19.0
2026-07-20 15:47:59.159,0.0,,,,,28.71,927.8,18.4,-40.0,0.0,1.0,0.0,0.0,19.0
2026-07-20 15:47:59.359,0.0,,,,,28.71,927.8,18.4,-40.0,0.0,1.0,0.0,0.0,19.0
2026-07-20 15:47:59.620,0.0,,,,,28.71,927.9,18.6,-40.0,0.0,1.0,0.0,0.0,20.0
2026-07-20 15:47:59.785,0.0,,,,,28.71,927.9,18.6,-40.0,0.0,1.0,0.0,0.0,20.0
2026-07-20 15:47:59.959,0.0,,,,,28.71,927.9,18.6,-40.0,0.0,1.0,0.0,0.0,20.0
2026-07-20 15:48:00.159,0.0,,,,,28.71,927.8,19.0,-40.0,0.0,1.0,0.0,0.0,20.0
2026-07-20 15:48:00.359,0.0,,,,,28.71,927.8,19.0,-40.0,0.0,1.0,0.0,0.0,20.0
2026-07-20 15:48:00.621,0.0,,,,,28.71,927.8,19.0,-40.0,0.0,1.0,0.0,0.0,21.0
2026-07-20 15:48:00.761,0.0,,,,,28.71,927.8,19.0,-40.0,0.0,1.0,0.0,0.0,21.0
2026-07-20 15:48:00.959,0.0,,,,,28.71,927.8,19.0,-40.0,0.0,1.0,0.0,0.0,21.0
2026-07-20 15:48:01.159,0.0,,,,,28.71,927.8,18.5,-40.0,0.0,1.0,0.0,0.0,21.0
2026-07-20 15:48:01.359,0.0,,,,,28.71,927.8,18.5,-40.0,0.0,1.0,0.0,0.0,21.0
2026-07-20 15:48:01.621,0.0,,,,,28.71,927.8,18.7,-40.0,0.0,1.0,0.0,0.0,22.0
2026-07-20 15:48:01.789,0.0,,,,,28.71,927.8,18.7,-40.0,0.0,1.0,0.0,0.0,22.0
2026-07-20 15:48:01.959,0.0,,,,,28.71,927.8,18.7,-40.0,0.0,1.0,0.0,0.0,22.0
2026-07-20 15:48:02.159,0.0,,,,,28.71,927.8,18.4,-40.0,0.0,1.0,0.0,0.0,22.0
2026-07-20 15:48:02.358,0.0,,,,,28.71,927.8,18.4,-40.0,0.0,1.0,0.0,0.0,22.0
2026-07-20 15:48:02.622,0.0,,,,,28.72,927.8,18.6,-40.0,0.0,1.0,0.0,0.0,23.0
2026-07-20 15:48:02.758,0.0,,,,,28.72,927.8,18.6,-40.0,0.0,1.0,0.0,0.0,23.0
2026-07-20 15:48:02.959,0.0,,,,,28.72,927.8,18.6,-40.0,0.0,1.0,0.0,0.0,23.0
2026-07-20 15:48:03.159,0.0,,,,,28.71,927.8,19.0,-40.0,0.0,1.0,0.0,0.0,23.0
2026-07-20 15:48:03.358,0.0,,,,,28.71,927.8,19.0,-40.0,0.0,1.0,0.0,0.0,23.0
2026-07-20 15:48:03.621,0.0,,,,,28.71,927.8,18.7,-40.0,0.0,1.0,0.0,0.0,24.0
2026-07-20 15:48:03.759,0.0,,,,,28.71,927.8,18.7,-40.0,0.0,1.0,0.0,0.0,24.0
2026-07-20 15:48:03.958,0.0,,,,,28.71,927.8,18.7,-40.0,0.0,1.0,0.0,0.0,24.0
2026-07-20 15:48:04.159,0.0,,,,,28.71,927.8,18.7,-40.0,0.0,1.0,0.0,0.0,24.0
2026-07-20 15:48:04.359,0.0,,,,,28.71,927.8,18.7,-40.0,0.0,1.0,0.0,0.0,24.0
2026-07-20 15:48:04.621,0.0,,,,,28.7,927.8,18.3,-40.0,0.0,1.0,0.0,0.0,25.0
2026-07-20 15:48:04.759,0.0,,,,,28.7,927.8,18.3,-40.0,0.0,1.0,0.0,0.0,25.0
2026-07-20 15:48:04.959,0.0,,,,,28.7,927.8,18.3,-40.0,0.0,1.0,0.0,0.0,25.0
2026-07-20 15:48:05.159,0.0,,,,,28.71,927.8,18.6,-40.0,0.0,1.0,0.0,0.0,25.0
2026-07-20 15:48:05.359,0.0,,,,,28.71,927.8,18.6,-40.0,0.0,1.0,0.0,0.0,25.0
2026-07-20 15:48:05.620,0.0,,,,,28.71,927.9,18.9,-40.0,0.0,1.0,0.0,0.0,26.0
2026-07-20 15:48:05.759,0.0,,,,,28.71,927.9,18.9,-40.0,0.0,1.0,0.0,0.0,26.0
2026-07-20 15:48:05.959,0.0,,,,,28.71,927.9,18.9,-40.0,0.0,1.0,0.0,0.0,26.0
2026-07-20 15:48:06.160,0.0,,,,,28.71,927.8,18.6,-40.0,0.0,1.0,0.0,0.0,26.0
2026-07-20 15:48:06.359,0.0,,,,,28.71,927.8,18.6,-40.0,0.0,1.0,0.0,0.0,26.0
2026-07-20 15:48:06.620,0.0,,,,,28.72,927.8,18.3,-40.0,0.0,1.0,0.0,0.0,27.0
2026-07-20 15:48:06.758,0.0,,,,,28.72,927.8,18.3,-40.0,0.0,1.0,0.0,0.0,27.0
2026-07-20 15:48:06.959,0.0,,,,,28.72,927.8,18.3,-40.0,0.0,1.0,0.0,0.0,27.0
2026-07-20 15:48:07.159,0.0,,,,,28.71,927.8,18.9,-40.0,0.0,1.0,0.0,0.0,27.0
2026-07-20 15:48:07.359,0.0,,,,,28.71,927.8,18.9,-40.0,0.0,1.0,0.0,0.0,27.0
2026-07-20 15:48:07.620,0.0,,,,,28.71,927.8,18.8,-40.0,0.0,1.0,0.0,0.0,28.0
2026-07-20 15:48:07.778,0.0,,,,,28.71,927.8,18.8,-40.0,0.0,1.0,0.0,0.0,28.0
2026-07-20 15:48:07.958,0.0,,,,,28.71,927.8,18.8,-40.0,0.0,1.0,0.0,0.0,28.0
2026-07-20 15:48:08.159,0.0,,,,,28.72,927.8,18.4,-40.0,0.0,1.0,0.0,0.0,28.0
2026-07-20 15:48:08.359,0.0,,,,,28.72,927.8,18.4,-40.0,0.0,1.0,0.0,0.0,28.0
2026-07-20 15:48:08.620,0.0,,,,,28.72,927.8,18.4,-40.0,0.0,1.0,0.0,0.0,29.0
2026-07-20 15:48:08.777,0.0,,,,,28.72,927.8,18.4,-40.0,0.0,1.0,0.0,0.0,29.0
2026-07-20 15:48:08.959,0.0,,,,,28.72,927.8,18.4,-40.0,0.0,1.0,0.0,0.0,29.0
2026-07-20 15:48:09.159,0.0,,,,,28.72,927.8,18.8,-40.0,0.0,1.0,0.0,0.0,29.0
2026-07-20 15:48:09.359,0.0,,,,,28.72,927.8,18.8,-40.0,0.0,1.0,0.0,0.0,29.0
2026-07-20 15:48:09.621,0.0,,,,,28.71,927.8,19.1,-40.0,0.0,1.0,0.0,0.0,30.0
2026-07-20 15:48:09.782,0.0,,,,,28.71,927.8,19.1,-40.0,0.0,1.0,0.0,0.0,30.0
2026-07-20 15:48:09.959,0.0,,,,,28.71,927.8,19.1,-40.0,0.0,1.0,0.0,0.0,30.0
2026-07-20 15:48:10.159,0.0,,,,,28.72,927.8,18.6,-40.0,0.0,1.0,0.0,0.0,30.0
2026-07-20 15:48:10.383,0.0,,,,,28.72,927.8,18.6,-40.0,0.0,1.0,0.0,0.0,30.0
2026-07-20 15:48:10.621,0.0,,,,,28.72,927.8,18.3,-40.0,0.0,1.0,0.0,0.0,31.0
2026-07-20 15:48:10.758,0.0,,,,,28.72,927.8,18.3,-40.0,0.0,1.0,0.0,0.0,31.0
2026-07-20 15:48:10.958,0.0,,,,,28.72,927.8,18.3,-40.0,0.0,1.0,0.0,0.0,31.0
2026-07-20 15:48:11.159,0.0,,,,,28.71,927.7,18.7,-40.0,0.0,1.0,0.0,0.0,31.0
2026-07-20 15:48:11.359,0.0,,,,,28.71,927.7,18.7,-40.0,0.0,1.0,0.0,0.0,31.0
2026-07-20 15:48:11.621,0.0,,,,,28.71,927.8,18.5,-40.0,0.0,1.0,0.0,0.0,32.0
2026-07-20 15:48:11.790,0.0,,,,,28.71,927.8,18.5,-40.0,0.0,1.0,0.0,0.0,32.0
2026-07-20 15:48:11.958,0.0,,,,,28.71,927.8,18.5,-40.0,0.0,1.0,0.0,0.0,32.0
2026-07-20 15:48:12.159,0.0,,,,,28.72,927.8,19.2,-40.0,0.0,1.0,0.0,0.0,32.0
2026-07-20 15:48:12.359,0.0,,,,,28.72,927.8,19.2,-40.0,0.0,1.0,0.0,0.0,32.0
2026-07-20 15:48:12.621,0.0,,,,,28.72,927.8,18.6,-40.0,0.0,1.0,0.0,0.0,33.0
2026-07-20 15:48:12.781,0.0,,,,,28.72,927.8,18.6,-40.0,0.0,1.0,0.0,0.0,33.0
2026-07-20 15:48:12.959,0.0,,,,,28.72,927.8,18.6,-40.0,0.0,1.0,0.0,0.0,33.0
2026-07-20 15:48:13.159,0.0,,,,,28.72,927.8,18.5,-40.0,0.0,1.0,0.0,0.0,33.0
2026-07-20 15:48:13.359,0.0,,,,,28.72,927.8,18.5,-40.0,0.0,1.0,0.0,0.0,33.0
2026-07-20 15:48:13.620,0.0,,,,,28.72,927.8,19.2,-40.0,0.0,1.0,0.0,0.0,34.0
2026-07-20 15:48:13.778,0.0,,,,,28.72,927.8,19.2,-40.0,0.0,1.0,0.0,0.0,34.0
2026-07-20 15:48:13.958,0.0,,,,,28.72,927.8,19.2,-40.0,0.0,1.0,0.0,0.0,34.0
2026-07-20 15:48:14.159,0.0,,,,,28.72,927.8,18.5,-40.0,0.0,1.0,0.0,0.0,34.0
2026-07-20 15:48:14.359,0.0,,,,,28.72,927.8,18.5,-40.0,0.0,1.0,0.0,0.0,34.0
2026-07-20 15:48:14.620,0.0,,,,,28.72,927.8,18.5,-40.0,0.0,1.0,0.0,0.0,35.0
2026-07-20 15:48:14.786,0.0,,,,,28.72,927.8,18.5,-40.0,0.0,1.0,0.0,0.0,35.0
2026-07-20 15:48:14.959,0.0,,,,,28.72,927.8,18.5,-40.0,0.0,1.0,0.0,0.0,35.0
2026-07-20 15:48:15.159,0.0,,,,,28.71,927.8,19.4,-40.0,0.0,1.0,0.0,0.0,35.0
2026-07-20 15:48:15.359,0.0,,,,,28.71,927.8,19.4,-40.0,0.0,1.0,0.0,0.0,35.0
2026-07-20 15:48:15.621,0.0,,,,,28.72,927.8,18.4,-40.0,0.0,1.0,0.0,0.0,36.0
2026-07-20 15:48:15.780,0.0,,,,,28.72,927.8,18.4,-40.0,0.0,1.0,0.0,0.0,36.0
2026-07-20 15:48:15.959,0.0,,,,,28.72,927.8,18.4,-40.0,0.0,1.0,0.0,0.0,36.0
2026-07-20 15:48:16.159,0.0,,,,,28.71,927.9,18.4,-40.0,0.0,1.0,0.0,0.0,36.0
2026-07-20 15:48:16.358,0.0,,,,,28.71,927.9,18.4,-40.0,0.0,1.0,0.0,0.0,36.0
2026-07-20 15:48:16.620,0.0,,,,,28.72,927.8,18.1,-40.0,0.0,1.0,0.0,0.0,37.0
2026-07-20 15:48:16.758,0.0,,,,,28.72,927.8,18.1,-40.0,0.0,1.0,0.0,0.0,37.0
2026-07-20 15:48:16.958,0.0,,,,,28.72,927.8,18.1,-40.0,0.0,1.0,0.0,0.0,37.0
2026-07-20 15:48:17.158,0.0,,,,,28.72,927.8,18.3,-40.0,0.0,1.0,0.0,0.0,37.0
2026-07-20 15:48:17.359,0.0,,,,,28.72,927.8,18.3,-40.0,0.0,1.0,0.0,0.0,37.0
2026-07-20 15:48:17.620,0.0,,,,,28.73,927.8,19.1,-40.0,0.0,1.0,0.0,0.0,38.0
2026-07-20 15:48:17.761,0.0,,,,,28.73,927.8,19.1,-40.0,0.0,1.0,0.0,0.0,38.0
2026-07-20 15:48:17.959,0.0,,,,,28.73,927.8,19.1,-40.0,0.0,1.0,0.0,0.0,38.0
2026-07-20 15:48:18.159,0.0,,,,,28.73,927.8,19.0,-40.0,0.0,1.0,0.0,0.0,38.0
2026-07-20 15:48:18.376,0.0,,,,,28.73,927.8,19.0,-40.0,0.0,1.0,0.0,0.0,38.0
2026-07-20 15:48:18.621,0.0,,,,,28.73,927.8,18.7,-40.0,0.0,1.0,0.0,0.0,39.0
2026-07-20 15:48:18.767,0.0,,,,,28.73,927.8,18.7,-40.0,0.0,1.0,0.0,0.0,39.0
2026-07-20 15:48:18.958,0.0,,,,,28.73,927.8,18.7,-40.0,0.0,1.0,0.0,0.0,39.0
2026-07-20 15:48:19.159,0.0,,,,,28.73,927.7,18.6,-40.0,0.0,1.0,0.0,0.0,39.0
2026-07-20 15:48:19.361,0.0,,,,,28.73,927.7,18.6,-40.0,0.0,1.0,0.0,0.0,39.0
2026-07-20 15:48:19.621,0.0,,,,,28.72,927.8,18.7,-40.0,0.0,1.0,0.0,0.0,40.0
2026-07-20 15:48:19.790,0.0,,,,,28.72,927.8,18.7,-40.0,0.0,1.0,0.0,0.0,40.0
2026-07-20 15:48:19.958,0.0,,,,,28.72,927.8,18.7,-40.0,0.0,1.0,0.0,0.0,40.0
2026-07-20 15:48:20.159,0.0,,,,,28.72,927.8,18.3,-40.0,0.0,1.0,0.0,0.0,40.0
2026-07-20 15:48:20.374,0.0,,,,,28.72,927.8,18.3,-40.0,0.0,1.0,0.0,0.0,40.0
2026-07-20 15:48:20.620,0.0,,,,,28.72,927.8,18.5,-40.0,0.0,1.0,0.0,0.0,41.0
2026-07-20 15:48:20.793,0.0,,,,,28.72,927.8,18.5,-40.0,0.0,1.0,0.0,0.0,41.0
2026-07-20 15:48:20.959,0.0,,,,,28.72,927.8,18.5,-40.0,0.0,1.0,0.0,0.0,41.0
2026-07-20 15:48:21.159,0.0,,,,,28.73,927.7,18.2,-40.0,0.0,1.0,0.0,0.0,41.0
2026-07-20 15:48:21.361,0.0,,,,,28.73,927.7,18.2,-40.0,0.0,1.0,0.0,0.0,41.0
2026-07-20 15:48:21.620,0.0,,,,,28.73,927.8,18.6,-40.0,0.0,1.0,0.0,0.0,42.0
2026-07-20 15:48:21.785,0.0,,,,,28.73,927.8,18.6,-40.0,0.0,1.0,0.0,0.0,42.0
2026-07-20 15:48:21.959,0.0,,,,,28.73,927.8,18.6,-40.0,0.0,1.0,0.0,0.0,42.0
2026-07-20 15:48:22.158,0.0,,,,,28.73,927.8,19.1,-40.0,0.0,1.0,0.0,0.0,42.0
2026-07-20 15:48:22.373,0.0,,,,,28.73,927.8,19.1,-40.0,0.0,1.0,0.0,0.0,42.0
2026-07-20 15:48:22.620,0.0,,,,,28.72,927.7,18.6,-40.0,0.0,1.0,0.0,0.0,43.0
2026-07-20 15:48:22.758,0.0,,,,,28.72,927.7,18.6,-40.0,0.0,1.0,0.0,0.0,43.0
2026-07-20 15:48:22.959,0.0,,,,,28.72,927.7,18.6,-40.0,0.0,1.0,0.0,0.0,43.0
2026-07-20 15:48:23.159,0.0,,,,,28.73,927.8,18.5,-40.0,0.0,1.0,0.0,0.0,43.0
2026-07-20 15:48:23.359,0.0,,,,,28.73,927.8,18.5,-40.0,0.0,1.0,0.0,0.0,43.0
2026-07-20 15:48:23.620,0.0,,,,,28.73,927.8,18.4,-40.0,0.0,1.0,0.0,0.0,44.0
2026-07-20 15:48:23.758,0.0,,,,,28.73,927.8,18.4,-40.0,0.0,1.0,0.0,0.0,44.0
2026-07-20 15:48:23.958,0.0,,,,,28.73,927.8,18.4,-40.0,0.0,1.0,0.0,0.0,44.0
2026-07-20 15:48:24.159,0.0,,,,,28.73,927.8,18.5,-40.0,0.0,1.0,0.0,0.0,44.0
2026-07-20 15:48:24.358,0.0,,,,,28.73,927.8,18.5,-40.0,0.0,1.0,0.0,0.0,44.0
2026-07-20 15:48:24.620,0.0,,,,,28.73,927.8,19.0,-40.0,0.0,1.0,0.0,0.0,45.0
2026-07-20 15:48:24.759,0.0,,,,,28.73,927.8,19.0,-40.0,0.0,1.0,0.0,0.0,45.0
2026-07-20 15:48:24.957,0.0,,,,,28.73,927.8,19.0,-40.0,0.0,1.0,0.0,0.0,45.0
2026-07-20 15:48:25.158,0.0,,,,,28.73,927.8,18.6,-40.0,0.0,1.0,0.0,0.0,45.0
2026-07-20 15:48:25.359,0.0,,,,,28.73,927.8,18.6,-40.0,0.0,1.0,0.0,0.0,45.0
2026-07-20 15:48:25.620,0.0,,,,,28.72,927.8,18.4,-40.0,0.0,1.0,0.0,0.0,46.0
2026-07-20 15:48:25.802,0.0,,,,,28.72,927.8,18.4,-40.0,0.0,1.0,0.0,0.0,46.0
2026-07-20 15:48:25.958,0.0,,,,,28.72,927.8,18.4,-40.0,0.0,1.0,0.0,0.0,46.0
2026-07-20 15:48:26.159,0.0,,,,,28.73,927.8,19.0,-40.0,0.0,1.0,0.0,0.0,46.0
2026-07-20 15:48:26.369,0.0,,,,,28.73,927.8,19.0,-40.0,0.0,1.0,0.0,0.0,46.0
2026-07-20 15:48:26.620,0.0,,,,,28.73,927.7,18.6,-40.0,0.0,1.0,0.0,0.0,47.0
2026-07-20 15:48:26.788,0.0,,,,,28.73,927.7,18.6,-40.0,0.0,1.0,0.0,0.0,47.0
2026-07-20 15:48:26.958,0.0,,,,,28.73,927.7,18.6,-40.0,0.0,1.0,0.0,0.0,47.0
2026-07-20 15:48:27.158,0.0,,,,,28.73,927.8,18.7,-40.0,0.0,1.0,0.0,0.0,47.0
2026-07-20 15:48:27.359,0.0,,,,,28.73,927.8,18.7,-40.0,0.0,1.0,0.0,0.0,47.0
2026-07-20 15:48:27.620,0.0,,,,,28.73,927.8,18.7,-40.0,0.0,1.0,0.0,0.0,48.0
2026-07-20 15:48:27.782,0.0,,,,,28.73,927.8,18.7,-40.0,0.0,1.0,0.0,0.0,48.0
2026-07-20 15:48:27.958,0.0,,,,,28.73,927.8,18.7,-40.0,0.0,1.0,0.0,0.0,48.0
2026-07-20 15:48:28.159,0.0,,,,,28.73,927.8,18.6,-40.0,0.0,1.0,0.0,0.0,48.0
2026-07-20 15:48:28.358,0.0,,,,,28.73,927.8,18.6,-40.0,0.0,1.0,0.0,0.0,48.0
2026-07-20 15:48:28.620,0.0,,,,,28.73,927.8,18.3,-40.0,0.0,1.0,0.0,0.0,49.0
2026-07-20 15:48:28.784,0.0,,,,,28.73,927.8,18.3,-40.0,0.0,1.0,0.0,0.0,49.0
2026-07-20 15:48:28.959,0.0,,,,,28.73,927.8,18.3,-40.0,0.0,1.0,0.0,0.0,49.0
2026-07-20 15:48:29.158,0.0,,,,,28.73,927.8,19.0,-40.0,0.0,1.0,0.0,0.0,49.0
2026-07-20 15:48:29.358,0.0,,,,,28.73,927.8,19.0,-40.0,0.0,1.0,0.0,0.0,49.0
2026-07-20 15:48:29.620,0.0,,,,,28.72,927.8,18.3,-40.0,0.0,1.0,0.0,0.0,50.0
2026-07-20 15:48:29.780,0.0,,,,,28.72,927.8,18.3,-40.0,0.0,1.0,0.0,0.0,50.0
2026-07-20 15:48:29.958,0.0,,,,,28.72,927.8,18.3,-40.0,0.0,1.0,0.0,0.0,50.0
2026-07-20 15:48:30.158,0.0,,,,,28.72,927.8,18.6,-40.0,0.0,1.0,0.0,0.0,50.0
2026-07-20 15:48:30.359,0.0,,,,,28.72,927.8,18.6,-40.0,0.0,1.0,0.0,0.0,50.0
2026-07-20 15:48:30.620,0.0,,,,,28.73,927.8,19.0,-40.0,0.0,1.0,0.0,0.0,51.0
2026-07-20 15:48:30.784,0.0,,,,,28.73,927.8,19.0,-40.0,0.0,1.0,0.0,0.0,51.0
2026-07-20 15:48:30.958,0.0,,,,,28.73,927.8,19.0,-40.0,0.0,1.0,0.0,0.0,51.0
2026-07-20 15:48:31.159,0.0,,,,,28.73,927.8,19.0,-40.0,0.0,1.0,0.0,0.0,51.0
2026-07-20 15:48:31.358,0.0,,,,,28.73,927.8,19.0,-40.0,0.0,1.0,0.0,0.0,51.0
2026-07-20 15:48:31.620,0.0,,,,,28.73,927.8,18.7,-40.0,0.0,1.0,0.0,0.0,52.0
2026-07-20 15:48:31.789,0.0,,,,,28.73,927.8,18.7,-40.0,0.0,1.0,0.0,0.0,52.0
2026-07-20 15:48:31.958,0.0,,,,,28.73,927.8,18.7,-40.0,0.0,1.0,0.0,0.0,52.0
2026-07-20 15:48:32.158,0.0,,,,,28.72,927.7,19.1,-40.0,0.0,1.0,0.0,0.0,52.0
2026-07-20 15:48:32.358,0.0,,,,,28.72,927.7,19.1,-40.0,0.0,1.0,0.0,0.0,52.0
2026-07-20 15:48:32.621,0.0,,,,,28.72,927.7,18.8,-40.0,0.0,1.0,0.0,0.0,53.0
2026-07-20 15:48:32.781,0.0,,,,,28.72,927.7,18.8,-40.0,0.0,1.0,0.0,0.0,53.0
2026-07-20 15:48:32.958,0.0,,,,,28.72,927.7,18.8,-40.0,0.0,1.0,0.0,0.0,53.0
2026-07-20 15:48:33.158,0.0,,,,,28.73,927.8,18.4,-40.0,0.0,1.0,0.0,0.0,53.0
2026-07-20 15:48:33.358,0.0,,,,,28.73,927.8,18.4,-40.0,0.0,1.0,0.0,0.0,53.0
2026-07-20 15:48:33.620,0.0,,,,,28.73,927.8,18.5,-40.0,0.0,1.0,0.0,0.0,54.0
2026-07-20 15:48:33.758,0.0,,,,,28.73,927.8,18.5,-40.0,0.0,1.0,0.0,0.0,54.0
2026-07-20 15:48:33.958,0.0,,,,,28.73,927.8,18.5,-40.0,0.0,1.0,0.0,0.0,54.0
2026-07-20 15:48:34.158,0.0,,,,,28.73,927.7,18.4,-40.0,0.0,1.0,0.0,0.0,54.0
2026-07-20 15:48:34.358,0.0,,,,,28.73,927.7,18.4,-40.0,0.0,1.0,0.0,0.0,54.0
2026-07-20 15:48:34.620,0.0,,,,,28.73,927.8,18.3,-40.0,0.0,1.0,0.0,0.0,55.0
2026-07-20 15:48:34.758,0.0,,,,,28.73,927.8,18.3,-40.0,0.0,1.0,0.0,0.0,55.0
2026-07-20 15:48:34.958,0.0,,,,,28.73,927.8,18.3,-40.0,0.0,1.0,0.0,0.0,55.0
2026-07-20 15:48:35.158,0.0,,,,,28.73,927.8,18.5,-40.0,0.0,1.0,0.0,0.0,55.0
2026-07-20 15:48:35.358,0.0,,,,,28.73,927.8,18.5,-40.0,0.0,1.0,0.0,0.0,55.0
2026-07-20 15:48:35.620,0.0,,,,,28.73,927.7,19.2,-40.0,0.0,1.0,0.0,0.0,56.0
2026-07-20 15:48:35.758,0.0,,,,,28.73,927.7,19.2,-40.0,0.0,1.0,0.0,0.0,56.0
2026-07-20 15:48:35.958,0.0,,,,,28.73,927.7,19.2,-40.0,0.0,1.0,0.0,0.0,56.0
2026-07-20 15:48:36.158,0.0,,,,,28.75,927.8,18.4,-40.0,0.0,1.0,0.0,0.0,56.0
2026-07-20 15:48:36.369,0.0,,,,,28.75,927.8,18.4,-40.0,0.0,1.0,0.0,0.0,56.0
2026-07-20 15:48:36.620,0.0,,,,,28.73,927.8,18.5,-40.0,0.0,1.0,0.0,0.0,57.0
2026-07-20 15:48:36.758,0.0,,,,,28.73,927.8,18.5,-40.0,0.0,1.0,0.0,0.0,57.0
2026-07-20 15:48:36.958,0.0,,,,,28.73,927.8,18.5,-40.0,0.0,1.0,0.0,0.0,57.0
2026-07-20 15:48:37.158,0.0,,,,,28.73,927.8,18.5,-40.0,0.0,1.0,0.0,0.0,57.0
2026-07-20 15:48:37.358,0.0,,,,,28.73,927.8,18.5,-40.0,0.0,1.0,0.0,0.0,57.0
2026-07-20 15:48:37.620,0.0,,,,,28.73,927.8,18.6,-40.0,0.0,1.0,0.0,0.0,58.0
2026-07-20 15:48:37.758,0.0,,,,,28.73,927.8,18.6,-40.0,0.0,1.0,0.0,0.0,58.0
2026-07-20 15:48:37.958,0.0,,,,,28.73,927.8,18.6,-40.0,0.0,1.0,0.0,0.0,58.0
2026-07-20 15:48:38.158,0.0,,,,,28.75,927.8,18.3,-40.0,0.0,1.0,0.0,0.0,58.0
2026-07-20 15:48:38.358,0.0,,,,,28.75,927.8,18.3,-40.0,0.0,1.0,0.0,0.0,58.0
2026-07-20 15:48:38.620,0.0,,,,,28.72,927.8,18.5,-40.0,0.0,1.0,0.0,0.0,59.0
2026-07-20 15:48:38.758,0.0,,,,,28.72,927.8,18.5,-40.0,0.0,1.0,0.0,0.0,59.0
2026-07-20 15:48:38.958,0.0,,,,,28.72,927.8,18.5,-40.0,0.0,1.0,0.0,0.0,59.0
2026-07-20 15:48:39.184,0.0,,,,,28.73,927.8,18.2,-40.0,0.0,1.0,0.0,0.0,59.0
2026-07-20 15:48:39.358,0.0,,,,,28.73,927.8,18.2,-40.0,0.0,1.0,0.0,0.0,59.0
2026-07-20 15:48:39.620,0.0,,,,,28.72,927.8,18.5,-40.0,0.0,1.0,0.0,0.0,60.0
2026-07-20 15:48:39.790,0.0,,,,,28.72,927.8,18.5,-40.0,0.0,1.0,0.0,0.0,60.0
2026-07-20 15:48:39.958,0.0,,,,,28.72,927.8,18.5,-40.0,0.0,1.0,0.0,0.0,60.0
2026-07-20 15:48:40.160,0.0,,,,,28.72,927.8,19.1,-40.0,0.0,1.0,0.0,0.0,60.0
2026-07-20 15:48:40.380,0.0,,,,,28.72,927.8,19.1,-40.0,0.0,1.0,0.0,0.0,60.0
2026-07-20 15:48:40.621,0.0,,,,,28.73,927.7,19.0,-40.0,0.0,1.0,0.0,0.0,61.0
2026-07-20 15:48:40.789,0.0,,,,,28.73,927.7,19.0,-40.0,0.0,1.0,0.0,0.0,61.0
2026-07-20 15:48:40.958,0.0,,,,,28.73,927.7,19.0,-40.0,0.0,1.0,0.0,0.0,61.0
2026-07-20 15:48:41.158,0.0,,,,,28.75,927.9,19.0,-40.0,0.0,1.0,0.0,0.0,61.0
2026-07-20 15:48:41.357,0.0,,,,,28.75,927.9,19.0,-40.0,0.0,1.0,0.0,0.0,61.0
2026-07-20 15:48:41.620,0.0,,,,,28.73,927.8,18.6,-40.0,0.0,1.0,0.0,0.0,62.0
2026-07-20 15:48:41.757,0.0,,,,,28.73,927.8,18.6,-40.0,0.0,1.0,0.0,0.0,62.0
2026-07-20 15:48:41.958,0.0,,,,,28.73,927.8,18.6,-40.0,0.0,1.0,0.0,0.0,62.0
2026-07-20 15:48:42.158,0.0,,,,,28.73,927.8,18.4,-40.0,0.0,1.0,0.0,0.0,62.0
2026-07-20 15:48:42.358,0.0,,,,,28.73,927.8,18.4,-40.0,0.0,1.0,0.0,0.0,62.0
2026-07-20 15:48:42.620,0.0,,,,,28.72,927.8,18.6,-40.0,0.0,1.0,0.0,0.0,63.0
2026-07-20 15:48:42.763,0.0,,,,,28.72,927.8,18.6,-40.0,0.0,1.0,0.0,0.0,63.0
2026-07-20 15:48:42.958,0.0,,,,,28.72,927.8,18.6,-40.0,0.0,1.0,0.0,0.0,63.0
2026-07-20 15:48:43.158,0.0,,,,,28.73,927.8,18.7,-40.0,0.0,1.0,0.0,0.0,63.0
2026-07-20 15:48:43.358,0.0,,,,,28.73,927.8,18.7,-40.0,0.0,1.0,0.0,0.0,63.0
2026-07-20 15:48:43.620,0.0,,,,,28.73,927.8,19.1,-40.0,0.0,1.0,0.0,0.0,64.0
2026-07-20 15:48:43.785,0.0,,,,,28.73,927.8,19.1,-40.0,0.0,1.0,0.0,0.0,64.0
2026-07-20 15:48:43.957,0.0,,,,,28.73,927.8,19.1,-40.0,0.0,1.0,0.0,0.0,64.0
2026-07-20 15:48:44.158,0.0,,,,,28.72,927.8,18.7,-40.0,0.0,1.0,0.0,0.0,64.0
2026-07-20 15:48:44.357,0.0,,,,,28.72,927.8,18.7,-40.0,0.0,1.0,0.0,0.0,64.0
2026-07-20 15:48:44.620,0.0,,,,,28.73,927.8,18.4,-40.0,0.0,1.0,0.0,0.0,65.0
2026-07-20 15:48:44.758,0.0,,,,,28.73,927.8,18.4,-40.0,0.0,1.0,0.0,0.0,65.0
2026-07-20 15:48:44.958,0.0,,,,,28.73,927.8,18.4,-40.0,0.0,1.0,0.0,0.0,65.0
2026-07-20 15:48:45.158,0.0,,,,,28.73,927.8,18.6,-40.0,0.0,1.0,0.0,0.0,65.0
2026-07-20 15:48:45.358,0.0,,,,,28.73,927.8,18.6,-40.0,0.0,1.0,0.0,0.0,65.0
2026-07-20 15:48:45.620,0.0,,,,,28.73,927.8,19.5,-40.0,0.0,1.0,0.0,0.0,66.0
2026-07-20 15:48:45.758,0.0,,,,,28.73,927.8,19.5,-40.0,0.0,1.0,0.0,0.0,66.0
2026-07-20 15:48:45.957,0.0,,,,,28.73,927.8,19.5,-40.0,0.0,1.0,0.0,0.0,66.0
2026-07-20 15:48:46.158,0.0,,,,,28.73,927.8,18.6,-40.0,0.0,1.0,0.0,0.0,66.0
2026-07-20 15:48:46.358,0.0,,,,,28.73,927.8,18.6,-40.0,0.0,1.0,0.0,0.0,66.0
2026-07-20 15:48:46.619,0.0,,,,,28.73,927.7,18.5,-40.0,0.0,1.0,0.0,0.0,67.0
2026-07-20 15:48:46.776,0.0,,,,,28.73,927.7,18.5,-40.0,0.0,1.0,0.0,0.0,67.0
2026-07-20 15:48:46.958,0.0,,,,,28.73,927.7,18.5,-40.0,0.0,1.0,0.0,0.0,67.0
2026-07-20 15:48:47.158,0.0,,,,,28.73,927.7,18.7,-40.0,0.0,1.0,0.0,0.0,67.0
2026-07-20 15:48:47.358,0.0,,,,,28.73,927.7,18.7,-40.0,0.0,1.0,0.0,0.0,67.0
2026-07-20 15:48:47.620,0.0,,,,,28.75,927.8,18.9,-40.0,0.0,1.0,0.0,0.0,68.0
2026-07-20 15:48:47.784,0.0,,,,,28.75,927.8,18.9,-40.0,0.0,1.0,0.0,0.0,68.0
2026-07-20 15:48:47.958,0.0,,,,,28.75,927.8,18.9,-40.0,0.0,1.0,0.0,0.0,68.0
2026-07-20 15:48:48.159,0.0,,,,,28.73,927.8,18.6,-40.0,0.0,1.0,0.0,0.0,68.0
2026-07-20 15:48:48.368,0.0,,,,,28.73,927.8,18.6,-40.0,0.0,1.0,0.0,0.0,68.0
2026-07-20 15:48:48.620,0.0,,,,,28.72,927.7,18.6,-40.0,0.0,1.0,0.0,0.0,69.0
2026-07-20 15:48:48.793,0.0,,,,,28.72,927.7,18.6,-40.0,0.0,1.0,0.0,0.0,69.0
2026-07-20 15:48:48.958,0.0,,,,,28.72,927.7,18.6,-40.0,0.0,1.0,0.0,0.0,69.0
2026-07-20 15:48:49.158,0.0,,,,,28.73,927.8,18.8,-40.0,0.0,1.0,0.0,0.0,69.0
2026-07-20 15:48:49.358,0.0,,,,,28.73,927.8,18.8,-40.0,0.0,1.0,0.0,0.0,69.0
2026-07-20 15:48:49.620,0.0,,,,,28.73,927.8,18.6,-40.0,0.0,1.0,0.0,0.0,70.0
2026-07-20 15:48:49.780,0.0,,,,,28.73,927.8,18.6,-40.0,0.0,1.0,0.0,0.0,70.0
2026-07-20 15:48:49.958,0.0,,,,,28.73,927.8,18.6,-40.0,0.0,1.0,0.0,0.0,70.0
2026-07-20 15:48:50.158,0.0,,,,,28.73,927.8,18.6,-40.0,0.0,1.0,0.0,0.0,70.0
2026-07-20 15:48:50.358,0.0,,,,,28.73,927.8,18.6,-40.0,0.0,1.0,0.0,0.0,70.0
2026-07-20 15:48:50.620,0.0,,,,,28.73,927.8,18.9,-40.0,0.0,1.0,0.0,0.0,71.0
2026-07-20 15:48:50.780,0.0,,,,,28.73,927.8,18.9,-40.0,0.0,1.0,0.0,0.0,71.0
2026-07-20 15:48:50.958,0.0,,,,,28.73,927.8,18.9,-40.0,0.0,1.0,0.0,0.0,71.0
2026-07-20 15:48:51.158,0.0,,,,,28.72,927.8,18.6,-40.0,0.0,1.0,0.0,0.0,71.0
2026-07-20 15:48:51.357,0.0,,,,,28.72,927.8,18.6,-40.0,0.0,1.0,0.0,0.0,71.0
2026-07-20 15:48:51.619,0.0,,,,,28.73,927.7,18.6,-40.0,0.0,1.0,0.0,0.0,72.0
2026-07-20 15:48:51.760,0.0,,,,,28.73,927.7,18.6,-40.0,0.0,1.0,0.0,0.0,72.0
2026-07-20 15:48:51.957,0.0,,,,,28.73,927.7,18.6,-40.0,0.0,1.0,0.0,0.0,72.0
2026-07-20 15:48:52.158,0.0,,,,,28.73,927.8,18.8,-40.0,0.0,1.0,0.0,0.0,72.0
2026-07-20 15:48:52.357,0.0,,,,,28.73,927.8,18.8,-40.0,0.0,1.0,0.0,0.0,72.0
2026-07-20 15:48:52.620,0.0,,,,,28.72,927.8,18.5,-40.0,0.0,1.0,0.0,0.0,73.0
2026-07-20 15:48:52.781,0.0,,,,,28.72,927.8,18.5,-40.0,0.0,1.0,0.0,0.0,73.0
2026-07-20 15:48:52.958,0.0,,,,,28.72,927.8,18.5,-40.0,0.0,1.0,0.0,0.0,73.0
2026-07-20 15:48:53.158,0.0,,,,,28.73,927.7,18.5,-40.0,0.0,1.0,0.0,0.0,73.0
2026-07-20 15:48:53.358,0.0,,,,,28.73,927.7,18.5,-40.0,0.0,1.0,0.0,0.0,73.0
2026-07-20 15:48:53.619,0.0,,,,,28.73,927.8,19.2,-40.0,0.0,1.0,0.0,0.0,74.0
2026-07-20 15:48:53.786,0.0,,,,,28.73,927.8,19.2,-40.0,0.0,1.0,0.0,0.0,74.0
2026-07-20 15:48:53.957,0.0,,,,,28.73,927.8,19.2,-40.0,0.0,1.0,0.0,0.0,74.0
2026-07-20 15:48:54.157,0.0,,,,,28.73,927.7,19.3,-40.0,0.0,1.0,0.0,0.0,74.0
2026-07-20 15:48:54.371,0.0,,,,,28.73,927.7,19.3,-40.0,0.0,1.0,0.0,0.0,74.0
2026-07-20 15:48:54.619,0.0,,,,,28.72,927.7,19.2,-40.0,0.0,1.0,0.0,0.0,75.0
2026-07-20 15:48:54.784,0.0,,,,,28.72,927.7,19.2,-40.0,0.0,1.0,0.0,0.0,75.0
2026-07-20 15:48:54.958,0.0,,,,,28.72,927.7,19.2,-40.0,0.0,1.0,0.0,0.0,75.0
2026-07-20 15:48:55.158,0.0,,,,,28.71,927.7,18.9,-40.0,0.0,1.0,0.0,0.0,75.0
2026-07-20 15:48:55.358,0.0,,,,,28.71,927.7,18.9,-40.0,0.0,1.0,0.0,0.0,75.0
2026-07-20 15:48:55.619,0.0,,,,,28.72,927.8,18.4,-40.0,0.0,1.0,0.0,0.0,76.0
2026-07-20 15:48:55.757,0.0,,,,,28.72,927.8,18.4,-40.0,0.0,1.0,0.0,0.0,76.0
2026-07-20 15:48:55.958,0.0,,,,,28.72,927.8,18.4,-40.0,0.0,1.0,0.0,0.0,76.0
2026-07-20 15:48:56.158,0.0,,,,,28.72,927.7,18.3,-40.0,0.0,1.0,0.0,0.0,76.0
2026-07-20 15:48:56.358,0.0,,,,,28.72,927.7,18.3,-40.0,0.0,1.0,0.0,0.0,76.0
2026-07-20 15:48:56.619,0.0,,,,,28.72,927.8,18.4,-40.0,0.0,1.0,0.0,0.0,77.0
2026-07-20 15:48:56.766,0.0,,,,,28.72,927.8,18.4,-40.0,0.0,1.0,0.0,0.0,77.0
2026-07-20 15:48:56.958,0.0,,,,,28.72,927.8,18.4,-40.0,0.0,1.0,0.0,0.0,77.0
2026-07-20 15:48:57.157,0.0,,,,,28.72,927.7,19.1,-40.0,0.0,1.0,0.0,0.0,77.0
2026-07-20 15:48:57.358,0.0,,,,,28.72,927.7,19.1,-40.0,0.0,1.0,0.0,0.0,77.0
2026-07-20 15:48:57.619,0.0,,,,,28.73,927.8,18.5,-40.0,0.0,1.0,0.0,0.0,78.0
2026-07-20 15:48:57.791,0.0,,,,,28.73,927.8,18.5,-40.0,0.0,1.0,0.0,0.0,78.0
2026-07-20 15:48:57.958,0.0,,,,,28.73,927.8,18.5,-40.0,0.0,1.0,0.0,0.0,78.0
2026-07-20 15:48:58.157,0.0,,,,,28.72,927.8,18.8,-40.0,0.0,1.0,0.0,0.0,78.0
2026-07-20 15:48:58.374,0.0,,,,,28.72,927.8,18.8,-40.0,0.0,1.0,0.0,0.0,78.0
2026-07-20 15:48:58.619,0.0,,,,,28.73,927.8,18.6,-40.0,0.0,1.0,0.0,0.0,79.0
2026-07-20 15:48:58.778,0.0,,,,,28.73,927.8,18.6,-40.0,0.0,1.0,0.0,0.0,79.0
2026-07-20 15:48:58.957,0.0,,,,,28.73,927.8,18.6,-40.0,0.0,1.0,0.0,0.0,79.0
2026-07-20 15:48:59.158,0.0,,,,,28.72,927.8,19.2,-40.0,0.0,1.0,0.0,0.0,79.0
2026-07-20 15:48:59.357,0.0,,,,,28.72,927.8,19.2,-40.0,0.0,1.0,0.0,0.0,79.0
2026-07-20 15:48:59.619,0.0,,,,,28.72,927.8,18.8,-40.0,0.0,1.0,0.0,0.0,80.0
2026-07-20 15:48:59.760,0.0,,,,,28.72,927.8,18.8,-40.0,0.0,1.0,0.0,0.0,80.0
2026-07-20 15:48:59.957,0.0,,,,,28.72,927.8,18.8,-40.0,0.0,1.0,0.0,0.0,80.0
2026-07-20 15:49:00.158,0.0,,,,,28.73,927.8,19.0,-40.0,0.0,1.0,0.0,0.0,80.0
2026-07-20 15:49:00.358,0.0,,,,,28.73,927.8,19.0,-40.0,0.0,1.0,0.0,0.0,80.0
2026-07-20 15:49:00.619,0.0,,,,,28.73,927.8,18.6,-40.0,0.0,1.0,0.0,0.0,81.0
2026-07-20 15:49:00.778,0.0,,,,,28.73,927.8,18.6,-40.0,0.0,1.0,0.0,0.0,81.0
2026-07-20 15:49:00.957,0.0,,,,,28.73,927.8,18.6,-40.0,0.0,1.0,0.0,0.0,81.0
2026-07-20 15:49:01.158,0.0,,,,,28.73,927.8,18.6,-40.0,0.0,1.0,0.0,0.0,81.0
2026-07-20 15:49:01.358,0.0,,,,,28.73,927.8,18.6,-40.0,0.0,1.0,0.0,0.0,81.0
2026-07-20 15:49:01.619,0.0,,,,,28.73,927.8,18.7,-40.0,0.0,1.0,0.0,0.0,82.0
2026-07-20 15:49:01.781,0.0,,,,,28.73,927.8,18.7,-40.0,0.0,1.0,0.0,0.0,82.0
2026-07-20 15:49:01.957,0.0,,,,,28.73,927.8,18.7,-40.0,0.0,1.0,0.0,0.0,82.0
2026-07-20 15:49:02.157,0.0,,,,,28.72,927.8,19.3,-40.0,0.0,1.0,0.0,0.0,82.0
2026-07-20 15:49:02.357,0.0,,,,,28.72,927.8,19.3,-40.0,0.0,1.0,0.0,0.0,82.0
2026-07-20 15:49:02.619,0.0,,,,,28.72,927.8,19.3,-40.0,0.0,1.0,0.0,0.0,83.0
2026-07-20 15:49:02.757,0.0,,,,,28.72,927.8,19.3,-40.0,0.0,1.0,0.0,0.0,83.0
2026-07-20 15:49:02.957,0.0,,,,,28.72,927.8,19.3,-40.0,0.0,1.0,0.0,0.0,83.0
2026-07-20 15:49:03.158,0.0,,,,,28.73,927.8,18.3,-40.0,0.0,1.0,0.0,0.0,83.0
2026-07-20 15:49:03.358,0.0,,,,,28.73,927.8,18.3,-40.0,0.0,1.0,0.0,0.0,83.0
2026-07-20 15:49:03.619,0.0,,,,,28.73,927.8,18.5,-40.0,0.0,1.0,0.0,0.0,84.0
2026-07-20 15:49:03.790,0.0,,,,,28.73,927.8,18.5,-40.0,0.0,1.0,0.0,0.0,84.0
2026-07-20 15:49:03.957,0.0,,,,,28.73,927.8,18.5,-40.0,0.0,1.0,0.0,0.0,84.0
2026-07-20 15:49:04.157,0.0,,,,,28.72,927.8,19.6,-40.0,0.0,1.0,0.0,0.0,84.0
2026-07-20 15:49:04.357,0.0,,,,,28.72,927.8,19.6,-40.0,0.0,1.0,0.0,0.0,84.0
2026-07-20 15:49:04.619,0.0,,,,,28.72,927.8,18.8,-40.0,0.0,1.0,0.0,0.0,85.0
2026-07-20 15:49:04.766,0.0,,,,,28.72,927.8,18.8,-40.0,0.0,1.0,0.0,0.0,85.0
2026-07-20 15:49:04.957,0.0,,,,,28.72,927.8,18.8,-40.0,0.0,1.0,0.0,0.0,85.0
2026-07-20 15:49:05.158,0.0,,,,,28.72,927.8,18.6,-40.0,0.0,1.0,0.0,0.0,85.0
2026-07-20 15:49:05.357,0.0,,,,,28.72,927.8,18.6,-40.0,0.0,1.0,0.0,0.0,85.0
2026-07-20 15:49:05.619,0.0,,,,,28.72,927.9,19.3,-40.0,0.0,1.0,0.0,0.0,86.0
2026-07-20 15:49:05.788,0.0,,,,,28.72,927.9,19.3,-40.0,0.0,1.0,0.0,0.0,86.0
2026-07-20 15:49:05.957,0.0,,,,,28.72,927.9,19.3,-40.0,0.0,1.0,0.0,0.0,86.0
2026-07-20 15:49:06.157,0.0,,,,,28.72,927.8,19.4,-40.0,0.0,1.0,0.0,0.0,86.0
2026-07-20 15:49:06.358,0.0,,,,,28.72,927.8,19.4,-40.0,0.0,1.0,0.0,0.0,86.0
2026-07-20 15:49:06.620,0.0,,,,,28.72,927.8,18.7,-40.0,0.0,1.0,0.0,0.0,87.0
2026-07-20 15:49:06.757,0.0,,,,,28.72,927.8,18.7,-40.0,0.0,1.0,0.0,0.0,87.0
2026-07-20 15:49:06.957,0.0,,,,,28.72,927.8,18.7,-40.0,0.0,1.0,0.0,0.0,87.0
2026-07-20 15:49:07.157,0.0,,,,,28.73,927.8,18.8,-40.0,0.0,1.0,0.0,0.0,87.0
2026-07-20 15:49:07.357,0.0,,,,,28.73,927.8,18.8,-40.0,0.0,1.0,0.0,0.0,87.0
2026-07-20 15:49:07.619,0.0,,,,,28.72,927.8,18.7,-40.0,0.0,1.0,0.0,0.0,88.0
2026-07-20 15:49:07.782,0.0,,,,,28.72,927.8,18.7,-40.0,0.0,1.0,0.0,0.0,88.0
2026-07-20 15:49:07.957,0.0,,,,,28.72,927.8,18.7,-40.0,0.0,1.0,0.0,0.0,88.0
2026-07-20 15:49:08.158,0.0,,,,,28.72,927.8,18.5,-40.0,0.0,1.0,0.0,0.0,88.0
2026-07-20 15:49:08.374,0.0,,,,,28.72,927.8,18.5,-40.0,0.0,1.0,0.0,0.0,88.0
2026-07-20 15:49:08.619,0.0,,,,,28.72,927.8,18.4,-40.0,0.0,1.0,0.0,0.0,89.0
2026-07-20 15:49:08.784,0.0,,,,,28.72,927.8,18.4,-40.0,0.0,1.0,0.0,0.0,89.0
2026-07-20 15:49:08.957,0.0,,,,,28.72,927.8,18.4,-40.0,0.0,1.0,0.0,0.0,89.0
2026-07-20 15:49:09.157,0.0,,,,,28.73,927.9,19.4,-40.0,0.0,1.0,0.0,0.0,89.0
2026-07-20 15:49:09.357,0.0,,,,,28.73,927.9,19.4,-40.0,0.0,1.0,0.0,0.0,89.0
2026-07-20 15:49:09.620,0.0,,,,,28.73,927.9,18.7,-40.0,0.0,1.0,0.0,0.0,90.0
2026-07-20 15:49:09.790,0.0,,,,,28.73,927.9,18.7,-40.0,0.0,1.0,0.0,0.0,90.0
2026-07-20 15:49:09.957,0.0,,,,,28.73,927.9,18.7,-40.0,0.0,1.0,0.0,0.0,90.0
2026-07-20 15:49:10.157,0.0,,,,,28.72,927.8,18.5,-40.0,0.0,1.0,0.0,0.0,90.0
2026-07-20 15:49:10.386,0.0,,,,,28.72,927.8,18.5,-40.0,0.0,1.0,0.0,0.0,90.0
2026-07-20 15:49:10.619,0.0,,,,,28.72,927.9,18.5,-40.0,0.0,1.0,0.0,0.0,91.0
2026-07-20 15:49:10.757,0.0,,,,,28.72,927.9,18.5,-40.0,0.0,1.0,0.0,0.0,91.0
2026-07-20 15:49:10.964,0.0,,,,,28.72,927.9,18.5,-40.0,0.0,1.0,0.0,0.0,91.0
2026-07-20 15:49:11.157,0.0,,,,,28.73,927.9,18.8,-40.0,0.0,1.0,0.0,0.0,91.0
2026-07-20 15:49:11.358,0.0,,,,,28.73,927.9,18.8,-40.0,0.0,1.0,0.0,0.0,91.0
2026-07-20 15:49:11.619,0.0,,,,,28.73,927.9,18.5,-40.0,0.0,1.0,0.0,0.0,92.0
2026-07-20 15:49:11.757,0.0,,,,,28.73,927.9,18.5,-40.0,0.0,1.0,0.0,0.0,92.0
2026-07-20 15:49:11.957,0.0,,,,,28.73,927.9,18.5,-40.0,0.0,1.0,0.0,0.0,92.0
2026-07-20 15:49:12.157,0.0,,,,,28.73,927.9,18.4,-40.0,0.0,1.0,0.0,0.0,92.0
2026-07-20 15:49:12.357,0.0,,,,,28.73,927.9,18.4,-40.0,0.0,1.0,0.0,0.0,92.0
2026-07-20 15:49:12.620,0.0,,,,,28.72,927.8,18.7,-40.0,0.0,1.0,0.0,0.0,93.0
2026-07-20 15:49:12.758,0.0,,,,,28.72,927.8,18.7,-40.0,0.0,1.0,0.0,0.0,93.0
2026-07-20 15:49:12.957,0.0,,,,,28.72,927.8,18.7,-40.0,0.0,1.0,0.0,0.0,93.0
2026-07-20 15:49:13.157,0.0,,,,,28.72,927.9,19.4,-40.0,0.0,1.0,0.0,0.0,93.0
2026-07-20 15:49:13.357,0.0,,,,,28.72,927.9,19.4,-40.0,0.0,1.0,0.0,0.0,93.0
2026-07-20 15:49:13.619,0.0,,,,,28.72,927.9,18.9,-40.0,0.0,1.0,0.0,0.0,94.0
2026-07-20 15:49:13.784,0.0,,,,,28.72,927.9,18.9,-40.0,0.0,1.0,0.0,0.0,94.0
2026-07-20 15:49:13.957,0.0,,,,,28.72,927.9,18.9,-40.0,0.0,1.0,0.0,0.0,94.0
2026-07-20 15:49:14.158,0.0,,,,,28.72,927.9,18.8,-40.0,0.0,1.0,0.0,0.0,94.0
2026-07-20 15:49:14.357,0.0,,,,,28.72,927.9,18.8,-40.0,0.0,1.0,0.0,0.0,94.0
2026-07-20 15:49:14.619,0.0,,,,,28.72,927.9,19.5,-40.0,0.0,1.0,0.0,0.0,95.0
2026-07-20 15:49:14.772,0.0,,,,,28.72,927.9,19.5,-40.0,0.0,1.0,0.0,0.0,95.0
2026-07-20 15:49:14.957,0.0,,,,,28.72,927.9,19.5,-40.0,0.0,1.0,0.0,0.0,95.0
2026-07-20 15:49:15.157,0.0,,,,,28.72,927.9,18.6,-40.0,0.0,1.0,0.0,0.0,95.0
2026-07-20 15:49:15.367,0.0,,,,,28.72,927.9,18.6,-40.0,0.0,1.0,0.0,0.0,95.0
2026-07-20 15:49:15.620,0.0,,,,,28.72,927.9,19.3,-40.0,0.0,1.0,0.0,0.0,96.0
2026-07-20 15:49:15.785,0.0,,,,,28.72,927.9,19.3,-40.0,0.0,1.0,0.0,0.0,96.0
2026-07-20 15:49:15.957,0.0,,,,,28.72,927.9,19.3,-40.0,0.0,1.0,0.0,0.0,96.0
2026-07-20 15:49:16.157,0.0,,,,,28.73,927.9,18.4,-40.0,0.0,1.0,0.0,0.0,96.0
2026-07-20 15:49:16.358,0.0,,,,,28.73,927.9,18.4,-40.0,0.0,1.0,0.0,0.0,96.0
2026-07-20 15:49:16.619,0.0,,,,,28.73,927.9,18.4,-40.0,0.0,1.0,0.0,0.0,97.0
2026-07-20 15:49:16.780,0.0,,,,,28.73,927.9,18.4,-40.0,0.0,1.0,0.0,0.0,97.0
2026-07-20 15:49:16.957,0.0,,,,,28.73,927.9,18.4,-40.0,0.0,1.0,0.0,0.0,97.0
2026-07-20 15:49:17.157,0.0,,,,,28.72,927.8,18.4,-40.0,0.0,1.0,0.0,0.0,97.0
2026-07-20 15:49:17.367,0.0,,,,,28.72,927.8,18.4,-40.0,0.0,1.0,0.0,0.0,97.0
2026-07-20 15:49:17.619,0.0,,,,,28.72,927.8,18.7,-40.0,0.0,1.0,0.0,0.0,98.0
2026-07-20 15:49:17.780,0.0,,,,,28.72,927.8,18.7,-40.0,0.0,1.0,0.0,0.0,98.0
2026-07-20 15:49:17.957,0.0,,,,,28.72,927.8,18.7,-40.0,0.0,1.0,0.0,0.0,98.0
2026-07-20 15:49:18.157,0.0,,,,,28.73,927.9,18.7,-40.0,0.0,1.0,0.0,0.0,98.0
2026-07-20 15:49:18.357,0.0,,,,,28.73,927.9,18.7,-40.0,0.0,1.0,0.0,0.0,98.0
2026-07-20 15:49:18.619,0.0,,,,,28.73,928.0,18.4,-40.0,0.0,1.0,0.0,0.0,99.0
2026-07-20 15:49:18.757,0.0,,,,,28.73,928.0,18.4,-40.0,0.0,1.0,0.0,0.0,99.0
2026-07-20 15:49:18.957,0.0,,,,,28.73,928.0,18.4,-40.0,0.0,1.0,0.0,0.0,99.0
2026-07-20 15:49:19.157,0.0,,,,,28.72,927.9,18.4,-40.0,0.0,1.0,0.0,0.0,99.0
2026-07-20 15:49:19.357,0.0,,,,,28.72,927.9,18.4,-40.0,0.0,1.0,0.0,0.0,99.0
2026-07-20 15:49:19.619,0.0,,,,,28.73,927.9,18.1,-40.0,0.0,1.0,0.0,0.0,100.0
2026-07-20 15:49:19.757,0.0,,,,,28.73,927.9,18.1,-40.0,0.0,1.0,0.0,0.0,100.0
2026-07-20 15:49:19.957,0.0,,,,,28.73,927.9,18.1,-40.0,0.0,1.0,0.0,0.0,100.0
2026-07-20 15:49:20.156,0.0,,,,,28.72,927.9,18.8,-40.0,0.0,1.0,0.0,0.0,100.0
2026-07-20 15:49:20.357,0.0,,,,,28.72,927.9,18.8,-40.0,0.0,1.0,0.0,0.0,100.0
2026-07-20 15:49:20.619,0.0,,,,,28.72,927.8,18.4,-40.0,0.0,1.0,0.0,0.0,101.0
2026-07-20 15:49:20.757,0.0,,,,,28.72,927.8,18.4,-40.0,0.0,1.0,0.0,0.0,101.0
2026-07-20 15:49:20.958,0.0,,,,,28.72,927.8,18.4,-40.0,0.0,1.0,0.0,0.0,101.0
2026-07-20 15:49:21.158,0.0,,,,,28.72,927.8,18.5,-40.0,0.0,1.0,0.0,0.0,101.0
2026-07-20 15:49:21.359,0.0,,,,,28.72,927.8,18.5,-40.0,0.0,1.0,0.0,0.0,101.0
2026-07-20 15:49:21.619,0.0,,,,,28.72,927.8,18.4,-40.0,0.0,1.0,0.0,0.0,102.0
2026-07-20 15:49:21.785,0.0,,,,,28.72,927.8,18.4,-40.0,0.0,1.0,0.0,0.0,102.0
2026-07-20 15:49:21.957,0.0,,,,,28.72,927.8,18.4,-40.0,0.0,1.0,0.0,0.0,102.0
2026-07-20 15:49:22.157,0.0,,,,,28.72,927.9,18.4,-40.0,0.0,1.0,0.0,0.0,102.0
2026-07-20 15:49:22.357,0.0,,,,,28.72,927.9,18.4,-40.0,0.0,1.0,0.0,0.0,102.0
2026-07-20 15:49:22.619,0.0,,,,,28.73,927.9,18.3,-40.0,0.0,1.0,0.0,0.0,103.0
2026-07-20 15:49:22.768,0.0,,,,,28.73,927.9,18.3,-40.0,0.0,1.0,0.0,0.0,103.0
2026-07-20 15:49:22.957,0.0,,,,,28.73,927.9,18.3,-40.0,0.0,1.0,0.0,0.0,103.0
2026-07-20 15:49:23.157,0.0,,,,,28.73,927.9,18.7,-40.0,0.0,1.0,0.0,0.0,103.0
2026-07-20 15:49:23.357,0.0,,,,,28.73,927.9,18.7,-40.0,0.0,1.0,0.0,0.0,103.0
2026-07-20 15:49:23.619,0.0,,,,,28.73,927.9,18.7,-40.0,0.0,1.0,0.0,0.0,104.0
2026-07-20 15:49:23.785,0.0,,,,,28.73,927.9,18.7,-40.0,0.0,1.0,0.0,0.0,104.0
2026-07-20 15:49:23.957,0.0,,,,,28.73,927.9,18.7,-40.0,0.0,1.0,0.0,0.0,104.0
2026-07-20 15:49:24.157,0.0,,,,,28.72,927.8,18.8,-40.0,0.0,1.0,0.0,0.0,104.0
2026-07-20 15:49:24.357,0.0,,,,,28.72,927.8,18.8,-40.0,0.0,1.0,0.0,0.0,104.0
2026-07-20 15:49:24.619,0.0,,,,,28.73,927.9,18.5,-40.0,0.0,1.0,0.0,0.0,105.0
2026-07-20 15:49:24.783,0.0,,,,,28.73,927.9,18.5,-40.0,0.0,1.0,0.0,0.0,105.0
2026-07-20 15:49:24.956,0.0,,,,,28.73,927.9,18.5,-40.0,0.0,1.0,0.0,0.0,105.0
2026-07-20 15:49:25.157,0.0,,,,,28.72,927.8,18.2,-40.0,0.0,1.0,0.0,0.0,105.0
2026-07-20 15:49:25.381,0.0,,,,,28.72,927.8,18.2,-40.0,0.0,1.0,0.0,0.0,105.0
2026-07-20 15:49:25.619,0.0,,,,,28.73,927.9,18.5,-40.0,0.0,1.0,0.0,0.0,106.0
2026-07-20 15:49:25.756,0.0,,,,,28.73,927.9,18.5,-40.0,0.0,1.0,0.0,0.0,106.0
2026-07-20 15:49:25.963,0.0,,,,,28.73,927.9,18.5,-40.0,0.0,1.0,0.0,0.0,106.0
2026-07-20 15:49:26.157,0.0,,,,,28.73,927.9,18.2,-40.0,0.0,1.0,0.0,0.0,106.0
2026-07-20 15:49:26.358,0.0,,,,,28.73,927.9,18.2,-40.0,0.0,1.0,0.0,0.0,106.0
2026-07-20 15:49:26.618,0.0,,,,,28.72,927.8,18.4,-40.0,0.0,1.0,0.0,0.0,107.0
2026-07-20 15:49:26.756,0.0,,,,,28.72,927.8,18.4,-40.0,0.0,1.0,0.0,0.0,107.0
2026-07-20 15:49:26.957,0.0,,,,,28.72,927.8,18.4,-40.0,0.0,1.0,0.0,0.0,107.0
2026-07-20 15:49:27.157,0.0,,,,,28.73,927.9,19.0,-40.0,0.0,1.0,0.0,0.0,107.0
2026-07-20 15:49:27.357,0.0,,,,,28.73,927.9,19.0,-40.0,0.0,1.0,0.0,0.0,107.0
2026-07-20 15:49:27.618,0.0,,,,,28.73,927.9,18.7,-40.0,0.0,1.0,0.0,0.0,108.0
2026-07-20 15:49:27.756,0.0,,,,,28.73,927.9,18.7,-40.0,0.0,1.0,0.0,0.0,108.0
2026-07-20 15:49:27.957,0.0,,,,,28.73,927.9,18.7,-40.0,0.0,1.0,0.0,0.0,108.0
2026-07-20 15:49:28.157,0.0,,,,,28.72,927.9,18.3,-40.0,0.0,1.0,0.0,0.0,108.0
2026-07-20 15:49:28.357,0.0,,,,,28.72,927.9,18.3,-40.0,0.0,1.0,0.0,0.0,108.0
2026-07-20 15:49:28.619,0.0,,,,,28.73,927.9,18.6,-40.0,0.0,1.0,0.0,0.0,109.0
2026-07-20 15:49:28.756,0.0,,,,,28.73,927.9,18.6,-40.0,0.0,1.0,0.0,0.0,109.0
2026-07-20 15:49:28.957,0.0,,,,,28.73,927.9,18.6,-40.0,0.0,1.0,0.0,0.0,109.0
2026-07-20 15:49:29.157,0.0,,,,,28.73,927.8,18.3,-40.0,0.0,1.0,0.0,0.0,109.0
2026-07-20 15:49:29.357,0.0,,,,,28.73,927.8,18.3,-40.0,0.0,1.0,0.0,0.0,109.0
2026-07-20 15:49:29.618,0.0,,,,,28.72,927.8,18.6,-40.0,0.0,1.0,0.0,0.0,110.0
2026-07-20 15:49:29.757,0.0,,,,,28.72,927.8,18.6,-40.0,0.0,1.0,0.0,0.0,110.0
2026-07-20 15:49:29.958,0.0,,,,,28.72,927.8,18.6,-40.0,0.0,1.0,0.0,0.0,110.0
2026-07-20 15:49:30.157,0.0,,,,,28.72,927.8,18.7,-40.0,0.0,1.0,0.0,0.0,110.0
2026-07-20 15:49:30.357,0.0,,,,,28.72,927.8,18.7,-40.0,0.0,1.0,0.0,0.0,110.0
2026-07-20 15:49:30.620,0.0,,,,,28.72,927.8,18.2,-40.0,0.0,1.0,0.0,0.0,111.0
2026-07-20 15:49:30.757,0.0,,,,,28.72,927.8,18.2,-40.0,0.0,1.0,0.0,0.0,111.0
2026-07-20 15:49:30.957,0.0,,,,,28.72,927.8,18.2,-40.0,0.0,1.0,0.0,0.0,111.0
2026-07-20 15:49:31.157,0.0,,,,,28.72,927.9,18.7,-40.0,0.0,1.0,0.0,0.0,111.0
2026-07-20 15:49:31.358,0.0,,,,,28.72,927.9,18.7,-40.0,0.0,1.0,0.0,0.0,111.0
2026-07-20 15:49:31.618,0.0,,,,,28.73,927.9,18.5,-40.0,0.0,1.0,0.0,0.0,112.0
2026-07-20 15:49:31.757,0.0,,,,,28.73,927.9,18.5,-40.0,0.0,1.0,0.0,0.0,112.0
2026-07-20 15:49:31.957,0.0,,,,,28.73,927.9,18.5,-40.0,0.0,1.0,0.0,0.0,112.0
2026-07-20 15:49:32.157,0.0,,,,,28.72,927.9,18.7,-40.0,0.0,1.0,0.0,0.0,112.0
2026-07-20 15:49:32.358,0.0,,,,,28.72,927.9,18.7,-40.0,0.0,1.0,0.0,0.0,112.0
2026-07-20 15:49:32.619,0.0,,,,,28.73,927.9,18.3,-40.0,0.0,1.0,0.0,0.0,113.0
2026-07-20 15:49:32.757,0.0,,,,,28.73,927.9,18.3,-40.0,0.0,1.0,0.0,0.0,113.0
2026-07-20 15:49:32.957,0.0,,,,,28.73,927.9,18.3,-40.0,0.0,1.0,0.0,0.0,113.0
2026-07-20 15:49:33.157,0.0,,,,,28.73,927.8,19.3,-40.0,0.0,1.0,0.0,0.0,113.0
2026-07-20 15:49:33.357,0.0,,,,,28.73,927.8,19.3,-40.0,0.0,1.0,0.0,0.0,113.0
2026-07-20 15:49:33.618,0.0,,,,,28.73,927.9,18.6,-40.0,0.0,1.0,0.0,0.0,114.0
2026-07-20 15:49:33.756,0.0,,,,,28.73,927.9,18.6,-40.0,0.0,1.0,0.0,0.0,114.0
2026-07-20 15:49:33.957,0.0,,,,,28.73,927.9,18.6,-40.0,0.0,1.0,0.0,0.0,114.0
2026-07-20 15:49:34.157,0.0,,,,,28.72,927.9,18.6,-40.0,0.0,1.0,0.0,0.0,114.0
2026-07-20 15:49:34.356,0.0,,,,,28.72,927.9,18.6,-40.0,0.0,1.0,0.0,0.0,114.0
2026-07-20 15:49:34.619,0.0,,,,,28.73,927.9,18.4,-40.0,0.0,1.0,0.0,0.0,115.0
2026-07-20 15:49:34.775,0.0,,,,,28.73,927.9,18.4,-40.0,0.0,1.0,0.0,0.0,115.0
2026-07-20 15:49:34.957,0.0,,,,,28.73,927.9,18.4,-40.0,0.0,1.0,0.0,0.0,115.0
2026-07-20 15:49:35.157,0.0,,,,,28.73,927.9,19.0,-40.0,0.0,1.0,0.0,0.0,115.0
2026-07-20 15:49:35.359,0.0,,,,,28.73,927.9,19.0,-40.0,0.0,1.0,0.0,0.0,115.0
2026-07-20 15:49:35.619,0.0,,,,,28.73,927.9,18.8,-40.0,0.0,1.0,0.0,0.0,116.0
2026-07-20 15:49:35.781,0.0,,,,,28.73,927.9,18.8,-40.0,0.0,1.0,0.0,0.0,116.0
2026-07-20 15:49:35.958,0.0,,,,,28.73,927.9,18.8,-40.0,0.0,1.0,0.0,0.0,116.0
2026-07-20 15:49:36.157,0.0,,,,,28.72,927.9,18.4,-40.0,0.0,1.0,0.0,0.0,116.0
2026-07-20 15:49:36.356,0.0,,,,,28.72,927.9,18.4,-40.0,0.0,1.0,0.0,0.0,116.0
2026-07-20 15:49:36.618,0.0,,,,,28.72,927.8,19.1,-40.0,0.0,1.0,0.0,0.0,117.0
2026-07-20 15:49:36.757,0.0,,,,,28.72,927.8,19.1,-40.0,0.0,1.0,0.0,0.0,117.0
2026-07-20 15:49:36.956,0.0,,,,,28.72,927.8,19.1,-40.0,0.0,1.0,0.0,0.0,117.0
2026-07-20 15:49:37.157,0.0,,,,,28.73,927.9,18.6,-40.0,0.0,1.0,0.0,0.0,117.0
2026-07-20 15:49:37.357,0.0,,,,,28.73,927.9,18.6,-40.0,0.0,1.0,0.0,0.0,117.0
2026-07-20 15:49:37.618,0.0,,,,,28.73,927.9,18.5,-40.0,0.0,1.0,0.0,0.0,118.0
2026-07-20 15:49:37.756,0.0,,,,,28.73,927.9,18.5,-40.0,0.0,1.0,0.0,0.0,118.0
2026-07-20 15:49:37.956,0.0,,,,,28.73,927.9,18.5,-40.0,0.0,1.0,0.0,0.0,118.0
2026-07-20 15:49:38.156,0.0,,,,,28.72,927.8,18.4,-40.0,0.0,1.0,0.0,0.0,118.0
2026-07-20 15:49:38.356,0.0,,,,,28.72,927.8,18.4,-40.0,0.0,1.0,0.0,0.0,118.0
2026-07-20 15:49:38.618,0.0,,,,,28.73,927.9,18.4,-40.0,0.0,1.0,0.0,0.0,119.0
2026-07-20 15:49:38.773,0.0,,,,,28.73,927.9,18.4,-40.0,0.0,1.0,0.0,0.0,119.0
2026-07-20 15:49:38.957,0.0,,,,,28.73,927.9,18.4,-40.0,0.0,1.0,0.0,0.0,119.0
2026-07-20 15:49:39.157,0.0,,,,,28.72,927.9,18.4,-40.0,0.0,1.0,0.0,0.0,119.0
2026-07-20 15:49:39.357,0.0,,,,,28.72,927.9,18.4,-40.0,0.0,1.0,0.0,0.0,119.0
2026-07-20 15:49:39.619,0.0,,,,,28.73,927.8,18.3,-40.0,0.0,1.0,0.0,0.0,120.0
2026-07-20 15:49:39.789,0.0,,,,,28.73,927.8,18.3,-40.0,0.0,1.0,0.0,0.0,120.0
2026-07-20 15:49:39.956,0.0,,,,,28.73,927.8,18.3,-40.0,0.0,1.0,0.0,0.0,120.0
2026-07-20 15:49:40.156,0.0,,,,,28.72,927.8,18.5,-40.0,0.0,1.0,0.0,0.0,120.0
2026-07-20 15:49:40.366,0.0,,,,,28.72,927.8,18.5,-40.0,0.0,1.0,0.0,0.0,120.0
2026-07-20 15:49:40.618,0.0,,,,,28.72,927.8,18.5,-40.0,0.0,1.0,0.0,0.0,121.0
2026-07-20 15:49:40.785,0.0,,,,,28.72,927.8,18.5,-40.0,0.0,1.0,0.0,0.0,121.0
2026-07-20 15:49:40.956,0.0,,,,,28.72,927.8,18.5,-40.0,0.0,1.0,0.0,0.0,121.0
2026-07-20 15:49:41.157,0.0,,,,,28.72,927.8,19.0,-40.0,0.0,1.0,0.0,0.0,121.0
2026-07-20 15:49:41.356,0.0,,,,,28.72,927.8,19.0,-40.0,0.0,1.0,0.0,0.0,121.0
2026-07-20 15:49:41.619,0.0,,,,,28.73,927.8,18.6,-40.0,0.0,1.0,0.0,0.0,122.0
2026-07-20 15:49:41.789,0.0,,,,,28.73,927.8,18.6,-40.0,0.0,1.0,0.0,0.0,122.0
2026-07-20 15:49:41.956,0.0,,,,,28.73,927.8,18.6,-40.0,0.0,1.0,0.0,0.0,122.0
2026-07-20 15:49:42.156,0.0,,,,,28.72,927.8,18.5,-40.0,0.0,1.0,0.0,0.0,122.0
2026-07-20 15:49:42.357,0.0,,,,,28.72,927.8,18.5,-40.0,0.0,1.0,0.0,0.0,122.0
2026-07-20 15:49:42.618,0.0,,,,,28.72,927.9,18.4,-40.0,0.0,1.0,0.0,0.0,123.0
2026-07-20 15:49:42.758,0.0,,,,,28.72,927.9,18.4,-40.0,0.0,1.0,0.0,0.0,123.0
2026-07-20 15:49:42.956,0.0,,,,,28.72,927.9,18.4,-40.0,0.0,1.0,0.0,0.0,123.0
2026-07-20 15:49:43.175,0.0,,,,,28.73,927.8,18.3,-40.0,0.0,1.0,0.0,0.0,123.0
2026-07-20 15:49:43.356,0.0,,,,,28.73,927.8,18.3,-40.0,0.0,1.0,0.0,0.0,123.0
2026-07-20 15:49:43.619,0.0,,,,,28.73,927.9,18.6,-40.0,0.0,1.0,0.0,0.0,124.0
2026-07-20 15:49:43.756,0.0,,,,,28.73,927.9,18.6,-40.0,0.0,1.0,0.0,0.0,124.0
2026-07-20 15:49:43.956,0.0,,,,,28.73,927.9,18.6,-40.0,0.0,1.0,0.0,0.0,124.0
2026-07-20 15:49:44.156,0.0,,,,,28.72,927.8,18.4,-40.0,0.0,1.0,0.0,0.0,124.0
2026-07-20 15:49:44.356,0.0,,,,,28.72,927.8,18.4,-40.0,0.0,1.0,0.0,0.0,124.0
2026-07-20 15:49:44.618,0.0,,,,,28.72,927.8,18.2,-40.0,0.0,1.0,0.0,0.0,125.0
2026-07-20 15:49:44.788,0.0,,,,,28.72,927.8,18.2,-40.0,0.0,1.0,0.0,0.0,125.0
2026-07-20 15:49:44.956,0.0,,,,,28.72,927.8,18.2,-40.0,0.0,1.0,0.0,0.0,125.0
2026-07-20 15:49:45.157,0.0,,,,,28.72,927.8,18.5,-40.0,0.0,1.0,0.0,0.0,125.0
2026-07-20 15:49:45.388,0.0,,,,,28.72,927.8,18.5,-40.0,0.0,1.0,0.0,0.0,125.0
2026-07-20 15:49:45.618,0.0,,,,,28.73,927.9,18.7,-40.0,0.0,1.0,0.0,0.0,126.0
2026-07-20 15:49:45.756,0.0,,,,,28.73,927.9,18.7,-40.0,0.0,1.0,0.0,0.0,126.0
2026-07-20 15:49:45.973,0.0,,,,,28.73,927.9,18.7,-40.0,0.0,1.0,0.0,0.0,126.0
2026-07-20 15:49:46.157,0.0,,,,,28.73,927.8,18.6,-40.0,0.0,1.0,0.0,0.0,126.0
2026-07-20 15:49:46.356,0.0,,,,,28.73,927.8,18.6,-40.0,0.0,1.0,0.0,0.0,126.0
2026-07-20 15:49:46.618,0.0,,,,,28.73,927.9,18.6,-40.0,0.0,1.0,0.0,0.0,127.0
2026-07-20 15:49:46.756,0.0,,,,,28.73,927.9,18.6,-40.0,0.0,1.0,0.0,0.0,127.0
2026-07-20 15:49:46.960,0.0,,,,,28.73,927.9,18.6,-40.0,0.0,1.0,0.0,0.0,127.0
2026-07-20 15:49:47.156,0.0,,,,,28.72,927.8,18.4,-40.0,0.0,1.0,0.0,0.0,127.0
2026-07-20 15:49:47.356,0.0,,,,,28.72,927.8,18.4,-40.0,0.0,1.0,0.0,0.0,127.0
2026-07-20 15:49:47.618,0.0,,,,,28.72,927.8,18.3,-40.0,0.0,1.0,0.0,0.0,128.0
2026-07-20 15:49:47.757,0.0,,,,,28.72,927.8,18.3,-40.0,0.0,1.0,0.0,0.0,128.0
2026-07-20 15:49:47.957,0.0,,,,,28.72,927.8,18.3,-40.0,0.0,1.0,0.0,0.0,128.0
2026-07-20 15:49:48.156,0.0,,,,,28.73,927.8,18.6,-40.0,0.0,1.0,0.0,0.0,128.0
2026-07-20 15:49:48.356,0.0,,,,,28.73,927.8,18.6,-40.0,0.0,1.0,0.0,0.0,128.0
2026-07-20 15:49:48.647,0.0,,,,,28.73,927.8,18.5,-40.0,0.0,1.0,0.0,0.0,129.0
2026-07-20 15:49:48.756,0.0,,,,,28.73,927.8,18.5,-40.0,0.0,1.0,0.0,0.0,129.0
2026-07-20 15:49:48.956,0.0,,,,,28.73,927.8,18.5,-40.0,0.0,1.0,0.0,0.0,129.0
2026-07-20 15:49:49.167,0.0,,,,,28.73,927.8,18.4,-40.0,0.0,1.0,0.0,0.0,129.0
2026-07-20 15:49:49.357,0.0,,,,,28.73,927.8,18.4,-40.0,0.0,1.0,0.0,0.0,129.0
2026-07-20 15:49:49.618,0.0,,,,,28.72,927.8,18.5,-40.0,0.0,1.0,0.0,0.0,130.0
2026-07-20 15:49:49.756,0.0,,,,,28.72,927.8,18.5,-40.0,0.0,1.0,0.0,0.0,130.0
2026-07-20 15:49:49.956,0.0,,,,,28.72,927.8,18.5,-40.0,0.0,1.0,0.0,0.0,130.0
2026-07-20 15:49:50.156,0.0,,,,,28.73,927.8,18.3,-40.0,0.0,1.0,0.0,0.0,130.0
2026-07-20 15:49:50.356,0.0,,,,,28.73,927.8,18.3,-40.0,0.0,1.0,0.0,0.0,130.0
2026-07-20 15:49:50.618,0.0,,,,,28.72,927.8,18.7,-40.0,0.0,1.0,0.0,0.0,131.0
2026-07-20 15:49:50.778,0.0,,,,,28.72,927.8,18.7,-40.0,0.0,1.0,0.0,0.0,131.0
2026-07-20 15:49:50.956,0.0,,,,,28.72,927.8,18.7,-40.0,0.0,1.0,0.0,0.0,131.0
2026-07-20 15:49:51.156,0.0,,,,,28.73,927.9,19.0,-40.0,0.0,1.0,0.0,0.0,131.0
2026-07-20 15:49:51.356,0.0,,,,,28.73,927.9,19.0,-40.0,0.0,1.0,0.0,0.0,131.0
2026-07-20 15:49:51.618,0.0,,,,,28.73,927.8,18.5,-40.0,0.0,1.0,0.0,0.0,132.0
2026-07-20 15:49:51.776,0.0,,,,,28.73,927.8,18.5,-40.0,0.0,1.0,0.0,0.0,132.0
2026-07-20 15:49:51.956,0.0,,,,,28.73,927.8,18.5,-40.0,0.0,1.0,0.0,0.0,132.0
2026-07-20 15:49:52.156,0.0,,,,,28.73,927.9,18.3,-40.0,0.0,1.0,0.0,0.0,132.0
2026-07-20 15:49:52.356,0.0,,,,,28.73,927.9,18.3,-40.0,0.0,1.0,0.0,0.0,132.0
2026-07-20 15:49:52.618,0.0,,,,,28.72,927.9,18.4,-40.0,0.0,1.0,0.0,0.0,133.0
2026-07-20 15:49:52.756,0.0,,,,,28.72,927.9,18.4,-40.0,0.0,1.0,0.0,0.0,133.0
2026-07-20 15:49:52.956,0.0,,,,,28.72,927.9,18.4,-40.0,0.0,1.0,0.0,0.0,133.0
2026-07-20 15:49:53.157,0.0,,,,,28.73,927.8,18.3,-40.0,0.0,1.0,0.0,0.0,133.0
2026-07-20 15:49:53.356,0.0,,,,,28.73,927.8,18.3,-40.0,0.0,1.0,0.0,0.0,133.0
2026-07-20 15:49:53.618,0.0,,,,,28.72,927.8,18.6,-40.0,0.0,1.0,0.0,0.0,134.0
2026-07-20 15:49:53.760,0.0,,,,,28.72,927.8,18.6,-40.0,0.0,1.0,0.0,0.0,134.0
2026-07-20 15:49:53.956,0.0,,,,,28.72,927.8,18.6,-40.0,0.0,1.0,0.0,0.0,134.0
2026-07-20 15:49:54.156,0.0,,,,,28.72,927.8,18.6,-40.0,0.0,1.0,0.0,0.0,134.0
2026-07-20 15:49:54.355,0.0,,,,,28.72,927.8,18.6,-40.0,0.0,1.0,0.0,0.0,134.0
2026-07-20 15:49:54.618,0.0,,,,,28.72,927.8,18.4,-40.0,0.0,1.0,0.0,0.0,135.0
2026-07-20 15:49:54.777,0.0,,,,,28.72,927.8,18.4,-40.0,0.0,1.0,0.0,0.0,135.0
2026-07-20 15:49:54.956,0.0,,,,,28.72,927.8,18.4,-40.0,0.0,1.0,0.0,0.0,135.0
2026-07-20 15:49:55.156,0.0,,,,,28.73,927.9,18.7,-40.0,0.0,1.0,0.0,0.0,135.0
2026-07-20 15:49:55.355,0.0,,,,,28.73,927.9,18.7,-40.0,0.0,1.0,0.0,0.0,135.0
2026-07-20 15:49:55.618,0.0,,,,,28.72,927.8,18.9,-40.0,0.0,1.0,0.0,0.0,136.0
2026-07-20 15:49:55.775,0.0,,,,,28.72,927.8,18.9,-40.0,0.0,1.0,0.0,0.0,136.0
2026-07-20 15:49:55.956,0.0,,,,,28.72,927.8,18.9,-40.0,0.0,1.0,0.0,0.0,136.0
2026-07-20 15:49:56.157,0.0,,,,,28.72,927.8,18.6,-40.0,0.0,1.0,0.0,0.0,136.0
2026-07-20 15:49:56.384,0.0,,,,,28.72,927.8,18.6,-40.0,0.0,1.0,0.0,0.0,136.0
2026-07-20 15:49:56.618,0.0,,,,,28.72,927.8,18.3,-40.0,0.0,1.0,0.0,0.0,137.0
2026-07-20 15:49:56.756,0.0,,,,,28.72,927.8,18.3,-40.0,0.0,1.0,0.0,0.0,137.0
2026-07-20 15:49:56.982,0.0,,,,,28.72,927.8,18.3,-40.0,0.0,1.0,0.0,0.0,137.0
2026-07-20 15:49:57.156,0.0,,,,,28.72,927.8,18.6,-40.0,0.0,1.0,0.0,0.0,137.0
2026-07-20 15:49:57.356,0.0,,,,,28.72,927.8,18.6,-40.0,0.0,1.0,0.0,0.0,137.0
2026-07-20 15:49:57.617,0.0,,,,,28.72,927.8,18.3,-40.0,0.0,1.0,0.0,0.0,138.0
2026-07-20 15:49:57.756,0.0,,,,,28.72,927.8,18.3,-40.0,0.0,1.0,0.0,0.0,138.0
2026-07-20 15:49:57.956,0.0,,,,,28.72,927.8,18.3,-40.0,0.0,1.0,0.0,0.0,138.0
2026-07-20 15:49:58.174,0.0,,,,,28.73,927.8,18.4,-40.0,0.0,1.0,0.0,0.0,138.0
2026-07-20 15:49:58.356,0.0,,,,,28.73,927.8,18.4,-40.0,0.0,1.0,0.0,0.0,138.0
2026-07-20 15:49:58.617,0.0,,,,,28.72,927.8,18.5,-40.0,0.0,1.0,0.0,0.0,139.0
2026-07-20 15:49:58.766,0.0,,,,,28.72,927.8,18.5,-40.0,0.0,1.0,0.0,0.0,139.0
2026-07-20 15:49:58.955,0.0,,,,,28.72,927.8,18.5,-40.0,0.0,1.0,0.0,0.0,139.0
2026-07-20 15:49:59.156,0.0,,,,,28.72,927.8,18.2,-40.0,0.0,1.0,0.0,0.0,139.0
2026-07-20 15:49:59.357,0.0,,,,,28.72,927.8,18.2,-40.0,0.0,1.0,0.0,0.0,139.0
2026-07-20 15:49:59.618,0.0,,,,,28.72,927.8,18.4,-40.0,0.0,1.0,0.0,0.0,140.0
2026-07-20 15:49:59.781,0.0,,,,,28.72,927.8,18.4,-40.0,0.0,1.0,0.0,0.0,140.0
2026-07-20 15:49:59.956,0.0,,,,,28.72,927.8,18.4,-40.0,0.0,1.0,0.0,0.0,140.0
2026-07-20 15:50:00.156,0.0,,,,,28.72,927.8,18.3,-40.0,0.0,1.0,0.0,0.0,140.0
2026-07-20 15:50:00.355,0.0,,,,,28.72,927.8,18.3,-40.0,0.0,1.0,0.0,0.0,140.0
2026-07-20 15:50:00.618,0.0,,,,,28.72,927.8,18.4,-40.0,0.0,1.0,0.0,0.0,141.0
2026-07-20 15:50:00.755,0.0,,,,,28.72,927.8,18.4,-40.0,0.0,1.0,0.0,0.0,141.0
2026-07-20 15:50:00.956,0.0,,,,,28.72,927.8,18.4,-40.0,0.0,1.0,0.0,0.0,141.0
2026-07-20 15:50:01.156,0.0,,,,,28.72,927.8,18.3,-40.0,0.0,1.0,0.0,0.0,141.0
2026-07-20 15:50:01.356,0.0,,,,,28.72,927.8,18.3,-40.0,0.0,1.0,0.0,0.0,141.0
2026-07-20 15:50:01.618,0.0,,,,,28.72,927.9,18.4,-40.0,0.0,1.0,0.0,0.0,142.0
2026-07-20 15:50:01.756,0.0,,,,,28.72,927.9,18.4,-40.0,0.0,1.0,0.0,0.0,142.0
2026-07-20 15:50:01.956,0.0,,,,,28.72,927.9,18.4,-40.0,0.0,1.0,0.0,0.0,142.0
2026-07-20 15:50:02.156,0.0,,,,,28.72,927.8,18.8,-40.0,0.0,1.0,0.0,0.0,142.0
2026-07-20 15:50:02.356,0.0,,,,,28.72,927.8,18.8,-40.0,0.0,1.0,0.0,0.0,142.0
2026-07-20 15:50:02.618,0.0,,,,,28.73,927.8,18.3,-40.0,0.0,1.0,0.0,0.0,143.0
2026-07-20 15:50:02.756,0.0,,,,,28.73,927.8,18.3,-40.0,0.0,1.0,0.0,0.0,143.0
2026-07-20 15:50:02.956,0.0,,,,,28.73,927.8,18.3,-40.0,0.0,1.0,0.0,0.0,143.0
2026-07-20 15:50:03.182,0.0,,,,,28.72,927.9,19.1,-40.0,0.0,1.0,0.0,0.0,143.0
2026-07-20 15:50:03.356,0.0,,,,,28.72,927.9,19.1,-40.0,0.0,1.0,0.0,0.0,143.0
2026-07-20 15:50:03.618,0.0,,,,,28.72,927.8,18.5,-40.0,0.0,1.0,0.0,0.0,144.0
2026-07-20 15:50:03.766,0.0,,,,,28.72,927.8,18.5,-40.0,0.0,1.0,0.0,0.0,144.0
2026-07-20 15:50:03.955,0.0,,,,,28.72,927.8,18.5,-40.0,0.0,1.0,0.0,0.0,144.0
2026-07-20 15:50:04.156,0.0,,,,,28.71,927.8,18.5,-40.0,0.0,1.0,0.0,0.0,144.0
2026-07-20 15:50:04.356,0.0,,,,,28.71,927.8,18.5,-40.0,0.0,1.0,0.0,0.0,144.0
2026-07-20 15:50:04.618,0.0,,,,,28.71,927.8,19.3,-40.0,0.0,1.0,0.0,0.0,145.0
2026-07-20 15:50:04.791,0.0,,,,,28.71,927.8,19.3,-40.0,0.0,1.0,0.0,0.0,145.0
2026-07-20 15:50:04.955,0.0,,,,,28.71,927.8,19.3,-40.0,0.0,1.0,0.0,0.0,145.0
2026-07-20 15:50:05.156,0.0,,,,,28.72,927.8,18.3,-40.0,0.0,1.0,0.0,0.0,145.0
2026-07-20 15:50:05.355,0.0,,,,,28.72,927.8,18.3,-40.0,0.0,1.0,0.0,0.0,145.0
2026-07-20 15:50:05.618,0.0,,,,,28.72,927.8,18.3,-40.0,0.0,1.0,0.0,0.0,146.0
2026-07-20 15:50:05.778,0.0,,,,,28.72,927.8,18.3,-40.0,0.0,1.0,0.0,0.0,146.0
2026-07-20 15:50:05.956,0.0,,,,,28.72,927.8,18.3,-40.0,0.0,1.0,0.0,0.0,146.0
2026-07-20 15:50:06.156,0.0,,,,,28.72,927.8,18.9,-40.0,0.0,1.0,0.0,0.0,146.0
2026-07-20 15:50:06.356,0.0,,,,,28.72,927.8,18.9,-40.0,0.0,1.0,0.0,0.0,146.0
2026-07-20 15:50:06.617,0.0,,,,,28.73,927.8,18.4,-40.0,0.0,1.0,0.0,0.0,147.0
2026-07-20 15:50:06.785,0.0,,,,,28.73,927.8,18.4,-40.0,0.0,1.0,0.0,0.0,147.0
2026-07-20 15:50:06.956,0.0,,,,,28.73,927.8,18.4,-40.0,0.0,1.0,0.0,0.0,147.0
2026-07-20 15:50:07.156,0.0,,,,,28.71,927.8,18.4,-40.0,0.0,1.0,0.0,0.0,147.0
2026-07-20 15:50:07.356,0.0,,,,,28.71,927.8,18.4,-40.0,0.0,1.0,0.0,0.0,147.0
2026-07-20 15:50:07.617,0.0,,,,,28.72,927.9,18.3,-40.0,0.0,1.0,0.0,0.0,148.0
2026-07-20 15:50:07.760,0.0,,,,,28.72,927.9,18.3,-40.0,0.0,1.0,0.0,0.0,148.0
2026-07-20 15:50:07.955,0.0,,,,,28.72,927.9,18.3,-40.0,0.0,1.0,0.0,0.0,148.0
2026-07-20 15:50:08.156,0.0,,,,,28.72,927.9,18.5,-40.0,0.0,1.0,0.0,0.0,148.0
2026-07-20 15:50:08.370,0.0,,,,,28.72,927.9,18.5,-40.0,0.0,1.0,0.0,0.0,148.0
2026-07-20 15:50:08.618,0.0,,,,,28.72,927.8,18.2,-40.0,0.0,1.0,0.0,0.0,149.0
2026-07-20 15:50:08.793,0.0,,,,,28.72,927.8,18.2,-40.0,0.0,1.0,0.0,0.0,149.0
2026-07-20 15:50:08.956,0.0,,,,,28.72,927.8,18.2,-40.0,0.0,1.0,0.0,0.0,149.0
2026-07-20 15:50:09.156,0.0,,,,,28.71,927.9,18.2,-40.0,0.0,1.0,0.0,0.0,149.0
2026-07-20 15:50:09.356,0.0,,,,,28.71,927.9,18.2,-40.0,0.0,1.0,0.0,0.0,149.0
2026-07-20 15:50:09.617,0.0,,,,,28.72,927.8,18.4,-40.0,0.0,1.0,0.0,0.0,150.0
2026-07-20 15:50:09.783,0.0,,,,,28.72,927.8,18.4,-40.0,0.0,1.0,0.0,0.0,150.0
2026-07-20 15:50:09.955,0.0,,,,,28.72,927.8,18.4,-40.0,0.0,1.0,0.0,0.0,150.0
2026-07-20 15:50:10.155,0.0,,,,,28.71,927.9,18.3,-40.0,0.0,1.0,0.0,0.0,150.0
2026-07-20 15:50:10.364,0.0,,,,,28.71,927.9,18.3,-40.0,0.0,1.0,0.0,0.0,150.0
2026-07-20 15:50:10.618,0.0,,,,,28.72,927.8,18.4,-40.0,0.0,1.0,0.0,0.0,151.0
2026-07-20 15:50:10.785,0.0,,,,,28.72,927.8,18.4,-40.0,0.0,1.0,0.0,0.0,151.0
2026-07-20 15:50:10.956,0.0,,,,,28.72,927.8,18.4,-40.0,0.0,1.0,0.0,0.0,151.0
2026-07-20 15:50:11.156,0.0,,,,,28.72,927.9,18.5,-40.0,0.0,1.0,0.0,0.0,151.0
2026-07-20 15:50:11.355,0.0,,,,,28.72,927.9,18.5,-40.0,0.0,1.0,0.0,0.0,151.0
2026-07-20 15:50:11.618,0.0,,,,,28.71,927.8,18.3,-40.0,0.0,1.0,0.0,0.0,152.0
2026-07-20 15:50:11.772,0.0,,,,,28.71,927.8,18.3,-40.0,0.0,1.0,0.0,0.0,152.0
2026-07-20 15:50:11.956,0.0,,,,,28.71,927.8,18.3,-40.0,0.0,1.0,0.0,0.0,152.0
2026-07-20 15:50:12.155,0.0,,,,,28.72,927.8,18.8,-40.0,0.0,1.0,0.0,0.0,152.0
2026-07-20 15:50:12.355,0.0,,,,,28.72,927.8,18.8,-40.0,0.0,1.0,0.0,0.0,152.0
2026-07-20 15:50:12.617,0.0,,,,,28.72,927.9,18.7,-40.0,0.0,1.0,0.0,0.0,153.0
2026-07-20 15:50:12.790,0.0,,,,,28.72,927.9,18.7,-40.0,0.0,1.0,0.0,0.0,153.0
2026-07-20 15:50:12.955,0.0,,,,,28.72,927.9,18.7,-40.0,0.0,1.0,0.0,0.0,153.0
2026-07-20 15:50:13.155,0.0,,,,,28.72,927.9,18.9,-40.0,0.0,1.0,0.0,0.0,153.0
2026-07-20 15:50:13.355,0.0,,,,,28.72,927.9,18.9,-40.0,0.0,1.0,0.0,0.0,153.0
2026-07-20 15:50:13.618,0.0,,,,,28.71,927.8,18.3,-40.0,0.0,1.0,0.0,0.0,154.0
2026-07-20 15:50:13.773,0.0,,,,,28.71,927.8,18.3,-40.0,0.0,1.0,0.0,0.0,154.0
2026-07-20 15:50:13.955,0.0,,,,,28.71,927.8,18.3,-40.0,0.0,1.0,0.0,0.0,154.0
2026-07-20 15:50:14.156,0.0,,,,,28.71,927.9,18.3,-40.0,0.0,1.0,0.0,0.0,154.0
2026-07-20 15:50:14.355,0.0,,,,,28.71,927.9,18.3,-40.0,0.0,1.0,0.0,0.0,154.0
2026-07-20 15:50:14.618,0.0,,,,,28.71,927.8,18.2,-40.0,0.0,1.0,0.0,0.0,155.0
2026-07-20 15:50:14.784,0.0,,,,,28.71,927.8,18.2,-40.0,0.0,1.0,0.0,0.0,155.0
2026-07-20 15:50:14.956,0.0,,,,,28.71,927.8,18.2,-40.0,0.0,1.0,0.0,0.0,155.0
2026-07-20 15:50:15.155,0.0,,,,,28.72,927.8,18.2,-40.0,0.0,1.0,0.0,0.0,155.0
2026-07-20 15:50:15.381,0.0,,,,,28.72,927.8,18.2,-40.0,0.0,1.0,0.0,0.0,155.0
2026-07-20 15:50:15.617,0.0,,,,,28.71,927.8,18.3,-40.0,0.0,1.0,0.0,0.0,156.0
2026-07-20 15:50:15.756,0.0,,,,,28.71,927.8,18.3,-40.0,0.0,1.0,0.0,0.0,156.0
2026-07-20 15:50:15.983,0.0,,,,,28.71,927.8,18.3,-40.0,0.0,1.0,0.0,0.0,156.0
2026-07-20 15:50:16.156,0.0,,,,,28.71,927.8,18.7,-40.0,0.0,1.0,0.0,0.0,156.0
2026-07-20 15:50:16.356,0.0,,,,,28.71,927.8,18.7,-40.0,0.0,1.0,0.0,0.0,156.0
2026-07-20 15:50:16.617,0.0,,,,,28.72,927.8,18.4,-40.0,0.0,1.0,0.0,0.0,157.0
2026-07-20 15:50:16.755,0.0,,,,,28.72,927.8,18.4,-40.0,0.0,1.0,0.0,0.0,157.0
2026-07-20 15:50:16.956,0.0,,,,,28.72,927.8,18.4,-40.0,0.0,1.0,0.0,0.0,157.0
2026-07-20 15:50:17.156,0.0,,,,,28.71,927.8,18.3,-40.0,0.0,1.0,0.0,0.0,157.0
2026-07-20 15:50:17.356,0.0,,,,,28.71,927.8,18.3,-40.0,0.0,1.0,0.0,0.0,157.0
2026-07-20 15:50:17.618,0.0,,,,,28.71,927.8,18.4,-40.0,0.0,1.0,0.0,0.0,158.0
2026-07-20 15:50:17.756,0.0,,,,,28.71,927.8,18.4,-40.0,0.0,1.0,0.0,0.0,158.0
2026-07-20 15:50:17.961,0.0,,,,,28.71,927.8,18.4,-40.0,0.0,1.0,0.0,0.0,158.0
2026-07-20 15:50:18.155,0.0,,,,,28.72,927.8,18.2,-40.0,0.0,1.0,0.0,0.0,158.0
2026-07-20 15:50:18.355,0.0,,,,,28.72,927.8,18.2,-40.0,0.0,1.0,0.0,0.0,158.0
2026-07-20 15:50:18.617,0.0,,,,,28.71,927.8,18.3,-40.0,0.0,1.0,0.0,0.0,159.0
2026-07-20 15:50:18.755,0.0,,,,,28.71,927.8,18.3,-40.0,0.0,1.0,0.0,0.0,159.0
2026-07-20 15:50:18.955,0.0,,,,,28.71,927.8,18.3,-40.0,0.0,1.0,0.0,0.0,159.0
2026-07-20 15:50:19.156,0.0,,,,,28.72,927.9,18.5,-40.0,0.0,1.0,0.0,0.0,159.0
2026-07-20 15:50:19.355,0.0,,,,,28.72,927.9,18.5,-40.0,0.0,1.0,0.0,0.0,159.0
2026-07-20 15:50:19.617,0.0,,,,,28.71,927.8,18.0,-40.0,0.0,1.0,0.0,0.0,160.0
2026-07-20 15:50:19.773,0.0,,,,,28.71,927.8,18.0,-40.0,0.0,1.0,0.0,0.0,160.0
2026-07-20 15:50:19.955,0.0,,,,,28.71,927.8,18.0,-40.0,0.0,1.0,0.0,0.0,160.0
2026-07-20 15:50:20.156,0.0,,,,,28.71,927.8,18.3,-40.0,0.0,1.0,0.0,0.0,160.0
2026-07-20 15:50:20.364,0.0,,,,,28.71,927.8,18.3,-40.0,0.0,1.0,0.0,0.0,160.0
2026-07-20 15:50:20.617,0.0,,,,,28.72,927.8,18.7,-40.0,0.0,1.0,0.0,0.0,161.0
2026-07-20 15:50:20.782,0.0,,,,,28.72,927.8,18.7,-40.0,0.0,1.0,0.0,0.0,161.0
2026-07-20 15:50:20.956,0.0,,,,,28.72,927.8,18.7,-40.0,0.0,1.0,0.0,0.0,161.0
2026-07-20 15:50:21.156,0.0,,,,,28.72,927.7,18.1,-40.0,0.0,1.0,0.0,0.0,161.0
2026-07-20 15:50:21.365,0.0,,,,,28.72,927.7,18.1,-40.0,0.0,1.0,0.0,0.0,161.0
2026-07-20 15:50:21.617,0.0,,,,,28.72,927.8,18.0,-40.0,0.0,1.0,0.0,0.0,162.0
2026-07-20 15:50:21.786,0.0,,,,,28.72,927.8,18.0,-40.0,0.0,1.0,0.0,0.0,162.0
2026-07-20 15:50:21.955,0.0,,,,,28.72,927.8,18.0,-40.0,0.0,1.0,0.0,0.0,162.0
2026-07-20 15:50:22.155,0.0,,,,,28.71,927.8,18.1,-40.0,0.0,1.0,0.0,0.0,162.0
2026-07-20 15:50:22.356,0.0,,,,,28.71,927.8,18.1,-40.0,0.0,1.0,0.0,0.0,162.0
2026-07-20 15:50:22.618,0.0,,,,,28.71,927.8,18.2,-40.0,0.0,1.0,0.0,0.0,163.0
2026-07-20 15:50:22.759,0.0,,,,,28.71,927.8,18.2,-40.0,0.0,1.0,0.0,0.0,163.0
2026-07-20 15:50:22.955,0.0,,,,,28.71,927.8,18.2,-40.0,0.0,1.0,0.0,0.0,163.0
2026-07-20 15:50:23.156,0.0,,,,,28.73,927.8,18.4,-40.0,0.0,1.0,0.0,0.0,163.0
2026-07-20 15:50:23.355,0.0,,,,,28.73,927.8,18.4,-40.0,0.0,1.0,0.0,0.0,163.0
2026-07-20 15:50:23.617,0.0,,,,,28.72,927.8,18.3,-40.0,0.0,1.0,0.0,0.0,164.0
2026-07-20 15:50:23.760,0.0,,,,,28.72,927.8,18.3,-40.0,0.0,1.0,0.0,0.0,164.0
2026-07-20 15:50:23.955,0.0,,,,,28.72,927.8,18.3,-40.0,0.0,1.0,0.0,0.0,164.0
2026-07-20 15:50:24.157,0.0,,,,,28.71,927.8,18.8,-40.0,0.0,1.0,0.0,0.0,164.0
2026-07-20 15:50:24.372,0.0,,,,,28.71,927.8,18.8,-40.0,0.0,1.0,0.0,0.0,164.0
2026-07-20 15:50:24.617,0.0,,,,,28.72,927.8,18.3,-40.0,0.0,1.0,0.0,0.0,165.0
2026-07-20 15:50:24.779,0.0,,,,,28.72,927.8,18.3,-40.0,0.0,1.0,0.0,0.0,165.0
2026-07-20 15:50:24.956,0.0,,,,,28.72,927.8,18.3,-40.0,0.0,1.0,0.0,0.0,165.0
2026-07-20 15:50:25.155,0.0,,,,,28.72,927.8,18.9,-40.0,0.0,1.0,0.0,0.0,165.0
2026-07-20 15:50:25.355,0.0,,,,,28.72,927.8,18.9,-40.0,0.0,1.0,0.0,0.0,165.0
2026-07-20 15:50:25.617,0.0,,,,,28.72,927.9,18.8,-40.0,0.0,1.0,0.0,0.0,166.0
2026-07-20 15:50:25.775,0.0,,,,,28.72,927.9,18.8,-40.0,0.0,1.0,0.0,0.0,166.0
2026-07-20 15:50:25.955,0.0,,,,,28.72,927.9,18.8,-40.0,0.0,1.0,0.0,0.0,166.0
2026-07-20 15:50:26.157,0.0,,,,,28.72,927.9,18.7,-40.0,0.0,1.0,0.0,0.0,166.0
2026-07-20 15:50:26.357,0.0,,,,,28.72,927.9,18.7,-40.0,0.0,1.0,0.0,0.0,166.0
2026-07-20 15:50:26.617,0.0,,,,,28.71,927.8,18.6,-40.0,0.0,1.0,0.0,0.0,167.0
2026-07-20 15:50:26.782,0.0,,,,,28.71,927.8,18.6,-40.0,0.0,1.0,0.0,0.0,167.0
2026-07-20 15:50:26.955,0.0,,,,,28.71,927.8,18.6,-40.0,0.0,1.0,0.0,0.0,167.0
2026-07-20 15:50:27.155,0.0,,,,,28.71,927.9,18.4,-40.0,0.0,1.0,0.0,0.0,167.0
2026-07-20 15:50:27.356,0.0,,,,,28.71,927.9,18.4,-40.0,0.0,1.0,0.0,0.0,167.0
2026-07-20 15:50:27.617,0.0,,,,,28.72,927.9,18.2,-40.0,0.0,1.0,0.0,0.0,168.0
2026-07-20 15:50:27.756,0.0,,,,,28.72,927.9,18.2,-40.0,0.0,1.0,0.0,0.0,168.0
2026-07-20 15:50:27.955,0.0,,,,,28.72,927.9,18.2,-40.0,0.0,1.0,0.0,0.0,168.0
2026-07-20 15:50:28.186,0.0,,,,,28.71,927.9,18.4,-40.0,0.0,1.0,0.0,0.0,168.0
2026-07-20 15:50:28.355,0.0,,,,,28.71,927.9,18.4,-40.0,0.0,1.0,0.0,0.0,168.0
2026-07-20 15:50:28.617,0.0,,,,,28.71,927.8,18.1,-40.0,0.0,1.0,0.0,0.0,169.0
2026-07-20 15:50:28.782,0.0,,,,,28.71,927.8,18.1,-40.0,0.0,1.0,0.0,0.0,169.0
2026-07-20 15:50:28.955,0.0,,,,,28.71,927.8,18.1,-40.0,0.0,1.0,0.0,0.0,169.0
2026-07-20 15:50:29.156,0.0,,,,,28.71,927.8,18.2,-40.0,0.0,1.0,0.0,0.0,169.0
2026-07-20 15:50:29.355,0.0,,,,,28.71,927.8,18.2,-40.0,0.0,1.0,0.0,0.0,169.0
2026-07-20 15:50:29.617,0.0,,,,,28.72,927.8,18.4,-40.0,0.0,1.0,0.0,0.0,170.0
2026-07-20 15:50:29.774,0.0,,,,,28.72,927.8,18.4,-40.0,0.0,1.0,0.0,0.0,170.0
2026-07-20 15:50:29.955,0.0,,,,,28.72,927.8,18.4,-40.0,0.0,1.0,0.0,0.0,170.0
2026-07-20 15:50:30.155,0.0,,,,,28.71,927.9,18.6,-40.0,0.0,1.0,0.0,0.0,170.0
2026-07-20 15:50:30.355,0.0,,,,,28.71,927.9,18.6,-40.0,0.0,1.0,0.0,0.0,170.0
2026-07-20 15:50:30.617,0.0,,,,,28.72,927.8,18.1,-40.0,0.0,1.0,0.0,0.0,171.0
2026-07-20 15:50:30.755,0.0,,,,,28.72,927.8,18.1,-40.0,0.0,1.0,0.0,0.0,171.0
2026-07-20 15:50:30.955,0.0,,,,,28.72,927.8,18.1,-40.0,0.0,1.0,0.0,0.0,171.0
2026-07-20 15:50:31.155,0.0,,,,,28.71,927.8,18.5,-40.0,0.0,1.0,0.0,0.0,171.0
2026-07-20 15:50:31.355,0.0,,,,,28.71,927.8,18.5,-40.0,0.0,1.0,0.0,0.0,171.0
2026-07-20 15:50:31.617,0.0,,,,,28.71,927.8,19.0,-40.0,0.0,1.0,0.0,0.0,172.0
2026-07-20 15:50:31.756,0.0,,,,,28.71,927.8,19.0,-40.0,0.0,1.0,0.0,0.0,172.0
2026-07-20 15:50:31.955,0.0,,,,,28.71,927.8,19.0,-40.0,0.0,1.0,0.0,0.0,172.0
2026-07-20 15:50:32.155,0.0,,,,,28.71,927.8,18.5,-40.0,0.0,1.0,0.0,0.0,172.0
2026-07-20 15:50:32.355,0.0,,,,,28.71,927.8,18.5,-40.0,0.0,1.0,0.0,0.0,172.0
2026-07-20 15:50:32.617,0.0,,,,,28.72,927.8,18.2,-40.0,0.0,1.0,0.0,0.0,173.0
2026-07-20 15:50:32.765,0.0,,,,,28.72,927.8,18.2,-40.0,0.0,1.0,0.0,0.0,173.0
2026-07-20 15:50:32.955,0.0,,,,,28.72,927.8,18.2,-40.0,0.0,1.0,0.0,0.0,173.0
2026-07-20 15:50:33.155,0.0,,,,,28.71,927.8,18.8,-40.0,0.0,1.0,0.0,0.0,173.0
2026-07-20 15:50:33.355,0.0,,,,,28.71,927.8,18.8,-40.0,0.0,1.0,0.0,0.0,173.0
2026-07-20 15:50:33.617,0.0,,,,,28.71,927.7,18.6,-40.0,0.0,1.0,0.0,0.0,174.0
2026-07-20 15:50:33.786,0.0,,,,,28.71,927.7,18.6,-40.0,0.0,1.0,0.0,0.0,174.0
2026-07-20 15:50:33.955,0.0,,,,,28.71,927.7,18.6,-40.0,0.0,1.0,0.0,0.0,174.0
2026-07-20 15:50:34.155,0.0,,,,,28.71,927.7,18.2,-40.0,0.0,1.0,0.0,0.0,174.0
2026-07-20 15:50:34.355,0.0,,,,,28.71,927.7,18.2,-40.0,0.0,1.0,0.0,0.0,174.0
2026-07-20 15:50:34.617,0.0,,,,,28.71,927.8,18.2,-40.0,0.0,1.0,0.0,0.0,175.0
2026-07-20 15:50:34.777,0.0,,,,,28.71,927.8,18.2,-40.0,0.0,1.0,0.0,0.0,175.0
2026-07-20 15:50:34.955,0.0,,,,,28.71,927.8,18.2,-40.0,0.0,1.0,0.0,0.0,175.0
2026-07-20 15:50:35.155,0.0,,,,,28.71,927.8,18.2,-40.0,0.0,1.0,0.0,0.0,175.0
2026-07-20 15:50:35.379,0.0,,,,,28.71,927.8,18.2,-40.0,0.0,1.0,0.0,0.0,175.0
2026-07-20 15:50:35.617,0.0,,,,,28.71,927.8,19.0,-40.0,0.0,1.0,0.0,0.0,176.0
2026-07-20 15:50:35.755,0.0,,,,,28.71,927.8,19.0,-40.0,0.0,1.0,0.0,0.0,176.0
2026-07-20 15:50:35.980,0.0,,,,,28.71,927.8,19.0,-40.0,0.0,1.0,0.0,0.0,176.0
2026-07-20 15:50:36.155,0.0,,,,,28.71,927.8,18.2,-40.0,0.0,1.0,0.0,0.0,176.0
2026-07-20 15:50:36.354,0.0,,,,,28.71,927.8,18.2,-40.0,0.0,1.0,0.0,0.0,176.0
2026-07-20 15:50:36.616,0.0,,,,,28.72,927.8,18.6,-40.0,0.0,1.0,0.0,0.0,177.0
2026-07-20 15:50:36.755,0.0,,,,,28.72,927.8,18.6,-40.0,0.0,1.0,0.0,0.0,177.0
2026-07-20 15:50:36.955,0.0,,,,,28.72,927.8,18.6,-40.0,0.0,1.0,0.0,0.0,177.0
2026-07-20 15:50:37.159,0.0,,,,,28.71,927.8,18.1,-40.0,0.0,1.0,0.0,0.0,177.0
2026-07-20 15:50:37.355,0.0,,,,,28.71,927.8,18.1,-40.0,0.0,1.0,0.0,0.0,177.0
2026-07-20 15:50:37.617,0.0,,,,,28.71,927.7,19.2,-40.0,0.0,1.0,0.0,0.0,178.0
2026-07-20 15:50:37.781,0.0,,,,,28.71,927.7,19.2,-40.0,0.0,1.0,0.0,0.0,178.0
2026-07-20 15:50:37.955,0.0,,,,,28.71,927.7,19.2,-40.0,0.0,1.0,0.0,0.0,178.0
2026-07-20 15:50:38.156,0.0,,,,,28.71,927.8,18.4,-40.0,0.0,1.0,0.0,0.0,178.0
2026-07-20 15:50:38.371,0.0,,,,,28.71,927.8,18.4,-40.0,0.0,1.0,0.0,0.0,178.0
2026-07-20 15:50:38.616,0.0,,,,,28.71,927.8,18.0,-40.0,0.0,1.0,0.0,0.0,179.0
2026-07-20 15:50:38.778,0.0,,,,,28.71,927.8,18.0,-40.0,0.0,1.0,0.0,0.0,179.0
2026-07-20 15:50:38.954,0.0,,,,,28.71,927.8,18.0,-40.0,0.0,1.0,0.0,0.0,179.0
2026-07-20 15:50:39.155,0.0,,,,,28.71,927.8,18.1,-40.0,0.0,1.0,0.0,0.0,179.0
2026-07-20 15:50:39.355,0.0,,,,,28.71,927.8,18.1,-40.0,0.0,1.0,0.0,0.0,179.0
2026-07-20 15:50:39.617,0.0,,,,,28.71,927.8,19.1,-40.0,0.0,1.0,0.0,0.0,180.0
2026-07-20 15:50:39.779,0.0,,,,,28.71,927.8,19.1,-40.0,0.0,1.0,0.0,0.0,180.0
2026-07-20 15:50:39.954,0.0,,,,,28.71,927.8,19.1,-40.0,0.0,1.0,0.0,0.0,180.0
2026-07-20 15:50:40.155,0.0,,,,,28.71,927.8,18.3,-40.0,0.0,1.0,0.0,0.0,180.0
2026-07-20 15:50:40.355,0.0,,,,,28.71,927.8,18.3,-40.0,0.0,1.0,0.0,0.0,180.0
2026-07-20 15:50:40.616,0.0,,,,,28.72,927.8,18.3,-40.0,0.0,1.0,0.0,0.0,181.0
2026-07-20 15:50:40.755,0.0,,,,,28.72,927.8,18.3,-40.0,0.0,1.0,0.0,0.0,181.0
2026-07-20 15:50:40.955,0.0,,,,,28.72,927.8,18.3,-40.0,0.0,1.0,0.0,0.0,181.0
2026-07-20 15:50:41.161,0.0,,,,,28.71,927.8,18.5,-40.0,0.0,1.0,0.0,0.0,181.0
2026-07-20 15:50:41.355,0.0,,,,,28.71,927.8,18.5,-40.0,0.0,1.0,0.0,0.0,181.0
2026-07-20 15:50:41.617,0.0,,,,,28.71,927.8,18.3,-40.0,0.0,1.0,0.0,0.0,182.0
2026-07-20 15:50:41.778,0.0,,,,,28.71,927.8,18.3,-40.0,0.0,1.0,0.0,0.0,182.0
2026-07-20 15:50:41.955,0.0,,,,,28.71,927.8,18.3,-40.0,0.0,1.0,0.0,0.0,182.0
2026-07-20 15:50:42.155,0.0,,,,,28.72,927.8,18.1,-40.0,0.0,1.0,0.0,0.0,182.0
2026-07-20 15:50:42.355,0.0,,,,,28.72,927.8,18.1,-40.0,0.0,1.0,0.0,0.0,182.0
2026-07-20 15:50:42.617,0.0,,,,,28.71,927.8,18.5,-40.0,0.0,1.0,0.0,0.0,183.0
2026-07-20 15:50:42.784,0.0,,,,,28.71,927.8,18.5,-40.0,0.0,1.0,0.0,0.0,183.0
2026-07-20 15:50:42.954,0.0,,,,,28.71,927.8,18.5,-40.0,0.0,1.0,0.0,0.0,183.0
2026-07-20 15:50:43.155,0.0,,,,,28.71,927.8,18.7,-40.0,0.0,1.0,0.0,0.0,183.0
2026-07-20 15:50:43.354,0.0,,,,,28.71,927.8,18.7,-40.0,0.0,1.0,0.0,0.0,183.0
2026-07-20 15:50:43.617,0.0,,,,,28.71,927.8,18.3,-40.0,0.0,1.0,0.0,0.0,184.0
2026-07-20 15:50:43.778,0.0,,,,,28.71,927.8,18.3,-40.0,0.0,1.0,0.0,0.0,184.0
2026-07-20 15:50:43.955,0.0,,,,,28.71,927.8,18.3,-40.0,0.0,1.0,0.0,0.0,184.0
2026-07-20 15:50:44.155,0.0,,,,,28.71,927.8,18.8,-40.0,0.0,1.0,0.0,0.0,184.0
2026-07-20 15:50:44.355,0.0,,,,,28.71,927.8,18.8,-40.0,0.0,1.0,0.0,0.0,184.0
2026-07-20 15:50:44.616,0.0,,,,,28.71,927.8,18.2,-40.0,0.0,1.0,0.0,0.0,185.0
2026-07-20 15:50:44.754,0.0,,,,,28.71,927.8,18.2,-40.0,0.0,1.0,0.0,0.0,185.0
2026-07-20 15:50:44.954,0.0,,,,,28.71,927.8,18.2,-40.0,0.0,1.0,0.0,0.0,185.0
2026-07-20 15:50:45.155,0.0,,,,,28.71,927.8,18.3,-40.0,0.0,1.0,0.0,0.0,185.0
2026-07-20 15:50:45.365,0.0,,,,,28.71,927.8,18.3,-40.0,0.0,1.0,0.0,0.0,185.0
2026-07-20 15:50:45.617,0.0,,,,,28.7,927.8,18.2,-40.0,0.0,1.0,0.0,0.0,186.0
2026-07-20 15:50:45.777,0.0,,,,,28.7,927.8,18.2,-40.0,0.0,1.0,0.0,0.0,186.0
2026-07-20 15:50:45.955,0.0,,,,,28.7,927.8,18.2,-40.0,0.0,1.0,0.0,0.0,186.0
2026-07-20 15:50:46.155,0.0,,,,,28.71,927.8,18.3,-40.0,0.0,1.0,0.0,0.0,186.0
2026-07-20 15:50:46.355,0.0,,,,,28.71,927.8,18.3,-40.0,0.0,1.0,0.0,0.0,186.0
2026-07-20 15:50:46.617,0.0,,,,,28.71,927.8,18.2,-40.0,0.0,1.0,0.0,0.0,187.0
2026-07-20 15:50:46.755,0.0,,,,,28.71,927.8,18.2,-40.0,0.0,1.0,0.0,0.0,187.0
2026-07-20 15:50:46.955,0.0,,,,,28.71,927.8,18.2,-40.0,0.0,1.0,0.0,0.0,187.0
2026-07-20 15:50:47.154,0.0,,,,,28.71,927.8,18.1,-40.0,0.0,1.0,0.0,0.0,187.0
2026-07-20 15:50:47.355,0.0,,,,,28.71,927.8,18.1,-40.0,0.0,1.0,0.0,0.0,187.0
2026-07-20 15:50:47.618,0.0,,,,,28.71,927.8,18.0,-40.0,0.0,1.0,0.0,0.0,188.0
2026-07-20 15:50:47.777,0.0,,,,,28.71,927.8,18.0,-40.0,0.0,1.0,0.0,0.0,188.0
2026-07-20 15:50:47.955,0.0,,,,,28.71,927.8,18.0,-40.0,0.0,1.0,0.0,0.0,188.0
2026-07-20 15:50:48.155,0.0,,,,,28.71,927.9,18.3,-40.0,0.0,1.0,0.0,0.0,188.0
2026-07-20 15:50:48.356,0.0,,,,,28.71,927.9,18.3,-40.0,0.0,1.0,0.0,0.0,188.0
2026-07-20 15:50:48.617,0.0,,,,,28.7,927.8,18.3,-40.0,0.0,1.0,0.0,0.0,189.0
2026-07-20 15:50:48.781,0.0,,,,,28.7,927.8,18.3,-40.0,0.0,1.0,0.0,0.0,189.0
2026-07-20 15:50:48.955,0.0,,,,,28.7,927.8,18.3,-40.0,0.0,1.0,0.0,0.0,189.0
2026-07-20 15:50:49.155,0.0,,,,,28.71,927.8,18.3,-40.0,0.0,1.0,0.0,0.0,189.0
2026-07-20 15:50:49.354,0.0,,,,,28.71,927.8,18.3,-40.0,0.0,1.0,0.0,0.0,189.0
2026-07-20 15:50:49.617,0.0,,,,,28.71,927.8,19.2,-40.0,0.0,1.0,0.0,0.0,190.0
2026-07-20 15:50:49.779,0.0,,,,,28.71,927.8,19.2,-40.0,0.0,1.0,0.0,0.0,190.0
2026-07-20 15:50:49.955,0.0,,,,,28.71,927.8,19.2,-40.0,0.0,1.0,0.0,0.0,190.0
2026-07-20 15:50:50.155,0.0,,,,,28.7,927.8,18.2,-40.0,0.0,1.0,0.0,0.0,190.0
2026-07-20 15:50:50.355,0.0,,,,,28.7,927.8,18.2,-40.0,0.0,1.0,0.0,0.0,190.0
2026-07-20 15:50:50.617,0.0,,,,,28.7,927.8,18.9,-40.0,0.0,1.0,0.0,0.0,191.0
2026-07-20 15:50:50.755,0.0,,,,,28.7,927.8,18.9,-40.0,0.0,1.0,0.0,0.0,191.0
2026-07-20 15:50:50.955,0.0,,,,,28.7,927.8,18.9,-40.0,0.0,1.0,0.0,0.0,191.0
2026-07-20 15:50:51.155,0.0,,,,,28.7,927.8,18.5,-40.0,0.0,1.0,0.0,0.0,191.0
2026-07-20 15:50:51.379,0.0,,,,,28.7,927.8,18.5,-40.0,0.0,1.0,0.0,0.0,191.0
2026-07-20 15:50:51.616,0.0,,,,,28.71,927.8,18.6,-40.0,0.0,1.0,0.0,0.0,192.0
2026-07-20 15:50:51.764,0.0,,,,,28.71,927.8,18.6,-40.0,0.0,1.0,0.0,0.0,192.0
2026-07-20 15:50:51.954,0.0,,,,,28.71,927.8,18.6,-40.0,0.0,1.0,0.0,0.0,192.0
2026-07-20 15:50:52.154,0.0,,,,,28.7,927.8,18.6,-40.0,0.0,1.0,0.0,0.0,192.0
2026-07-20 15:50:52.354,0.0,,,,,28.7,927.8,18.6,-40.0,0.0,1.0,0.0,0.0,192.0
2026-07-20 15:50:52.617,0.0,,,,,28.71,927.8,18.3,-40.0,0.0,1.0,0.0,0.0,193.0
2026-07-20 15:50:52.763,0.0,,,,,28.71,927.8,18.3,-40.0,0.0,1.0,0.0,0.0,193.0
2026-07-20 15:50:52.955,0.0,,,,,28.71,927.8,18.3,-40.0,0.0,1.0,0.0,0.0,193.0
2026-07-20 15:50:53.155,0.0,,,,,28.71,927.8,18.2,-40.0,0.0,1.0,0.0,0.0,193.0
2026-07-20 15:50:53.355,0.0,,,,,28.71,927.8,18.2,-40.0,0.0,1.0,0.0,0.0,193.0
2026-07-20 15:50:53.617,0.0,,,,,28.7,927.8,18.6,-40.0,0.0,1.0,0.0,0.0,194.0
2026-07-20 15:50:53.779,0.0,,,,,28.7,927.8,18.6,-40.0,0.0,1.0,0.0,0.0,194.0
2026-07-20 15:50:53.955,0.0,,,,,28.7,927.8,18.6,-40.0,0.0,1.0,0.0,0.0,194.0
2026-07-20 15:50:54.155,0.0,,,,,28.7,927.8,18.3,-40.0,0.0,1.0,0.0,0.0,194.0
2026-07-20 15:50:54.360,0.0,,,,,28.7,927.8,18.3,-40.0,0.0,1.0,0.0,0.0,194.0
2026-07-20 15:50:54.617,0.0,,,,,28.7,927.8,18.4,-40.0,0.0,1.0,0.0,0.0,195.0
2026-07-20 15:50:54.766,0.0,,,,,28.7,927.8,18.4,-40.0,0.0,1.0,0.0,0.0,195.0
2026-07-20 15:50:54.954,0.0,,,,,28.7,927.8,18.4,-40.0,0.0,1.0,0.0,0.0,195.0
2026-07-20 15:50:55.155,0.0,,,,,28.7,927.9,18.3,-40.0,0.0,1.0,0.0,0.0,195.0
2026-07-20 15:50:55.354,0.0,,,,,28.7,927.9,18.3,-40.0,0.0,1.0,0.0,0.0,195.0
2026-07-20 15:50:55.617,0.0,,,,,28.7,927.8,18.2,-40.0,0.0,1.0,0.0,0.0,196.0
2026-07-20 15:50:55.768,0.0,,,,,28.7,927.8,18.2,-40.0,0.0,1.0,0.0,0.0,196.0
2026-07-20 15:50:55.956,0.0,,,,,28.7,927.8,18.2,-40.0,0.0,1.0,0.0,0.0,196.0
2026-07-20 15:50:56.156,0.0,,,,,28.7,927.8,18.4,-40.0,0.0,1.0,0.0,0.0,196.0
2026-07-20 15:50:56.354,0.0,,,,,28.7,927.8,18.4,-40.0,0.0,1.0,0.0,0.0,196.0
2026-07-20 15:50:56.616,0.0,,,,,28.71,927.8,18.3,-40.0,0.0,1.0,0.0,0.0,197.0
2026-07-20 15:50:56.755,0.0,,,,,28.71,927.8,18.3,-40.0,0.0,1.0,0.0,0.0,197.0
2026-07-20 15:50:56.954,0.0,,,,,28.71,927.8,18.3,-40.0,0.0,1.0,0.0,0.0,197.0
2026-07-20 15:50:57.155,0.0,,,,,28.7,927.8,18.6,-40.0,0.0,1.0,0.0,0.0,197.0
2026-07-20 15:50:57.355,0.0,,,,,28.7,927.8,18.6,-40.0,0.0,1.0,0.0,0.0,197.0
2026-07-20 15:50:57.617,0.0,,,,,28.7,927.8,18.3,-40.0,0.0,1.0,0.0,0.0,198.0
2026-07-20 15:50:57.760,0.0,,,,,28.7,927.8,18.3,-40.0,0.0,1.0,0.0,0.0,198.0
2026-07-20 15:50:57.954,0.0,,,,,28.7,927.8,18.3,-40.0,0.0,1.0,0.0,0.0,198.0
2026-07-20 15:50:58.155,0.0,,,,,28.7,927.8,18.7,-40.0,0.0,1.0,0.0,0.0,198.0
2026-07-20 15:50:58.354,0.0,,,,,28.7,927.8,18.7,-40.0,0.0,1.0,0.0,0.0,198.0
2026-07-20 15:50:58.616,0.0,,,,,28.7,927.8,18.6,-40.0,0.0,1.0,0.0,0.0,199.0
2026-07-20 15:50:58.764,0.0,,,,,28.7,927.8,18.6,-40.0,0.0,1.0,0.0,0.0,199.0
2026-07-20 15:50:58.954,0.0,,,,,28.7,927.8,18.6,-40.0,0.0,1.0,0.0,0.0,199.0
2026-07-20 15:50:59.155,0.0,,,,,28.7,927.7,18.4,-40.0,0.0,1.0,0.0,0.0,199.0
2026-07-20 15:50:59.354,0.0,,,,,28.7,927.7,18.4,-40.0,0.0,1.0,0.0,0.0,199.0
2026-07-20 15:50:59.616,0.0,,,,,28.7,927.8,18.5,-40.0,0.0,1.0,0.0,0.0,200.0
2026-07-20 15:50:59.772,0.0,,,,,28.7,927.8,18.5,-40.0,0.0,1.0,0.0,0.0,200.0
2026-07-20 15:50:59.954,0.0,,,,,28.7,927.8,18.5,-40.0,0.0,1.0,0.0,0.0,200.0
2026-07-20 15:51:00.154,0.0,,,,,28.7,927.7,19.2,-40.0,0.0,1.0,0.0,0.0,200.0
2026-07-20 15:51:00.354,0.0,,,,,28.7,927.7,19.2,-40.0,0.0,1.0,0.0,0.0,200.0
2026-07-20 15:51:00.616,0.0,,,,,28.7,927.8,18.3,-40.0,0.0,1.0,0.0,0.0,201.0
2026-07-20 15:51:00.765,0.0,,,,,28.7,927.8,18.3,-40.0,0.0,1.0,0.0,0.0,201.0
2026-07-20 15:51:00.954,0.0,,,,,28.7,927.8,18.3,-40.0,0.0,1.0,0.0,0.0,201.0
2026-07-20 15:51:01.154,0.0,,,,,28.7,927.8,18.5,-40.0,0.0,1.0,0.0,0.0,201.0
2026-07-20 15:51:01.354,0.0,,,,,28.7,927.8,18.5,-40.0,0.0,1.0,0.0,0.0,201.0
2026-07-20 15:51:01.616,0.0,,,,,28.69,927.7,18.1,-40.0,0.0,1.0,0.0,0.0,202.0
2026-07-20 15:51:01.767,0.0,,,,,28.69,927.7,18.1,-40.0,0.0,1.0,0.0,0.0,202.0
2026-07-20 15:51:01.954,0.0,,,,,28.69,927.7,18.1,-40.0,0.0,1.0,0.0,0.0,202.0
2026-07-20 15:51:02.154,0.0,,,,,28.7,927.8,18.9,-40.0,0.0,1.0,0.0,0.0,202.0
2026-07-20 15:51:02.354,0.0,,,,,28.7,927.8,18.9,-40.0,0.0,1.0,0.0,0.0,202.0
2026-07-20 15:51:02.616,0.0,,,,,28.7,927.9,18.6,-40.0,0.0,1.0,0.0,0.0,203.0
2026-07-20 15:51:02.768,0.0,,,,,28.7,927.9,18.6,-40.0,0.0,1.0,0.0,0.0,203.0
2026-07-20 15:51:02.954,0.0,,,,,28.7,927.9,18.6,-40.0,0.0,1.0,0.0,0.0,203.0
2026-07-20 15:51:03.154,0.0,,,,,28.7,927.8,18.3,-40.0,0.0,1.0,0.0,0.0,203.0
2026-07-20 15:51:03.354,0.0,,,,,28.7,927.8,18.3,-40.0,0.0,1.0,0.0,0.0,203.0
2026-07-20 15:51:03.616,0.0,,,,,28.7,927.8,18.6,-40.0,0.0,1.0,0.0,0.0,204.0
2026-07-20 15:51:03.776,0.0,,,,,28.7,927.8,18.6,-40.0,0.0,1.0,0.0,0.0,204.0
2026-07-20 15:51:03.954,0.0,,,,,28.7,927.8,18.6,-40.0,0.0,1.0,0.0,0.0,204.0
2026-07-20 15:51:04.155,0.0,,,,,28.7,927.8,18.5,-40.0,0.0,1.0,0.0,0.0,204.0
2026-07-20 15:51:04.355,0.0,,,,,28.7,927.8,18.5,-40.0,0.0,1.0,0.0,0.0,204.0
2026-07-20 15:51:04.616,0.0,,,,,28.7,927.8,18.5,-40.0,0.0,1.0,0.0,0.0,205.0
2026-07-20 15:51:04.774,0.0,,,,,28.7,927.8,18.5,-40.0,0.0,1.0,0.0,0.0,205.0
2026-07-20 15:51:04.955,0.0,,,,,28.7,927.8,18.5,-40.0,0.0,1.0,0.0,0.0,205.0
2026-07-20 15:51:05.155,0.0,,,,,28.7,927.8,18.1,-40.0,0.0,1.0,0.0,0.0,205.0
2026-07-20 15:51:05.354,0.0,,,,,28.7,927.8,18.1,-40.0,0.0,1.0,0.0,0.0,205.0
2026-07-20 15:51:05.616,0.0,,,,,28.7,927.8,18.2,-40.0,0.0,1.0,0.0,0.0,206.0
2026-07-20 15:51:05.787,0.0,,,,,28.7,927.8,18.2,-40.0,0.0,1.0,0.0,0.0,206.0
2026-07-20 15:51:05.954,0.0,,,,,28.7,927.8,18.2,-40.0,0.0,1.0,0.0,0.0,206.0
2026-07-20 15:51:06.154,0.0,,,,,28.7,927.8,18.3,-40.0,0.0,1.0,0.0,0.0,206.0
2026-07-20 15:51:06.354,0.0,,,,,28.7,927.8,18.3,-40.0,0.0,1.0,0.0,0.0,206.0
2026-07-20 15:51:06.616,0.0,,,,,28.69,927.8,18.4,-40.0,0.0,1.0,0.0,0.0,207.0
2026-07-20 15:51:06.754,0.0,,,,,28.69,927.8,18.4,-40.0,0.0,1.0,0.0,0.0,207.0
2026-07-20 15:51:06.954,0.0,,,,,28.69,927.8,18.4,-40.0,0.0,1.0,0.0,0.0,207.0
2026-07-20 15:51:07.154,0.0,,,,,28.7,927.8,18.5,-40.0,0.0,1.0,0.0,0.0,207.0
2026-07-20 15:51:07.354,0.0,,,,,28.7,927.8,18.5,-40.0,0.0,1.0,0.0,0.0,207.0
2026-07-20 15:51:07.616,0.0,,,,,28.7,927.8,18.6,-40.0,0.0,1.0,0.0,0.0,208.0
2026-07-20 15:51:07.755,0.0,,,,,28.7,927.8,18.6,-40.0,0.0,1.0,0.0,0.0,208.0
2026-07-20 15:51:07.954,0.0,,,,,28.7,927.8,18.6,-40.0,0.0,1.0,0.0,0.0,208.0
2026-07-20 15:51:08.155,0.0,,,,,28.7,927.8,18.6,-40.0,0.0,1.0,0.0,0.0,208.0
2026-07-20 15:51:08.354,0.0,,,,,28.7,927.8,18.6,-40.0,0.0,1.0,0.0,0.0,208.0
2026-07-20 15:51:08.616,0.0,,,,,28.69,927.8,18.5,-40.0,0.0,1.0,0.0,0.0,209.0
2026-07-20 15:51:08.773,0.0,,,,,28.69,927.8,18.5,-40.0,0.0,1.0,0.0,0.0,209.0
2026-07-20 15:51:08.954,0.0,,,,,28.69,927.8,18.5,-40.0,0.0,1.0,0.0,0.0,209.0
2026-07-20 15:51:09.155,0.0,,,,,28.7,927.8,19.1,-40.0,0.0,1.0,0.0,0.0,209.0
2026-07-20 15:51:09.380,0.0,,,,,28.7,927.8,19.1,-40.0,0.0,1.0,0.0,0.0,209.0
2026-07-20 15:51:09.616,0.0,,,,,28.7,927.9,18.8,-40.0,0.0,1.0,0.0,0.0,210.0
2026-07-20 15:51:09.754,0.0,,,,,28.7,927.9,18.8,-40.0,0.0,1.0,0.0,0.0,210.0
2026-07-20 15:51:09.954,0.0,,,,,28.7,927.9,18.8,-40.0,0.0,1.0,0.0,0.0,210.0
2026-07-20 15:51:10.154,0.0,,,,,28.7,927.8,18.2,-40.0,0.0,1.0,0.0,0.0,210.0
2026-07-20 15:51:10.354,0.0,,,,,28.7,927.8,18.2,-40.0,0.0,1.0,0.0,0.0,210.0
2026-07-20 15:51:10.616,0.0,,,,,28.7,927.7,18.3,-40.0,0.0,1.0,0.0,0.0,211.0
2026-07-20 15:51:10.754,0.0,,,,,28.7,927.7,18.3,-40.0,0.0,1.0,0.0,0.0,211.0
2026-07-20 15:51:10.956,0.0,,,,,28.7,927.7,18.3,-40.0,0.0,1.0,0.0,0.0,211.0
2026-07-20 15:51:11.155,0.0,,,,,28.7,927.7,18.4,-40.0,0.0,1.0,0.0,0.0,211.0
2026-07-20 15:51:11.354,0.0,,,,,28.7,927.7,18.4,-40.0,0.0,1.0,0.0,0.0,211.0
2026-07-20 15:51:11.616,0.0,,,,,28.7,927.7,18.2,-40.0,0.0,1.0,0.0,0.0,212.0
2026-07-20 15:51:11.754,0.0,,,,,28.7,927.7,18.2,-40.0,0.0,1.0,0.0,0.0,212.0
2026-07-20 15:51:11.954,0.0,,,,,28.7,927.7,18.2,-40.0,0.0,1.0,0.0,0.0,212.0
2026-07-20 15:51:12.154,0.0,,,,,28.7,927.7,18.7,-40.0,0.0,1.0,0.0,0.0,212.0
2026-07-20 15:51:12.354,0.0,,,,,28.7,927.7,18.7,-40.0,0.0,1.0,0.0,0.0,212.0
2026-07-20 15:51:12.616,0.0,,,,,28.7,927.7,18.3,-40.0,0.0,1.0,0.0,0.0,213.0
2026-07-20 15:51:12.754,0.0,,,,,28.7,927.7,18.3,-40.0,0.0,1.0,0.0,0.0,213.0
2026-07-20 15:51:12.955,0.0,,,,,28.7,927.7,18.3,-40.0,0.0,1.0,0.0,0.0,213.0
2026-07-20 15:51:13.154,0.0,,,,,28.7,927.8,19.0,-40.0,0.0,1.0,0.0,0.0,213.0
2026-07-20 15:51:13.354,0.0,,,,,28.7,927.8,19.0,-40.0,0.0,1.0,0.0,0.0,213.0
2026-07-20 15:51:13.616,0.0,,,,,28.7,927.8,19.0,-40.0,0.0,1.0,0.0,0.0,214.0
2026-07-20 15:51:13.754,0.0,,,,,28.7,927.8,19.0,-40.0,0.0,1.0,0.0,0.0,214.0
2026-07-20 15:51:13.954,0.0,,,,,28.7,927.8,19.0,-40.0,0.0,1.0,0.0,0.0,214.0
2026-07-20 15:51:14.154,0.0,,,,,28.7,927.7,18.7,-40.0,0.0,1.0,0.0,0.0,214.0
2026-07-20 15:51:14.354,0.0,,,,,28.7,927.7,18.7,-40.0,0.0,1.0,0.0,0.0,214.0
2026-07-20 15:51:14.616,0.0,,,,,28.7,927.8,18.4,-40.0,0.0,1.0,0.0,0.0,215.0
2026-07-20 15:51:14.754,0.0,,,,,28.7,927.8,18.4,-40.0,0.0,1.0,0.0,0.0,215.0
2026-07-20 15:51:14.954,0.0,,,,,28.7,927.8,18.4,-40.0,0.0,1.0,0.0,0.0,215.0
2026-07-20 15:51:15.154,0.0,,,,,28.7,927.9,18.2,-40.0,0.0,1.0,0.0,0.0,215.0
2026-07-20 15:51:15.354,0.0,,,,,28.7,927.9,18.2,-40.0,0.0,1.0,0.0,0.0,215.0
2026-07-20 15:51:15.616,0.0,,,,,28.7,927.9,18.1,-40.0,0.0,1.0,0.0,0.0,216.0
2026-07-20 15:51:15.754,0.0,,,,,28.7,927.9,18.1,-40.0,0.0,1.0,0.0,0.0,216.0
2026-07-20 15:51:15.953,0.0,,,,,28.7,927.9,18.1,-40.0,0.0,1.0,0.0,0.0,216.0
2026-07-20 15:51:16.154,0.0,,,,,28.7,927.9,18.3,-40.0,0.0,1.0,0.0,0.0,216.0
2026-07-20 15:51:16.354,0.0,,,,,28.7,927.9,18.3,-40.0,0.0,1.0,0.0,0.0,216.0
2026-07-20 15:51:16.616,0.0,,,,,28.7,927.9,18.7,-40.0,0.0,1.0,0.0,0.0,217.0
2026-07-20 15:51:16.754,0.0,,,,,28.7,927.9,18.7,-40.0,0.0,1.0,0.0,0.0,217.0
2026-07-20 15:51:16.953,0.0,,,,,28.7,927.9,18.7,-40.0,0.0,1.0,0.0,0.0,217.0
2026-07-20 15:51:17.154,0.0,,,,,28.7,927.8,18.5,-40.0,0.0,1.0,0.0,0.0,217.0
2026-07-20 15:51:17.354,0.0,,,,,28.7,927.8,18.5,-40.0,0.0,1.0,0.0,0.0,217.0
2026-07-20 15:51:17.615,0.0,,,,,28.7,927.9,18.0,-40.0,0.0,1.0,0.0,0.0,218.0
2026-07-20 15:51:17.754,0.0,,,,,28.7,927.9,18.0,-40.0,0.0,1.0,0.0,0.0,218.0
2026-07-20 15:51:17.954,0.0,,,,,28.7,927.9,18.0,-40.0,0.0,1.0,0.0,0.0,218.0
2026-07-20 15:51:18.154,0.0,,,,,28.7,927.9,19.0,-40.0,0.0,1.0,0.0,0.0,218.0
2026-07-20 15:51:18.354,0.0,,,,,28.7,927.9,19.0,-40.0,0.0,1.0,0.0,0.0,218.0
2026-07-20 15:51:18.615,0.0,,,,,28.7,927.9,19.0,-40.0,0.0,1.0,0.0,0.0,219.0
2026-07-20 15:51:18.785,0.0,,,,,28.7,927.9,19.0,-40.0,0.0,1.0,0.0,0.0,219.0
2026-07-20 15:51:18.954,0.0,,,,,28.7,927.9,19.0,-40.0,0.0,1.0,0.0,0.0,219.0
2026-07-20 15:51:19.154,0.0,,,,,28.7,927.9,18.3,-40.0,0.0,1.0,0.0,0.0,219.0
2026-07-20 15:51:19.354,0.0,,,,,28.7,927.9,18.3,-40.0,0.0,1.0,0.0,0.0,219.0
2026-07-20 15:51:19.616,0.0,,,,,28.7,927.8,18.3,-40.0,0.0,1.0,0.0,0.0,220.0
2026-07-20 15:51:19.755,0.0,,,,,28.7,927.8,18.3,-40.0,0.0,1.0,0.0,0.0,220.0
2026-07-20 15:51:19.954,0.0,,,,,28.7,927.8,18.3,-40.0,0.0,1.0,0.0,0.0,220.0
2026-07-20 15:51:20.154,0.0,,,,,28.69,927.8,18.6,-40.0,0.0,1.0,0.0,0.0,220.0
2026-07-20 15:51:20.354,0.0,,,,,28.69,927.8,18.6,-40.0,0.0,1.0,0.0,0.0,220.0
2026-07-20 15:51:20.616,0.0,,,,,28.7,927.8,18.3,-40.0,0.0,1.0,0.0,0.0,221.0
2026-07-20 15:51:20.766,0.0,,,,,28.7,927.8,18.3,-40.0,0.0,1.0,0.0,0.0,221.0
2026-07-20 15:51:20.954,0.0,,,,,28.7,927.8,18.3,-40.0,0.0,1.0,0.0,0.0,221.0
2026-07-20 15:51:21.154,0.0,,,,,28.68,927.9,19.2,-40.0,0.0,1.0,0.0,0.0,221.0
2026-07-20 15:51:21.368,0.0,,,,,28.68,927.9,19.2,-40.0,0.0,1.0,0.0,0.0,221.0
2026-07-20 15:51:21.616,0.0,,,,,28.7,927.9,18.2,-40.0,0.0,1.0,0.0,0.0,222.0
2026-07-20 15:51:21.778,0.0,,,,,28.7,927.9,18.2,-40.0,0.0,1.0,0.0,0.0,222.0
2026-07-20 15:51:21.954,0.0,,,,,28.7,927.9,18.2,-40.0,0.0,1.0,0.0,0.0,222.0
2026-07-20 15:51:22.154,0.0,,,,,28.7,927.8,18.3,-40.0,0.0,1.0,0.0,0.0,222.0
2026-07-20 15:51:22.354,0.0,,,,,28.7,927.8,18.3,-40.0,0.0,1.0,0.0,0.0,222.0
2026-07-20 15:51:22.616,0.0,,,,,28.69,927.8,18.4,-40.0,0.0,1.0,0.0,0.0,223.0
2026-07-20 15:51:22.754,0.0,,,,,28.69,927.8,18.4,-40.0,0.0,1.0,0.0,0.0,223.0
2026-07-20 15:51:22.953,0.0,,,,,28.69,927.8,18.4,-40.0,0.0,1.0,0.0,0.0,223.0
2026-07-20 15:51:23.154,0.0,,,,,28.7,927.9,18.2,-40.0,0.0,1.0,0.0,0.0,223.0
2026-07-20 15:51:23.354,0.0,,,,,28.7,927.9,18.2,-40.0,0.0,1.0,0.0,0.0,223.0
2026-07-20 15:51:23.616,0.0,,,,,28.69,927.9,18.1,-40.0,0.0,1.0,0.0,0.0,224.0
2026-07-20 15:51:23.765,0.0,,,,,28.69,927.9,18.1,-40.0,0.0,1.0,0.0,0.0,224.0
2026-07-20 15:51:23.954,0.0,,,,,28.69,927.9,18.1,-40.0,0.0,1.0,0.0,0.0,224.0
2026-07-20 15:51:24.154,0.0,,,,,28.7,927.8,18.7,-40.0,0.0,1.0,0.0,0.0,224.0
2026-07-20 15:51:24.354,0.0,,,,,28.7,927.8,18.7,-40.0,0.0,1.0,0.0,0.0,224.0
2026-07-20 15:51:24.616,0.0,,,,,28.7,927.8,18.5,-40.0,0.0,1.0,0.0,0.0,225.0
2026-07-20 15:51:24.781,0.0,,,,,28.7,927.8,18.5,-40.0,0.0,1.0,0.0,0.0,225.0
2026-07-20 15:51:24.954,0.0,,,,,28.7,927.8,18.5,-40.0,0.0,1.0,0.0,0.0,225.0
2026-07-20 15:51:25.154,0.0,,,,,28.7,927.9,18.4,-40.0,0.0,1.0,0.0,0.0,225.0
2026-07-20 15:51:25.375,0.0,,,,,28.7,927.9,18.4,-40.0,0.0,1.0,0.0,0.0,225.0
2026-07-20 15:51:25.616,0.0,,,,,28.69,927.9,18.1,-40.0,0.0,1.0,0.0,0.0,226.0
2026-07-20 15:51:25.755,0.0,,,,,28.69,927.9,18.1,-40.0,0.0,1.0,0.0,0.0,226.0
2026-07-20 15:51:25.969,0.0,,,,,28.69,927.9,18.1,-40.0,0.0,1.0,0.0,0.0,226.0
2026-07-20 15:51:26.154,0.0,,,,,28.7,927.8,18.2,-40.0,0.0,1.0,0.0,0.0,226.0
2026-07-20 15:51:26.354,0.0,,,,,28.7,927.8,18.2,-40.0,0.0,1.0,0.0,0.0,226.0
2026-07-20 15:51:26.616,0.0,,,,,28.69,927.8,18.5,-40.0,0.0,1.0,0.0,0.0,227.0
2026-07-20 15:51:26.753,0.0,,,,,28.69,927.8,18.5,-40.0,0.0,1.0,0.0,0.0,227.0
2026-07-20 15:51:26.954,0.0,,,,,28.69,927.8,18.5,-40.0,0.0,1.0,0.0,0.0,227.0
2026-07-20 15:51:27.154,0.0,,,,,28.7,927.8,18.6,-40.0,0.0,1.0,0.0,0.0,227.0
2026-07-20 15:51:27.354,0.0,,,,,28.7,927.8,18.6,-40.0,0.0,1.0,0.0,0.0,227.0
2026-07-20 15:51:27.616,0.0,,,,,28.7,927.8,18.7,-40.0,0.0,1.0,0.0,0.0,228.0
2026-07-20 15:51:27.754,0.0,,,,,28.7,927.8,18.7,-40.0,0.0,1.0,0.0,0.0,228.0
2026-07-20 15:51:27.953,0.0,,,,,28.7,927.8,18.7,-40.0,0.0,1.0,0.0,0.0,228.0
2026-07-20 15:51:28.179,0.0,,,,,28.7,927.8,18.3,-40.0,0.0,1.0,0.0,0.0,228.0
2026-07-20 15:51:28.354,0.0,,,,,28.7,927.8,18.3,-40.0,0.0,1.0,0.0,0.0,228.0
2026-07-20 15:51:28.616,0.0,,,,,28.69,927.9,18.4,-40.0,0.0,1.0,0.0,0.0,229.0
2026-07-20 15:51:28.774,0.0,,,,,28.69,927.9,18.4,-40.0,0.0,1.0,0.0,0.0,229.0
2026-07-20 15:51:28.954,0.0,,,,,28.69,927.9,18.4,-40.0,0.0,1.0,0.0,0.0,229.0
2026-07-20 15:51:29.154,0.0,,,,,28.69,927.8,18.3,-40.0,0.0,1.0,0.0,0.0,229.0
2026-07-20 15:51:29.353,0.0,,,,,28.69,927.8,18.3,-40.0,0.0,1.0,0.0,0.0,229.0
2026-07-20 15:51:29.616,0.0,,,,,28.69,927.8,18.8,-40.0,0.0,1.0,0.0,0.0,230.0
2026-07-20 15:51:29.781,0.0,,,,,28.69,927.8,18.8,-40.0,0.0,1.0,0.0,0.0,230.0
2026-07-20 15:51:29.954,0.0,,,,,28.69,927.8,18.8,-40.0,0.0,1.0,0.0,0.0,230.0
2026-07-20 15:51:30.154,0.0,,,,,28.69,927.8,18.8,-40.0,0.0,1.0,0.0,0.0,230.0
2026-07-20 15:51:30.354,0.0,,,,,28.69,927.8,18.8,-40.0,0.0,1.0,0.0,0.0,230.0
2026-07-20 15:51:30.615,0.0,,,,,28.7,927.8,19.0,-40.0,0.0,1.0,0.0,0.0,231.0
2026-07-20 15:51:30.770,0.0,,,,,28.7,927.8,19.0,-40.0,0.0,1.0,0.0,0.0,231.0
2026-07-20 15:51:30.953,0.0,,,,,28.7,927.8,19.0,-40.0,0.0,1.0,0.0,0.0,231.0
2026-07-20 15:51:31.154,0.0,,,,,28.7,927.8,18.5,-40.0,0.0,1.0,0.0,0.0,231.0
2026-07-20 15:51:31.354,0.0,,,,,28.7,927.8,18.5,-40.0,0.0,1.0,0.0,0.0,231.0
2026-07-20 15:51:31.615,0.0,,,,,28.7,927.8,18.6,-40.0,0.0,1.0,0.0,0.0,232.0
2026-07-20 15:51:31.773,0.0,,,,,28.7,927.8,18.6,-40.0,0.0,1.0,0.0,0.0,232.0
2026-07-20 15:51:31.954,0.0,,,,,28.7,927.8,18.6,-40.0,0.0,1.0,0.0,0.0,232.0
2026-07-20 15:51:32.153,0.0,,,,,28.7,927.9,18.7,-40.0,0.0,1.0,0.0,0.0,232.0
2026-07-20 15:51:32.353,0.0,,,,,28.7,927.9,18.7,-40.0,0.0,1.0,0.0,0.0,232.0
2026-07-20 15:51:32.615,0.0,,,,,28.69,927.9,18.2,-40.0,0.0,1.0,0.0,0.0,233.0
2026-07-20 15:51:32.753,0.0,,,,,28.69,927.9,18.2,-40.0,0.0,1.0,0.0,0.0,233.0
2026-07-20 15:51:32.953,0.0,,,,,28.69,927.9,18.2,-40.0,0.0,1.0,0.0,0.0,233.0
2026-07-20 15:51:33.154,0.0,,,,,28.69,927.8,18.5,-40.0,0.0,1.0,0.0,0.0,233.0
2026-07-20 15:51:33.353,0.0,,,,,28.69,927.8,18.5,-40.0,0.0,1.0,0.0,0.0,233.0
2026-07-20 15:51:33.616,0.0,,,,,28.69,927.8,18.4,-40.0,0.0,1.0,0.0,0.0,234.0
2026-07-20 15:51:33.753,0.0,,,,,28.69,927.8,18.4,-40.0,0.0,1.0,0.0,0.0,234.0
2026-07-20 15:51:33.953,0.0,,,,,28.69,927.8,18.4,-40.0,0.0,1.0,0.0,0.0,234.0
2026-07-20 15:51:34.153,0.0,,,,,28.7,927.8,18.4,-40.0,0.0,1.0,0.0,0.0,234.0
2026-07-20 15:51:34.353,0.0,,,,,28.7,927.8,18.4,-40.0,0.0,1.0,0.0,0.0,234.0
2026-07-20 15:51:34.615,0.0,,,,,28.69,927.8,18.3,-40.0,0.0,1.0,0.0,0.0,235.0
2026-07-20 15:51:34.754,0.0,,,,,28.69,927.8,18.3,-40.0,0.0,1.0,0.0,0.0,235.0
2026-07-20 15:51:34.953,0.0,,,,,28.69,927.8,18.3,-40.0,0.0,1.0,0.0,0.0,235.0
2026-07-20 15:51:35.153,0.0,,,,,28.7,927.8,18.8,-40.0,0.0,1.0,0.0,0.0,235.0
2026-07-20 15:51:35.353,0.0,,,,,28.7,927.8,18.8,-40.0,0.0,1.0,0.0,0.0,235.0
2026-07-20 15:51:35.615,0.0,,,,,28.69,927.8,18.6,-40.0,0.0,1.0,0.0,0.0,236.0
2026-07-20 15:51:35.754,0.0,,,,,28.69,927.8,18.6,-40.0,0.0,1.0,0.0,0.0,236.0
2026-07-20 15:51:35.953,0.0,,,,,28.69,927.8,18.6,-40.0,0.0,1.0,0.0,0.0,236.0
2026-07-20 15:51:36.153,0.0,,,,,28.7,927.9,18.8,-40.0,0.0,1.0,0.0,0.0,236.0
2026-07-20 15:51:36.353,0.0,,,,,28.7,927.9,18.8,-40.0,0.0,1.0,0.0,0.0,236.0
2026-07-20 15:51:36.615,0.0,,,,,28.7,927.9,18.4,-40.0,0.0,1.0,0.0,0.0,237.0
2026-07-20 15:51:36.769,0.0,,,,,28.7,927.9,18.4,-40.0,0.0,1.0,0.0,0.0,237.0
2026-07-20 15:51:36.953,0.0,,,,,28.7,927.9,18.4,-40.0,0.0,1.0,0.0,0.0,237.0
2026-07-20 15:51:37.153,0.0,,,,,28.7,927.8,18.2,-40.0,0.0,1.0,0.0,0.0,237.0
2026-07-20 15:51:37.366,0.0,,,,,28.7,927.8,18.2,-40.0,0.0,1.0,0.0,0.0,237.0
2026-07-20 15:51:37.615,0.0,,,,,28.69,927.8,18.5,-40.0,0.0,1.0,0.0,0.0,238.0
2026-07-20 15:51:37.778,0.0,,,,,28.69,927.8,18.5,-40.0,0.0,1.0,0.0,0.0,238.0
2026-07-20 15:51:37.953,0.0,,,,,28.69,927.8,18.5,-40.0,0.0,1.0,0.0,0.0,238.0
2026-07-20 15:51:38.154,0.0,,,,,28.68,927.8,18.4,-40.0,0.0,1.0,0.0,0.0,238.0
2026-07-20 15:51:38.354,0.0,,,,,28.68,927.8,18.4,-40.0,0.0,1.0,0.0,0.0,238.0
2026-07-20 15:51:38.616,0.0,,,,,28.69,927.8,18.4,-40.0,0.0,1.0,0.0,0.0,239.0
2026-07-20 15:51:38.753,0.0,,,,,28.69,927.8,18.4,-40.0,0.0,1.0,0.0,0.0,239.0
2026-07-20 15:51:38.954,0.0,,,,,28.69,927.8,18.4,-40.0,0.0,1.0,0.0,0.0,239.0
2026-07-20 15:51:39.171,0.0,,,,,28.69,927.8,18.5,-40.0,0.0,1.0,0.0,0.0,239.0
2026-07-20 15:51:39.354,0.0,,,,,28.69,927.8,18.5,-40.0,0.0,1.0,0.0,0.0,239.0
2026-07-20 15:51:39.615,0.0,,,,,28.7,927.8,18.3,-40.0,0.0,1.0,0.0,0.0,240.0
2026-07-20 15:51:39.754,0.0,,,,,28.7,927.8,18.3,-40.0,0.0,1.0,0.0,0.0,240.0
2026-07-20 15:51:39.953,0.0,,,,,28.7,927.8,18.3,-40.0,0.0,1.0,0.0,0.0,240.0
2026-07-20 15:51:40.154,0.0,,,,,28.69,927.8,18.3,-40.0,0.0,1.0,0.0,0.0,240.0
2026-07-20 15:51:40.355,0.0,,,,,28.69,927.8,18.3,-40.0,0.0,1.0,0.0,0.0,240.0
2026-07-20 15:51:40.615,0.0,,,,,28.69,927.9,18.6,-40.0,0.0,1.0,0.0,0.0,241.0
2026-07-20 15:51:40.756,0.0,,,,,28.69,927.9,18.6,-40.0,0.0,1.0,0.0,0.0,241.0
2026-07-20 15:51:40.954,0.0,,,,,28.69,927.9,18.6,-40.0,0.0,1.0,0.0,0.0,241.0
2026-07-20 15:51:41.153,0.0,,,,,28.69,927.8,18.0,-40.0,0.0,1.0,0.0,0.0,241.0
2026-07-20 15:51:41.353,0.0,,,,,28.69,927.8,18.0,-40.0,0.0,1.0,0.0,0.0,241.0
2026-07-20 15:51:41.615,0.0,,,,,28.69,927.8,18.4,-40.0,0.0,1.0,0.0,0.0,242.0
2026-07-20 15:51:41.771,0.0,,,,,28.69,927.8,18.4,-40.0,0.0,1.0,0.0,0.0,242.0
2026-07-20 15:51:41.953,0.0,,,,,28.69,927.8,18.4,-40.0,0.0,1.0,0.0,0.0,242.0
2026-07-20 15:51:42.155,0.0,,,,,28.69,927.8,18.4,-40.0,0.0,1.0,0.0,0.0,242.0
2026-07-20 15:51:42.353,0.0,,,,,28.69,927.8,18.4,-40.0,0.0,1.0,0.0,0.0,242.0
2026-07-20 15:51:42.615,0.0,,,,,28.69,927.8,18.5,-40.0,0.0,1.0,0.0,0.0,243.0
2026-07-20 15:51:42.789,0.0,,,,,28.69,927.8,18.5,-40.0,0.0,1.0,0.0,0.0,243.0
2026-07-20 15:51:42.953,0.0,,,,,28.69,927.8,18.5,-40.0,0.0,1.0,0.0,0.0,243.0
2026-07-20 15:51:43.155,0.0,,,,,28.69,927.8,19.1,-40.0,0.0,1.0,0.0,0.0,243.0
2026-07-20 15:51:43.373,0.0,,,,,28.69,927.8,19.1,-40.0,0.0,1.0,0.0,0.0,243.0
2026-07-20 15:51:43.615,0.0,,,,,28.69,927.8,18.2,-40.0,0.0,1.0,0.0,0.0,244.0
2026-07-20 15:51:43.781,0.0,,,,,28.69,927.8,18.2,-40.0,0.0,1.0,0.0,0.0,244.0
2026-07-20 15:51:43.954,0.0,,,,,28.69,927.8,18.2,-40.0,0.0,1.0,0.0,0.0,244.0
2026-07-20 15:51:44.153,0.0,,,,,28.69,927.8,18.4,-40.0,0.0,1.0,0.0,0.0,244.0
2026-07-20 15:51:44.353,0.0,,,,,28.69,927.8,18.4,-40.0,0.0,1.0,0.0,0.0,244.0
2026-07-20 15:51:44.616,0.0,,,,,28.69,927.8,18.4,-40.0,0.0,1.0,0.0,0.0,245.0
2026-07-20 15:51:44.761,0.0,,,,,28.69,927.8,18.4,-40.0,0.0,1.0,0.0,0.0,245.0
2026-07-20 15:51:44.954,0.0,,,,,28.69,927.8,18.4,-40.0,0.0,1.0,0.0,0.0,245.0
2026-07-20 15:51:45.154,0.0,,,,,28.7,927.8,18.9,-40.0,0.0,1.0,0.0,0.0,245.0
2026-07-20 15:51:45.354,0.0,,,,,28.7,927.8,18.9,-40.0,0.0,1.0,0.0,0.0,245.0
2026-07-20 15:51:45.616,0.0,,,,,28.69,927.8,18.4,-40.0,0.0,1.0,0.0,0.0,246.0
2026-07-20 15:51:45.775,0.0,,,,,28.69,927.8,18.4,-40.0,0.0,1.0,0.0,0.0,246.0
2026-07-20 15:51:45.954,0.0,,,,,28.69,927.8,18.4,-40.0,0.0,1.0,0.0,0.0,246.0
2026-07-20 15:51:46.153,0.0,,,,,28.68,927.8,18.6,-40.0,0.0,1.0,0.0,0.0,246.0
2026-07-20 15:51:46.376,0.0,,,,,28.68,927.8,18.6,-40.0,0.0,1.0,0.0,0.0,246.0
2026-07-20 15:51:46.616,0.0,,,,,28.69,927.9,18.6,-40.0,0.0,1.0,0.0,0.0,247.0
2026-07-20 15:51:46.754,0.0,,,,,28.69,927.9,18.6,-40.0,0.0,1.0,0.0,0.0,247.0
2026-07-20 15:51:46.953,0.0,,,,,28.69,927.9,18.6,-40.0,0.0,1.0,0.0,0.0,247.0
2026-07-20 15:51:47.153,0.0,,,,,28.69,927.8,18.8,-40.0,0.0,1.0,0.0,0.0,247.0
2026-07-20 15:51:47.354,0.0,,,,,28.69,927.8,18.8,-40.0,0.0,1.0,0.0,0.0,247.0
2026-07-20 15:51:47.616,0.0,,,,,28.69,927.8,19.0,-40.0,0.0,1.0,0.0,0.0,248.0
2026-07-20 15:51:47.754,0.0,,,,,28.69,927.8,19.0,-40.0,0.0,1.0,0.0,0.0,248.0
2026-07-20 15:51:47.954,0.0,,,,,28.69,927.8,19.0,-40.0,0.0,1.0,0.0,0.0,248.0
2026-07-20 15:51:48.153,0.0,,,,,28.68,927.8,18.6,-40.0,0.0,1.0,0.0,0.0,248.0
2026-07-20 15:51:48.353,0.0,,,,,28.68,927.8,18.6,-40.0,0.0,1.0,0.0,0.0,248.0
2026-07-20 15:51:48.615,0.0,,,,,28.69,927.8,18.8,-40.0,0.0,1.0,0.0,0.0,249.0
2026-07-20 15:51:48.754,0.0,,,,,28.69,927.8,18.8,-40.0,0.0,1.0,0.0,0.0,249.0
2026-07-20 15:51:48.952,0.0,,,,,28.69,927.8,18.8,-40.0,0.0,1.0,0.0,0.0,249.0
2026-07-20 15:51:49.153,0.0,,,,,28.69,927.8,18.8,-40.0,0.0,1.0,0.0,0.0,249.0
2026-07-20 15:51:49.353,0.0,,,,,28.69,927.8,18.8,-40.0,0.0,1.0,0.0,0.0,249.0
2026-07-20 15:51:49.615,0.0,,,,,28.69,927.8,18.7,-40.0,0.0,1.0,0.0,0.0,250.0
2026-07-20 15:51:49.780,0.0,,,,,28.69,927.8,18.7,-40.0,0.0,1.0,0.0,0.0,250.0
2026-07-20 15:51:49.953,0.0,,,,,28.69,927.8,18.7,-40.0,0.0,1.0,0.0,0.0,250.0
2026-07-20 15:51:50.154,0.0,,,,,28.69,927.8,18.7,-40.0,0.0,1.0,0.0,0.0,250.0
2026-07-20 15:51:50.353,0.0,,,,,28.69,927.8,18.7,-40.0,0.0,1.0,0.0,0.0,250.0
2026-07-20 15:51:50.615,0.0,,,,,28.69,927.9,18.5,-40.0,0.0,1.0,0.0,0.0,251.0
2026-07-20 15:51:50.753,0.0,,,,,28.69,927.9,18.5,-40.0,0.0,1.0,0.0,0.0,251.0
2026-07-20 15:51:50.953,0.0,,,,,28.69,927.9,18.5,-40.0,0.0,1.0,0.0,0.0,251.0
2026-07-20 15:51:51.153,0.0,,,,,28.7,927.8,19.2,-40.0,0.0,1.0,0.0,0.0,251.0
2026-07-20 15:51:51.353,0.0,,,,,28.7,927.8,19.2,-40.0,0.0,1.0,0.0,0.0,251.0
2026-07-20 15:51:51.615,0.0,,,,,28.7,927.9,19.5,-40.0,0.0,1.0,0.0,0.0,252.0
2026-07-20 15:51:51.753,0.0,,,,,28.7,927.9,19.5,-40.0,0.0,1.0,0.0,0.0,252.0
2026-07-20 15:51:51.953,0.0,,,,,28.7,927.9,19.5,-40.0,0.0,1.0,0.0,0.0,252.0
2026-07-20 15:51:52.153,0.0,,,,,28.69,927.8,18.6,-40.0,0.0,1.0,0.0,0.0,252.0
2026-07-20 15:51:52.353,0.0,,,,,28.69,927.8,18.6,-40.0,0.0,1.0,0.0,0.0,252.0
2026-07-20 15:51:52.615,0.0,,,,,28.69,927.8,18.3,-40.0,0.0,1.0,0.0,0.0,253.0
2026-07-20 15:51:52.753,0.0,,,,,28.69,927.8,18.3,-40.0,0.0,1.0,0.0,0.0,253.0
2026-07-20 15:51:52.953,0.0,,,,,28.69,927.8,18.3,-40.0,0.0,1.0,0.0,0.0,253.0
2026-07-20 15:51:53.153,0.0,,,,,28.7,927.8,18.4,-40.0,0.0,1.0,0.0,0.0,253.0
2026-07-20 15:51:53.353,0.0,,,,,28.7,927.8,18.4,-40.0,0.0,1.0,0.0,0.0,253.0
2026-07-20 15:51:53.615,0.0,,,,,28.7,927.9,18.0,-40.0,0.0,1.0,0.0,0.0,254.0
2026-07-20 15:51:53.753,0.0,,,,,28.7,927.9,18.0,-40.0,0.0,1.0,0.0,0.0,254.0
2026-07-20 15:51:53.953,0.0,,,,,28.7,927.9,18.0,-40.0,0.0,1.0,0.0,0.0,254.0
2026-07-20 15:51:54.153,0.0,,,,,28.7,927.9,18.3,-40.0,0.0,1.0,0.0,0.0,254.0
2026-07-20 15:51:54.353,0.0,,,,,28.7,927.9,18.3,-40.0,0.0,1.0,0.0,0.0,254.0
2026-07-20 15:51:54.615,0.0,,,,,28.69,927.8,18.6,-40.0,0.0,1.0,0.0,0.0,255.0
2026-07-20 15:51:54.753,0.0,,,,,28.69,927.8,18.6,-40.0,0.0,1.0,0.0,0.0,255.0
2026-07-20 15:51:54.952,0.0,,,,,28.69,927.8,18.6,-40.0,0.0,1.0,0.0,0.0,255.0
2026-07-20 15:51:55.153,0.0,,,,,28.69,927.8,18.6,-40.0,0.0,1.0,0.0,0.0,255.0
2026-07-20 15:51:55.353,0.0,,,,,28.69,927.8,18.6,-40.0,0.0,1.0,0.0,0.0,255.0
2026-07-20 15:51:55.615,0.0,,,,,28.69,927.8,18.4,-40.0,0.0,1.0,0.0,0.0,256.0
2026-07-20 15:51:55.753,0.0,,,,,28.69,927.8,18.4,-40.0,0.0,1.0,0.0,0.0,256.0
2026-07-20 15:51:55.953,0.0,,,,,28.69,927.8,18.4,-40.0,0.0,1.0,0.0,0.0,256.0
2026-07-20 15:51:56.153,0.0,,,,,28.7,927.8,18.4,-40.0,0.0,1.0,0.0,0.0,256.0
2026-07-20 15:51:56.353,0.0,,,,,28.7,927.8,18.4,-40.0,0.0,1.0,0.0,0.0,256.0
2026-07-20 15:51:56.614,0.0,,,,,28.69,927.8,18.5,-40.0,0.0,1.0,0.0,0.0,257.0
2026-07-20 15:51:56.753,0.0,,,,,28.69,927.8,18.5,-40.0,0.0,1.0,0.0,0.0,257.0
2026-07-20 15:51:56.954,0.0,,,,,28.69,927.8,18.5,-40.0,0.0,1.0,0.0,0.0,257.0
2026-07-20 15:51:57.153,0.0,,,,,28.69,927.8,18.9,-40.0,0.0,1.0,0.0,0.0,257.0
2026-07-20 15:51:57.353,0.0,,,,,28.69,927.8,18.9,-40.0,0.0,1.0,0.0,0.0,257.0
2026-07-20 15:51:57.615,0.0,,,,,28.69,927.8,19.3,-40.0,0.0,1.0,0.0,0.0,258.0
2026-07-20 15:51:57.753,0.0,,,,,28.69,927.8,19.3,-40.0,0.0,1.0,0.0,0.0,258.0
2026-07-20 15:51:57.952,0.0,,,,,28.69,927.8,19.3,-40.0,0.0,1.0,0.0,0.0,258.0
2026-07-20 15:51:58.153,0.0,,,,,28.69,927.8,18.8,-40.0,0.0,1.0,0.0,0.0,258.0
2026-07-20 15:51:58.354,0.0,,,,,28.69,927.8,18.8,-40.0,0.0,1.0,0.0,0.0,258.0
2026-07-20 15:51:58.616,0.0,,,,,28.69,927.9,18.5,-40.0,0.0,1.0,0.0,0.0,259.0
2026-07-20 15:51:58.766,0.0,,,,,28.69,927.9,18.5,-40.0,0.0,1.0,0.0,0.0,259.0
2026-07-20 15:51:58.953,0.0,,,,,28.69,927.9,18.5,-40.0,0.0,1.0,0.0,0.0,259.0
2026-07-20 15:51:59.153,0.0,,,,,28.69,927.9,19.0,-40.0,0.0,1.0,0.0,0.0,259.0
2026-07-20 15:51:59.353,0.0,,,,,28.69,927.9,19.0,-40.0,0.0,1.0,0.0,0.0,259.0
2026-07-20 15:51:59.614,0.0,,,,,28.68,927.8,18.5,-40.0,0.0,1.0,0.0,0.0,260.0
2026-07-20 15:51:59.760,0.0,,,,,28.68,927.8,18.5,-40.0,0.0,1.0,0.0,0.0,260.0
2026-07-20 15:51:59.953,0.0,,,,,28.68,927.8,18.5,-40.0,0.0,1.0,0.0,0.0,260.0
2026-07-20 15:52:00.153,0.0,,,,,28.69,927.8,18.3,-40.0,0.0,1.0,0.0,0.0,260.0
2026-07-20 15:52:00.354,0.0,,,,,28.69,927.8,18.3,-40.0,0.0,1.0,0.0,0.0,260.0
2026-07-20 15:52:00.615,0.0,,,,,28.69,927.8,18.7,-40.0,0.0,1.0,0.0,0.0,261.0
2026-07-20 15:52:00.772,0.0,,,,,28.69,927.8,18.7,-40.0,0.0,1.0,0.0,0.0,261.0
2026-07-20 15:52:00.953,0.0,,,,,28.69,927.8,18.7,-40.0,0.0,1.0,0.0,0.0,261.0
2026-07-20 15:52:01.153,0.0,,,,,28.69,927.9,19.1,-40.0,0.0,1.0,0.0,0.0,261.0
2026-07-20 15:52:01.353,0.0,,,,,28.69,927.9,19.1,-40.0,0.0,1.0,0.0,0.0,261.0
2026-07-20 15:52:01.615,0.0,,,,,28.69,927.8,18.5,-40.0,0.0,1.0,0.0,0.0,262.0
2026-07-20 15:52:01.768,0.0,,,,,28.69,927.8,18.5,-40.0,0.0,1.0,0.0,0.0,262.0
2026-07-20 15:52:01.952,0.0,,,,,28.69,927.8,18.5,-40.0,0.0,1.0,0.0,0.0,262.0
2026-07-20 15:52:02.153,0.0,,,,,28.68,927.9,18.7,-40.0,0.0,1.0,0.0,0.0,262.0
2026-07-20 15:52:02.353,0.0,,,,,28.68,927.9,18.7,-40.0,0.0,1.0,0.0,0.0,262.0
2026-07-20 15:52:02.615,0.0,,,,,28.68,927.8,18.1,-40.0,0.0,1.0,0.0,0.0,263.0
2026-07-20 15:52:02.767,0.0,,,,,28.68,927.8,18.1,-40.0,0.0,1.0,0.0,0.0,263.0
2026-07-20 15:52:02.952,0.0,,,,,28.68,927.8,18.1,-40.0,0.0,1.0,0.0,0.0,263.0
2026-07-20 15:52:03.153,0.0,,,,,28.68,927.8,18.9,-40.0,0.0,1.0,0.0,0.0,263.0
2026-07-20 15:52:03.353,0.0,,,,,28.68,927.8,18.9,-40.0,0.0,1.0,0.0,0.0,263.0
2026-07-20 15:52:03.614,0.0,,,,,28.69,927.8,18.8,-40.0,0.0,1.0,0.0,0.0,264.0
2026-07-20 15:52:03.780,0.0,,,,,28.69,927.8,18.8,-40.0,0.0,1.0,0.0,0.0,264.0
2026-07-20 15:52:03.953,0.0,,,,,28.69,927.8,18.8,-40.0,0.0,1.0,0.0,0.0,264.0
2026-07-20 15:52:04.153,0.0,,,,,28.69,927.9,18.9,-40.0,0.0,1.0,0.0,0.0,264.0
2026-07-20 15:52:04.380,0.0,,,,,28.69,927.9,18.9,-40.0,0.0,1.0,0.0,0.0,264.0
2026-07-20 15:52:04.615,0.0,,,,,28.68,927.9,19.3,-40.0,0.0,1.0,0.0,0.0,265.0
2026-07-20 15:52:04.753,0.0,,,,,28.68,927.9,19.3,-40.0,0.0,1.0,0.0,0.0,265.0
2026-07-20 15:52:04.984,0.0,,,,,28.68,927.9,19.3,-40.0,0.0,1.0,0.0,0.0,265.0
2026-07-20 15:52:05.153,0.0,,,,,28.69,927.9,18.8,-40.0,0.0,1.0,0.0,0.0,265.0
2026-07-20 15:52:05.354,0.0,,,,,28.69,927.9,18.8,-40.0,0.0,1.0,0.0,0.0,265.0
2026-07-20 15:52:05.615,0.0,,,,,28.69,927.8,19.1,-40.0,0.0,1.0,0.0,0.0,266.0
2026-07-20 15:52:05.752,0.0,,,,,28.69,927.8,19.1,-40.0,0.0,1.0,0.0,0.0,266.0
2026-07-20 15:52:05.953,0.0,,,,,28.69,927.8,19.1,-40.0,0.0,1.0,0.0,0.0,266.0
2026-07-20 15:52:06.154,0.0,,,,,28.68,927.8,19.3,-40.0,0.0,1.0,0.0,0.0,266.0
2026-07-20 15:52:06.353,0.0,,,,,28.68,927.8,19.3,-40.0,0.0,1.0,0.0,0.0,266.0
2026-07-20 15:52:06.614,0.0,,,,,28.69,927.9,18.6,-40.0,0.0,1.0,0.0,0.0,267.0
2026-07-20 15:52:06.783,0.0,,,,,28.69,927.9,18.6,-40.0,0.0,1.0,0.0,0.0,267.0
2026-07-20 15:52:06.952,0.0,,,,,28.69,927.9,18.6,-40.0,0.0,1.0,0.0,0.0,267.0
2026-07-20 15:52:07.153,0.0,,,,,28.68,927.8,18.4,-40.0,0.0,1.0,0.0,0.0,267.0
2026-07-20 15:52:07.353,0.0,,,,,28.68,927.8,18.4,-40.0,0.0,1.0,0.0,0.0,267.0
2026-07-20 15:52:07.614,0.0,,,,,28.68,927.8,18.3,-40.0,0.0,1.0,0.0,0.0,268.0
2026-07-20 15:52:07.781,0.0,,,,,28.68,927.8,18.3,-40.0,0.0,1.0,0.0,0.0,268.0
2026-07-20 15:52:07.952,0.0,,,,,28.68,927.8,18.3,-40.0,0.0,1.0,0.0,0.0,268.0
2026-07-20 15:52:08.153,0.0,,,,,28.68,927.8,19.1,-40.0,0.0,1.0,0.0,0.0,268.0
2026-07-20 15:52:08.352,0.0,,,,,28.68,927.8,19.1,-40.0,0.0,1.0,0.0,0.0,268.0
2026-07-20 15:52:08.615,0.0,,,,,28.69,927.9,19.3,-40.0,0.0,1.0,0.0,0.0,269.0
2026-07-20 15:52:08.753,0.0,,,,,28.69,927.9,19.3,-40.0,0.0,1.0,0.0,0.0,269.0
2026-07-20 15:52:08.953,0.0,,,,,28.69,927.9,19.3,-40.0,0.0,1.0,0.0,0.0,269.0
2026-07-20 15:52:09.153,0.0,,,,,28.69,927.9,19.0,-40.0,0.0,1.0,0.0,0.0,269.0
2026-07-20 15:52:09.352,0.0,,,,,28.69,927.9,19.0,-40.0,0.0,1.0,0.0,0.0,269.0
2026-07-20 15:52:09.614,0.0,,,,,28.69,927.8,19.1,-40.0,0.0,1.0,0.0,0.0,270.0
2026-07-20 15:52:09.756,0.0,,,,,28.69,927.8,19.1,-40.0,0.0,1.0,0.0,0.0,270.0
2026-07-20 15:52:09.953,0.0,,,,,28.69,927.8,19.1,-40.0,0.0,1.0,0.0,0.0,270.0
2026-07-20 15:52:10.153,0.0,,,,,28.69,927.9,18.6,-40.0,0.0,1.0,0.0,0.0,270.0
2026-07-20 15:52:10.352,0.0,,,,,28.69,927.9,18.6,-40.0,0.0,1.0,0.0,0.0,270.0
2026-07-20 15:52:10.614,0.0,,,,,28.68,927.8,18.6,-40.0,0.0,1.0,0.0,0.0,271.0
2026-07-20 15:52:10.782,0.0,,,,,28.68,927.8,18.6,-40.0,0.0,1.0,0.0,0.0,271.0
2026-07-20 15:52:10.952,0.0,,,,,28.68,927.8,18.6,-40.0,0.0,1.0,0.0,0.0,271.0
2026-07-20 15:52:11.153,0.0,,,,,28.68,927.8,18.4,-40.0,0.0,1.0,0.0,0.0,271.0
2026-07-20 15:52:11.356,0.0,,,,,28.68,927.8,18.4,-40.0,0.0,1.0,0.0,0.0,271.0
2026-07-20 15:52:11.614,0.0,,,,,28.68,927.8,18.6,-40.0,0.0,1.0,0.0,0.0,272.0
2026-07-20 15:52:11.786,0.0,,,,,28.68,927.8,18.6,-40.0,0.0,1.0,0.0,0.0,272.0
2026-07-20 15:52:11.953,0.0,,,,,28.68,927.8,18.6,-40.0,0.0,1.0,0.0,0.0,272.0
2026-07-20 15:52:12.153,0.0,,,,,28.68,927.8,19.2,-40.0,0.0,1.0,0.0,0.0,272.0
2026-07-20 15:52:12.352,0.0,,,,,28.68,927.8,19.2,-40.0,0.0,1.0,0.0,0.0,272.0
2026-07-20 15:52:12.614,0.0,,,,,28.68,927.8,18.7,-40.0,0.0,1.0,0.0,0.0,273.0
2026-07-20 15:52:12.785,0.0,,,,,28.68,927.8,18.7,-40.0,0.0,1.0,0.0,0.0,273.0
2026-07-20 15:52:12.953,0.0,,,,,28.68,927.8,18.7,-40.0,0.0,1.0,0.0,0.0,273.0
2026-07-20 15:52:13.153,0.0,,,,,28.68,927.8,18.7,-40.0,0.0,1.0,0.0,0.0,273.0
2026-07-20 15:52:13.353,0.0,,,,,28.68,927.8,18.7,-40.0,0.0,1.0,0.0,0.0,273.0
2026-07-20 15:52:13.614,0.0,,,,,28.69,927.9,18.2,-40.0,0.0,1.0,0.0,0.0,274.0
2026-07-20 15:52:13.764,0.0,,,,,28.69,927.9,18.2,-40.0,0.0,1.0,0.0,0.0,274.0
2026-07-20 15:52:13.953,0.0,,,,,28.69,927.9,18.2,-40.0,0.0,1.0,0.0,0.0,274.0
2026-07-20 15:52:14.152,0.0,,,,,28.68,927.8,19.2,-40.0,0.0,1.0,0.0,0.0,274.0
2026-07-20 15:52:14.352,0.0,,,,,28.68,927.8,19.2,-40.0,0.0,1.0,0.0,0.0,274.0
2026-07-20 15:52:14.614,0.0,,,,,28.68,927.8,19.2,-40.0,0.0,1.0,0.0,0.0,275.0
2026-07-20 15:52:14.787,0.0,,,,,28.68,927.8,19.2,-40.0,0.0,1.0,0.0,0.0,275.0
2026-07-20 15:52:14.953,0.0,,,,,28.68,927.8,19.2,-40.0,0.0,1.0,0.0,0.0,275.0
2026-07-20 15:52:15.153,0.0,,,,,28.68,927.8,18.5,-40.0,0.0,1.0,0.0,0.0,275.0
2026-07-20 15:52:15.383,0.0,,,,,28.68,927.8,18.5,-40.0,0.0,1.0,0.0,0.0,275.0
2026-07-20 15:52:15.614,0.0,,,,,28.68,927.8,19.4,-40.0,0.0,1.0,0.0,0.0,276.0
2026-07-20 15:52:15.781,0.0,,,,,28.68,927.8,19.4,-40.0,0.0,1.0,0.0,0.0,276.0
2026-07-20 15:52:15.952,0.0,,,,,28.68,927.8,19.4,-40.0,0.0,1.0,0.0,0.0,276.0
2026-07-20 15:52:16.152,0.0,,,,,28.69,927.8,18.7,-40.0,0.0,1.0,0.0,0.0,276.0
2026-07-20 15:52:16.353,0.0,,,,,28.69,927.8,18.7,-40.0,0.0,1.0,0.0,0.0,276.0
2026-07-20 15:52:16.614,0.0,,,,,28.69,927.8,19.1,-40.0,0.0,1.0,0.0,0.0,277.0
2026-07-20 15:52:16.779,0.0,,,,,28.69,927.8,19.1,-40.0,0.0,1.0,0.0,0.0,277.0
2026-07-20 15:52:16.952,0.0,,,,,28.69,927.8,19.1,-40.0,0.0,1.0,0.0,0.0,277.0
2026-07-20 15:52:17.153,0.0,,,,,28.68,927.8,18.4,-40.0,0.0,1.0,0.0,0.0,277.0
2026-07-20 15:52:17.359,0.0,,,,,28.68,927.8,18.4,-40.0,0.0,1.0,0.0,0.0,277.0
2026-07-20 15:52:17.615,0.0,,,,,28.69,927.9,18.6,-40.0,0.0,1.0,0.0,0.0,278.0
2026-07-20 15:52:17.782,0.0,,,,,28.69,927.9,18.6,-40.0,0.0,1.0,0.0,0.0,278.0
2026-07-20 15:52:17.952,0.0,,,,,28.69,927.9,18.6,-40.0,0.0,1.0,0.0,0.0,278.0
2026-07-20 15:52:18.153,0.0,,,,,28.68,927.8,18.6,-40.0,0.0,1.0,0.0,0.0,278.0
2026-07-20 15:52:18.352,0.0,,,,,28.68,927.8,18.6,-40.0,0.0,1.0,0.0,0.0,278.0
2026-07-20 15:52:18.615,0.0,,,,,28.68,927.9,18.7,-40.0,0.0,1.0,0.0,0.0,279.0
2026-07-20 15:52:18.753,0.0,,,,,28.68,927.9,18.7,-40.0,0.0,1.0,0.0,0.0,279.0
2026-07-20 15:52:18.952,0.0,,,,,28.68,927.9,18.7,-40.0,0.0,1.0,0.0,0.0,279.0
2026-07-20 15:52:19.152,0.0,,,,,28.68,927.9,18.8,-40.0,0.0,1.0,0.0,0.0,279.0
2026-07-20 15:52:19.353,0.0,,,,,28.68,927.9,18.8,-40.0,0.0,1.0,0.0,0.0,279.0
2026-07-20 15:52:19.614,0.0,,,,,28.68,927.8,18.9,-40.0,0.0,1.0,0.0,0.0,280.0
2026-07-20 15:52:19.764,0.0,,,,,28.68,927.8,18.9,-40.0,0.0,1.0,0.0,0.0,280.0
2026-07-20 15:52:19.952,0.0,,,,,28.68,927.8,18.9,-40.0,0.0,1.0,0.0,0.0,280.0
2026-07-20 15:52:20.152,0.0,,,,,28.69,927.8,18.6,-40.0,0.0,1.0,0.0,0.0,280.0
2026-07-20 15:52:20.353,0.0,,,,,28.69,927.8,18.6,-40.0,0.0,1.0,0.0,0.0,280.0
2026-07-20 15:52:20.615,0.0,,,,,28.67,927.8,19.1,-40.0,0.0,1.0,0.0,0.0,281.0
2026-07-20 15:52:20.783,0.0,,,,,28.67,927.8,19.1,-40.0,0.0,1.0,0.0,0.0,281.0
2026-07-20 15:52:20.952,0.0,,,,,28.67,927.8,19.1,-40.0,0.0,1.0,0.0,0.0,281.0
2026-07-20 15:52:21.152,0.0,,,,,28.69,927.9,19.5,-40.0,0.0,1.0,0.0,0.0,281.0
2026-07-20 15:52:21.352,0.0,,,,,28.69,927.9,19.5,-40.0,0.0,1.0,0.0,0.0,281.0
2026-07-20 15:52:21.614,0.0,,,,,28.68,927.8,19.2,-40.0,0.0,1.0,0.0,0.0,282.0
2026-07-20 15:52:21.779,0.0,,,,,28.68,927.8,19.2,-40.0,0.0,1.0,0.0,0.0,282.0
2026-07-20 15:52:21.952,0.0,,,,,28.68,927.8,19.2,-40.0,0.0,1.0,0.0,0.0,282.0
2026-07-20 15:52:22.153,0.0,,,,,28.68,927.8,18.9,-40.0,0.0,1.0,0.0,0.0,282.0
2026-07-20 15:52:22.375,0.0,,,,,28.68,927.8,18.9,-40.0,0.0,1.0,0.0,0.0,282.0
2026-07-20 15:52:22.615,0.0,,,,,28.68,927.9,18.7,-40.0,0.0,1.0,0.0,0.0,283.0
2026-07-20 15:52:22.775,0.0,,,,,28.68,927.9,18.7,-40.0,0.0,1.0,0.0,0.0,283.0
2026-07-20 15:52:22.952,0.0,,,,,28.68,927.9,18.7,-40.0,0.0,1.0,0.0,0.0,283.0
2026-07-20 15:52:23.153,0.0,,,,,28.68,927.9,19.2,-40.0,0.0,1.0,0.0,0.0,283.0
2026-07-20 15:52:23.353,0.0,,,,,28.68,927.9,19.2,-40.0,0.0,1.0,0.0,0.0,283.0
2026-07-20 15:52:23.615,0.0,,,,,28.68,927.8,19.8,-40.0,0.0,1.0,0.0,0.0,284.0
2026-07-20 15:52:23.791,0.0,,,,,28.68,927.8,19.8,-40.0,0.0,1.0,0.0,0.0,284.0
2026-07-20 15:52:23.952,0.0,,,,,28.68,927.8,19.8,-40.0,0.0,1.0,0.0,0.0,284.0
2026-07-20 15:52:24.153,0.0,,,,,28.68,927.9,19.0,-40.0,0.0,1.0,0.0,0.0,284.0
2026-07-20 15:52:24.355,0.0,,,,,28.68,927.9,19.0,-40.0,0.0,1.0,0.0,0.0,284.0
2026-07-20 15:52:24.615,0.0,,,,,28.68,927.8,19.3,-40.0,0.0,1.0,0.0,0.0,285.0
2026-07-20 15:52:24.779,0.0,,,,,28.68,927.8,19.3,-40.0,0.0,1.0,0.0,0.0,285.0
2026-07-20 15:52:24.953,0.0,,,,,28.68,927.8,19.3,-40.0,0.0,1.0,0.0,0.0,285.0
2026-07-20 15:52:25.153,0.0,,,,,28.68,927.8,18.8,-40.0,0.0,1.0,0.0,0.0,285.0
2026-07-20 15:52:25.352,0.0,,,,,28.68,927.8,18.8,-40.0,0.0,1.0,0.0,0.0,285.0
2026-07-20 15:52:25.614,0.0,,,,,28.68,927.8,18.6,-40.0,0.0,1.0,0.0,0.0,286.0
2026-07-20 15:52:25.780,0.0,,,,,28.68,927.8,18.6,-40.0,0.0,1.0,0.0,0.0,286.0
2026-07-20 15:52:25.952,0.0,,,,,28.68,927.8,18.6,-40.0,0.0,1.0,0.0,0.0,286.0
2026-07-20 15:52:26.153,0.0,,,,,28.68,927.9,18.5,-40.0,0.0,1.0,0.0,0.0,286.0
2026-07-20 15:52:26.364,0.0,,,,,28.68,927.9,18.5,-40.0,0.0,1.0,0.0,0.0,286.0
2026-07-20 15:52:26.614,0.0,,,,,28.67,927.8,18.4,-40.0,0.0,1.0,0.0,0.0,287.0
2026-07-20 15:52:26.781,0.0,,,,,28.67,927.8,18.4,-40.0,0.0,1.0,0.0,0.0,287.0
2026-07-20 15:52:26.952,0.0,,,,,28.67,927.8,18.4,-40.0,0.0,1.0,0.0,0.0,287.0
2026-07-20 15:52:27.153,0.0,,,,,28.67,927.8,18.7,-40.0,0.0,1.0,0.0,0.0,287.0
2026-07-20 15:52:27.352,0.0,,,,,28.67,927.8,18.7,-40.0,0.0,1.0,0.0,0.0,287.0
2026-07-20 15:52:27.615,0.0,,,,,28.67,927.8,19.2,-40.0,0.0,1.0,0.0,0.0,288.0
2026-07-20 15:52:27.772,0.0,,,,,28.67,927.8,19.2,-40.0,0.0,1.0,0.0,0.0,288.0
2026-07-20 15:52:27.952,0.0,,,,,28.67,927.8,19.2,-40.0,0.0,1.0,0.0,0.0,288.0
2026-07-20 15:52:28.152,0.0,,,,,28.67,927.8,19.0,-40.0,0.0,1.0,0.0,0.0,288.0
2026-07-20 15:52:28.352,0.0,,,,,28.67,927.8,19.0,-40.0,0.0,1.0,0.0,0.0,288.0
2026-07-20 15:52:28.615,0.0,,,,,28.68,927.8,18.9,-40.0,0.0,1.0,0.0,0.0,289.0
2026-07-20 15:52:28.773,0.0,,,,,28.68,927.8,18.9,-40.0,0.0,1.0,0.0,0.0,289.0
2026-07-20 15:52:28.952,0.0,,,,,28.68,927.8,18.9,-40.0,0.0,1.0,0.0,0.0,289.0
2026-07-20 15:52:29.152,0.0,,,,,28.67,927.8,19.0,-40.0,0.0,1.0,0.0,0.0,289.0
2026-07-20 15:52:29.352,0.0,,,,,28.67,927.8,19.0,-40.0,0.0,1.0,0.0,0.0,289.0
2026-07-20 15:52:29.615,0.0,,,,,28.67,927.8,18.6,-40.0,0.0,1.0,0.0,0.0,290.0
2026-07-20 15:52:29.776,0.0,,,,,28.67,927.8,18.6,-40.0,0.0,1.0,0.0,0.0,290.0
2026-07-20 15:52:29.952,0.0,,,,,28.67,927.8,18.6,-40.0,0.0,1.0,0.0,0.0,290.0
2026-07-20 15:52:30.152,0.0,,,,,28.68,927.8,18.9,-40.0,0.0,1.0,0.0,0.0,290.0
2026-07-20 15:52:30.352,0.0,,,,,28.68,927.8,18.9,-40.0,0.0,1.0,0.0,0.0,290.0
2026-07-20 15:52:30.614,0.0,,,,,28.68,927.8,18.8,-40.0,0.0,1.0,0.0,0.0,291.0
2026-07-20 15:52:30.758,0.0,,,,,28.68,927.8,18.8,-40.0,0.0,1.0,0.0,0.0,291.0
2026-07-20 15:52:30.952,0.0,,,,,28.68,927.8,18.8,-40.0,0.0,1.0,0.0,0.0,291.0
2026-07-20 15:52:31.152,0.0,,,,,28.68,927.9,19.0,-40.0,0.0,1.0,0.0,0.0,291.0
2026-07-20 15:52:31.352,0.0,,,,,28.68,927.9,19.0,-40.0,0.0,1.0,0.0,0.0,291.0
2026-07-20 15:52:31.614,0.0,,,,,28.65,927.8,18.6,-40.0,0.0,1.0,0.0,0.0,292.0
2026-07-20 15:52:31.784,0.0,,,,,28.65,927.8,18.6,-40.0,0.0,1.0,0.0,0.0,292.0
2026-07-20 15:52:31.952,0.0,,,,,28.65,927.8,18.6,-40.0,0.0,1.0,0.0,0.0,292.0
2026-07-20 15:52:32.152,0.0,,,,,28.67,927.8,18.8,-40.0,0.0,1.0,0.0,0.0,292.0
2026-07-20 15:52:32.352,0.0,,,,,28.67,927.8,18.8,-40.0,0.0,1.0,0.0,0.0,292.0
2026-07-20 15:52:32.614,0.0,,,,,28.67,927.9,18.8,-40.0,0.0,1.0,0.0,0.0,293.0
2026-07-20 15:52:32.752,0.0,,,,,28.67,927.9,18.8,-40.0,0.0,1.0,0.0,0.0,293.0
2026-07-20 15:52:32.952,0.0,,,,,28.67,927.9,18.8,-40.0,0.0,1.0,0.0,0.0,293.0
2026-07-20 15:52:33.153,0.0,,,,,28.67,927.8,18.8,-40.0,0.0,1.0,0.0,0.0,293.0
2026-07-20 15:52:33.357,0.0,,,,,28.67,927.8,18.8,-40.0,0.0,1.0,0.0,0.0,293.0
2026-07-20 15:52:33.614,0.0,,,,,28.67,927.8,18.7,-40.0,0.0,1.0,0.0,0.0,294.0
2026-07-20 15:52:33.781,0.0,,,,,28.67,927.8,18.7,-40.0,0.0,1.0,0.0,0.0,294.0
2026-07-20 15:52:33.952,0.0,,,,,28.67,927.8,18.7,-40.0,0.0,1.0,0.0,0.0,294.0
2026-07-20 15:52:34.152,0.0,,,,,28.67,927.8,18.9,-40.0,0.0,1.0,0.0,0.0,294.0
2026-07-20 15:52:34.352,0.0,,,,,28.67,927.8,18.9,-40.0,0.0,1.0,0.0,0.0,294.0
2026-07-20 15:52:34.614,0.0,,,,,28.67,927.8,18.5,-40.0,0.0,1.0,0.0,0.0,295.0
2026-07-20 15:52:34.753,0.0,,,,,28.67,927.8,18.5,-40.0,0.0,1.0,0.0,0.0,295.0
2026-07-20 15:52:34.952,0.0,,,,,28.67,927.8,18.5,-40.0,0.0,1.0,0.0,0.0,295.0
2026-07-20 15:52:35.152,0.0,,,,,28.68,927.8,18.6,-40.0,0.0,1.0,0.0,0.0,295.0
2026-07-20 15:52:35.353,0.0,,,,,28.68,927.8,18.6,-40.0,0.0,1.0,0.0,0.0,295.0
2026-07-20 15:52:35.614,0.0,,,,,28.67,927.8,18.7,-40.0,0.0,1.0,0.0,0.0,296.0
2026-07-20 15:52:35.766,0.0,,,,,28.67,927.8,18.7,-40.0,0.0,1.0,0.0,0.0,296.0
2026-07-20 15:52:35.952,0.0,,,,,28.67,927.8,18.7,-40.0,0.0,1.0,0.0,0.0,296.0
2026-07-20 15:52:36.152,0.0,,,,,28.67,927.8,19.2,-40.0,0.0,1.0,0.0,0.0,296.0
2026-07-20 15:52:36.352,0.0,,,,,28.67,927.8,19.2,-40.0,0.0,1.0,0.0,0.0,296.0
2026-07-20 15:52:36.614,0.0,,,,,28.67,927.8,18.8,-40.0,0.0,1.0,0.0,0.0,297.0
2026-07-20 15:52:36.753,0.0,,,,,28.67,927.8,18.8,-40.0,0.0,1.0,0.0,0.0,297.0
2026-07-20 15:52:36.952,0.0,,,,,28.67,927.8,18.8,-40.0,0.0,1.0,0.0,0.0,297.0
2026-07-20 15:52:37.152,0.0,,,,,28.68,927.8,18.7,-40.0,0.0,1.0,0.0,0.0,297.0
2026-07-20 15:52:37.352,0.0,,,,,28.68,927.8,18.7,-40.0,0.0,1.0,0.0,0.0,297.0
2026-07-20 15:52:37.614,0.0,,,,,28.67,927.8,18.9,-40.0,0.0,1.0,0.0,0.0,298.0
2026-07-20 15:52:37.786,0.0,,,,,28.67,927.8,18.9,-40.0,0.0,1.0,0.0,0.0,298.0
2026-07-20 15:52:37.952,0.0,,,,,28.67,927.8,18.9,-40.0,0.0,1.0,0.0,0.0,298.0
2026-07-20 15:52:38.152,0.0,,,,,28.68,927.8,18.8,-40.0,0.0,1.0,0.0,0.0,298.0
2026-07-20 15:52:38.353,0.0,,,,,28.68,927.8,18.8,-40.0,0.0,1.0,0.0,0.0,298.0
2026-07-20 15:52:38.614,0.0,,,,,28.67,927.8,18.6,-40.0,0.0,1.0,0.0,0.0,299.0
2026-07-20 15:52:38.777,0.0,,,,,28.67,927.8,18.6,-40.0,0.0,1.0,0.0,0.0,299.0
2026-07-20 15:52:38.952,0.0,,,,,28.67,927.8,18.6,-40.0,0.0,1.0,0.0,0.0,299.0
2026-07-20 15:52:39.152,0.0,,,,,28.67,927.9,18.3,-40.0,0.0,1.0,0.0,0.0,299.0
2026-07-20 15:52:39.353,0.0,,,,,28.67,927.9,18.3,-40.0,0.0,1.0,0.0,0.0,299.0
2026-07-20 15:52:39.615,0.0,,,,,28.67,927.8,18.8,-40.0,0.0,1.0,0.0,0.0,300.0
2026-07-20 15:52:39.752,0.0,,,,,28.67,927.8,18.8,-40.0,0.0,1.0,0.0,0.0,300.0
2026-07-20 15:52:39.952,0.0,,,,,28.67,927.8,18.8,-40.0,0.0,1.0,0.0,0.0,300.0
2026-07-20 15:52:40.152,0.0,,,,,28.67,927.9,18.9,-40.0,0.0,1.0,0.0,0.0,300.0
2026-07-20 15:52:40.362,0.0,,,,,28.67,927.9,18.9,-40.0,0.0,1.0,0.0,0.0,300.0
2026-07-20 15:52:40.614,0.0,,,,,28.68,927.8,18.7,-40.0,0.0,1.0,0.0,0.0,301.0
2026-07-20 15:52:40.765,0.0,,,,,28.68,927.8,18.7,-40.0,0.0,1.0,0.0,0.0,301.0
2026-07-20 15:52:40.953,0.0,,,,,28.68,927.8,18.7,-40.0,0.0,1.0,0.0,0.0,301.0
2026-07-20 15:52:41.153,0.0,,,,,28.65,927.8,18.8,-40.0,0.0,1.0,0.0,0.0,301.0
2026-07-20 15:52:41.372,0.0,,,,,28.65,927.8,18.8,-40.0,0.0,1.0,0.0,0.0,301.0
2026-07-20 15:52:41.614,0.0,,,,,28.65,927.8,18.8,-40.0,0.0,1.0,0.0,0.0,302.0
2026-07-20 15:52:41.769,0.0,,,,,28.65,927.8,18.8,-40.0,0.0,1.0,0.0,0.0,302.0
2026-07-20 15:52:41.953,0.0,,,,,28.65,927.8,18.8,-40.0,0.0,1.0,0.0,0.0,302.0
2026-07-20 15:52:42.152,0.0,,,,,28.65,927.8,18.6,-40.0,0.0,1.0,0.0,0.0,302.0
2026-07-20 15:52:42.352,0.0,,,,,28.65,927.8,18.6,-40.0,0.0,1.0,0.0,0.0,302.0
2026-07-20 15:52:42.614,0.0,,,,,28.67,927.8,18.5,-40.0,0.0,1.0,0.0,0.0,303.0
2026-07-20 15:52:42.791,0.0,,,,,28.67,927.8,18.5,-40.0,0.0,1.0,0.0,0.0,303.0
2026-07-20 15:52:42.952,0.0,,,,,28.67,927.8,18.5,-40.0,0.0,1.0,0.0,0.0,303.0
2026-07-20 15:52:43.152,0.0,,,,,28.65,927.8,18.9,-40.0,0.0,1.0,0.0,0.0,303.0
2026-07-20 15:52:43.371,0.0,,,,,28.65,927.8,18.9,-40.0,0.0,1.0,0.0,0.0,303.0
2026-07-20 15:52:43.614,0.0,,,,,28.65,927.8,19.0,-40.0,0.0,1.0,0.0,0.0,304.0
2026-07-20 15:52:43.779,0.0,,,,,28.65,927.8,19.0,-40.0,0.0,1.0,0.0,0.0,304.0
2026-07-20 15:52:43.952,0.0,,,,,28.65,927.8,19.0,-40.0,0.0,1.0,0.0,0.0,304.0
2026-07-20 15:52:44.152,0.0,,,,,28.67,927.9,18.6,-40.0,0.0,1.0,0.0,0.0,304.0
2026-07-20 15:52:44.352,0.0,,,,,28.67,927.9,18.6,-40.0,0.0,1.0,0.0,0.0,304.0
2026-07-20 15:52:44.613,0.0,,,,,28.67,927.8,18.4,-40.0,0.0,1.0,0.0,0.0,305.0
2026-07-20 15:52:44.778,0.0,,,,,28.67,927.8,18.4,-40.0,0.0,1.0,0.0,0.0,305.0
2026-07-20 15:52:44.952,0.0,,,,,28.67,927.8,18.4,-40.0,0.0,1.0,0.0,0.0,305.0
2026-07-20 15:52:45.152,0.0,,,,,28.67,927.8,18.5,-40.0,0.0,1.0,0.0,0.0,305.0
2026-07-20 15:52:45.352,0.0,,,,,28.67,927.8,18.5,-40.0,0.0,1.0,0.0,0.0,305.0
2026-07-20 15:52:45.613,0.0,,,,,28.67,927.8,18.2,-40.0,0.0,1.0,0.0,0.0,306.0
2026-07-20 15:52:45.778,0.0,,,,,28.67,927.8,18.2,-40.0,0.0,1.0,0.0,0.0,306.0
2026-07-20 15:52:45.952,0.0,,,,,28.67,927.8,18.2,-40.0,0.0,1.0,0.0,0.0,306.0
2026-07-20 15:52:46.152,0.0,,,,,28.68,927.8,18.5,-40.0,0.0,1.0,0.0,0.0,306.0
2026-07-20 15:52:46.352,0.0,,,,,28.68,927.8,18.5,-40.0,0.0,1.0,0.0,0.0,306.0
2026-07-20 15:52:46.614,0.0,,,,,28.67,927.8,18.6,-40.0,0.0,1.0,0.0,0.0,307.0
2026-07-20 15:52:46.791,0.0,,,,,28.67,927.8,18.6,-40.0,0.0,1.0,0.0,0.0,307.0
2026-07-20 15:52:46.951,0.0,,,,,28.67,927.8,18.6,-40.0,0.0,1.0,0.0,0.0,307.0
2026-07-20 15:52:47.152,0.0,,,,,28.67,927.8,18.8,-40.0,0.0,1.0,0.0,0.0,307.0
2026-07-20 15:52:47.386,0.0,,,,,28.67,927.8,18.8,-40.0,0.0,1.0,0.0,0.0,307.0
2026-07-20 15:52:47.613,0.0,,,,,28.67,927.8,18.5,-40.0,0.0,1.0,0.0,0.0,308.0
2026-07-20 15:52:47.752,0.0,,,,,28.67,927.8,18.5,-40.0,0.0,1.0,0.0,0.0,308.0
2026-07-20 15:52:47.952,0.0,,,,,28.67,927.8,18.5,-40.0,0.0,1.0,0.0,0.0,308.0
2026-07-20 15:52:48.152,0.0,,,,,28.65,927.8,18.8,-40.0,0.0,1.0,0.0,0.0,308.0
2026-07-20 15:52:48.352,0.0,,,,,28.65,927.8,18.8,-40.0,0.0,1.0,0.0,0.0,308.0
2026-07-20 15:52:48.614,0.0,,,,,28.65,927.8,18.4,-40.0,0.0,1.0,0.0,0.0,309.0
2026-07-20 15:52:48.752,0.0,,,,,28.65,927.8,18.4,-40.0,0.0,1.0,0.0,0.0,309.0
2026-07-20 15:52:48.952,0.0,,,,,28.65,927.8,18.4,-40.0,0.0,1.0,0.0,0.0,309.0
2026-07-20 15:52:49.157,0.0,,,,,28.67,927.8,18.7,-40.0,0.0,1.0,0.0,0.0,309.0
2026-07-20 15:52:49.352,0.0,,,,,28.67,927.8,18.7,-40.0,0.0,1.0,0.0,0.0,309.0
2026-07-20 15:52:49.613,0.0,,,,,28.65,927.8,18.8,-40.0,0.0,1.0,0.0,0.0,310.0
2026-07-20 15:52:49.769,0.0,,,,,28.65,927.8,18.8,-40.0,0.0,1.0,0.0,0.0,310.0
2026-07-20 15:52:49.952,0.0,,,,,28.65,927.8,18.8,-40.0,0.0,1.0,0.0,0.0,310.0
2026-07-20 15:52:50.152,0.0,,,,,28.65,927.8,19.2,-40.0,0.0,1.0,0.0,0.0,310.0
2026-07-20 15:52:50.389,0.0,,,,,28.65,927.8,19.2,-40.0,0.0,1.0,0.0,0.0,310.0
2026-07-20 15:52:50.614,0.0,,,,,28.67,927.8,18.3,-40.0,0.0,1.0,0.0,0.0,311.0
2026-07-20 15:52:50.784,0.0,,,,,28.67,927.8,18.3,-40.0,0.0,1.0,0.0,0.0,311.0
2026-07-20 15:52:50.952,0.0,,,,,28.67,927.8,18.3,-40.0,0.0,1.0,0.0,0.0,311.0
2026-07-20 15:52:51.152,0.0,,,,,28.65,927.7,18.5,-40.0,0.0,1.0,0.0,0.0,311.0
2026-07-20 15:52:51.352,0.0,,,,,28.65,927.7,18.5,-40.0,0.0,1.0,0.0,0.0,311.0
2026-07-20 15:52:51.614,0.0,,,,,28.67,927.8,18.7,-40.0,0.0,1.0,0.0,0.0,312.0
2026-07-20 15:52:51.781,0.0,,,,,28.67,927.8,18.7,-40.0,0.0,1.0,0.0,0.0,312.0
2026-07-20 15:52:51.952,0.0,,,,,28.67,927.8,18.7,-40.0,0.0,1.0,0.0,0.0,312.0
2026-07-20 15:52:52.152,0.0,,,,,28.65,927.8,18.5,-40.0,0.0,1.0,0.0,0.0,312.0
2026-07-20 15:52:52.352,0.0,,,,,28.65,927.8,18.5,-40.0,0.0,1.0,0.0,0.0,312.0
2026-07-20 15:52:52.613,0.0,,,,,28.67,927.8,18.8,-40.0,0.0,1.0,0.0,0.0,313.0
2026-07-20 15:52:52.756,0.0,,,,,28.67,927.8,18.8,-40.0,0.0,1.0,0.0,0.0,313.0
2026-07-20 15:52:52.951,0.0,,,,,28.67,927.8,18.8,-40.0,0.0,1.0,0.0,0.0,313.0
2026-07-20 15:52:53.153,0.0,,,,,28.67,927.8,18.8,-40.0,0.0,1.0,0.0,0.0,313.0
2026-07-20 15:52:53.352,0.0,,,,,28.67,927.8,18.8,-40.0,0.0,1.0,0.0,0.0,313.0
2026-07-20 15:52:53.614,0.0,,,,,28.65,927.8,18.9,-40.0,0.0,1.0,0.0,0.0,314.0
2026-07-20 15:52:53.778,0.0,,,,,28.65,927.8,18.9,-40.0,0.0,1.0,0.0,0.0,314.0
2026-07-20 15:52:53.952,0.0,,,,,28.65,927.8,18.9,-40.0,0.0,1.0,0.0,0.0,314.0
2026-07-20 15:52:54.152,0.0,,,,,28.67,927.9,18.5,-40.0,0.0,1.0,0.0,0.0,314.0
2026-07-20 15:52:54.351,0.0,,,,,28.67,927.9,18.5,-40.0,0.0,1.0,0.0,0.0,314.0
2026-07-20 15:52:54.614,0.0,,,,,28.67,927.8,18.5,-40.0,0.0,1.0,0.0,0.0,315.0
2026-07-20 15:52:54.766,0.0,,,,,28.67,927.8,18.5,-40.0,0.0,1.0,0.0,0.0,315.0
2026-07-20 15:52:54.952,0.0,,,,,28.67,927.8,18.5,-40.0,0.0,1.0,0.0,0.0,315.0
2026-07-20 15:52:55.153,0.0,,,,,28.67,927.8,18.8,-40.0,0.0,1.0,0.0,0.0,315.0
2026-07-20 15:52:55.351,0.0,,,,,28.67,927.8,18.8,-40.0,0.0,1.0,0.0,0.0,315.0
2026-07-20 15:52:55.614,0.0,,,,,28.65,927.8,18.7,-40.0,0.0,1.0,0.0,0.0,316.0
2026-07-20 15:52:55.761,0.0,,,,,28.65,927.8,18.7,-40.0,0.0,1.0,0.0,0.0,316.0
2026-07-20 15:52:55.952,0.0,,,,,28.65,927.8,18.7,-40.0,0.0,1.0,0.0,0.0,316.0
2026-07-20 15:52:56.152,0.0,,,,,28.65,927.8,18.7,-40.0,0.0,1.0,0.0,0.0,316.0
2026-07-20 15:52:56.352,0.0,,,,,28.65,927.8,18.7,-40.0,0.0,1.0,0.0,0.0,316.0
2026-07-20 15:52:56.614,0.0,,,,,28.65,927.8,18.6,-40.0,0.0,1.0,0.0,0.0,317.0
2026-07-20 15:52:56.779,0.0,,,,,28.65,927.8,18.6,-40.0,0.0,1.0,0.0,0.0,317.0
2026-07-20 15:52:56.952,0.0,,,,,28.65,927.8,18.6,-40.0,0.0,1.0,0.0,0.0,317.0
2026-07-20 15:52:57.152,0.0,,,,,28.65,927.8,18.7,-40.0,0.0,1.0,0.0,0.0,317.0
2026-07-20 15:52:57.352,0.0,,,,,28.65,927.8,18.7,-40.0,0.0,1.0,0.0,0.0,317.0
2026-07-20 15:52:57.613,0.0,,,,,28.65,927.7,18.7,-40.0,0.0,1.0,0.0,0.0,318.0
2026-07-20 15:52:57.752,0.0,,,,,28.65,927.7,18.7,-40.0,0.0,1.0,0.0,0.0,318.0
2026-07-20 15:52:57.951,0.0,,,,,28.65,927.7,18.7,-40.0,0.0,1.0,0.0,0.0,318.0
2026-07-20 15:52:58.152,0.0,,,,,28.65,927.8,18.3,-40.0,0.0,1.0,0.0,0.0,318.0
2026-07-20 15:52:58.352,0.0,,,,,28.65,927.8,18.3,-40.0,0.0,1.0,0.0,0.0,318.0
2026-07-20 15:52:58.614,0.0,,,,,28.65,927.8,18.3,-40.0,0.0,1.0,0.0,0.0,319.0
2026-07-20 15:52:58.774,0.0,,,,,28.65,927.8,18.3,-40.0,0.0,1.0,0.0,0.0,319.0
2026-07-20 15:52:58.951,0.0,,,,,28.65,927.8,18.3,-40.0,0.0,1.0,0.0,0.0,319.0
2026-07-20 15:52:59.152,0.0,,,,,28.65,927.8,18.5,-40.0,0.0,1.0,0.0,0.0,319.0
2026-07-20 15:52:59.352,0.0,,,,,28.65,927.8,18.5,-40.0,0.0,1.0,0.0,0.0,319.0
2026-07-20 15:52:59.614,0.0,,,,,28.67,927.8,18.6,-40.0,0.0,1.0,0.0,0.0,320.0
2026-07-20 15:52:59.752,0.0,,,,,28.67,927.8,18.6,-40.0,0.0,1.0,0.0,0.0,320.0
2026-07-20 15:52:59.952,0.0,,,,,28.67,927.8,18.6,-40.0,0.0,1.0,0.0,0.0,320.0
2026-07-20 15:53:00.151,0.0,,,,,28.67,927.8,18.5,-40.0,0.0,1.0,0.0,0.0,320.0
2026-07-20 15:53:00.351,0.0,,,,,28.67,927.8,18.5,-40.0,0.0,1.0,0.0,0.0,320.0
2026-07-20 15:53:00.614,0.0,,,,,28.65,927.7,18.3,-40.0,0.0,1.0,0.0,0.0,321.0
2026-07-20 15:53:00.770,0.0,,,,,28.65,927.7,18.3,-40.0,0.0,1.0,0.0,0.0,321.0
2026-07-20 15:53:00.952,0.0,,,,,28.65,927.7,18.3,-40.0,0.0,1.0,0.0,0.0,321.0
2026-07-20 15:53:01.152,0.0,,,,,28.67,927.8,19.2,-40.0,0.0,1.0,0.0,0.0,321.0
2026-07-20 15:53:01.353,0.0,,,,,28.67,927.8,19.2,-40.0,0.0,1.0,0.0,0.0,321.0
2026-07-20 15:53:01.614,0.0,,,,,28.67,927.8,18.7,-40.0,0.0,1.0,0.0,0.0,322.0
2026-07-20 15:53:01.775,0.0,,,,,28.67,927.8,18.7,-40.0,0.0,1.0,0.0,0.0,322.0
2026-07-20 15:53:01.952,0.0,,,,,28.67,927.8,18.7,-40.0,0.0,1.0,0.0,0.0,322.0
2026-07-20 15:53:02.152,0.0,,,,,28.67,927.8,18.6,-40.0,0.0,1.0,0.0,0.0,322.0
2026-07-20 15:53:02.352,0.0,,,,,28.67,927.8,18.6,-40.0,0.0,1.0,0.0,0.0,322.0
2026-07-20 15:53:02.613,0.0,,,,,28.65,927.8,18.4,-40.0,0.0,1.0,0.0,0.0,323.0
2026-07-20 15:53:02.752,0.0,,,,,28.65,927.8,18.4,-40.0,0.0,1.0,0.0,0.0,323.0
2026-07-20 15:53:02.951,0.0,,,,,28.65,927.8,18.4,-40.0,0.0,1.0,0.0,0.0,323.0
2026-07-20 15:53:03.152,0.0,,,,,28.67,927.8,18.1,-40.0,0.0,1.0,0.0,0.0,323.0
2026-07-20 15:53:03.351,0.0,,,,,28.67,927.8,18.1,-40.0,0.0,1.0,0.0,0.0,323.0
2026-07-20 15:53:03.613,0.0,,,,,28.67,927.8,18.3,-40.0,0.0,1.0,0.0,0.0,324.0
2026-07-20 15:53:03.761,0.0,,,,,28.67,927.8,18.3,-40.0,0.0,1.0,0.0,0.0,324.0
2026-07-20 15:53:03.951,0.0,,,,,28.67,927.8,18.3,-40.0,0.0,1.0,0.0,0.0,324.0
2026-07-20 15:53:04.152,0.0,,,,,28.65,927.8,18.5,-40.0,0.0,1.0,0.0,0.0,324.0
2026-07-20 15:53:04.351,0.0,,,,,28.65,927.8,18.5,-40.0,0.0,1.0,0.0,0.0,324.0
2026-07-20 15:53:04.613,0.0,,,,,28.67,927.8,18.1,-40.0,0.0,1.0,0.0,0.0,325.0
2026-07-20 15:53:04.772,0.0,,,,,28.67,927.8,18.1,-40.0,0.0,1.0,0.0,0.0,325.0
2026-07-20 15:53:04.951,0.0,,,,,28.67,927.8,18.1,-40.0,0.0,1.0,0.0,0.0,325.0
2026-07-20 15:53:05.153,0.0,,,,,28.65,927.8,18.6,-40.0,0.0,1.0,0.0,0.0,325.0
2026-07-20 15:53:05.388,0.0,,,,,28.65,927.8,18.6,-40.0,0.0,1.0,0.0,0.0,325.0
2026-07-20 15:53:05.613,0.0,,,,,28.67,927.8,18.9,-40.0,0.0,1.0,0.0,0.0,326.0
2026-07-20 15:53:05.752,0.0,,,,,28.67,927.8,18.9,-40.0,0.0,1.0,0.0,0.0,326.0
2026-07-20 15:53:05.951,0.0,,,,,28.67,927.8,18.9,-40.0,0.0,1.0,0.0,0.0,326.0
2026-07-20 15:53:06.152,0.0,,,,,28.65,927.8,18.6,-40.0,0.0,1.0,0.0,0.0,326.0
2026-07-20 15:53:06.352,0.0,,,,,28.65,927.8,18.6,-40.0,0.0,1.0,0.0,0.0,326.0
2026-07-20 15:53:06.613,0.0,,,,,28.67,927.8,18.2,-40.0,0.0,1.0,0.0,0.0,327.0
2026-07-20 15:53:06.781,0.0,,,,,28.67,927.8,18.2,-40.0,0.0,1.0,0.0,0.0,327.0
2026-07-20 15:53:06.951,0.0,,,,,28.67,927.8,18.2,-40.0,0.0,1.0,0.0,0.0,327.0
2026-07-20 15:53:07.151,0.0,,,,,28.67,927.8,18.6,-40.0,0.0,1.0,0.0,0.0,327.0
2026-07-20 15:53:07.352,0.0,,,,,28.67,927.8,18.6,-40.0,0.0,1.0,0.0,0.0,327.0
2026-07-20 15:53:07.613,0.0,,,,,28.67,927.8,18.2,-40.0,0.0,1.0,0.0,0.0,328.0
2026-07-20 15:53:07.780,0.0,,,,,28.67,927.8,18.2,-40.0,0.0,1.0,0.0,0.0,328.0
2026-07-20 15:53:07.951,0.0,,,,,28.67,927.8,18.2,-40.0,0.0,1.0,0.0,0.0,328.0
2026-07-20 15:53:08.151,0.0,,,,,28.65,927.8,18.6,-40.0,0.0,1.0,0.0,0.0,328.0
2026-07-20 15:53:08.351,0.0,,,,,28.65,927.8,18.6,-40.0,0.0,1.0,0.0,0.0,328.0
2026-07-20 15:53:08.613,0.0,,,,,28.67,927.8,18.7,-40.0,0.0,1.0,0.0,0.0,329.0
2026-07-20 15:53:08.752,0.0,,,,,28.67,927.8,18.7,-40.0,0.0,1.0,0.0,0.0,329.0
2026-07-20 15:53:08.951,0.0,,,,,28.67,927.8,18.7,-40.0,0.0,1.0,0.0,0.0,329.0
2026-07-20 15:53:09.152,0.0,,,,,28.67,927.8,18.7,-40.0,0.0,1.0,0.0,0.0,329.0
2026-07-20 15:53:09.351,0.0,,,,,28.67,927.8,18.7,-40.0,0.0,1.0,0.0,0.0,329.0
2026-07-20 15:53:09.613,0.0,,,,,28.67,927.8,18.4,-40.0,0.0,1.0,0.0,0.0,330.0
2026-07-20 15:53:09.774,0.0,,,,,28.67,927.8,18.4,-40.0,0.0,1.0,0.0,0.0,330.0
2026-07-20 15:53:09.952,0.0,,,,,28.67,927.8,18.4,-40.0,0.0,1.0,0.0,0.0,330.0
2026-07-20 15:53:10.152,0.0,,,,,28.67,927.8,19.0,-40.0,0.0,1.0,0.0,0.0,330.0
2026-07-20 15:53:10.371,0.0,,,,,28.67,927.8,19.0,-40.0,0.0,1.0,0.0,0.0,330.0
2026-07-20 15:53:10.613,0.0,,,,,28.67,927.8,18.8,-40.0,0.0,1.0,0.0,0.0,331.0
2026-07-20 15:53:10.752,0.0,,,,,28.67,927.8,18.8,-40.0,0.0,1.0,0.0,0.0,331.0
2026-07-20 15:53:10.952,0.0,,,,,28.67,927.8,18.8,-40.0,0.0,1.0,0.0,0.0,331.0
2026-07-20 15:53:11.151,0.0,,,,,28.65,927.8,18.8,-40.0,0.0,1.0,0.0,0.0,331.0
2026-07-20 15:53:11.351,0.0,,,,,28.65,927.8,18.8,-40.0,0.0,1.0,0.0,0.0,331.0
2026-07-20 15:53:11.613,0.0,,,,,28.67,927.8,18.9,-40.0,0.0,1.0,0.0,0.0,332.0
2026-07-20 15:53:11.752,0.0,,,,,28.67,927.8,18.9,-40.0,0.0,1.0,0.0,0.0,332.0
2026-07-20 15:53:11.951,0.0,,,,,28.67,927.8,18.9,-40.0,0.0,1.0,0.0,0.0,332.0
2026-07-20 15:53:12.152,0.0,,,,,28.67,927.8,18.6,-40.0,0.0,1.0,0.0,0.0,332.0
2026-07-20 15:53:12.352,0.0,,,,,28.67,927.8,18.6,-40.0,0.0,1.0,0.0,0.0,332.0
2026-07-20 15:53:12.613,0.0,,,,,28.67,927.7,18.3,-40.0,0.0,1.0,0.0,0.0,333.0
2026-07-20 15:53:12.752,0.0,,,,,28.67,927.7,18.3,-40.0,0.0,1.0,0.0,0.0,333.0
2026-07-20 15:53:12.952,0.0,,,,,28.67,927.7,18.3,-40.0,0.0,1.0,0.0,0.0,333.0
2026-07-20 15:53:13.151,0.0,,,,,28.65,927.8,18.6,-40.0,0.0,1.0,0.0,0.0,333.0
2026-07-20 15:53:13.351,0.0,,,,,28.65,927.8,18.6,-40.0,0.0,1.0,0.0,0.0,333.0
2026-07-20 15:53:13.613,0.0,,,,,28.67,927.8,18.9,-40.0,0.0,1.0,0.0,0.0,334.0
2026-07-20 15:53:13.780,0.0,,,,,28.67,927.8,18.9,-40.0,0.0,1.0,0.0,0.0,334.0
2026-07-20 15:53:13.951,0.0,,,,,28.67,927.8,18.9,-40.0,0.0,1.0,0.0,0.0,334.0
2026-07-20 15:53:14.153,0.0,,,,,28.67,927.8,18.5,-40.0,0.0,1.0,0.0,0.0,334.0
2026-07-20 15:53:14.373,0.0,,,,,28.67,927.8,18.5,-40.0,0.0,1.0,0.0,0.0,334.0
2026-07-20 15:53:14.613,0.0,,,,,28.65,927.7,18.6,-40.0,0.0,1.0,0.0,0.0,335.0
2026-07-20 15:53:14.751,0.0,,,,,28.65,927.7,18.6,-40.0,0.0,1.0,0.0,0.0,335.0
2026-07-20 15:53:14.951,0.0,,,,,28.65,927.7,18.6,-40.0,0.0,1.0,0.0,0.0,335.0
2026-07-20 15:53:15.151,0.0,,,,,28.67,927.8,18.5,-40.0,0.0,1.0,0.0,0.0,335.0
2026-07-20 15:53:15.352,0.0,,,,,28.67,927.8,18.5,-40.0,0.0,1.0,0.0,0.0,335.0
2026-07-20 15:53:15.613,0.0,,,,,28.65,927.8,18.3,-40.0,0.0,1.0,0.0,0.0,336.0
2026-07-20 15:53:15.752,0.0,,,,,28.65,927.8,18.3,-40.0,0.0,1.0,0.0,0.0,336.0
2026-07-20 15:53:15.951,0.0,,,,,28.65,927.8,18.3,-40.0,0.0,1.0,0.0,0.0,336.0
2026-07-20 15:53:16.151,0.0,,,,,28.67,927.8,18.6,-40.0,0.0,1.0,0.0,0.0,336.0
2026-07-20 15:53:16.351,0.0,,,,,28.67,927.8,18.6,-40.0,0.0,1.0,0.0,0.0,336.0
2026-07-20 15:53:16.614,0.0,,,,,28.65,927.8,18.4,-40.0,0.0,1.0,0.0,0.0,337.0
2026-07-20 15:53:16.752,0.0,,,,,28.65,927.8,18.4,-40.0,0.0,1.0,0.0,0.0,337.0
2026-07-20 15:53:16.951,0.0,,,,,28.65,927.8,18.4,-40.0,0.0,1.0,0.0,0.0,337.0
2026-07-20 15:53:17.151,0.0,,,,,28.67,927.8,18.2,-40.0,0.0,1.0,0.0,0.0,337.0
2026-07-20 15:53:17.351,0.0,,,,,28.67,927.8,18.2,-40.0,0.0,1.0,0.0,0.0,337.0
2026-07-20 15:53:17.613,0.0,,,,,28.65,927.8,18.8,-40.0,0.0,1.0,0.0,0.0,338.0
2026-07-20 15:53:17.752,0.0,,,,,28.65,927.8,18.8,-40.0,0.0,1.0,0.0,0.0,338.0
2026-07-20 15:53:17.954,0.0,,,,,28.65,927.8,18.8,-40.0,0.0,1.0,0.0,0.0,338.0
2026-07-20 15:53:18.151,0.0,,,,,28.67,927.7,18.6,-40.0,0.0,1.0,0.0,0.0,338.0
2026-07-20 15:53:18.351,0.0,,,,,28.67,927.7,18.6,-40.0,0.0,1.0,0.0,0.0,338.0
2026-07-20 15:53:18.613,0.0,,,,,28.67,927.7,18.5,-40.0,0.0,1.0,0.0,0.0,339.0
2026-07-20 15:53:18.751,0.0,,,,,28.67,927.7,18.5,-40.0,0.0,1.0,0.0,0.0,339.0
2026-07-20 15:53:18.963,0.0,,,,,28.67,927.7,18.5,-40.0,0.0,1.0,0.0,0.0,339.0
2026-07-20 15:53:19.151,0.0,,,,,28.67,927.8,18.5,-40.0,0.0,1.0,0.0,0.0,339.0
2026-07-20 15:53:19.351,0.0,,,,,28.67,927.8,18.5,-40.0,0.0,1.0,0.0,0.0,339.0
2026-07-20 15:53:19.612,0.0,,,,,28.67,927.8,18.9,-40.0,0.0,1.0,0.0,0.0,340.0
2026-07-20 15:53:19.751,0.0,,,,,28.67,927.8,18.9,-40.0,0.0,1.0,0.0,0.0,340.0
2026-07-20 15:53:19.951,0.0,,,,,28.67,927.8,18.9,-40.0,0.0,1.0,0.0,0.0,340.0
2026-07-20 15:53:20.151,0.0,,,,,28.67,927.8,18.6,-40.0,0.0,1.0,0.0,0.0,340.0
2026-07-20 15:53:20.351,0.0,,,,,28.67,927.8,18.6,-40.0,0.0,1.0,0.0,0.0,340.0
2026-07-20 15:53:20.612,0.0,,,,,28.65,927.7,18.6,-40.0,0.0,1.0,0.0,0.0,341.0
2026-07-20 15:53:20.751,0.0,,,,,28.65,927.7,18.6,-40.0,0.0,1.0,0.0,0.0,341.0
2026-07-20 15:53:20.951,0.0,,,,,28.65,927.7,18.6,-40.0,0.0,1.0,0.0,0.0,341.0
2026-07-20 15:53:21.152,0.0,,,,,28.67,927.8,18.6,-40.0,0.0,1.0,0.0,0.0,341.0
2026-07-20 15:53:21.352,0.0,,,,,28.67,927.8,18.6,-40.0,0.0,1.0,0.0,0.0,341.0
2026-07-20 15:53:21.612,0.0,,,,,28.67,927.7,18.5,-40.0,0.0,1.0,0.0,0.0,342.0
2026-07-20 15:53:21.751,0.0,,,,,28.67,927.7,18.5,-40.0,0.0,1.0,0.0,0.0,342.0
2026-07-20 15:53:21.951,0.0,,,,,28.67,927.7,18.5,-40.0,0.0,1.0,0.0,0.0,342.0
2026-07-20 15:53:22.152,0.0,,,,,28.65,927.8,19.1,-40.0,0.0,1.0,0.0,0.0,342.0
2026-07-20 15:53:22.352,0.0,,,,,28.65,927.8,19.1,-40.0,0.0,1.0,0.0,0.0,342.0
2026-07-20 15:53:22.612,0.0,,,,,28.65,927.8,18.0,-40.0,0.0,1.0,0.0,0.0,343.0
2026-07-20 15:53:22.771,0.0,,,,,28.65,927.8,18.0,-40.0,0.0,1.0,0.0,0.0,343.0
2026-07-20 15:53:22.951,0.0,,,,,28.65,927.8,18.0,-40.0,0.0,1.0,0.0,0.0,343.0
2026-07-20 15:53:23.152,0.0,,,,,28.65,927.8,18.7,-40.0,0.0,1.0,0.0,0.0,343.0
2026-07-20 15:53:23.372,0.0,,,,,28.65,927.8,18.7,-40.0,0.0,1.0,0.0,0.0,343.0
2026-07-20 15:53:23.613,0.0,,,,,28.67,927.7,18.5,-40.0,0.0,1.0,0.0,0.0,344.0
2026-07-20 15:53:23.777,0.0,,,,,28.67,927.7,18.5,-40.0,0.0,1.0,0.0,0.0,344.0
2026-07-20 15:53:23.951,0.0,,,,,28.67,927.7,18.5,-40.0,0.0,1.0,0.0,0.0,344.0
2026-07-20 15:53:24.151,0.0,,,,,28.67,927.7,18.9,-40.0,0.0,1.0,0.0,0.0,344.0
2026-07-20 15:53:24.352,0.0,,,,,28.67,927.7,18.9,-40.0,0.0,1.0,0.0,0.0,344.0
2026-07-20 15:53:24.613,0.0,,,,,28.67,927.7,18.6,-40.0,0.0,1.0,0.0,0.0,345.0
2026-07-20 15:53:24.750,0.0,,,,,28.67,927.7,18.6,-40.0,0.0,1.0,0.0,0.0,345.0
2026-07-20 15:53:24.952,0.0,,,,,28.67,927.7,18.6,-40.0,0.0,1.0,0.0,0.0,345.0
2026-07-20 15:53:25.151,0.0,,,,,28.65,927.7,18.9,-40.0,0.0,1.0,0.0,0.0,345.0
2026-07-20 15:53:25.375,0.0,,,,,28.65,927.7,18.9,-40.0,0.0,1.0,0.0,0.0,345.0
2026-07-20 15:53:25.613,0.0,,,,,28.67,927.8,18.5,-40.0,0.0,1.0,0.0,0.0,346.0
2026-07-20 15:53:25.750,0.0,,,,,28.67,927.8,18.5,-40.0,0.0,1.0,0.0,0.0,346.0
2026-07-20 15:53:25.951,0.0,,,,,28.67,927.8,18.5,-40.0,0.0,1.0,0.0,0.0,346.0
2026-07-20 15:53:26.153,0.0,,,,,28.65,927.8,18.4,-40.0,0.0,1.0,0.0,0.0,346.0
2026-07-20 15:53:26.373,0.0,,,,,28.65,927.8,18.4,-40.0,0.0,1.0,0.0,0.0,346.0
2026-07-20 15:53:26.613,0.0,,,,,28.67,927.7,18.3,-40.0,0.0,1.0,0.0,0.0,347.0
2026-07-20 15:53:26.767,0.0,,,,,28.67,927.7,18.3,-40.0,0.0,1.0,0.0,0.0,347.0
2026-07-20 15:53:26.952,0.0,,,,,28.67,927.7,18.3,-40.0,0.0,1.0,0.0,0.0,347.0
2026-07-20 15:53:27.151,0.0,,,,,28.67,927.7,18.5,-40.0,0.0,1.0,0.0,0.0,347.0
2026-07-20 15:53:27.351,0.0,,,,,28.67,927.7,18.5,-40.0,0.0,1.0,0.0,0.0,347.0
2026-07-20 15:53:27.612,0.0,,,,,28.67,927.7,18.5,-40.0,0.0,1.0,0.0,0.0,348.0
2026-07-20 15:53:27.752,0.0,,,,,28.67,927.7,18.5,-40.0,0.0,1.0,0.0,0.0,348.0
2026-07-20 15:53:27.952,0.0,,,,,28.67,927.7,18.5,-40.0,0.0,1.0,0.0,0.0,348.0
2026-07-20 15:53:28.151,0.0,,,,,28.67,927.7,18.5,-40.0,0.0,1.0,0.0,0.0,348.0
2026-07-20 15:53:28.350,0.0,,,,,28.67,927.7,18.5,-40.0,0.0,1.0,0.0,0.0,348.0
2026-07-20 15:53:28.613,0.0,,,,,28.65,927.7,18.8,-40.0,0.0,1.0,0.0,0.0,349.0
2026-07-20 15:53:28.751,0.0,,,,,28.65,927.7,18.8,-40.0,0.0,1.0,0.0,0.0,349.0
2026-07-20 15:53:28.950,0.0,,,,,28.65,927.7,18.8,-40.0,0.0,1.0,0.0,0.0,349.0
2026-07-20 15:53:29.151,0.0,,,,,28.67,927.8,18.7,-40.0,0.0,1.0,0.0,0.0,349.0
2026-07-20 15:53:29.351,0.0,,,,,28.67,927.8,18.7,-40.0,0.0,1.0,0.0,0.0,349.0
2026-07-20 15:53:29.612,0.0,,,,,28.65,927.7,18.3,-40.0,0.0,1.0,0.0,0.0,350.0
2026-07-20 15:53:29.759,0.0,,,,,28.65,927.7,18.3,-40.0,0.0,1.0,0.0,0.0,350.0
2026-07-20 15:53:29.951,0.0,,,,,28.65,927.7,18.3,-40.0,0.0,1.0,0.0,0.0,350.0
2026-07-20 15:53:30.151,0.0,,,,,28.67,927.8,19.0,-40.0,0.0,1.0,0.0,0.0,350.0
2026-07-20 15:53:30.351,0.0,,,,,28.67,927.8,19.0,-40.0,0.0,1.0,0.0,0.0,350.0
2026-07-20 15:53:30.613,0.0,,,,,28.65,927.8,18.6,-40.0,0.0,1.0,0.0,0.0,351.0
2026-07-20 15:53:30.767,0.0,,,,,28.65,927.8,18.6,-40.0,0.0,1.0,0.0,0.0,351.0
2026-07-20 15:53:30.953,0.0,,,,,28.65,927.8,18.6,-40.0,0.0,1.0,0.0,0.0,351.0
2026-07-20 15:53:31.151,0.0,,,,,28.67,927.7,18.8,-40.0,0.0,1.0,0.0,0.0,351.0
2026-07-20 15:53:31.353,0.0,,,,,28.67,927.7,18.8,-40.0,0.0,1.0,0.0,0.0,351.0
2026-07-20 15:53:31.612,0.0,,,,,28.67,927.8,18.8,-40.0,0.0,1.0,0.0,0.0,352.0
2026-07-20 15:53:31.776,0.0,,,,,28.67,927.8,18.8,-40.0,0.0,1.0,0.0,0.0,352.0
2026-07-20 15:53:31.951,0.0,,,,,28.67,927.8,18.8,-40.0,0.0,1.0,0.0,0.0,352.0
2026-07-20 15:53:32.151,0.0,,,,,28.65,927.7,18.7,-40.0,0.0,1.0,0.0,0.0,352.0
2026-07-20 15:53:32.350,0.0,,,,,28.65,927.7,18.7,-40.0,0.0,1.0,0.0,0.0,352.0
2026-07-20 15:53:32.612,0.0,,,,,28.67,927.8,18.5,-40.0,0.0,1.0,0.0,0.0,353.0
2026-07-20 15:53:32.751,0.0,,,,,28.67,927.8,18.5,-40.0,0.0,1.0,0.0,0.0,353.0
2026-07-20 15:53:32.950,0.0,,,,,28.67,927.8,18.5,-40.0,0.0,1.0,0.0,0.0,353.0
2026-07-20 15:53:33.152,0.0,,,,,28.65,927.8,18.3,-40.0,0.0,1.0,0.0,0.0,353.0
2026-07-20 15:53:33.351,0.0,,,,,28.65,927.8,18.3,-40.0,0.0,1.0,0.0,0.0,353.0
2026-07-20 15:53:33.613,0.0,,,,,28.65,927.7,19.2,-40.0,0.0,1.0,0.0,0.0,354.0
2026-07-20 15:53:33.752,0.0,,,,,28.65,927.7,19.2,-40.0,0.0,1.0,0.0,0.0,354.0
2026-07-20 15:53:33.951,0.0,,,,,28.65,927.7,19.2,-40.0,0.0,1.0,0.0,0.0,354.0
2026-07-20 15:53:34.150,0.0,,,,,28.67,927.7,18.5,-40.0,0.0,1.0,0.0,0.0,354.0
2026-07-20 15:53:34.351,0.0,,,,,28.67,927.7,18.5,-40.0,0.0,1.0,0.0,0.0,354.0
2026-07-20 15:53:34.612,0.0,,,,,28.67,927.8,18.6,-40.0,0.0,1.0,0.0,0.0,355.0
2026-07-20 15:53:34.751,0.0,,,,,28.67,927.8,18.6,-40.0,0.0,1.0,0.0,0.0,355.0
2026-07-20 15:53:34.951,0.0,,,,,28.67,927.8,18.6,-40.0,0.0,1.0,0.0,0.0,355.0
2026-07-20 15:53:35.151,0.0,,,,,28.67,927.7,18.7,-40.0,0.0,1.0,0.0,0.0,355.0
2026-07-20 15:53:35.353,0.0,,,,,28.67,927.7,18.7,-40.0,0.0,1.0,0.0,0.0,355.0
2026-07-20 15:53:35.613,0.0,,,,,28.67,927.8,18.9,-40.0,0.0,1.0,0.0,0.0,356.0
2026-07-20 15:53:35.769,0.0,,,,,28.67,927.8,18.9,-40.0,0.0,1.0,0.0,0.0,356.0
2026-07-20 15:53:35.951,0.0,,,,,28.67,927.8,18.9,-40.0,0.0,1.0,0.0,0.0,356.0
2026-07-20 15:53:36.150,0.0,,,,,28.65,927.7,18.5,-40.0,0.0,1.0,0.0,0.0,356.0
2026-07-20 15:53:36.356,0.0,,,,,28.65,927.7,18.5,-40.0,0.0,1.0,0.0,0.0,356.0
2026-07-20 15:53:36.612,0.0,,,,,28.67,927.8,18.6,-40.0,0.0,1.0,0.0,0.0,357.0
2026-07-20 15:53:36.772,0.0,,,,,28.67,927.8,18.6,-40.0,0.0,1.0,0.0,0.0,357.0
2026-07-20 15:53:36.951,0.0,,,,,28.67,927.8,18.6,-40.0,0.0,1.0,0.0,0.0,357.0
2026-07-20 15:53:37.151,0.0,,,,,28.67,927.8,18.7,-40.0,0.0,1.0,0.0,0.0,357.0
2026-07-20 15:53:37.351,0.0,,,,,28.67,927.8,18.7,-40.0,0.0,1.0,0.0,0.0,357.0
2026-07-20 15:53:37.613,0.0,,,,,28.67,927.7,18.5,-40.0,0.0,1.0,0.0,0.0,358.0
2026-07-20 15:53:37.750,0.0,,,,,28.67,927.7,18.5,-40.0,0.0,1.0,0.0,0.0,358.0
2026-07-20 15:53:37.951,0.0,,,,,28.67,927.7,18.5,-40.0,0.0,1.0,0.0,0.0,358.0
2026-07-20 15:53:38.151,0.0,,,,,28.67,927.8,18.3,-40.0,0.0,1.0,0.0,0.0,358.0
2026-07-20 15:53:38.351,0.0,,,,,28.67,927.8,18.3,-40.0,0.0,1.0,0.0,0.0,358.0
2026-07-20 15:53:38.613,0.0,,,,,28.65,927.7,18.5,-40.0,0.0,1.0,0.0,0.0,359.0
2026-07-20 15:53:38.752,0.0,,,,,28.65,927.7,18.5,-40.0,0.0,1.0,0.0,0.0,359.0
2026-07-20 15:53:38.950,0.0,,,,,28.65,927.7,18.5,-40.0,0.0,1.0,0.0,0.0,359.0
2026-07-20 15:53:39.151,0.0,,,,,28.67,927.8,18.2,-40.0,0.0,1.0,0.0,0.0,359.0
2026-07-20 15:53:39.351,0.0,,,,,28.67,927.8,18.2,-40.0,0.0,1.0,0.0,0.0,359.0
2026-07-20 15:53:39.612,0.0,,,,,28.67,927.8,18.6,-40.0,0.0,1.0,0.0,0.0,360.0
2026-07-20 15:53:39.777,0.0,,,,,28.67,927.8,18.6,-40.0,0.0,1.0,0.0,0.0,360.0
2026-07-20 15:53:39.951,0.0,,,,,28.67,927.8,18.6,-40.0,0.0,1.0,0.0,0.0,360.0
2026-07-20 15:53:40.152,0.0,,,,,28.65,927.8,18.6,-40.0,0.0,1.0,0.0,0.0,360.0
2026-07-20 15:53:40.352,0.0,,,,,28.65,927.8,18.6,-40.0,0.0,1.0,0.0,0.0,360.0
2026-07-20 15:53:40.613,0.0,,,,,28.67,927.8,18.3,-40.0,0.0,1.0,0.0,0.0,361.0
2026-07-20 15:53:40.777,0.0,,,,,28.67,927.8,18.3,-40.0,0.0,1.0,0.0,0.0,361.0
2026-07-20 15:53:40.952,0.0,,,,,28.67,927.8,18.3,-40.0,0.0,1.0,0.0,0.0,361.0
2026-07-20 15:53:41.150,0.0,,,,,28.65,927.7,18.8,-40.0,0.0,1.0,0.0,0.0,361.0
2026-07-20 15:53:41.351,0.0,,,,,28.65,927.7,18.8,-40.0,0.0,1.0,0.0,0.0,361.0
2026-07-20 15:53:41.612,0.0,,,,,28.67,927.8,18.6,-40.0,0.0,1.0,0.0,0.0,362.0
2026-07-20 15:53:41.780,0.0,,,,,28.67,927.8,18.6,-40.0,0.0,1.0,0.0,0.0,362.0
2026-07-20 15:53:41.950,0.0,,,,,28.67,927.8,18.6,-40.0,0.0,1.0,0.0,0.0,362.0
2026-07-20 15:53:42.151,0.0,,,,,28.67,927.8,18.5,-40.0,0.0,1.0,0.0,0.0,362.0
2026-07-20 15:53:42.350,0.0,,,,,28.67,927.8,18.5,-40.0,0.0,1.0,0.0,0.0,362.0
2026-07-20 15:53:42.612,0.0,,,,,28.67,927.7,18.1,-40.0,0.0,1.0,0.0,0.0,363.0
2026-07-20 15:53:42.750,0.0,,,,,28.67,927.7,18.1,-40.0,0.0,1.0,0.0,0.0,363.0
2026-07-20 15:53:42.951,0.0,,,,,28.67,927.7,18.1,-40.0,0.0,1.0,0.0,0.0,363.0
2026-07-20 15:53:43.151,0.0,,,,,28.65,927.8,18.8,-40.0,0.0,1.0,0.0,0.0,363.0
2026-07-20 15:53:43.350,0.0,,,,,28.65,927.8,18.8,-40.0,0.0,1.0,0.0,0.0,363.0
2026-07-20 15:53:43.612,0.0,,,,,28.65,927.8,18.4,-40.0,0.0,1.0,0.0,0.0,364.0
2026-07-20 15:53:43.752,0.0,,,,,28.65,927.8,18.4,-40.0,0.0,1.0,0.0,0.0,364.0
2026-07-20 15:53:43.951,0.0,,,,,28.65,927.8,18.4,-40.0,0.0,1.0,0.0,0.0,364.0
2026-07-20 15:53:44.151,0.0,,,,,28.68,927.8,18.8,-40.0,0.0,1.0,0.0,0.0,364.0
2026-07-20 15:53:44.351,0.0,,,,,28.68,927.8,18.8,-40.0,0.0,1.0,0.0,0.0,364.0
2026-07-20 15:53:44.613,0.0,,,,,28.65,927.7,18.6,-40.0,0.0,1.0,0.0,0.0,365.0
2026-07-20 15:53:44.762,0.0,,,,,28.65,927.7,18.6,-40.0,0.0,1.0,0.0,0.0,365.0
2026-07-20 15:53:44.951,0.0,,,,,28.65,927.7,18.6,-40.0,0.0,1.0,0.0,0.0,365.0
2026-07-20 15:53:45.152,0.0,,,,,28.67,927.8,18.4,-40.0,0.0,1.0,0.0,0.0,365.0
2026-07-20 15:53:45.350,0.0,,,,,28.67,927.8,18.4,-40.0,0.0,1.0,0.0,0.0,365.0
2026-07-20 15:53:45.612,0.0,,,,,28.67,927.7,18.4,-40.0,0.0,1.0,0.0,0.0,366.0
2026-07-20 15:53:45.775,0.0,,,,,28.67,927.7,18.4,-40.0,0.0,1.0,0.0,0.0,366.0
2026-07-20 15:53:45.950,0.0,,,,,28.67,927.7,18.4,-40.0,0.0,1.0,0.0,0.0,366.0
2026-07-20 15:53:46.153,0.0,,,,,28.65,927.8,19.0,-40.0,0.0,1.0,0.0,0.0,366.0
2026-07-20 15:53:46.352,0.0,,,,,28.65,927.8,19.0,-40.0,0.0,1.0,0.0,0.0,366.0
2026-07-20 15:53:46.612,0.0,,,,,28.67,927.8,18.5,-40.0,0.0,1.0,0.0,0.0,367.0
2026-07-20 15:53:46.767,0.0,,,,,28.67,927.8,18.5,-40.0,0.0,1.0,0.0,0.0,367.0
2026-07-20 15:53:46.952,0.0,,,,,28.67,927.8,18.5,-40.0,0.0,1.0,0.0,0.0,367.0
2026-07-20 15:53:47.151,0.0,,,,,28.65,927.8,18.3,-40.0,0.0,1.0,0.0,0.0,367.0
2026-07-20 15:53:47.351,0.0,,,,,28.65,927.8,18.3,-40.0,0.0,1.0,0.0,0.0,367.0
2026-07-20 15:53:47.613,0.0,,,,,28.65,927.7,18.7,-40.0,0.0,1.0,0.0,0.0,368.0
2026-07-20 15:53:47.771,0.0,,,,,28.65,927.7,18.7,-40.0,0.0,1.0,0.0,0.0,368.0
2026-07-20 15:53:47.951,0.0,,,,,28.65,927.7,18.7,-40.0,0.0,1.0,0.0,0.0,368.0
2026-07-20 15:53:48.150,0.0,,,,,28.64,927.8,18.4,-40.0,0.0,1.0,0.0,0.0,368.0
2026-07-20 15:53:48.350,0.0,,,,,28.64,927.8,18.4,-40.0,0.0,1.0,0.0,0.0,368.0
2026-07-20 15:53:48.613,0.0,,,,,28.67,927.7,18.8,-40.0,0.0,1.0,0.0,0.0,369.0
2026-07-20 15:53:48.752,0.0,,,,,28.67,927.7,18.8,-40.0,0.0,1.0,0.0,0.0,369.0
2026-07-20 15:53:48.950,0.0,,,,,28.67,927.7,18.8,-40.0,0.0,1.0,0.0,0.0,369.0
2026-07-20 15:53:49.151,0.0,,,,,28.67,927.8,18.6,-40.0,0.0,1.0,0.0,0.0,369.0
2026-07-20 15:53:49.350,0.0,,,,,28.67,927.8,18.6,-40.0,0.0,1.0,0.0,0.0,369.0
2026-07-20 15:53:49.612,0.0,,,,,28.67,927.8,18.5,-40.0,0.0,1.0,0.0,0.0,370.0
2026-07-20 15:53:49.750,0.0,,,,,28.67,927.8,18.5,-40.0,0.0,1.0,0.0,0.0,370.0
2026-07-20 15:53:49.951,0.0,,,,,28.67,927.8,18.5,-40.0,0.0,1.0,0.0,0.0,370.0
2026-07-20 15:53:50.151,0.0,,,,,28.67,927.7,18.4,-40.0,0.0,1.0,0.0,0.0,370.0
2026-07-20 15:53:50.350,0.0,,,,,28.67,927.7,18.4,-40.0,0.0,1.0,0.0,0.0,370.0
2026-07-20 15:53:50.612,0.0,,,,,28.67,927.7,18.6,-40.0,0.0,1.0,0.0,0.0,371.0
2026-07-20 15:53:50.767,0.0,,,,,28.67,927.7,18.6,-40.0,0.0,1.0,0.0,0.0,371.0
2026-07-20 15:53:50.950,0.0,,,,,28.67,927.7,18.6,-40.0,0.0,1.0,0.0,0.0,371.0
2026-07-20 15:53:51.151,0.0,,,,,28.65,927.8,18.6,-40.0,0.0,1.0,0.0,0.0,371.0
2026-07-20 15:53:51.353,0.0,,,,,28.65,927.8,18.6,-40.0,0.0,1.0,0.0,0.0,371.0
2026-07-20 15:53:51.612,0.0,,,,,28.65,927.8,18.1,-40.0,0.0,1.0,0.0,0.0,372.0
2026-07-20 15:53:51.774,0.0,,,,,28.65,927.8,18.1,-40.0,0.0,1.0,0.0,0.0,372.0
2026-07-20 15:53:51.950,0.0,,,,,28.65,927.8,18.1,-40.0,0.0,1.0,0.0,0.0,372.0
2026-07-20 15:53:52.151,0.0,,,,,28.65,927.8,18.9,-40.0,0.0,1.0,0.0,0.0,372.0
2026-07-20 15:53:52.350,0.0,,,,,28.65,927.8,18.9,-40.0,0.0,1.0,0.0,0.0,372.0
2026-07-20 15:53:52.612,0.0,,,,,28.65,927.8,18.6,-40.0,0.0,1.0,0.0,0.0,373.0
2026-07-20 15:53:52.750,0.0,,,,,28.65,927.8,18.6,-40.0,0.0,1.0,0.0,0.0,373.0
2026-07-20 15:53:52.950,0.0,,,,,28.65,927.8,18.6,-40.0,0.0,1.0,0.0,0.0,373.0
2026-07-20 15:53:53.151,0.0,,,,,28.65,927.7,18.3,-40.0,0.0,1.0,0.0,0.0,373.0
2026-07-20 15:53:53.350,0.0,,,,,28.65,927.7,18.3,-40.0,0.0,1.0,0.0,0.0,373.0
2026-07-20 15:53:53.612,0.0,,,,,28.67,927.8,19.2,-40.0,0.0,1.0,0.0,0.0,374.0
2026-07-20 15:53:53.749,0.0,,,,,28.67,927.8,19.2,-40.0,0.0,1.0,0.0,0.0,374.0
2026-07-20 15:53:53.950,0.0,,,,,28.67,927.8,19.2,-40.0,0.0,1.0,0.0,0.0,374.0
2026-07-20 15:53:54.150,0.0,,,,,28.67,927.8,18.6,-40.0,0.0,1.0,0.0,0.0,374.0
2026-07-20 15:53:54.350,0.0,,,,,28.67,927.8,18.6,-40.0,0.0,1.0,0.0,0.0,374.0
2026-07-20 15:53:54.612,0.0,,,,,28.64,927.7,18.7,-40.0,0.0,1.0,0.0,0.0,375.0
2026-07-20 15:53:54.752,0.0,,,,,28.64,927.7,18.7,-40.0,0.0,1.0,0.0,0.0,375.0
2026-07-20 15:53:54.951,0.0,,,,,28.64,927.7,18.7,-40.0,0.0,1.0,0.0,0.0,375.0
2026-07-20 15:53:55.151,0.0,,,,,28.65,927.8,18.3,-40.0,0.0,1.0,0.0,0.0,375.0
2026-07-20 15:53:55.352,0.0,,,,,28.65,927.8,18.3,-40.0,0.0,1.0,0.0,0.0,375.0
2026-07-20 15:53:55.612,0.0,,,,,28.67,927.8,18.5,-40.0,0.0,1.0,0.0,0.0,376.0
2026-07-20 15:53:55.771,0.0,,,,,28.67,927.8,18.5,-40.0,0.0,1.0,0.0,0.0,376.0
2026-07-20 15:53:55.950,0.0,,,,,28.67,927.8,18.5,-40.0,0.0,1.0,0.0,0.0,376.0
2026-07-20 15:53:56.151,0.0,,,,,28.65,927.8,18.7,-40.0,0.0,1.0,0.0,0.0,376.0
2026-07-20 15:53:56.350,0.0,,,,,28.65,927.8,18.7,-40.0,0.0,1.0,0.0,0.0,376.0
2026-07-20 15:53:56.612,0.0,,,,,28.65,927.8,18.4,-40.0,0.0,1.0,0.0,0.0,377.0
2026-07-20 15:53:56.750,0.0,,,,,28.65,927.8,18.4,-40.0,0.0,1.0,0.0,0.0,377.0
2026-07-20 15:53:56.950,0.0,,,,,28.65,927.8,18.4,-40.0,0.0,1.0,0.0,0.0,377.0
2026-07-20 15:53:57.151,0.0,,,,,28.65,927.8,18.8,-40.0,0.0,1.0,0.0,0.0,377.0
2026-07-20 15:53:57.350,0.0,,,,,28.65,927.8,18.8,-40.0,0.0,1.0,0.0,0.0,377.0
2026-07-20 15:53:57.612,0.0,,,,,28.64,927.8,18.8,-40.0,0.0,1.0,0.0,0.0,378.0
2026-07-20 15:53:57.754,0.0,,,,,28.64,927.8,18.8,-40.0,0.0,1.0,0.0,0.0,378.0
2026-07-20 15:53:57.951,0.0,,,,,28.64,927.8,18.8,-40.0,0.0,1.0,0.0,0.0,378.0
2026-07-20 15:53:58.150,0.0,,,,,28.65,927.8,19.3,-40.0,0.0,1.0,0.0,0.0,378.0
2026-07-20 15:53:58.350,0.0,,,,,28.65,927.8,19.3,-40.0,0.0,1.0,0.0,0.0,378.0
2026-07-20 15:53:58.612,0.0,,,,,28.65,927.8,18.1,-40.0,0.0,1.0,0.0,0.0,379.0
2026-07-20 15:53:58.762,0.0,,,,,28.65,927.8,18.1,-40.0,0.0,1.0,0.0,0.0,379.0
2026-07-20 15:53:58.950,0.0,,,,,28.65,927.8,18.1,-40.0,0.0,1.0,0.0,0.0,379.0
2026-07-20 15:53:59.151,0.0,,,,,28.64,927.8,18.5,-40.0,0.0,1.0,0.0,0.0,379.0
2026-07-20 15:53:59.351,0.0,,,,,28.64,927.8,18.5,-40.0,0.0,1.0,0.0,0.0,379.0
2026-07-20 15:53:59.612,0.0,,,,,28.65,927.7,18.4,-40.0,0.0,1.0,0.0,0.0,380.0
2026-07-20 15:53:59.774,0.0,,,,,28.65,927.7,18.4,-40.0,0.0,1.0,0.0,0.0,380.0
2026-07-20 15:53:59.950,0.0,,,,,28.65,927.7,18.4,-40.0,0.0,1.0,0.0,0.0,380.0
2026-07-20 15:54:00.152,0.0,,,,,28.65,927.7,18.6,-40.0,0.0,1.0,0.0,0.0,380.0
2026-07-20 15:54:00.351,0.0,,,,,28.65,927.7,18.6,-40.0,0.0,1.0,0.0,0.0,380.0
2026-07-20 15:54:00.613,0.0,,,,,28.67,927.8,18.7,-40.0,0.0,1.0,0.0,0.0,381.0
2026-07-20 15:54:00.781,0.0,,,,,28.67,927.8,18.7,-40.0,0.0,1.0,0.0,0.0,381.0
2026-07-20 15:54:00.950,0.0,,,,,28.67,927.8,18.7,-40.0,0.0,1.0,0.0,0.0,381.0
2026-07-20 15:54:01.152,0.0,,,,,28.65,927.8,18.3,-40.0,0.0,1.0,0.0,0.0,381.0
2026-07-20 15:54:01.352,0.0,,,,,28.65,927.8,18.3,-40.0,0.0,1.0,0.0,0.0,381.0
2026-07-20 15:54:01.612,0.0,,,,,28.65,927.7,18.6,-40.0,0.0,1.0,0.0,0.0,382.0
2026-07-20 15:54:01.776,0.0,,,,,28.65,927.7,18.6,-40.0,0.0,1.0,0.0,0.0,382.0
2026-07-20 15:54:01.950,0.0,,,,,28.65,927.7,18.6,-40.0,0.0,1.0,0.0,0.0,382.0
2026-07-20 15:54:02.150,0.0,,,,,28.65,927.7,18.5,-40.0,0.0,1.0,0.0,0.0,382.0
2026-07-20 15:54:02.351,0.0,,,,,28.65,927.7,18.5,-40.0,0.0,1.0,0.0,0.0,382.0
2026-07-20 15:54:02.612,0.0,,,,,28.65,927.7,18.2,-40.0,0.0,1.0,0.0,0.0,383.0
2026-07-20 15:54:02.751,0.0,,,,,28.65,927.7,18.2,-40.0,0.0,1.0,0.0,0.0,383.0
2026-07-20 15:54:02.950,0.0,,,,,28.65,927.7,18.2,-40.0,0.0,1.0,0.0,0.0,383.0
2026-07-20 15:54:03.150,0.0,,,,,28.65,927.7,18.5,-40.0,0.0,1.0,0.0,0.0,383.0
2026-07-20 15:54:03.350,0.0,,,,,28.65,927.7,18.5,-40.0,0.0,1.0,0.0,0.0,383.0
2026-07-20 15:54:03.612,0.0,,,,,28.64,927.7,18.4,-40.0,0.0,1.0,0.0,0.0,384.0
2026-07-20 15:54:03.751,0.0,,,,,28.64,927.7,18.4,-40.0,0.0,1.0,0.0,0.0,384.0
2026-07-20 15:54:03.951,0.0,,,,,28.64,927.7,18.4,-40.0,0.0,1.0,0.0,0.0,384.0
2026-07-20 15:54:04.150,0.0,,,,,28.64,927.7,18.2,-40.0,0.0,1.0,0.0,0.0,384.0
2026-07-20 15:54:04.350,0.0,,,,,28.64,927.7,18.2,-40.0,0.0,1.0,0.0,0.0,384.0
2026-07-20 15:54:04.612,0.0,,,,,28.64,927.7,18.9,-40.0,0.0,1.0,0.0,0.0,385.0
2026-07-20 15:54:04.750,0.0,,,,,28.64,927.7,18.9,-40.0,0.0,1.0,0.0,0.0,385.0
2026-07-20 15:54:04.950,0.0,,,,,28.64,927.7,18.9,-40.0,0.0,1.0,0.0,0.0,385.0
2026-07-20 15:54:05.149,0.0,,,,,28.64,927.8,18.4,-40.0,0.0,1.0,0.0,0.0,385.0
2026-07-20 15:54:05.351,0.0,,,,,28.64,927.8,18.4,-40.0,0.0,1.0,0.0,0.0,385.0
2026-07-20 15:54:05.612,0.0,,,,,28.65,927.7,18.2,-40.0,0.0,1.0,0.0,0.0,386.0
2026-07-20 15:54:05.755,0.0,,,,,28.65,927.7,18.2,-40.0,0.0,1.0,0.0,0.0,386.0
2026-07-20 15:54:05.950,0.0,,,,,28.65,927.7,18.2,-40.0,0.0,1.0,0.0,0.0,386.0
2026-07-20 15:54:06.150,0.0,,,,,28.65,927.8,19.1,-40.0,0.0,1.0,0.0,0.0,386.0
2026-07-20 15:54:06.350,0.0,,,,,28.65,927.8,19.1,-40.0,0.0,1.0,0.0,0.0,386.0
2026-07-20 15:54:06.612,0.0,,,,,28.64,927.8,18.7,-40.0,0.0,1.0,0.0,0.0,387.0
2026-07-20 15:54:06.764,0.0,,,,,28.64,927.8,18.7,-40.0,0.0,1.0,0.0,0.0,387.0
2026-07-20 15:54:06.950,0.0,,,,,28.64,927.8,18.7,-40.0,0.0,1.0,0.0,0.0,387.0
2026-07-20 15:54:07.151,0.0,,,,,28.64,927.8,18.6,-40.0,0.0,1.0,0.0,0.0,387.0
2026-07-20 15:54:07.351,0.0,,,,,28.64,927.8,18.6,-40.0,0.0,1.0,0.0,0.0,387.0
2026-07-20 15:54:07.611,0.0,,,,,28.65,927.7,19.2,-40.0,0.0,1.0,0.0,0.0,388.0
2026-07-20 15:54:07.770,0.0,,,,,28.65,927.7,19.2,-40.0,0.0,1.0,0.0,0.0,388.0
2026-07-20 15:54:07.950,0.0,,,,,28.65,927.7,19.2,-40.0,0.0,1.0,0.0,0.0,388.0
2026-07-20 15:54:08.151,0.0,,,,,28.64,927.8,18.3,-40.0,0.0,1.0,0.0,0.0,388.0
2026-07-20 15:54:08.350,0.0,,,,,28.64,927.8,18.3,-40.0,0.0,1.0,0.0,0.0,388.0
2026-07-20 15:54:08.612,0.0,,,,,28.65,927.8,18.3,-40.0,0.0,1.0,0.0,0.0,389.0
2026-07-20 15:54:08.750,0.0,,,,,28.65,927.8,18.3,-40.0,0.0,1.0,0.0,0.0,389.0
2026-07-20 15:54:08.950,0.0,,,,,28.65,927.8,18.3,-40.0,0.0,1.0,0.0,0.0,389.0
2026-07-20 15:54:09.150,0.0,,,,,28.65,927.8,18.7,-40.0,0.0,1.0,0.0,0.0,389.0
2026-07-20 15:54:09.350,0.0,,,,,28.65,927.8,18.7,-40.0,0.0,1.0,0.0,0.0,389.0
2026-07-20 15:54:09.612,0.0,,,,,28.65,927.8,18.6,-40.0,0.0,1.0,0.0,0.0,390.0
2026-07-20 15:54:09.749,0.0,,,,,28.65,927.8,18.6,-40.0,0.0,1.0,0.0,0.0,390.0
2026-07-20 15:54:09.950,0.0,,,,,28.65,927.8,18.6,-40.0,0.0,1.0,0.0,0.0,390.0
2026-07-20 15:54:10.151,0.0,,,,,28.65,927.7,18.5,-40.0,0.0,1.0,0.0,0.0,390.0
2026-07-20 15:54:10.349,0.0,,,,,28.65,927.7,18.5,-40.0,0.0,1.0,0.0,0.0,390.0
2026-07-20 15:54:10.612,0.0,,,,,28.65,927.7,18.3,-40.0,0.0,1.0,0.0,0.0,391.0
2026-07-20 15:54:10.751,0.0,,,,,28.65,927.7,18.3,-40.0,0.0,1.0,0.0,0.0,391.0
2026-07-20 15:54:10.950,0.0,,,,,28.65,927.7,18.3,-40.0,0.0,1.0,0.0,0.0,391.0
2026-07-20 15:54:11.150,0.0,,,,,28.65,927.8,18.6,-40.0,0.0,1.0,0.0,0.0,391.0
2026-07-20 15:54:11.350,0.0,,,,,28.65,927.8,18.6,-40.0,0.0,1.0,0.0,0.0,391.0
2026-07-20 15:54:11.611,0.0,,,,,28.64,927.8,18.2,-40.0,0.0,1.0,0.0,0.0,392.0
2026-07-20 15:54:11.750,0.0,,,,,28.64,927.8,18.2,-40.0,0.0,1.0,0.0,0.0,392.0
2026-07-20 15:54:11.950,0.0,,,,,28.64,927.8,18.2,-40.0,0.0,1.0,0.0,0.0,392.0
2026-07-20 15:54:12.150,0.0,,,,,28.65,927.8,18.1,-40.0,0.0,1.0,0.0,0.0,392.0
2026-07-20 15:54:12.350,0.0,,,,,28.65,927.8,18.1,-40.0,0.0,1.0,0.0,0.0,392.0
2026-07-20 15:54:12.612,0.0,,,,,28.67,927.8,18.4,-40.0,0.0,1.0,0.0,0.0,393.0
2026-07-20 15:54:12.754,0.0,,,,,28.67,927.8,18.4,-40.0,0.0,1.0,0.0,0.0,393.0
2026-07-20 15:54:12.950,0.0,,,,,28.67,927.8,18.4,-40.0,0.0,1.0,0.0,0.0,393.0
2026-07-20 15:54:13.151,0.0,,,,,28.65,927.8,18.7,-40.0,0.0,1.0,0.0,0.0,393.0
2026-07-20 15:54:13.352,0.0,,,,,28.65,927.8,18.7,-40.0,0.0,1.0,0.0,0.0,393.0
2026-07-20 15:54:13.611,0.0,,,,,28.65,927.7,18.4,-40.0,0.0,1.0,0.0,0.0,394.0
2026-07-20 15:54:13.775,0.0,,,,,28.65,927.7,18.4,-40.0,0.0,1.0,0.0,0.0,394.0
2026-07-20 15:54:13.950,0.0,,,,,28.65,927.7,18.4,-40.0,0.0,1.0,0.0,0.0,394.0
2026-07-20 15:54:14.149,0.0,,,,,28.65,927.8,18.4,-40.0,0.0,1.0,0.0,0.0,394.0
2026-07-20 15:54:14.349,0.0,,,,,28.65,927.8,18.4,-40.0,0.0,1.0,0.0,0.0,394.0
2026-07-20 15:54:14.612,0.0,,,,,28.64,927.8,18.7,-40.0,0.0,1.0,0.0,0.0,395.0
2026-07-20 15:54:14.772,0.0,,,,,28.64,927.8,18.7,-40.0,0.0,1.0,0.0,0.0,395.0
2026-07-20 15:54:14.950,0.0,,,,,28.64,927.8,18.7,-40.0,0.0,1.0,0.0,0.0,395.0
2026-07-20 15:54:15.150,0.0,,,,,28.65,927.7,18.2,-40.0,0.0,1.0,0.0,0.0,395.0
2026-07-20 15:54:15.349,0.0,,,,,28.65,927.7,18.2,-40.0,0.0,1.0,0.0,0.0,395.0
2026-07-20 15:54:15.613,0.0,,,,,28.64,927.8,18.6,-40.0,0.0,1.0,0.0,0.0,396.0
2026-07-20 15:54:15.774,0.0,,,,,28.64,927.8,18.6,-40.0,0.0,1.0,0.0,0.0,396.0
2026-07-20 15:54:15.949,0.0,,,,,28.64,927.8,18.6,-40.0,0.0,1.0,0.0,0.0,396.0
2026-07-20 15:54:16.150,0.0,,,,,28.65,927.8,18.2,-40.0,0.0,1.0,0.0,0.0,396.0
2026-07-20 15:54:16.350,0.0,,,,,28.65,927.8,18.2,-40.0,0.0,1.0,0.0,0.0,396.0
2026-07-20 15:54:16.611,0.0,,,,,28.65,927.7,18.1,-40.0,0.0,1.0,0.0,0.0,397.0
2026-07-20 15:54:16.750,0.0,,,,,28.65,927.7,18.1,-40.0,0.0,1.0,0.0,0.0,397.0
2026-07-20 15:54:16.949,0.0,,,,,28.65,927.7,18.1,-40.0,0.0,1.0,0.0,0.0,397.0
2026-07-20 15:54:17.149,0.0,,,,,28.65,927.8,19.0,-40.0,0.0,1.0,0.0,0.0,397.0
2026-07-20 15:54:17.349,0.0,,,,,28.65,927.8,19.0,-40.0,0.0,1.0,0.0,0.0,397.0
2026-07-20 15:54:17.612,0.0,,,,,28.65,927.7,18.3,-40.0,0.0,1.0,0.0,0.0,398.0
2026-07-20 15:54:17.752,0.0,,,,,28.65,927.7,18.3,-40.0,0.0,1.0,0.0,0.0,398.0
2026-07-20 15:54:17.949,0.0,,,,,28.65,927.7,18.3,-40.0,0.0,1.0,0.0,0.0,398.0
2026-07-20 15:54:18.149,0.0,,,,,28.67,927.8,18.8,-40.0,0.0,1.0,0.0,0.0,398.0
2026-07-20 15:54:18.349,0.0,,,,,28.67,927.8,18.8,-40.0,0.0,1.0,0.0,0.0,398.0
2026-07-20 15:54:18.611,0.0,,,,,28.67,927.8,18.7,-40.0,0.0,1.0,0.0,0.0,399.0
2026-07-20 15:54:18.775,0.0,,,,,28.67,927.8,18.7,-40.0,0.0,1.0,0.0,0.0,399.0
2026-07-20 15:54:18.949,0.0,,,,,28.67,927.8,18.7,-40.0,0.0,1.0,0.0,0.0,399.0
2026-07-20 15:54:19.151,0.0,,,,,28.67,927.8,18.9,-40.0,0.0,1.0,0.0,0.0,399.0
2026-07-20 15:54:19.351,0.0,,,,,28.67,927.8,18.9,-40.0,0.0,1.0,0.0,0.0,399.0
2026-07-20 15:54:19.611,0.0,,,,,28.67,927.8,18.7,-40.0,0.0,1.0,0.0,0.0,400.0
2026-07-20 15:54:19.774,0.0,,,,,28.67,927.8,18.7,-40.0,0.0,1.0,0.0,0.0,400.0
2026-07-20 15:54:19.949,0.0,,,,,28.67,927.8,18.7,-40.0,0.0,1.0,0.0,0.0,400.0
2026-07-20 15:54:20.150,0.0,,,,,28.65,927.8,18.7,-40.0,0.0,1.0,0.0,0.0,400.0
2026-07-20 15:54:20.350,0.0,,,,,28.65,927.8,18.7,-40.0,0.0,1.0,0.0,0.0,400.0
2026-07-20 15:54:20.612,0.0,,,,,28.65,927.7,18.5,-40.0,0.0,1.0,0.0,0.0,401.0
2026-07-20 15:54:20.750,0.0,,,,,28.65,927.7,18.5,-40.0,0.0,1.0,0.0,0.0,401.0
2026-07-20 15:54:20.950,0.0,,,,,28.65,927.7,18.5,-40.0,0.0,1.0,0.0,0.0,401.0
2026-07-20 15:54:21.150,0.0,,,,,28.65,927.8,18.5,-40.0,0.0,1.0,0.0,0.0,401.0
2026-07-20 15:54:21.350,0.0,,,,,28.65,927.8,18.5,-40.0,0.0,1.0,0.0,0.0,401.0
2026-07-20 15:54:21.612,0.0,,,,,28.67,927.8,18.1,-40.0,0.0,1.0,0.0,0.0,402.0
2026-07-20 15:54:21.749,0.0,,,,,28.67,927.8,18.1,-40.0,0.0,1.0,0.0,0.0,402.0
2026-07-20 15:54:21.949,0.0,,,,,28.67,927.8,18.1,-40.0,0.0,1.0,0.0,0.0,402.0
2026-07-20 15:54:22.149,0.0,,,,,28.67,927.8,18.6,-40.0,0.0,1.0,0.0,0.0,402.0
2026-07-20 15:54:22.350,0.0,,,,,28.67,927.8,18.6,-40.0,0.0,1.0,0.0,0.0,402.0
2026-07-20 15:54:22.612,0.0,,,,,28.65,927.8,18.6,-40.0,0.0,1.0,0.0,0.0,403.0
2026-07-20 15:54:22.749,0.0,,,,,28.65,927.8,18.6,-40.0,0.0,1.0,0.0,0.0,403.0
2026-07-20 15:54:22.949,0.0,,,,,28.65,927.8,18.6,-40.0,0.0,1.0,0.0,0.0,403.0
2026-07-20 15:54:23.149,0.0,,,,,28.67,927.8,18.4,-40.0,0.0,1.0,0.0,0.0,403.0
2026-07-20 15:54:23.349,0.0,,,,,28.67,927.8,18.4,-40.0,0.0,1.0,0.0,0.0,403.0
2026-07-20 15:54:23.611,0.0,,,,,28.65,927.8,18.5,-40.0,0.0,1.0,0.0,0.0,404.0
2026-07-20 15:54:23.761,0.0,,,,,28.65,927.8,18.5,-40.0,0.0,1.0,0.0,0.0,404.0
2026-07-20 15:54:23.949,0.0,,,,,28.65,927.8,18.5,-40.0,0.0,1.0,0.0,0.0,404.0
2026-07-20 15:54:24.149,0.0,,,,,28.67,927.8,18.4,-40.0,0.0,1.0,0.0,0.0,404.0
2026-07-20 15:54:24.349,0.0,,,,,28.67,927.8,18.4,-40.0,0.0,1.0,0.0,0.0,404.0
2026-07-20 15:54:24.611,0.0,,,,,28.67,927.9,18.7,-40.0,0.0,1.0,0.0,0.0,405.0
2026-07-20 15:54:24.772,0.0,,,,,28.67,927.9,18.7,-40.0,0.0,1.0,0.0,0.0,405.0
2026-07-20 15:54:24.951,0.0,,,,,28.67,927.9,18.7,-40.0,0.0,1.0,0.0,0.0,405.0
2026-07-20 15:54:25.149,0.0,,,,,28.67,927.8,18.6,-40.0,0.0,1.0,0.0,0.0,405.0
2026-07-20 15:54:25.349,0.0,,,,,28.67,927.8,18.6,-40.0,0.0,1.0,0.0,0.0,405.0
2026-07-20 15:54:25.612,0.0,,,,,28.67,927.8,18.8,-40.0,0.0,1.0,0.0,0.0,406.0
2026-07-20 15:54:25.767,0.0,,,,,28.67,927.8,18.8,-40.0,0.0,1.0,0.0,0.0,406.0
2026-07-20 15:54:25.949,0.0,,,,,28.67,927.8,18.8,-40.0,0.0,1.0,0.0,0.0,406.0
2026-07-20 15:54:26.150,0.0,,,,,28.65,927.8,18.4,-40.0,0.0,1.0,0.0,0.0,406.0
2026-07-20 15:54:26.350,0.0,,,,,28.65,927.8,18.4,-40.0,0.0,1.0,0.0,0.0,406.0
2026-07-20 15:54:26.611,0.0,,,,,28.67,927.7,18.1,-40.0,0.0,1.0,0.0,0.0,407.0
2026-07-20 15:54:26.778,0.0,,,,,28.67,927.7,18.1,-40.0,0.0,1.0,0.0,0.0,407.0
2026-07-20 15:54:26.949,0.0,,,,,28.67,927.7,18.1,-40.0,0.0,1.0,0.0,0.0,407.0
2026-07-20 15:54:27.150,0.0,,,,,28.67,927.8,18.5,-40.0,0.0,1.0,0.0,0.0,407.0
2026-07-20 15:54:27.350,0.0,,,,,28.67,927.8,18.5,-40.0,0.0,1.0,0.0,0.0,407.0
2026-07-20 15:54:27.611,0.0,,,,,28.65,927.8,18.5,-40.0,0.0,1.0,0.0,0.0,408.0
2026-07-20 15:54:27.775,0.0,,,,,28.65,927.8,18.5,-40.0,0.0,1.0,0.0,0.0,408.0
2026-07-20 15:54:27.949,0.0,,,,,28.65,927.8,18.5,-40.0,0.0,1.0,0.0,0.0,408.0
2026-07-20 15:54:28.149,0.0,,,,,28.67,927.7,18.5,-40.0,0.0,1.0,0.0,0.0,408.0
2026-07-20 15:54:28.349,0.0,,,,,28.67,927.7,18.5,-40.0,0.0,1.0,0.0,0.0,408.0
2026-07-20 15:54:28.611,0.0,,,,,28.68,927.8,18.5,-40.0,0.0,1.0,0.0,0.0,409.0
2026-07-20 15:54:28.749,0.0,,,,,28.68,927.8,18.5,-40.0,0.0,1.0,0.0,0.0,409.0
2026-07-20 15:54:28.949,0.0,,,,,28.68,927.8,18.5,-40.0,0.0,1.0,0.0,0.0,409.0
2026-07-20 15:54:29.149,0.0,,,,,28.67,927.8,18.2,-40.0,0.0,1.0,0.0,0.0,409.0
2026-07-20 15:54:29.349,0.0,,,,,28.67,927.8,18.2,-40.0,0.0,1.0,0.0,0.0,409.0
2026-07-20 15:54:29.612,0.0,,,,,28.67,927.9,18.6,-40.0,0.0,1.0,0.0,0.0,410.0
2026-07-20 15:54:29.749,0.0,,,,,28.67,927.9,18.6,-40.0,0.0,1.0,0.0,0.0,410.0
2026-07-20 15:54:29.949,0.0,,,,,28.67,927.9,18.6,-40.0,0.0,1.0,0.0,0.0,410.0
2026-07-20 15:54:30.149,0.0,,,,,28.67,927.8,18.5,-40.0,0.0,1.0,0.0,0.0,410.0
2026-07-20 15:54:30.349,0.0,,,,,28.67,927.8,18.5,-40.0,0.0,1.0,0.0,0.0,410.0
2026-07-20 15:54:30.612,0.0,,,,,28.67,927.7,18.3,-40.0,0.0,1.0,0.0,0.0,411.0
2026-07-20 15:54:30.749,0.0,,,,,28.67,927.7,18.3,-40.0,0.0,1.0,0.0,0.0,411.0
2026-07-20 15:54:30.949,0.0,,,,,28.67,927.7,18.3,-40.0,0.0,1.0,0.0,0.0,411.0
2026-07-20 15:54:31.149,0.0,,,,,28.67,927.8,18.6,-40.0,0.0,1.0,0.0,0.0,411.0
2026-07-20 15:54:31.349,0.0,,,,,28.67,927.8,18.6,-40.0,0.0,1.0,0.0,0.0,411.0
2026-07-20 15:54:31.611,0.0,,,,,28.67,927.8,18.8,-40.0,0.0,1.0,0.0,0.0,412.0
2026-07-20 15:54:31.749,0.0,,,,,28.67,927.8,18.8,-40.0,0.0,1.0,0.0,0.0,412.0
2026-07-20 15:54:31.949,0.0,,,,,28.67,927.8,18.8,-40.0,0.0,1.0,0.0,0.0,412.0
2026-07-20 15:54:32.149,0.0,,,,,28.67,927.8,18.8,-40.0,0.0,1.0,0.0,0.0,412.0
2026-07-20 15:54:32.350,0.0,,,,,28.67,927.8,18.8,-40.0,0.0,1.0,0.0,0.0,412.0
2026-07-20 15:54:32.611,0.0,,,,,28.67,927.8,18.8,-40.0,0.0,1.0,0.0,0.0,413.0
2026-07-20 15:54:32.772,0.0,,,,,28.67,927.8,18.8,-40.0,0.0,1.0,0.0,0.0,413.0
2026-07-20 15:54:32.949,0.0,,,,,28.67,927.8,18.8,-40.0,0.0,1.0,0.0,0.0,413.0
2026-07-20 15:54:33.149,0.0,,,,,28.67,927.8,19.3,-40.0,0.0,1.0,0.0,0.0,413.0
2026-07-20 15:54:33.349,0.0,,,,,28.67,927.8,19.3,-40.0,0.0,1.0,0.0,0.0,413.0
2026-07-20 15:54:33.611,0.0,,,,,28.67,927.8,18.7,-40.0,0.0,1.0,0.0,0.0,414.0
2026-07-20 15:54:33.774,0.0,,,,,28.67,927.8,18.7,-40.0,0.0,1.0,0.0,0.0,414.0
2026-07-20 15:54:33.948,0.0,,,,,28.67,927.8,18.7,-40.0,0.0,1.0,0.0,0.0,414.0
2026-07-20 15:54:34.151,0.0,,,,,28.67,927.8,18.9,-40.0,0.0,1.0,0.0,0.0,414.0
2026-07-20 15:54:34.350,0.0,,,,,28.67,927.8,18.9,-40.0,0.0,1.0,0.0,0.0,414.0
2026-07-20 15:54:34.611,0.0,,,,,28.67,927.8,18.9,-40.0,0.0,1.0,0.0,0.0,415.0
2026-07-20 15:54:34.771,0.0,,,,,28.67,927.8,18.9,-40.0,0.0,1.0,0.0,0.0,415.0
2026-07-20 15:54:34.949,0.0,,,,,28.67,927.8,18.9,-40.0,0.0,1.0,0.0,0.0,415.0
2026-07-20 15:54:35.149,0.0,,,,,28.67,927.9,18.8,-40.0,0.0,1.0,0.0,0.0,415.0
2026-07-20 15:54:35.349,0.0,,,,,28.67,927.9,18.8,-40.0,0.0,1.0,0.0,0.0,415.0
2026-07-20 15:54:35.610,0.0,,,,,28.68,927.9,18.9,-40.0,0.0,1.0,0.0,0.0,416.0
2026-07-20 15:54:35.770,0.0,,,,,28.68,927.9,18.9,-40.0,0.0,1.0,0.0,0.0,416.0
2026-07-20 15:54:35.949,0.0,,,,,28.68,927.9,18.9,-40.0,0.0,1.0,0.0,0.0,416.0
2026-07-20 15:54:36.149,0.0,,,,,28.67,927.7,18.8,-40.0,0.0,1.0,0.0,0.0,416.0
2026-07-20 15:54:36.349,0.0,,,,,28.67,927.7,18.8,-40.0,0.0,1.0,0.0,0.0,416.0
2026-07-20 15:54:36.611,0.0,,,,,28.67,927.8,19.0,-40.0,0.0,1.0,0.0,0.0,417.0
2026-07-20 15:54:36.770,0.0,,,,,28.67,927.8,19.0,-40.0,0.0,1.0,0.0,0.0,417.0
2026-07-20 15:54:36.949,0.0,,,,,28.67,927.8,19.0,-40.0,0.0,1.0,0.0,0.0,417.0
2026-07-20 15:54:37.150,0.0,,,,,28.67,927.8,19.0,-40.0,0.0,1.0,0.0,0.0,417.0
2026-07-20 15:54:37.349,0.0,,,,,28.67,927.8,19.0,-40.0,0.0,1.0,0.0,0.0,417.0
2026-07-20 15:54:37.611,0.0,,,,,28.67,927.8,18.8,-40.0,0.0,1.0,0.0,0.0,418.0
