timestamp,ds0_c,ds1_c,ds2_c,ds3_c,ds4_c,bme_t_c,bme_p_hpa,bme_h_pct,target_c,comp,comp_allowed,hv,iso_duty,safe,up_s
2026-07-20 21:56:35.502,,,,,,,,,-40.0,0.0,0.0,0.0,0.0,0.0,4.0
2026-07-20 21:56:35.703,,,,,,,,,-40.0,0.0,0.0,0.0,0.0,0.0,4.0
2026-07-20 21:56:35.902,,,,,,,,,-40.0,0.0,0.0,0.0,0.0,0.0,4.0
2026-07-20 21:56:36.102,,,,,,,,,-40.0,0.0,0.0,0.0,0.0,0.0,4.0
2026-07-20 21:56:36.342,,,,,,,,,-40.0,0.0,0.0,0.0,0.0,0.0,5.0
2026-07-20 21:56:36.503,,,,,,,,,-40.0,0.0,0.0,0.0,0.0,0.0,5.0
2026-07-20 21:56:36.702,,,,,,,,,-40.0,0.0,0.0,0.0,0.0,0.0,5.0
2026-07-20 21:56:36.902,,,,,,,,,-40.0,0.0,0.0,0.0,0.0,0.0,5.0
2026-07-20 21:56:37.102,,,,,,,,,-40.0,0.0,0.0,0.0,0.0,0.0,5.0
2026-07-20 21:56:37.342,,,,,,,,,-40.0,0.0,0.0,0.0,0.0,0.0,6.0
2026-07-20 21:56:37.515,,,,,,,,,-40.0,0.0,0.0,0.0,0.0,0.0,6.0
2026-07-20 21:56:37.703,,,,,,,,,-40.0,0.0,0.0,0.0,0.0,0.0,6.0
2026-07-20 21:56:37.902,,,,,,,,,-40.0,0.0,0.0,0.0,0.0,0.0,6.0
2026-07-20 21:56:38.102,,,,,,,,,-40.0,0.0,0.0,0.0,0.0,0.0,6.0
2026-07-20 21:56:38.342,,,,,,,,,-40.0,0.0,0.0,0.0,0.0,0.0,7.0
2026-07-20 21:56:38.516,,,,,,,,,-40.0,0.0,0.0,0.0,0.0,0.0,7.0
2026-07-20 21:56:38.703,,,,,,,,,-40.0,0.0,0.0,0.0,0.0,0.0,7.0
2026-07-20 21:56:38.903,,,,,,,,,-40.0,0.0,0.0,0.0,0.0,0.0,7.0
2026-07-20 21:56:39.102,,,,,,,,,-40.0,0.0,0.0,0.0,0.0,0.0,7.0
2026-07-20 21:56:39.342,,,,,,,,,-40.0,0.0,0.0,0.0,0.0,0.0,8.0
2026-07-20 21:56:39.521,,,,,,,,,-40.0,0.0,0.0,0.0,0.0,0.0,8.0
2026-07-20 21:56:39.702,,,,,,,,,-40.0,0.0,0.0,0.0,0.0,0.0,8.0
2026-07-20 21:56:39.902,,,,,,,,,-40.0,0.0,0.0,0.0,0.0,0.0,8.0
2026-07-20 21:56:40.102,,,,,,,,,-40.0,0.0,0.0,0.0,0.0,0.0,8.0
2026-07-20 21:56:40.342,,,,,,,,,-40.0,0.0,0.0,0.0,0.0,0.0,9.0
2026-07-20 21:56:40.518,,,,,,,,,-40.0,0.0,0.0,0.0,0.0,0.0,9.0
2026-07-20 21:56:40.703,,,,,,,,,-40.0,0.0,0.0,0.0,0.0,0.0,9.0
2026-07-20 21:56:40.902,,,,,,,,,-40.0,0.0,0.0,0.0,0.0,0.0,9.0
2026-07-20 21:56:41.102,,,,,,,,,-40.0,0.0,0.0,0.0,0.0,0.0,9.0
2026-07-20 21:56:41.342,,,,,,,,,-40.0,0.0,0.0,0.0,0.0,0.0,10.0
2026-07-20 21:56:41.521,,,,,,,,,-40.0,0.0,0.0,0.0,0.0,0.0,10.0
2026-07-20 21:56:41.702,,,,,,,,,-40.0,0.0,0.0,0.0,0.0,0.0,10.0
2026-07-20 21:56:41.903,,,,,,,,,-40.0,0.0,0.0,0.0,0.0,0.0,10.0
2026-07-20 21:56:42.102,,,,,,,,,-40.0,1.0,1.0,0.0,0.0,0.0,10.0
2026-07-20 21:56:42.381,,,,,,,,,-40.0,1.0,1.0,0.0,0.0,0.0,11.0
2026-07-20 21:56:42.519,,,,,,,,,-40.0,1.0,1.0,0.0,0.0,0.0,11.0
2026-07-20 21:56:42.701,,,,,,,,,-40.0,1.0,1.0,0.0,0.0,0.0,11.0
2026-07-20 21:56:42.902,,,,,,,,,-40.0,1.0,1.0,0.0,0.0,0.0,11.0
2026-07-20 21:56:43.102,,,,,,,,,-40.0,1.0,1.0,0.0,0.0,0.0,11.0
2026-07-20 21:56:43.342,,,,,,,,,-40.0,1.0,1.0,0.0,0.0,0.0,12.0
2026-07-20 21:56:43.521,,,,,,,,,-40.0,1.0,1.0,0.0,0.0,0.0,12.0
2026-07-20 21:56:43.702,,,,,,,,,-40.0,1.0,1.0,0.0,0.0,0.0,12.0
2026-07-20 21:56:43.902,,,,,,,,,-40.0,1.0,1.0,0.0,0.0,0.0,12.0
2026-07-20 21:56:44.102,,,,,,,,,-40.0,1.0,1.0,0.0,0.0,0.0,12.0
2026-07-20 21:56:44.342,,,,,,,,,-40.0,1.0,1.0,0.0,0.0,0.0,13.0
2026-07-20 21:56:44.513,,,,,,,,,-40.0,1.0,1.0,0.0,0.0,0.0,13.0
2026-07-20 21:56:44.701,,,,,,,,,-40.0,1.0,1.0,0.0,0.0,0.0,13.0
2026-07-20 21:56:44.901,,,,,,,,,-40.0,0.0,0.0,0.0,0.0,0.0,13.0
2026-07-20 21:56:45.116,,,,,,,,,-40.0,0.0,0.0,0.0,0.0,0.0,13.0
2026-07-20 21:56:45.342,,,,,,,,,-40.0,0.0,0.0,0.0,0.0,0.0,13.0
2026-07-20 21:56:45.522,,,,,,,,,-40.0,0.0,0.0,0.0,0.0,0.0,14.0
2026-07-20 21:56:45.701,,,,,,,,,-40.0,0.0,0.0,0.0,0.0,0.0,14.0
2026-07-20 21:56:45.901,,,,,,,,,-40.0,0.0,0.0,0.0,0.0,0.0,14.0
2026-07-20 21:56:46.102,,,,,,,,,-40.0,0.0,0.0,0.0,0.0,0.0,14.0
2026-07-20 21:56:46.342,,,,,,,,,-40.0,0.0,0.0,0.0,0.0,0.0,14.0
2026-07-20 21:56:46.516,,,,,,,,,-40.0,0.0,0.0,0.0,0.0,0.0,15.0
2026-07-20 21:56:46.701,,,,,,,,,-40.0,0.0,0.0,0.0,0.0,0.0,15.0
2026-07-20 21:56:46.901,,,,,,,,,-40.0,0.0,0.0,0.0,0.0,0.0,15.0
2026-07-20 21:56:47.101,,,,,,,,,-40.0,0.0,0.0,0.0,0.0,0.0,15.0
2026-07-20 21:56:47.343,,,,,,,,,-40.0,1.0,1.0,0.0,0.0,0.0,15.0
2026-07-20 21:56:47.530,,,,,,,,,-40.0,1.0,1.0,0.0,0.0,0.0,16.0
2026-07-20 21:56:47.728,,,,,,,,,-40.0,1.0,1.0,0.0,0.0,0.0,16.0
2026-07-20 21:56:47.929,,,,,,,,,-40.0,1.0,1.0,0.0,0.0,0.0,16.0
2026-07-20 21:56:48.129,,,,,,,,,-40.0,1.0,1.0,0.0,0.0,0.0,16.0
2026-07-20 21:56:48.342,,,,,,,,,-40.0,1.0,1.0,0.0,0.0,0.0,17.0
2026-07-20 21:56:48.542,,,,,,,,,-40.0,0.0,1.0,0.0,0.0,0.0,17.0
2026-07-20 21:56:48.741,,,,,,,,,-40.0,0.0,1.0,0.0,0.0,0.0,17.0
2026-07-20 21:56:48.940,,,,,,,,,-40.0,0.0,1.0,0.0,0.0,0.0,17.0
2026-07-20 21:56:49.140,,,,,,,,,-40.0,0.0,1.0,0.0,0.0,0.0,17.0
2026-07-20 21:56:49.347,,,,,,,,,-40.0,0.0,1.0,0.0,0.0,0.0,18.0
2026-07-20 21:56:49.548,,,,,,,,,-40.0,0.0,1.0,0.0,0.0,0.0,18.0
2026-07-20 21:56:49.747,,,,,,,,,-40.0,0.0,1.0,0.0,0.0,0.0,18.0
2026-07-20 21:56:49.947,,,,,,,,,-40.0,0.0,1.0,0.0,0.0,0.0,18.0
2026-07-20 21:56:50.147,,,,,,,,,-40.0,0.0,1.0,0.0,0.0,0.0,18.0
2026-07-20 21:56:50.348,,,,,,,,,-40.0,0.0,1.0,0.0,0.0,0.0,19.0
2026-07-20 21:56:50.547,,,,,,,,,-40.0,0.0,1.0,0.0,0.0,0.0,19.0
2026-07-20 21:56:50.747,,,,,,,,,-40.0,0.0,1.0,0.0,0.0,0.0,19.0
2026-07-20 21:56:50.948,,,,,,,,,-40.0,0.0,1.0,0.0,0.0,0.0,19.0
2026-07-20 21:56:51.147,,,,,,,,,-40.0,0.0,1.0,0.0,0.0,0.0,19.0
2026-07-20 21:56:51.347,,,,,,,,,-40.0,0.0,1.0,0.0,0.0,0.0,20.0
2026-07-20 21:56:51.547,,,,,,,,,-40.0,0.0,1.0,0.0,0.0,0.0,20.0
2026-07-20 21:56:51.747,,,,,,,,,-40.0,0.0,1.0,0.0,0.0,0.0,20.0
2026-07-20 21:56:51.947,,,,,,,,,-40.0,0.0,1.0,0.0,0.0,0.0,20.0
2026-07-20 21:56:52.147,,,,,,,,,-40.0,0.0,1.0,0.0,0.0,0.0,20.0
2026-07-20 21:56:52.347,,,,,,,,,-40.0,0.0,1.0,0.0,0.0,0.0,21.0
2026-07-20 21:56:52.547,,,,,,,,,-40.0,0.0,1.0,0.0,0.0,0.0,21.0
2026-07-20 21:56:52.747,,,,,,,,,-40.0,0.0,1.0,0.0,0.0,0.0,21.0
2026-07-20 21:56:52.948,,,,,,,,,-40.0,0.0,1.0,0.0,0.0,0.0,21.0
2026-07-20 21:56:53.147,,,,,,,,,-40.0,0.0,1.0,0.0,0.0,0.0,21.0
2026-07-20 21:56:53.347,,,,,,,,,-40.0,0.0,1.0,0.0,0.0,0.0,22.0
2026-07-20 21:56:53.547,,,,,,,,,-40.0,0.0,1.0,0.0,0.0,0.0,22.0
2026-07-20 21:56:53.748,,,,,,,,,-40.0,0.0,1.0,0.0,0.0,0.0,22.0
2026-07-20 21:56:53.947,,,,,,,,,-40.0,0.0,1.0,0.0,0.0,0.0,22.0
2026-07-20 21:56:54.147,,,,,,,,,-40.0,0.0,1.0,0.0,0.0,0.0,22.0
2026-07-20 21:56:54.347,,,,,,,,,-40.0,0.0,1.0,0.0,0.0,0.0,23.0
2026-07-20 21:56:54.547,,,,,,,,,-40.0,0.0,1.0,0.0,0.0,0.0,23.0
2026-07-20 21:56:54.747,,,,,,,,,-40.0,0.0,1.0,0.0,0.0,0.0,23.0
2026-07-20 21:56:54.947,,,,,,,,,-40.0,0.0,1.0,0.0,0.0,0.0,23.0
2026-07-20 21:56:55.147,,,,,,,,,-40.0,0.0,1.0,0.0,0.0,0.0,23.0
2026-07-20 21:56:55.347,,,,,,,,,-40.0,0.0,1.0,0.0,0.0,0.0,24.0
2026-07-20 21:56:55.547,,,,,,,,,-40.0,0.0,1.0,0.0,0.0,0.0,24.0
2026-07-20 21:56:55.747,,,,,,,,,-40.0,0.0,1.0,0.0,0.0,0.0,24.0
2026-07-20 21:56:55.948,,,,,,,,,-40.0,0.0,1.0,0.0,0.0,0.0,24.0
2026-07-20 21:56:56.147,,,,,,,,,-40.0,0.0,1.0,0.0,0.0,0.0,24.0
2026-07-20 21:56:56.347,,,,,,,,,-40.0,0.0,1.0,0.0,0.0,0.0,25.0
2026-07-20 21:56:56.547,,,,,,,,,-40.0,0.0,1.0,0.0,0.0,0.0,25.0
2026-07-20 21:56:56.748,,,,,,,,,-40.0,0.0,1.0,0.0,0.0,0.0,25.0
2026-07-20 21:56:56.949,,,,,,,,,-40.0,0.0,1.0,0.0,0.0,0.0,25.0
2026-07-20 21:56:57.146,,,,,,,,,-40.0,0.0,1.0,0.0,0.0,0.0,25.0
2026-07-20 21:56:57.349,,,,,,,,,-40.0,0.0,1.0,0.0,0.0,0.0,26.0
2026-07-20 21:56:57.547,,,,,,,,,-40.0,0.0,1.0,0.0,0.0,0.0,26.0
2026-07-20 21:56:57.747,,,,,,,,,-40.0,0.0,1.0,0.0,0.0,0.0,26.0
2026-07-20 21:56:57.947,,,,,,,,,-40.0,0.0,1.0,0.0,0.0,0.0,26.0
2026-07-20 21:56:58.148,,,,,,,,,-40.0,0.0,1.0,0.0,0.0,0.0,26.0
2026-07-20 21:56:58.347,,,,,,,,,-40.0,0.0,1.0,0.0,0.0,0.0,27.0
2026-07-20 21:56:58.547,,,,,,,,,-40.0,0.0,1.0,0.0,0.0,0.0,27.0
2026-07-20 21:56:58.748,,,,,,,,,-40.0,0.0,1.0,0.0,0.0,0.0,27.0
2026-07-20 21:56:58.948,,,,,,,,,-40.0,0.0,1.0,0.0,0.0,0.0,27.0
2026-07-20 21:56:59.147,,,,,,,,,-40.0,0.0,1.0,0.0,0.0,0.0,27.0
2026-07-20 21:56:59.347,,,,,,,,,-40.0,0.0,1.0,0.0,0.0,0.0,28.0
2026-07-20 21:56:59.547,,,,,,,,,-40.0,0.0,1.0,0.0,0.0,0.0,28.0
2026-07-20 21:56:59.746,,,,,,,,,-40.0,0.0,1.0,0.0,0.0,0.0,28.0
2026-07-20 21:56:59.947,,,,,,,,,-40.0,0.0,1.0,0.0,0.0,0.0,28.0
2026-07-20 21:57:00.147,,,,,,,,,-40.0,0.0,1.0,0.0,0.0,0.0,28.0
2026-07-20 21:57:00.347,,,,,,,,,-40.0,0.0,1.0,0.0,0.0,0.0,29.0
2026-07-20 21:57:00.547,,,,,,,,,-40.0,0.0,1.0,0.0,0.0,0.0,29.0
2026-07-20 21:57:00.748,,,,,,,,,-40.0,0.0,1.0,0.0,0.0,0.0,29.0
2026-07-20 21:57:00.947,,,,,,,,,-40.0,0.0,1.0,0.0,0.0,0.0,29.0
2026-07-20 21:57:01.146,,,,,,,,,-40.0,0.0,1.0,0.0,0.0,0.0,29.0
2026-07-20 21:57:01.347,,,,,,,,,-40.0,0.0,1.0,0.0,0.0,0.0,30.0
2026-07-20 21:57:01.548,,,,,,,,,-40.0,0.0,1.0,0.0,0.0,0.0,30.0
2026-07-20 21:57:01.747,,,,,,,,,-40.0,0.0,1.0,0.0,0.0,0.0,30.0
2026-07-20 21:57:01.948,,,,,,,,,-40.0,0.0,1.0,0.0,0.0,0.0,30.0
2026-07-20 21:57:02.147,,,,,,,,,-40.0,0.0,1.0,0.0,0.0,0.0,30.0
2026-07-20 21:57:02.347,,,,,,,,,-40.0,0.0,1.0,0.0,0.0,0.0,31.0
2026-07-20 21:57:02.547,,,,,,,,,-40.0,0.0,1.0,0.0,0.0,0.0,31.0
2026-07-20 21:57:02.747,,,,,,,,,-40.0,0.0,1.0,0.0,0.0,0.0,31.0
2026-07-20 21:57:02.947,,,,,,,,,-40.0,0.0,1.0,0.0,0.0,0.0,31.0
2026-07-20 21:57:03.147,,,,,,,,,-40.0,0.0,1.0,0.0,0.0,0.0,31.0
2026-07-20 21:57:03.347,,,,,,,,,-40.0,0.0,1.0,0.0,0.0,0.0,32.0
2026-07-20 21:57:03.547,,,,,,,,,-40.0,0.0,1.0,0.0,0.0,0.0,32.0
2026-07-20 21:57:03.747,,,,,,,,,-40.0,0.0,1.0,0.0,0.0,0.0,32.0
2026-07-20 21:57:03.947,,,,,,,,,-40.0,0.0,1.0,0.0,0.0,0.0,32.0
2026-07-20 21:57:04.153,,,,,,,,,-40.0,0.0,1.0,0.0,0.0,0.0,32.0
2026-07-20 21:57:04.346,,,,,,,,,-40.0,0.0,1.0,0.0,0.0,0.0,33.0
2026-07-20 21:57:04.547,,,,,,,,,-40.0,0.0,1.0,0.0,0.0,0.0,33.0
2026-07-20 21:57:04.747,,,,,,,,,-40.0,0.0,1.0,0.0,0.0,0.0,33.0
2026-07-20 21:57:04.947,,,,,,,,,-40.0,0.0,1.0,0.0,0.0,0.0,33.0
2026-07-20 21:57:05.147,,,,,,,,,-40.0,0.0,1.0,0.0,0.0,0.0,33.0
2026-07-20 21:57:05.347,,,,,,,,,-40.0,0.0,1.0,0.0,0.0,0.0,34.0
2026-07-20 21:57:05.547,,,,,,,,,-40.0,0.0,1.0,0.0,0.0,0.0,34.0
2026-07-20 21:57:05.747,,,,,,,,,-40.0,0.0,1.0,0.0,0.0,0.0,34.0
2026-07-20 21:57:05.947,,,,,,,,,-40.0,0.0,1.0,0.0,0.0,0.0,34.0
2026-07-20 21:57:06.147,,,,,,,,,-40.0,0.0,1.0,0.0,0.0,0.0,34.0
2026-07-20 21:57:06.347,,,,,,,,,-40.0,0.0,1.0,0.0,0.0,0.0,35.0
2026-07-20 21:57:06.547,,,,,,,,,-40.0,0.0,1.0,0.0,0.0,0.0,35.0
2026-07-20 21:57:06.746,,,,,,,,,-40.0,0.0,1.0,0.0,0.0,0.0,35.0
2026-07-20 21:57:06.947,,,,,,,,,-40.0,0.0,1.0,0.0,0.0,0.0,35.0
2026-07-20 21:57:07.147,,,,,,,,,-40.0,0.0,1.0,0.0,0.0,0.0,35.0
2026-07-20 21:57:07.347,,,,,,,,,-40.0,0.0,1.0,0.0,0.0,0.0,36.0
2026-07-20 21:57:07.548,,,,,,,,,-40.0,0.0,1.0,0.0,0.0,0.0,36.0
2026-07-20 21:57:07.746,,,,,,,,,-40.0,0.0,1.0,0.0,0.0,0.0,36.0
2026-07-20 21:57:07.947,,,,,,,,,-40.0,0.0,1.0,0.0,0.0,0.0,36.0
2026-07-20 21:57:08.147,,,,,,,,,-40.0,0.0,1.0,0.0,0.0,0.0,36.0
2026-07-20 21:57:08.347,,,,,,,,,-40.0,0.0,1.0,0.0,0.0,0.0,37.0
2026-07-20 21:57:08.547,,,,,,,,,-40.0,0.0,1.0,0.0,0.0,0.0,37.0
2026-07-20 21:57:08.747,,,,,,,,,-40.0,0.0,1.0,0.0,0.0,0.0,37.0
2026-07-20 21:57:08.946,,,,,,,,,-40.0,0.0,1.0,0.0,0.0,0.0,37.0
2026-07-20 21:57:09.147,,,,,,,,,-40.0,0.0,1.0,0.0,0.0,0.0,37.0
2026-07-20 21:57:09.347,,,,,,,,,-40.0,0.0,1.0,0.0,0.0,0.0,38.0
2026-07-20 21:57:09.548,,,,,,,,,-40.0,0.0,1.0,0.0,0.0,0.0,38.0
2026-07-20 21:57:09.748,,,,,,,,,-40.0,0.0,1.0,0.0,0.0,0.0,38.0
2026-07-20 21:57:09.946,,,,,,,,,-40.0,0.0,1.0,0.0,0.0,0.0,38.0
2026-07-20 21:57:10.147,,,,,,,,,-40.0,0.0,1.0,0.0,0.0,0.0,38.0
2026-07-20 21:57:10.347,,,,,,,,,-40.0,0.0,1.0,0.0,0.0,0.0,39.0
2026-07-20 21:57:10.546,,,,,,,,,-40.0,0.0,1.0,0.0,0.0,0.0,39.0
2026-07-20 21:57:10.747,,,,,,,,,-40.0,0.0,1.0,0.0,0.0,0.0,39.0
2026-07-20 21:57:10.947,,,,,,,,,-40.0,0.0,1.0,0.0,0.0,0.0,39.0
2026-07-20 21:57:11.147,,,,,,,,,-40.0,0.0,1.0,0.0,0.0,0.0,39.0
2026-07-20 21:57:11.347,,,,,,,,,-40.0,0.0,1.0,0.0,0.0,0.0,40.0
2026-07-20 21:57:11.547,,,,,,,,,-40.0,0.0,1.0,0.0,0.0,0.0,40.0
2026-07-20 21:57:11.746,,,,,,,,,-40.0,0.0,1.0,0.0,0.0,0.0,40.0
2026-07-20 21:57:11.947,,,,,,,,,-40.0,0.0,1.0,0.0,0.0,0.0,40.0
2026-07-20 21:57:12.147,,,,,,,,,-40.0,0.0,1.0,0.0,0.0,0.0,40.0
2026-07-20 21:57:12.352,,,,,,,,,-40.0,0.0,1.0,0.0,0.0,0.0,41.0
2026-07-20 21:57:12.546,,,,,,,,,-40.0,0.0,1.0,0.0,0.0,0.0,41.0
2026-07-20 21:57:12.746,,,,,,,,,-40.0,0.0,1.0,0.0,0.0,0.0,41.0
2026-07-20 21:57:12.947,,,,,,,,,-40.0,0.0,1.0,0.0,0.0,0.0,41.0
2026-07-20 21:57:13.147,,,,,,,,,-40.0,0.0,1.0,0.0,0.0,0.0,41.0
2026-07-20 21:57:13.364,,,,,,,,,-40.0,0.0,1.0,0.0,0.0,0.0,42.0
2026-07-20 21:57:13.547,,,,,,,,,-40.0,0.0,1.0,0.0,0.0,0.0,42.0
2026-07-20 21:57:13.747,,,,,,,,,-40.0,0.0,1.0,0.0,0.0,0.0,42.0
2026-07-20 21:57:13.946,,,,,,,,,-40.0,0.0,1.0,0.0,0.0,0.0,42.0
2026-07-20 21:57:14.146,,,,,,,,,-40.0,0.0,1.0,0.0,0.0,0.0,42.0
2026-07-20 21:57:14.346,,,,,,,,,-40.0,0.0,1.0,0.0,0.0,0.0,43.0
2026-07-20 21:57:14.547,,,,,,,,,-40.0,0.0,1.0,0.0,0.0,0.0,43.0
2026-07-20 21:57:14.747,,,,,,,,,-40.0,0.0,1.0,0.0,0.0,0.0,43.0
2026-07-20 21:57:14.947,,,,,,,,,-40.0,0.0,1.0,0.0,0.0,0.0,43.0
2026-07-20 21:57:15.146,,,,,,,,,-40.0,0.0,1.0,0.0,0.0,0.0,43.0
2026-07-20 21:57:15.347,,,,,,,,,-40.0,0.0,1.0,0.0,0.0,0.0,44.0
2026-07-20 21:57:15.546,,,,,,,,,-40.0,0.0,1.0,0.0,0.0,0.0,44.0
2026-07-20 21:57:15.747,,,,,,,,,-40.0,0.0,1.0,0.0,0.0,0.0,44.0
2026-07-20 21:57:15.947,,,,,,,,,-40.0,0.0,1.0,0.0,0.0,0.0,44.0
2026-07-20 21:57:16.146,,,,,,,,,-40.0,0.0,1.0,0.0,0.0,0.0,44.0
2026-07-20 21:57:16.347,,,,,,,,,-40.0,0.0,1.0,0.0,0.0,0.0,45.0
2026-07-20 21:57:16.547,,,,,,,,,-40.0,0.0,1.0,0.0,0.0,0.0,45.0
2026-07-20 21:57:16.746,,,,,,,,,-40.0,0.0,1.0,0.0,0.0,0.0,45.0
2026-07-20 21:57:16.946,,,,,,,,,-40.0,0.0,1.0,0.0,0.0,0.0,45.0
2026-07-20 21:57:17.146,,,,,,,,,-40.0,0.0,1.0,0.0,0.0,0.0,45.0
2026-07-20 21:57:17.346,,,,,,,,,-40.0,0.0,1.0,0.0,0.0,0.0,46.0
2026-07-20 21:57:17.546,,,,,,,,,-40.0,0.0,1.0,0.0,0.0,0.0,46.0
2026-07-20 21:57:17.746,,,,,,,,,-40.0,0.0,1.0,0.0,0.0,0.0,46.0
2026-07-20 21:57:17.947,,,,,,,,,-40.0,0.0,1.0,0.0,0.0,0.0,46.0
2026-07-20 21:57:18.147,,,,,,,,,-40.0,0.0,1.0,0.0,0.0,0.0,46.0
2026-07-20 21:57:18.354,,,,,,,,,-40.0,0.0,1.0,0.0,0.0,0.0,47.0
2026-07-20 21:57:18.546,,,,,,,,,-40.0,0.0,0.0,0.0,0.0,0.0,47.0
2026-07-20 21:57:18.747,,,,,,,,,-40.0,0.0,0.0,0.0,0.0,0.0,47.0
2026-07-20 21:57:18.946,,,,,,,,,-40.0,0.0,0.0,0.0,0.0,0.0,47.0
2026-07-20 21:57:19.145,,,,,,,,,-40.0,0.0,0.0,0.0,0.0,0.0,47.0
2026-07-20 21:57:19.346,,,,,,,,,-40.0,0.0,0.0,0.0,0.0,0.0,47.0
2026-07-20 21:57:19.546,,,,,,,,,-40.0,0.0,0.0,0.0,0.0,0.0,48.0
2026-07-20 21:57:19.745,,,,,,,,,-40.0,0.0,0.0,0.0,0.0,0.0,48.0
2026-07-20 21:57:19.946,,,,,,,,,-40.0,0.0,0.0,0.0,0.0,0.0,48.0
2026-07-20 21:57:20.146,,,,,,,,,-40.0,0.0,0.0,0.0,0.0,0.0,48.0
2026-07-20 21:57:20.346,,,,,,,,,-40.0,0.0,0.0,0.0,0.0,0.0,48.0
2026-07-20 21:57:20.545,,,,,,,,,-40.0,0.0,0.0,0.0,0.0,0.0,49.0
2026-07-20 21:57:20.747,,,,,,,,,-40.0,0.0,0.0,0.0,0.0,0.0,49.0
2026-07-20 21:57:20.945,,,,,,,,,-40.0,0.0,0.0,0.0,0.0,0.0,49.0
2026-07-20 21:57:21.146,,,,,,,,,-40.0,0.0,0.0,0.0,0.0,0.0,49.0
2026-07-20 21:57:21.346,,,,,,,,,-40.0,0.0,0.0,0.0,0.0,0.0,49.0
2026-07-20 21:57:21.546,,,,,,,,,-40.0,0.0,0.0,0.0,0.0,0.0,50.0
2026-07-20 21:57:21.746,,,,,,,,,-40.0,0.0,0.0,0.0,0.0,0.0,50.0
2026-07-20 21:57:21.947,,,,,,,,,-40.0,0.0,0.0,0.0,0.0,0.0,50.0
2026-07-20 21:57:22.146,,,,,,,,,-40.0,0.0,0.0,0.0,0.0,0.0,50.0
2026-07-20 21:57:22.346,,,,,,,,,-40.0,0.0,0.0,0.0,0.0,0.0,50.0
2026-07-20 21:57:22.546,,,,,,,,,-40.0,0.0,0.0,0.0,0.0,0.0,51.0
2026-07-20 21:57:22.746,,,,,,,,,-40.0,0.0,0.0,0.0,0.0,0.0,51.0
2026-07-20 21:57:22.946,,,,,,,,,-40.0,0.0,0.0,0.0,0.0,0.0,51.0
2026-07-20 21:57:23.146,,,,,,,,,-40.0,0.0,0.0,0.0,0.0,0.0,51.0
2026-07-20 21:57:23.345,,,,,,,,,-40.0,0.0,0.0,0.0,0.0,0.0,51.0
2026-07-20 21:57:23.545,,,,,,,,,-40.0,0.0,0.0,0.0,0.0,0.0,52.0
2026-07-20 21:57:23.746,,,,,,,,,-40.0,0.0,0.0,0.0,0.0,0.0,52.0
2026-07-20 21:57:23.946,,,,,,,,,-40.0,0.0,0.0,0.0,0.0,0.0,52.0
2026-07-20 21:57:24.145,,,,,,,,,-40.0,0.0,0.0,0.0,0.0,0.0,52.0
2026-07-20 21:57:24.346,,,,,,,,,-40.0,0.0,0.0,0.0,0.0,0.0,52.0
2026-07-20 21:57:24.545,,,,,,,,,-40.0,0.0,0.0,0.0,0.0,0.0,53.0
2026-07-20 21:57:24.746,,,,,,,,,-40.0,0.0,0.0,0.0,0.0,0.0,53.0
2026-07-20 21:57:24.946,,,,,,,,,-40.0,0.0,0.0,0.0,0.0,0.0,53.0
2026-07-20 21:57:25.145,,,,,,,,,-40.0,0.0,0.0,0.0,0.0,0.0,53.0
2026-07-20 21:57:25.346,,,,,,,,,-40.0,0.0,0.0,0.0,0.0,0.0,53.0
2026-07-20 21:57:25.545,,,,,,,,,-40.0,0.0,0.0,0.0,0.0,0.0,54.0
2026-07-20 21:57:25.746,,,,,,,,,-40.0,0.0,0.0,0.0,0.0,0.0,54.0
2026-07-20 21:57:25.946,,,,,,,,,-40.0,0.0,0.0,0.0,0.0,0.0,54.0
2026-07-20 21:57:26.145,,,,,,,,,-40.0,0.0,0.0,0.0,0.0,0.0,54.0
2026-07-20 21:57:26.345,,,,,,,,,-40.0,0.0,0.0,0.0,0.0,0.0,54.0
2026-07-20 21:57:26.545,,,,,,,,,-40.0,0.0,0.0,0.0,0.0,0.0,55.0
2026-07-20 21:57:26.745,,,,,,,,,-40.0,0.0,0.0,0.0,0.0,0.0,55.0
2026-07-20 21:57:26.946,,,,,,,,,-40.0,0.0,0.0,0.0,0.0,0.0,55.0
2026-07-20 21:57:27.145,,,,,,,,,-40.0,0.0,0.0,0.0,0.0,0.0,55.0
2026-07-20 21:57:27.345,,,,,,,,,-40.0,0.0,0.0,0.0,0.0,0.0,55.0
2026-07-20 21:57:27.545,,,,,,,,,-40.0,0.0,0.0,0.0,0.0,0.0,56.0
2026-07-20 21:57:27.746,,,,,,,,,-40.0,0.0,0.0,0.0,0.0,0.0,56.0
2026-07-20 21:57:27.946,,,,,,,,,-40.0,0.0,0.0,0.0,0.0,0.0,56.0
2026-07-20 21:57:28.146,,,,,,,,,-40.0,0.0,0.0,0.0,0.0,0.0,56.0
2026-07-20 21:57:28.346,,,,,,,,,-40.0,0.0,0.0,0.0,0.0,0.0,56.0
2026-07-20 21:57:28.546,,,,,,,,,-40.0,0.0,0.0,0.0,0.0,0.0,57.0
2026-07-20 21:57:28.746,,,,,,,,,-40.0,0.0,0.0,0.0,0.0,0.0,57.0
2026-07-20 21:57:28.946,,,,,,,,,-40.0,0.0,0.0,0.0,0.0,0.0,57.0
2026-07-20 21:57:29.146,,,,,,,,,-40.0,0.0,0.0,0.0,0.0,0.0,57.0
2026-07-20 21:57:29.345,,,,,,,,,-40.0,0.0,0.0,0.0,0.0,0.0,57.0
2026-07-20 21:57:29.546,,,,,,,,,-40.0,0.0,0.0,0.0,0.0,0.0,58.0
2026-07-20 21:57:29.745,,,,,,,,,-40.0,0.0,0.0,0.0,0.0,0.0,58.0
2026-07-20 21:57:29.947,,,,,,,,,-40.0,0.0,0.0,0.0,0.0,0.0,58.0
2026-07-20 21:57:30.145,,,,,,,,,-40.0,0.0,0.0,0.0,0.0,0.0,58.0
2026-07-20 21:57:30.347,,,,,,,,,-40.0,0.0,0.0,0.0,0.0,0.0,58.0
2026-07-20 21:57:30.548,,,,,,,,,-40.0,0.0,0.0,0.0,0.0,0.0,59.0
2026-07-20 21:57:30.746,,,,,,,,,-40.0,0.0,0.0,0.0,0.0,0.0,59.0
2026-07-20 21:57:30.945,,,,,,,,,-40.0,0.0,0.0,0.0,0.0,0.0,59.0
2026-07-20 21:57:31.145,,,,,,,,,-40.0,0.0,0.0,0.0,0.0,0.0,59.0
2026-07-20 21:57:31.346,,,,,,,,,-40.0,0.0,0.0,0.0,0.0,0.0,59.0
2026-07-20 21:57:31.546,,,,,,,,,-40.0,0.0,0.0,0.0,0.0,0.0,60.0
2026-07-20 21:57:31.745,,,,,,,,,-40.0,0.0,0.0,0.0,0.0,0.0,60.0
2026-07-20 21:57:31.946,,,,,,,,,-40.0,0.0,0.0,0.0,0.0,0.0,60.0
2026-07-20 21:57:32.146,,,,,,,,,-40.0,0.0,0.0,0.0,0.0,0.0,60.0
2026-07-20 21:57:32.345,,,,,,,,,-40.0,0.0,0.0,0.0,0.0,0.0,60.0
2026-07-20 21:57:32.545,,,,,,,,,-40.0,0.0,0.0,0.0,0.0,0.0,61.0
2026-07-20 21:57:32.746,,,,,,,,,-40.0,0.0,0.0,0.0,0.0,0.0,61.0
2026-07-20 21:57:32.946,,,,,,,,,-40.0,0.0,0.0,0.0,0.0,0.0,61.0
2026-07-20 21:57:33.145,,,,,,,,,-40.0,0.0,0.0,0.0,0.0,0.0,61.0
2026-07-20 21:57:33.345,,,,,,,,,-40.0,0.0,0.0,0.0,0.0,0.0,61.0
2026-07-20 21:57:33.545,,,,,,,,,-40.0,0.0,0.0,0.0,0.0,0.0,62.0
2026-07-20 21:57:33.746,,,,,,,,,-40.0,0.0,0.0,0.0,0.0,0.0,62.0
2026-07-20 21:57:33.945,,,,,,,,,-40.0,0.0,0.0,0.0,0.0,0.0,62.0
2026-07-20 21:57:34.145,,,,,,,,,-40.0,0.0,0.0,0.0,0.0,0.0,62.0
2026-07-20 21:57:34.348,,,,,,,,,-40.0,0.0,0.0,0.0,0.0,0.0,62.0
2026-07-20 21:57:34.545,,,,,,,,,-40.0,0.0,0.0,0.0,0.0,0.0,63.0
2026-07-20 21:57:34.746,,,,,,,,,-40.0,0.0,0.0,0.0,0.0,0.0,63.0
2026-07-20 21:57:34.945,,,,,,,,,-40.0,0.0,0.0,0.0,0.0,0.0,63.0
2026-07-20 21:57:35.145,,,,,,,,,-40.0,0.0,0.0,0.0,0.0,0.0,63.0
2026-07-20 21:57:35.345,,,,,,,,,-40.0,0.0,0.0,0.0,0.0,0.0,63.0
2026-07-20 21:57:35.545,,,,,,,,,-40.0,0.0,0.0,0.0,0.0,0.0,64.0
2026-07-20 21:57:35.746,,,,,,,,,-40.0,0.0,0.0,0.0,0.0,0.0,64.0
2026-07-20 21:57:35.945,,,,,,,,,-40.0,0.0,0.0,0.0,0.0,0.0,64.0
2026-07-20 21:57:36.146,,,,,,,,,-40.0,0.0,0.0,0.0,0.0,0.0,64.0
2026-07-20 21:57:36.346,,,,,,,,,-40.0,0.0,0.0,0.0,0.0,0.0,64.0
2026-07-20 21:57:36.546,,,,,,,,,-40.0,0.0,0.0,0.0,0.0,0.0,65.0
2026-07-20 21:57:36.746,,,,,,,,,-40.0,0.0,0.0,0.0,0.0,0.0,65.0
2026-07-20 21:57:36.946,,,,,,,,,-40.0,0.0,0.0,0.0,0.0,0.0,65.0
2026-07-20 21:57:37.145,,,,,,,,,-40.0,0.0,0.0,0.0,0.0,0.0,65.0
2026-07-20 21:57:37.345,,,,,,,,,-40.0,0.0,0.0,0.0,0.0,0.0,65.0
2026-07-20 21:57:37.557,,,,,,,,,-40.0,0.0,0.0,0.0,0.0,0.0,66.0
2026-07-20 21:57:37.745,,,,,,,,,-40.0,0.0,0.0,0.0,0.0,0.0,66.0
2026-07-20 21:57:37.946,,,,,,,,,-40.0,0.0,0.0,0.0,0.0,0.0,66.0
2026-07-20 21:57:38.145,,,,,,,,,-40.0,0.0,0.0,0.0,0.0,0.0,66.0
2026-07-20 21:57:38.345,,,,,,,,,-40.0,0.0,0.0,0.0,0.0,0.0,66.0
2026-07-20 21:57:38.546,,,,,,,,,-40.0,0.0,0.0,0.0,0.0,0.0,67.0
2026-07-20 21:57:38.746,,,,,,,,,-40.0,0.0,0.0,0.0,0.0,0.0,67.0
2026-07-20 21:57:38.945,,,,,,,,,-40.0,0.0,0.0,0.0,0.0,0.0,67.0
2026-07-20 21:57:39.146,,,,,,,,,-40.0,0.0,0.0,0.0,0.0,0.0,67.0
2026-07-20 21:57:39.345,,,,,,,,,-40.0,0.0,0.0,0.0,0.0,0.0,67.0
2026-07-20 21:57:39.545,,,,,,,,,-40.0,0.0,0.0,0.0,0.0,0.0,68.0
2026-07-20 21:57:39.760,,,,,,,,,-40.0,0.0,0.0,0.0,0.0,0.0,68.0
2026-07-20 21:57:39.945,,,,,,,,,-40.0,0.0,0.0,0.0,0.0,0.0,68.0
2026-07-20 21:57:40.145,,,,,,,,,-40.0,0.0,0.0,0.0,0.0,0.0,68.0
2026-07-20 21:57:40.345,,,,,,,,,-40.0,0.0,0.0,0.0,0.0,0.0,68.0
2026-07-20 21:57:40.545,,,,,,,,,-40.0,0.0,0.0,0.0,0.0,0.0,69.0
2026-07-20 21:57:40.746,,,,,,,,,-40.0,0.0,0.0,0.0,0.0,0.0,69.0
2026-07-20 21:57:40.946,,,,,,,,,-40.0,0.0,0.0,0.0,0.0,0.0,69.0
2026-07-20 21:57:41.145,,,,,,,,,-40.0,0.0,0.0,0.0,0.0,0.0,69.0
2026-07-20 21:57:41.345,,,,,,,,,-40.0,0.0,0.0,0.0,0.0,0.0,69.0
2026-07-20 21:57:41.545,,,,,,,,,-40.0,0.0,0.0,0.0,0.0,0.0,70.0
2026-07-20 21:57:41.745,,,,,,,,,-40.0,0.0,0.0,0.0,0.0,0.0,70.0
2026-07-20 21:57:41.945,,,,,,,,,-40.0,0.0,0.0,0.0,0.0,0.0,70.0
2026-07-20 21:57:42.145,,,,,,,,,-40.0,0.0,0.0,0.0,0.0,0.0,70.0
2026-07-20 21:57:42.345,,,,,,,,,-40.0,0.0,0.0,0.0,0.0,0.0,70.0
2026-07-20 21:57:42.545,,,,,,,,,-40.0,0.0,0.0,0.0,0.0,0.0,71.0
2026-07-20 21:57:42.745,,,,,,,,,-40.0,0.0,0.0,0.0,0.0,0.0,71.0
2026-07-20 21:57:42.945,,,,,,,,,-40.0,0.0,0.0,0.0,0.0,0.0,71.0
2026-07-20 21:57:43.145,,,,,,,,,-40.0,0.0,0.0,0.0,0.0,0.0,71.0
2026-07-20 21:57:43.346,,,,,,,,,-40.0,0.0,0.0,0.0,0.0,0.0,71.0
2026-07-20 21:57:43.545,,,,,,,,,-40.0,0.0,0.0,0.0,0.0,0.0,72.0
2026-07-20 21:57:43.746,,,,,,,,,-40.0,0.0,0.0,0.0,0.0,0.0,72.0
2026-07-20 21:57:43.945,,,,,,,,,-40.0,0.0,0.0,0.0,0.0,0.0,72.0
2026-07-20 21:57:44.146,,,,,,,,,-40.0,0.0,0.0,0.0,0.0,0.0,72.0
2026-07-20 21:57:44.346,,,,,,,,,-40.0,0.0,0.0,0.0,0.0,0.0,72.0
2026-07-20 21:57:44.545,,,,,,,,,-40.0,0.0,0.0,0.0,0.0,0.0,73.0
2026-07-20 21:57:44.744,,,,,,,,,-40.0,0.0,0.0,0.0,0.0,0.0,73.0
2026-07-20 21:57:44.945,,,,,,,,,-40.0,0.0,0.0,0.0,0.0,0.0,73.0
2026-07-20 21:57:45.144,,,,,,,,,-40.0,0.0,0.0,0.0,0.0,0.0,73.0
2026-07-20 21:57:45.345,,,,,,,,,-40.0,0.0,0.0,0.0,0.0,0.0,73.0
2026-07-20 21:57:45.544,,,,,,,,,-40.0,0.0,0.0,0.0,0.0,0.0,74.0
2026-07-20 21:57:45.745,,,,,,,,,-40.0,0.0,0.0,0.0,0.0,0.0,74.0
2026-07-20 21:57:45.945,,,,,,,,,-40.0,0.0,0.0,0.0,0.0,0.0,74.0
2026-07-20 21:57:46.145,,,,,,,,,-40.0,0.0,0.0,0.0,0.0,0.0,74.0
2026-07-20 21:57:46.346,,,,,,,,,-40.0,0.0,0.0,0.0,0.0,0.0,74.0
2026-07-20 21:57:46.545,,,,,,,,,-40.0,0.0,0.0,0.0,0.0,0.0,75.0
2026-07-20 21:57:46.759,,,,,,,,,-40.0,0.0,0.0,0.0,0.0,0.0,75.0
2026-07-20 21:57:46.945,,,,,,,,,-40.0,0.0,0.0,0.0,0.0,0.0,75.0
2026-07-20 21:57:47.146,,,,,,,,,-40.0,0.0,0.0,0.0,0.0,0.0,75.0
2026-07-20 21:57:47.345,,,,,,,,,-40.0,0.0,0.0,0.0,0.0,0.0,75.0
2026-07-20 21:57:47.545,,,,,,,,,-40.0,0.0,0.0,0.0,0.0,0.0,76.0
2026-07-20 21:57:47.744,,,,,,,,,-40.0,0.0,0.0,0.0,0.0,0.0,76.0
2026-07-20 21:57:47.945,,,,,,,,,-40.0,0.0,0.0,0.0,0.0,0.0,76.0
2026-07-20 21:57:48.145,,,,,,,,,-40.0,0.0,0.0,0.0,0.0,0.0,76.0
2026-07-20 21:57:48.345,,,,,,,,,-40.0,0.0,0.0,0.0,0.0,0.0,76.0
2026-07-20 21:57:48.545,,,,,,,,,-40.0,0.0,0.0,0.0,0.0,0.0,77.0
2026-07-20 21:57:48.745,,,,,,,,,-40.0,0.0,0.0,0.0,0.0,0.0,77.0
2026-07-20 21:57:48.945,,,,,,,,,-40.0,0.0,0.0,0.0,0.0,0.0,77.0
2026-07-20 21:57:49.145,,,,,,,,,-40.0,0.0,0.0,0.0,0.0,0.0,77.0
2026-07-20 21:57:49.345,,,,,,,,,-40.0,0.0,0.0,0.0,0.0,0.0,77.0
2026-07-20 21:57:49.546,,,,,,,,,-40.0,0.0,0.0,0.0,0.0,0.0,78.0
2026-07-20 21:57:49.745,,,,,,,,,-40.0,0.0,0.0,0.0,0.0,0.0,78.0
2026-07-20 21:57:49.945,,,,,,,,,-40.0,0.0,0.0,0.0,0.0,0.0,78.0
2026-07-20 21:57:50.145,,,,,,,,,-40.0,0.0,0.0,0.0,0.0,0.0,78.0
2026-07-20 21:57:50.345,,,,,,,,,-40.0,0.0,0.0,0.0,0.0,0.0,78.0
2026-07-20 21:57:50.544,,,,,,,,,-40.0,0.0,0.0,0.0,0.0,0.0,79.0
2026-07-20 21:57:50.745,,,,,,,,,-40.0,0.0,0.0,0.0,0.0,0.0,79.0
2026-07-20 21:57:50.945,,,,,,,,,-40.0,0.0,0.0,0.0,0.0,0.0,79.0
2026-07-20 21:57:51.145,,,,,,,,,-40.0,0.0,0.0,0.0,0.0,0.0,79.0
2026-07-20 21:57:51.363,,,,,,,,,-40.0,0.0,0.0,0.0,0.0,0.0,79.0
2026-07-20 21:57:51.545,,,,,,,,,-40.0,0.0,0.0,0.0,0.0,0.0,80.0
2026-07-20 21:57:51.744,,,,,,,,,-40.0,0.0,0.0,0.0,0.0,0.0,80.0
2026-07-20 21:57:51.944,,,,,,,,,-40.0,0.0,0.0,0.0,0.0,0.0,80.0
2026-07-20 21:57:52.146,,,,,,,,,-40.0,0.0,0.0,0.0,0.0,0.0,80.0
2026-07-20 21:57:52.345,,,,,,,,,-40.0,0.0,0.0,0.0,0.0,0.0,80.0
2026-07-20 21:57:52.544,,,,,,,,,-40.0,0.0,0.0,0.0,0.0,0.0,81.0
2026-07-20 21:57:52.745,,,,,,,,,-40.0,0.0,0.0,0.0,0.0,0.0,81.0
2026-07-20 21:57:52.945,,,,,,,,,-40.0,0.0,0.0,0.0,0.0,0.0,81.0
2026-07-20 21:57:53.144,,,,,,,,,-40.0,0.0,0.0,0.0,0.0,0.0,81.0
2026-07-20 21:57:53.345,,,,,,,,,-40.0,0.0,0.0,0.0,0.0,0.0,81.0
2026-07-20 21:57:53.545,,,,,,,,,-40.0,0.0,0.0,0.0,0.0,0.0,82.0
2026-07-20 21:57:53.744,,,,,,,,,-40.0,0.0,0.0,0.0,0.0,0.0,82.0
2026-07-20 21:57:53.945,,,,,,,,,-40.0,0.0,0.0,0.0,0.0,0.0,82.0
2026-07-20 21:57:54.145,,,,,,,,,-40.0,0.0,0.0,0.0,0.0,0.0,82.0
2026-07-20 21:57:54.344,,,,,,,,,-40.0,0.0,0.0,0.0,0.0,0.0,82.0
2026-07-20 21:57:54.544,,,,,,,,,-40.0,0.0,0.0,0.0,0.0,0.0,83.0
2026-07-20 21:57:54.745,,,,,,,,,-40.0,0.0,0.0,0.0,0.0,0.0,83.0
2026-07-20 21:57:54.944,,,,,,,,,-40.0,0.0,0.0,0.0,0.0,0.0,83.0
2026-07-20 21:57:55.145,,,,,,,,,-40.0,0.0,0.0,0.0,0.0,0.0,83.0
2026-07-20 21:57:55.344,,,,,,,,,-40.0,0.0,0.0,0.0,0.0,0.0,83.0
2026-07-20 21:57:55.545,,,,,,,,,-40.0,0.0,0.0,0.0,0.0,0.0,84.0
2026-07-20 21:57:55.744,,,,,,,,,-40.0,0.0,0.0,0.0,0.0,0.0,84.0
2026-07-20 21:57:55.945,,,,,,,,,-40.0,0.0,0.0,0.0,0.0,0.0,84.0
2026-07-20 21:57:56.144,,,,,,,,,-40.0,0.0,0.0,0.0,0.0,0.0,84.0
2026-07-20 21:57:56.344,,,,,,,,,-40.0,0.0,0.0,0.0,0.0,0.0,84.0
2026-07-20 21:57:56.545,,,,,,,,,-40.0,0.0,0.0,0.0,0.0,0.0,85.0
2026-07-20 21:57:56.744,,,,,,,,,-40.0,0.0,0.0,0.0,0.0,0.0,85.0
2026-07-20 21:57:56.945,,,,,,,,,-40.0,0.0,0.0,0.0,0.0,0.0,85.0
2026-07-20 21:57:57.144,,,,,,,,,-40.0,0.0,0.0,0.0,0.0,0.0,85.0
2026-07-20 21:57:57.344,,,,,,,,,-40.0,0.0,0.0,0.0,0.0,0.0,85.0
2026-07-20 21:57:57.546,,,,,,,,,-40.0,0.0,0.0,0.0,0.0,0.0,86.0
2026-07-20 21:57:57.744,,,,,,,,,-40.0,0.0,0.0,0.0,0.0,0.0,86.0
2026-07-20 21:57:57.946,,,,,,,,,-40.0,0.0,0.0,0.0,0.0,0.0,86.0
2026-07-20 21:57:58.144,,,,,,,,,-40.0,0.0,0.0,0.0,0.0,0.0,86.0
2026-07-20 21:57:58.345,,,,,,,,,-40.0,0.0,0.0,0.0,0.0,0.0,86.0
2026-07-20 21:57:58.544,,,,,,,,,-40.0,0.0,0.0,0.0,0.0,0.0,87.0
2026-07-20 21:57:58.745,,,,,,,,,-40.0,0.0,0.0,0.0,0.0,0.0,87.0
2026-07-20 21:57:58.944,,,,,,,,,-40.0,0.0,0.0,0.0,0.0,0.0,87.0
2026-07-20 21:57:59.145,,,,,,,,,-40.0,0.0,0.0,0.0,0.0,0.0,87.0
2026-07-20 21:57:59.344,,,,,,,,,-40.0,0.0,0.0,0.0,0.0,0.0,87.0
2026-07-20 21:57:59.545,,,,,,,,,-40.0,0.0,0.0,0.0,0.0,0.0,88.0
2026-07-20 21:57:59.744,,,,,,,,,-40.0,0.0,0.0,0.0,0.0,0.0,88.0
2026-07-20 21:57:59.944,,,,,,,,,-40.0,0.0,0.0,0.0,0.0,0.0,88.0
2026-07-20 21:58:00.144,,,,,,,,,-40.0,0.0,0.0,0.0,0.0,0.0,88.0
2026-07-20 21:58:00.345,,,,,,,,,-40.0,0.0,0.0,0.0,0.0,0.0,88.0
2026-07-20 21:58:00.546,,,,,,,,,-40.0,0.0,0.0,0.0,0.0,0.0,89.0
2026-07-20 21:58:00.763,,,,,,,,,-40.0,0.0,0.0,0.0,0.0,0.0,89.0
2026-07-20 21:58:00.945,,,,,,,,,-40.0,0.0,0.0,0.0,0.0,0.0,89.0
2026-07-20 21:58:01.145,,,,,,,,,-40.0,0.0,0.0,0.0,0.0,0.0,89.0
2026-07-20 21:58:01.345,,,,,,,,,-40.0,0.0,0.0,0.0,0.0,0.0,89.0
2026-07-20 21:58:01.545,,,,,,,,,-40.0,0.0,0.0,0.0,0.0,0.0,90.0
2026-07-20 21:58:01.745,,,,,,,,,-40.0,0.0,0.0,0.0,0.0,0.0,90.0
2026-07-20 21:58:01.944,,,,,,,,,-40.0,0.0,0.0,0.0,0.0,0.0,90.0
2026-07-20 21:58:02.153,,,,,,,,,-40.0,0.0,0.0,0.0,0.0,0.0,90.0
2026-07-20 21:58:02.345,,,,,,,,,-40.0,0.0,0.0,0.0,0.0,0.0,90.0
2026-07-20 21:58:02.545,,,,,,,,,-40.0,0.0,0.0,0.0,0.0,0.0,91.0
2026-07-20 21:58:02.746,,,,,,,,,-40.0,0.0,0.0,0.0,0.0,0.0,91.0
2026-07-20 21:58:02.945,,,,,,,,,-40.0,0.0,0.0,0.0,0.0,0.0,91.0
2026-07-20 21:58:03.145,,,,,,,,,-40.0,0.0,0.0,0.0,0.0,0.0,91.0
2026-07-20 21:58:03.345,,,,,,,,,-40.0,0.0,0.0,0.0,0.0,0.0,91.0
2026-07-20 21:58:03.545,,,,,,,,,-40.0,0.0,0.0,0.0,0.0,0.0,92.0
2026-07-20 21:58:03.745,,,,,,,,,-40.0,0.0,0.0,0.0,0.0,0.0,92.0
2026-07-20 21:58:03.945,,,,,,,,,-40.0,0.0,0.0,0.0,0.0,0.0,92.0
2026-07-20 21:58:04.145,,,,,,,,,-40.0,0.0,0.0,0.0,0.0,0.0,92.0
2026-07-20 21:58:04.345,,,,,,,,,-40.0,0.0,0.0,0.0,0.0,0.0,92.0
2026-07-20 21:58:04.545,,,,,,,,,-40.0,0.0,0.0,0.0,0.0,0.0,93.0
2026-07-20 21:58:04.744,,,,,,,,,-40.0,0.0,0.0,0.0,0.0,0.0,93.0
2026-07-20 21:58:04.945,,,,,,,,,-40.0,0.0,0.0,0.0,0.0,0.0,93.0
2026-07-20 21:58:05.145,,,,,,,,,-40.0,0.0,0.0,0.0,0.0,0.0,93.0
2026-07-20 21:58:05.344,,,,,,,,,-40.0,0.0,0.0,0.0,0.0,0.0,93.0
2026-07-20 21:58:05.545,,,,,,,,,-40.0,0.0,0.0,0.0,0.0,0.0,94.0
2026-07-20 21:58:05.744,,,,,,,,,-40.0,0.0,0.0,0.0,0.0,0.0,94.0
2026-07-20 21:58:05.944,,,,,,,,,-40.0,0.0,0.0,0.0,0.0,0.0,94.0
2026-07-20 21:58:06.145,,,,,,,,,-40.0,0.0,0.0,0.0,0.0,0.0,94.0
2026-07-20 21:58:06.344,,,,,,,,,-40.0,0.0,0.0,0.0,0.0,0.0,94.0
2026-07-20 21:58:06.545,,,,,,,,,-40.0,0.0,0.0,0.0,0.0,0.0,95.0
2026-07-20 21:58:06.745,,,,,,,,,-40.0,0.0,0.0,0.0,0.0,0.0,95.0
2026-07-20 21:58:06.944,,,,,,,,,-40.0,0.0,0.0,0.0,0.0,0.0,95.0
2026-07-20 21:58:07.145,,,,,,,,,-40.0,0.0,0.0,0.0,0.0,0.0,95.0
2026-07-20 21:58:07.344,,,,,,,,,-40.0,0.0,0.0,0.0,0.0,0.0,95.0
2026-07-20 21:58:07.545,,,,,,,,,-40.0,0.0,0.0,0.0,0.0,0.0,96.0
2026-07-20 21:58:07.745,,,,,,,,,-40.0,0.0,0.0,0.0,0.0,0.0,96.0
2026-07-20 21:58:07.945,,,,,,,,,-40.0,0.0,0.0,0.0,0.0,0.0,96.0
2026-07-20 21:58:08.145,,,,,,,,,-40.0,0.0,0.0,0.0,0.0,0.0,96.0
2026-07-20 21:58:08.345,,,,,,,,,-40.0,0.0,0.0,0.0,0.0,0.0,96.0
2026-07-20 21:58:08.544,,,,,,,,,-40.0,0.0,0.0,0.0,0.0,0.0,97.0
2026-07-20 21:58:08.745,,,,,,,,,-40.0,0.0,0.0,0.0,0.0,0.0,97.0
2026-07-20 21:58:08.945,,,,,,,,,-40.0,0.0,0.0,0.0,0.0,0.0,97.0
2026-07-20 21:58:09.144,,,,,,,,,-40.0,0.0,0.0,0.0,0.0,0.0,97.0
2026-07-20 21:58:09.344,,,,,,,,,-40.0,0.0,0.0,0.0,0.0,0.0,97.0
2026-07-20 21:58:09.544,,,,,,,,,-40.0,0.0,0.0,0.0,0.0,0.0,98.0
2026-07-20 21:58:09.744,,,,,,,,,-40.0,0.0,0.0,0.0,0.0,0.0,98.0
2026-07-20 21:58:09.944,,,,,,,,,-40.0,0.0,0.0,0.0,0.0,0.0,98.0
2026-07-20 21:58:10.144,,,,,,,,,-40.0,0.0,0.0,0.0,0.0,0.0,98.0
2026-07-20 21:58:10.344,,,,,,,,,-40.0,0.0,0.0,0.0,0.0,0.0,98.0
2026-07-20 21:58:10.544,,,,,,,,,-40.0,0.0,0.0,0.0,0.0,0.0,99.0
2026-07-20 21:58:10.745,,,,,,,,,-40.0,0.0,0.0,0.0,0.0,0.0,99.0
2026-07-20 21:58:10.944,,,,,,,,,-40.0,0.0,0.0,0.0,0.0,0.0,99.0
2026-07-20 21:58:11.144,,,,,,,,,-40.0,0.0,0.0,0.0,0.0,0.0,99.0
2026-07-20 21:58:11.362,,,,,,,,,-40.0,0.0,0.0,0.0,0.0,0.0,99.0
2026-07-20 21:58:11.544,,,,,,,,,-40.0,0.0,0.0,0.0,0.0,0.0,100.0
2026-07-20 21:58:11.745,,,,,,,,,-40.0,0.0,0.0,0.0,0.0,0.0,100.0
2026-07-20 21:58:11.944,,,,,,,,,-40.0,0.0,0.0,0.0,0.0,0.0,100.0
2026-07-20 21:58:12.144,,,,,,,,,-40.0,0.0,0.0,0.0,0.0,0.0,100.0
2026-07-20 21:58:12.344,,,,,,,,,-40.0,0.0,0.0,0.0,0.0,0.0,100.0
2026-07-20 21:58:12.545,,,,,,,,,-40.0,0.0,0.0,0.0,0.0,0.0,101.0
2026-07-20 21:58:12.744,,,,,,,,,-40.0,0.0,0.0,0.0,0.0,0.0,101.0
2026-07-20 21:58:12.944,,,,,,,,,-40.0,0.0,0.0,0.0,0.0,0.0,101.0
2026-07-20 21:58:13.144,,,,,,,,,-40.0,0.0,0.0,0.0,0.0,0.0,101.0
2026-07-20 21:58:13.345,,,,,,,,,-40.0,0.0,0.0,0.0,0.0,0.0,101.0
2026-07-20 21:58:13.545,,,,,,,,,-40.0,0.0,0.0,0.0,0.0,0.0,102.0
2026-07-20 21:58:13.744,,,,,,,,,-40.0,0.0,0.0,0.0,0.0,0.0,102.0
2026-07-20 21:58:13.945,,,,,,,,,-40.0,0.0,0.0,0.0,0.0,0.0,102.0
2026-07-20 21:58:14.144,,,,,,,,,-40.0,0.0,0.0,0.0,0.0,0.0,102.0
2026-07-20 21:58:14.344,,,,,,,,,-40.0,0.0,0.0,0.0,0.0,0.0,102.0
2026-07-20 21:58:14.569,,,,,,,,,-40.0,0.0,0.0,0.0,0.0,0.0,103.0
2026-07-20 21:58:14.745,,,,,,,,,-40.0,0.0,0.0,0.0,0.0,0.0,103.0
2026-07-20 21:58:14.944,,,,,,,,,-40.0,0.0,0.0,0.0,0.0,0.0,103.0
2026-07-20 21:58:15.145,,,,,,,,,-40.0,0.0,0.0,0.0,0.0,0.0,103.0
2026-07-20 21:58:15.345,,,,,,,,,-40.0,0.0,0.0,0.0,0.0,0.0,103.0
2026-07-20 21:58:15.544,,,,,,,,,-40.0,0.0,0.0,0.0,0.0,0.0,104.0
2026-07-20 21:58:15.744,,,,,,,,,-40.0,0.0,0.0,0.0,0.0,0.0,104.0
2026-07-20 21:58:15.944,,,,,,,,,-40.0,0.0,0.0,0.0,0.0,0.0,104.0
2026-07-20 21:58:16.144,,,,,,,,,-40.0,0.0,0.0,0.0,0.0,0.0,104.0
2026-07-20 21:58:16.345,,,,,,,,,-40.0,0.0,0.0,0.0,0.0,0.0,104.0
2026-07-20 21:58:16.545,,,,,,,,,-40.0,0.0,0.0,0.0,0.0,0.0,105.0
2026-07-20 21:58:16.745,,,,,,,,,-40.0,0.0,0.0,0.0,0.0,0.0,105.0
2026-07-20 21:58:16.944,,,,,,,,,-40.0,0.0,0.0,0.0,0.0,0.0,105.0
2026-07-20 21:58:17.145,,,,,,,,,-40.0,0.0,0.0,0.0,0.0,0.0,105.0
2026-07-20 21:58:17.345,,,,,,,,,-40.0,0.0,0.0,0.0,0.0,0.0,105.0
2026-07-20 21:58:17.545,,,,,,,,,-40.0,0.0,0.0,0.0,0.0,0.0,106.0
2026-07-20 21:58:17.744,,,,,,,,,-40.0,0.0,0.0,0.0,0.0,0.0,106.0
2026-07-20 21:58:17.944,,,,,,,,,-40.0,0.0,0.0,0.0,0.0,0.0,106.0
2026-07-20 21:58:18.144,,,,,,,,,-40.0,0.0,0.0,0.0,0.0,0.0,106.0
2026-07-20 21:58:18.344,,,,,,,,,-40.0,0.0,0.0,0.0,0.0,0.0,106.0
2026-07-20 21:58:18.545,,,,,,,,,-40.0,0.0,0.0,0.0,0.0,0.0,107.0
2026-07-20 21:58:18.744,,,,,,,,,-40.0,0.0,0.0,0.0,0.0,0.0,107.0
2026-07-20 21:58:18.945,,,,,,,,,-40.0,0.0,0.0,0.0,0.0,0.0,107.0
2026-07-20 21:58:19.144,,,,,,,,,-40.0,0.0,0.0,0.0,0.0,0.0,107.0
2026-07-20 21:58:19.344,,,,,,,,,-40.0,0.0,0.0,0.0,0.0,0.0,107.0
2026-07-20 21:58:19.544,,,,,,,,,-40.0,0.0,0.0,0.0,0.0,0.0,108.0
2026-07-20 21:58:19.744,,,,,,,,,-40.0,0.0,0.0,0.0,0.0,0.0,108.0
2026-07-20 21:58:19.944,,,,,,,,,-40.0,0.0,0.0,0.0,0.0,0.0,108.0
2026-07-20 21:58:20.145,,,,,,,,,-40.0,0.0,0.0,0.0,0.0,0.0,108.0
2026-07-20 21:58:20.344,,,,,,,,,-40.0,0.0,0.0,0.0,0.0,0.0,108.0
2026-07-20 21:58:20.544,,,,,,,,,-40.0,0.0,0.0,0.0,0.0,0.0,109.0
2026-07-20 21:58:20.745,,,,,,,,,-40.0,0.0,0.0,0.0,0.0,0.0,109.0
2026-07-20 21:58:20.945,,,,,,,,,-40.0,0.0,0.0,0.0,0.0,0.0,109.0
2026-07-20 21:58:21.166,,,,,,,,,-40.0,0.0,0.0,0.0,0.0,0.0,109.0
2026-07-20 21:58:21.344,,,,,,,,,-40.0,0.0,0.0,0.0,0.0,0.0,109.0
2026-07-20 21:58:21.545,,,,,,,,,-40.0,0.0,0.0,0.0,0.0,0.0,110.0
2026-07-20 21:58:21.744,,,,,,,,,-40.0,0.0,0.0,0.0,0.0,0.0,110.0
2026-07-20 21:58:21.944,,,,,,,,,-40.0,0.0,0.0,0.0,0.0,0.0,110.0
2026-07-20 21:58:22.144,,,,,,,,,-40.0,0.0,0.0,0.0,0.0,0.0,110.0
2026-07-20 21:58:22.344,,,,,,,,,-40.0,0.0,0.0,0.0,0.0,0.0,110.0
2026-07-20 21:58:22.545,,,,,,,,,-40.0,0.0,0.0,0.0,0.0,0.0,111.0
2026-07-20 21:58:22.744,,,,,,,,,-40.0,0.0,0.0,0.0,0.0,0.0,111.0
2026-07-20 21:58:22.944,,,,,,,,,-40.0,0.0,0.0,0.0,0.0,0.0,111.0
2026-07-20 21:58:23.144,,,,,,,,,-40.0,0.0,0.0,0.0,0.0,0.0,111.0
2026-07-20 21:58:23.344,,,,,,,,,-40.0,0.0,0.0,0.0,0.0,0.0,111.0
2026-07-20 21:58:23.544,,,,,,,,,-40.0,0.0,0.0,0.0,0.0,0.0,112.0
2026-07-20 21:58:23.744,,,,,,,,,-40.0,0.0,0.0,0.0,0.0,0.0,112.0
2026-07-20 21:58:23.944,,,,,,,,,-40.0,0.0,0.0,0.0,0.0,0.0,112.0
2026-07-20 21:58:24.144,,,,,,,,,-40.0,0.0,0.0,0.0,0.0,0.0,112.0
2026-07-20 21:58:24.344,,,,,,,,,-40.0,0.0,0.0,0.0,0.0,0.0,112.0
2026-07-20 21:58:24.544,,,,,,,,,-40.0,0.0,0.0,0.0,0.0,0.0,113.0
2026-07-20 21:58:24.744,,,,,,,,,-40.0,0.0,0.0,0.0,0.0,0.0,113.0
2026-07-20 21:58:24.944,,,,,,,,,-40.0,0.0,0.0,0.0,0.0,0.0,113.0
2026-07-20 21:58:25.144,,,,,,,,,-40.0,0.0,0.0,0.0,0.0,0.0,113.0
2026-07-20 21:58:25.344,,,,,,,,,-40.0,0.0,0.0,0.0,0.0,0.0,113.0
2026-07-20 21:58:25.543,,,,,,,,,-40.0,0.0,0.0,0.0,0.0,0.0,114.0
2026-07-20 21:58:25.744,,,,,,,,,-40.0,0.0,0.0,0.0,0.0,0.0,114.0
2026-07-20 21:58:25.944,,,,,,,,,-40.0,0.0,0.0,0.0,0.0,0.0,114.0
2026-07-20 21:58:26.144,,,,,,,,,-40.0,0.0,0.0,0.0,0.0,0.0,114.0
2026-07-20 21:58:26.344,,,,,,,,,-40.0,0.0,0.0,0.0,0.0,0.0,114.0
2026-07-20 21:58:26.544,,,,,,,,,-40.0,0.0,0.0,0.0,0.0,0.0,115.0
2026-07-20 21:58:26.744,,,,,,,,,-40.0,0.0,0.0,0.0,0.0,0.0,115.0
2026-07-20 21:58:26.944,,,,,,,,,-40.0,0.0,0.0,0.0,0.0,0.0,115.0
2026-07-20 21:58:27.145,,,,,,,,,-40.0,0.0,0.0,0.0,0.0,0.0,115.0
2026-07-20 21:58:27.345,,,,,,,,,-40.0,0.0,0.0,0.0,0.0,0.0,115.0
2026-07-20 21:58:27.544,,,,,,,,,-40.0,0.0,0.0,0.0,0.0,0.0,116.0
2026-07-20 21:58:27.744,,,,,,,,,-40.0,0.0,0.0,0.0,0.0,0.0,116.0
2026-07-20 21:58:27.945,,,,,,,,,-40.0,0.0,0.0,0.0,0.0,0.0,116.0
2026-07-20 21:58:28.144,,,,,,,,,-40.0,0.0,0.0,0.0,0.0,0.0,116.0
2026-07-20 21:58:28.344,,,,,,,,,-40.0,0.0,0.0,0.0,0.0,0.0,116.0
2026-07-20 21:58:28.544,,,,,,,,,-40.0,0.0,0.0,0.0,0.0,0.0,117.0
2026-07-20 21:58:28.744,,,,,,,,,-40.0,0.0,0.0,0.0,0.0,0.0,117.0
2026-07-20 21:58:28.944,,,,,,,,,-40.0,0.0,0.0,0.0,0.0,0.0,117.0
2026-07-20 21:58:29.144,,,,,,,,,-40.0,0.0,0.0,0.0,0.0,0.0,117.0
2026-07-20 21:58:29.344,,,,,,,,,-40.0,0.0,0.0,0.0,0.0,0.0,117.0
2026-07-20 21:58:29.544,,,,,,,,,-40.0,0.0,0.0,0.0,0.0,0.0,118.0
2026-07-20 21:58:29.749,,,,,,,,,-40.0,0.0,0.0,0.0,0.0,0.0,118.0
2026-07-20 21:58:29.944,,,,,,,,,-40.0,0.0,0.0,0.0,0.0,0.0,118.0
2026-07-20 21:58:30.143,,,,,,,,,-40.0,0.0,0.0,0.0,0.0,0.0,118.0
2026-07-20 21:58:30.344,,,,,,,,,-40.0,0.0,0.0,0.0,0.0,0.0,118.0
2026-07-20 21:58:30.544,,,,,,,,,-40.0,0.0,0.0,0.0,0.0,0.0,119.0
2026-07-20 21:58:30.743,,,,,,,,,-40.0,0.0,0.0,0.0,0.0,0.0,119.0
2026-07-20 21:58:30.944,,,,,,,,,-40.0,0.0,0.0,0.0,0.0,0.0,119.0
2026-07-20 21:58:31.144,,,,,,,,,-40.0,0.0,0.0,0.0,0.0,0.0,119.0
2026-07-20 21:58:31.344,,,,,,,,,-40.0,0.0,0.0,0.0,0.0,0.0,119.0
2026-07-20 21:58:31.544,,,,,,,,,-40.0,0.0,0.0,0.0,0.0,0.0,120.0
2026-07-20 21:58:31.744,,,,,,,,,-40.0,0.0,0.0,0.0,0.0,0.0,120.0
2026-07-20 21:58:31.944,,,,,,,,,-40.0,0.0,0.0,0.0,0.0,0.0,120.0
2026-07-20 21:58:32.144,,,,,,,,,-40.0,0.0,0.0,0.0,0.0,0.0,120.0
2026-07-20 21:58:32.344,,,,,,,,,-40.0,0.0,0.0,0.0,0.0,0.0,120.0
2026-07-20 21:58:32.544,,,,,,,,,-40.0,0.0,0.0,0.0,0.0,0.0,121.0
2026-07-20 21:58:32.743,,,,,,,,,-40.0,0.0,0.0,0.0,0.0,0.0,121.0
2026-07-20 21:58:32.944,,,,,,,,,-40.0,0.0,0.0,0.0,0.0,0.0,121.0
2026-07-20 21:58:33.144,,,,,,,,,-40.0,0.0,0.0,0.0,0.0,0.0,121.0
2026-07-20 21:58:33.344,,,,,,,,,-40.0,0.0,0.0,0.0,0.0,0.0,121.0
2026-07-20 21:58:33.544,,,,,,,,,-40.0,0.0,0.0,0.0,0.0,0.0,122.0
2026-07-20 21:58:33.744,,,,,,,,,-40.0,0.0,0.0,0.0,0.0,0.0,122.0
2026-07-20 21:58:33.944,,,,,,,,,-40.0,0.0,0.0,0.0,0.0,0.0,122.0
2026-07-20 21:58:34.143,,,,,,,,,-40.0,0.0,0.0,0.0,0.0,0.0,122.0
2026-07-20 21:58:34.343,,,,,,,,,-40.0,0.0,0.0,0.0,0.0,0.0,122.0
2026-07-20 21:58:34.543,,,,,,,,,-40.0,0.0,0.0,0.0,0.0,0.0,123.0
2026-07-20 21:58:34.744,,,,,,,,,-40.0,0.0,0.0,0.0,0.0,0.0,123.0
2026-07-20 21:58:34.944,,,,,,,,,-40.0,0.0,0.0,0.0,0.0,0.0,123.0
2026-07-20 21:58:35.144,,,,,,,,,-40.0,0.0,0.0,0.0,0.0,0.0,123.0
2026-07-20 21:58:35.344,,,,,,,,,-40.0,0.0,0.0,0.0,0.0,0.0,123.0
2026-07-20 21:58:35.544,,,,,,,,,-40.0,0.0,0.0,0.0,0.0,0.0,124.0
2026-07-20 21:58:35.744,,,,,,,,,-40.0,0.0,0.0,0.0,0.0,0.0,124.0
2026-07-20 21:58:35.944,,,,,,,,,-40.0,0.0,0.0,0.0,0.0,0.0,124.0
2026-07-20 21:58:36.143,,,,,,,,,-40.0,0.0,0.0,0.0,0.0,0.0,124.0
2026-07-20 21:58:36.344,,,,,,,,,-40.0,0.0,0.0,0.0,0.0,0.0,124.0
2026-07-20 21:58:36.544,,,,,,,,,-40.0,0.0,0.0,0.0,0.0,0.0,125.0
2026-07-20 21:58:36.744,,,,,,,,,-40.0,0.0,0.0,0.0,0.0,0.0,125.0
2026-07-20 21:58:36.944,,,,,,,,,-40.0,0.0,0.0,0.0,0.0,0.0,125.0
2026-07-20 21:58:37.144,,,,,,,,,-40.0,0.0,0.0,0.0,0.0,0.0,125.0
2026-07-20 21:58:37.344,,,,,,,,,-40.0,0.0,0.0,0.0,0.0,0.0,125.0
2026-07-20 21:58:37.543,,,,,,,,,-40.0,0.0,0.0,0.0,0.0,0.0,126.0
2026-07-20 21:58:37.744,,,,,,,,,-40.0,0.0,0.0,0.0,0.0,0.0,126.0
2026-07-20 21:58:37.944,,,,,,,,,-40.0,0.0,0.0,0.0,0.0,0.0,126.0
2026-07-20 21:58:38.144,,,,,,,,,-40.0,0.0,0.0,0.0,0.0,0.0,126.0
2026-07-20 21:58:38.344,,,,,,,,,-40.0,0.0,0.0,0.0,0.0,0.0,126.0
2026-07-20 21:58:38.544,,,,,,,,,-40.0,0.0,0.0,0.0,0.0,0.0,127.0
2026-07-20 21:58:38.744,,,,,,,,,-40.0,0.0,0.0,0.0,0.0,0.0,127.0
2026-07-20 21:58:38.944,,,,,,,,,-40.0,0.0,0.0,0.0,0.0,0.0,127.0
2026-07-20 21:58:39.144,,,,,,,,,-40.0,0.0,0.0,0.0,0.0,0.0,127.0
2026-07-20 21:58:39.343,,,,,,,,,-40.0,0.0,0.0,0.0,0.0,0.0,127.0
2026-07-20 21:58:39.544,,,,,,,,,-40.0,0.0,0.0,0.0,0.0,0.0,128.0
2026-07-20 21:58:39.744,,,,,,,,,-40.0,0.0,0.0,0.0,0.0,0.0,128.0
2026-07-20 21:58:39.944,,,,,,,,,-40.0,0.0,0.0,0.0,0.0,0.0,128.0
2026-07-20 21:58:40.143,,,,,,,,,-40.0,0.0,0.0,0.0,0.0,0.0,128.0
2026-07-20 21:58:40.344,,,,,,,,,-40.0,0.0,0.0,0.0,0.0,0.0,128.0
2026-07-20 21:58:40.543,,,,,,,,,-40.0,0.0,0.0,0.0,0.0,0.0,129.0
2026-07-20 21:58:40.744,,,,,,,,,-40.0,0.0,0.0,0.0,0.0,0.0,129.0
2026-07-20 21:58:40.944,,,,,,,,,-40.0,0.0,0.0,0.0,0.0,0.0,129.0
2026-07-20 21:58:41.144,,,,,,,,,-40.0,0.0,0.0,0.0,0.0,0.0,129.0
2026-07-20 21:58:41.344,,,,,,,,,-40.0,0.0,0.0,0.0,0.0,0.0,129.0
2026-07-20 21:58:41.544,,,,,,,,,-40.0,0.0,0.0,0.0,0.0,0.0,130.0
2026-07-20 21:58:41.744,,,,,,,,,-40.0,0.0,0.0,0.0,0.0,0.0,130.0
2026-07-20 21:58:41.944,,,,,,,,,-40.0,0.0,0.0,0.0,0.0,0.0,130.0
2026-07-20 21:58:42.144,,,,,,,,,-40.0,0.0,0.0,0.0,0.0,0.0,130.0
2026-07-20 21:58:42.344,,,,,,,,,-40.0,0.0,0.0,0.0,0.0,0.0,130.0
2026-07-20 21:58:42.543,,,,,,,,,-40.0,0.0,0.0,0.0,0.0,0.0,131.0
2026-07-20 21:58:42.744,,,,,,,,,-40.0,0.0,0.0,0.0,0.0,0.0,131.0
2026-07-20 21:58:42.943,,,,,,,,,-40.0,0.0,0.0,0.0,0.0,0.0,131.0
2026-07-20 21:58:43.144,,,,,,,,,-40.0,0.0,0.0,0.0,0.0,0.0,131.0
2026-07-20 21:58:43.344,,,,,,,,,-40.0,0.0,0.0,0.0,0.0,0.0,131.0
2026-07-20 21:58:43.544,,,,,,,,,-40.0,0.0,0.0,0.0,0.0,0.0,132.0
2026-07-20 21:58:43.743,,,,,,,,,-40.0,0.0,0.0,0.0,0.0,0.0,132.0
2026-07-20 21:58:43.943,,,,,,,,,-40.0,0.0,0.0,0.0,0.0,0.0,132.0
2026-07-20 21:58:44.144,,,,,,,,,-40.0,0.0,0.0,0.0,0.0,0.0,132.0
2026-07-20 21:58:44.344,,,,,,,,,-40.0,0.0,0.0,0.0,0.0,0.0,132.0
2026-07-20 21:58:44.543,,,,,,,,,-40.0,0.0,0.0,0.0,0.0,0.0,133.0
2026-07-20 21:58:44.743,,,,,,,,,-40.0,0.0,0.0,0.0,0.0,0.0,133.0
2026-07-20 21:58:44.944,,,,,,,,,-40.0,0.0,0.0,0.0,0.0,0.0,133.0
2026-07-20 21:58:45.145,,,,,,,,,-40.0,0.0,0.0,0.0,0.0,0.0,133.0
2026-07-20 21:58:45.344,,,,,,,,,-40.0,0.0,0.0,0.0,0.0,0.0,133.0
2026-07-20 21:58:45.543,,,,,,,,,-40.0,0.0,0.0,0.0,0.0,0.0,134.0
2026-07-20 21:58:45.744,,,,,,,,,-40.0,0.0,0.0,0.0,0.0,0.0,134.0
2026-07-20 21:58:45.943,,,,,,,,,-40.0,0.0,0.0,0.0,0.0,0.0,134.0
2026-07-20 21:58:46.144,,,,,,,,,-40.0,0.0,0.0,0.0,0.0,0.0,134.0
2026-07-20 21:58:46.343,,,,,,,,,-40.0,0.0,0.0,0.0,0.0,0.0,134.0
2026-07-20 21:58:46.543,,,,,,,,,-40.0,0.0,0.0,0.0,0.0,0.0,135.0
2026-07-20 21:58:46.743,,,,,,,,,-40.0,0.0,0.0,0.0,0.0,0.0,135.0
2026-07-20 21:58:46.944,,,,,,,,,-40.0,0.0,0.0,0.0,0.0,0.0,135.0
2026-07-20 21:58:47.143,,,,,,,,,-40.0,0.0,0.0,0.0,0.0,0.0,135.0
2026-07-20 21:58:47.344,,,,,,,,,-40.0,0.0,0.0,0.0,0.0,0.0,135.0
2026-07-20 21:58:47.543,,,,,,,,,-40.0,0.0,0.0,0.0,0.0,0.0,136.0
2026-07-20 21:58:47.744,,,,,,,,,-40.0,0.0,0.0,0.0,0.0,0.0,136.0
2026-07-20 21:58:47.944,,,,,,,,,-40.0,0.0,0.0,0.0,0.0,0.0,136.0
2026-07-20 21:58:48.143,,,,,,,,,-40.0,0.0,0.0,0.0,0.0,0.0,136.0
2026-07-20 21:58:48.343,,,,,,,,,-40.0,0.0,0.0,0.0,0.0,0.0,136.0
2026-07-20 21:58:48.543,,,,,,,,,-40.0,0.0,0.0,0.0,0.0,0.0,137.0
2026-07-20 21:58:48.744,,,,,,,,,-40.0,0.0,0.0,0.0,0.0,0.0,137.0
2026-07-20 21:58:48.943,,,,,,,,,-40.0,0.0,0.0,0.0,0.0,0.0,137.0
2026-07-20 21:58:49.144,,,,,,,,,-40.0,0.0,0.0,0.0,0.0,0.0,137.0
2026-07-20 21:58:49.344,,,,,,,,,-40.0,0.0,0.0,0.0,0.0,0.0,137.0
2026-07-20 21:58:49.543,,,,,,,,,-40.0,0.0,0.0,0.0,0.0,0.0,138.0
2026-07-20 21:58:49.743,,,,,,,,,-40.0,0.0,0.0,0.0,0.0,0.0,138.0
2026-07-20 21:58:49.944,,,,,,,,,-40.0,0.0,0.0,0.0,0.0,0.0,138.0
2026-07-20 21:58:50.144,,,,,,,,,-40.0,0.0,0.0,0.0,0.0,0.0,138.0
2026-07-20 21:58:50.344,,,,,,,,,-40.0,0.0,0.0,0.0,0.0,0.0,138.0
2026-07-20 21:58:50.543,,,,,,,,,-40.0,0.0,0.0,0.0,0.0,0.0,139.0
2026-07-20 21:58:50.744,,,,,,,,,-40.0,0.0,0.0,0.0,0.0,0.0,139.0
2026-07-20 21:58:50.943,,,,,,,,,-40.0,0.0,0.0,0.0,0.0,0.0,139.0
2026-07-20 21:58:51.143,,,,,,,,,-40.0,0.0,0.0,0.0,0.0,0.0,139.0
2026-07-20 21:58:51.344,,,,,,,,,-40.0,0.0,0.0,0.0,0.0,0.0,139.0
2026-07-20 21:58:51.543,,,,,,,,,-40.0,0.0,0.0,0.0,0.0,0.0,140.0
2026-07-20 21:58:51.743,,,,,,,,,-40.0,0.0,0.0,0.0,0.0,0.0,140.0
2026-07-20 21:58:51.943,,,,,,,,,-40.0,0.0,0.0,0.0,0.0,0.0,140.0
2026-07-20 21:58:52.143,,,,,,,,,-40.0,0.0,0.0,0.0,0.0,0.0,140.0
2026-07-20 21:58:52.343,,,,,,,,,-40.0,0.0,0.0,0.0,0.0,0.0,140.0
2026-07-20 21:58:52.543,,,,,,,,,-40.0,0.0,0.0,0.0,0.0,0.0,141.0
2026-07-20 21:58:52.744,,,,,,,,,-40.0,0.0,0.0,0.0,0.0,0.0,141.0
2026-07-20 21:58:52.944,,,,,,,,,-40.0,0.0,0.0,0.0,0.0,0.0,141.0
2026-07-20 21:58:53.143,,,,,,,,,-40.0,0.0,0.0,0.0,0.0,0.0,141.0
2026-07-20 21:58:53.344,,,,,,,,,-40.0,0.0,0.0,0.0,0.0,0.0,141.0
2026-07-20 21:58:53.543,,,,,,,,,-40.0,0.0,0.0,0.0,0.0,0.0,142.0
2026-07-20 21:58:53.743,,,,,,,,,-40.0,0.0,0.0,0.0,0.0,0.0,142.0
2026-07-20 21:58:53.943,,,,,,,,,-40.0,0.0,0.0,0.0,0.0,0.0,142.0
2026-07-20 21:58:54.144,,,,,,,,,-40.0,0.0,0.0,0.0,0.0,0.0,142.0
2026-07-20 21:58:54.343,,,,,,,,,-40.0,0.0,0.0,0.0,0.0,0.0,142.0
2026-07-20 21:58:54.543,,,,,,,,,-40.0,0.0,0.0,0.0,0.0,0.0,143.0
2026-07-20 21:58:54.744,,,,,,,,,-40.0,0.0,0.0,0.0,0.0,0.0,143.0
2026-07-20 21:58:54.943,,,,,,,,,-40.0,0.0,0.0,0.0,0.0,0.0,143.0
2026-07-20 21:58:55.144,,,,,,,,,-40.0,0.0,0.0,0.0,0.0,0.0,143.0
2026-07-20 21:58:55.344,,,,,,,,,-40.0,0.0,0.0,0.0,0.0,0.0,143.0
2026-07-20 21:58:55.543,,,,,,,,,-40.0,0.0,0.0,0.0,0.0,0.0,144.0
2026-07-20 21:58:55.743,,,,,,,,,-40.0,0.0,0.0,0.0,0.0,0.0,144.0
2026-07-20 21:58:55.943,,,,,,,,,-40.0,0.0,0.0,0.0,0.0,0.0,144.0
2026-07-20 21:58:56.143,,,,,,,,,-40.0,0.0,0.0,0.0,0.0,0.0,144.0
2026-07-20 21:58:56.343,,,,,,,,,-40.0,0.0,0.0,0.0,0.0,0.0,144.0
2026-07-20 21:58:56.543,,,,,,,,,-40.0,0.0,0.0,0.0,0.0,0.0,145.0
2026-07-20 21:58:56.743,,,,,,,,,-40.0,0.0,0.0,0.0,0.0,0.0,145.0
2026-07-20 21:58:56.944,,,,,,,,,-40.0,0.0,0.0,0.0,0.0,0.0,145.0
2026-07-20 21:58:57.144,,,,,,,,,-40.0,0.0,0.0,0.0,0.0,0.0,145.0
2026-07-20 21:58:57.343,,,,,,,,,-40.0,0.0,0.0,0.0,0.0,0.0,145.0
2026-07-20 21:58:57.544,,,,,,,,,-40.0,0.0,0.0,0.0,0.0,0.0,146.0
2026-07-20 21:58:57.744,,,,,,,,,-40.0,0.0,0.0,0.0,0.0,0.0,146.0
2026-07-20 21:58:57.944,,,,,,,,,-40.0,0.0,0.0,0.0,0.0,0.0,146.0
2026-07-20 21:58:58.143,,,,,,,,,-40.0,0.0,0.0,0.0,0.0,0.0,146.0
2026-07-20 21:58:58.345,,,,,,,,,-40.0,0.0,0.0,0.0,0.0,0.0,146.0
2026-07-20 21:58:58.543,,,,,,,,,-40.0,0.0,0.0,0.0,0.0,0.0,147.0
2026-07-20 21:58:58.744,,,,,,,,,-40.0,0.0,0.0,0.0,0.0,0.0,147.0
2026-07-20 21:58:58.943,,,,,,,,,-40.0,0.0,0.0,0.0,0.0,0.0,147.0
2026-07-20 21:58:59.143,,,,,,,,,-40.0,0.0,0.0,0.0,0.0,0.0,147.0
2026-07-20 21:58:59.343,,,,,,,,,-40.0,0.0,0.0,0.0,0.0,0.0,147.0
2026-07-20 21:58:59.543,,,,,,,,,-40.0,0.0,0.0,0.0,0.0,0.0,148.0
2026-07-20 21:58:59.743,,,,,,,,,-40.0,0.0,0.0,0.0,0.0,0.0,148.0
2026-07-20 21:58:59.943,,,,,,,,,-40.0,0.0,0.0,0.0,0.0,0.0,148.0
2026-07-20 21:59:00.143,,,,,,,,,-40.0,0.0,0.0,0.0,0.0,0.0,148.0
2026-07-20 21:59:00.343,,,,,,,,,-40.0,0.0,0.0,0.0,0.0,0.0,148.0
2026-07-20 21:59:00.544,,,,,,,,,-40.0,0.0,0.0,0.0,0.0,0.0,149.0
2026-07-20 21:59:00.743,,,,,,,,,-40.0,0.0,0.0,0.0,0.0,0.0,149.0
2026-07-20 21:59:00.943,,,,,,,,,-40.0,0.0,0.0,0.0,0.0,0.0,149.0
2026-07-20 21:59:01.143,,,,,,,,,-40.0,0.0,0.0,0.0,0.0,0.0,149.0
2026-07-20 21:59:01.343,,,,,,,,,-40.0,0.0,0.0,0.0,0.0,0.0,149.0
2026-07-20 21:59:01.543,,,,,,,,,-40.0,0.0,0.0,0.0,0.0,0.0,150.0
2026-07-20 21:59:01.743,,,,,,,,,-40.0,0.0,0.0,0.0,0.0,0.0,150.0
2026-07-20 21:59:01.943,,,,,,,,,-40.0,0.0,0.0,0.0,0.0,0.0,150.0
2026-07-20 21:59:02.144,,,,,,,,,-40.0,0.0,0.0,0.0,0.0,0.0,150.0
2026-07-20 21:59:02.344,,,,,,,,,-40.0,0.0,0.0,0.0,0.0,0.0,150.0
2026-07-20 21:59:02.543,,,,,,,,,-40.0,0.0,0.0,0.0,0.0,0.0,151.0
2026-07-20 21:59:02.743,,,,,,,,,-40.0,0.0,0.0,0.0,0.0,0.0,151.0
2026-07-20 21:59:02.943,,,,,,,,,-40.0,0.0,0.0,0.0,0.0,0.0,151.0
2026-07-20 21:59:03.143,,,,,,,,,-40.0,0.0,0.0,0.0,0.0,0.0,151.0
2026-07-20 21:59:03.343,,,,,,,,,-40.0,0.0,0.0,0.0,0.0,0.0,151.0
2026-07-20 21:59:03.544,,,,,,,,,-40.0,0.0,0.0,0.0,0.0,0.0,152.0
2026-07-20 21:59:03.743,,,,,,,,,-40.0,0.0,0.0,0.0,0.0,0.0,152.0
2026-07-20 21:59:03.944,,,,,,,,,-40.0,0.0,0.0,0.0,0.0,0.0,152.0
2026-07-20 21:59:04.143,,,,,,,,,-40.0,0.0,0.0,0.0,0.0,0.0,152.0
2026-07-20 21:59:04.344,,,,,,,,,-40.0,0.0,0.0,0.0,0.0,0.0,152.0
2026-07-20 21:59:04.543,,,,,,,,,-40.0,0.0,0.0,0.0,0.0,0.0,153.0
2026-07-20 21:59:04.743,,,,,,,,,-40.0,0.0,0.0,0.0,0.0,0.0,153.0
2026-07-20 21:59:04.943,,,,,,,,,-40.0,0.0,0.0,0.0,0.0,0.0,153.0
2026-07-20 21:59:05.143,,,,,,,,,-40.0,0.0,0.0,0.0,0.0,0.0,153.0
2026-07-20 21:59:05.343,,,,,,,,,-40.0,0.0,0.0,0.0,0.0,0.0,153.0
2026-07-20 21:59:05.543,,,,,,,,,-40.0,0.0,0.0,0.0,0.0,0.0,154.0
2026-07-20 21:59:05.743,,,,,,,,,-40.0,0.0,0.0,0.0,0.0,0.0,154.0
2026-07-20 21:59:05.943,,,,,,,,,-40.0,0.0,0.0,0.0,0.0,0.0,154.0
2026-07-20 21:59:06.143,,,,,,,,,-40.0,0.0,0.0,0.0,0.0,0.0,154.0
2026-07-20 21:59:06.343,,,,,,,,,-40.0,0.0,0.0,0.0,0.0,0.0,154.0
2026-07-20 21:59:06.544,,,,,,,,,-40.0,0.0,0.0,0.0,0.0,0.0,155.0
2026-07-20 21:59:06.743,,,,,,,,,-40.0,0.0,0.0,0.0,0.0,0.0,155.0
2026-07-20 21:59:06.943,,,,,,,,,-40.0,0.0,0.0,0.0,0.0,0.0,155.0
2026-07-20 21:59:07.143,,,,,,,,,-40.0,0.0,0.0,0.0,0.0,0.0,155.0
2026-07-20 21:59:07.344,,,,,,,,,-40.0,0.0,0.0,0.0,0.0,0.0,155.0
2026-07-20 21:59:07.543,,,,,,,,,-40.0,0.0,0.0,0.0,0.0,0.0,156.0
2026-07-20 21:59:07.742,,,,,,,,,-40.0,0.0,0.0,0.0,0.0,0.0,156.0
2026-07-20 21:59:07.943,,,,,,,,,-40.0,0.0,0.0,0.0,0.0,0.0,156.0
2026-07-20 21:59:08.143,,,,,,,,,-40.0,0.0,0.0,0.0,0.0,0.0,156.0
2026-07-20 21:59:08.343,,,,,,,,,-40.0,0.0,0.0,0.0,0.0,0.0,156.0
2026-07-20 21:59:08.543,,,,,,,,,-40.0,0.0,0.0,0.0,0.0,0.0,157.0
2026-07-20 21:59:08.743,,,,,,,,,-40.0,0.0,0.0,0.0,0.0,0.0,157.0
2026-07-20 21:59:08.943,,,,,,,,,-40.0,0.0,0.0,0.0,0.0,0.0,157.0
2026-07-20 21:59:09.143,,,,,,,,,-40.0,0.0,0.0,0.0,0.0,0.0,157.0
2026-07-20 21:59:09.344,,,,,,,,,-40.0,0.0,0.0,0.0,0.0,0.0,157.0
2026-07-20 21:59:09.543,,,,,,,,,-40.0,0.0,0.0,0.0,0.0,0.0,158.0
2026-07-20 21:59:09.743,,,,,,,,,-40.0,0.0,0.0,0.0,0.0,0.0,158.0
2026-07-20 21:59:09.943,,,,,,,,,-40.0,0.0,0.0,0.0,0.0,0.0,158.0
2026-07-20 21:59:10.143,,,,,,,,,-40.0,0.0,0.0,0.0,0.0,0.0,158.0
2026-07-20 21:59:10.343,,,,,,,,,-40.0,0.0,0.0,0.0,0.0,0.0,158.0
2026-07-20 21:59:10.543,,,,,,,,,-40.0,0.0,0.0,0.0,0.0,0.0,159.0
2026-07-20 21:59:10.743,,,,,,,,,-40.0,0.0,0.0,0.0,0.0,0.0,159.0
2026-07-20 21:59:10.943,,,,,,,,,-40.0,0.0,0.0,0.0,0.0,0.0,159.0
2026-07-20 21:59:11.143,,,,,,,,,-40.0,0.0,0.0,0.0,0.0,0.0,159.0
2026-07-20 21:59:11.343,,,,,,,,,-40.0,0.0,0.0,0.0,0.0,0.0,159.0
2026-07-20 21:59:11.543,,,,,,,,,-40.0,0.0,0.0,0.0,0.0,0.0,160.0
2026-07-20 21:59:11.743,,,,,,,,,-40.0,0.0,0.0,0.0,0.0,0.0,160.0
2026-07-20 21:59:11.943,,,,,,,,,-40.0,0.0,0.0,0.0,0.0,0.0,160.0
2026-07-20 21:59:12.143,,,,,,,,,-40.0,0.0,0.0,0.0,0.0,0.0,160.0
2026-07-20 21:59:12.344,,,,,,,,,-40.0,0.0,0.0,0.0,0.0,0.0,160.0
2026-07-20 21:59:12.543,,,,,,,,,-40.0,0.0,0.0,0.0,0.0,0.0,161.0
2026-07-20 21:59:12.743,,,,,,,,,-40.0,0.0,0.0,0.0,0.0,0.0,161.0
2026-07-20 21:59:12.943,,,,,,,,,-40.0,0.0,0.0,0.0,0.0,0.0,161.0
2026-07-20 21:59:13.143,,,,,,,,,-40.0,0.0,0.0,0.0,0.0,0.0,161.0
2026-07-20 21:59:13.343,,,,,,,,,-40.0,0.0,0.0,0.0,0.0,0.0,161.0
2026-07-20 21:59:13.544,,,,,,,,,-40.0,0.0,0.0,0.0,0.0,0.0,162.0
2026-07-20 21:59:13.743,,,,,,,,,-40.0,0.0,0.0,0.0,0.0,0.0,162.0
2026-07-20 21:59:13.943,,,,,,,,,-40.0,0.0,0.0,0.0,0.0,0.0,162.0
2026-07-20 21:59:14.143,,,,,,,,,-40.0,0.0,0.0,0.0,0.0,0.0,162.0
2026-07-20 21:59:14.343,,,,,,,,,-40.0,0.0,0.0,0.0,0.0,0.0,162.0
2026-07-20 21:59:14.544,,,,,,,,,-40.0,0.0,0.0,0.0,0.0,0.0,163.0
2026-07-20 21:59:14.743,,,,,,,,,-40.0,0.0,0.0,0.0,0.0,0.0,163.0
2026-07-20 21:59:14.943,,,,,,,,,-40.0,0.0,0.0,0.0,0.0,0.0,163.0
2026-07-20 21:59:15.143,,,,,,,,,-40.0,0.0,0.0,0.0,0.0,0.0,163.0
2026-07-20 21:59:15.342,,,,,,,,,-40.0,0.0,0.0,0.0,0.0,0.0,163.0
2026-07-20 21:59:15.542,,,,,,,,,-40.0,0.0,0.0,0.0,0.0,0.0,164.0
2026-07-20 21:59:15.743,,,,,,,,,-40.0,0.0,0.0,0.0,0.0,0.0,164.0
2026-07-20 21:59:15.943,,,,,,,,,-40.0,0.0,0.0,0.0,0.0,0.0,164.0
2026-07-20 21:59:16.143,,,,,,,,,-40.0,0.0,0.0,0.0,0.0,0.0,164.0
2026-07-20 21:59:16.343,,,,,,,,,-40.0,0.0,0.0,0.0,0.0,0.0,164.0
2026-07-20 21:59:16.543,,,,,,,,,-40.0,0.0,0.0,0.0,0.0,0.0,165.0
2026-07-20 21:59:16.743,,,,,,,,,-40.0,0.0,0.0,0.0,0.0,0.0,165.0
2026-07-20 21:59:16.942,,,,,,,,,-40.0,0.0,0.0,0.0,0.0,0.0,165.0
2026-07-20 21:59:17.144,,,,,,,,,-40.0,0.0,0.0,0.0,0.0,0.0,165.0
2026-07-20 21:59:17.343,,,,,,,,,-40.0,0.0,0.0,0.0,0.0,0.0,165.0
2026-07-20 21:59:17.543,,,,,,,,,-40.0,0.0,0.0,0.0,0.0,0.0,166.0
2026-07-20 21:59:17.743,,,,,,,,,-40.0,0.0,0.0,0.0,0.0,0.0,166.0
2026-07-20 21:59:17.943,,,,,,,,,-40.0,0.0,0.0,0.0,0.0,0.0,166.0
2026-07-20 21:59:18.142,,,,,,,,,-40.0,0.0,0.0,0.0,0.0,0.0,166.0
2026-07-20 21:59:18.343,,,,,,,,,-40.0,0.0,0.0,0.0,0.0,0.0,166.0
2026-07-20 21:59:18.543,,,,,,,,,-40.0,0.0,0.0,0.0,0.0,0.0,167.0
2026-07-20 21:59:18.743,,,,,,,,,-40.0,0.0,0.0,0.0,0.0,0.0,167.0
2026-07-20 21:59:18.942,,,,,,,,,-40.0,0.0,0.0,0.0,0.0,0.0,167.0
2026-07-20 21:59:19.142,,,,,,,,,-40.0,0.0,0.0,0.0,0.0,0.0,167.0
2026-07-20 21:59:19.343,,,,,,,,,-40.0,0.0,0.0,0.0,0.0,0.0,167.0
2026-07-20 21:59:19.543,,,,,,,,,-40.0,0.0,0.0,0.0,0.0,0.0,168.0
2026-07-20 21:59:19.742,,,,,,,,,-40.0,0.0,0.0,0.0,0.0,0.0,168.0
2026-07-20 21:59:19.943,,,,,,,,,-40.0,0.0,0.0,0.0,0.0,0.0,168.0
2026-07-20 21:59:20.142,,,,,,,,,-40.0,0.0,0.0,0.0,0.0,0.0,168.0
2026-07-20 21:59:20.343,,,,,,,,,-40.0,0.0,0.0,0.0,0.0,0.0,168.0
2026-07-20 21:59:20.543,,,,,,,,,-40.0,0.0,0.0,0.0,0.0,0.0,169.0
2026-07-20 21:59:20.743,,,,,,,,,-40.0,0.0,0.0,0.0,0.0,0.0,169.0
2026-07-20 21:59:20.943,,,,,,,,,-40.0,0.0,0.0,0.0,0.0,0.0,169.0
2026-07-20 21:59:21.143,,,,,,,,,-40.0,0.0,0.0,0.0,0.0,0.0,169.0
2026-07-20 21:59:21.343,,,,,,,,,-40.0,0.0,0.0,0.0,0.0,0.0,169.0
2026-07-20 21:59:21.543,,,,,,,,,-40.0,0.0,0.0,0.0,0.0,0.0,170.0
2026-07-20 21:59:21.743,,,,,,,,,-40.0,0.0,0.0,0.0,0.0,0.0,170.0
2026-07-20 21:59:21.943,,,,,,,,,-40.0,0.0,0.0,0.0,0.0,0.0,170.0
2026-07-20 21:59:22.143,,,,,,,,,-40.0,0.0,0.0,0.0,0.0,0.0,170.0
2026-07-20 21:59:22.343,,,,,,,,,-40.0,0.0,0.0,0.0,0.0,0.0,170.0
2026-07-20 21:59:22.543,,,,,,,,,-40.0,0.0,0.0,0.0,0.0,0.0,171.0
2026-07-20 21:59:22.743,,,,,,,,,-40.0,0.0,0.0,0.0,0.0,0.0,171.0
2026-07-20 21:59:22.942,,,,,,,,,-40.0,0.0,0.0,0.0,0.0,0.0,171.0
2026-07-20 21:59:23.143,,,,,,,,,-40.0,0.0,0.0,0.0,0.0,0.0,171.0
2026-07-20 21:59:23.342,,,,,,,,,-40.0,0.0,0.0,0.0,0.0,0.0,171.0
2026-07-20 21:59:23.542,,,,,,,,,-40.0,0.0,0.0,0.0,0.0,0.0,172.0
2026-07-20 21:59:23.743,,,,,,,,,-40.0,0.0,0.0,0.0,0.0,0.0,172.0
2026-07-20 21:59:23.943,,,,,,,,,-40.0,0.0,0.0,0.0,0.0,0.0,172.0
2026-07-20 21:59:24.143,,,,,,,,,-40.0,0.0,0.0,0.0,0.0,0.0,172.0
2026-07-20 21:59:24.342,,,,,,,,,-40.0,0.0,0.0,0.0,0.0,0.0,172.0
2026-07-20 21:59:24.542,,,,,,,,,-40.0,0.0,0.0,0.0,0.0,0.0,173.0
2026-07-20 21:59:24.742,,,,,,,,,-40.0,0.0,0.0,0.0,0.0,0.0,173.0
2026-07-20 21:59:24.943,,,,,,,,,-40.0,0.0,0.0,0.0,0.0,0.0,173.0
2026-07-20 21:59:25.142,,,,,,,,,-40.0,0.0,0.0,0.0,0.0,0.0,173.0
2026-07-20 21:59:25.342,,,,,,,,,-40.0,0.0,0.0,0.0,0.0,0.0,173.0
2026-07-20 21:59:25.542,,,,,,,,,-40.0,0.0,0.0,0.0,0.0,0.0,174.0
2026-07-20 21:59:25.742,,,,,,,,,-40.0,0.0,0.0,0.0,0.0,0.0,174.0
2026-07-20 21:59:25.943,,,,,,,,,-40.0,0.0,0.0,0.0,0.0,0.0,174.0
2026-07-20 21:59:26.143,,,,,,,,,-40.0,0.0,0.0,0.0,0.0,0.0,174.0
2026-07-20 21:59:26.342,,,,,,,,,-40.0,0.0,0.0,0.0,0.0,0.0,174.0
2026-07-20 21:59:26.542,,,,,,,,,-40.0,0.0,0.0,0.0,0.0,0.0,175.0
2026-07-20 21:59:26.743,,,,,,,,,-40.0,0.0,0.0,0.0,0.0,0.0,175.0
2026-07-20 21:59:26.942,,,,,,,,,-40.0,0.0,0.0,0.0,0.0,0.0,175.0
2026-07-20 21:59:27.143,,,,,,,,,-40.0,0.0,0.0,0.0,0.0,0.0,175.0
2026-07-20 21:59:27.343,,,,,,,,,-40.0,0.0,0.0,0.0,0.0,0.0,175.0
2026-07-20 21:59:27.542,,,,,,,,,-40.0,0.0,0.0,0.0,0.0,0.0,176.0
2026-07-20 21:59:27.742,,,,,,,,,-40.0,0.0,0.0,0.0,0.0,0.0,176.0
2026-07-20 21:59:27.943,,,,,,,,,-40.0,0.0,0.0,0.0,0.0,0.0,176.0
2026-07-20 21:59:28.142,,,,,,,,,-40.0,0.0,0.0,0.0,0.0,0.0,176.0
2026-07-20 21:59:28.342,,,,,,,,,-40.0,0.0,0.0,0.0,0.0,0.0,176.0
2026-07-20 21:59:28.542,,,,,,,,,-40.0,0.0,0.0,0.0,0.0,0.0,177.0
2026-07-20 21:59:28.743,,,,,,,,,-40.0,0.0,0.0,0.0,0.0,0.0,177.0
2026-07-20 21:59:28.943,,,,,,,,,-40.0,0.0,0.0,0.0,0.0,0.0,177.0
2026-07-20 21:59:29.143,,,,,,,,,-40.0,0.0,0.0,0.0,0.0,0.0,177.0
2026-07-20 21:59:29.343,,,,,,,,,-40.0,0.0,0.0,0.0,0.0,0.0,177.0
2026-07-20 21:59:29.543,,,,,,,,,-40.0,0.0,0.0,0.0,0.0,0.0,178.0
2026-07-20 21:59:29.742,,,,,,,,,-40.0,0.0,0.0,0.0,0.0,0.0,178.0
2026-07-20 21:59:29.943,,,,,,,,,-40.0,0.0,0.0,0.0,0.0,0.0,178.0
2026-07-20 21:59:30.143,,,,,,,,,-40.0,0.0,0.0,0.0,0.0,0.0,178.0
2026-07-20 21:59:30.343,,,,,,,,,-40.0,0.0,0.0,0.0,0.0,0.0,178.0
2026-07-20 21:59:30.543,,,,,,,,,-40.0,0.0,0.0,0.0,0.0,0.0,179.0
2026-07-20 21:59:30.743,,,,,,,,,-40.0,0.0,0.0,0.0,0.0,0.0,179.0
2026-07-20 21:59:30.943,,,,,,,,,-40.0,0.0,0.0,0.0,0.0,0.0,179.0
2026-07-20 21:59:31.143,,,,,,,,,-40.0,0.0,0.0,0.0,0.0,0.0,179.0
2026-07-20 21:59:31.342,,,,,,,,,-40.0,0.0,0.0,0.0,0.0,0.0,179.0
2026-07-20 21:59:31.542,,,,,,,,,-40.0,0.0,0.0,0.0,0.0,0.0,180.0
2026-07-20 21:59:31.742,,,,,,,,,-40.0,0.0,0.0,0.0,0.0,0.0,180.0
2026-07-20 21:59:31.943,,,,,,,,,-40.0,0.0,0.0,0.0,0.0,0.0,180.0
2026-07-20 21:59:32.143,,,,,,,,,-40.0,0.0,0.0,0.0,0.0,0.0,180.0
2026-07-20 21:59:32.342,,,,,,,,,-40.0,0.0,0.0,0.0,0.0,0.0,180.0
2026-07-20 21:59:32.542,,,,,,,,,-40.0,0.0,0.0,0.0,0.0,0.0,181.0
2026-07-20 21:59:32.742,,,,,,,,,-40.0,0.0,0.0,0.0,0.0,0.0,181.0
2026-07-20 21:59:32.942,,,,,,,,,-40.0,0.0,0.0,0.0,0.0,0.0,181.0
2026-07-20 21:59:33.142,,,,,,,,,-40.0,0.0,0.0,0.0,0.0,0.0,181.0
2026-07-20 21:59:33.343,,,,,,,,,-40.0,0.0,0.0,0.0,0.0,0.0,181.0
2026-07-20 21:59:33.543,,,,,,,,,-40.0,0.0,0.0,0.0,0.0,0.0,182.0
2026-07-20 21:59:33.742,,,,,,,,,-40.0,0.0,0.0,0.0,0.0,0.0,182.0
2026-07-20 21:59:33.942,,,,,,,,,-40.0,0.0,0.0,0.0,0.0,0.0,182.0
2026-07-20 21:59:34.143,,,,,,,,,-40.0,0.0,0.0,0.0,0.0,0.0,182.0
2026-07-20 21:59:34.343,,,,,,,,,-40.0,0.0,0.0,0.0,0.0,0.0,182.0
2026-07-20 21:59:34.543,,,,,,,,,-40.0,0.0,0.0,0.0,0.0,0.0,183.0
2026-07-20 21:59:34.743,,,,,,,,,-40.0,0.0,0.0,0.0,0.0,0.0,183.0
2026-07-20 21:59:34.942,,,,,,,,,-40.0,0.0,0.0,0.0,0.0,0.0,183.0
2026-07-20 21:59:35.143,,,,,,,,,-40.0,0.0,0.0,0.0,0.0,0.0,183.0
2026-07-20 21:59:35.343,,,,,,,,,-40.0,0.0,0.0,0.0,0.0,0.0,183.0
2026-07-20 21:59:35.543,,,,,,,,,-40.0,0.0,0.0,0.0,0.0,0.0,184.0
2026-07-20 21:59:35.742,,,,,,,,,-40.0,0.0,0.0,0.0,0.0,0.0,184.0
2026-07-20 21:59:35.943,,,,,,,,,-40.0,0.0,0.0,0.0,0.0,0.0,184.0
2026-07-20 21:59:36.143,,,,,,,,,-40.0,0.0,0.0,0.0,0.0,0.0,184.0
2026-07-20 21:59:36.342,,,,,,,,,-40.0,0.0,0.0,0.0,0.0,0.0,184.0
2026-07-20 21:59:36.542,,,,,,,,,-40.0,0.0,0.0,0.0,0.0,0.0,185.0
2026-07-20 21:59:36.742,,,,,,,,,-40.0,0.0,0.0,0.0,0.0,0.0,185.0
2026-07-20 21:59:36.942,,,,,,,,,-40.0,0.0,0.0,0.0,0.0,0.0,185.0
2026-07-20 21:59:37.142,,,,,,,,,-40.0,0.0,0.0,0.0,0.0,0.0,185.0
2026-07-20 21:59:37.343,,,,,,,,,-40.0,0.0,0.0,0.0,0.0,0.0,185.0
2026-07-20 21:59:37.542,,,,,,,,,-40.0,0.0,0.0,0.0,0.0,0.0,186.0
2026-07-20 21:59:37.743,,,,,,,,,-40.0,0.0,0.0,0.0,0.0,0.0,186.0
2026-07-20 21:59:37.942,,,,,,,,,-40.0,0.0,0.0,0.0,0.0,0.0,186.0
2026-07-20 21:59:38.143,,,,,,,,,-40.0,0.0,0.0,0.0,0.0,0.0,186.0
2026-07-20 21:59:38.343,,,,,,,,,-40.0,0.0,0.0,0.0,0.0,0.0,186.0
2026-07-20 21:59:38.542,,,,,,,,,-40.0,0.0,0.0,0.0,0.0,0.0,187.0
2026-07-20 21:59:38.743,,,,,,,,,-40.0,0.0,0.0,0.0,0.0,0.0,187.0
2026-07-20 21:59:38.943,,,,,,,,,-40.0,0.0,0.0,0.0,0.0,0.0,187.0
2026-07-20 21:59:39.142,,,,,,,,,-40.0,0.0,0.0,0.0,0.0,0.0,187.0
2026-07-20 21:59:39.342,,,,,,,,,-40.0,0.0,0.0,0.0,0.0,0.0,187.0
2026-07-20 21:59:39.542,,,,,,,,,-40.0,0.0,0.0,0.0,0.0,0.0,188.0
2026-07-20 21:59:39.742,,,,,,,,,-40.0,0.0,0.0,0.0,0.0,0.0,188.0
2026-07-20 21:59:39.942,,,,,,,,,-40.0,0.0,0.0,0.0,0.0,0.0,188.0
2026-07-20 21:59:40.142,,,,,,,,,-40.0,0.0,0.0,0.0,0.0,0.0,188.0
2026-07-20 21:59:40.342,,,,,,,,,-40.0,0.0,0.0,0.0,0.0,0.0,188.0
2026-07-20 21:59:40.543,,,,,,,,,-40.0,0.0,0.0,0.0,0.0,0.0,189.0
2026-07-20 21:59:40.742,,,,,,,,,-40.0,0.0,0.0,0.0,0.0,0.0,189.0
2026-07-20 21:59:40.942,,,,,,,,,-40.0,0.0,0.0,0.0,0.0,0.0,189.0
2026-07-20 21:59:41.143,,,,,,,,,-40.0,0.0,0.0,0.0,0.0,0.0,189.0
2026-07-20 21:59:41.343,,,,,,,,,-40.0,0.0,0.0,0.0,0.0,0.0,189.0
2026-07-20 21:59:41.543,,,,,,,,,-40.0,0.0,0.0,0.0,0.0,0.0,190.0
2026-07-20 21:59:41.743,,,,,,,,,-40.0,0.0,0.0,0.0,0.0,0.0,190.0
2026-07-20 21:59:41.942,,,,,,,,,-40.0,0.0,0.0,0.0,0.0,0.0,190.0
2026-07-20 21:59:42.142,,,,,,,,,-40.0,0.0,0.0,0.0,0.0,0.0,190.0
2026-07-20 21:59:42.342,,,,,,,,,-40.0,0.0,0.0,0.0,0.0,0.0,190.0
2026-07-20 21:59:42.542,,,,,,,,,-40.0,0.0,0.0,0.0,0.0,0.0,191.0
2026-07-20 21:59:42.742,,,,,,,,,-40.0,0.0,0.0,0.0,0.0,0.0,191.0
2026-07-20 21:59:42.943,,,,,,,,,-40.0,0.0,0.0,0.0,0.0,0.0,191.0
2026-07-20 21:59:43.142,,,,,,,,,-40.0,0.0,0.0,0.0,0.0,0.0,191.0
2026-07-20 21:59:43.342,,,,,,,,,-40.0,0.0,0.0,0.0,0.0,0.0,191.0
2026-07-20 21:59:43.543,,,,,,,,,-40.0,0.0,0.0,0.0,0.0,0.0,192.0
2026-07-20 21:59:43.742,,,,,,,,,-40.0,0.0,0.0,0.0,0.0,0.0,192.0
2026-07-20 21:59:43.943,,,,,,,,,-40.0,0.0,0.0,0.0,0.0,0.0,192.0
2026-07-20 21:59:44.142,,,,,,,,,-40.0,0.0,0.0,0.0,0.0,0.0,192.0
2026-07-20 21:59:44.342,,,,,,,,,-40.0,0.0,0.0,0.0,0.0,0.0,192.0
2026-07-20 21:59:44.542,,,,,,,,,-40.0,0.0,0.0,0.0,0.0,0.0,193.0
2026-07-20 21:59:44.742,,,,,,,,,-40.0,0.0,0.0,0.0,0.0,0.0,193.0
2026-07-20 21:59:44.942,,,,,,,,,-40.0,0.0,0.0,0.0,0.0,0.0,193.0
2026-07-20 21:59:45.142,,,,,,,,,-40.0,0.0,0.0,0.0,0.0,0.0,193.0
2026-07-20 21:59:45.342,,,,,,,,,-40.0,0.0,0.0,0.0,0.0,0.0,193.0
2026-07-20 21:59:45.542,,,,,,,,,-40.0,0.0,0.0,0.0,0.0,0.0,194.0
2026-07-20 21:59:45.742,,,,,,,,,-40.0,0.0,0.0,0.0,0.0,0.0,194.0
2026-07-20 21:59:45.942,,,,,,,,,-40.0,0.0,0.0,0.0,0.0,0.0,194.0
2026-07-20 21:59:46.142,,,,,,,,,-40.0,0.0,0.0,0.0,0.0,0.0,194.0
2026-07-20 21:59:46.342,,,,,,,,,-40.0,0.0,0.0,0.0,0.0,0.0,194.0
2026-07-20 21:59:46.542,,,,,,,,,-40.0,0.0,0.0,0.0,0.0,0.0,195.0
2026-07-20 21:59:46.742,,,,,,,,,-40.0,0.0,0.0,0.0,0.0,0.0,195.0
2026-07-20 21:59:46.943,,,,,,,,,-40.0,0.0,0.0,0.0,0.0,0.0,195.0
2026-07-20 21:59:47.142,,,,,,,,,-40.0,0.0,0.0,0.0,0.0,0.0,195.0
2026-07-20 21:59:47.342,,,,,,,,,-40.0,0.0,0.0,0.0,0.0,0.0,195.0
2026-07-20 21:59:47.543,,,,,,,,,-40.0,0.0,0.0,0.0,0.0,0.0,196.0
2026-07-20 21:59:47.742,,,,,,,,,-40.0,0.0,0.0,0.0,0.0,0.0,196.0
2026-07-20 21:59:47.942,,,,,,,,,-40.0,0.0,0.0,0.0,0.0,0.0,196.0
2026-07-20 21:59:48.142,,,,,,,,,-40.0,0.0,0.0,0.0,0.0,0.0,196.0
2026-07-20 21:59:48.342,,,,,,,,,-40.0,0.0,0.0,0.0,0.0,0.0,196.0
2026-07-20 21:59:48.542,,,,,,,,,-40.0,0.0,0.0,0.0,0.0,0.0,197.0
2026-07-20 21:59:48.742,,,,,,,,,-40.0,0.0,0.0,0.0,0.0,0.0,197.0
2026-07-20 21:59:48.942,,,,,,,,,-40.0,0.0,0.0,0.0,0.0,0.0,197.0
2026-07-20 21:59:49.142,,,,,,,,,-40.0,0.0,0.0,0.0,0.0,0.0,197.0
2026-07-20 21:59:49.342,,,,,,,,,-40.0,0.0,0.0,0.0,0.0,0.0,197.0
2026-07-20 21:59:49.542,,,,,,,,,-40.0,0.0,0.0,0.0,0.0,0.0,198.0
2026-07-20 21:59:49.742,,,,,,,,,-40.0,0.0,0.0,0.0,0.0,0.0,198.0
2026-07-20 21:59:49.942,,,,,,,,,-40.0,0.0,0.0,0.0,0.0,0.0,198.0
2026-07-20 21:59:50.142,,,,,,,,,-40.0,0.0,0.0,0.0,0.0,0.0,198.0
2026-07-20 21:59:50.342,,,,,,,,,-40.0,0.0,0.0,0.0,0.0,0.0,198.0
2026-07-20 21:59:50.541,,,,,,,,,-40.0,0.0,0.0,0.0,0.0,0.0,199.0
2026-07-20 21:59:50.742,,,,,,,,,-40.0,0.0,0.0,0.0,0.0,0.0,199.0
2026-07-20 21:59:50.942,,,,,,,,,-40.0,0.0,0.0,0.0,0.0,0.0,199.0
2026-07-20 21:59:51.142,,,,,,,,,-40.0,0.0,0.0,0.0,0.0,0.0,199.0
2026-07-20 21:59:51.342,,,,,,,,,-40.0,0.0,0.0,0.0,0.0,0.0,199.0
2026-07-20 21:59:51.543,,,,,,,,,-40.0,0.0,0.0,0.0,0.0,0.0,200.0
2026-07-20 21:59:51.742,,,,,,,,,-40.0,0.0,0.0,0.0,0.0,0.0,200.0
2026-07-20 21:59:51.942,,,,,,,,,-40.0,0.0,0.0,0.0,0.0,0.0,200.0
2026-07-20 21:59:52.142,,,,,,,,,-40.0,0.0,0.0,0.0,0.0,0.0,200.0
2026-07-20 21:59:52.342,,,,,,,,,-40.0,0.0,0.0,0.0,0.0,0.0,200.0
2026-07-20 21:59:52.542,,,,,,,,,-40.0,0.0,0.0,0.0,0.0,0.0,201.0
2026-07-20 21:59:52.742,,,,,,,,,-40.0,0.0,0.0,0.0,0.0,0.0,201.0
2026-07-20 21:59:52.942,,,,,,,,,-40.0,0.0,0.0,0.0,0.0,0.0,201.0
2026-07-20 21:59:53.142,,,,,,,,,-40.0,0.0,0.0,0.0,0.0,0.0,201.0
2026-07-20 21:59:53.342,,,,,,,,,-40.0,0.0,0.0,0.0,0.0,0.0,201.0
2026-07-20 21:59:53.541,,,,,,,,,-40.0,0.0,0.0,0.0,0.0,0.0,202.0
2026-07-20 21:59:53.742,,,,,,,,,-40.0,0.0,0.0,0.0,0.0,0.0,202.0
2026-07-20 21:59:53.942,,,,,,,,,-40.0,0.0,0.0,0.0,0.0,0.0,202.0
2026-07-20 21:59:54.141,,,,,,,,,-40.0,0.0,0.0,0.0,0.0,0.0,202.0
2026-07-20 21:59:54.342,,,,,,,,,-40.0,0.0,0.0,0.0,0.0,0.0,202.0
2026-07-20 21:59:54.542,,,,,,,,,-40.0,0.0,0.0,0.0,0.0,0.0,203.0
2026-07-20 21:59:54.741,,,,,,,,,-40.0,0.0,0.0,0.0,0.0,0.0,203.0
2026-07-20 21:59:54.942,,,,,,,,,-40.0,0.0,0.0,0.0,0.0,0.0,203.0
2026-07-20 21:59:55.142,,,,,,,,,-40.0,0.0,0.0,0.0,0.0,0.0,203.0
2026-07-20 21:59:55.342,,,,,,,,,-40.0,0.0,0.0,0.0,0.0,0.0,203.0
2026-07-20 21:59:55.542,,,,,,,,,-40.0,0.0,0.0,0.0,0.0,0.0,204.0
2026-07-20 21:59:55.741,,,,,,,,,-40.0,0.0,0.0,0.0,0.0,0.0,204.0
2026-07-20 21:59:55.942,,,,,,,,,-40.0,0.0,0.0,0.0,0.0,0.0,204.0
2026-07-20 21:59:56.142,,,,,,,,,-40.0,0.0,0.0,0.0,0.0,0.0,204.0
2026-07-20 21:59:56.342,,,,,,,,,-40.0,0.0,0.0,0.0,0.0,0.0,204.0
2026-07-20 21:59:56.542,,,,,,,,,-40.0,0.0,0.0,0.0,0.0,0.0,205.0
2026-07-20 21:59:56.742,,,,,,,,,-40.0,0.0,0.0,0.0,0.0,0.0,205.0
2026-07-20 21:59:56.941,,,,,,,,,-40.0,0.0,0.0,0.0,0.0,0.0,205.0
2026-07-20 21:59:57.142,,,,,,,,,-40.0,0.0,0.0,0.0,0.0,0.0,205.0
2026-07-20 21:59:57.342,,,,,,,,,-40.0,0.0,0.0,0.0,0.0,0.0,205.0
2026-07-20 21:59:57.542,,,,,,,,,-40.0,0.0,0.0,0.0,0.0,0.0,206.0
2026-07-20 21:59:57.742,,,,,,,,,-40.0,0.0,0.0,0.0,0.0,0.0,206.0
2026-07-20 21:59:57.942,,,,,,,,,-40.0,0.0,0.0,0.0,0.0,0.0,206.0
2026-07-20 21:59:58.141,,,,,,,,,-40.0,0.0,0.0,0.0,0.0,0.0,206.0
2026-07-20 21:59:58.342,,,,,,,,,-40.0,0.0,0.0,0.0,0.0,0.0,206.0
2026-07-20 21:59:58.541,,,,,,,,,-40.0,0.0,0.0,0.0,0.0,0.0,207.0
2026-07-20 21:59:58.742,,,,,,,,,-40.0,0.0,0.0,0.0,0.0,0.0,207.0
2026-07-20 21:59:58.942,,,,,,,,,-40.0,0.0,0.0,0.0,0.0,0.0,207.0
2026-07-20 21:59:59.141,,,,,,,,,-40.0,0.0,0.0,0.0,0.0,0.0,207.0
2026-07-20 21:59:59.342,,,,,,,,,-40.0,0.0,0.0,0.0,0.0,0.0,207.0
2026-07-20 21:59:59.541,,,,,,,,,-40.0,0.0,0.0,0.0,0.0,0.0,208.0
2026-07-20 21:59:59.741,,,,,,,,,-40.0,0.0,0.0,0.0,0.0,0.0,208.0
2026-07-20 21:59:59.941,,,,,,,,,-40.0,0.0,0.0,0.0,0.0,0.0,208.0
2026-07-20 22:00:00.141,,,,,,,,,-40.0,0.0,0.0,0.0,0.0,0.0,208.0
2026-07-20 22:00:00.347,,,,,,,,,-40.0,0.0,0.0,0.0,0.0,0.0,208.0
2026-07-20 22:00:00.542,,,,,,,,,-40.0,0.0,0.0,0.0,0.0,0.0,209.0
2026-07-20 22:00:00.741,,,,,,,,,-40.0,0.0,0.0,0.0,0.0,0.0,209.0
2026-07-20 22:00:00.943,,,,,,,,,-40.0,0.0,0.0,0.0,0.0,0.0,209.0
2026-07-20 22:00:01.141,,,,,,,,,-40.0,0.0,0.0,0.0,0.0,0.0,209.0
2026-07-20 22:00:01.341,,,,,,,,,-40.0,0.0,0.0,0.0,0.0,0.0,209.0
2026-07-20 22:00:01.542,,,,,,,,,-40.0,0.0,0.0,0.0,0.0,0.0,210.0
2026-07-20 22:00:01.743,,,,,,,,,-40.0,0.0,0.0,0.0,0.0,0.0,210.0
2026-07-20 22:00:01.942,,,,,,,,,-40.0,0.0,0.0,0.0,0.0,0.0,210.0
2026-07-20 22:00:02.142,,,,,,,,,-40.0,0.0,0.0,0.0,0.0,0.0,210.0
2026-07-20 22:00:02.343,,,,,,,,,-40.0,0.0,0.0,0.0,0.0,0.0,210.0
2026-07-20 22:00:02.541,,,,,,,,,-40.0,0.0,0.0,0.0,0.0,0.0,211.0
2026-07-20 22:00:02.742,,,,,,,,,-40.0,0.0,0.0,0.0,0.0,0.0,211.0
2026-07-20 22:00:02.941,,,,,,,,,-40.0,0.0,0.0,0.0,0.0,0.0,211.0
2026-07-20 22:00:03.141,,,,,,,,,-40.0,0.0,0.0,0.0,0.0,0.0,211.0
2026-07-20 22:00:03.341,,,,,,,,,-40.0,0.0,0.0,0.0,0.0,0.0,211.0
2026-07-20 22:00:03.541,,,,,,,,,-40.0,0.0,0.0,0.0,0.0,0.0,212.0
2026-07-20 22:00:03.742,,,,,,,,,-40.0,0.0,0.0,0.0,0.0,0.0,212.0
2026-07-20 22:00:03.942,,,,,,,,,-40.0,0.0,0.0,0.0,0.0,0.0,212.0
2026-07-20 22:00:04.141,,,,,,,,,-40.0,0.0,0.0,0.0,0.0,0.0,212.0
2026-07-20 22:00:04.341,,,,,,,,,-40.0,0.0,0.0,0.0,0.0,0.0,212.0
2026-07-20 22:00:04.541,,,,,,,,,-40.0,0.0,0.0,0.0,0.0,0.0,213.0
2026-07-20 22:00:04.743,,,,,,,,,-40.0,0.0,0.0,0.0,0.0,0.0,213.0
2026-07-20 22:00:04.941,,,,,,,,,-40.0,0.0,0.0,0.0,0.0,0.0,213.0
2026-07-20 22:00:05.141,,,,,,,,,-40.0,0.0,0.0,0.0,0.0,0.0,213.0
2026-07-20 22:00:05.342,,,,,,,,,-40.0,0.0,0.0,0.0,0.0,0.0,213.0
2026-07-20 22:00:05.542,,,,,,,,,-40.0,0.0,0.0,0.0,0.0,0.0,214.0
2026-07-20 22:00:05.742,,,,,,,,,-40.0,0.0,0.0,0.0,0.0,0.0,214.0
2026-07-20 22:00:05.941,,,,,,,,,-40.0,0.0,0.0,0.0,0.0,0.0,214.0
2026-07-20 22:00:06.141,,,,,,,,,-40.0,0.0,0.0,0.0,0.0,0.0,214.0
2026-07-20 22:00:06.341,,,,,,,,,-40.0,0.0,0.0,0.0,0.0,0.0,214.0
2026-07-20 22:00:06.542,,,,,,,,,-40.0,0.0,0.0,0.0,0.0,0.0,215.0
2026-07-20 22:00:06.742,,,,,,,,,-40.0,0.0,0.0,0.0,0.0,0.0,215.0
2026-07-20 22:00:06.942,,,,,,,,,-40.0,0.0,0.0,0.0,0.0,0.0,215.0
2026-07-20 22:00:07.141,,,,,,,,,-40.0,0.0,0.0,0.0,0.0,0.0,215.0
2026-07-20 22:00:07.341,,,,,,,,,-40.0,0.0,0.0,0.0,0.0,0.0,215.0
2026-07-20 22:00:07.541,,,,,,,,,-40.0,0.0,0.0,0.0,0.0,0.0,216.0
2026-07-20 22:00:07.741,,,,,,,,,-40.0,0.0,0.0,0.0,0.0,0.0,216.0
2026-07-20 22:00:07.941,,,,,,,,,-40.0,0.0,0.0,0.0,0.0,0.0,216.0
2026-07-20 22:00:08.142,,,,,,,,,-40.0,0.0,0.0,0.0,0.0,0.0,216.0
2026-07-20 22:00:08.341,,,,,,,,,-40.0,0.0,0.0,0.0,0.0,0.0,216.0
2026-07-20 22:00:08.541,,,,,,,,,-40.0,0.0,0.0,0.0,0.0,0.0,217.0
2026-07-20 22:00:08.741,,,,,,,,,-40.0,0.0,0.0,0.0,0.0,0.0,217.0
2026-07-20 22:00:08.941,,,,,,,,,-40.0,0.0,0.0,0.0,0.0,0.0,217.0
2026-07-20 22:00:09.141,,,,,,,,,-40.0,0.0,0.0,0.0,0.0,0.0,217.0
2026-07-20 22:00:09.342,,,,,,,,,-40.0,0.0,0.0,0.0,0.0,0.0,217.0
2026-07-20 22:00:09.542,,,,,,,,,-40.0,0.0,0.0,0.0,0.0,0.0,218.0
2026-07-20 22:00:09.741,,,,,,,,,-40.0,0.0,0.0,0.0,0.0,0.0,218.0
2026-07-20 22:00:09.941,,,,,,,,,-40.0,0.0,0.0,0.0,0.0,0.0,218.0
2026-07-20 22:00:10.141,,,,,,,,,-40.0,0.0,0.0,0.0,0.0,0.0,218.0
2026-07-20 22:00:10.341,,,,,,,,,-40.0,0.0,0.0,0.0,0.0,0.0,218.0
2026-07-20 22:00:10.541,,,,,,,,,-40.0,0.0,0.0,0.0,0.0,0.0,219.0
2026-07-20 22:00:10.742,,,,,,,,,-40.0,0.0,0.0,0.0,0.0,0.0,219.0
2026-07-20 22:00:10.941,,,,,,,,,-40.0,0.0,0.0,0.0,0.0,0.0,219.0
2026-07-20 22:00:11.141,,,,,,,,,-40.0,0.0,0.0,0.0,0.0,0.0,219.0
2026-07-20 22:00:11.341,,,,,,,,,-40.0,0.0,0.0,0.0,0.0,0.0,219.0
2026-07-20 22:00:11.541,,,,,,,,,-40.0,0.0,0.0,0.0,0.0,0.0,220.0
2026-07-20 22:00:11.742,,,,,,,,,-40.0,0.0,0.0,0.0,0.0,0.0,220.0
2026-07-20 22:00:11.941,,,,,,,,,-40.0,0.0,0.0,0.0,0.0,0.0,220.0
2026-07-20 22:00:12.142,,,,,,,,,-40.0,0.0,0.0,0.0,0.0,0.0,220.0
2026-07-20 22:00:12.341,,,,,,,,,-40.0,0.0,0.0,0.0,0.0,0.0,220.0
2026-07-20 22:00:12.542,,,,,,,,,-40.0,0.0,0.0,0.0,0.0,0.0,221.0
2026-07-20 22:00:12.742,,,,,,,,,-40.0,0.0,0.0,0.0,0.0,0.0,221.0
2026-07-20 22:00:12.941,,,,,,,,,-40.0,0.0,0.0,0.0,0.0,0.0,221.0
2026-07-20 22:00:13.141,,,,,,,,,-40.0,0.0,0.0,0.0,0.0,0.0,221.0
2026-07-20 22:00:13.341,,,,,,,,,-40.0,0.0,0.0,0.0,0.0,0.0,221.0
2026-07-20 22:00:13.541,,,,,,,,,-40.0,0.0,0.0,0.0,0.0,0.0,222.0
2026-07-20 22:00:13.742,,,,,,,,,-40.0,0.0,0.0,0.0,0.0,0.0,222.0
2026-07-20 22:00:13.941,,,,,,,,,-40.0,0.0,0.0,0.0,0.0,0.0,222.0
2026-07-20 22:00:14.141,,,,,,,,,-40.0,0.0,0.0,0.0,0.0,0.0,222.0
2026-07-20 22:00:14.341,,,,,,,,,-40.0,0.0,0.0,0.0,0.0,0.0,222.0
2026-07-20 22:00:14.541,,,,,,,,,-40.0,0.0,0.0,0.0,0.0,0.0,223.0
2026-07-20 22:00:14.742,,,,,,,,,-40.0,0.0,0.0,0.0,0.0,0.0,223.0
2026-07-20 22:00:14.942,,,,,,,,,-40.0,0.0,0.0,0.0,0.0,0.0,223.0
2026-07-20 22:00:15.141,,,,,,,,,-40.0,0.0,0.0,0.0,0.0,0.0,223.0
2026-07-20 22:00:15.341,,,,,,,,,-40.0,0.0,0.0,0.0,0.0,0.0,223.0
2026-07-20 22:00:15.541,,,,,,,,,-40.0,0.0,0.0,0.0,0.0,0.0,224.0
2026-07-20 22:00:15.741,,,,,,,,,-40.0,0.0,0.0,0.0,0.0,0.0,224.0
2026-07-20 22:00:15.941,,,,,,,,,-40.0,0.0,0.0,0.0,0.0,0.0,224.0
2026-07-20 22:00:16.141,,,,,,,,,-40.0,0.0,0.0,0.0,0.0,0.0,224.0
2026-07-20 22:00:16.341,,,,,,,,,-40.0,0.0,0.0,0.0,0.0,0.0,224.0
2026-07-20 22:00:16.541,,,,,,,,,-40.0,0.0,0.0,0.0,0.0,0.0,225.0
2026-07-20 22:00:16.742,,,,,,,,,-40.0,0.0,0.0,0.0,0.0,0.0,225.0
2026-07-20 22:00:16.941,,,,,,,,,-40.0,0.0,0.0,0.0,0.0,0.0,225.0
2026-07-20 22:00:17.141,,,,,,,,,-40.0,0.0,0.0,0.0,0.0,0.0,225.0
2026-07-20 22:00:17.341,,,,,,,,,-40.0,0.0,0.0,0.0,0.0,0.0,225.0
2026-07-20 22:00:17.541,,,,,,,,,-40.0,0.0,0.0,0.0,0.0,0.0,226.0
2026-07-20 22:00:17.741,,,,,,,,,-40.0,0.0,0.0,0.0,0.0,0.0,226.0
2026-07-20 22:00:17.941,,,,,,,,,-40.0,0.0,0.0,0.0,0.0,0.0,226.0
2026-07-20 22:00:18.141,,,,,,,,,-40.0,0.0,0.0,0.0,0.0,0.0,226.0
2026-07-20 22:00:18.341,,,,,,,,,-40.0,0.0,0.0,0.0,0.0,0.0,226.0
2026-07-20 22:00:18.541,,,,,,,,,-40.0,0.0,0.0,0.0,0.0,0.0,227.0
2026-07-20 22:00:18.741,,,,,,,,,-40.0,0.0,0.0,0.0,0.0,0.0,227.0
2026-07-20 22:00:18.941,,,,,,,,,-40.0,0.0,0.0,0.0,0.0,0.0,227.0
2026-07-20 22:00:19.141,,,,,,,,,-40.0,0.0,0.0,0.0,0.0,0.0,227.0
2026-07-20 22:00:19.341,,,,,,,,,-40.0,0.0,0.0,0.0,0.0,0.0,227.0
2026-07-20 22:00:19.541,,,,,,,,,-40.0,0.0,0.0,0.0,0.0,0.0,228.0
2026-07-20 22:00:19.742,,,,,,,,,-40.0,0.0,0.0,0.0,0.0,0.0,228.0
2026-07-20 22:00:19.941,,,,,,,,,-40.0,0.0,0.0,0.0,0.0,0.0,228.0
2026-07-20 22:00:20.141,,,,,,,,,-40.0,0.0,0.0,0.0,0.0,0.0,228.0
2026-07-20 22:00:20.341,,,,,,,,,-40.0,0.0,0.0,0.0,0.0,0.0,228.0
2026-07-20 22:00:20.542,,,,,,,,,-40.0,0.0,0.0,0.0,0.0,0.0,229.0
2026-07-20 22:00:20.742,,,,,,,,,-40.0,0.0,0.0,0.0,0.0,0.0,229.0
2026-07-20 22:00:20.941,,,,,,,,,-40.0,0.0,0.0,0.0,0.0,0.0,229.0
2026-07-20 22:00:21.141,,,,,,,,,-40.0,0.0,0.0,0.0,0.0,0.0,229.0
2026-07-20 22:00:21.341,,,,,,,,,-40.0,0.0,0.0,0.0,0.0,0.0,229.0
2026-07-20 22:00:21.541,,,,,,,,,-40.0,0.0,0.0,0.0,0.0,0.0,230.0
2026-07-20 22:00:21.743,,,,,,,,,-40.0,0.0,0.0,0.0,0.0,0.0,230.0
2026-07-20 22:00:21.941,,,,,,,,,-40.0,0.0,0.0,0.0,0.0,0.0,230.0
2026-07-20 22:00:22.141,,,,,,,,,-40.0,0.0,0.0,0.0,0.0,0.0,230.0
2026-07-20 22:00:22.341,,,,,,,,,-40.0,0.0,0.0,0.0,0.0,0.0,230.0
2026-07-20 22:00:22.543,,,,,,,,,-40.0,0.0,0.0,0.0,0.0,0.0,231.0
2026-07-20 22:00:22.741,,,,,,,,,-40.0,0.0,0.0,0.0,0.0,0.0,231.0
2026-07-20 22:00:22.942,,,,,,,,,-40.0,0.0,0.0,0.0,0.0,0.0,231.0
2026-07-20 22:00:23.141,,,,,,,,,-40.0,0.0,0.0,0.0,0.0,0.0,231.0
2026-07-20 22:00:23.341,,,,,,,,,-40.0,0.0,0.0,0.0,0.0,0.0,231.0
2026-07-20 22:00:23.541,,,,,,,,,-40.0,0.0,0.0,0.0,0.0,0.0,232.0
2026-07-20 22:00:23.741,,,,,,,,,-40.0,0.0,0.0,0.0,0.0,0.0,232.0
2026-07-20 22:00:23.941,,,,,,,,,-40.0,0.0,0.0,0.0,0.0,0.0,232.0
2026-07-20 22:00:24.141,,,,,,,,,-40.0,0.0,0.0,0.0,0.0,0.0,232.0
2026-07-20 22:00:24.341,,,,,,,,,-40.0,0.0,0.0,0.0,0.0,0.0,232.0
2026-07-20 22:00:24.541,,,,,,,,,-40.0,0.0,0.0,0.0,0.0,0.0,233.0
2026-07-20 22:00:24.741,,,,,,,,,-40.0,0.0,0.0,0.0,0.0,0.0,233.0
2026-07-20 22:00:24.941,,,,,,,,,-40.0,0.0,0.0,0.0,0.0,0.0,233.0
2026-07-20 22:00:25.141,,,,,,,,,-40.0,0.0,0.0,0.0,0.0,0.0,233.0
2026-07-20 22:00:25.341,,,,,,,,,-40.0,0.0,0.0,0.0,0.0,0.0,233.0
2026-07-20 22:00:25.541,,,,,,,,,-40.0,0.0,0.0,0.0,0.0,0.0,234.0
2026-07-20 22:00:25.741,,,,,,,,,-40.0,0.0,0.0,0.0,0.0,0.0,234.0
2026-07-20 22:00:25.941,,,,,,,,,-40.0,0.0,0.0,0.0,0.0,0.0,234.0
2026-07-20 22:00:26.141,,,,,,,,,-40.0,0.0,0.0,0.0,0.0,0.0,234.0
2026-07-20 22:00:26.341,,,,,,,,,-40.0,0.0,0.0,0.0,0.0,0.0,234.0
2026-07-20 22:00:26.541,,,,,,,,,-40.0,0.0,0.0,0.0,0.0,0.0,235.0
2026-07-20 22:00:26.741,,,,,,,,,-40.0,0.0,0.0,0.0,0.0,0.0,235.0
2026-07-20 22:00:26.941,,,,,,,,,-40.0,0.0,0.0,0.0,0.0,0.0,235.0
2026-07-20 22:00:27.141,,,,,,,,,-40.0,0.0,0.0,0.0,0.0,0.0,235.0
2026-07-20 22:00:27.341,,,,,,,,,-40.0,0.0,0.0,0.0,0.0,0.0,235.0
2026-07-20 22:00:27.541,,,,,,,,,-40.0,0.0,0.0,0.0,0.0,0.0,236.0
2026-07-20 22:00:27.741,,,,,,,,,-40.0,0.0,0.0,0.0,0.0,0.0,236.0
2026-07-20 22:00:27.941,,,,,,,,,-40.0,0.0,0.0,0.0,0.0,0.0,236.0
2026-07-20 22:00:28.141,,,,,,,,,-40.0,0.0,0.0,0.0,0.0,0.0,236.0
2026-07-20 22:00:28.341,,,,,,,,,-40.0,0.0,0.0,0.0,0.0,0.0,236.0
2026-07-20 22:00:28.541,,,,,,,,,-40.0,0.0,0.0,0.0,0.0,0.0,237.0
2026-07-20 22:00:28.741,,,,,,,,,-40.0,0.0,0.0,0.0,0.0,0.0,237.0
2026-07-20 22:00:28.941,,,,,,,,,-40.0,0.0,0.0,0.0,0.0,0.0,237.0
2026-07-20 22:00:29.141,,,,,,,,,-40.0,0.0,0.0,0.0,0.0,0.0,237.0
2026-07-20 22:00:29.341,,,,,,,,,-40.0,0.0,0.0,0.0,0.0,0.0,237.0
2026-07-20 22:00:29.541,,,,,,,,,-40.0,0.0,0.0,0.0,0.0,0.0,238.0
2026-07-20 22:00:29.740,,,,,,,,,-40.0,0.0,0.0,0.0,0.0,0.0,238.0
2026-07-20 22:00:29.941,,,,,,,,,-40.0,0.0,0.0,0.0,0.0,0.0,238.0
2026-07-20 22:00:30.140,,,,,,,,,-40.0,0.0,0.0,0.0,0.0,0.0,238.0
2026-07-20 22:00:30.341,,,,,,,,,-40.0,0.0,0.0,0.0,0.0,0.0,238.0
2026-07-20 22:00:30.541,,,,,,,,,-40.0,0.0,0.0,0.0,0.0,0.0,239.0
2026-07-20 22:00:30.742,,,,,,,,,-40.0,0.0,0.0,0.0,0.0,0.0,239.0
2026-07-20 22:00:30.941,,,,,,,,,-40.0,0.0,0.0,0.0,0.0,0.0,239.0
2026-07-20 22:00:31.141,,,,,,,,,-40.0,0.0,0.0,0.0,0.0,0.0,239.0
2026-07-20 22:00:31.341,,,,,,,,,-40.0,0.0,0.0,0.0,0.0,0.0,239.0
2026-07-20 22:00:31.541,,,,,,,,,-40.0,0.0,0.0,0.0,0.0,0.0,240.0
2026-07-20 22:00:31.740,,,,,,,,,-40.0,0.0,0.0,0.0,0.0,0.0,240.0
2026-07-20 22:00:31.941,,,,,,,,,-40.0,0.0,0.0,0.0,0.0,0.0,240.0
2026-07-20 22:00:32.140,,,,,,,,,-40.0,0.0,0.0,0.0,0.0,0.0,240.0
2026-07-20 22:00:32.340,,,,,,,,,-40.0,0.0,0.0,0.0,0.0,0.0,240.0
2026-07-20 22:00:32.541,,,,,,,,,-40.0,0.0,0.0,0.0,0.0,0.0,241.0
2026-07-20 22:00:32.742,,,,,,,,,-40.0,0.0,0.0,0.0,0.0,0.0,241.0
2026-07-20 22:00:32.941,,,,,,,,,-40.0,0.0,0.0,0.0,0.0,0.0,241.0
2026-07-20 22:00:33.141,,,,,,,,,-40.0,0.0,0.0,0.0,0.0,0.0,241.0
2026-07-20 22:00:33.341,,,,,,,,,-40.0,0.0,0.0,0.0,0.0,0.0,241.0
2026-07-20 22:00:33.541,,,,,,,,,-40.0,0.0,0.0,0.0,0.0,0.0,242.0
2026-07-20 22:00:33.740,,,,,,,,,-40.0,0.0,0.0,0.0,0.0,0.0,242.0
2026-07-20 22:00:33.941,,,,,,,,,-40.0,0.0,0.0,0.0,0.0,0.0,242.0
2026-07-20 22:00:34.141,,,,,,,,,-40.0,0.0,0.0,0.0,0.0,0.0,242.0
2026-07-20 22:00:34.341,,,,,,,,,-40.0,0.0,0.0,0.0,0.0,0.0,242.0
2026-07-20 22:00:34.541,,,,,,,,,-40.0,0.0,0.0,0.0,0.0,0.0,243.0
2026-07-20 22:00:34.740,,,,,,,,,-40.0,0.0,0.0,0.0,0.0,0.0,243.0
2026-07-20 22:00:34.941,,,,,,,,,-40.0,0.0,0.0,0.0,0.0,0.0,243.0
2026-07-20 22:00:35.141,,,,,,,,,-40.0,0.0,0.0,0.0,0.0,0.0,243.0
2026-07-20 22:00:35.341,,,,,,,,,-40.0,0.0,0.0,0.0,0.0,0.0,243.0
2026-07-20 22:00:35.541,,,,,,,,,-40.0,0.0,0.0,0.0,0.0,0.0,244.0
2026-07-20 22:00:35.740,,,,,,,,,-40.0,0.0,0.0,0.0,0.0,0.0,244.0
2026-07-20 22:00:35.941,,,,,,,,,-40.0,0.0,0.0,0.0,0.0,0.0,244.0
2026-07-20 22:00:36.141,,,,,,,,,-40.0,0.0,0.0,0.0,0.0,0.0,244.0
2026-07-20 22:00:36.341,,,,,,,,,-40.0,0.0,0.0,0.0,0.0,0.0,244.0
2026-07-20 22:00:36.541,,,,,,,,,-40.0,0.0,0.0,0.0,0.0,0.0,245.0
2026-07-20 22:00:36.740,,,,,,,,,-40.0,0.0,0.0,0.0,0.0,0.0,245.0
2026-07-20 22:00:36.940,,,,,,,,,-40.0,0.0,0.0,0.0,0.0,0.0,245.0
2026-07-20 22:00:37.141,,,,,,,,,-40.0,0.0,0.0,0.0,0.0,0.0,245.0
2026-07-20 22:00:37.341,,,,,,,,,-40.0,0.0,0.0,0.0,0.0,0.0,245.0
2026-07-20 22:00:37.540,,,,,,,,,-40.0,0.0,0.0,0.0,0.0,0.0,246.0
2026-07-20 22:00:37.741,,,,,,,,,-40.0,0.0,0.0,0.0,0.0,0.0,246.0
2026-07-20 22:00:37.941,,,,,,,,,-40.0,0.0,0.0,0.0,0.0,0.0,246.0
2026-07-20 22:00:38.141,,,,,,,,,-40.0,0.0,0.0,0.0,0.0,0.0,246.0
2026-07-20 22:00:38.341,,,,,,,,,-40.0,0.0,0.0,0.0,0.0,0.0,246.0
2026-07-20 22:00:38.541,,,,,,,,,-40.0,0.0,0.0,0.0,0.0,0.0,247.0
2026-07-20 22:00:38.740,,,,,,,,,-40.0,0.0,0.0,0.0,0.0,0.0,247.0
2026-07-20 22:00:38.941,,,,,,,,,-40.0,0.0,0.0,0.0,0.0,0.0,247.0
2026-07-20 22:00:39.141,,,,,,,,,-40.0,0.0,0.0,0.0,0.0,0.0,247.0
2026-07-20 22:00:39.340,,,,,,,,,-40.0,0.0,0.0,0.0,0.0,0.0,247.0
2026-07-20 22:00:39.541,,,,,,,,,-40.0,0.0,0.0,0.0,0.0,0.0,248.0
2026-07-20 22:00:39.740,,,,,,,,,-40.0,0.0,0.0,0.0,0.0,0.0,248.0
2026-07-20 22:00:39.940,,,,,,,,,-40.0,0.0,0.0,0.0,0.0,0.0,248.0
2026-07-20 22:00:40.141,,,,,,,,,-40.0,0.0,0.0,0.0,0.0,0.0,248.0
2026-07-20 22:00:40.340,,,,,,,,,-40.0,0.0,0.0,0.0,0.0,0.0,248.0
2026-07-20 22:00:40.541,,,,,,,,,-40.0,0.0,0.0,0.0,0.0,0.0,249.0
2026-07-20 22:00:40.740,,,,,,,,,-40.0,0.0,0.0,0.0,0.0,0.0,249.0
2026-07-20 22:00:40.940,,,,,,,,,-40.0,0.0,0.0,0.0,0.0,0.0,249.0
2026-07-20 22:00:41.140,,,,,,,,,-40.0,0.0,0.0,0.0,0.0,0.0,249.0
2026-07-20 22:00:41.341,,,,,,,,,-40.0,0.0,0.0,0.0,0.0,0.0,249.0
2026-07-20 22:00:41.541,,,,,,,,,-40.0,0.0,0.0,0.0,0.0,0.0,250.0
2026-07-20 22:00:41.741,,,,,,,,,-40.0,0.0,0.0,0.0,0.0,0.0,250.0
2026-07-20 22:00:41.941,,,,,,,,,-40.0,0.0,0.0,0.0,0.0,0.0,250.0
2026-07-20 22:00:42.140,,,,,,,,,-40.0,0.0,0.0,0.0,0.0,0.0,250.0
2026-07-20 22:00:42.340,,,,,,,,,-40.0,0.0,0.0,0.0,0.0,0.0,250.0
2026-07-20 22:00:42.541,,,,,,,,,-40.0,0.0,0.0,0.0,0.0,0.0,251.0
2026-07-20 22:00:42.740,,,,,,,,,-40.0,0.0,0.0,0.0,0.0,0.0,251.0
2026-07-20 22:00:42.940,,,,,,,,,-40.0,0.0,0.0,0.0,0.0,0.0,251.0
2026-07-20 22:00:43.140,,,,,,,,,-40.0,0.0,0.0,0.0,0.0,0.0,251.0
2026-07-20 22:00:43.341,,,,,,,,,-40.0,0.0,0.0,0.0,0.0,0.0,251.0
2026-07-20 22:00:43.541,,,,,,,,,-40.0,0.0,0.0,0.0,0.0,0.0,252.0
2026-07-20 22:00:43.740,,,,,,,,,-40.0,0.0,0.0,0.0,0.0,0.0,252.0
2026-07-20 22:00:43.941,,,,,,,,,-40.0,0.0,0.0,0.0,0.0,0.0,252.0
2026-07-20 22:00:44.140,,,,,,,,,-40.0,0.0,0.0,0.0,0.0,0.0,252.0
2026-07-20 22:00:44.340,,,,,,,,,-40.0,0.0,0.0,0.0,0.0,0.0,252.0
2026-07-20 22:00:44.540,,,,,,,,,-40.0,0.0,0.0,0.0,0.0,0.0,253.0
2026-07-20 22:00:44.742,,,,,,,,,-40.0,0.0,0.0,0.0,0.0,0.0,253.0
2026-07-20 22:00:44.940,,,,,,,,,-40.0,0.0,0.0,0.0,0.0,0.0,253.0
2026-07-20 22:00:45.140,,,,,,,,,-40.0,0.0,0.0,0.0,0.0,0.0,253.0
2026-07-20 22:00:45.341,,,,,,,,,-40.0,0.0,0.0,0.0,0.0,0.0,253.0
2026-07-20 22:00:45.541,,,,,,,,,-40.0,0.0,0.0,0.0,0.0,0.0,254.0
2026-07-20 22:00:45.741,,,,,,,,,-40.0,0.0,0.0,0.0,0.0,0.0,254.0
2026-07-20 22:00:45.941,,,,,,,,,-40.0,0.0,0.0,0.0,0.0,0.0,254.0
2026-07-20 22:00:46.140,,,,,,,,,-40.0,0.0,0.0,0.0,0.0,0.0,254.0
2026-07-20 22:00:46.340,,,,,,,,,-40.0,0.0,0.0,0.0,0.0,0.0,254.0
2026-07-20 22:00:46.541,,,,,,,,,-40.0,0.0,0.0,0.0,0.0,0.0,255.0
2026-07-20 22:00:46.742,,,,,,,,,-40.0,0.0,0.0,0.0,0.0,0.0,255.0
2026-07-20 22:00:46.941,,,,,,,,,-40.0,0.0,0.0,0.0,0.0,0.0,255.0
2026-07-20 22:00:47.140,,,,,,,,,-40.0,0.0,0.0,0.0,0.0,0.0,255.0
2026-07-20 22:00:47.340,,,,,,,,,-40.0,0.0,0.0,0.0,0.0,0.0,255.0
2026-07-20 22:00:47.541,,,,,,,,,-40.0,0.0,0.0,0.0,0.0,0.0,256.0
2026-07-20 22:00:47.741,,,,,,,,,-40.0,0.0,0.0,0.0,0.0,0.0,256.0
2026-07-20 22:00:47.940,,,,,,,,,-40.0,0.0,0.0,0.0,0.0,0.0,256.0
2026-07-20 22:00:48.140,,,,,,,,,-40.0,0.0,0.0,0.0,0.0,0.0,256.0
2026-07-20 22:00:48.340,,,,,,,,,-40.0,0.0,0.0,0.0,0.0,0.0,256.0
2026-07-20 22:00:48.540,,,,,,,,,-40.0,0.0,0.0,0.0,0.0,0.0,257.0
2026-07-20 22:00:48.741,,,,,,,,,-40.0,0.0,0.0,0.0,0.0,0.0,257.0
2026-07-20 22:00:48.940,,,,,,,,,-40.0,0.0,0.0,0.0,0.0,0.0,257.0
2026-07-20 22:00:49.140,,,,,,,,,-40.0,0.0,0.0,0.0,0.0,0.0,257.0
2026-07-20 22:00:49.341,,,,,,,,,-40.0,0.0,0.0,0.0,0.0,0.0,257.0
2026-07-20 22:00:49.541,,,,,,,,,-40.0,0.0,0.0,0.0,0.0,0.0,258.0
2026-07-20 22:00:49.741,,,,,,,,,-40.0,0.0,0.0,0.0,0.0,0.0,258.0
2026-07-20 22:00:49.941,,,,,,,,,-40.0,0.0,0.0,0.0,0.0,0.0,258.0
2026-07-20 22:00:50.140,,,,,,,,,-40.0,0.0,0.0,0.0,0.0,0.0,258.0
2026-07-20 22:00:50.340,,,,,,,,,-40.0,0.0,0.0,0.0,0.0,0.0,258.0
2026-07-20 22:00:50.540,,,,,,,,,-40.0,0.0,0.0,0.0,0.0,0.0,259.0
2026-07-20 22:00:50.742,,,,,,,,,-40.0,0.0,0.0,0.0,0.0,0.0,259.0
2026-07-20 22:00:50.940,,,,,,,,,-40.0,0.0,0.0,0.0,0.0,0.0,259.0
2026-07-20 22:00:51.141,,,,,,,,,-40.0,0.0,0.0,0.0,0.0,0.0,259.0
2026-07-20 22:00:51.340,,,,,,,,,-40.0,0.0,0.0,0.0,0.0,0.0,259.0
2026-07-20 22:00:51.540,,,,,,,,,-40.0,0.0,0.0,0.0,0.0,0.0,260.0
2026-07-20 22:00:51.741,,,,,,,,,-40.0,0.0,0.0,0.0,0.0,0.0,260.0
2026-07-20 22:00:51.940,,,,,,,,,-40.0,0.0,0.0,0.0,0.0,0.0,260.0
2026-07-20 22:00:52.141,,,,,,,,,-40.0,0.0,0.0,0.0,0.0,0.0,260.0
2026-07-20 22:00:52.340,,,,,,,,,-40.0,0.0,0.0,0.0,0.0,0.0,260.0
2026-07-20 22:00:52.540,,,,,,,,,-40.0,0.0,0.0,0.0,0.0,0.0,261.0
2026-07-20 22:00:52.740,,,,,,,,,-40.0,0.0,0.0,0.0,0.0,0.0,261.0
2026-07-20 22:00:52.940,,,,,,,,,-40.0,0.0,0.0,0.0,0.0,0.0,261.0
2026-07-20 22:00:53.140,,,,,,,,,-40.0,0.0,0.0,0.0,0.0,0.0,261.0
2026-07-20 22:00:53.341,,,,,,,,,-40.0,0.0,0.0,0.0,0.0,0.0,261.0
2026-07-20 22:00:53.540,,,,,,,,,-40.0,0.0,0.0,0.0,0.0,0.0,262.0
2026-07-20 22:00:53.740,,,,,,,,,-40.0,0.0,0.0,0.0,0.0,0.0,262.0
2026-07-20 22:00:53.940,,,,,,,,,-40.0,0.0,0.0,0.0,0.0,0.0,262.0
2026-07-20 22:00:54.140,,,,,,,,,-40.0,0.0,0.0,0.0,0.0,0.0,262.0
2026-07-20 22:00:54.340,,,,,,,,,-40.0,0.0,0.0,0.0,0.0,0.0,262.0
2026-07-20 22:00:54.540,,,,,,,,,-40.0,0.0,0.0,0.0,0.0,0.0,263.0
2026-07-20 22:00:54.740,,,,,,,,,-40.0,0.0,0.0,0.0,0.0,0.0,263.0
2026-07-20 22:00:54.940,,,,,,,,,-40.0,0.0,0.0,0.0,0.0,0.0,263.0
2026-07-20 22:00:55.140,,,,,,,,,-40.0,0.0,0.0,0.0,0.0,0.0,263.0
2026-07-20 22:00:55.340,,,,,,,,,-40.0,0.0,0.0,0.0,0.0,0.0,263.0
2026-07-20 22:00:55.540,,,,,,,,,-40.0,0.0,0.0,0.0,0.0,0.0,264.0
2026-07-20 22:00:55.740,,,,,,,,,-40.0,0.0,0.0,0.0,0.0,0.0,264.0
2026-07-20 22:00:55.940,,,,,,,,,-40.0,0.0,0.0,0.0,0.0,0.0,264.0
2026-07-20 22:00:56.140,,,,,,,,,-40.0,0.0,0.0,0.0,0.0,0.0,264.0
2026-07-20 22:00:56.340,,,,,,,,,-40.0,0.0,0.0,0.0,0.0,0.0,264.0
2026-07-20 22:00:56.541,,,,,,,,,-40.0,0.0,0.0,0.0,0.0,0.0,265.0
2026-07-20 22:00:56.740,,,,,,,,,-40.0,0.0,0.0,0.0,0.0,0.0,265.0
2026-07-20 22:00:56.941,,,,,,,,,-40.0,0.0,0.0,0.0,0.0,0.0,265.0
2026-07-20 22:00:57.140,,,,,,,,,-40.0,0.0,0.0,0.0,0.0,0.0,265.0
2026-07-20 22:00:57.341,,,,,,,,,-40.0,0.0,0.0,0.0,0.0,0.0,265.0
2026-07-20 22:00:57.540,,,,,,,,,-40.0,0.0,0.0,0.0,0.0,0.0,266.0
2026-07-20 22:00:57.740,,,,,,,,,-40.0,0.0,0.0,0.0,0.0,0.0,266.0
2026-07-20 22:00:57.940,,,,,,,,,-40.0,0.0,0.0,0.0,0.0,0.0,266.0
2026-07-20 22:00:58.140,,,,,,,,,-40.0,0.0,0.0,0.0,0.0,0.0,266.0
2026-07-20 22:00:58.340,,,,,,,,,-40.0,0.0,0.0,0.0,0.0,0.0,266.0
2026-07-20 22:00:58.540,,,,,,,,,-40.0,0.0,0.0,0.0,0.0,0.0,267.0
2026-07-20 22:00:58.740,,,,,,,,,-40.0,0.0,0.0,0.0,0.0,0.0,267.0
2026-07-20 22:00:58.940,,,,,,,,,-40.0,0.0,0.0,0.0,0.0,0.0,267.0
2026-07-20 22:00:59.140,,,,,,,,,-40.0,0.0,0.0,0.0,0.0,0.0,267.0
2026-07-20 22:00:59.341,,,,,,,,,-40.0,0.0,0.0,0.0,0.0,0.0,267.0
2026-07-20 22:00:59.541,,,,,,,,,-40.0,0.0,0.0,0.0,0.0,0.0,268.0
2026-07-20 22:00:59.740,,,,,,,,,-40.0,0.0,0.0,0.0,0.0,0.0,268.0
2026-07-20 22:00:59.940,,,,,,,,,-40.0,0.0,0.0,0.0,0.0,0.0,268.0
2026-07-20 22:01:00.140,,,,,,,,,-40.0,0.0,0.0,0.0,0.0,0.0,268.0
2026-07-20 22:01:00.340,,,,,,,,,-40.0,0.0,0.0,0.0,0.0,0.0,268.0
2026-07-20 22:01:00.540,,,,,,,,,-40.0,0.0,0.0,0.0,0.0,0.0,269.0
2026-07-20 22:01:00.762,,,,,,,,,-40.0,0.0,0.0,0.0,0.0,0.0,269.0
2026-07-20 22:01:00.940,,,,,,,,,-40.0,0.0,0.0,0.0,0.0,0.0,269.0
2026-07-20 22:01:01.140,,,,,,,,,-40.0,0.0,0.0,0.0,0.0,0.0,269.0
2026-07-20 22:01:01.340,,,,,,,,,-40.0,0.0,0.0,0.0,0.0,0.0,269.0
2026-07-20 22:01:01.540,,,,,,,,,-40.0,0.0,0.0,0.0,0.0,0.0,270.0
2026-07-20 22:01:01.740,,,,,,,,,-40.0,0.0,0.0,0.0,0.0,0.0,270.0
2026-07-20 22:01:01.940,,,,,,,,,-40.0,0.0,0.0,0.0,0.0,0.0,270.0
2026-07-20 22:01:02.140,,,,,,,,,-40.0,0.0,0.0,0.0,0.0,0.0,270.0
2026-07-20 22:01:02.341,,,,,,,,,-40.0,0.0,0.0,0.0,0.0,0.0,270.0
2026-07-20 22:01:02.540,,,,,,,,,-40.0,0.0,0.0,0.0,0.0,0.0,271.0
2026-07-20 22:01:02.740,,,,,,,,,-40.0,0.0,0.0,0.0,0.0,0.0,271.0
2026-07-20 22:01:02.940,,,,,,,,,-40.0,0.0,0.0,0.0,0.0,0.0,271.0
2026-07-20 22:01:03.140,,,,,,,,,-40.0,0.0,0.0,0.0,0.0,0.0,271.0
2026-07-20 22:01:03.340,,,,,,,,,-40.0,0.0,0.0,0.0,0.0,0.0,271.0
2026-07-20 22:01:03.540,,,,,,,,,-40.0,0.0,0.0,0.0,0.0,0.0,272.0
2026-07-20 22:01:03.740,,,,,,,,,-40.0,0.0,0.0,0.0,0.0,0.0,272.0
2026-07-20 22:01:03.940,,,,,,,,,-40.0,0.0,0.0,0.0,0.0,0.0,272.0
2026-07-20 22:01:04.140,,,,,,,,,-40.0,0.0,0.0,0.0,0.0,0.0,272.0
2026-07-20 22:01:04.340,,,,,,,,,-40.0,0.0,0.0,0.0,0.0,0.0,272.0
2026-07-20 22:01:04.540,,,,,,,,,-40.0,0.0,0.0,0.0,0.0,0.0,273.0
2026-07-20 22:01:04.740,,,,,,,,,-40.0,0.0,0.0,0.0,0.0,0.0,273.0
2026-07-20 22:01:04.941,,,,,,,,,-40.0,0.0,0.0,0.0,0.0,0.0,273.0
2026-07-20 22:01:05.140,,,,,,,,,-40.0,0.0,0.0,0.0,0.0,0.0,273.0
2026-07-20 22:01:05.340,,,,,,,,,-40.0,0.0,0.0,0.0,0.0,0.0,273.0
2026-07-20 22:01:05.541,,,,,,,,,-40.0,0.0,0.0,0.0,0.0,0.0,274.0
2026-07-20 22:01:05.740,,,,,,,,,-40.0,0.0,0.0,0.0,0.0,0.0,274.0
2026-07-20 22:01:05.941,,,,,,,,,-40.0,0.0,0.0,0.0,0.0,0.0,274.0
2026-07-20 22:01:06.140,,,,,,,,,-40.0,0.0,0.0,0.0,0.0,0.0,274.0
2026-07-20 22:01:06.340,,,,,,,,,-40.0,0.0,0.0,0.0,0.0,0.0,274.0
2026-07-20 22:01:06.540,,,,,,,,,-40.0,0.0,0.0,0.0,0.0,0.0,275.0
2026-07-20 22:01:06.740,,,,,,,,,-40.0,0.0,0.0,0.0,0.0,0.0,275.0
2026-07-20 22:01:06.940,,,,,,,,,-40.0,0.0,0.0,0.0,0.0,0.0,275.0
2026-07-20 22:01:07.140,,,,,,,,,-40.0,0.0,0.0,0.0,0.0,0.0,275.0
2026-07-20 22:01:07.340,,,,,,,,,-40.0,0.0,0.0,0.0,0.0,0.0,275.0
2026-07-20 22:01:07.540,,,,,,,,,-40.0,0.0,0.0,0.0,0.0,0.0,276.0
2026-07-20 22:01:07.740,,,,,,,,,-40.0,0.0,0.0,0.0,0.0,0.0,276.0
2026-07-20 22:01:07.940,,,,,,,,,-40.0,0.0,0.0,0.0,0.0,0.0,276.0
2026-07-20 22:01:08.140,,,,,,,,,-40.0,0.0,0.0,0.0,0.0,0.0,276.0
2026-07-20 22:01:08.340,,,,,,,,,-40.0,0.0,0.0,0.0,0.0,0.0,276.0
2026-07-20 22:01:08.540,,,,,,,,,-40.0,0.0,0.0,0.0,0.0,0.0,277.0
2026-07-20 22:01:08.740,,,,,,,,,-40.0,0.0,0.0,0.0,0.0,0.0,277.0
2026-07-20 22:01:08.941,,,,,,,,,-40.0,0.0,0.0,0.0,0.0,0.0,277.0
2026-07-20 22:01:09.140,,,,,,,,,-40.0,0.0,0.0,0.0,0.0,0.0,277.0
2026-07-20 22:01:09.340,,,,,,,,,-40.0,0.0,0.0,0.0,0.0,0.0,277.0
2026-07-20 22:01:09.540,,,,,,,,,-40.0,0.0,0.0,0.0,0.0,0.0,278.0
2026-07-20 22:01:09.740,,,,,,,,,-40.0,0.0,0.0,0.0,0.0,0.0,278.0
2026-07-20 22:01:09.940,,,,,,,,,-40.0,0.0,0.0,0.0,0.0,0.0,278.0
2026-07-20 22:01:10.140,,,,,,,,,-40.0,0.0,0.0,0.0,0.0,0.0,278.0
2026-07-20 22:01:10.340,,,,,,,,,-40.0,0.0,0.0,0.0,0.0,0.0,278.0
2026-07-20 22:01:10.540,,,,,,,,,-40.0,0.0,0.0,0.0,0.0,0.0,279.0
2026-07-20 22:01:10.740,,,,,,,,,-40.0,0.0,0.0,0.0,0.0,0.0,279.0
2026-07-20 22:01:10.940,,,,,,,,,-40.0,0.0,0.0,0.0,0.0,0.0,279.0
2026-07-20 22:01:11.140,,,,,,,,,-40.0,0.0,0.0,0.0,0.0,0.0,279.0
2026-07-20 22:01:11.340,,,,,,,,,-40.0,0.0,0.0,0.0,0.0,0.0,279.0
2026-07-20 22:01:11.540,,,,,,,,,-40.0,0.0,0.0,0.0,0.0,0.0,280.0
2026-07-20 22:01:11.740,,,,,,,,,-40.0,0.0,0.0,0.0,0.0,0.0,280.0
2026-07-20 22:01:11.940,,,,,,,,,-40.0,0.0,0.0,0.0,0.0,0.0,280.0
2026-07-20 22:01:12.140,,,,,,,,,-40.0,0.0,0.0,0.0,0.0,0.0,280.0
2026-07-20 22:01:12.340,,,,,,,,,-40.0,0.0,0.0,0.0,0.0,0.0,280.0
2026-07-20 22:01:12.540,,,,,,,,,-40.0,0.0,0.0,0.0,0.0,0.0,281.0
2026-07-20 22:01:12.740,,,,,,,,,-40.0,0.0,0.0,0.0,0.0,0.0,281.0
2026-07-20 22:01:12.940,,,,,,,,,-40.0,0.0,0.0,0.0,0.0,0.0,281.0
2026-07-20 22:01:13.140,,,,,,,,,-40.0,0.0,0.0,0.0,0.0,0.0,281.0
2026-07-20 22:01:13.340,,,,,,,,,-40.0,0.0,0.0,0.0,0.0,0.0,281.0
2026-07-20 22:01:13.540,,,,,,,,,-40.0,0.0,0.0,0.0,0.0,0.0,282.0
2026-07-20 22:01:13.741,,,,,,,,,-40.0,0.0,0.0,0.0,0.0,0.0,282.0
2026-07-20 22:01:13.940,,,,,,,,,-40.0,0.0,0.0,0.0,0.0,0.0,282.0
2026-07-20 22:01:14.140,,,,,,,,,-40.0,0.0,0.0,0.0,0.0,0.0,282.0
2026-07-20 22:01:14.341,,,,,,,,,-40.0,0.0,0.0,0.0,0.0,0.0,282.0
2026-07-20 22:01:14.541,,,,,,,,,-40.0,0.0,0.0,0.0,0.0,0.0,283.0
2026-07-20 22:01:14.741,,,,,,,,,-40.0,0.0,0.0,0.0,0.0,0.0,283.0
2026-07-20 22:01:14.940,,,,,,,,,-40.0,0.0,0.0,0.0,0.0,0.0,283.0
2026-07-20 22:01:15.139,,,,,,,,,-40.0,0.0,0.0,0.0,0.0,0.0,283.0
2026-07-20 22:01:15.340,,,,,,,,,-40.0,0.0,0.0,0.0,0.0,0.0,283.0
2026-07-20 22:01:15.540,,,,,,,,,-40.0,0.0,0.0,0.0,0.0,0.0,284.0
2026-07-20 22:01:15.740,,,,,,,,,-40.0,0.0,0.0,0.0,0.0,0.0,284.0
2026-07-20 22:01:15.940,,,,,,,,,-40.0,0.0,0.0,0.0,0.0,0.0,284.0
2026-07-20 22:01:16.140,,,,,,,,,-40.0,0.0,0.0,0.0,0.0,0.0,284.0
2026-07-20 22:01:16.340,,,,,,,,,-40.0,0.0,0.0,0.0,0.0,0.0,284.0
2026-07-20 22:01:16.539,,,,,,,,,-40.0,0.0,0.0,0.0,0.0,0.0,285.0
2026-07-20 22:01:16.740,,,,,,,,,-40.0,0.0,0.0,0.0,0.0,0.0,285.0
2026-07-20 22:01:16.940,,,,,,,,,-40.0,0.0,0.0,0.0,0.0,0.0,285.0
2026-07-20 22:01:17.140,,,,,,,,,-40.0,0.0,0.0,0.0,0.0,0.0,285.0
2026-07-20 22:01:17.340,,,,,,,,,-40.0,0.0,0.0,0.0,0.0,0.0,285.0
2026-07-20 22:01:17.540,,,,,,,,,-40.0,0.0,0.0,0.0,0.0,0.0,286.0
2026-07-20 22:01:17.740,,,,,,,,,-40.0,0.0,0.0,0.0,0.0,0.0,286.0
2026-07-20 22:01:17.940,,,,,,,,,-40.0,0.0,0.0,0.0,0.0,0.0,286.0
2026-07-20 22:01:18.140,,,,,,,,,-40.0,0.0,0.0,0.0,0.0,0.0,286.0
2026-07-20 22:01:18.340,,,,,,,,,-40.0,0.0,0.0,0.0,0.0,0.0,286.0
2026-07-20 22:01:18.540,,,,,,,,,-40.0,0.0,0.0,0.0,0.0,0.0,287.0
2026-07-20 22:01:18.740,,,,,,,,,-40.0,0.0,0.0,0.0,0.0,0.0,287.0
2026-07-20 22:01:18.939,,,,,,,,,-40.0,0.0,0.0,0.0,0.0,0.0,287.0
2026-07-20 22:01:19.139,,,,,,,,,-40.0,0.0,0.0,0.0,0.0,0.0,287.0
2026-07-20 22:01:19.340,,,,,,,,,-40.0,0.0,0.0,0.0,0.0,0.0,287.0
2026-07-20 22:01:19.540,,,,,,,,,-40.0,0.0,0.0,0.0,0.0,0.0,288.0
2026-07-20 22:01:19.739,,,,,,,,,-40.0,0.0,0.0,0.0,0.0,0.0,288.0
2026-07-20 22:01:19.940,,,,,,,,,-40.0,0.0,0.0,0.0,0.0,0.0,288.0
2026-07-20 22:01:20.140,,,,,,,,,-40.0,0.0,0.0,0.0,0.0,0.0,288.0
2026-07-20 22:01:20.339,,,,,,,,,-40.0,0.0,0.0,0.0,0.0,0.0,288.0
2026-07-20 22:01:20.540,,,,,,,,,-40.0,0.0,0.0,0.0,0.0,0.0,289.0
2026-07-20 22:01:20.740,,,,,,,,,-40.0,0.0,0.0,0.0,0.0,0.0,289.0
2026-07-20 22:01:20.940,,,,,,,,,-40.0,0.0,0.0,0.0,0.0,0.0,289.0
2026-07-20 22:01:21.140,,,,,,,,,-40.0,0.0,0.0,0.0,0.0,0.0,289.0
2026-07-20 22:01:21.340,,,,,,,,,-40.0,0.0,0.0,0.0,0.0,0.0,289.0
2026-07-20 22:01:21.539,,,,,,,,,-40.0,0.0,0.0,0.0,0.0,0.0,290.0
2026-07-20 22:01:21.740,,,,,,,,,-40.0,0.0,0.0,0.0,0.0,0.0,290.0
2026-07-20 22:01:21.939,,,,,,,,,-40.0,0.0,0.0,0.0,0.0,0.0,290.0
2026-07-20 22:01:22.139,,,,,,,,,-40.0,0.0,0.0,0.0,0.0,0.0,290.0
2026-07-20 22:01:22.340,,,,,,,,,-40.0,0.0,0.0,0.0,0.0,0.0,290.0
2026-07-20 22:01:22.539,,,,,,,,,-40.0,0.0,0.0,0.0,0.0,0.0,291.0
2026-07-20 22:01:22.740,,,,,,,,,-40.0,0.0,0.0,0.0,0.0,0.0,291.0
2026-07-20 22:01:22.940,,,,,,,,,-40.0,0.0,0.0,0.0,0.0,0.0,291.0
2026-07-20 22:01:23.139,,,,,,,,,-40.0,0.0,0.0,0.0,0.0,0.0,291.0
2026-07-20 22:01:23.340,,,,,,,,,-40.0,0.0,0.0,0.0,0.0,0.0,291.0
2026-07-20 22:01:23.540,,,,,,,,,-40.0,0.0,0.0,0.0,0.0,0.0,292.0
2026-07-20 22:01:23.739,,,,,,,,,-40.0,0.0,0.0,0.0,0.0,0.0,292.0
2026-07-20 22:01:23.940,,,,,,,,,-40.0,0.0,0.0,0.0,0.0,0.0,292.0
2026-07-20 22:01:24.140,,,,,,,,,-40.0,0.0,0.0,0.0,0.0,0.0,292.0
2026-07-20 22:01:24.341,,,,,,,,,-40.0,0.0,0.0,0.0,0.0,0.0,292.0
2026-07-20 22:01:24.541,,,,,,,,,-40.0,0.0,0.0,0.0,0.0,0.0,293.0
2026-07-20 22:01:24.740,,,,,,,,,-40.0,0.0,0.0,0.0,0.0,0.0,293.0
2026-07-20 22:01:24.940,,,,,,,,,-40.0,0.0,0.0,0.0,0.0,0.0,293.0
2026-07-20 22:01:25.140,,,,,,,,,-40.0,0.0,0.0,0.0,0.0,0.0,293.0
2026-07-20 22:01:25.339,,,,,,,,,-40.0,0.0,0.0,0.0,0.0,0.0,293.0
2026-07-20 22:01:25.540,,,,,,,,,-40.0,0.0,0.0,0.0,0.0,0.0,294.0
2026-07-20 22:01:25.741,,,,,,,,,-40.0,0.0,0.0,0.0,0.0,0.0,294.0
2026-07-20 22:01:25.940,,,,,,,,,-40.0,0.0,0.0,0.0,0.0,0.0,294.0
2026-07-20 22:01:26.141,,,,,,,,,-40.0,0.0,0.0,0.0,0.0,0.0,294.0
2026-07-20 22:01:26.340,,,,,,,,,-40.0,0.0,0.0,0.0,0.0,0.0,294.0
2026-07-20 22:01:26.540,,,,,,,,,-40.0,0.0,0.0,0.0,0.0,0.0,295.0
2026-07-20 22:01:26.740,,,,,,,,,-40.0,0.0,0.0,0.0,0.0,0.0,295.0
2026-07-20 22:01:26.940,,,,,,,,,-40.0,0.0,0.0,0.0,0.0,0.0,295.0
2026-07-20 22:01:27.140,,,,,,,,,-40.0,0.0,0.0,0.0,0.0,0.0,295.0
2026-07-20 22:01:27.340,,,,,,,,,-40.0,0.0,0.0,0.0,0.0,0.0,295.0
2026-07-20 22:01:27.540,,,,,,,,,-40.0,0.0,0.0,0.0,0.0,0.0,296.0
2026-07-20 22:01:27.739,,,,,,,,,-40.0,0.0,0.0,0.0,0.0,0.0,296.0
2026-07-20 22:01:27.940,,,,,,,,,-40.0,0.0,0.0,0.0,0.0,0.0,296.0
2026-07-20 22:01:28.140,,,,,,,,,-40.0,0.0,0.0,0.0,0.0,0.0,296.0
2026-07-20 22:01:28.340,,,,,,,,,-40.0,0.0,0.0,0.0,0.0,0.0,296.0
2026-07-20 22:01:28.540,,,,,,,,,-40.0,0.0,0.0,0.0,0.0,0.0,297.0
2026-07-20 22:01:28.739,,,,,,,,,-40.0,0.0,0.0,0.0,0.0,0.0,297.0
2026-07-20 22:01:28.940,,,,,,,,,-40.0,0.0,0.0,0.0,0.0,0.0,297.0
2026-07-20 22:01:29.140,,,,,,,,,-40.0,0.0,0.0,0.0,0.0,0.0,297.0
2026-07-20 22:01:29.339,,,,,,,,,-40.0,0.0,0.0,0.0,0.0,0.0,297.0
2026-07-20 22:01:29.540,,,,,,,,,-40.0,0.0,0.0,0.0,0.0,0.0,298.0
2026-07-20 22:01:29.740,,,,,,,,,-40.0,0.0,0.0,0.0,0.0,0.0,298.0
2026-07-20 22:01:29.940,,,,,,,,,-40.0,0.0,0.0,0.0,0.0,0.0,298.0
2026-07-20 22:01:30.139,,,,,,,,,-40.0,0.0,0.0,0.0,0.0,0.0,298.0
2026-07-20 22:01:30.339,,,,,,,,,-40.0,0.0,0.0,0.0,0.0,0.0,298.0
2026-07-20 22:01:30.541,,,,,,,,,-40.0,0.0,0.0,0.0,0.0,0.0,299.0
2026-07-20 22:01:30.740,,,,,,,,,-40.0,0.0,0.0,0.0,0.0,0.0,299.0
2026-07-20 22:01:30.940,,,,,,,,,-40.0,0.0,0.0,0.0,0.0,0.0,299.0
2026-07-20 22:01:31.140,,,,,,,,,-40.0,0.0,0.0,0.0,0.0,0.0,299.0
2026-07-20 22:01:31.340,,,,,,,,,-40.0,0.0,0.0,0.0,0.0,0.0,299.0
2026-07-20 22:01:31.540,,,,,,,,,-40.0,0.0,0.0,0.0,0.0,0.0,300.0
2026-07-20 22:01:31.740,,,,,,,,,-40.0,0.0,0.0,0.0,0.0,0.0,300.0
2026-07-20 22:01:31.940,,,,,,,,,-40.0,0.0,0.0,0.0,0.0,0.0,300.0
2026-07-20 22:01:32.139,,,,,,,,,-40.0,0.0,0.0,0.0,0.0,0.0,300.0
2026-07-20 22:01:32.340,,,,,,,,,-40.0,0.0,0.0,0.0,0.0,0.0,300.0
2026-07-20 22:01:32.540,,,,,,,,,-40.0,0.0,0.0,0.0,0.0,0.0,301.0
2026-07-20 22:01:32.739,,,,,,,,,-40.0,0.0,0.0,0.0,0.0,0.0,301.0
2026-07-20 22:01:32.939,,,,,,,,,-40.0,0.0,0.0,0.0,0.0,0.0,301.0
2026-07-20 22:01:33.139,,,,,,,,,-40.0,0.0,0.0,0.0,0.0,0.0,301.0
2026-07-20 22:01:33.340,,,,,,,,,-40.0,0.0,0.0,0.0,0.0,0.0,301.0
2026-07-20 22:01:33.548,,,,,,,,,-40.0,0.0,0.0,0.0,0.0,0.0,302.0
2026-07-20 22:01:33.739,,,,,,,,,-40.0,0.0,0.0,0.0,0.0,0.0,302.0
2026-07-20 22:01:33.939,,,,,,,,,-40.0,0.0,0.0,0.0,0.0,0.0,302.0
2026-07-20 22:01:34.140,,,,,,,,,-40.0,0.0,0.0,0.0,0.0,0.0,302.0
2026-07-20 22:01:34.339,,,,,,,,,-40.0,0.0,0.0,0.0,0.0,0.0,302.0
2026-07-20 22:01:34.540,,,,,,,,,-40.0,0.0,0.0,0.0,0.0,0.0,303.0
2026-07-20 22:01:34.740,,,,,,,,,-40.0,0.0,0.0,0.0,0.0,0.0,303.0
2026-07-20 22:01:34.939,,,,,,,,,-40.0,0.0,0.0,0.0,0.0,0.0,303.0
2026-07-20 22:01:35.140,,,,,,,,,-40.0,0.0,0.0,0.0,0.0,0.0,303.0
2026-07-20 22:01:35.340,,,,,,,,,-40.0,0.0,0.0,0.0,0.0,0.0,303.0
2026-07-20 22:01:35.539,,,,,,,,,-40.0,0.0,0.0,0.0,0.0,0.0,304.0
2026-07-20 22:01:35.740,,,,,,,,,-40.0,0.0,0.0,0.0,0.0,0.0,304.0
2026-07-20 22:01:35.939,,,,,,,,,-40.0,0.0,0.0,0.0,0.0,0.0,304.0
2026-07-20 22:01:36.140,,,,,,,,,-40.0,0.0,0.0,0.0,0.0,0.0,304.0
2026-07-20 22:01:36.340,,,,,,,,,-40.0,0.0,0.0,0.0,0.0,0.0,304.0
2026-07-20 22:01:36.540,,,,,,,,,-40.0,0.0,0.0,0.0,0.0,0.0,305.0
2026-07-20 22:01:36.740,,,,,,,,,-40.0,0.0,0.0,0.0,0.0,0.0,305.0
2026-07-20 22:01:36.939,,,,,,,,,-40.0,0.0,0.0,0.0,0.0,0.0,305.0
2026-07-20 22:01:37.140,,,,,,,,,-40.0,0.0,0.0,0.0,0.0,0.0,305.0
2026-07-20 22:01:37.340,,,,,,,,,-40.0,0.0,0.0,0.0,0.0,0.0,305.0
2026-07-20 22:01:37.539,,,,,,,,,-40.0,0.0,0.0,0.0,0.0,0.0,306.0
2026-07-20 22:01:37.740,,,,,,,,,-40.0,0.0,0.0,0.0,0.0,0.0,306.0
2026-07-20 22:01:37.939,,,,,,,,,-40.0,0.0,0.0,0.0,0.0,0.0,306.0
2026-07-20 22:01:38.139,,,,,,,,,-40.0,0.0,0.0,0.0,0.0,0.0,306.0
2026-07-20 22:01:38.341,,,,,,,,,-40.0,0.0,0.0,0.0,0.0,0.0,306.0
2026-07-20 22:01:38.540,,,,,,,,,-40.0,0.0,0.0,0.0,0.0,0.0,307.0
2026-07-20 22:01:38.739,,,,,,,,,-40.0,0.0,0.0,0.0,0.0,0.0,307.0
2026-07-20 22:01:38.939,,,,,,,,,-40.0,0.0,0.0,0.0,0.0,0.0,307.0
2026-07-20 22:01:39.140,,,,,,,,,-40.0,0.0,0.0,0.0,0.0,0.0,307.0
2026-07-20 22:01:39.340,,,,,,,,,-40.0,0.0,0.0,0.0,0.0,0.0,307.0
2026-07-20 22:01:39.540,,,,,,,,,-40.0,0.0,0.0,0.0,0.0,0.0,308.0
2026-07-20 22:01:39.739,,,,,,,,,-40.0,0.0,0.0,0.0,0.0,0.0,308.0
2026-07-20 22:01:39.940,,,,,,,,,-40.0,0.0,0.0,0.0,0.0,0.0,308.0
2026-07-20 22:01:40.139,,,,,,,,,-40.0,0.0,0.0,0.0,0.0,0.0,308.0
2026-07-20 22:01:40.340,,,,,,,,,-40.0,0.0,0.0,0.0,0.0,0.0,308.0
2026-07-20 22:01:40.540,,,,,,,,,-40.0,0.0,0.0,0.0,0.0,0.0,309.0
2026-07-20 22:01:40.740,,,,,,,,,-40.0,0.0,0.0,0.0,0.0,0.0,309.0
2026-07-20 22:01:40.940,,,,,,,,,-40.0,0.0,0.0,0.0,0.0,0.0,309.0
2026-07-20 22:01:41.139,,,,,,,,,-40.0,0.0,0.0,0.0,0.0,0.0,309.0
2026-07-20 22:01:41.339,,,,,,,,,-40.0,0.0,0.0,0.0,0.0,0.0,309.0
2026-07-20 22:01:41.539,,,,,,,,,-40.0,0.0,0.0,0.0,0.0,0.0,310.0
2026-07-20 22:01:41.739,,,,,,,,,-40.0,0.0,0.0,0.0,0.0,0.0,310.0
2026-07-20 22:01:41.939,,,,,,,,,-40.0,0.0,0.0,0.0,0.0,0.0,310.0
2026-07-20 22:01:42.140,,,,,,,,,-40.0,0.0,0.0,0.0,0.0,0.0,310.0
2026-07-20 22:01:42.340,,,,,,,,,-40.0,0.0,0.0,0.0,0.0,0.0,310.0
2026-07-20 22:01:42.539,,,,,,,,,-40.0,0.0,0.0,0.0,0.0,0.0,311.0
2026-07-20 22:01:42.740,,,,,,,,,-40.0,0.0,0.0,0.0,0.0,0.0,311.0
2026-07-20 22:01:42.940,,,,,,,,,-40.0,0.0,0.0,0.0,0.0,0.0,311.0
2026-07-20 22:01:43.139,,,,,,,,,-40.0,0.0,0.0,0.0,0.0,0.0,311.0
2026-07-20 22:01:43.340,,,,,,,,,-40.0,0.0,0.0,0.0,0.0,0.0,311.0
2026-07-20 22:01:43.539,,,,,,,,,-40.0,0.0,0.0,0.0,0.0,0.0,312.0
2026-07-20 22:01:43.739,,,,,,,,,-40.0,0.0,0.0,0.0,0.0,0.0,312.0
2026-07-20 22:01:43.939,,,,,,,,,-40.0,0.0,0.0,0.0,0.0,0.0,312.0
2026-07-20 22:01:44.140,,,,,,,,,-40.0,0.0,0.0,0.0,0.0,0.0,312.0
2026-07-20 22:01:44.339,,,,,,,,,-40.0,0.0,0.0,0.0,0.0,0.0,312.0
2026-07-20 22:01:44.539,,,,,,,,,-40.0,0.0,0.0,0.0,0.0,0.0,313.0
2026-07-20 22:01:44.740,,,,,,,,,-40.0,0.0,0.0,0.0,0.0,0.0,313.0
2026-07-20 22:01:44.940,,,,,,,,,-40.0,0.0,0.0,0.0,0.0,0.0,313.0
2026-07-20 22:01:45.139,,,,,,,,,-40.0,0.0,0.0,0.0,0.0,0.0,313.0
2026-07-20 22:01:45.339,,,,,,,,,-40.0,0.0,0.0,0.0,0.0,0.0,313.0
2026-07-20 22:01:45.539,,,,,,,,,-40.0,0.0,0.0,0.0,0.0,0.0,314.0
2026-07-20 22:01:45.740,,,,,,,,,-40.0,0.0,0.0,0.0,0.0,0.0,314.0
2026-07-20 22:01:45.940,,,,,,,,,-40.0,0.0,0.0,0.0,0.0,0.0,314.0
2026-07-20 22:01:46.140,,,,,,,,,-40.0,0.0,0.0,0.0,0.0,0.0,314.0
2026-07-20 22:01:46.339,,,,,,,,,-40.0,0.0,0.0,0.0,0.0,0.0,314.0
2026-07-20 22:01:46.539,,,,,,,,,-40.0,0.0,0.0,0.0,0.0,0.0,315.0
2026-07-20 22:01:46.740,,,,,,,,,-40.0,0.0,0.0,0.0,0.0,0.0,315.0
2026-07-20 22:01:46.940,,,,,,,,,-40.0,0.0,0.0,0.0,0.0,0.0,315.0
2026-07-20 22:01:47.140,,,,,,,,,-40.0,0.0,0.0,0.0,0.0,0.0,315.0
2026-07-20 22:01:47.340,,,,,,,,,-40.0,0.0,0.0,0.0,0.0,0.0,315.0
2026-07-20 22:01:47.540,,,,,,,,,-40.0,0.0,0.0,0.0,0.0,0.0,316.0
2026-07-20 22:01:47.740,,,,,,,,,-40.0,0.0,0.0,0.0,0.0,0.0,316.0
2026-07-20 22:01:47.940,,,,,,,,,-40.0,0.0,0.0,0.0,0.0,0.0,316.0
2026-07-20 22:01:48.140,,,,,,,,,-40.0,0.0,0.0,0.0,0.0,0.0,316.0
2026-07-20 22:01:48.339,,,,,,,,,-40.0,0.0,0.0,0.0,0.0,0.0,316.0
2026-07-20 22:01:48.539,,,,,,,,,-40.0,0.0,0.0,0.0,0.0,0.0,317.0
2026-07-20 22:01:48.740,,,,,,,,,-40.0,0.0,0.0,0.0,0.0,0.0,317.0
2026-07-20 22:01:48.939,,,,,,,,,-40.0,0.0,0.0,0.0,0.0,0.0,317.0
2026-07-20 22:01:49.140,,,,,,,,,-40.0,0.0,0.0,0.0,0.0,0.0,317.0
2026-07-20 22:01:49.339,,,,,,,,,-40.0,0.0,0.0,0.0,0.0,0.0,317.0
2026-07-20 22:01:49.540,,,,,,,,,-40.0,0.0,0.0,0.0,0.0,0.0,318.0
2026-07-20 22:01:49.739,,,,,,,,,-40.0,0.0,0.0,0.0,0.0,0.0,318.0
2026-07-20 22:01:49.940,,,,,,,,,-40.0,0.0,0.0,0.0,0.0,0.0,318.0
2026-07-20 22:01:50.140,,,,,,,,,-40.0,0.0,0.0,0.0,0.0,0.0,318.0
2026-07-20 22:01:50.339,,,,,,,,,-40.0,0.0,0.0,0.0,0.0,0.0,318.0
2026-07-20 22:01:50.539,,,,,,,,,-40.0,0.0,0.0,0.0,0.0,0.0,319.0
2026-07-20 22:01:50.738,,,,,,,,,-40.0,0.0,0.0,0.0,0.0,0.0,319.0
2026-07-20 22:01:50.940,,,,,,,,,-40.0,0.0,0.0,0.0,0.0,0.0,319.0
2026-07-20 22:01:51.139,,,,,,,,,-40.0,0.0,0.0,0.0,0.0,0.0,319.0
2026-07-20 22:01:51.339,,,,,,,,,-40.0,0.0,0.0,0.0,0.0,0.0,319.0
2026-07-20 22:01:51.539,,,,,,,,,-40.0,0.0,0.0,0.0,0.0,0.0,320.0
2026-07-20 22:01:51.739,,,,,,,,,-40.0,0.0,0.0,0.0,0.0,0.0,320.0
2026-07-20 22:01:51.940,,,,,,,,,-40.0,0.0,0.0,0.0,0.0,0.0,320.0
2026-07-20 22:01:52.140,,,,,,,,,-40.0,0.0,0.0,0.0,0.0,0.0,320.0
2026-07-20 22:01:52.340,,,,,,,,,-40.0,0.0,0.0,0.0,0.0,0.0,320.0
2026-07-20 22:01:52.539,,,,,,,,,-40.0,0.0,0.0,0.0,0.0,0.0,321.0
2026-07-20 22:01:52.739,,,,,,,,,-40.0,0.0,0.0,0.0,0.0,0.0,321.0
2026-07-20 22:01:52.940,,,,,,,,,-40.0,0.0,0.0,0.0,0.0,0.0,321.0
2026-07-20 22:01:53.139,,,,,,,,,-40.0,0.0,0.0,0.0,0.0,0.0,321.0
2026-07-20 22:01:53.339,,,,,,,,,-40.0,0.0,0.0,0.0,0.0,0.0,321.0
2026-07-20 22:01:53.539,,,,,,,,,-40.0,0.0,0.0,0.0,0.0,0.0,322.0
2026-07-20 22:01:53.739,,,,,,,,,-40.0,0.0,0.0,0.0,0.0,0.0,322.0
2026-07-20 22:01:53.939,,,,,,,,,-40.0,0.0,0.0,0.0,0.0,0.0,322.0
2026-07-20 22:01:54.139,,,,,,,,,-40.0,0.0,0.0,0.0,0.0,0.0,322.0
2026-07-20 22:01:54.339,,,,,,,,,-40.0,0.0,0.0,0.0,0.0,0.0,322.0
2026-07-20 22:01:54.539,,,,,,,,,-40.0,0.0,0.0,0.0,0.0,0.0,323.0
2026-07-20 22:01:54.739,,,,,,,,,-40.0,0.0,0.0,0.0,0.0,0.0,323.0
2026-07-20 22:01:54.939,,,,,,,,,-40.0,0.0,0.0,0.0,0.0,0.0,323.0
2026-07-20 22:01:55.139,,,,,,,,,-40.0,0.0,0.0,0.0,0.0,0.0,323.0
2026-07-20 22:01:55.339,,,,,,,,,-40.0,0.0,0.0,0.0,0.0,0.0,323.0
2026-07-20 22:01:55.539,,,,,,,,,-40.0,0.0,0.0,0.0,0.0,0.0,324.0
2026-07-20 22:01:55.738,,,,,,,,,-40.0,0.0,0.0,0.0,0.0,0.0,324.0
2026-07-20 22:01:55.939,,,,,,,,,-40.0,0.0,0.0,0.0,0.0,0.0,324.0
2026-07-20 22:01:56.139,,,,,,,,,-40.0,0.0,0.0,0.0,0.0,0.0,324.0
2026-07-20 22:01:56.339,,,,,,,,,-40.0,0.0,0.0,0.0,0.0,0.0,324.0
2026-07-20 22:01:56.539,,,,,,,,,-40.0,0.0,0.0,0.0,0.0,0.0,325.0
2026-07-20 22:01:56.738,,,,,,,,,-40.0,0.0,0.0,0.0,0.0,0.0,325.0
2026-07-20 22:01:56.939,,,,,,,,,-40.0,0.0,0.0,0.0,0.0,0.0,325.0
2026-07-20 22:01:57.139,,,,,,,,,-40.0,0.0,0.0,0.0,0.0,0.0,325.0
2026-07-20 22:01:57.338,,,,,,,,,-40.0,0.0,0.0,0.0,0.0,0.0,325.0
2026-07-20 22:01:57.539,,,,,,,,,-40.0,0.0,0.0,0.0,0.0,0.0,326.0
2026-07-20 22:01:57.739,,,,,,,,,-40.0,0.0,0.0,0.0,0.0,0.0,326.0
2026-07-20 22:01:57.939,,,,,,,,,-40.0,0.0,0.0,0.0,0.0,0.0,326.0
2026-07-20 22:01:58.139,,,,,,,,,-40.0,0.0,0.0,0.0,0.0,0.0,326.0
2026-07-20 22:01:58.339,,,,,,,,,-40.0,0.0,0.0,0.0,0.0,0.0,326.0
2026-07-20 22:01:58.539,,,,,,,,,-40.0,0.0,0.0,0.0,0.0,0.0,327.0
2026-07-20 22:01:58.738,,,,,,,,,-40.0,0.0,0.0,0.0,0.0,0.0,327.0
2026-07-20 22:01:58.938,,,,,,,,,-40.0,0.0,0.0,0.0,0.0,0.0,327.0
2026-07-20 22:01:59.139,,,,,,,,,-40.0,0.0,0.0,0.0,0.0,0.0,327.0
2026-07-20 22:01:59.339,,,,,,,,,-40.0,0.0,0.0,0.0,0.0,0.0,327.0
2026-07-20 22:01:59.539,,,,,,,,,-40.0,0.0,0.0,0.0,0.0,0.0,328.0
2026-07-20 22:01:59.738,,,,,,,,,-40.0,0.0,0.0,0.0,0.0,0.0,328.0
2026-07-20 22:01:59.939,,,,,,,,,-40.0,0.0,0.0,0.0,0.0,0.0,328.0
2026-07-20 22:02:00.139,,,,,,,,,-40.0,0.0,0.0,0.0,0.0,0.0,328.0
2026-07-20 22:02:00.339,,,,,,,,,-40.0,0.0,0.0,0.0,0.0,0.0,328.0
2026-07-20 22:02:00.538,,,,,,,,,-40.0,0.0,0.0,0.0,0.0,0.0,329.0
2026-07-20 22:02:00.738,,,,,,,,,-40.0,0.0,0.0,0.0,0.0,0.0,329.0
2026-07-20 22:02:00.939,,,,,,,,,-40.0,0.0,0.0,0.0,0.0,0.0,329.0
2026-07-20 22:02:01.139,,,,,,,,,-40.0,0.0,0.0,0.0,0.0,0.0,329.0
2026-07-20 22:02:01.339,,,,,,,,,-40.0,0.0,0.0,0.0,0.0,0.0,329.0
2026-07-20 22:02:01.539,,,,,,,,,-40.0,0.0,0.0,0.0,0.0,0.0,330.0
2026-07-20 22:02:01.739,,,,,,,,,-40.0,0.0,0.0,0.0,0.0,0.0,330.0
2026-07-20 22:02:01.939,,,,,,,,,-40.0,0.0,0.0,0.0,0.0,0.0,330.0
2026-07-20 22:02:02.138,,,,,,,,,-40.0,0.0,0.0,0.0,0.0,0.0,330.0
2026-07-20 22:02:02.339,,,,,,,,,-40.0,0.0,0.0,0.0,0.0,0.0,330.0
2026-07-20 22:02:02.538,,,,,,,,,-40.0,0.0,0.0,0.0,0.0,0.0,331.0
2026-07-20 22:02:02.739,,,,,,,,,-40.0,0.0,0.0,0.0,0.0,0.0,331.0
2026-07-20 22:02:02.939,,,,,,,,,-40.0,0.0,0.0,0.0,0.0,0.0,331.0
2026-07-20 22:02:03.139,,,,,,,,,-40.0,0.0,0.0,0.0,0.0,0.0,331.0
2026-07-20 22:02:03.339,,,,,,,,,-40.0,0.0,0.0,0.0,0.0,0.0,331.0
2026-07-20 22:02:03.539,,,,,,,,,-40.0,0.0,0.0,0.0,0.0,0.0,332.0
2026-07-20 22:02:03.739,,,,,,,,,-40.0,0.0,0.0,0.0,0.0,0.0,332.0
2026-07-20 22:02:03.939,,,,,,,,,-40.0,0.0,0.0,0.0,0.0,0.0,332.0
2026-07-20 22:02:04.138,,,,,,,,,-40.0,0.0,0.0,0.0,0.0,0.0,332.0
2026-07-20 22:02:04.339,,,,,,,,,-40.0,0.0,0.0,0.0,0.0,0.0,332.0
