timestamp,ds0_c,ds1_c,ds2_c,ds3_c,ds4_c,bme_t_c,bme_p_hpa,bme_h_pct,target_c,comp,hv,iso_duty,safe,up_s
2026-07-20 15:20:56.535,0.0,,,,,29.04,927.9,19.3,-40.0,0.0,1.0,0.0,0.0,35.0
2026-07-20 15:20:56.779,0.0,,,,,29.04,927.9,19.1,-40.0,0.0,1.0,0.0,0.0,36.0
2026-07-20 15:20:56.934,0.0,,,,,29.04,927.9,19.1,-40.0,0.0,1.0,0.0,0.0,36.0
2026-07-20 15:20:57.134,0.0,,,,,29.04,927.9,19.1,-40.0,0.0,1.0,0.0,0.0,36.0
2026-07-20 15:20:57.334,0.0,,,,,29.04,927.9,19.4,-40.0,0.0,1.0,0.0,0.0,36.0
2026-07-20 15:20:57.534,0.0,,,,,29.04,927.9,19.4,-40.0,0.0,1.0,0.0,0.0,36.0
2026-07-20 15:20:57.778,0.0,,,,,29.04,927.9,19.2,-40.0,0.0,1.0,0.0,0.0,37.0
2026-07-20 15:20:57.934,0.0,,,,,29.04,927.9,19.2,-40.0,0.0,1.0,0.0,0.0,37.0
2026-07-20 15:20:58.134,0.0,,,,,29.04,927.9,19.2,-40.0,0.0,1.0,0.0,0.0,37.0
2026-07-20 15:20:58.334,0.0,,,,,29.03,927.8,18.4,-40.0,0.0,1.0,0.0,0.0,37.0
2026-07-20 15:20:58.534,0.0,,,,,29.03,927.8,18.4,-40.0,0.0,1.0,0.0,0.0,37.0
2026-07-20 15:20:58.778,0.0,,,,,29.03,927.9,18.3,-40.0,0.0,1.0,0.0,0.0,38.0
2026-07-20 15:20:58.934,0.0,,,,,29.03,927.9,18.3,-40.0,0.0,1.0,0.0,0.0,38.0
2026-07-20 15:20:59.134,0.0,,,,,29.03,927.9,18.3,-40.0,0.0,1.0,0.0,0.0,38.0
2026-07-20 15:20:59.334,0.0,,,,,29.04,927.8,18.3,-40.0,0.0,1.0,0.0,0.0,38.0
2026-07-20 15:20:59.534,0.0,,,,,29.04,927.8,18.3,-40.0,0.0,1.0,0.0,0.0,38.0
2026-07-20 15:20:59.778,0.0,,,,,29.04,927.8,19.4,-40.0,0.0,1.0,0.0,0.0,39.0
2026-07-20 15:20:59.934,0.0,,,,,29.04,927.8,19.4,-40.0,0.0,1.0,0.0,0.0,39.0
2026-07-20 15:21:00.140,0.0,,,,,29.04,927.8,19.4,-40.0,0.0,1.0,0.0,0.0,39.0
2026-07-20 15:21:00.334,0.0,,,,,29.03,927.8,19.1,-40.0,0.0,1.0,0.0,0.0,39.0
2026-07-20 15:21:00.535,0.0,,,,,29.03,927.8,19.1,-40.0,0.0,1.0,0.0,0.0,39.0
2026-07-20 15:21:00.778,0.0,,,,,29.03,927.9,18.5,-40.0,0.0,1.0,0.0,0.0,40.0
2026-07-20 15:21:00.934,0.0,,,,,29.03,927.9,18.5,-40.0,0.0,1.0,0.0,0.0,40.0
2026-07-20 15:21:01.134,0.0,,,,,29.03,927.9,18.5,-40.0,0.0,1.0,0.0,0.0,40.0
2026-07-20 15:21:01.334,0.0,,,,,29.03,927.9,18.6,-40.0,0.0,1.0,0.0,0.0,40.0
2026-07-20 15:21:01.534,0.0,,,,,29.03,927.9,18.6,-40.0,0.0,1.0,0.0,0.0,40.0
2026-07-20 15:21:01.778,0.0,,,,,29.03,927.8,18.8,-40.0,0.0,1.0,0.0,0.0,41.0
2026-07-20 15:21:01.935,0.0,,,,,29.03,927.8,18.8,-40.0,0.0,1.0,0.0,0.0,41.0
2026-07-20 15:21:02.134,0.0,,,,,29.03,927.8,18.8,-40.0,0.0,1.0,0.0,0.0,41.0
2026-07-20 15:21:02.334,0.0,,,,,29.03,927.8,18.8,-40.0,0.0,1.0,0.0,0.0,41.0
2026-07-20 15:21:02.534,0.0,,,,,29.03,927.8,18.8,-40.0,0.0,1.0,0.0,0.0,41.0
2026-07-20 15:21:02.778,0.0,,,,,29.04,927.9,19.1,-40.0,0.0,1.0,0.0,0.0,42.0
2026-07-20 15:21:02.934,0.0,,,,,29.04,927.9,19.1,-40.0,0.0,1.0,0.0,0.0,42.0
2026-07-20 15:21:03.134,0.0,,,,,29.04,927.9,19.1,-40.0,0.0,1.0,0.0,0.0,42.0
2026-07-20 15:21:03.334,0.0,,,,,29.03,927.9,18.8,-40.0,0.0,1.0,0.0,0.0,42.0
2026-07-20 15:21:03.534,0.0,,,,,29.03,927.9,18.8,-40.0,0.0,1.0,0.0,0.0,42.0
2026-07-20 15:21:03.778,0.0,,,,,29.03,927.9,18.8,-40.0,0.0,1.0,0.0,0.0,43.0
2026-07-20 15:21:03.934,0.0,,,,,29.03,927.9,18.8,-40.0,0.0,1.0,0.0,0.0,43.0
2026-07-20 15:21:04.134,0.0,,,,,29.03,927.9,18.8,-40.0,0.0,1.0,0.0,0.0,43.0
2026-07-20 15:21:04.334,0.0,,,,,29.03,927.9,19.2,-40.0,0.0,1.0,0.0,0.0,43.0
2026-07-20 15:21:04.534,0.0,,,,,29.03,927.9,19.2,-40.0,0.0,1.0,0.0,0.0,43.0
2026-07-20 15:21:04.778,0.0,,,,,29.03,927.9,18.3,-40.0,0.0,1.0,0.0,0.0,44.0
2026-07-20 15:21:04.934,0.0,,,,,29.03,927.9,18.3,-40.0,0.0,1.0,0.0,0.0,44.0
2026-07-20 15:21:05.135,0.0,,,,,29.03,927.9,18.3,-40.0,0.0,1.0,0.0,0.0,44.0
2026-07-20 15:21:05.334,0.0,,,,,29.02,927.9,19.3,-40.0,0.0,1.0,0.0,0.0,44.0
2026-07-20 15:21:05.534,0.0,,,,,29.02,927.9,19.3,-40.0,0.0,1.0,0.0,0.0,44.0
2026-07-20 15:21:05.778,0.0,,,,,29.04,927.8,18.2,-40.0,0.0,1.0,0.0,0.0,45.0
2026-07-20 15:21:05.934,0.0,,,,,29.04,927.8,18.2,-40.0,0.0,1.0,0.0,0.0,45.0
2026-07-20 15:21:06.134,0.0,,,,,29.04,927.8,18.2,-40.0,0.0,1.0,0.0,0.0,45.0
2026-07-20 15:21:06.334,0.0,,,,,29.03,927.9,18.5,-40.0,0.0,1.0,0.0,0.0,45.0
2026-07-20 15:21:06.534,0.0,,,,,29.03,927.9,18.5,-40.0,0.0,1.0,0.0,0.0,45.0
2026-07-20 15:21:06.778,0.0,,,,,29.03,927.9,19.2,-40.0,0.0,1.0,0.0,0.0,46.0
2026-07-20 15:21:06.934,0.0,,,,,29.03,927.9,19.2,-40.0,0.0,1.0,0.0,0.0,46.0
2026-07-20 15:21:07.134,0.0,,,,,29.03,927.9,19.2,-40.0,0.0,1.0,0.0,0.0,46.0
2026-07-20 15:21:07.334,0.0,,,,,29.03,927.9,19.4,-40.0,0.0,1.0,0.0,0.0,46.0
2026-07-20 15:21:07.534,0.0,,,,,29.03,927.9,19.4,-40.0,0.0,1.0,0.0,0.0,46.0
2026-07-20 15:21:07.778,0.0,,,,,29.03,927.9,18.8,-40.0,0.0,1.0,0.0,0.0,47.0
2026-07-20 15:21:07.937,0.0,,,,,29.03,927.9,18.8,-40.0,0.0,1.0,0.0,0.0,47.0
2026-07-20 15:21:08.134,0.0,,,,,29.03,927.9,18.8,-40.0,0.0,1.0,0.0,0.0,47.0
2026-07-20 15:21:08.334,0.0,,,,,29.02,927.9,19.3,-40.0,0.0,1.0,0.0,0.0,47.0
2026-07-20 15:21:08.534,0.0,,,,,29.02,927.9,19.3,-40.0,0.0,1.0,0.0,0.0,47.0
2026-07-20 15:21:08.778,0.0,,,,,29.03,927.9,19.1,-40.0,0.0,1.0,0.0,0.0,48.0
2026-07-20 15:21:08.934,0.0,,,,,29.03,927.9,19.1,-40.0,0.0,1.0,0.0,0.0,48.0
2026-07-20 15:21:09.134,0.0,,,,,29.03,927.9,19.1,-40.0,0.0,1.0,0.0,0.0,48.0
2026-07-20 15:21:09.334,0.0,,,,,29.02,927.9,18.7,-40.0,0.0,1.0,0.0,0.0,48.0
2026-07-20 15:21:09.534,0.0,,,,,29.02,927.9,18.7,-40.0,0.0,1.0,0.0,0.0,48.0
2026-07-20 15:21:09.778,0.0,,,,,29.03,927.9,19.5,-40.0,0.0,1.0,0.0,0.0,49.0
2026-07-20 15:21:09.934,0.0,,,,,29.03,927.9,19.5,-40.0,0.0,1.0,0.0,0.0,49.0
2026-07-20 15:21:10.134,0.0,,,,,29.03,927.9,19.5,-40.0,0.0,1.0,0.0,0.0,49.0
2026-07-20 15:21:10.334,0.0,,,,,29.02,927.8,19.3,-40.0,0.0,1.0,0.0,0.0,49.0
2026-07-20 15:21:10.534,0.0,,,,,29.02,927.8,19.3,-40.0,0.0,1.0,0.0,0.0,49.0
2026-07-20 15:21:10.778,0.0,,,,,29.02,927.9,18.3,-40.0,0.0,1.0,0.0,0.0,50.0
2026-07-20 15:21:10.934,0.0,,,,,29.02,927.9,18.3,-40.0,0.0,1.0,0.0,0.0,50.0
2026-07-20 15:21:11.133,0.0,,,,,29.02,927.9,18.3,-40.0,0.0,1.0,0.0,0.0,50.0
2026-07-20 15:21:11.334,0.0,,,,,29.02,927.9,18.8,-40.0,0.0,1.0,0.0,0.0,50.0
2026-07-20 15:21:11.534,0.0,,,,,29.02,927.9,18.8,-40.0,0.0,1.0,0.0,0.0,50.0
2026-07-20 15:21:11.778,0.0,,,,,29.03,927.9,18.7,-40.0,0.0,1.0,0.0,0.0,51.0
2026-07-20 15:21:11.934,0.0,,,,,29.03,927.9,18.7,-40.0,0.0,1.0,0.0,0.0,51.0
2026-07-20 15:21:12.134,0.0,,,,,29.03,927.9,18.7,-40.0,0.0,1.0,0.0,0.0,51.0
2026-07-20 15:21:12.334,0.0,,,,,29.02,927.8,18.6,-40.0,0.0,1.0,0.0,0.0,51.0
2026-07-20 15:21:12.534,0.0,,,,,29.02,927.8,18.6,-40.0,0.0,1.0,0.0,0.0,51.0
2026-07-20 15:21:12.778,0.0,,,,,29.03,927.9,18.2,-40.0,0.0,1.0,0.0,0.0,52.0
2026-07-20 15:21:12.934,0.0,,,,,29.03,927.9,18.2,-40.0,0.0,1.0,0.0,0.0,52.0
2026-07-20 15:21:13.134,0.0,,,,,29.03,927.9,18.2,-40.0,0.0,1.0,0.0,0.0,52.0
2026-07-20 15:21:13.334,0.0,,,,,29.03,927.9,19.3,-40.0,0.0,1.0,0.0,0.0,52.0
2026-07-20 15:21:13.534,0.0,,,,,29.03,927.9,19.3,-40.0,0.0,1.0,0.0,0.0,52.0
2026-07-20 15:21:13.778,0.0,,,,,29.02,927.9,18.1,-40.0,0.0,1.0,0.0,0.0,53.0
2026-07-20 15:21:13.934,0.0,,,,,29.02,927.9,18.1,-40.0,0.0,1.0,0.0,0.0,53.0
2026-07-20 15:21:14.134,0.0,,,,,29.02,927.9,18.1,-40.0,0.0,1.0,0.0,0.0,53.0
2026-07-20 15:21:14.334,0.0,,,,,29.02,927.9,18.8,-40.0,0.0,1.0,0.0,0.0,53.0
2026-07-20 15:21:14.534,0.0,,,,,29.02,927.9,18.8,-40.0,0.0,1.0,0.0,0.0,53.0
2026-07-20 15:21:14.778,0.0,,,,,29.03,927.9,19.0,-40.0,0.0,1.0,0.0,0.0,54.0
2026-07-20 15:21:14.948,0.0,,,,,29.03,927.9,19.0,-40.0,0.0,1.0,0.0,0.0,54.0
2026-07-20 15:21:15.134,0.0,,,,,29.03,927.9,19.0,-40.0,0.0,1.0,0.0,0.0,54.0
2026-07-20 15:21:15.334,0.0,,,,,29.02,927.9,18.6,-40.0,0.0,1.0,0.0,0.0,54.0
2026-07-20 15:21:15.537,0.0,,,,,29.02,927.9,18.6,-40.0,0.0,1.0,0.0,0.0,54.0
2026-07-20 15:21:15.778,0.0,,,,,29.02,927.9,19.4,-40.0,0.0,1.0,0.0,0.0,55.0
2026-07-20 15:21:15.934,0.0,,,,,29.02,927.9,19.4,-40.0,0.0,1.0,0.0,0.0,55.0
2026-07-20 15:21:16.134,0.0,,,,,29.02,927.9,19.4,-40.0,0.0,1.0,0.0,0.0,55.0
2026-07-20 15:21:16.334,0.0,,,,,29.02,927.9,19.0,-40.0,0.0,1.0,0.0,0.0,55.0
2026-07-20 15:21:16.534,0.0,,,,,29.02,927.9,19.0,-40.0,0.0,1.0,0.0,0.0,55.0
2026-07-20 15:21:16.778,0.0,,,,,29.02,927.9,19.1,-40.0,0.0,1.0,0.0,0.0,56.0
2026-07-20 15:21:16.933,0.0,,,,,29.02,927.9,19.1,-40.0,0.0,1.0,0.0,0.0,56.0
2026-07-20 15:21:17.133,0.0,,,,,29.02,927.9,19.1,-40.0,0.0,1.0,0.0,0.0,56.0
2026-07-20 15:21:17.334,0.0,,,,,29.01,927.8,19.3,-40.0,0.0,1.0,0.0,0.0,56.0
2026-07-20 15:21:17.534,0.0,,,,,29.01,927.8,19.3,-40.0,0.0,1.0,0.0,0.0,56.0
2026-07-20 15:21:17.778,0.0,,,,,29.02,928.0,18.8,-40.0,0.0,1.0,0.0,0.0,57.0
2026-07-20 15:21:17.933,0.0,,,,,29.02,928.0,18.8,-40.0,0.0,1.0,0.0,0.0,57.0
2026-07-20 15:21:18.134,0.0,,,,,29.02,928.0,18.8,-40.0,0.0,1.0,0.0,0.0,57.0
2026-07-20 15:21:18.335,0.0,,,,,29.02,927.9,18.7,-40.0,0.0,1.0,0.0,0.0,57.0
2026-07-20 15:21:18.533,0.0,,,,,29.02,927.9,18.7,-40.0,0.0,1.0,0.0,0.0,57.0
2026-07-20 15:21:18.777,0.0,,,,,29.01,928.0,19.3,-40.0,0.0,1.0,0.0,0.0,58.0
2026-07-20 15:21:18.934,0.0,,,,,29.01,928.0,19.3,-40.0,0.0,1.0,0.0,0.0,58.0
2026-07-20 15:21:19.135,0.0,,,,,29.01,928.0,19.3,-40.0,0.0,1.0,0.0,0.0,58.0
2026-07-20 15:21:19.334,0.0,,,,,29.02,927.9,19.3,-40.0,0.0,1.0,0.0,0.0,58.0
2026-07-20 15:21:19.533,0.0,,,,,29.02,927.9,19.3,-40.0,0.0,1.0,0.0,0.0,58.0
2026-07-20 15:21:19.777,0.0,,,,,29.02,927.9,19.0,-40.0,0.0,1.0,0.0,0.0,59.0
2026-07-20 15:21:19.934,0.0,,,,,29.02,927.9,19.0,-40.0,0.0,1.0,0.0,0.0,59.0
2026-07-20 15:21:20.135,0.0,,,,,29.02,927.9,19.0,-40.0,0.0,1.0,0.0,0.0,59.0
2026-07-20 15:21:20.334,0.0,,,,,29.02,927.9,18.9,-40.0,0.0,1.0,0.0,0.0,59.0
2026-07-20 15:21:20.534,0.0,,,,,29.02,927.9,18.9,-40.0,0.0,1.0,0.0,0.0,59.0
2026-07-20 15:21:20.778,0.0,,,,,29.02,927.9,19.0,-40.0,0.0,1.0,0.0,0.0,60.0
2026-07-20 15:21:20.934,0.0,,,,,29.02,927.9,19.0,-40.0,0.0,1.0,0.0,0.0,60.0
2026-07-20 15:21:21.133,0.0,,,,,29.02,927.9,19.0,-40.0,0.0,1.0,0.0,0.0,60.0
2026-07-20 15:21:21.334,0.0,,,,,29.01,927.9,19.3,-40.0,0.0,1.0,0.0,0.0,60.0
2026-07-20 15:21:21.534,0.0,,,,,29.01,927.9,19.3,-40.0,0.0,1.0,0.0,0.0,60.0
2026-07-20 15:21:21.778,0.0,,,,,29.01,927.9,18.6,-40.0,0.0,1.0,0.0,0.0,61.0
2026-07-20 15:21:21.933,0.0,,,,,29.01,927.9,18.6,-40.0,0.0,1.0,0.0,0.0,61.0
2026-07-20 15:21:22.134,0.0,,,,,29.01,927.9,18.6,-40.0,0.0,1.0,0.0,0.0,61.0
2026-07-20 15:21:22.335,0.0,,,,,29.01,927.9,19.0,-40.0,0.0,1.0,0.0,0.0,61.0
2026-07-20 15:21:22.534,0.0,,,,,29.01,927.9,19.0,-40.0,0.0,1.0,0.0,0.0,61.0
2026-07-20 15:21:22.778,0.0,,,,,29.01,927.9,18.8,-40.0,0.0,1.0,0.0,0.0,62.0
2026-07-20 15:21:22.935,0.0,,,,,29.01,927.9,18.8,-40.0,0.0,1.0,0.0,0.0,62.0
2026-07-20 15:21:23.134,0.0,,,,,29.01,927.9,18.8,-40.0,0.0,1.0,0.0,0.0,62.0
2026-07-20 15:21:23.333,0.0,,,,,29.01,927.8,19.1,-40.0,0.0,1.0,0.0,0.0,62.0
2026-07-20 15:21:23.534,0.0,,,,,29.01,927.8,19.1,-40.0,0.0,1.0,0.0,0.0,62.0
2026-07-20 15:21:23.778,0.0,,,,,29.02,927.9,19.4,-40.0,0.0,1.0,0.0,0.0,63.0
2026-07-20 15:21:23.934,0.0,,,,,29.02,927.9,19.4,-40.0,0.0,1.0,0.0,0.0,63.0
2026-07-20 15:21:24.134,0.0,,,,,29.02,927.9,19.4,-40.0,0.0,1.0,0.0,0.0,63.0
2026-07-20 15:21:24.334,0.0,,,,,29.01,927.9,18.6,-40.0,0.0,1.0,0.0,0.0,63.0
2026-07-20 15:21:24.534,0.0,,,,,29.01,927.9,18.6,-40.0,0.0,1.0,0.0,0.0,63.0
2026-07-20 15:21:24.777,0.0,,,,,29.02,927.9,18.8,-40.0,0.0,1.0,0.0,0.0,64.0
2026-07-20 15:21:24.933,0.0,,,,,29.02,927.9,18.8,-40.0,0.0,1.0,0.0,0.0,64.0
2026-07-20 15:21:25.134,0.0,,,,,29.02,927.9,18.8,-40.0,0.0,1.0,0.0,0.0,64.0
2026-07-20 15:21:25.334,0.0,,,,,29.01,927.9,18.9,-40.0,0.0,1.0,0.0,0.0,64.0
2026-07-20 15:21:25.534,0.0,,,,,29.01,927.9,18.9,-40.0,0.0,1.0,0.0,0.0,64.0
2026-07-20 15:21:25.780,0.0,,,,,29.01,927.9,18.8,-40.0,0.0,1.0,0.0,0.0,65.0
2026-07-20 15:21:25.934,0.0,,,,,29.01,927.9,18.8,-40.0,0.0,1.0,0.0,0.0,65.0
2026-07-20 15:21:26.133,0.0,,,,,29.01,927.9,18.8,-40.0,0.0,1.0,0.0,0.0,65.0
2026-07-20 15:21:26.337,0.0,,,,,29.01,927.9,18.7,-40.0,0.0,1.0,0.0,0.0,65.0
2026-07-20 15:21:26.533,0.0,,,,,29.01,927.9,18.7,-40.0,0.0,1.0,0.0,0.0,65.0
2026-07-20 15:21:26.777,0.0,,,,,29.0,928.0,18.8,-40.0,0.0,1.0,0.0,0.0,66.0
2026-07-20 15:21:26.934,0.0,,,,,29.0,928.0,18.8,-40.0,0.0,1.0,0.0,0.0,66.0
2026-07-20 15:21:27.134,0.0,,,,,29.0,928.0,18.8,-40.0,0.0,1.0,0.0,0.0,66.0
2026-07-20 15:21:27.333,0.0,,,,,29.0,927.8,18.6,-40.0,0.0,1.0,0.0,0.0,66.0
2026-07-20 15:21:27.534,0.0,,,,,29.0,927.8,18.6,-40.0,0.0,1.0,0.0,0.0,66.0
2026-07-20 15:21:27.778,0.0,,,,,29.01,927.9,19.4,-40.0,0.0,1.0,0.0,0.0,67.0
2026-07-20 15:21:27.952,0.0,,,,,29.01,927.9,19.4,-40.0,0.0,1.0,0.0,0.0,67.0
2026-07-20 15:21:28.135,0.0,,,,,29.01,927.9,19.4,-40.0,0.0,1.0,0.0,0.0,67.0
2026-07-20 15:21:28.334,0.0,,,,,28.98,927.9,18.5,-40.0,0.0,1.0,0.0,0.0,67.0
2026-07-20 15:21:28.534,0.0,,,,,28.98,927.9,18.5,-40.0,0.0,1.0,0.0,0.0,67.0
2026-07-20 15:21:28.778,0.0,,,,,29.01,927.9,18.2,-40.0,0.0,1.0,0.0,0.0,68.0
2026-07-20 15:21:28.934,0.0,,,,,29.01,927.9,18.2,-40.0,0.0,1.0,0.0,0.0,68.0
2026-07-20 15:21:29.133,0.0,,,,,29.01,927.9,18.2,-40.0,0.0,1.0,0.0,0.0,68.0
2026-07-20 15:21:29.334,0.0,,,,,29.0,927.9,18.9,-40.0,0.0,1.0,0.0,0.0,68.0
2026-07-20 15:21:29.534,0.0,,,,,29.0,927.9,18.9,-40.0,0.0,1.0,0.0,0.0,68.0
2026-07-20 15:21:29.778,0.0,,,,,29.01,927.9,18.9,-40.0,0.0,1.0,0.0,0.0,69.0
2026-07-20 15:21:29.934,0.0,,,,,29.01,927.9,18.9,-40.0,0.0,1.0,0.0,0.0,69.0
2026-07-20 15:21:30.134,0.0,,,,,29.01,927.9,18.9,-40.0,0.0,1.0,0.0,0.0,69.0
2026-07-20 15:21:30.333,0.0,,,,,29.0,927.8,19.4,-40.0,0.0,1.0,0.0,0.0,69.0
2026-07-20 15:21:30.534,0.0,,,,,29.0,927.8,19.4,-40.0,0.0,1.0,0.0,0.0,69.0
2026-07-20 15:21:30.778,0.0,,,,,29.01,927.9,18.8,-40.0,0.0,1.0,0.0,0.0,70.0
2026-07-20 15:21:30.943,0.0,,,,,29.01,927.9,18.8,-40.0,0.0,1.0,0.0,0.0,70.0
2026-07-20 15:21:31.134,0.0,,,,,29.01,927.9,18.8,-40.0,0.0,1.0,0.0,0.0,70.0
2026-07-20 15:21:31.334,0.0,,,,,29.01,927.9,19.6,-40.0,0.0,1.0,0.0,0.0,70.0
2026-07-20 15:21:31.534,0.0,,,,,29.01,927.9,19.6,-40.0,0.0,1.0,0.0,0.0,70.0
2026-07-20 15:21:31.778,0.0,,,,,28.98,927.8,18.9,-40.0,0.0,1.0,0.0,0.0,71.0
2026-07-20 15:21:31.943,0.0,,,,,28.98,927.8,18.9,-40.0,0.0,1.0,0.0,0.0,71.0
2026-07-20 15:21:32.133,0.0,,,,,28.98,927.8,18.9,-40.0,0.0,1.0,0.0,0.0,71.0
2026-07-20 15:21:32.334,0.0,,,,,28.98,927.9,18.9,-40.0,0.0,1.0,0.0,0.0,71.0
2026-07-20 15:21:32.534,0.0,,,,,28.98,927.9,18.9,-40.0,0.0,1.0,0.0,0.0,71.0
2026-07-20 15:21:32.778,0.0,,,,,28.98,927.9,18.9,-40.0,0.0,1.0,0.0,0.0,72.0
2026-07-20 15:21:32.934,0.0,,,,,28.98,927.9,18.9,-40.0,0.0,1.0,0.0,0.0,72.0
2026-07-20 15:21:33.134,0.0,,,,,28.98,927.9,18.9,-40.0,0.0,1.0,0.0,0.0,72.0
2026-07-20 15:21:33.334,0.0,,,,,29.01,927.9,18.8,-40.0,0.0,1.0,0.0,0.0,72.0
2026-07-20 15:21:33.534,0.0,,,,,29.01,927.9,18.8,-40.0,0.0,1.0,0.0,0.0,72.0
2026-07-20 15:21:33.777,0.0,,,,,28.98,927.9,19.2,-40.0,0.0,1.0,0.0,0.0,73.0
2026-07-20 15:21:33.938,0.0,,,,,28.98,927.9,19.2,-40.0,0.0,1.0,0.0,0.0,73.0
2026-07-20 15:21:34.134,0.0,,,,,28.98,927.9,19.2,-40.0,0.0,1.0,0.0,0.0,73.0
2026-07-20 15:21:34.334,0.0,,,,,28.98,927.9,19.5,-40.0,0.0,1.0,0.0,0.0,73.0
2026-07-20 15:21:34.534,0.0,,,,,28.98,927.9,19.5,-40.0,0.0,1.0,0.0,0.0,73.0
2026-07-20 15:21:34.778,0.0,,,,,28.98,927.9,18.8,-40.0,0.0,1.0,0.0,0.0,74.0
2026-07-20 15:21:34.959,0.0,,,,,28.98,927.9,18.8,-40.0,0.0,1.0,0.0,0.0,74.0
2026-07-20 15:21:35.134,0.0,,,,,28.98,927.9,18.8,-40.0,0.0,1.0,0.0,0.0,74.0
2026-07-20 15:21:35.334,0.0,,,,,29.0,927.9,19.4,-40.0,0.0,1.0,0.0,0.0,74.0
2026-07-20 15:21:35.549,0.0,,,,,29.0,927.9,19.4,-40.0,0.0,1.0,0.0,0.0,74.0
2026-07-20 15:21:35.777,0.0,,,,,28.98,927.9,18.4,-40.0,0.0,1.0,0.0,0.0,75.0
2026-07-20 15:21:35.933,0.0,,,,,28.98,927.9,18.4,-40.0,0.0,1.0,0.0,0.0,75.0
2026-07-20 15:21:36.151,0.0,,,,,28.98,927.9,18.4,-40.0,0.0,1.0,0.0,0.0,75.0
2026-07-20 15:21:36.334,0.0,,,,,29.0,927.9,19.5,-40.0,0.0,1.0,0.0,0.0,75.0
2026-07-20 15:21:36.534,0.0,,,,,29.0,927.9,19.5,-40.0,0.0,1.0,0.0,0.0,75.0
2026-07-20 15:21:36.778,0.0,,,,,29.0,927.8,18.9,-40.0,0.0,1.0,0.0,0.0,76.0
2026-07-20 15:21:36.934,0.0,,,,,29.0,927.8,18.9,-40.0,0.0,1.0,0.0,0.0,76.0
2026-07-20 15:21:37.134,0.0,,,,,29.0,927.8,18.9,-40.0,0.0,1.0,0.0,0.0,76.0
2026-07-20 15:21:37.334,0.0,,,,,29.0,928.0,19.0,-40.0,0.0,1.0,0.0,0.0,76.0
2026-07-20 15:21:37.534,0.0,,,,,29.0,928.0,19.0,-40.0,0.0,1.0,0.0,0.0,76.0
2026-07-20 15:21:37.777,0.0,,,,,28.98,927.9,19.0,-40.0,0.0,1.0,0.0,0.0,77.0
2026-07-20 15:21:37.933,0.0,,,,,28.98,927.9,19.0,-40.0,0.0,1.0,0.0,0.0,77.0
2026-07-20 15:21:38.134,0.0,,,,,28.98,927.9,19.0,-40.0,0.0,1.0,0.0,0.0,77.0
2026-07-20 15:21:38.334,0.0,,,,,29.0,927.9,19.0,-40.0,0.0,1.0,0.0,0.0,77.0
2026-07-20 15:21:38.534,0.0,,,,,29.0,927.9,19.0,-40.0,0.0,1.0,0.0,0.0,77.0
2026-07-20 15:21:38.778,0.0,,,,,29.01,927.9,18.7,-40.0,0.0,1.0,0.0,0.0,78.0
2026-07-20 15:21:38.961,0.0,,,,,29.01,927.9,18.7,-40.0,0.0,1.0,0.0,0.0,78.0
2026-07-20 15:21:39.134,0.0,,,,,29.01,927.9,18.7,-40.0,0.0,1.0,0.0,0.0,78.0
2026-07-20 15:21:39.333,0.0,,,,,29.0,927.9,19.5,-40.0,0.0,1.0,0.0,0.0,78.0
2026-07-20 15:21:39.534,0.0,,,,,29.0,927.9,19.5,-40.0,0.0,1.0,0.0,0.0,78.0
2026-07-20 15:21:39.778,0.0,,,,,28.98,927.9,19.4,-40.0,0.0,1.0,0.0,0.0,79.0
2026-07-20 15:21:39.950,0.0,,,,,28.98,927.9,19.4,-40.0,0.0,1.0,0.0,0.0,79.0
2026-07-20 15:21:40.134,0.0,,,,,28.98,927.9,19.4,-40.0,0.0,1.0,0.0,0.0,79.0
2026-07-20 15:21:40.334,0.0,,,,,29.01,927.9,18.8,-40.0,0.0,1.0,0.0,0.0,79.0
2026-07-20 15:21:40.537,0.0,,,,,29.01,927.9,18.8,-40.0,0.0,1.0,0.0,0.0,79.0
2026-07-20 15:21:40.778,0.0,,,,,28.98,927.9,19.2,-40.0,0.0,1.0,0.0,0.0,80.0
2026-07-20 15:21:40.934,0.0,,,,,28.98,927.9,19.2,-40.0,0.0,1.0,0.0,0.0,80.0
2026-07-20 15:21:41.133,0.0,,,,,28.98,927.9,19.2,-40.0,0.0,1.0,0.0,0.0,80.0
2026-07-20 15:21:41.334,0.0,,,,,28.98,927.9,19.2,-40.0,0.0,1.0,0.0,0.0,80.0
2026-07-20 15:21:41.534,0.0,,,,,28.98,927.9,19.2,-40.0,0.0,1.0,0.0,0.0,80.0
2026-07-20 15:21:41.778,0.0,,,,,29.0,927.9,19.0,-40.0,0.0,1.0,0.0,0.0,81.0
2026-07-20 15:21:41.933,0.0,,,,,29.0,927.9,19.0,-40.0,0.0,1.0,0.0,0.0,81.0
2026-07-20 15:21:42.144,0.0,,,,,29.0,927.9,19.0,-40.0,0.0,1.0,0.0,0.0,81.0
2026-07-20 15:21:42.334,0.0,,,,,29.01,927.9,18.8,-40.0,0.0,1.0,0.0,0.0,81.0
2026-07-20 15:21:42.534,0.0,,,,,29.01,927.9,18.8,-40.0,0.0,1.0,0.0,0.0,81.0
2026-07-20 15:21:42.777,0.0,,,,,28.98,927.9,18.8,-40.0,0.0,1.0,0.0,0.0,82.0
2026-07-20 15:21:42.934,0.0,,,,,28.98,927.9,18.8,-40.0,0.0,1.0,0.0,0.0,82.0
2026-07-20 15:21:43.133,0.0,,,,,28.98,927.9,18.8,-40.0,0.0,1.0,0.0,0.0,82.0
2026-07-20 15:21:43.334,0.0,,,,,28.98,927.9,18.4,-40.0,0.0,1.0,0.0,0.0,82.0
2026-07-20 15:21:43.534,0.0,,,,,28.98,927.9,18.4,-40.0,0.0,1.0,0.0,0.0,82.0
2026-07-20 15:21:43.777,0.0,,,,,28.98,927.9,19.1,-40.0,0.0,1.0,0.0,0.0,83.0
2026-07-20 15:21:43.933,0.0,,,,,28.98,927.9,19.1,-40.0,0.0,1.0,0.0,0.0,83.0
2026-07-20 15:21:44.134,0.0,,,,,28.98,927.9,19.1,-40.0,0.0,1.0,0.0,0.0,83.0
2026-07-20 15:21:44.333,0.0,,,,,28.98,927.9,18.9,-40.0,0.0,1.0,0.0,0.0,83.0
2026-07-20 15:21:44.533,0.0,,,,,28.98,927.9,18.9,-40.0,0.0,1.0,0.0,0.0,83.0
2026-07-20 15:21:44.778,0.0,,,,,28.98,927.9,18.7,-40.0,0.0,1.0,0.0,0.0,84.0
2026-07-20 15:21:44.934,0.0,,,,,28.98,927.9,18.7,-40.0,0.0,1.0,0.0,0.0,84.0
2026-07-20 15:21:45.133,0.0,,,,,28.98,927.9,18.7,-40.0,0.0,1.0,0.0,0.0,84.0
2026-07-20 15:21:45.334,0.0,,,,,28.98,928.0,19.2,-40.0,0.0,1.0,0.0,0.0,84.0
2026-07-20 15:21:45.534,0.0,,,,,28.98,928.0,19.2,-40.0,0.0,1.0,0.0,0.0,84.0
2026-07-20 15:21:45.777,0.0,,,,,28.97,927.8,18.9,-40.0,0.0,1.0,0.0,0.0,85.0
2026-07-20 15:21:45.961,0.0,,,,,28.97,927.8,18.9,-40.0,0.0,1.0,0.0,0.0,85.0
2026-07-20 15:21:46.134,0.0,,,,,28.97,927.8,18.9,-40.0,0.0,1.0,0.0,0.0,85.0
2026-07-20 15:21:46.334,0.0,,,,,28.98,927.9,18.8,-40.0,0.0,1.0,0.0,0.0,85.0
2026-07-20 15:21:46.534,0.0,,,,,28.98,927.9,18.8,-40.0,0.0,1.0,0.0,0.0,85.0
2026-07-20 15:21:46.777,0.0,,,,,28.98,927.9,18.9,-40.0,0.0,1.0,0.0,0.0,86.0
2026-07-20 15:21:46.933,0.0,,,,,28.98,927.9,18.9,-40.0,0.0,1.0,0.0,0.0,86.0
2026-07-20 15:21:47.133,0.0,,,,,28.98,927.9,18.9,-40.0,0.0,1.0,0.0,0.0,86.0
2026-07-20 15:21:47.334,0.0,,,,,28.98,927.9,18.8,-40.0,0.0,1.0,0.0,0.0,86.0
2026-07-20 15:21:47.533,0.0,,,,,28.98,927.9,18.8,-40.0,0.0,1.0,0.0,0.0,86.0
2026-07-20 15:21:47.777,0.0,,,,,28.98,927.9,18.8,-40.0,0.0,1.0,0.0,0.0,87.0
2026-07-20 15:21:47.942,0.0,,,,,28.98,927.9,18.8,-40.0,0.0,1.0,0.0,0.0,87.0
2026-07-20 15:21:48.133,0.0,,,,,28.98,927.9,18.8,-40.0,0.0,1.0,0.0,0.0,87.0
2026-07-20 15:21:48.333,0.0,,,,,28.98,927.9,18.7,-40.0,0.0,1.0,0.0,0.0,87.0
2026-07-20 15:21:48.534,0.0,,,,,28.98,927.9,18.7,-40.0,0.0,1.0,0.0,0.0,87.0
2026-07-20 15:21:48.777,0.0,,,,,28.98,927.9,19.2,-40.0,0.0,1.0,0.0,0.0,88.0
2026-07-20 15:21:48.970,0.0,,,,,28.98,927.9,19.2,-40.0,0.0,1.0,0.0,0.0,88.0
2026-07-20 15:21:49.133,0.0,,,,,28.98,927.9,19.2,-40.0,0.0,1.0,0.0,0.0,88.0
2026-07-20 15:21:49.334,0.0,,,,,28.98,927.9,18.6,-40.0,0.0,1.0,0.0,0.0,88.0
2026-07-20 15:21:49.541,0.0,,,,,28.98,927.9,18.6,-40.0,0.0,1.0,0.0,0.0,88.0
2026-07-20 15:21:49.777,0.0,,,,,28.97,927.9,19.1,-40.0,0.0,1.0,0.0,0.0,89.0
2026-07-20 15:21:49.958,0.0,,,,,28.97,927.9,19.1,-40.0,0.0,1.0,0.0,0.0,89.0
2026-07-20 15:21:50.134,0.0,,,,,28.97,927.9,19.1,-40.0,0.0,1.0,0.0,0.0,89.0
2026-07-20 15:21:50.334,0.0,,,,,28.98,927.9,18.6,-40.0,0.0,1.0,0.0,0.0,89.0
2026-07-20 15:21:50.534,0.0,,,,,28.98,927.9,18.6,-40.0,0.0,1.0,0.0,0.0,89.0
2026-07-20 15:21:50.777,0.0,,,,,28.98,927.9,19.2,-40.0,0.0,1.0,0.0,0.0,90.0
2026-07-20 15:21:50.933,0.0,,,,,28.98,927.9,19.2,-40.0,0.0,1.0,0.0,0.0,90.0
2026-07-20 15:21:51.132,0.0,,,,,28.98,927.9,19.2,-40.0,0.0,1.0,0.0,0.0,90.0
2026-07-20 15:21:51.334,0.0,,,,,28.98,927.8,18.7,-40.0,0.0,1.0,0.0,0.0,90.0
2026-07-20 15:21:51.533,0.0,,,,,28.98,927.8,18.7,-40.0,0.0,1.0,0.0,0.0,90.0
2026-07-20 15:21:51.777,0.0,,,,,28.97,927.9,18.6,-40.0,0.0,1.0,0.0,0.0,91.0
2026-07-20 15:21:51.934,0.0,,,,,28.97,927.9,18.6,-40.0,0.0,1.0,0.0,0.0,91.0
2026-07-20 15:21:52.133,0.0,,,,,28.97,927.9,18.6,-40.0,0.0,1.0,0.0,0.0,91.0
2026-07-20 15:21:52.334,0.0,,,,,28.98,927.9,19.1,-40.0,0.0,1.0,0.0,0.0,91.0
2026-07-20 15:21:52.533,0.0,,,,,28.98,927.9,19.1,-40.0,0.0,1.0,0.0,0.0,91.0
2026-07-20 15:21:52.777,0.0,,,,,28.98,927.9,18.9,-40.0,0.0,1.0,0.0,0.0,92.0
2026-07-20 15:21:52.940,0.0,,,,,28.98,927.9,18.9,-40.0,0.0,1.0,0.0,0.0,92.0
2026-07-20 15:21:53.133,0.0,,,,,28.98,927.9,18.9,-40.0,0.0,1.0,0.0,0.0,92.0
2026-07-20 15:21:53.333,0.0,,,,,28.97,927.9,18.9,-40.0,0.0,1.0,0.0,0.0,92.0
2026-07-20 15:21:53.533,0.0,,,,,28.97,927.9,18.9,-40.0,0.0,1.0,0.0,0.0,92.0
2026-07-20 15:21:53.777,0.0,,,,,28.98,927.9,19.3,-40.0,0.0,1.0,0.0,0.0,93.0
2026-07-20 15:21:53.958,0.0,,,,,28.98,927.9,19.3,-40.0,0.0,1.0,0.0,0.0,93.0
2026-07-20 15:21:54.133,0.0,,,,,28.98,927.9,19.3,-40.0,0.0,1.0,0.0,0.0,93.0
2026-07-20 15:21:54.333,0.0,,,,,28.97,927.8,18.9,-40.0,0.0,1.0,0.0,0.0,93.0
2026-07-20 15:21:54.534,0.0,,,,,28.97,927.8,18.9,-40.0,0.0,1.0,0.0,0.0,93.0
2026-07-20 15:21:54.778,0.0,,,,,28.97,927.8,19.2,-40.0,0.0,1.0,0.0,0.0,94.0
2026-07-20 15:21:54.933,0.0,,,,,28.97,927.8,19.2,-40.0,0.0,1.0,0.0,0.0,94.0
2026-07-20 15:21:55.133,0.0,,,,,28.97,927.8,19.2,-40.0,0.0,1.0,0.0,0.0,94.0
2026-07-20 15:21:55.333,0.0,,,,,28.97,927.8,19.0,-40.0,0.0,1.0,0.0,0.0,94.0
2026-07-20 15:21:55.533,0.0,,,,,28.97,927.8,19.0,-40.0,0.0,1.0,0.0,0.0,94.0
2026-07-20 15:21:55.776,0.0,,,,,28.97,927.8,18.9,-40.0,0.0,1.0,0.0,0.0,95.0
2026-07-20 15:21:55.955,0.0,,,,,28.97,927.8,18.9,-40.0,0.0,1.0,0.0,0.0,95.0
2026-07-20 15:21:56.133,0.0,,,,,28.97,927.8,18.9,-40.0,0.0,1.0,0.0,0.0,95.0
2026-07-20 15:21:56.333,0.0,,,,,28.98,927.9,19.2,-40.0,0.0,1.0,0.0,0.0,95.0
2026-07-20 15:21:56.533,0.0,,,,,28.98,927.9,19.2,-40.0,0.0,1.0,0.0,0.0,95.0
2026-07-20 15:21:56.777,0.0,,,,,28.96,927.8,18.6,-40.0,0.0,1.0,0.0,0.0,96.0
2026-07-20 15:21:56.933,0.0,,,,,28.96,927.8,18.6,-40.0,0.0,1.0,0.0,0.0,96.0
2026-07-20 15:21:57.133,0.0,,,,,28.96,927.8,18.6,-40.0,0.0,1.0,0.0,0.0,96.0
2026-07-20 15:21:57.337,0.0,,,,,28.97,927.9,19.4,-40.0,0.0,1.0,0.0,0.0,96.0
2026-07-20 15:21:57.533,0.0,,,,,28.97,927.9,19.4,-40.0,0.0,1.0,0.0,0.0,96.0
2026-07-20 15:21:57.777,0.0,,,,,28.97,927.9,18.4,-40.0,0.0,1.0,0.0,0.0,97.0
2026-07-20 15:21:57.933,0.0,,,,,28.97,927.9,18.4,-40.0,0.0,1.0,0.0,0.0,97.0
2026-07-20 15:21:58.134,0.0,,,,,28.97,927.9,18.4,-40.0,0.0,1.0,0.0,0.0,97.0
2026-07-20 15:21:58.333,0.0,,,,,28.97,927.8,19.1,-40.0,0.0,1.0,0.0,0.0,97.0
2026-07-20 15:21:58.533,0.0,,,,,28.97,927.8,19.1,-40.0,0.0,1.0,0.0,0.0,97.0
2026-07-20 15:21:58.777,0.0,,,,,28.97,927.9,18.4,-40.0,0.0,1.0,0.0,0.0,98.0
2026-07-20 15:21:58.933,0.0,,,,,28.97,927.9,18.4,-40.0,0.0,1.0,0.0,0.0,98.0
2026-07-20 15:21:59.133,0.0,,,,,28.97,927.9,18.4,-40.0,0.0,1.0,0.0,0.0,98.0
2026-07-20 15:21:59.333,0.0,,,,,28.96,927.9,19.5,-40.0,0.0,1.0,0.0,0.0,98.0
2026-07-20 15:21:59.533,0.0,,,,,28.96,927.9,19.5,-40.0,0.0,1.0,0.0,0.0,98.0
2026-07-20 15:21:59.777,0.0,,,,,28.97,927.9,19.3,-40.0,0.0,1.0,0.0,0.0,99.0
2026-07-20 15:21:59.933,0.0,,,,,28.97,927.9,19.3,-40.0,0.0,1.0,0.0,0.0,99.0
2026-07-20 15:22:00.133,0.0,,,,,28.97,927.9,19.3,-40.0,0.0,1.0,0.0,0.0,99.0
2026-07-20 15:22:00.333,0.0,,,,,28.97,927.8,18.9,-40.0,0.0,1.0,0.0,0.0,99.0
2026-07-20 15:22:00.533,0.0,,,,,28.97,927.8,18.9,-40.0,0.0,1.0,0.0,0.0,99.0
2026-07-20 15:22:00.777,0.0,,,,,28.96,927.9,18.9,-40.0,0.0,1.0,0.0,0.0,100.0
2026-07-20 15:22:00.968,0.0,,,,,28.96,927.9,18.9,-40.0,0.0,1.0,0.0,0.0,100.0
2026-07-20 15:22:01.134,0.0,,,,,28.96,927.9,18.9,-40.0,0.0,1.0,0.0,0.0,100.0
2026-07-20 15:22:01.333,0.0,,,,,28.98,927.9,19.1,-40.0,0.0,1.0,0.0,0.0,100.0
2026-07-20 15:22:01.542,0.0,,,,,28.98,927.9,19.1,-40.0,0.0,1.0,0.0,0.0,100.0
2026-07-20 15:22:01.777,0.0,,,,,28.96,927.9,18.9,-40.0,0.0,1.0,0.0,0.0,101.0
2026-07-20 15:22:01.961,0.0,,,,,28.96,927.9,18.9,-40.0,0.0,1.0,0.0,0.0,101.0
2026-07-20 15:22:02.133,0.0,,,,,28.96,927.9,18.9,-40.0,0.0,1.0,0.0,0.0,101.0
2026-07-20 15:22:02.333,0.0,,,,,28.96,927.9,19.0,-40.0,0.0,1.0,0.0,0.0,101.0
2026-07-20 15:22:02.533,0.0,,,,,28.96,927.9,19.0,-40.0,0.0,1.0,0.0,0.0,101.0
2026-07-20 15:22:02.778,0.0,,,,,28.96,927.9,18.6,-40.0,0.0,1.0,0.0,0.0,102.0
2026-07-20 15:22:02.952,0.0,,,,,28.96,927.9,18.6,-40.0,0.0,1.0,0.0,0.0,102.0
2026-07-20 15:22:03.133,0.0,,,,,28.96,927.9,18.6,-40.0,0.0,1.0,0.0,0.0,102.0
2026-07-20 15:22:03.333,0.0,,,,,28.97,927.9,18.7,-40.0,0.0,1.0,0.0,0.0,102.0
2026-07-20 15:22:03.532,0.0,,,,,28.97,927.9,18.7,-40.0,0.0,1.0,0.0,0.0,102.0
2026-07-20 15:22:03.778,0.0,,,,,28.96,927.8,19.0,-40.0,0.0,1.0,0.0,0.0,103.0
2026-07-20 15:22:03.939,0.0,,,,,28.96,927.8,19.0,-40.0,0.0,1.0,0.0,0.0,103.0
2026-07-20 15:22:04.133,0.0,,,,,28.96,927.8,19.0,-40.0,0.0,1.0,0.0,0.0,103.0
2026-07-20 15:22:04.333,0.0,,,,,28.96,927.9,18.7,-40.0,0.0,1.0,0.0,0.0,103.0
2026-07-20 15:22:04.533,0.0,,,,,28.96,927.9,18.7,-40.0,0.0,1.0,0.0,0.0,103.0
2026-07-20 15:22:04.777,0.0,,,,,28.96,927.9,19.2,-40.0,0.0,1.0,0.0,0.0,104.0
2026-07-20 15:22:04.933,0.0,,,,,28.96,927.9,19.2,-40.0,0.0,1.0,0.0,0.0,104.0
2026-07-20 15:22:05.133,0.0,,,,,28.96,927.9,19.2,-40.0,0.0,1.0,0.0,0.0,104.0
2026-07-20 15:22:05.333,0.0,,,,,28.96,927.8,19.2,-40.0,0.0,1.0,0.0,0.0,104.0
2026-07-20 15:22:05.533,0.0,,,,,28.96,927.8,19.2,-40.0,0.0,1.0,0.0,0.0,104.0
2026-07-20 15:22:05.777,0.0,,,,,28.96,927.9,18.4,-40.0,0.0,1.0,0.0,0.0,105.0
2026-07-20 15:22:05.945,0.0,,,,,28.96,927.9,18.4,-40.0,0.0,1.0,0.0,0.0,105.0
2026-07-20 15:22:06.133,0.0,,,,,28.96,927.9,18.4,-40.0,0.0,1.0,0.0,0.0,105.0
2026-07-20 15:22:06.333,0.0,,,,,28.96,927.9,19.4,-40.0,0.0,1.0,0.0,0.0,105.0
2026-07-20 15:22:06.533,0.0,,,,,28.96,927.9,19.4,-40.0,0.0,1.0,0.0,0.0,105.0
2026-07-20 15:22:06.777,0.0,,,,,28.96,927.8,19.0,-40.0,0.0,1.0,0.0,0.0,106.0
2026-07-20 15:22:06.933,0.0,,,,,28.96,927.8,19.0,-40.0,0.0,1.0,0.0,0.0,106.0
2026-07-20 15:22:07.133,0.0,,,,,28.96,927.8,19.0,-40.0,0.0,1.0,0.0,0.0,106.0
2026-07-20 15:22:07.333,0.0,,,,,28.96,927.9,19.1,-40.0,0.0,1.0,0.0,0.0,106.0
2026-07-20 15:22:07.532,0.0,,,,,28.96,927.9,19.1,-40.0,0.0,1.0,0.0,0.0,106.0
2026-07-20 15:22:07.777,0.0,,,,,28.97,927.9,19.0,-40.0,0.0,1.0,0.0,0.0,107.0
2026-07-20 15:22:07.933,0.0,,,,,28.97,927.9,19.0,-40.0,0.0,1.0,0.0,0.0,107.0
2026-07-20 15:22:08.133,0.0,,,,,28.97,927.9,19.0,-40.0,0.0,1.0,0.0,0.0,107.0
2026-07-20 15:22:08.333,0.0,,,,,28.95,927.8,19.0,-40.0,0.0,1.0,0.0,0.0,107.0
2026-07-20 15:22:08.533,0.0,,,,,28.95,927.8,19.0,-40.0,0.0,1.0,0.0,0.0,107.0
2026-07-20 15:22:08.777,0.0,,,,,28.97,927.8,19.3,-40.0,0.0,1.0,0.0,0.0,108.0
2026-07-20 15:22:08.958,0.0,,,,,28.97,927.8,19.3,-40.0,0.0,1.0,0.0,0.0,108.0
2026-07-20 15:22:09.133,0.0,,,,,28.97,927.8,19.3,-40.0,0.0,1.0,0.0,0.0,108.0
2026-07-20 15:22:09.333,0.0,,,,,28.96,927.9,19.0,-40.0,0.0,1.0,0.0,0.0,108.0
2026-07-20 15:22:09.533,0.0,,,,,28.96,927.9,19.0,-40.0,0.0,1.0,0.0,0.0,108.0
2026-07-20 15:22:09.777,0.0,,,,,28.96,927.8,18.9,-40.0,0.0,1.0,0.0,0.0,109.0
2026-07-20 15:22:09.933,0.0,,,,,28.96,927.8,18.9,-40.0,0.0,1.0,0.0,0.0,109.0
2026-07-20 15:22:10.133,0.0,,,,,28.96,927.8,18.9,-40.0,0.0,1.0,0.0,0.0,109.0
2026-07-20 15:22:10.343,0.0,,,,,28.96,927.9,18.6,-40.0,0.0,1.0,0.0,0.0,109.0
2026-07-20 15:22:10.533,0.0,,,,,28.96,927.9,18.6,-40.0,0.0,1.0,0.0,0.0,109.0
2026-07-20 15:22:10.777,0.0,,,,,28.96,927.9,19.3,-40.0,0.0,1.0,0.0,0.0,110.0
2026-07-20 15:22:10.933,0.0,,,,,28.96,927.9,19.3,-40.0,0.0,1.0,0.0,0.0,110.0
2026-07-20 15:22:11.133,0.0,,,,,28.96,927.9,19.3,-40.0,0.0,1.0,0.0,0.0,110.0
2026-07-20 15:22:11.333,0.0,,,,,28.97,927.8,19.3,-40.0,0.0,1.0,0.0,0.0,110.0
2026-07-20 15:22:11.533,0.0,,,,,28.97,927.8,19.3,-40.0,0.0,1.0,0.0,0.0,110.0
2026-07-20 15:22:11.777,0.0,,,,,28.97,927.8,19.5,-40.0,0.0,1.0,0.0,0.0,111.0
2026-07-20 15:22:11.948,0.0,,,,,28.97,927.8,19.5,-40.0,0.0,1.0,0.0,0.0,111.0
2026-07-20 15:22:12.133,0.0,,,,,28.97,927.8,19.5,-40.0,0.0,1.0,0.0,0.0,111.0
2026-07-20 15:22:12.333,0.0,,,,,28.96,927.9,19.2,-40.0,0.0,1.0,0.0,0.0,111.0
2026-07-20 15:22:12.533,0.0,,,,,28.96,927.9,19.2,-40.0,0.0,1.0,0.0,0.0,111.0
2026-07-20 15:22:12.777,0.0,,,,,28.96,927.9,18.9,-40.0,0.0,1.0,0.0,0.0,112.0
2026-07-20 15:22:12.960,0.0,,,,,28.96,927.9,18.9,-40.0,0.0,1.0,0.0,0.0,112.0
2026-07-20 15:22:13.133,0.0,,,,,28.96,927.9,18.9,-40.0,0.0,1.0,0.0,0.0,112.0
2026-07-20 15:22:13.332,0.0,,,,,28.96,927.8,19.2,-40.0,0.0,1.0,0.0,0.0,112.0
2026-07-20 15:22:13.533,0.0,,,,,28.96,927.8,19.2,-40.0,0.0,1.0,0.0,0.0,112.0
2026-07-20 15:22:13.777,0.0,,,,,28.96,927.9,19.2,-40.0,0.0,1.0,0.0,0.0,113.0
2026-07-20 15:22:13.933,0.0,,,,,28.96,927.9,19.2,-40.0,0.0,1.0,0.0,0.0,113.0
2026-07-20 15:22:14.133,0.0,,,,,28.96,927.9,19.2,-40.0,0.0,1.0,0.0,0.0,113.0
2026-07-20 15:22:14.332,0.0,,,,,28.95,927.8,19.2,-40.0,0.0,1.0,0.0,0.0,113.0
2026-07-20 15:22:14.579,0.0,,,,,28.95,927.8,19.2,-40.0,0.0,1.0,0.0,0.0,113.0
2026-07-20 15:22:14.776,0.0,,,,,28.96,927.9,19.0,-40.0,0.0,1.0,0.0,0.0,114.0
2026-07-20 15:22:14.933,0.0,,,,,28.96,927.9,19.0,-40.0,0.0,1.0,0.0,0.0,114.0
2026-07-20 15:22:15.133,0.0,,,,,28.96,927.9,19.0,-40.0,0.0,1.0,0.0,0.0,114.0
2026-07-20 15:22:15.333,0.0,,,,,28.96,927.8,18.9,-40.0,0.0,1.0,0.0,0.0,114.0
2026-07-20 15:22:15.532,0.0,,,,,28.96,927.8,18.9,-40.0,0.0,1.0,0.0,0.0,114.0
2026-07-20 15:22:15.777,0.0,,,,,28.95,927.8,19.0,-40.0,0.0,1.0,0.0,0.0,115.0
2026-07-20 15:22:15.941,0.0,,,,,28.95,927.8,19.0,-40.0,0.0,1.0,0.0,0.0,115.0
2026-07-20 15:22:16.133,0.0,,,,,28.95,927.8,19.0,-40.0,0.0,1.0,0.0,0.0,115.0
2026-07-20 15:22:16.332,0.0,,,,,28.96,927.7,19.0,-40.0,0.0,1.0,0.0,0.0,115.0
2026-07-20 15:22:16.533,0.0,,,,,28.96,927.7,19.0,-40.0,0.0,1.0,0.0,0.0,115.0
2026-07-20 15:22:16.777,0.0,,,,,28.96,927.8,19.2,-40.0,0.0,1.0,0.0,0.0,116.0
2026-07-20 15:22:16.990,0.0,,,,,28.96,927.8,19.2,-40.0,0.0,1.0,0.0,0.0,116.0
2026-07-20 15:22:17.133,0.0,,,,,28.96,927.8,19.2,-40.0,0.0,1.0,0.0,0.0,116.0
2026-07-20 15:22:17.333,0.0,,,,,28.95,927.8,18.7,-40.0,0.0,1.0,0.0,0.0,116.0
2026-07-20 15:22:17.533,0.0,,,,,28.95,927.8,18.7,-40.0,0.0,1.0,0.0,0.0,116.0
2026-07-20 15:22:17.777,0.0,,,,,28.96,927.8,18.2,-40.0,0.0,1.0,0.0,0.0,117.0
2026-07-20 15:22:17.954,0.0,,,,,28.96,927.8,18.2,-40.0,0.0,1.0,0.0,0.0,117.0
2026-07-20 15:22:18.133,0.0,,,,,28.96,927.8,18.2,-40.0,0.0,1.0,0.0,0.0,117.0
2026-07-20 15:22:18.333,0.0,,,,,28.96,927.7,19.2,-40.0,0.0,1.0,0.0,0.0,117.0
2026-07-20 15:22:18.533,0.0,,,,,28.96,927.7,19.2,-40.0,0.0,1.0,0.0,0.0,117.0
2026-07-20 15:22:18.777,0.0,,,,,28.96,927.9,18.8,-40.0,0.0,1.0,0.0,0.0,118.0
2026-07-20 15:22:18.933,0.0,,,,,28.96,927.9,18.8,-40.0,0.0,1.0,0.0,0.0,118.0
2026-07-20 15:22:19.133,0.0,,,,,28.96,927.9,18.8,-40.0,0.0,1.0,0.0,0.0,118.0
2026-07-20 15:22:19.333,0.0,,,,,28.95,927.8,19.3,-40.0,0.0,1.0,0.0,0.0,118.0
2026-07-20 15:22:19.533,0.0,,,,,28.95,927.8,19.3,-40.0,0.0,1.0,0.0,0.0,118.0
2026-07-20 15:22:19.777,0.0,,,,,28.96,927.8,18.8,-40.0,0.0,1.0,0.0,0.0,119.0
2026-07-20 15:22:19.956,0.0,,,,,28.96,927.8,18.8,-40.0,0.0,1.0,0.0,0.0,119.0
2026-07-20 15:22:20.133,0.0,,,,,28.96,927.8,18.8,-40.0,0.0,1.0,0.0,0.0,119.0
2026-07-20 15:22:20.333,0.0,,,,,28.96,927.8,18.8,-40.0,0.0,1.0,0.0,0.0,119.0
2026-07-20 15:22:20.533,0.0,,,,,28.96,927.8,18.8,-40.0,0.0,1.0,0.0,0.0,119.0
2026-07-20 15:22:20.777,0.0,,,,,28.95,927.9,18.6,-40.0,0.0,1.0,0.0,0.0,120.0
2026-07-20 15:22:20.944,0.0,,,,,28.95,927.9,18.6,-40.0,0.0,1.0,0.0,0.0,120.0
2026-07-20 15:22:21.133,0.0,,,,,28.95,927.9,18.6,-40.0,0.0,1.0,0.0,0.0,120.0
2026-07-20 15:22:21.333,0.0,,,,,28.96,927.8,18.7,-40.0,0.0,1.0,0.0,0.0,120.0
2026-07-20 15:22:21.537,0.0,,,,,28.96,927.8,18.7,-40.0,0.0,1.0,0.0,0.0,120.0
2026-07-20 15:22:21.776,0.0,,,,,28.96,927.9,18.7,-40.0,0.0,1.0,0.0,0.0,121.0
2026-07-20 15:22:21.958,0.0,,,,,28.96,927.9,18.7,-40.0,0.0,1.0,0.0,0.0,121.0
2026-07-20 15:22:22.133,0.0,,,,,28.96,927.9,18.7,-40.0,0.0,1.0,0.0,0.0,121.0
2026-07-20 15:22:22.333,0.0,,,,,28.96,927.9,18.5,-40.0,0.0,1.0,0.0,0.0,121.0
2026-07-20 15:22:22.540,0.0,,,,,28.96,927.9,18.5,-40.0,0.0,1.0,0.0,0.0,121.0
2026-07-20 15:22:22.776,0.0,,,,,28.95,927.9,18.2,-40.0,0.0,1.0,0.0,0.0,122.0
2026-07-20 15:22:22.933,0.0,,,,,28.95,927.9,18.2,-40.0,0.0,1.0,0.0,0.0,122.0
2026-07-20 15:22:23.132,0.0,,,,,28.95,927.9,18.2,-40.0,0.0,1.0,0.0,0.0,122.0
2026-07-20 15:22:23.333,0.0,,,,,28.96,927.9,18.7,-40.0,0.0,1.0,0.0,0.0,122.0
2026-07-20 15:22:23.532,0.0,,,,,28.96,927.9,18.7,-40.0,0.0,1.0,0.0,0.0,122.0
2026-07-20 15:22:23.776,0.0,,,,,28.95,927.9,19.2,-40.0,0.0,1.0,0.0,0.0,123.0
2026-07-20 15:22:23.932,0.0,,,,,28.95,927.9,19.2,-40.0,0.0,1.0,0.0,0.0,123.0
2026-07-20 15:22:24.133,0.0,,,,,28.95,927.9,19.2,-40.0,0.0,1.0,0.0,0.0,123.0
2026-07-20 15:22:24.333,0.0,,,,,28.96,927.9,18.5,-40.0,0.0,1.0,0.0,0.0,123.0
2026-07-20 15:22:24.533,0.0,,,,,28.96,927.9,18.5,-40.0,0.0,1.0,0.0,0.0,123.0
2026-07-20 15:22:24.776,0.0,,,,,28.95,927.9,19.0,-40.0,0.0,1.0,0.0,0.0,124.0
2026-07-20 15:22:24.933,0.0,,,,,28.95,927.9,19.0,-40.0,0.0,1.0,0.0,0.0,124.0
2026-07-20 15:22:25.152,0.0,,,,,28.95,927.9,19.0,-40.0,0.0,1.0,0.0,0.0,124.0
2026-07-20 15:22:25.333,0.0,,,,,28.95,927.9,18.2,-40.0,0.0,1.0,0.0,0.0,124.0
2026-07-20 15:22:25.533,0.0,,,,,28.95,927.9,18.2,-40.0,0.0,1.0,0.0,0.0,124.0
2026-07-20 15:22:25.776,0.0,,,,,28.96,927.8,19.1,-40.0,0.0,1.0,0.0,0.0,125.0
2026-07-20 15:22:25.932,0.0,,,,,28.96,927.8,19.1,-40.0,0.0,1.0,0.0,0.0,125.0
2026-07-20 15:22:26.132,0.0,,,,,28.96,927.8,19.1,-40.0,0.0,1.0,0.0,0.0,125.0
2026-07-20 15:22:26.333,0.0,,,,,28.96,927.9,18.5,-40.0,0.0,1.0,0.0,0.0,125.0
2026-07-20 15:22:26.533,0.0,,,,,28.96,927.9,18.5,-40.0,0.0,1.0,0.0,0.0,125.0
2026-07-20 15:22:26.776,0.0,,,,,28.95,927.8,19.1,-40.0,0.0,1.0,0.0,0.0,126.0
2026-07-20 15:22:26.933,0.0,,,,,28.95,927.8,19.1,-40.0,0.0,1.0,0.0,0.0,126.0
2026-07-20 15:22:27.132,0.0,,,,,28.95,927.8,19.1,-40.0,0.0,1.0,0.0,0.0,126.0
2026-07-20 15:22:27.332,0.0,,,,,28.95,927.8,19.2,-40.0,0.0,1.0,0.0,0.0,126.0
2026-07-20 15:22:27.534,0.0,,,,,28.95,927.8,19.2,-40.0,0.0,1.0,0.0,0.0,126.0
2026-07-20 15:22:27.776,0.0,,,,,28.96,927.9,18.8,-40.0,0.0,1.0,0.0,0.0,127.0
2026-07-20 15:22:27.932,0.0,,,,,28.96,927.9,18.8,-40.0,0.0,1.0,0.0,0.0,127.0
2026-07-20 15:22:28.133,0.0,,,,,28.96,927.9,18.8,-40.0,0.0,1.0,0.0,0.0,127.0
2026-07-20 15:22:28.333,0.0,,,,,28.96,927.9,18.4,-40.0,0.0,1.0,0.0,0.0,127.0
2026-07-20 15:22:28.534,0.0,,,,,28.96,927.9,18.4,-40.0,0.0,1.0,0.0,0.0,127.0
2026-07-20 15:22:28.776,0.0,,,,,28.96,927.9,19.2,-40.0,0.0,1.0,0.0,0.0,128.0
2026-07-20 15:22:28.932,0.0,,,,,28.96,927.9,19.2,-40.0,0.0,1.0,0.0,0.0,128.0
2026-07-20 15:22:29.132,0.0,,,,,28.96,927.9,19.2,-40.0,0.0,1.0,0.0,0.0,128.0
2026-07-20 15:22:29.332,0.0,,,,,28.95,927.8,19.2,-40.0,0.0,1.0,0.0,0.0,128.0
2026-07-20 15:22:29.532,0.0,,,,,28.95,927.8,19.2,-40.0,0.0,1.0,0.0,0.0,128.0
2026-07-20 15:22:29.776,0.0,,,,,28.96,927.9,19.3,-40.0,0.0,1.0,0.0,0.0,129.0
2026-07-20 15:22:29.932,0.0,,,,,28.96,927.9,19.3,-40.0,0.0,1.0,0.0,0.0,129.0
2026-07-20 15:22:30.132,0.0,,,,,28.96,927.9,19.3,-40.0,0.0,1.0,0.0,0.0,129.0
2026-07-20 15:22:30.332,0.0,,,,,28.96,927.9,18.4,-40.0,0.0,1.0,0.0,0.0,129.0
2026-07-20 15:22:30.532,0.0,,,,,28.96,927.9,18.4,-40.0,0.0,1.0,0.0,0.0,129.0
2026-07-20 15:22:30.776,0.0,,,,,28.95,927.8,18.4,-40.0,0.0,1.0,0.0,0.0,130.0
2026-07-20 15:22:30.932,0.0,,,,,28.95,927.8,18.4,-40.0,0.0,1.0,0.0,0.0,130.0
2026-07-20 15:22:31.132,0.0,,,,,28.95,927.8,18.4,-40.0,0.0,1.0,0.0,0.0,130.0
2026-07-20 15:22:31.332,0.0,,,,,28.95,927.9,18.1,-40.0,0.0,1.0,0.0,0.0,130.0
2026-07-20 15:22:31.532,0.0,,,,,28.95,927.9,18.1,-40.0,0.0,1.0,0.0,0.0,130.0
2026-07-20 15:22:31.776,0.0,,,,,28.95,927.8,19.3,-40.0,0.0,1.0,0.0,0.0,131.0
2026-07-20 15:22:31.960,0.0,,,,,28.95,927.8,19.3,-40.0,0.0,1.0,0.0,0.0,131.0
2026-07-20 15:22:32.132,0.0,,,,,28.95,927.8,19.3,-40.0,0.0,1.0,0.0,0.0,131.0
2026-07-20 15:22:32.333,0.0,,,,,28.95,927.8,19.2,-40.0,0.0,1.0,0.0,0.0,131.0
2026-07-20 15:22:32.532,0.0,,,,,28.95,927.8,19.2,-40.0,0.0,1.0,0.0,0.0,131.0
2026-07-20 15:22:32.776,0.0,,,,,28.95,927.9,19.1,-40.0,0.0,1.0,0.0,0.0,132.0
2026-07-20 15:22:32.932,0.0,,,,,28.95,927.9,19.1,-40.0,0.0,1.0,0.0,0.0,132.0
2026-07-20 15:22:33.132,0.0,,,,,28.95,927.9,19.1,-40.0,0.0,1.0,0.0,0.0,132.0
2026-07-20 15:22:33.334,0.0,,,,,28.95,927.8,18.3,-40.0,0.0,1.0,0.0,0.0,132.0
2026-07-20 15:22:33.532,0.0,,,,,28.95,927.8,18.3,-40.0,0.0,1.0,0.0,0.0,132.0
2026-07-20 15:22:33.776,0.0,,,,,28.95,927.9,19.0,-40.0,0.0,1.0,0.0,0.0,133.0
2026-07-20 15:22:33.932,0.0,,,,,28.95,927.9,19.0,-40.0,0.0,1.0,0.0,0.0,133.0
2026-07-20 15:22:34.132,0.0,,,,,28.95,927.9,19.0,-40.0,0.0,1.0,0.0,0.0,133.0
2026-07-20 15:22:34.332,0.0,,,,,28.95,927.8,18.6,-40.0,0.0,1.0,0.0,0.0,133.0
2026-07-20 15:22:34.532,0.0,,,,,28.95,927.8,18.6,-40.0,0.0,1.0,0.0,0.0,133.0
2026-07-20 15:22:34.776,0.0,,,,,28.95,927.9,19.4,-40.0,0.0,1.0,0.0,0.0,134.0
2026-07-20 15:22:34.960,0.0,,,,,28.95,927.9,19.4,-40.0,0.0,1.0,0.0,0.0,134.0
2026-07-20 15:22:35.132,0.0,,,,,28.95,927.9,19.4,-40.0,0.0,1.0,0.0,0.0,134.0
2026-07-20 15:22:35.333,0.0,,,,,28.95,927.8,18.2,-40.0,0.0,1.0,0.0,0.0,134.0
2026-07-20 15:22:35.533,0.0,,,,,28.95,927.8,18.2,-40.0,0.0,1.0,0.0,0.0,134.0
2026-07-20 15:22:35.776,0.0,,,,,28.96,927.9,19.3,-40.0,0.0,1.0,0.0,0.0,135.0
2026-07-20 15:22:35.953,0.0,,,,,28.96,927.9,19.3,-40.0,0.0,1.0,0.0,0.0,135.0
2026-07-20 15:22:36.132,0.0,,,,,28.96,927.9,19.3,-40.0,0.0,1.0,0.0,0.0,135.0
2026-07-20 15:22:36.333,0.0,,,,,28.96,927.9,18.6,-40.0,0.0,1.0,0.0,0.0,135.0
2026-07-20 15:22:36.532,0.0,,,,,28.96,927.9,18.6,-40.0,0.0,1.0,0.0,0.0,135.0
2026-07-20 15:22:36.776,0.0,,,,,28.95,927.8,19.2,-40.0,0.0,1.0,0.0,0.0,136.0
2026-07-20 15:22:36.957,0.0,,,,,28.95,927.8,19.2,-40.0,0.0,1.0,0.0,0.0,136.0
2026-07-20 15:22:37.132,0.0,,,,,28.95,927.8,19.2,-40.0,0.0,1.0,0.0,0.0,136.0
2026-07-20 15:22:37.333,0.0,,,,,28.95,927.8,18.8,-40.0,0.0,1.0,0.0,0.0,136.0
2026-07-20 15:22:37.533,0.0,,,,,28.95,927.8,18.8,-40.0,0.0,1.0,0.0,0.0,136.0
2026-07-20 15:22:37.776,0.0,,,,,28.95,927.9,18.8,-40.0,0.0,1.0,0.0,0.0,137.0
2026-07-20 15:22:37.953,0.0,,,,,28.95,927.9,18.8,-40.0,0.0,1.0,0.0,0.0,137.0
2026-07-20 15:22:38.132,0.0,,,,,28.95,927.9,18.8,-40.0,0.0,1.0,0.0,0.0,137.0
2026-07-20 15:22:38.332,0.0,,,,,28.95,927.9,18.3,-40.0,0.0,1.0,0.0,0.0,137.0
2026-07-20 15:22:38.532,0.0,,,,,28.95,927.9,18.3,-40.0,0.0,1.0,0.0,0.0,137.0
2026-07-20 15:22:38.776,0.0,,,,,28.95,927.9,19.4,-40.0,0.0,1.0,0.0,0.0,138.0
2026-07-20 15:22:38.932,0.0,,,,,28.95,927.9,19.4,-40.0,0.0,1.0,0.0,0.0,138.0
2026-07-20 15:22:39.132,0.0,,,,,28.95,927.9,19.4,-40.0,0.0,1.0,0.0,0.0,138.0
2026-07-20 15:22:39.332,0.0,,,,,28.95,927.9,18.8,-40.0,0.0,1.0,0.0,0.0,138.0
2026-07-20 15:22:39.533,0.0,,,,,28.95,927.9,18.8,-40.0,0.0,1.0,0.0,0.0,138.0
2026-07-20 15:22:39.776,0.0,,,,,28.96,927.9,19.5,-40.0,0.0,1.0,0.0,0.0,139.0
2026-07-20 15:22:39.932,0.0,,,,,28.96,927.9,19.5,-40.0,0.0,1.0,0.0,0.0,139.0
2026-07-20 15:22:40.132,0.0,,,,,28.96,927.9,19.5,-40.0,0.0,1.0,0.0,0.0,139.0
2026-07-20 15:22:40.333,0.0,,,,,28.95,927.9,19.2,-40.0,0.0,1.0,0.0,0.0,139.0
2026-07-20 15:22:40.532,0.0,,,,,28.95,927.9,19.2,-40.0,0.0,1.0,0.0,0.0,139.0
2026-07-20 15:22:40.776,0.0,,,,,28.95,927.8,19.6,-40.0,0.0,1.0,0.0,0.0,140.0
2026-07-20 15:22:40.953,0.0,,,,,28.95,927.8,19.6,-40.0,0.0,1.0,0.0,0.0,140.0
2026-07-20 15:22:41.133,0.0,,,,,28.95,927.8,19.6,-40.0,0.0,1.0,0.0,0.0,140.0
2026-07-20 15:22:41.332,0.0,,,,,28.95,927.9,19.4,-40.0,0.0,1.0,0.0,0.0,140.0
2026-07-20 15:22:41.532,0.0,,,,,28.95,927.9,19.4,-40.0,0.0,1.0,0.0,0.0,140.0
2026-07-20 15:22:41.776,0.0,,,,,28.95,927.9,19.2,-40.0,0.0,1.0,0.0,0.0,141.0
2026-07-20 15:22:41.932,0.0,,,,,28.95,927.9,19.2,-40.0,0.0,1.0,0.0,0.0,141.0
2026-07-20 15:22:42.132,0.0,,,,,28.95,927.9,19.2,-40.0,0.0,1.0,0.0,0.0,141.0
2026-07-20 15:22:42.336,0.0,,,,,28.95,927.9,19.2,-40.0,0.0,1.0,0.0,0.0,141.0
2026-07-20 15:22:42.532,0.0,,,,,28.95,927.9,19.2,-40.0,0.0,1.0,0.0,0.0,141.0
2026-07-20 15:22:42.776,0.0,,,,,28.95,927.9,19.1,-40.0,0.0,1.0,0.0,0.0,142.0
2026-07-20 15:22:42.932,0.0,,,,,28.95,927.9,19.1,-40.0,0.0,1.0,0.0,0.0,142.0
2026-07-20 15:22:43.132,0.0,,,,,28.95,927.9,19.1,-40.0,0.0,1.0,0.0,0.0,142.0
2026-07-20 15:22:43.332,0.0,,,,,28.96,927.9,18.4,-40.0,0.0,1.0,0.0,0.0,142.0
2026-07-20 15:22:43.532,0.0,,,,,28.96,927.9,18.4,-40.0,0.0,1.0,0.0,0.0,142.0
2026-07-20 15:22:43.776,0.0,,,,,28.95,927.9,19.0,-40.0,0.0,1.0,0.0,0.0,143.0
2026-07-20 15:22:43.932,0.0,,,,,28.95,927.9,19.0,-40.0,0.0,1.0,0.0,0.0,143.0
2026-07-20 15:22:44.132,0.0,,,,,28.95,927.9,19.0,-40.0,0.0,1.0,0.0,0.0,143.0
2026-07-20 15:22:44.332,0.0,,,,,28.95,927.9,19.0,-40.0,0.0,1.0,0.0,0.0,143.0
2026-07-20 15:22:44.532,0.0,,,,,28.95,927.9,19.0,-40.0,0.0,1.0,0.0,0.0,143.0
2026-07-20 15:22:44.777,0.0,,,,,28.95,927.8,19.2,-40.0,0.0,1.0,0.0,0.0,144.0
2026-07-20 15:22:44.932,0.0,,,,,28.95,927.8,19.2,-40.0,0.0,1.0,0.0,0.0,144.0
2026-07-20 15:22:45.132,0.0,,,,,28.95,927.8,19.2,-40.0,0.0,1.0,0.0,0.0,144.0
2026-07-20 15:22:45.332,0.0,,,,,28.95,927.9,19.5,-40.0,0.0,1.0,0.0,0.0,144.0
2026-07-20 15:22:45.532,0.0,,,,,28.95,927.9,19.5,-40.0,0.0,1.0,0.0,0.0,144.0
2026-07-20 15:22:45.777,0.0,,,,,28.95,927.8,18.9,-40.0,0.0,1.0,0.0,0.0,145.0
2026-07-20 15:22:45.932,0.0,,,,,28.95,927.8,18.9,-40.0,0.0,1.0,0.0,0.0,145.0
2026-07-20 15:22:46.132,0.0,,,,,28.95,927.8,18.9,-40.0,0.0,1.0,0.0,0.0,145.0
2026-07-20 15:22:46.332,0.0,,,,,28.95,927.8,18.2,-40.0,0.0,1.0,0.0,0.0,145.0
2026-07-20 15:22:46.532,0.0,,,,,28.95,927.8,18.2,-40.0,0.0,1.0,0.0,0.0,145.0
2026-07-20 15:22:46.776,0.0,,,,,28.95,927.9,19.0,-40.0,0.0,1.0,0.0,0.0,146.0
2026-07-20 15:22:46.932,0.0,,,,,28.95,927.9,19.0,-40.0,0.0,1.0,0.0,0.0,146.0
2026-07-20 15:22:47.132,0.0,,,,,28.95,927.9,19.0,-40.0,0.0,1.0,0.0,0.0,146.0
2026-07-20 15:22:47.342,0.0,,,,,28.95,927.9,18.2,-40.0,0.0,1.0,0.0,0.0,146.0
2026-07-20 15:22:47.532,0.0,,,,,28.95,927.9,18.2,-40.0,0.0,1.0,0.0,0.0,146.0
2026-07-20 15:22:47.777,0.0,,,,,28.95,927.8,18.8,-40.0,0.0,1.0,0.0,0.0,147.0
2026-07-20 15:22:47.932,0.0,,,,,28.95,927.8,18.8,-40.0,0.0,1.0,0.0,0.0,147.0
2026-07-20 15:22:48.132,0.0,,,,,28.95,927.8,18.8,-40.0,0.0,1.0,0.0,0.0,147.0
2026-07-20 15:22:48.332,0.0,,,,,28.96,927.9,18.9,-40.0,0.0,1.0,0.0,0.0,147.0
2026-07-20 15:22:48.532,0.0,,,,,28.96,927.9,18.9,-40.0,0.0,1.0,0.0,0.0,147.0
2026-07-20 15:22:48.775,0.0,,,,,28.94,927.8,18.9,-40.0,0.0,1.0,0.0,0.0,148.0
2026-07-20 15:22:48.932,0.0,,,,,28.94,927.8,18.9,-40.0,0.0,1.0,0.0,0.0,148.0
2026-07-20 15:22:49.132,0.0,,,,,28.94,927.8,18.9,-40.0,0.0,1.0,0.0,0.0,148.0
2026-07-20 15:22:49.332,0.0,,,,,28.95,927.9,18.9,-40.0,0.0,1.0,0.0,0.0,148.0
2026-07-20 15:22:49.533,0.0,,,,,28.95,927.9,18.9,-40.0,0.0,1.0,0.0,0.0,148.0
2026-07-20 15:22:49.775,0.0,,,,,28.95,927.8,19.0,-40.0,0.0,1.0,0.0,0.0,149.0
2026-07-20 15:22:49.932,0.0,,,,,28.95,927.8,19.0,-40.0,0.0,1.0,0.0,0.0,149.0
2026-07-20 15:22:50.132,0.0,,,,,28.95,927.8,19.0,-40.0,0.0,1.0,0.0,0.0,149.0
2026-07-20 15:22:50.332,0.0,,,,,28.95,927.9,19.0,-40.0,0.0,1.0,0.0,0.0,149.0
2026-07-20 15:22:50.532,0.0,,,,,28.95,927.9,19.0,-40.0,0.0,1.0,0.0,0.0,149.0
2026-07-20 15:22:50.776,0.0,,,,,28.95,927.9,18.5,-40.0,0.0,1.0,0.0,0.0,150.0
2026-07-20 15:22:50.956,0.0,,,,,28.95,927.9,18.5,-40.0,0.0,1.0,0.0,0.0,150.0
2026-07-20 15:22:51.132,0.0,,,,,28.95,927.9,18.5,-40.0,0.0,1.0,0.0,0.0,150.0
2026-07-20 15:22:51.332,0.0,,,,,28.95,927.8,17.9,-40.0,0.0,1.0,0.0,0.0,150.0
2026-07-20 15:22:51.532,0.0,,,,,28.95,927.8,17.9,-40.0,0.0,1.0,0.0,0.0,150.0
2026-07-20 15:22:51.776,0.0,,,,,28.96,927.8,19.0,-40.0,0.0,1.0,0.0,0.0,151.0
2026-07-20 15:22:51.963,0.0,,,,,28.96,927.8,19.0,-40.0,0.0,1.0,0.0,0.0,151.0
2026-07-20 15:22:52.132,0.0,,,,,28.96,927.8,19.0,-40.0,0.0,1.0,0.0,0.0,151.0
2026-07-20 15:22:52.332,0.0,,,,,28.95,927.9,18.3,-40.0,0.0,1.0,0.0,0.0,151.0
2026-07-20 15:22:52.532,0.0,,,,,28.95,927.9,18.3,-40.0,0.0,1.0,0.0,0.0,151.0
2026-07-20 15:22:52.776,0.0,,,,,28.95,927.8,18.9,-40.0,0.0,1.0,0.0,0.0,152.0
2026-07-20 15:22:52.959,0.0,,,,,28.95,927.8,18.9,-40.0,0.0,1.0,0.0,0.0,152.0
2026-07-20 15:22:53.132,0.0,,,,,28.95,927.8,18.9,-40.0,0.0,1.0,0.0,0.0,152.0
2026-07-20 15:22:53.332,0.0,,,,,28.95,927.8,18.7,-40.0,0.0,1.0,0.0,0.0,152.0
2026-07-20 15:22:53.558,0.0,,,,,28.95,927.8,18.7,-40.0,0.0,1.0,0.0,0.0,152.0
2026-07-20 15:22:53.776,0.0,,,,,28.95,927.9,19.3,-40.0,0.0,1.0,0.0,0.0,153.0
2026-07-20 15:22:53.931,0.0,,,,,28.95,927.9,19.3,-40.0,0.0,1.0,0.0,0.0,153.0
2026-07-20 15:22:54.132,0.0,,,,,28.95,927.9,19.3,-40.0,0.0,1.0,0.0,0.0,153.0
2026-07-20 15:22:54.332,0.0,,,,,28.95,927.9,19.0,-40.0,0.0,1.0,0.0,0.0,153.0
2026-07-20 15:22:54.531,0.0,,,,,28.95,927.9,19.0,-40.0,0.0,1.0,0.0,0.0,153.0
2026-07-20 15:22:54.776,0.0,,,,,28.95,927.9,18.9,-40.0,0.0,1.0,0.0,0.0,154.0
2026-07-20 15:22:54.932,0.0,,,,,28.95,927.9,18.9,-40.0,0.0,1.0,0.0,0.0,154.0
2026-07-20 15:22:55.134,0.0,,,,,28.95,927.9,18.9,-40.0,0.0,1.0,0.0,0.0,154.0
2026-07-20 15:22:55.331,0.0,,,,,28.95,927.9,18.6,-40.0,0.0,1.0,0.0,0.0,154.0
2026-07-20 15:22:55.531,0.0,,,,,28.95,927.9,18.6,-40.0,0.0,1.0,0.0,0.0,154.0
2026-07-20 15:22:55.775,0.0,,,,,28.95,927.9,19.0,-40.0,0.0,1.0,0.0,0.0,155.0
2026-07-20 15:22:55.932,0.0,,,,,28.95,927.9,19.0,-40.0,0.0,1.0,0.0,0.0,155.0
2026-07-20 15:22:56.131,0.0,,,,,28.95,927.9,19.0,-40.0,0.0,1.0,0.0,0.0,155.0
2026-07-20 15:22:56.332,0.0,,,,,28.95,927.9,19.1,-40.0,0.0,1.0,0.0,0.0,155.0
2026-07-20 15:22:56.531,0.0,,,,,28.95,927.9,19.1,-40.0,0.0,1.0,0.0,0.0,155.0
2026-07-20 15:22:56.776,0.0,,,,,28.95,927.9,19.1,-40.0,0.0,1.0,0.0,0.0,156.0
2026-07-20 15:22:56.932,0.0,,,,,28.95,927.9,19.1,-40.0,0.0,1.0,0.0,0.0,156.0
2026-07-20 15:22:57.132,0.0,,,,,28.95,927.9,19.1,-40.0,0.0,1.0,0.0,0.0,156.0
2026-07-20 15:22:57.350,0.0,,,,,28.95,927.9,19.2,-40.0,0.0,1.0,0.0,0.0,156.0
2026-07-20 15:22:57.532,0.0,,,,,28.95,927.9,19.2,-40.0,0.0,1.0,0.0,0.0,156.0
2026-07-20 15:22:57.776,0.0,,,,,28.95,927.9,19.3,-40.0,0.0,1.0,0.0,0.0,157.0
2026-07-20 15:22:57.932,0.0,,,,,28.95,927.9,19.3,-40.0,0.0,1.0,0.0,0.0,157.0
2026-07-20 15:22:58.131,0.0,,,,,28.95,927.9,19.3,-40.0,0.0,1.0,0.0,0.0,157.0
2026-07-20 15:22:58.331,0.0,,,,,28.95,927.9,18.3,-40.0,0.0,1.0,0.0,0.0,157.0
2026-07-20 15:22:58.532,0.0,,,,,28.95,927.9,18.3,-40.0,0.0,1.0,0.0,0.0,157.0
2026-07-20 15:22:58.776,0.0,,,,,28.95,927.9,19.1,-40.0,0.0,1.0,0.0,0.0,158.0
2026-07-20 15:22:58.931,0.0,,,,,28.95,927.9,19.1,-40.0,0.0,1.0,0.0,0.0,158.0
2026-07-20 15:22:59.131,0.0,,,,,28.95,927.9,19.1,-40.0,0.0,1.0,0.0,0.0,158.0
2026-07-20 15:22:59.360,0.0,,,,,28.95,927.8,18.6,-40.0,0.0,1.0,0.0,0.0,158.0
2026-07-20 15:22:59.531,0.0,,,,,28.95,927.8,18.6,-40.0,0.0,1.0,0.0,0.0,158.0
2026-07-20 15:22:59.775,0.0,,,,,28.95,927.8,18.8,-40.0,0.0,1.0,0.0,0.0,159.0
2026-07-20 15:22:59.964,0.0,,,,,28.95,927.8,18.8,-40.0,0.0,1.0,0.0,0.0,159.0
2026-07-20 15:23:00.131,0.0,,,,,28.95,927.8,18.8,-40.0,0.0,1.0,0.0,0.0,159.0
2026-07-20 15:23:00.332,0.0,,,,,28.95,927.9,19.0,-40.0,0.0,1.0,0.0,0.0,159.0
2026-07-20 15:23:00.531,0.0,,,,,28.95,927.9,19.0,-40.0,0.0,1.0,0.0,0.0,159.0
2026-07-20 15:23:00.776,0.0,,,,,28.94,927.8,19.1,-40.0,0.0,1.0,0.0,0.0,160.0
2026-07-20 15:23:00.961,0.0,,,,,28.94,927.8,19.1,-40.0,0.0,1.0,0.0,0.0,160.0
2026-07-20 15:23:01.131,0.0,,,,,28.94,927.8,19.1,-40.0,0.0,1.0,0.0,0.0,160.0
2026-07-20 15:23:01.332,0.0,,,,,28.95,927.8,18.7,-40.0,0.0,1.0,0.0,0.0,160.0
2026-07-20 15:23:01.532,0.0,,,,,28.95,927.8,18.7,-40.0,0.0,1.0,0.0,0.0,160.0
2026-07-20 15:23:01.776,0.0,,,,,28.95,927.9,19.3,-40.0,0.0,1.0,0.0,0.0,161.0
2026-07-20 15:23:01.931,0.0,,,,,28.95,927.9,19.3,-40.0,0.0,1.0,0.0,0.0,161.0
2026-07-20 15:23:02.131,0.0,,,,,28.95,927.9,19.3,-40.0,0.0,1.0,0.0,0.0,161.0
2026-07-20 15:23:02.332,0.0,,,,,28.95,927.9,19.2,-40.0,0.0,1.0,0.0,0.0,161.0
2026-07-20 15:23:02.532,0.0,,,,,28.95,927.9,19.2,-40.0,0.0,1.0,0.0,0.0,161.0
2026-07-20 15:23:02.776,0.0,,,,,28.95,927.9,19.2,-40.0,0.0,1.0,0.0,0.0,162.0
2026-07-20 15:23:02.931,0.0,,,,,28.95,927.9,19.2,-40.0,0.0,1.0,0.0,0.0,162.0
2026-07-20 15:23:03.131,0.0,,,,,28.95,927.9,19.2,-40.0,0.0,1.0,0.0,0.0,162.0
2026-07-20 15:23:03.332,0.0,,,,,28.94,927.9,18.1,-40.0,0.0,1.0,0.0,0.0,162.0
2026-07-20 15:23:03.531,0.0,,,,,28.94,927.9,18.1,-40.0,0.0,1.0,0.0,0.0,162.0
2026-07-20 15:23:03.775,0.0,,,,,28.95,927.8,18.2,-40.0,0.0,1.0,0.0,0.0,163.0
2026-07-20 15:23:03.963,0.0,,,,,28.95,927.8,18.2,-40.0,0.0,1.0,0.0,0.0,163.0
2026-07-20 15:23:04.132,0.0,,,,,28.95,927.8,18.2,-40.0,0.0,1.0,0.0,0.0,163.0
2026-07-20 15:23:04.332,0.0,,,,,28.95,927.8,19.1,-40.0,0.0,1.0,0.0,0.0,163.0
2026-07-20 15:23:04.553,0.0,,,,,28.95,927.8,19.1,-40.0,0.0,1.0,0.0,0.0,163.0
2026-07-20 15:23:04.776,0.0,,,,,28.95,927.9,19.2,-40.0,0.0,1.0,0.0,0.0,164.0
2026-07-20 15:23:04.931,0.0,,,,,28.95,927.9,19.2,-40.0,0.0,1.0,0.0,0.0,164.0
2026-07-20 15:23:05.136,0.0,,,,,28.95,927.9,19.2,-40.0,0.0,1.0,0.0,0.0,164.0
2026-07-20 15:23:05.332,0.0,,,,,28.95,927.8,19.3,-40.0,0.0,1.0,0.0,0.0,164.0
2026-07-20 15:23:05.532,0.0,,,,,28.95,927.8,19.3,-40.0,0.0,1.0,0.0,0.0,164.0
2026-07-20 15:23:05.775,0.0,,,,,28.95,927.9,18.7,-40.0,0.0,1.0,0.0,0.0,165.0
2026-07-20 15:23:05.932,0.0,,,,,28.95,927.9,18.7,-40.0,0.0,1.0,0.0,0.0,165.0
2026-07-20 15:23:06.155,0.0,,,,,28.95,927.9,18.7,-40.0,0.0,1.0,0.0,0.0,165.0
2026-07-20 15:23:06.332,0.0,,,,,28.95,927.9,19.3,-40.0,0.0,1.0,0.0,0.0,165.0
2026-07-20 15:23:06.531,0.0,,,,,28.95,927.9,19.3,-40.0,0.0,1.0,0.0,0.0,165.0
2026-07-20 15:23:06.776,0.0,,,,,28.95,927.9,18.7,-40.0,0.0,1.0,0.0,0.0,166.0
2026-07-20 15:23:06.932,0.0,,,,,28.95,927.9,18.7,-40.0,0.0,1.0,0.0,0.0,166.0
2026-07-20 15:23:07.132,0.0,,,,,28.95,927.9,18.7,-40.0,0.0,1.0,0.0,0.0,166.0
2026-07-20 15:23:07.332,0.0,,,,,28.95,927.8,18.3,-40.0,0.0,1.0,0.0,0.0,166.0
2026-07-20 15:23:07.532,0.0,,,,,28.95,927.8,18.3,-40.0,0.0,1.0,0.0,0.0,166.0
2026-07-20 15:23:07.775,0.0,,,,,28.94,927.8,19.2,-40.0,0.0,1.0,0.0,0.0,167.0
2026-07-20 15:23:07.961,0.0,,,,,28.94,927.8,19.2,-40.0,0.0,1.0,0.0,0.0,167.0
2026-07-20 15:23:08.131,0.0,,,,,28.94,927.8,19.2,-40.0,0.0,1.0,0.0,0.0,167.0
2026-07-20 15:23:08.332,0.0,,,,,28.95,927.8,19.2,-40.0,0.0,1.0,0.0,0.0,167.0
2026-07-20 15:23:08.557,0.0,,,,,28.95,927.8,19.2,-40.0,0.0,1.0,0.0,0.0,167.0
2026-07-20 15:23:08.775,0.0,,,,,28.94,927.9,18.1,-40.0,0.0,1.0,0.0,0.0,168.0
2026-07-20 15:23:08.931,0.0,,,,,28.94,927.9,18.1,-40.0,0.0,1.0,0.0,0.0,168.0
2026-07-20 15:23:09.132,0.0,,,,,28.94,927.9,18.1,-40.0,0.0,1.0,0.0,0.0,168.0
2026-07-20 15:23:09.331,0.0,,,,,28.94,927.8,19.2,-40.0,0.0,1.0,0.0,0.0,168.0
2026-07-20 15:23:09.531,0.0,,,,,28.94,927.8,19.2,-40.0,0.0,1.0,0.0,0.0,168.0
2026-07-20 15:23:09.776,0.0,,,,,28.94,927.8,18.1,-40.0,0.0,1.0,0.0,0.0,169.0
2026-07-20 15:23:09.932,0.0,,,,,28.94,927.8,18.1,-40.0,0.0,1.0,0.0,0.0,169.0
2026-07-20 15:23:10.131,0.0,,,,,28.94,927.8,18.1,-40.0,0.0,1.0,0.0,0.0,169.0
2026-07-20 15:23:10.332,0.0,,,,,28.94,927.8,18.7,-40.0,0.0,1.0,0.0,0.0,169.0
2026-07-20 15:23:10.532,0.0,,,,,28.94,927.8,18.7,-40.0,0.0,1.0,0.0,0.0,169.0
2026-07-20 15:23:10.775,0.0,,,,,28.94,927.9,19.3,-40.0,0.0,1.0,0.0,0.0,170.0
2026-07-20 15:23:10.932,0.0,,,,,28.94,927.9,19.3,-40.0,0.0,1.0,0.0,0.0,170.0
2026-07-20 15:23:11.131,0.0,,,,,28.94,927.9,19.3,-40.0,0.0,1.0,0.0,0.0,170.0
2026-07-20 15:23:11.331,0.0,,,,,28.95,927.9,18.7,-40.0,0.0,1.0,0.0,0.0,170.0
2026-07-20 15:23:11.531,0.0,,,,,28.95,927.9,18.7,-40.0,0.0,1.0,0.0,0.0,170.0
2026-07-20 15:23:11.775,0.0,,,,,28.94,927.9,18.9,-40.0,0.0,1.0,0.0,0.0,171.0
2026-07-20 15:23:11.958,0.0,,,,,28.94,927.9,18.9,-40.0,0.0,1.0,0.0,0.0,171.0
2026-07-20 15:23:12.132,0.0,,,,,28.94,927.9,18.9,-40.0,0.0,1.0,0.0,0.0,171.0
2026-07-20 15:23:12.331,0.0,,,,,28.94,927.8,19.3,-40.0,0.0,1.0,0.0,0.0,171.0
2026-07-20 15:23:12.532,0.0,,,,,28.94,927.8,19.3,-40.0,0.0,1.0,0.0,0.0,171.0
2026-07-20 15:23:12.776,0.0,,,,,28.94,927.8,18.9,-40.0,0.0,1.0,0.0,0.0,172.0
2026-07-20 15:23:12.942,0.0,,,,,28.94,927.8,18.9,-40.0,0.0,1.0,0.0,0.0,172.0
2026-07-20 15:23:13.132,0.0,,,,,28.94,927.8,18.9,-40.0,0.0,1.0,0.0,0.0,172.0
2026-07-20 15:23:13.331,0.0,,,,,28.95,927.9,18.2,-40.0,0.0,1.0,0.0,0.0,172.0
2026-07-20 15:23:13.558,0.0,,,,,28.95,927.9,18.2,-40.0,0.0,1.0,0.0,0.0,172.0
2026-07-20 15:23:13.775,0.0,,,,,28.94,927.8,19.1,-40.0,0.0,1.0,0.0,0.0,173.0
2026-07-20 15:23:13.962,0.0,,,,,28.94,927.8,19.1,-40.0,0.0,1.0,0.0,0.0,173.0
2026-07-20 15:23:14.131,0.0,,,,,28.94,927.8,19.1,-40.0,0.0,1.0,0.0,0.0,173.0
2026-07-20 15:23:14.332,0.0,,,,,28.94,927.8,18.5,-40.0,0.0,1.0,0.0,0.0,173.0
2026-07-20 15:23:14.558,0.0,,,,,28.94,927.8,18.5,-40.0,0.0,1.0,0.0,0.0,173.0
2026-07-20 15:23:14.775,0.0,,,,,28.94,927.8,19.4,-40.0,0.0,1.0,0.0,0.0,174.0
2026-07-20 15:23:14.931,0.0,,,,,28.94,927.8,19.4,-40.0,0.0,1.0,0.0,0.0,174.0
2026-07-20 15:23:15.131,0.0,,,,,28.94,927.8,19.4,-40.0,0.0,1.0,0.0,0.0,174.0
2026-07-20 15:23:15.331,0.0,,,,,28.94,927.8,19.1,-40.0,0.0,1.0,0.0,0.0,174.0
2026-07-20 15:23:15.532,0.0,,,,,28.94,927.8,19.1,-40.0,0.0,1.0,0.0,0.0,174.0
2026-07-20 15:23:15.775,0.0,,,,,28.94,927.8,19.2,-40.0,0.0,1.0,0.0,0.0,175.0
2026-07-20 15:23:15.951,0.0,,,,,28.94,927.8,19.2,-40.0,0.0,1.0,0.0,0.0,175.0
2026-07-20 15:23:16.131,0.0,,,,,28.94,927.8,19.2,-40.0,0.0,1.0,0.0,0.0,175.0
2026-07-20 15:23:16.331,0.0,,,,,28.94,927.9,18.7,-40.0,0.0,1.0,0.0,0.0,175.0
2026-07-20 15:23:16.531,0.0,,,,,28.94,927.9,18.7,-40.0,0.0,1.0,0.0,0.0,175.0
2026-07-20 15:23:16.775,0.0,,,,,28.94,927.8,19.3,-40.0,0.0,1.0,0.0,0.0,176.0
2026-07-20 15:23:16.931,0.0,,,,,28.94,927.8,19.3,-40.0,0.0,1.0,0.0,0.0,176.0
2026-07-20 15:23:17.131,0.0,,,,,28.94,927.8,19.3,-40.0,0.0,1.0,0.0,0.0,176.0
2026-07-20 15:23:17.331,0.0,,,,,28.94,927.8,18.7,-40.0,0.0,1.0,0.0,0.0,176.0
2026-07-20 15:23:17.533,0.0,,,,,28.94,927.8,18.7,-40.0,0.0,1.0,0.0,0.0,176.0
2026-07-20 15:23:17.775,0.0,,,,,28.94,927.8,18.4,-40.0,0.0,1.0,0.0,0.0,177.0
2026-07-20 15:23:17.955,0.0,,,,,28.94,927.8,18.4,-40.0,0.0,1.0,0.0,0.0,177.0
2026-07-20 15:23:18.131,0.0,,,,,28.94,927.8,18.4,-40.0,0.0,1.0,0.0,0.0,177.0
2026-07-20 15:23:18.331,0.0,,,,,28.94,927.9,18.2,-40.0,0.0,1.0,0.0,0.0,177.0
2026-07-20 15:23:18.531,0.0,,,,,28.94,927.9,18.2,-40.0,0.0,1.0,0.0,0.0,177.0
2026-07-20 15:23:18.775,0.0,,,,,28.94,927.9,18.7,-40.0,0.0,1.0,0.0,0.0,178.0
2026-07-20 15:23:18.941,0.0,,,,,28.94,927.9,18.7,-40.0,0.0,1.0,0.0,0.0,178.0
2026-07-20 15:23:19.131,0.0,,,,,28.94,927.9,18.7,-40.0,0.0,1.0,0.0,0.0,178.0
2026-07-20 15:23:19.331,0.0,,,,,28.94,927.8,18.6,-40.0,0.0,1.0,0.0,0.0,178.0
2026-07-20 15:23:19.531,0.0,,,,,28.94,927.8,18.6,-40.0,0.0,1.0,0.0,0.0,178.0
2026-07-20 15:23:19.775,0.0,,,,,28.94,927.8,19.1,-40.0,0.0,1.0,0.0,0.0,179.0
2026-07-20 15:23:19.931,0.0,,,,,28.94,927.8,19.1,-40.0,0.0,1.0,0.0,0.0,179.0
2026-07-20 15:23:20.131,0.0,,,,,28.94,927.8,19.1,-40.0,0.0,1.0,0.0,0.0,179.0
2026-07-20 15:23:20.331,0.0,,,,,28.94,927.9,19.0,-40.0,0.0,1.0,0.0,0.0,179.0
2026-07-20 15:23:20.532,0.0,,,,,28.94,927.9,19.0,-40.0,0.0,1.0,0.0,0.0,179.0
2026-07-20 15:23:20.775,0.0,,,,,28.94,927.9,18.9,-40.0,0.0,1.0,0.0,0.0,180.0
2026-07-20 15:23:20.952,0.0,,,,,28.94,927.9,18.9,-40.0,0.0,1.0,0.0,0.0,180.0
2026-07-20 15:23:21.131,0.0,,,,,28.94,927.9,18.9,-40.0,0.0,1.0,0.0,0.0,180.0
2026-07-20 15:23:21.331,0.0,,,,,28.94,927.9,18.6,-40.0,0.0,1.0,0.0,0.0,180.0
2026-07-20 15:23:21.531,0.0,,,,,28.94,927.9,18.6,-40.0,0.0,1.0,0.0,0.0,180.0
2026-07-20 15:23:21.775,0.0,,,,,28.93,927.9,18.8,-40.0,0.0,1.0,0.0,0.0,181.0
2026-07-20 15:23:21.949,0.0,,,,,28.93,927.9,18.8,-40.0,0.0,1.0,0.0,0.0,181.0
2026-07-20 15:23:22.132,0.0,,,,,28.93,927.9,18.8,-40.0,0.0,1.0,0.0,0.0,181.0
2026-07-20 15:23:22.331,0.0,,,,,28.93,927.9,19.1,-40.0,0.0,1.0,0.0,0.0,181.0
2026-07-20 15:23:22.531,0.0,,,,,28.93,927.9,19.1,-40.0,0.0,1.0,0.0,0.0,181.0
2026-07-20 15:23:22.775,0.0,,,,,28.93,927.9,18.6,-40.0,0.0,1.0,0.0,0.0,182.0
2026-07-20 15:23:22.957,0.0,,,,,28.93,927.9,18.6,-40.0,0.0,1.0,0.0,0.0,182.0
2026-07-20 15:23:23.131,0.0,,,,,28.93,927.9,18.6,-40.0,0.0,1.0,0.0,0.0,182.0
2026-07-20 15:23:23.331,0.0,,,,,28.93,927.9,19.2,-40.0,0.0,1.0,0.0,0.0,182.0
2026-07-20 15:23:23.531,0.0,,,,,28.93,927.9,19.2,-40.0,0.0,1.0,0.0,0.0,182.0
2026-07-20 15:23:23.775,0.0,,,,,28.94,927.9,18.4,-40.0,0.0,1.0,0.0,0.0,183.0
2026-07-20 15:23:23.932,0.0,,,,,28.94,927.9,18.4,-40.0,0.0,1.0,0.0,0.0,183.0
2026-07-20 15:23:24.131,0.0,,,,,28.94,927.9,18.4,-40.0,0.0,1.0,0.0,0.0,183.0
2026-07-20 15:23:24.332,0.0,,,,,28.94,927.9,18.4,-40.0,0.0,1.0,0.0,0.0,183.0
2026-07-20 15:23:24.531,0.0,,,,,28.94,927.9,18.4,-40.0,0.0,1.0,0.0,0.0,183.0
2026-07-20 15:23:24.775,0.0,,,,,28.93,927.8,18.4,-40.0,0.0,1.0,0.0,0.0,184.0
2026-07-20 15:23:24.931,0.0,,,,,28.93,927.8,18.4,-40.0,0.0,1.0,0.0,0.0,184.0
2026-07-20 15:23:25.132,0.0,,,,,28.93,927.8,18.4,-40.0,0.0,1.0,0.0,0.0,184.0
2026-07-20 15:23:25.331,0.0,,,,,28.94,927.9,18.3,-40.0,0.0,1.0,0.0,0.0,184.0
2026-07-20 15:23:25.531,0.0,,,,,28.94,927.9,18.3,-40.0,0.0,1.0,0.0,0.0,184.0
2026-07-20 15:23:25.775,0.0,,,,,28.93,927.8,19.1,-40.0,0.0,1.0,0.0,0.0,185.0
2026-07-20 15:23:25.931,0.0,,,,,28.93,927.8,19.1,-40.0,0.0,1.0,0.0,0.0,185.0
2026-07-20 15:23:26.131,0.0,,,,,28.93,927.8,19.1,-40.0,0.0,1.0,0.0,0.0,185.0
2026-07-20 15:23:26.331,0.0,,,,,28.93,927.9,18.6,-40.0,0.0,1.0,0.0,0.0,185.0
2026-07-20 15:23:26.531,0.0,,,,,28.93,927.9,18.6,-40.0,0.0,1.0,0.0,0.0,185.0
2026-07-20 15:23:26.775,0.0,,,,,28.93,927.8,19.0,-40.0,0.0,1.0,0.0,0.0,186.0
2026-07-20 15:23:26.948,0.0,,,,,28.93,927.8,19.0,-40.0,0.0,1.0,0.0,0.0,186.0
2026-07-20 15:23:27.131,0.0,,,,,28.93,927.8,19.0,-40.0,0.0,1.0,0.0,0.0,186.0
2026-07-20 15:23:27.331,0.0,,,,,28.93,927.8,18.9,-40.0,0.0,1.0,0.0,0.0,186.0
2026-07-20 15:23:27.531,0.0,,,,,28.93,927.8,18.9,-40.0,0.0,1.0,0.0,0.0,186.0
2026-07-20 15:23:27.775,0.0,,,,,28.93,927.9,18.8,-40.0,0.0,1.0,0.0,0.0,187.0
2026-07-20 15:23:27.957,0.0,,,,,28.93,927.9,18.8,-40.0,0.0,1.0,0.0,0.0,187.0
2026-07-20 15:23:28.130,0.0,,,,,28.93,927.9,18.8,-40.0,0.0,1.0,0.0,0.0,187.0
2026-07-20 15:23:28.370,0.0,,,,,28.93,927.9,19.1,-40.0,0.0,1.0,0.0,0.0,187.0
2026-07-20 15:23:28.531,0.0,,,,,28.93,927.9,19.1,-40.0,0.0,1.0,0.0,0.0,187.0
2026-07-20 15:23:28.800,0.0,,,,,28.94,927.8,19.1,-40.0,0.0,1.0,0.0,0.0,188.0
2026-07-20 15:23:28.932,0.0,,,,,28.94,927.8,19.1,-40.0,0.0,1.0,0.0,0.0,188.0
2026-07-20 15:23:29.130,0.0,,,,,28.94,927.8,19.1,-40.0,0.0,1.0,0.0,0.0,188.0
2026-07-20 15:23:29.331,0.0,,,,,28.93,927.9,19.3,-40.0,0.0,1.0,0.0,0.0,188.0
2026-07-20 15:23:29.531,0.0,,,,,28.93,927.9,19.3,-40.0,0.0,1.0,0.0,0.0,188.0
2026-07-20 15:23:29.775,0.0,,,,,28.93,927.9,18.6,-40.0,0.0,1.0,0.0,0.0,189.0
2026-07-20 15:23:29.952,0.0,,,,,28.93,927.9,18.6,-40.0,0.0,1.0,0.0,0.0,189.0
2026-07-20 15:23:30.131,0.0,,,,,28.93,927.9,18.6,-40.0,0.0,1.0,0.0,0.0,189.0
2026-07-20 15:23:30.331,0.0,,,,,28.93,927.8,19.3,-40.0,0.0,1.0,0.0,0.0,189.0
2026-07-20 15:23:30.531,0.0,,,,,28.93,927.8,19.3,-40.0,0.0,1.0,0.0,0.0,189.0
2026-07-20 15:23:30.775,0.0,,,,,28.93,927.9,19.0,-40.0,0.0,1.0,0.0,0.0,190.0
2026-07-20 15:23:30.958,0.0,,,,,28.93,927.9,19.0,-40.0,0.0,1.0,0.0,0.0,190.0
2026-07-20 15:23:31.130,0.0,,,,,28.93,927.9,19.0,-40.0,0.0,1.0,0.0,0.0,190.0
2026-07-20 15:23:31.331,0.0,,,,,28.93,927.9,18.7,-40.0,0.0,1.0,0.0,0.0,190.0
2026-07-20 15:23:31.531,0.0,,,,,28.93,927.9,18.7,-40.0,0.0,1.0,0.0,0.0,190.0
2026-07-20 15:23:31.775,0.0,,,,,28.93,927.8,18.7,-40.0,0.0,1.0,0.0,0.0,191.0
2026-07-20 15:23:31.961,0.0,,,,,28.93,927.8,18.7,-40.0,0.0,1.0,0.0,0.0,191.0
2026-07-20 15:23:32.131,0.0,,,,,28.93,927.8,18.7,-40.0,0.0,1.0,0.0,0.0,191.0
2026-07-20 15:23:32.331,0.0,,,,,28.93,927.9,18.4,-40.0,0.0,1.0,0.0,0.0,191.0
2026-07-20 15:23:32.531,0.0,,,,,28.93,927.9,18.4,-40.0,0.0,1.0,0.0,0.0,191.0
2026-07-20 15:23:32.775,0.0,,,,,28.92,927.9,18.3,-40.0,0.0,1.0,0.0,0.0,192.0
2026-07-20 15:23:32.956,0.0,,,,,28.92,927.9,18.3,-40.0,0.0,1.0,0.0,0.0,192.0
2026-07-20 15:23:33.130,0.0,,,,,28.92,927.9,18.3,-40.0,0.0,1.0,0.0,0.0,192.0
2026-07-20 15:23:33.331,0.0,,,,,28.92,927.8,19.3,-40.0,0.0,1.0,0.0,0.0,192.0
2026-07-20 15:23:33.531,0.0,,,,,28.92,927.8,19.3,-40.0,0.0,1.0,0.0,0.0,192.0
2026-07-20 15:23:33.775,0.0,,,,,28.92,927.8,19.2,-40.0,0.0,1.0,0.0,0.0,193.0
2026-07-20 15:23:33.931,0.0,,,,,28.92,927.8,19.2,-40.0,0.0,1.0,0.0,0.0,193.0
2026-07-20 15:23:34.131,0.0,,,,,28.92,927.8,19.2,-40.0,0.0,1.0,0.0,0.0,193.0
2026-07-20 15:23:34.331,0.0,,,,,28.92,927.8,18.9,-40.0,0.0,1.0,0.0,0.0,193.0
2026-07-20 15:23:34.531,0.0,,,,,28.92,927.8,18.9,-40.0,0.0,1.0,0.0,0.0,193.0
2026-07-20 15:23:34.776,0.0,,,,,28.92,927.9,19.1,-40.0,0.0,1.0,0.0,0.0,194.0
2026-07-20 15:23:34.953,0.0,,,,,28.92,927.9,19.1,-40.0,0.0,1.0,0.0,0.0,194.0
2026-07-20 15:23:35.130,0.0,,,,,28.92,927.9,19.1,-40.0,0.0,1.0,0.0,0.0,194.0
2026-07-20 15:23:35.332,0.0,,,,,28.92,927.8,19.3,-40.0,0.0,1.0,0.0,0.0,194.0
2026-07-20 15:23:35.531,0.0,,,,,28.92,927.8,19.3,-40.0,0.0,1.0,0.0,0.0,194.0
2026-07-20 15:23:35.774,0.0,,,,,28.93,927.9,18.9,-40.0,0.0,1.0,0.0,0.0,195.0
2026-07-20 15:23:35.949,0.0,,,,,28.93,927.9,18.9,-40.0,0.0,1.0,0.0,0.0,195.0
2026-07-20 15:23:36.131,0.0,,,,,28.93,927.9,18.9,-40.0,0.0,1.0,0.0,0.0,195.0
2026-07-20 15:23:36.332,0.0,,,,,28.9,927.8,18.9,-40.0,0.0,1.0,0.0,0.0,195.0
2026-07-20 15:23:36.531,0.0,,,,,28.9,927.8,18.9,-40.0,0.0,1.0,0.0,0.0,195.0
2026-07-20 15:23:36.774,0.0,,,,,28.9,927.8,19.0,-40.0,0.0,1.0,0.0,0.0,196.0
2026-07-20 15:23:36.953,0.0,,,,,28.9,927.8,19.0,-40.0,0.0,1.0,0.0,0.0,196.0
2026-07-20 15:23:37.130,0.0,,,,,28.9,927.8,19.0,-40.0,0.0,1.0,0.0,0.0,196.0
2026-07-20 15:23:37.331,0.0,,,,,28.9,927.9,18.5,-40.0,0.0,1.0,0.0,0.0,196.0
2026-07-20 15:23:37.531,0.0,,,,,28.9,927.9,18.5,-40.0,0.0,1.0,0.0,0.0,196.0
2026-07-20 15:23:37.775,0.0,,,,,28.92,927.9,19.2,-40.0,0.0,1.0,0.0,0.0,197.0
2026-07-20 15:23:37.963,0.0,,,,,28.92,927.9,19.2,-40.0,0.0,1.0,0.0,0.0,197.0
2026-07-20 15:23:38.131,0.0,,,,,28.92,927.9,19.2,-40.0,0.0,1.0,0.0,0.0,197.0
2026-07-20 15:23:38.330,0.0,,,,,28.92,927.9,18.8,-40.0,0.0,1.0,0.0,0.0,197.0
2026-07-20 15:23:38.531,0.0,,,,,28.92,927.9,18.8,-40.0,0.0,1.0,0.0,0.0,197.0
2026-07-20 15:23:38.775,0.0,,,,,28.92,927.9,18.6,-40.0,0.0,1.0,0.0,0.0,198.0
2026-07-20 15:23:38.931,0.0,,,,,28.92,927.9,18.6,-40.0,0.0,1.0,0.0,0.0,198.0
2026-07-20 15:23:39.131,0.0,,,,,28.92,927.9,18.6,-40.0,0.0,1.0,0.0,0.0,198.0
2026-07-20 15:23:39.331,0.0,,,,,28.9,927.9,18.8,-40.0,0.0,1.0,0.0,0.0,198.0
2026-07-20 15:23:39.531,0.0,,,,,28.9,927.9,18.8,-40.0,0.0,1.0,0.0,0.0,198.0
2026-07-20 15:23:39.776,0.0,,,,,28.92,927.9,18.2,-40.0,0.0,1.0,0.0,0.0,199.0
2026-07-20 15:23:39.931,0.0,,,,,28.92,927.9,18.2,-40.0,0.0,1.0,0.0,0.0,199.0
2026-07-20 15:23:40.130,0.0,,,,,28.92,927.9,18.2,-40.0,0.0,1.0,0.0,0.0,199.0
2026-07-20 15:23:40.331,0.0,,,,,28.9,927.9,18.2,-40.0,0.0,1.0,0.0,0.0,199.0
2026-07-20 15:23:40.531,0.0,,,,,28.9,927.9,18.2,-40.0,0.0,1.0,0.0,0.0,199.0
2026-07-20 15:23:40.774,0.0,,,,,28.9,927.9,18.8,-40.0,0.0,1.0,0.0,0.0,200.0
2026-07-20 15:23:40.932,0.0,,,,,28.9,927.9,18.8,-40.0,0.0,1.0,0.0,0.0,200.0
2026-07-20 15:23:41.131,0.0,,,,,28.9,927.9,18.8,-40.0,0.0,1.0,0.0,0.0,200.0
2026-07-20 15:23:41.331,0.0,,,,,28.9,927.9,18.5,-40.0,0.0,1.0,0.0,0.0,200.0
2026-07-20 15:23:41.531,0.0,,,,,28.9,927.9,18.5,-40.0,0.0,1.0,0.0,0.0,200.0
2026-07-20 15:23:41.775,0.0,,,,,28.92,927.8,19.2,-40.0,0.0,1.0,0.0,0.0,201.0
2026-07-20 15:23:41.950,0.0,,,,,28.92,927.8,19.2,-40.0,0.0,1.0,0.0,0.0,201.0
2026-07-20 15:23:42.131,0.0,,,,,28.92,927.8,19.2,-40.0,0.0,1.0,0.0,0.0,201.0
2026-07-20 15:23:42.330,0.0,,,,,28.9,927.9,18.7,-40.0,0.0,1.0,0.0,0.0,201.0
2026-07-20 15:23:42.531,0.0,,,,,28.9,927.9,18.7,-40.0,0.0,1.0,0.0,0.0,201.0
2026-07-20 15:23:42.774,0.0,,,,,28.9,927.9,18.9,-40.0,0.0,1.0,0.0,0.0,202.0
2026-07-20 15:23:42.931,0.0,,,,,28.9,927.9,18.9,-40.0,0.0,1.0,0.0,0.0,202.0
2026-07-20 15:23:43.131,0.0,,,,,28.9,927.9,18.9,-40.0,0.0,1.0,0.0,0.0,202.0
2026-07-20 15:23:43.342,0.0,,,,,28.9,927.9,18.8,-40.0,0.0,1.0,0.0,0.0,202.0
2026-07-20 15:23:43.531,0.0,,,,,28.9,927.9,18.8,-40.0,0.0,1.0,0.0,0.0,202.0
2026-07-20 15:23:43.774,0.0,,,,,28.92,927.8,18.9,-40.0,0.0,1.0,0.0,0.0,203.0
2026-07-20 15:23:43.954,0.0,,,,,28.92,927.8,18.9,-40.0,0.0,1.0,0.0,0.0,203.0
2026-07-20 15:23:44.131,0.0,,,,,28.92,927.8,18.9,-40.0,0.0,1.0,0.0,0.0,203.0
2026-07-20 15:23:44.331,0.0,,,,,28.9,927.9,18.8,-40.0,0.0,1.0,0.0,0.0,203.0
2026-07-20 15:23:44.547,0.0,,,,,28.9,927.9,18.8,-40.0,0.0,1.0,0.0,0.0,203.0
2026-07-20 15:23:44.774,0.0,,,,,28.9,927.9,18.7,-40.0,0.0,1.0,0.0,0.0,204.0
2026-07-20 15:23:44.961,0.0,,,,,28.9,927.9,18.7,-40.0,0.0,1.0,0.0,0.0,204.0
2026-07-20 15:23:45.132,0.0,,,,,28.9,927.9,18.7,-40.0,0.0,1.0,0.0,0.0,204.0
2026-07-20 15:23:45.331,0.0,,,,,28.9,927.9,19.2,-40.0,0.0,1.0,0.0,0.0,204.0
2026-07-20 15:23:45.531,0.0,,,,,28.9,927.9,19.2,-40.0,0.0,1.0,0.0,0.0,204.0
2026-07-20 15:23:45.775,0.0,,,,,28.9,927.8,18.2,-40.0,0.0,1.0,0.0,0.0,205.0
2026-07-20 15:23:45.931,0.0,,,,,28.9,927.8,18.2,-40.0,0.0,1.0,0.0,0.0,205.0
2026-07-20 15:23:46.131,0.0,,,,,28.9,927.8,18.2,-40.0,0.0,1.0,0.0,0.0,205.0
2026-07-20 15:23:46.331,0.0,,,,,28.9,927.9,18.6,-40.0,0.0,1.0,0.0,0.0,205.0
2026-07-20 15:23:46.531,0.0,,,,,28.9,927.9,18.6,-40.0,0.0,1.0,0.0,0.0,205.0
2026-07-20 15:23:46.775,0.0,,,,,28.9,927.8,19.2,-40.0,0.0,1.0,0.0,0.0,206.0
2026-07-20 15:23:46.931,0.0,,,,,28.9,927.8,19.2,-40.0,0.0,1.0,0.0,0.0,206.0
2026-07-20 15:23:47.131,0.0,,,,,28.9,927.8,19.2,-40.0,0.0,1.0,0.0,0.0,206.0
2026-07-20 15:23:47.331,0.0,,,,,28.92,927.9,19.1,-40.0,0.0,1.0,0.0,0.0,206.0
2026-07-20 15:23:47.530,0.0,,,,,28.92,927.9,19.1,-40.0,0.0,1.0,0.0,0.0,206.0
2026-07-20 15:23:47.774,0.0,,,,,28.92,927.9,18.5,-40.0,0.0,1.0,0.0,0.0,207.0
2026-07-20 15:23:47.931,0.0,,,,,28.92,927.9,18.5,-40.0,0.0,1.0,0.0,0.0,207.0
2026-07-20 15:23:48.130,0.0,,,,,28.92,927.9,18.5,-40.0,0.0,1.0,0.0,0.0,207.0
2026-07-20 15:23:48.331,0.0,,,,,28.89,927.8,19.1,-40.0,0.0,1.0,0.0,0.0,207.0
2026-07-20 15:23:48.530,0.0,,,,,28.89,927.8,19.1,-40.0,0.0,1.0,0.0,0.0,207.0
2026-07-20 15:23:48.776,0.0,,,,,28.9,927.9,19.0,-40.0,0.0,1.0,0.0,0.0,208.0
2026-07-20 15:23:48.953,0.0,,,,,28.9,927.9,19.0,-40.0,0.0,1.0,0.0,0.0,208.0
2026-07-20 15:23:49.131,0.0,,,,,28.9,927.9,19.0,-40.0,0.0,1.0,0.0,0.0,208.0
2026-07-20 15:23:49.331,0.0,,,,,28.9,927.9,19.0,-40.0,0.0,1.0,0.0,0.0,208.0
2026-07-20 15:23:49.531,0.0,,,,,28.9,927.9,19.0,-40.0,0.0,1.0,0.0,0.0,208.0
2026-07-20 15:23:49.776,0.0,,,,,28.89,927.8,18.7,-40.0,0.0,1.0,0.0,0.0,209.0
2026-07-20 15:23:49.960,0.0,,,,,28.89,927.8,18.7,-40.0,0.0,1.0,0.0,0.0,209.0
2026-07-20 15:23:50.131,0.0,,,,,28.89,927.8,18.7,-40.0,0.0,1.0,0.0,0.0,209.0
2026-07-20 15:23:50.331,0.0,,,,,28.9,927.8,18.3,-40.0,0.0,1.0,0.0,0.0,209.0
2026-07-20 15:23:50.533,0.0,,,,,28.9,927.8,18.3,-40.0,0.0,1.0,0.0,0.0,209.0
2026-07-20 15:23:50.775,0.0,,,,,28.9,927.8,19.1,-40.0,0.0,1.0,0.0,0.0,210.0
2026-07-20 15:23:50.955,0.0,,,,,28.9,927.8,19.1,-40.0,0.0,1.0,0.0,0.0,210.0
2026-07-20 15:23:51.131,0.0,,,,,28.9,927.8,19.1,-40.0,0.0,1.0,0.0,0.0,210.0
2026-07-20 15:23:51.330,0.0,,,,,28.9,927.9,18.7,-40.0,0.0,1.0,0.0,0.0,210.0
2026-07-20 15:23:51.541,0.0,,,,,28.9,927.9,18.7,-40.0,0.0,1.0,0.0,0.0,210.0
2026-07-20 15:23:51.774,0.0,,,,,28.9,927.8,18.3,-40.0,0.0,1.0,0.0,0.0,211.0
2026-07-20 15:23:51.957,0.0,,,,,28.9,927.8,18.3,-40.0,0.0,1.0,0.0,0.0,211.0
2026-07-20 15:23:52.130,0.0,,,,,28.9,927.8,18.3,-40.0,0.0,1.0,0.0,0.0,211.0
2026-07-20 15:23:52.330,0.0,,,,,28.9,927.9,18.6,-40.0,0.0,1.0,0.0,0.0,211.0
2026-07-20 15:23:52.530,0.0,,,,,28.9,927.9,18.6,-40.0,0.0,1.0,0.0,0.0,211.0
2026-07-20 15:23:52.775,0.0,,,,,28.9,927.8,19.0,-40.0,0.0,1.0,0.0,0.0,212.0
2026-07-20 15:23:52.955,0.0,,,,,28.9,927.8,19.0,-40.0,0.0,1.0,0.0,0.0,212.0
2026-07-20 15:23:53.130,0.0,,,,,28.9,927.8,19.0,-40.0,0.0,1.0,0.0,0.0,212.0
2026-07-20 15:23:53.331,0.0,,,,,28.89,927.8,18.7,-40.0,0.0,1.0,0.0,0.0,212.0
2026-07-20 15:23:53.530,0.0,,,,,28.89,927.8,18.7,-40.0,0.0,1.0,0.0,0.0,212.0
2026-07-20 15:23:53.774,0.0,,,,,28.9,927.8,19.1,-40.0,0.0,1.0,0.0,0.0,213.0
2026-07-20 15:23:53.952,0.0,,,,,28.9,927.8,19.1,-40.0,0.0,1.0,0.0,0.0,213.0
2026-07-20 15:23:54.130,0.0,,,,,28.9,927.8,19.1,-40.0,0.0,1.0,0.0,0.0,213.0
2026-07-20 15:23:54.332,0.0,,,,,28.89,927.8,18.5,-40.0,0.0,1.0,0.0,0.0,213.0
2026-07-20 15:23:54.532,0.0,,,,,28.89,927.8,18.5,-40.0,0.0,1.0,0.0,0.0,213.0
2026-07-20 15:23:54.775,0.0,,,,,28.89,927.8,18.9,-40.0,0.0,1.0,0.0,0.0,214.0
2026-07-20 15:23:54.971,0.0,,,,,28.89,927.8,18.9,-40.0,0.0,1.0,0.0,0.0,214.0
2026-07-20 15:23:55.130,0.0,,,,,28.89,927.8,18.9,-40.0,0.0,1.0,0.0,0.0,214.0
2026-07-20 15:23:55.330,0.0,,,,,28.89,927.8,18.6,-40.0,0.0,1.0,0.0,0.0,214.0
2026-07-20 15:23:55.530,0.0,,,,,28.89,927.8,18.6,-40.0,0.0,1.0,0.0,0.0,214.0
2026-07-20 15:23:55.775,0.0,,,,,28.89,927.8,18.9,-40.0,0.0,1.0,0.0,0.0,215.0
2026-07-20 15:23:55.934,0.0,,,,,28.89,927.8,18.9,-40.0,0.0,1.0,0.0,0.0,215.0
2026-07-20 15:23:56.131,0.0,,,,,28.89,927.8,18.9,-40.0,0.0,1.0,0.0,0.0,215.0
2026-07-20 15:23:56.331,0.0,,,,,28.89,927.8,19.2,-40.0,0.0,1.0,0.0,0.0,215.0
2026-07-20 15:23:56.549,0.0,,,,,28.89,927.8,19.2,-40.0,0.0,1.0,0.0,0.0,215.0
2026-07-20 15:23:56.774,0.0,,,,,28.9,927.8,19.1,-40.0,0.0,1.0,0.0,0.0,216.0
2026-07-20 15:23:56.930,0.0,,,,,28.9,927.8,19.1,-40.0,0.0,1.0,0.0,0.0,216.0
2026-07-20 15:23:57.130,0.0,,,,,28.9,927.8,19.1,-40.0,0.0,1.0,0.0,0.0,216.0
2026-07-20 15:23:57.331,0.0,,,,,28.9,927.8,18.4,-40.0,0.0,1.0,0.0,0.0,216.0
2026-07-20 15:23:57.530,0.0,,,,,28.9,927.8,18.4,-40.0,0.0,1.0,0.0,0.0,216.0
2026-07-20 15:23:57.774,0.0,,,,,28.89,927.9,18.4,-40.0,0.0,1.0,0.0,0.0,217.0
2026-07-20 15:23:57.930,0.0,,,,,28.89,927.9,18.4,-40.0,0.0,1.0,0.0,0.0,217.0
2026-07-20 15:23:58.130,0.0,,,,,28.89,927.9,18.4,-40.0,0.0,1.0,0.0,0.0,217.0
2026-07-20 15:23:58.331,0.0,,,,,28.9,927.8,19.1,-40.0,0.0,1.0,0.0,0.0,217.0
2026-07-20 15:23:58.530,0.0,,,,,28.9,927.8,19.1,-40.0,0.0,1.0,0.0,0.0,217.0
2026-07-20 15:23:58.774,0.0,,,,,28.9,927.9,18.7,-40.0,0.0,1.0,0.0,0.0,218.0
2026-07-20 15:23:58.931,0.0,,,,,28.9,927.9,18.7,-40.0,0.0,1.0,0.0,0.0,218.0
2026-07-20 15:23:59.131,0.0,,,,,28.9,927.9,18.7,-40.0,0.0,1.0,0.0,0.0,218.0
2026-07-20 15:23:59.334,0.0,,,,,28.89,927.8,18.9,-40.0,0.0,1.0,0.0,0.0,218.0
2026-07-20 15:23:59.530,0.0,,,,,28.89,927.8,18.9,-40.0,0.0,1.0,0.0,0.0,218.0
2026-07-20 15:23:59.774,0.0,,,,,28.89,927.9,18.6,-40.0,0.0,1.0,0.0,0.0,219.0
2026-07-20 15:23:59.931,0.0,,,,,28.89,927.9,18.6,-40.0,0.0,1.0,0.0,0.0,219.0
2026-07-20 15:24:00.131,0.0,,,,,28.89,927.9,18.6,-40.0,0.0,1.0,0.0,0.0,219.0
2026-07-20 15:24:00.332,0.0,,,,,28.88,927.9,19.0,-40.0,0.0,1.0,0.0,0.0,219.0
2026-07-20 15:24:00.531,0.0,,,,,28.88,927.9,19.0,-40.0,0.0,1.0,0.0,0.0,219.0
2026-07-20 15:24:00.774,0.0,,,,,28.89,927.9,19.0,-40.0,0.0,1.0,0.0,0.0,220.0
2026-07-20 15:24:00.930,0.0,,,,,28.89,927.9,19.0,-40.0,0.0,1.0,0.0,0.0,220.0
2026-07-20 15:24:01.131,0.0,,,,,28.89,927.9,19.0,-40.0,0.0,1.0,0.0,0.0,220.0
2026-07-20 15:24:01.330,0.0,,,,,28.89,927.9,18.8,-40.0,0.0,1.0,0.0,0.0,220.0
2026-07-20 15:24:01.530,0.0,,,,,28.89,927.9,18.8,-40.0,0.0,1.0,0.0,0.0,220.0
2026-07-20 15:24:01.774,0.0,,,,,28.9,927.9,18.9,-40.0,0.0,1.0,0.0,0.0,221.0
2026-07-20 15:24:01.957,0.0,,,,,28.9,927.9,18.9,-40.0,0.0,1.0,0.0,0.0,221.0
2026-07-20 15:24:02.131,0.0,,,,,28.9,927.9,18.9,-40.0,0.0,1.0,0.0,0.0,221.0
2026-07-20 15:24:02.330,0.0,,,,,28.89,927.9,18.5,-40.0,0.0,1.0,0.0,0.0,221.0
2026-07-20 15:24:02.530,0.0,,,,,28.89,927.9,18.5,-40.0,0.0,1.0,0.0,0.0,221.0
2026-07-20 15:24:02.775,0.0,,,,,28.88,927.9,18.8,-40.0,0.0,1.0,0.0,0.0,222.0
2026-07-20 15:24:02.931,0.0,,,,,28.88,927.9,18.8,-40.0,0.0,1.0,0.0,0.0,222.0
2026-07-20 15:24:03.130,0.0,,,,,28.88,927.9,18.8,-40.0,0.0,1.0,0.0,0.0,222.0
2026-07-20 15:24:03.330,0.0,,,,,28.89,927.9,18.7,-40.0,0.0,1.0,0.0,0.0,222.0
2026-07-20 15:24:03.530,0.0,,,,,28.89,927.9,18.7,-40.0,0.0,1.0,0.0,0.0,222.0
2026-07-20 15:24:03.774,0.0,,,,,28.89,927.9,18.6,-40.0,0.0,1.0,0.0,0.0,223.0
2026-07-20 15:24:03.934,0.0,,,,,28.89,927.9,18.6,-40.0,0.0,1.0,0.0,0.0,223.0
2026-07-20 15:24:04.130,0.0,,,,,28.89,927.9,18.6,-40.0,0.0,1.0,0.0,0.0,223.0
2026-07-20 15:24:04.330,0.0,,,,,28.89,927.9,18.9,-40.0,0.0,1.0,0.0,0.0,223.0
2026-07-20 15:24:04.529,0.0,,,,,28.89,927.9,18.9,-40.0,0.0,1.0,0.0,0.0,223.0
2026-07-20 15:24:04.774,0.0,,,,,28.89,927.9,18.6,-40.0,0.0,1.0,0.0,0.0,224.0
2026-07-20 15:24:04.944,0.0,,,,,28.89,927.9,18.6,-40.0,0.0,1.0,0.0,0.0,224.0
2026-07-20 15:24:05.130,0.0,,,,,28.89,927.9,18.6,-40.0,0.0,1.0,0.0,0.0,224.0
2026-07-20 15:24:05.331,0.0,,,,,28.89,927.9,18.5,-40.0,0.0,1.0,0.0,0.0,224.0
2026-07-20 15:24:05.536,0.0,,,,,28.89,927.9,18.5,-40.0,0.0,1.0,0.0,0.0,224.0
2026-07-20 15:24:05.774,0.0,,,,,28.89,927.9,18.8,-40.0,0.0,1.0,0.0,0.0,225.0
2026-07-20 15:24:05.936,0.0,,,,,28.89,927.9,18.8,-40.0,0.0,1.0,0.0,0.0,225.0
2026-07-20 15:24:06.130,0.0,,,,,28.89,927.9,18.8,-40.0,0.0,1.0,0.0,0.0,225.0
2026-07-20 15:24:06.330,0.0,,,,,28.88,927.8,19.0,-40.0,0.0,1.0,0.0,0.0,225.0
2026-07-20 15:24:06.530,0.0,,,,,28.88,927.8,19.0,-40.0,0.0,1.0,0.0,0.0,225.0
2026-07-20 15:24:06.774,0.0,,,,,28.89,927.8,19.0,-40.0,0.0,1.0,0.0,0.0,226.0
2026-07-20 15:24:06.931,0.0,,,,,28.89,927.8,19.0,-40.0,0.0,1.0,0.0,0.0,226.0
2026-07-20 15:24:07.129,0.0,,,,,28.89,927.8,19.0,-40.0,0.0,1.0,0.0,0.0,226.0
2026-07-20 15:24:07.330,0.0,,,,,28.89,927.9,18.6,-40.0,0.0,1.0,0.0,0.0,226.0
2026-07-20 15:24:07.530,0.0,,,,,28.89,927.9,18.6,-40.0,0.0,1.0,0.0,0.0,226.0
2026-07-20 15:24:07.774,0.0,,,,,28.89,927.8,19.0,-40.0,0.0,1.0,0.0,0.0,227.0
2026-07-20 15:24:07.958,0.0,,,,,28.89,927.8,19.0,-40.0,0.0,1.0,0.0,0.0,227.0
2026-07-20 15:24:08.129,0.0,,,,,28.89,927.8,19.0,-40.0,0.0,1.0,0.0,0.0,227.0
2026-07-20 15:24:08.330,0.0,,,,,28.89,927.9,18.5,-40.0,0.0,1.0,0.0,0.0,227.0
2026-07-20 15:24:08.541,0.0,,,,,28.89,927.9,18.5,-40.0,0.0,1.0,0.0,0.0,227.0
2026-07-20 15:24:08.774,0.0,,,,,28.88,927.9,19.0,-40.0,0.0,1.0,0.0,0.0,228.0
2026-07-20 15:24:08.969,0.0,,,,,28.88,927.9,19.0,-40.0,0.0,1.0,0.0,0.0,228.0
2026-07-20 15:24:09.131,0.0,,,,,28.88,927.9,19.0,-40.0,0.0,1.0,0.0,0.0,228.0
2026-07-20 15:24:09.330,0.0,,,,,28.88,927.8,18.6,-40.0,0.0,1.0,0.0,0.0,228.0
2026-07-20 15:24:09.530,0.0,,,,,28.88,927.8,18.6,-40.0,0.0,1.0,0.0,0.0,228.0
2026-07-20 15:24:09.774,0.0,,,,,28.88,927.9,19.0,-40.0,0.0,1.0,0.0,0.0,229.0
2026-07-20 15:24:09.951,0.0,,,,,28.88,927.9,19.0,-40.0,0.0,1.0,0.0,0.0,229.0
2026-07-20 15:24:10.129,0.0,,,,,28.88,927.9,19.0,-40.0,0.0,1.0,0.0,0.0,229.0
2026-07-20 15:24:10.329,0.0,,,,,28.88,927.8,19.0,-40.0,0.0,1.0,0.0,0.0,229.0
2026-07-20 15:24:10.561,0.0,,,,,28.88,927.8,19.0,-40.0,0.0,1.0,0.0,0.0,229.0
2026-07-20 15:24:10.774,0.0,,,,,28.88,927.8,18.7,-40.0,0.0,1.0,0.0,0.0,230.0
2026-07-20 15:24:10.931,0.0,,,,,28.88,927.8,18.7,-40.0,0.0,1.0,0.0,0.0,230.0
2026-07-20 15:24:11.130,0.0,,,,,28.88,927.8,18.7,-40.0,0.0,1.0,0.0,0.0,230.0
2026-07-20 15:24:11.330,0.0,,,,,28.88,927.9,19.3,-40.0,0.0,1.0,0.0,0.0,230.0
2026-07-20 15:24:11.530,0.0,,,,,28.88,927.9,19.3,-40.0,0.0,1.0,0.0,0.0,230.0
2026-07-20 15:24:11.774,0.0,,,,,28.88,927.8,19.0,-40.0,0.0,1.0,0.0,0.0,231.0
2026-07-20 15:24:11.942,0.0,,,,,28.88,927.8,19.0,-40.0,0.0,1.0,0.0,0.0,231.0
2026-07-20 15:24:12.130,0.0,,,,,28.88,927.8,19.0,-40.0,0.0,1.0,0.0,0.0,231.0
2026-07-20 15:24:12.330,0.0,,,,,28.88,927.8,18.7,-40.0,0.0,1.0,0.0,0.0,231.0
2026-07-20 15:24:12.530,0.0,,,,,28.88,927.8,18.7,-40.0,0.0,1.0,0.0,0.0,231.0
2026-07-20 15:24:12.774,0.0,,,,,28.88,927.8,19.0,-40.0,0.0,1.0,0.0,0.0,232.0
2026-07-20 15:24:12.959,0.0,,,,,28.88,927.8,19.0,-40.0,0.0,1.0,0.0,0.0,232.0
2026-07-20 15:24:13.129,0.0,,,,,28.88,927.8,19.0,-40.0,0.0,1.0,0.0,0.0,232.0
2026-07-20 15:24:13.329,0.0,,,,,28.88,927.9,18.3,-40.0,0.0,1.0,0.0,0.0,232.0
2026-07-20 15:24:13.530,0.0,,,,,28.88,927.9,18.3,-40.0,0.0,1.0,0.0,0.0,232.0
2026-07-20 15:24:13.775,0.0,,,,,28.89,927.9,18.8,-40.0,0.0,1.0,0.0,0.0,233.0
2026-07-20 15:24:13.953,0.0,,,,,28.89,927.9,18.8,-40.0,0.0,1.0,0.0,0.0,233.0
2026-07-20 15:24:14.130,0.0,,,,,28.89,927.9,18.8,-40.0,0.0,1.0,0.0,0.0,233.0
2026-07-20 15:24:14.329,0.0,,,,,28.87,927.8,18.7,-40.0,0.0,1.0,0.0,0.0,233.0
2026-07-20 15:24:14.530,0.0,,,,,28.87,927.8,18.7,-40.0,0.0,1.0,0.0,0.0,233.0
2026-07-20 15:24:14.774,0.0,,,,,28.88,927.9,18.0,-40.0,0.0,1.0,0.0,0.0,234.0
2026-07-20 15:24:14.934,0.0,,,,,28.88,927.9,18.0,-40.0,0.0,1.0,0.0,0.0,234.0
2026-07-20 15:24:15.130,0.0,,,,,28.88,927.9,18.0,-40.0,0.0,1.0,0.0,0.0,234.0
2026-07-20 15:24:15.331,0.0,,,,,28.88,927.9,18.2,-40.0,0.0,1.0,0.0,0.0,234.0
2026-07-20 15:24:15.535,0.0,,,,,28.88,927.9,18.2,-40.0,0.0,1.0,0.0,0.0,234.0
2026-07-20 15:24:15.774,0.0,,,,,28.87,927.8,19.1,-40.0,0.0,1.0,0.0,0.0,235.0
2026-07-20 15:24:15.930,0.0,,,,,28.87,927.8,19.1,-40.0,0.0,1.0,0.0,0.0,235.0
2026-07-20 15:24:16.129,0.0,,,,,28.87,927.8,19.1,-40.0,0.0,1.0,0.0,0.0,235.0
2026-07-20 15:24:16.329,0.0,,,,,28.87,927.9,18.5,-40.0,0.0,1.0,0.0,0.0,235.0
2026-07-20 15:24:16.530,0.0,,,,,28.87,927.9,18.5,-40.0,0.0,1.0,0.0,0.0,235.0
2026-07-20 15:24:16.773,0.0,,,,,28.88,927.9,18.0,-40.0,0.0,1.0,0.0,0.0,236.0
2026-07-20 15:24:16.930,0.0,,,,,28.88,927.9,18.0,-40.0,0.0,1.0,0.0,0.0,236.0
2026-07-20 15:24:17.151,0.0,,,,,28.88,927.9,18.0,-40.0,0.0,1.0,0.0,0.0,236.0
2026-07-20 15:24:17.330,0.0,,,,,28.87,927.9,18.9,-40.0,0.0,1.0,0.0,0.0,236.0
2026-07-20 15:24:17.530,0.0,,,,,28.87,927.9,18.9,-40.0,0.0,1.0,0.0,0.0,236.0
2026-07-20 15:24:17.775,0.0,,,,,28.87,927.8,19.3,-40.0,0.0,1.0,0.0,0.0,237.0
2026-07-20 15:24:17.930,0.0,,,,,28.87,927.8,19.3,-40.0,0.0,1.0,0.0,0.0,237.0
2026-07-20 15:24:18.130,0.0,,,,,28.87,927.8,19.3,-40.0,0.0,1.0,0.0,0.0,237.0
2026-07-20 15:24:18.330,0.0,,,,,28.87,927.8,18.6,-40.0,0.0,1.0,0.0,0.0,237.0
2026-07-20 15:24:18.530,0.0,,,,,28.87,927.8,18.6,-40.0,0.0,1.0,0.0,0.0,237.0
2026-07-20 15:24:18.773,0.0,,,,,28.87,927.9,19.2,-40.0,0.0,1.0,0.0,0.0,238.0
2026-07-20 15:24:18.929,0.0,,,,,28.87,927.9,19.2,-40.0,0.0,1.0,0.0,0.0,238.0
2026-07-20 15:24:19.130,0.0,,,,,28.87,927.9,19.2,-40.0,0.0,1.0,0.0,0.0,238.0
2026-07-20 15:24:19.330,0.0,,,,,28.87,927.9,18.2,-40.0,0.0,1.0,0.0,0.0,238.0
2026-07-20 15:24:19.529,0.0,,,,,28.87,927.9,18.2,-40.0,0.0,1.0,0.0,0.0,238.0
2026-07-20 15:24:19.774,0.0,,,,,28.87,927.8,19.2,-40.0,0.0,1.0,0.0,0.0,239.0
2026-07-20 15:24:19.929,0.0,,,,,28.87,927.8,19.2,-40.0,0.0,1.0,0.0,0.0,239.0
2026-07-20 15:24:20.129,0.0,,,,,28.87,927.8,19.2,-40.0,0.0,1.0,0.0,0.0,239.0
2026-07-20 15:24:20.330,0.0,,,,,28.87,927.8,18.7,-40.0,0.0,1.0,0.0,0.0,239.0
2026-07-20 15:24:20.530,0.0,,,,,28.87,927.8,18.7,-40.0,0.0,1.0,0.0,0.0,239.0
2026-07-20 15:24:20.773,0.0,,,,,28.87,927.9,18.9,-40.0,0.0,1.0,0.0,0.0,240.0
2026-07-20 15:24:20.930,0.0,,,,,28.87,927.9,18.9,-40.0,0.0,1.0,0.0,0.0,240.0
2026-07-20 15:24:21.130,0.0,,,,,28.87,927.9,18.9,-40.0,0.0,1.0,0.0,0.0,240.0
2026-07-20 15:24:21.330,0.0,,,,,28.87,927.9,18.4,-40.0,0.0,1.0,0.0,0.0,240.0
2026-07-20 15:24:21.529,0.0,,,,,28.87,927.9,18.4,-40.0,0.0,1.0,0.0,0.0,240.0
2026-07-20 15:24:21.773,0.0,,,,,28.87,927.8,19.0,-40.0,0.0,1.0,0.0,0.0,241.0
2026-07-20 15:24:21.930,0.0,,,,,28.87,927.8,19.0,-40.0,0.0,1.0,0.0,0.0,241.0
2026-07-20 15:24:22.130,0.0,,,,,28.87,927.8,19.0,-40.0,0.0,1.0,0.0,0.0,241.0
2026-07-20 15:24:22.330,0.0,,,,,28.87,927.8,18.2,-40.0,0.0,1.0,0.0,0.0,241.0
2026-07-20 15:24:22.530,0.0,,,,,28.87,927.8,18.2,-40.0,0.0,1.0,0.0,0.0,241.0
2026-07-20 15:24:22.773,0.0,,,,,28.87,927.8,19.0,-40.0,0.0,1.0,0.0,0.0,242.0
2026-07-20 15:24:22.958,0.0,,,,,28.87,927.8,19.0,-40.0,0.0,1.0,0.0,0.0,242.0
2026-07-20 15:24:23.130,0.0,,,,,28.87,927.8,19.0,-40.0,0.0,1.0,0.0,0.0,242.0
2026-07-20 15:24:23.330,0.0,,,,,28.88,927.9,18.3,-40.0,0.0,1.0,0.0,0.0,242.0
2026-07-20 15:24:23.530,0.0,,,,,28.88,927.9,18.3,-40.0,0.0,1.0,0.0,0.0,242.0
2026-07-20 15:24:23.774,0.0,,,,,28.87,927.8,19.0,-40.0,0.0,1.0,0.0,0.0,243.0
2026-07-20 15:24:23.950,0.0,,,,,28.87,927.8,19.0,-40.0,0.0,1.0,0.0,0.0,243.0
2026-07-20 15:24:24.129,0.0,,,,,28.87,927.8,19.0,-40.0,0.0,1.0,0.0,0.0,243.0
2026-07-20 15:24:24.330,0.0,,,,,28.87,927.8,18.5,-40.0,0.0,1.0,0.0,0.0,243.0
2026-07-20 15:24:24.529,0.0,,,,,28.87,927.8,18.5,-40.0,0.0,1.0,0.0,0.0,243.0
2026-07-20 15:24:24.775,0.0,,,,,28.87,927.9,18.5,-40.0,0.0,1.0,0.0,0.0,244.0
2026-07-20 15:24:24.949,0.0,,,,,28.87,927.9,18.5,-40.0,0.0,1.0,0.0,0.0,244.0
2026-07-20 15:24:25.130,0.0,,,,,28.87,927.9,18.5,-40.0,0.0,1.0,0.0,0.0,244.0
2026-07-20 15:24:25.329,0.0,,,,,28.87,927.8,18.5,-40.0,0.0,1.0,0.0,0.0,244.0
2026-07-20 15:24:25.530,0.0,,,,,28.87,927.8,18.5,-40.0,0.0,1.0,0.0,0.0,244.0
2026-07-20 15:24:25.774,0.0,,,,,28.87,927.8,19.3,-40.0,0.0,1.0,0.0,0.0,245.0
2026-07-20 15:24:25.951,0.0,,,,,28.87,927.8,19.3,-40.0,0.0,1.0,0.0,0.0,245.0
2026-07-20 15:24:26.130,0.0,,,,,28.87,927.8,19.3,-40.0,0.0,1.0,0.0,0.0,245.0
2026-07-20 15:24:26.330,0.0,,,,,28.87,927.9,18.3,-40.0,0.0,1.0,0.0,0.0,245.0
2026-07-20 15:24:26.529,0.0,,,,,28.87,927.9,18.3,-40.0,0.0,1.0,0.0,0.0,245.0
2026-07-20 15:24:26.774,0.0,,,,,28.87,927.9,18.7,-40.0,0.0,1.0,0.0,0.0,246.0
2026-07-20 15:24:26.936,0.0,,,,,28.87,927.9,18.7,-40.0,0.0,1.0,0.0,0.0,246.0
2026-07-20 15:24:27.129,0.0,,,,,28.87,927.9,18.7,-40.0,0.0,1.0,0.0,0.0,246.0
2026-07-20 15:24:27.330,0.0,,,,,28.87,927.9,18.7,-40.0,0.0,1.0,0.0,0.0,246.0
2026-07-20 15:24:27.529,0.0,,,,,28.87,927.9,18.7,-40.0,0.0,1.0,0.0,0.0,246.0
2026-07-20 15:24:27.774,0.0,,,,,28.87,927.8,19.2,-40.0,0.0,1.0,0.0,0.0,247.0
2026-07-20 15:24:27.930,0.0,,,,,28.87,927.8,19.2,-40.0,0.0,1.0,0.0,0.0,247.0
2026-07-20 15:24:28.130,0.0,,,,,28.87,927.8,19.2,-40.0,0.0,1.0,0.0,0.0,247.0
2026-07-20 15:24:28.329,0.0,,,,,28.87,927.9,18.1,-40.0,0.0,1.0,0.0,0.0,247.0
2026-07-20 15:24:28.529,0.0,,,,,28.87,927.9,18.1,-40.0,0.0,1.0,0.0,0.0,247.0
2026-07-20 15:24:28.773,0.0,,,,,28.86,927.8,19.2,-40.0,0.0,1.0,0.0,0.0,248.0
2026-07-20 15:24:28.929,0.0,,,,,28.86,927.8,19.2,-40.0,0.0,1.0,0.0,0.0,248.0
2026-07-20 15:24:29.129,0.0,,,,,28.86,927.8,19.2,-40.0,0.0,1.0,0.0,0.0,248.0
2026-07-20 15:24:29.330,0.0,,,,,28.87,927.9,18.7,-40.0,0.0,1.0,0.0,0.0,248.0
2026-07-20 15:24:29.529,0.0,,,,,28.87,927.9,18.7,-40.0,0.0,1.0,0.0,0.0,248.0
2026-07-20 15:24:29.773,0.0,,,,,28.87,927.9,19.0,-40.0,0.0,1.0,0.0,0.0,249.0
2026-07-20 15:24:29.929,0.0,,,,,28.87,927.9,19.0,-40.0,0.0,1.0,0.0,0.0,249.0
2026-07-20 15:24:30.129,0.0,,,,,28.87,927.9,19.0,-40.0,0.0,1.0,0.0,0.0,249.0
2026-07-20 15:24:30.330,0.0,,,,,28.87,927.8,18.5,-40.0,0.0,1.0,0.0,0.0,249.0
2026-07-20 15:24:30.530,0.0,,,,,28.87,927.8,18.5,-40.0,0.0,1.0,0.0,0.0,249.0
2026-07-20 15:24:30.773,0.0,,,,,28.87,927.8,19.1,-40.0,0.0,1.0,0.0,0.0,250.0
2026-07-20 15:24:30.930,0.0,,,,,28.87,927.8,19.1,-40.0,0.0,1.0,0.0,0.0,250.0
2026-07-20 15:24:31.131,0.0,,,,,28.87,927.8,19.1,-40.0,0.0,1.0,0.0,0.0,250.0
2026-07-20 15:24:31.329,0.0,,,,,28.86,927.8,18.3,-40.0,0.0,1.0,0.0,0.0,250.0
2026-07-20 15:24:31.529,0.0,,,,,28.86,927.8,18.3,-40.0,0.0,1.0,0.0,0.0,250.0
2026-07-20 15:24:31.773,0.0,,,,,28.86,927.8,19.0,-40.0,0.0,1.0,0.0,0.0,251.0
2026-07-20 15:24:31.929,0.0,,,,,28.86,927.8,19.0,-40.0,0.0,1.0,0.0,0.0,251.0
2026-07-20 15:24:32.129,0.0,,,,,28.86,927.8,19.0,-40.0,0.0,1.0,0.0,0.0,251.0
2026-07-20 15:24:32.330,0.0,,,,,28.86,927.8,18.2,-40.0,0.0,1.0,0.0,0.0,251.0
2026-07-20 15:24:32.529,0.0,,,,,28.86,927.8,18.2,-40.0,0.0,1.0,0.0,0.0,251.0
2026-07-20 15:24:32.773,0.0,,,,,28.86,927.9,19.1,-40.0,0.0,1.0,0.0,0.0,252.0
2026-07-20 15:24:32.952,0.0,,,,,28.86,927.9,19.1,-40.0,0.0,1.0,0.0,0.0,252.0
2026-07-20 15:24:33.129,0.0,,,,,28.86,927.9,19.1,-40.0,0.0,1.0,0.0,0.0,252.0
2026-07-20 15:24:33.329,0.0,,,,,28.86,927.9,19.2,-40.0,0.0,1.0,0.0,0.0,252.0
2026-07-20 15:24:33.529,0.0,,,,,28.86,927.9,19.2,-40.0,0.0,1.0,0.0,0.0,252.0
2026-07-20 15:24:33.775,0.0,,,,,28.86,927.9,19.0,-40.0,0.0,1.0,0.0,0.0,253.0
2026-07-20 15:24:33.957,0.0,,,,,28.86,927.9,19.0,-40.0,0.0,1.0,0.0,0.0,253.0
2026-07-20 15:24:34.129,0.0,,,,,28.86,927.9,19.0,-40.0,0.0,1.0,0.0,0.0,253.0
2026-07-20 15:24:34.329,0.0,,,,,28.86,927.9,18.7,-40.0,0.0,1.0,0.0,0.0,253.0
2026-07-20 15:24:34.529,0.0,,,,,28.86,927.9,18.7,-40.0,0.0,1.0,0.0,0.0,253.0
2026-07-20 15:24:34.773,0.0,,,,,28.86,927.8,19.0,-40.0,0.0,1.0,0.0,0.0,254.0
2026-07-20 15:24:34.928,0.0,,,,,28.86,927.8,19.0,-40.0,0.0,1.0,0.0,0.0,254.0
2026-07-20 15:24:35.129,0.0,,,,,28.86,927.8,19.0,-40.0,0.0,1.0,0.0,0.0,254.0
2026-07-20 15:24:35.329,0.0,,,,,28.86,927.8,18.4,-40.0,0.0,1.0,0.0,0.0,254.0
2026-07-20 15:24:35.529,0.0,,,,,28.86,927.8,18.4,-40.0,0.0,1.0,0.0,0.0,254.0
2026-07-20 15:24:35.773,0.0,,,,,28.85,927.9,19.1,-40.0,0.0,1.0,0.0,0.0,255.0
2026-07-20 15:24:35.954,0.0,,,,,28.85,927.9,19.1,-40.0,0.0,1.0,0.0,0.0,255.0
2026-07-20 15:24:36.129,0.0,,,,,28.85,927.9,19.1,-40.0,0.0,1.0,0.0,0.0,255.0
2026-07-20 15:24:36.329,0.0,,,,,28.86,927.9,18.2,-40.0,0.0,1.0,0.0,0.0,255.0
2026-07-20 15:24:36.529,0.0,,,,,28.86,927.9,18.2,-40.0,0.0,1.0,0.0,0.0,255.0
2026-07-20 15:24:36.773,0.0,,,,,28.86,927.8,19.1,-40.0,0.0,1.0,0.0,0.0,256.0
2026-07-20 15:24:36.929,0.0,,,,,28.86,927.8,19.1,-40.0,0.0,1.0,0.0,0.0,256.0
2026-07-20 15:24:37.128,0.0,,,,,28.86,927.8,19.1,-40.0,0.0,1.0,0.0,0.0,256.0
2026-07-20 15:24:37.329,0.0,,,,,28.85,927.8,18.5,-40.0,0.0,1.0,0.0,0.0,256.0
2026-07-20 15:24:37.529,0.0,,,,,28.85,927.8,18.5,-40.0,0.0,1.0,0.0,0.0,256.0
2026-07-20 15:24:37.773,0.0,,,,,28.85,927.8,19.0,-40.0,0.0,1.0,0.0,0.0,257.0
2026-07-20 15:24:37.929,0.0,,,,,28.85,927.8,19.0,-40.0,0.0,1.0,0.0,0.0,257.0
2026-07-20 15:24:38.129,0.0,,,,,28.85,927.8,19.0,-40.0,0.0,1.0,0.0,0.0,257.0
2026-07-20 15:24:38.329,0.0,,,,,28.86,927.8,18.6,-40.0,0.0,1.0,0.0,0.0,257.0
2026-07-20 15:24:38.530,0.0,,,,,28.86,927.8,18.6,-40.0,0.0,1.0,0.0,0.0,257.0
2026-07-20 15:24:38.773,0.0,,,,,28.86,927.8,18.9,-40.0,0.0,1.0,0.0,0.0,258.0
2026-07-20 15:24:38.929,0.0,,,,,28.86,927.8,18.9,-40.0,0.0,1.0,0.0,0.0,258.0
2026-07-20 15:24:39.130,0.0,,,,,28.86,927.8,18.9,-40.0,0.0,1.0,0.0,0.0,258.0
2026-07-20 15:24:39.329,0.0,,,,,28.85,927.8,18.5,-40.0,0.0,1.0,0.0,0.0,258.0
2026-07-20 15:24:39.529,0.0,,,,,28.85,927.8,18.5,-40.0,0.0,1.0,0.0,0.0,258.0
2026-07-20 15:24:39.773,0.0,,,,,28.85,927.9,18.9,-40.0,0.0,1.0,0.0,0.0,259.0
2026-07-20 15:24:39.929,0.0,,,,,28.85,927.9,18.9,-40.0,0.0,1.0,0.0,0.0,259.0
2026-07-20 15:24:40.129,0.0,,,,,28.85,927.9,18.9,-40.0,0.0,1.0,0.0,0.0,259.0
2026-07-20 15:24:40.329,0.0,,,,,28.85,927.8,18.8,-40.0,0.0,1.0,0.0,0.0,259.0
2026-07-20 15:24:40.529,0.0,,,,,28.85,927.8,18.8,-40.0,0.0,1.0,0.0,0.0,259.0
2026-07-20 15:24:40.772,0.0,,,,,28.85,927.8,19.0,-40.0,0.0,1.0,0.0,0.0,260.0
2026-07-20 15:24:40.930,0.0,,,,,28.85,927.8,19.0,-40.0,0.0,1.0,0.0,0.0,260.0
2026-07-20 15:24:41.129,0.0,,,,,28.85,927.8,19.0,-40.0,0.0,1.0,0.0,0.0,260.0
2026-07-20 15:24:41.329,0.0,,,,,28.85,927.8,18.4,-40.0,0.0,1.0,0.0,0.0,260.0
2026-07-20 15:24:41.529,0.0,,,,,28.85,927.8,18.4,-40.0,0.0,1.0,0.0,0.0,260.0
2026-07-20 15:24:41.773,0.0,,,,,28.85,927.8,18.7,-40.0,0.0,1.0,0.0,0.0,261.0
2026-07-20 15:24:41.929,0.0,,,,,28.85,927.8,18.7,-40.0,0.0,1.0,0.0,0.0,261.0
2026-07-20 15:24:42.129,0.0,,,,,28.85,927.8,18.7,-40.0,0.0,1.0,0.0,0.0,261.0
2026-07-20 15:24:42.331,0.0,,,,,28.85,927.8,18.3,-40.0,0.0,1.0,0.0,0.0,261.0
2026-07-20 15:24:42.530,0.0,,,,,28.85,927.8,18.3,-40.0,0.0,1.0,0.0,0.0,261.0
2026-07-20 15:24:42.773,0.0,,,,,28.85,927.8,19.0,-40.0,0.0,1.0,0.0,0.0,262.0
2026-07-20 15:24:42.929,0.0,,,,,28.85,927.8,19.0,-40.0,0.0,1.0,0.0,0.0,262.0
2026-07-20 15:24:43.129,0.0,,,,,28.85,927.8,19.0,-40.0,0.0,1.0,0.0,0.0,262.0
2026-07-20 15:24:43.330,0.0,,,,,28.85,927.8,18.5,-40.0,0.0,1.0,0.0,0.0,262.0
2026-07-20 15:24:43.529,0.0,,,,,28.85,927.8,18.5,-40.0,0.0,1.0,0.0,0.0,262.0
2026-07-20 15:24:43.773,0.0,,,,,28.85,927.9,19.1,-40.0,0.0,1.0,0.0,0.0,263.0
2026-07-20 15:24:43.929,0.0,,,,,28.85,927.9,19.1,-40.0,0.0,1.0,0.0,0.0,263.0
2026-07-20 15:24:44.129,0.0,,,,,28.85,927.9,19.1,-40.0,0.0,1.0,0.0,0.0,263.0
2026-07-20 15:24:44.332,0.0,,,,,28.85,927.8,18.7,-40.0,0.0,1.0,0.0,0.0,263.0
2026-07-20 15:24:44.529,0.0,,,,,28.85,927.8,18.7,-40.0,0.0,1.0,0.0,0.0,263.0
2026-07-20 15:24:44.773,0.0,,,,,28.84,927.9,19.1,-40.0,0.0,1.0,0.0,0.0,264.0
2026-07-20 15:24:44.929,0.0,,,,,28.84,927.9,19.1,-40.0,0.0,1.0,0.0,0.0,264.0
2026-07-20 15:24:45.129,0.0,,,,,28.84,927.9,19.1,-40.0,0.0,1.0,0.0,0.0,264.0
2026-07-20 15:24:45.330,0.0,,,,,28.84,927.8,18.7,-40.0,0.0,1.0,0.0,0.0,264.0
2026-07-20 15:24:45.529,0.0,,,,,28.84,927.8,18.7,-40.0,0.0,1.0,0.0,0.0,264.0
2026-07-20 15:24:45.773,0.0,,,,,28.85,927.9,19.2,-40.0,0.0,1.0,0.0,0.0,265.0
2026-07-20 15:24:45.929,0.0,,,,,28.85,927.9,19.2,-40.0,0.0,1.0,0.0,0.0,265.0
2026-07-20 15:24:46.130,0.0,,,,,28.85,927.9,19.2,-40.0,0.0,1.0,0.0,0.0,265.0
2026-07-20 15:24:46.341,0.0,,,,,28.85,927.8,18.4,-40.0,0.0,1.0,0.0,0.0,265.0
2026-07-20 15:24:46.529,0.0,,,,,28.85,927.8,18.4,-40.0,0.0,1.0,0.0,0.0,265.0
2026-07-20 15:24:46.773,0.0,,,,,28.85,927.8,19.0,-40.0,0.0,1.0,0.0,0.0,266.0
2026-07-20 15:24:46.929,0.0,,,,,28.85,927.8,19.0,-40.0,0.0,1.0,0.0,0.0,266.0
2026-07-20 15:24:47.129,0.0,,,,,28.85,927.8,19.0,-40.0,0.0,1.0,0.0,0.0,266.0
2026-07-20 15:24:47.330,0.0,,,,,28.85,927.9,18.5,-40.0,0.0,1.0,0.0,0.0,266.0
2026-07-20 15:24:47.529,0.0,,,,,28.85,927.9,18.5,-40.0,0.0,1.0,0.0,0.0,266.0
2026-07-20 15:24:47.773,0.0,,,,,28.85,927.9,18.4,-40.0,0.0,1.0,0.0,0.0,267.0
2026-07-20 15:24:47.930,0.0,,,,,28.85,927.9,18.4,-40.0,0.0,1.0,0.0,0.0,267.0
2026-07-20 15:24:48.129,0.0,,,,,28.85,927.9,18.4,-40.0,0.0,1.0,0.0,0.0,267.0
2026-07-20 15:24:48.330,0.0,,,,,28.85,927.8,18.6,-40.0,0.0,1.0,0.0,0.0,267.0
2026-07-20 15:24:48.529,0.0,,,,,28.85,927.8,18.6,-40.0,0.0,1.0,0.0,0.0,267.0
2026-07-20 15:24:48.773,0.0,,,,,28.82,927.8,18.8,-40.0,0.0,1.0,0.0,0.0,268.0
2026-07-20 15:24:48.929,0.0,,,,,28.82,927.8,18.8,-40.0,0.0,1.0,0.0,0.0,268.0
2026-07-20 15:24:49.129,0.0,,,,,28.82,927.8,18.8,-40.0,0.0,1.0,0.0,0.0,268.0
2026-07-20 15:24:49.329,0.0,,,,,28.85,927.9,18.7,-40.0,0.0,1.0,0.0,0.0,268.0
2026-07-20 15:24:49.529,0.0,,,,,28.85,927.9,18.7,-40.0,0.0,1.0,0.0,0.0,268.0
2026-07-20 15:24:49.773,0.0,,,,,28.84,927.8,19.0,-40.0,0.0,1.0,0.0,0.0,269.0
2026-07-20 15:24:49.929,0.0,,,,,28.84,927.8,19.0,-40.0,0.0,1.0,0.0,0.0,269.0
2026-07-20 15:24:50.129,0.0,,,,,28.84,927.8,19.0,-40.0,0.0,1.0,0.0,0.0,269.0
2026-07-20 15:24:50.329,0.0,,,,,28.84,927.9,18.7,-40.0,0.0,1.0,0.0,0.0,269.0
2026-07-20 15:24:50.529,0.0,,,,,28.84,927.9,18.7,-40.0,0.0,1.0,0.0,0.0,269.0
2026-07-20 15:24:50.773,0.0,,,,,28.84,927.8,19.2,-40.0,0.0,1.0,0.0,0.0,270.0
2026-07-20 15:24:50.930,0.0,,,,,28.84,927.8,19.2,-40.0,0.0,1.0,0.0,0.0,270.0
2026-07-20 15:24:51.131,0.0,,,,,28.84,927.8,19.2,-40.0,0.0,1.0,0.0,0.0,270.0
2026-07-20 15:24:51.329,0.0,,,,,28.84,927.8,18.6,-40.0,0.0,1.0,0.0,0.0,270.0
2026-07-20 15:24:51.529,0.0,,,,,28.84,927.8,18.6,-40.0,0.0,1.0,0.0,0.0,270.0
2026-07-20 15:24:51.773,0.0,,,,,28.82,927.9,19.1,-40.0,0.0,1.0,0.0,0.0,271.0
2026-07-20 15:24:51.930,0.0,,,,,28.82,927.9,19.1,-40.0,0.0,1.0,0.0,0.0,271.0
2026-07-20 15:24:52.129,0.0,,,,,28.82,927.9,19.1,-40.0,0.0,1.0,0.0,0.0,271.0
2026-07-20 15:24:52.328,0.0,,,,,28.82,927.8,18.7,-40.0,0.0,1.0,0.0,0.0,271.0
2026-07-20 15:24:52.529,0.0,,,,,28.82,927.8,18.7,-40.0,0.0,1.0,0.0,0.0,271.0
2026-07-20 15:24:52.773,0.0,,,,,28.85,927.9,18.9,-40.0,0.0,1.0,0.0,0.0,272.0
2026-07-20 15:24:52.929,0.0,,,,,28.85,927.9,18.9,-40.0,0.0,1.0,0.0,0.0,272.0
2026-07-20 15:24:53.130,0.0,,,,,28.85,927.9,18.9,-40.0,0.0,1.0,0.0,0.0,272.0
2026-07-20 15:24:53.329,0.0,,,,,28.85,927.9,18.6,-40.0,0.0,1.0,0.0,0.0,272.0
2026-07-20 15:24:53.529,0.0,,,,,28.85,927.9,18.6,-40.0,0.0,1.0,0.0,0.0,272.0
2026-07-20 15:24:53.773,0.0,,,,,28.84,927.8,18.4,-40.0,0.0,1.0,0.0,0.0,273.0
2026-07-20 15:24:53.931,0.0,,,,,28.84,927.8,18.4,-40.0,0.0,1.0,0.0,0.0,273.0
2026-07-20 15:24:54.128,0.0,,,,,28.84,927.8,18.4,-40.0,0.0,1.0,0.0,0.0,273.0
2026-07-20 15:24:54.328,0.0,,,,,28.82,927.8,18.4,-40.0,0.0,1.0,0.0,0.0,273.0
2026-07-20 15:24:54.529,0.0,,,,,28.82,927.8,18.4,-40.0,0.0,1.0,0.0,0.0,273.0
2026-07-20 15:24:54.773,0.0,,,,,28.84,927.8,19.0,-40.0,0.0,1.0,0.0,0.0,274.0
2026-07-20 15:24:54.930,0.0,,,,,28.84,927.8,19.0,-40.0,0.0,1.0,0.0,0.0,274.0
2026-07-20 15:24:55.129,0.0,,,,,28.84,927.8,19.0,-40.0,0.0,1.0,0.0,0.0,274.0
2026-07-20 15:24:55.328,0.0,,,,,28.82,927.8,18.5,-40.0,0.0,1.0,0.0,0.0,274.0
2026-07-20 15:24:55.529,0.0,,,,,28.82,927.8,18.5,-40.0,0.0,1.0,0.0,0.0,274.0
2026-07-20 15:24:55.773,0.0,,,,,28.85,927.9,19.0,-40.0,0.0,1.0,0.0,0.0,275.0
2026-07-20 15:24:55.930,0.0,,,,,28.85,927.9,19.0,-40.0,0.0,1.0,0.0,0.0,275.0
2026-07-20 15:24:56.130,0.0,,,,,28.85,927.9,19.0,-40.0,0.0,1.0,0.0,0.0,275.0
2026-07-20 15:24:56.329,0.0,,,,,28.84,927.8,18.5,-40.0,0.0,1.0,0.0,0.0,275.0
2026-07-20 15:24:56.529,0.0,,,,,28.84,927.8,18.5,-40.0,0.0,1.0,0.0,0.0,275.0
2026-07-20 15:24:56.772,0.0,,,,,28.84,927.8,18.9,-40.0,0.0,1.0,0.0,0.0,276.0
2026-07-20 15:24:56.929,0.0,,,,,28.84,927.8,18.9,-40.0,0.0,1.0,0.0,0.0,276.0
2026-07-20 15:24:57.129,0.0,,,,,28.84,927.8,18.9,-40.0,0.0,1.0,0.0,0.0,276.0
2026-07-20 15:24:57.329,0.0,,,,,28.84,927.9,18.5,-40.0,0.0,1.0,0.0,0.0,276.0
2026-07-20 15:24:57.528,0.0,,,,,28.84,927.9,18.5,-40.0,0.0,1.0,0.0,0.0,276.0
2026-07-20 15:24:57.773,0.0,,,,,28.84,927.8,18.9,-40.0,0.0,1.0,0.0,0.0,277.0
2026-07-20 15:24:57.946,0.0,,,,,28.84,927.8,18.9,-40.0,0.0,1.0,0.0,0.0,277.0
2026-07-20 15:24:58.129,0.0,,,,,28.84,927.8,18.9,-40.0,0.0,1.0,0.0,0.0,277.0
2026-07-20 15:24:58.329,0.0,,,,,28.84,927.8,18.7,-40.0,0.0,1.0,0.0,0.0,277.0
2026-07-20 15:24:58.528,0.0,,,,,28.84,927.8,18.7,-40.0,0.0,1.0,0.0,0.0,277.0
2026-07-20 15:24:58.774,0.0,,,,,28.82,927.8,19.0,-40.0,0.0,1.0,0.0,0.0,278.0
2026-07-20 15:24:58.955,0.0,,,,,28.82,927.8,19.0,-40.0,0.0,1.0,0.0,0.0,278.0
2026-07-20 15:24:59.129,0.0,,,,,28.82,927.8,19.0,-40.0,0.0,1.0,0.0,0.0,278.0
2026-07-20 15:24:59.329,0.0,,,,,28.81,927.8,18.7,-40.0,0.0,1.0,0.0,0.0,278.0
2026-07-20 15:24:59.544,0.0,,,,,28.81,927.8,18.7,-40.0,0.0,1.0,0.0,0.0,278.0
2026-07-20 15:24:59.773,0.0,,,,,28.84,927.9,18.8,-40.0,0.0,1.0,0.0,0.0,279.0
2026-07-20 15:24:59.948,0.0,,,,,28.84,927.9,18.8,-40.0,0.0,1.0,0.0,0.0,279.0
2026-07-20 15:25:00.129,0.0,,,,,28.84,927.9,18.8,-40.0,0.0,1.0,0.0,0.0,279.0
2026-07-20 15:25:00.329,0.0,,,,,28.84,927.9,18.2,-40.0,0.0,1.0,0.0,0.0,279.0
2026-07-20 15:25:00.549,0.0,,,,,28.84,927.9,18.2,-40.0,0.0,1.0,0.0,0.0,279.0
2026-07-20 15:25:00.774,0.0,,,,,28.82,927.8,19.0,-40.0,0.0,1.0,0.0,0.0,280.0
2026-07-20 15:25:00.929,0.0,,,,,28.82,927.8,19.0,-40.0,0.0,1.0,0.0,0.0,280.0
2026-07-20 15:25:01.154,0.0,,,,,28.82,927.8,19.0,-40.0,0.0,1.0,0.0,0.0,280.0
2026-07-20 15:25:01.328,0.0,,,,,28.84,927.9,18.6,-40.0,0.0,1.0,0.0,0.0,280.0
2026-07-20 15:25:01.529,0.0,,,,,28.84,927.9,18.6,-40.0,0.0,1.0,0.0,0.0,280.0
2026-07-20 15:25:01.772,0.0,,,,,28.82,927.9,18.7,-40.0,0.0,1.0,0.0,0.0,281.0
2026-07-20 15:25:01.929,0.0,,,,,28.82,927.9,18.7,-40.0,0.0,1.0,0.0,0.0,281.0
2026-07-20 15:25:02.128,0.0,,,,,28.82,927.9,18.7,-40.0,0.0,1.0,0.0,0.0,281.0
2026-07-20 15:25:02.329,0.0,,,,,28.82,927.8,18.9,-40.0,0.0,1.0,0.0,0.0,281.0
2026-07-20 15:25:02.529,0.0,,,,,28.82,927.8,18.9,-40.0,0.0,1.0,0.0,0.0,281.0
2026-07-20 15:25:02.772,0.0,,,,,28.84,927.8,18.8,-40.0,0.0,1.0,0.0,0.0,282.0
2026-07-20 15:25:02.954,0.0,,,,,28.84,927.8,18.8,-40.0,0.0,1.0,0.0,0.0,282.0
2026-07-20 15:25:03.129,0.0,,,,,28.84,927.8,18.8,-40.0,0.0,1.0,0.0,0.0,282.0
2026-07-20 15:25:03.329,0.0,,,,,28.82,927.9,18.4,-40.0,0.0,1.0,0.0,0.0,282.0
2026-07-20 15:25:03.528,0.0,,,,,28.82,927.9,18.4,-40.0,0.0,1.0,0.0,0.0,282.0
2026-07-20 15:25:03.773,0.0,,,,,28.84,927.9,18.9,-40.0,0.0,1.0,0.0,0.0,283.0
2026-07-20 15:25:03.929,0.0,,,,,28.84,927.9,18.9,-40.0,0.0,1.0,0.0,0.0,283.0
2026-07-20 15:25:04.129,0.0,,,,,28.84,927.9,18.9,-40.0,0.0,1.0,0.0,0.0,283.0
2026-07-20 15:25:04.329,0.0,,,,,28.82,927.8,18.7,-40.0,0.0,1.0,0.0,0.0,283.0
2026-07-20 15:25:04.528,0.0,,,,,28.82,927.8,18.7,-40.0,0.0,1.0,0.0,0.0,283.0
2026-07-20 15:25:04.772,0.0,,,,,28.84,927.8,18.9,-40.0,0.0,1.0,0.0,0.0,284.0
2026-07-20 15:25:04.938,0.0,,,,,28.84,927.8,18.9,-40.0,0.0,1.0,0.0,0.0,284.0
2026-07-20 15:25:05.129,0.0,,,,,28.84,927.8,18.9,-40.0,0.0,1.0,0.0,0.0,284.0
2026-07-20 15:25:05.329,0.0,,,,,28.85,927.9,18.3,-40.0,0.0,1.0,0.0,0.0,284.0
2026-07-20 15:25:05.528,0.0,,,,,28.85,927.9,18.3,-40.0,0.0,1.0,0.0,0.0,284.0
2026-07-20 15:25:05.773,0.0,,,,,28.82,927.8,18.9,-40.0,0.0,1.0,0.0,0.0,285.0
2026-07-20 15:25:05.932,0.0,,,,,28.82,927.8,18.9,-40.0,0.0,1.0,0.0,0.0,285.0
2026-07-20 15:25:06.128,0.0,,,,,28.82,927.8,18.9,-40.0,0.0,1.0,0.0,0.0,285.0
2026-07-20 15:25:06.329,0.0,,,,,28.84,927.8,18.5,-40.0,0.0,1.0,0.0,0.0,285.0
2026-07-20 15:25:06.529,0.0,,,,,28.84,927.8,18.5,-40.0,0.0,1.0,0.0,0.0,285.0
2026-07-20 15:25:06.772,0.0,,,,,28.82,927.8,19.0,-40.0,0.0,1.0,0.0,0.0,286.0
2026-07-20 15:25:06.961,0.0,,,,,28.82,927.8,19.0,-40.0,0.0,1.0,0.0,0.0,286.0
2026-07-20 15:25:07.128,0.0,,,,,28.82,927.8,19.0,-40.0,0.0,1.0,0.0,0.0,286.0
2026-07-20 15:25:07.328,0.0,,,,,28.82,927.8,18.6,-40.0,0.0,1.0,0.0,0.0,286.0
2026-07-20 15:25:07.529,0.0,,,,,28.82,927.8,18.6,-40.0,0.0,1.0,0.0,0.0,286.0
2026-07-20 15:25:07.772,0.0,,,,,28.82,927.8,18.9,-40.0,0.0,1.0,0.0,0.0,287.0
2026-07-20 15:25:07.928,0.0,,,,,28.82,927.8,18.9,-40.0,0.0,1.0,0.0,0.0,287.0
2026-07-20 15:25:08.128,0.0,,,,,28.82,927.8,18.9,-40.0,0.0,1.0,0.0,0.0,287.0
2026-07-20 15:25:08.328,0.0,,,,,28.84,927.8,18.6,-40.0,0.0,1.0,0.0,0.0,287.0
2026-07-20 15:25:08.528,0.0,,,,,28.84,927.8,18.6,-40.0,0.0,1.0,0.0,0.0,287.0
2026-07-20 15:25:08.772,0.0,,,,,28.84,927.8,18.4,-40.0,0.0,1.0,0.0,0.0,288.0
2026-07-20 15:25:08.928,0.0,,,,,28.84,927.8,18.4,-40.0,0.0,1.0,0.0,0.0,288.0
2026-07-20 15:25:09.128,0.0,,,,,28.84,927.8,18.4,-40.0,0.0,1.0,0.0,0.0,288.0
2026-07-20 15:25:09.329,0.0,,,,,28.82,927.8,18.7,-40.0,0.0,1.0,0.0,0.0,288.0
2026-07-20 15:25:09.531,0.0,,,,,28.82,927.8,18.7,-40.0,0.0,1.0,0.0,0.0,288.0
2026-07-20 15:25:09.772,0.0,,,,,28.81,927.7,19.1,-40.0,0.0,1.0,0.0,0.0,289.0
2026-07-20 15:25:09.955,0.0,,,,,28.81,927.7,19.1,-40.0,0.0,1.0,0.0,0.0,289.0
2026-07-20 15:25:10.128,0.0,,,,,28.81,927.7,19.1,-40.0,0.0,1.0,0.0,0.0,289.0
2026-07-20 15:25:10.328,0.0,,,,,28.81,927.8,18.3,-40.0,0.0,1.0,0.0,0.0,289.0
2026-07-20 15:25:10.529,0.0,,,,,28.81,927.8,18.3,-40.0,0.0,1.0,0.0,0.0,289.0
2026-07-20 15:25:10.772,0.0,,,,,28.82,927.8,19.1,-40.0,0.0,1.0,0.0,0.0,290.0
2026-07-20 15:25:10.959,0.0,,,,,28.82,927.8,19.1,-40.0,0.0,1.0,0.0,0.0,290.0
2026-07-20 15:25:11.129,0.0,,,,,28.82,927.8,19.1,-40.0,0.0,1.0,0.0,0.0,290.0
2026-07-20 15:25:11.328,0.0,,,,,28.82,927.8,18.7,-40.0,0.0,1.0,0.0,0.0,290.0
2026-07-20 15:25:11.528,0.0,,,,,28.82,927.8,18.7,-40.0,0.0,1.0,0.0,0.0,290.0
2026-07-20 15:25:11.772,0.0,,,,,28.81,927.8,18.9,-40.0,0.0,1.0,0.0,0.0,291.0
2026-07-20 15:25:11.928,0.0,,,,,28.81,927.8,18.9,-40.0,0.0,1.0,0.0,0.0,291.0
2026-07-20 15:25:12.128,0.0,,,,,28.81,927.8,18.9,-40.0,0.0,1.0,0.0,0.0,291.0
2026-07-20 15:25:12.328,0.0,,,,,28.84,927.8,18.4,-40.0,0.0,1.0,0.0,0.0,291.0
2026-07-20 15:25:12.529,0.0,,,,,28.84,927.8,18.4,-40.0,0.0,1.0,0.0,0.0,291.0
2026-07-20 15:25:12.772,0.0,,,,,28.82,927.8,19.2,-40.0,0.0,1.0,0.0,0.0,292.0
2026-07-20 15:25:12.957,0.0,,,,,28.82,927.8,19.2,-40.0,0.0,1.0,0.0,0.0,292.0
2026-07-20 15:25:13.128,0.0,,,,,28.82,927.8,19.2,-40.0,0.0,1.0,0.0,0.0,292.0
2026-07-20 15:25:13.328,0.0,,,,,28.82,927.8,18.5,-40.0,0.0,1.0,0.0,0.0,292.0
2026-07-20 15:25:13.528,0.0,,,,,28.82,927.8,18.5,-40.0,0.0,1.0,0.0,0.0,292.0
2026-07-20 15:25:13.772,0.0,,,,,28.84,927.9,19.0,-40.0,0.0,1.0,0.0,0.0,293.0
2026-07-20 15:25:13.956,0.0,,,,,28.84,927.9,19.0,-40.0,0.0,1.0,0.0,0.0,293.0
2026-07-20 15:25:14.128,0.0,,,,,28.84,927.9,19.0,-40.0,0.0,1.0,0.0,0.0,293.0
2026-07-20 15:25:14.329,0.0,,,,,28.82,927.9,18.7,-40.0,0.0,1.0,0.0,0.0,293.0
2026-07-20 15:25:14.528,0.0,,,,,28.82,927.9,18.7,-40.0,0.0,1.0,0.0,0.0,293.0
2026-07-20 15:25:14.772,0.0,,,,,28.84,927.9,19.0,-40.0,0.0,1.0,0.0,0.0,294.0
2026-07-20 15:25:14.951,0.0,,,,,28.84,927.9,19.0,-40.0,0.0,1.0,0.0,0.0,294.0
2026-07-20 15:25:15.128,0.0,,,,,28.84,927.9,19.0,-40.0,0.0,1.0,0.0,0.0,294.0
2026-07-20 15:25:15.328,0.0,,,,,28.84,927.9,18.6,-40.0,0.0,1.0,0.0,0.0,294.0
2026-07-20 15:25:15.528,0.0,,,,,28.84,927.9,18.6,-40.0,0.0,1.0,0.0,0.0,294.0
2026-07-20 15:25:15.772,0.0,,,,,28.82,927.8,18.8,-40.0,0.0,1.0,0.0,0.0,295.0
2026-07-20 15:25:15.944,0.0,,,,,28.82,927.8,18.8,-40.0,0.0,1.0,0.0,0.0,295.0
2026-07-20 15:25:16.128,0.0,,,,,28.82,927.8,18.8,-40.0,0.0,1.0,0.0,0.0,295.0
2026-07-20 15:25:16.328,0.0,,,,,28.82,927.8,18.7,-40.0,0.0,1.0,0.0,0.0,295.0
2026-07-20 15:25:16.537,0.0,,,,,28.82,927.8,18.7,-40.0,0.0,1.0,0.0,0.0,295.0
2026-07-20 15:25:16.772,0.0,,,,,28.82,927.8,18.7,-40.0,0.0,1.0,0.0,0.0,296.0
2026-07-20 15:25:16.928,0.0,,,,,28.82,927.8,18.7,-40.0,0.0,1.0,0.0,0.0,296.0
2026-07-20 15:25:17.128,0.0,,,,,28.82,927.8,18.7,-40.0,0.0,1.0,0.0,0.0,296.0
2026-07-20 15:25:17.328,0.0,,,,,28.82,927.9,18.8,-40.0,0.0,1.0,0.0,0.0,296.0
2026-07-20 15:25:17.529,0.0,,,,,28.82,927.9,18.8,-40.0,0.0,1.0,0.0,0.0,296.0
2026-07-20 15:25:17.772,0.0,,,,,28.84,927.9,19.0,-40.0,0.0,1.0,0.0,0.0,297.0
2026-07-20 15:25:17.929,0.0,,,,,28.84,927.9,19.0,-40.0,0.0,1.0,0.0,0.0,297.0
2026-07-20 15:25:18.129,0.0,,,,,28.84,927.9,19.0,-40.0,0.0,1.0,0.0,0.0,297.0
2026-07-20 15:25:18.328,0.0,,,,,28.82,927.9,18.9,-40.0,0.0,1.0,0.0,0.0,297.0
2026-07-20 15:25:18.528,0.0,,,,,28.82,927.9,18.9,-40.0,0.0,1.0,0.0,0.0,297.0
2026-07-20 15:25:18.772,0.0,,,,,28.82,927.9,18.9,-40.0,0.0,1.0,0.0,0.0,298.0
2026-07-20 15:25:18.928,0.0,,,,,28.82,927.9,18.9,-40.0,0.0,1.0,0.0,0.0,298.0
2026-07-20 15:25:19.128,0.0,,,,,28.82,927.9,18.9,-40.0,0.0,1.0,0.0,0.0,298.0
2026-07-20 15:25:19.328,0.0,,,,,28.82,927.9,18.8,-40.0,0.0,1.0,0.0,0.0,298.0
2026-07-20 15:25:19.528,0.0,,,,,28.82,927.9,18.8,-40.0,0.0,1.0,0.0,0.0,298.0
2026-07-20 15:25:19.772,0.0,,,,,28.82,927.9,18.8,-40.0,0.0,1.0,0.0,0.0,299.0
2026-07-20 15:25:19.928,0.0,,,,,28.82,927.9,18.8,-40.0,0.0,1.0,0.0,0.0,299.0
2026-07-20 15:25:20.128,0.0,,,,,28.82,927.9,18.8,-40.0,0.0,1.0,0.0,0.0,299.0
2026-07-20 15:25:20.328,0.0,,,,,28.82,927.9,18.7,-40.0,0.0,1.0,0.0,0.0,299.0
2026-07-20 15:25:20.528,0.0,,,,,28.82,927.9,18.7,-40.0,0.0,1.0,0.0,0.0,299.0
2026-07-20 15:25:20.772,0.0,,,,,28.84,927.8,19.0,-40.0,0.0,1.0,0.0,0.0,300.0
2026-07-20 15:25:20.928,0.0,,,,,28.84,927.8,19.0,-40.0,0.0,1.0,0.0,0.0,300.0
2026-07-20 15:25:21.140,0.0,,,,,28.84,927.8,19.0,-40.0,0.0,1.0,0.0,0.0,300.0
2026-07-20 15:25:21.328,0.0,,,,,28.84,927.9,18.5,-40.0,0.0,1.0,0.0,0.0,300.0
2026-07-20 15:25:21.528,0.0,,,,,28.84,927.9,18.5,-40.0,0.0,1.0,0.0,0.0,300.0
2026-07-20 15:25:21.772,0.0,,,,,28.84,927.9,19.2,-40.0,0.0,1.0,0.0,0.0,301.0
2026-07-20 15:25:21.929,0.0,,,,,28.84,927.9,19.2,-40.0,0.0,1.0,0.0,0.0,301.0
2026-07-20 15:25:22.132,0.0,,,,,28.84,927.9,19.2,-40.0,0.0,1.0,0.0,0.0,301.0
2026-07-20 15:25:22.329,0.0,,,,,28.84,927.9,18.6,-40.0,0.0,1.0,0.0,0.0,301.0
2026-07-20 15:25:22.528,0.0,,,,,28.84,927.9,18.6,-40.0,0.0,1.0,0.0,0.0,301.0
2026-07-20 15:25:22.772,0.0,,,,,28.82,927.9,19.3,-40.0,0.0,1.0,0.0,0.0,302.0
2026-07-20 15:25:22.929,0.0,,,,,28.82,927.9,19.3,-40.0,0.0,1.0,0.0,0.0,302.0
2026-07-20 15:25:23.128,0.0,,,,,28.82,927.9,19.3,-40.0,0.0,1.0,0.0,0.0,302.0
2026-07-20 15:25:23.328,0.0,,,,,28.84,928.0,18.7,-40.0,0.0,1.0,0.0,0.0,302.0
2026-07-20 15:25:23.528,0.0,,,,,28.84,928.0,18.7,-40.0,0.0,1.0,0.0,0.0,302.0
2026-07-20 15:25:23.772,0.0,,,,,28.84,927.9,18.8,-40.0,0.0,1.0,0.0,0.0,303.0
2026-07-20 15:25:23.928,0.0,,,,,28.84,927.9,18.8,-40.0,0.0,1.0,0.0,0.0,303.0
2026-07-20 15:25:24.128,0.0,,,,,28.84,927.9,18.8,-40.0,0.0,1.0,0.0,0.0,303.0
2026-07-20 15:25:24.328,0.0,,,,,28.82,927.9,18.4,-40.0,0.0,1.0,0.0,0.0,303.0
2026-07-20 15:25:24.529,0.0,,,,,28.82,927.9,18.4,-40.0,0.0,1.0,0.0,0.0,303.0
2026-07-20 15:25:24.772,0.0,,,,,28.85,927.9,19.0,-40.0,0.0,1.0,0.0,0.0,304.0
2026-07-20 15:25:24.928,0.0,,,,,28.85,927.9,19.0,-40.0,0.0,1.0,0.0,0.0,304.0
2026-07-20 15:25:25.128,0.0,,,,,28.85,927.9,19.0,-40.0,0.0,1.0,0.0,0.0,304.0
2026-07-20 15:25:25.328,0.0,,,,,28.82,927.9,18.7,-40.0,0.0,1.0,0.0,0.0,304.0
2026-07-20 15:25:25.528,0.0,,,,,28.82,927.9,18.7,-40.0,0.0,1.0,0.0,0.0,304.0
2026-07-20 15:25:25.772,0.0,,,,,28.82,927.8,18.7,-40.0,0.0,1.0,0.0,0.0,305.0
2026-07-20 15:25:25.928,0.0,,,,,28.82,927.8,18.7,-40.0,0.0,1.0,0.0,0.0,305.0
2026-07-20 15:25:26.128,0.0,,,,,28.82,927.8,18.7,-40.0,0.0,1.0,0.0,0.0,305.0
2026-07-20 15:25:26.328,0.0,,,,,28.82,927.9,18.7,-40.0,0.0,1.0,0.0,0.0,305.0
2026-07-20 15:25:26.528,0.0,,,,,28.82,927.9,18.7,-40.0,0.0,1.0,0.0,0.0,305.0
2026-07-20 15:25:26.772,0.0,,,,,28.82,927.9,18.6,-40.0,0.0,1.0,0.0,0.0,306.0
2026-07-20 15:25:26.928,0.0,,,,,28.82,927.9,18.6,-40.0,0.0,1.0,0.0,0.0,306.0
2026-07-20 15:25:27.128,0.0,,,,,28.82,927.9,18.6,-40.0,0.0,1.0,0.0,0.0,306.0
2026-07-20 15:25:27.328,0.0,,,,,28.82,927.8,18.9,-40.0,0.0,1.0,0.0,0.0,306.0
2026-07-20 15:25:27.528,0.0,,,,,28.82,927.8,18.9,-40.0,0.0,1.0,0.0,0.0,306.0
2026-07-20 15:25:27.772,0.0,,,,,28.84,927.9,19.2,-40.0,0.0,1.0,0.0,0.0,307.0
2026-07-20 15:25:27.928,0.0,,,,,28.84,927.9,19.2,-40.0,0.0,1.0,0.0,0.0,307.0
2026-07-20 15:25:28.127,0.0,,,,,28.84,927.9,19.2,-40.0,0.0,1.0,0.0,0.0,307.0
2026-07-20 15:25:28.328,0.0,,,,,28.82,927.8,18.6,-40.0,0.0,1.0,0.0,0.0,307.0
2026-07-20 15:25:28.528,0.0,,,,,28.82,927.8,18.6,-40.0,0.0,1.0,0.0,0.0,307.0
2026-07-20 15:25:28.772,0.0,,,,,28.82,927.8,18.9,-40.0,0.0,1.0,0.0,0.0,308.0
2026-07-20 15:25:28.928,0.0,,,,,28.82,927.8,18.9,-40.0,0.0,1.0,0.0,0.0,308.0
2026-07-20 15:25:29.128,0.0,,,,,28.82,927.8,18.9,-40.0,0.0,1.0,0.0,0.0,308.0
2026-07-20 15:25:29.328,0.0,,,,,28.82,927.8,18.6,-40.0,0.0,1.0,0.0,0.0,308.0
2026-07-20 15:25:29.527,0.0,,,,,28.82,927.8,18.6,-40.0,0.0,1.0,0.0,0.0,308.0
2026-07-20 15:25:29.772,0.0,,,,,28.85,927.9,19.0,-40.0,0.0,1.0,0.0,0.0,309.0
2026-07-20 15:25:29.956,0.0,,,,,28.85,927.9,19.0,-40.0,0.0,1.0,0.0,0.0,309.0
2026-07-20 15:25:30.128,0.0,,,,,28.85,927.9,19.0,-40.0,0.0,1.0,0.0,0.0,309.0
2026-07-20 15:25:30.328,0.0,,,,,28.84,927.8,18.7,-40.0,0.0,1.0,0.0,0.0,309.0
2026-07-20 15:25:30.529,0.0,,,,,28.84,927.8,18.7,-40.0,0.0,1.0,0.0,0.0,309.0
2026-07-20 15:25:30.772,0.0,,,,,28.85,927.9,19.5,-40.0,0.0,1.0,0.0,0.0,310.0
2026-07-20 15:25:30.928,0.0,,,,,28.85,927.9,19.5,-40.0,0.0,1.0,0.0,0.0,310.0
2026-07-20 15:25:31.127,0.0,,,,,28.85,927.9,19.5,-40.0,0.0,1.0,0.0,0.0,310.0
2026-07-20 15:25:31.332,0.0,,,,,28.82,927.8,18.6,-40.0,0.0,1.0,0.0,0.0,310.0
2026-07-20 15:25:31.528,0.0,,,,,28.82,927.8,18.6,-40.0,0.0,1.0,0.0,0.0,310.0
2026-07-20 15:25:31.771,0.0,,,,,28.84,927.8,19.2,-40.0,0.0,1.0,0.0,0.0,311.0
2026-07-20 15:25:31.928,0.0,,,,,28.84,927.8,19.2,-40.0,0.0,1.0,0.0,0.0,311.0
2026-07-20 15:25:32.127,0.0,,,,,28.84,927.8,19.2,-40.0,0.0,1.0,0.0,0.0,311.0
2026-07-20 15:25:32.330,0.0,,,,,28.82,927.9,18.6,-40.0,0.0,1.0,0.0,0.0,311.0
2026-07-20 15:25:32.528,0.0,,,,,28.82,927.9,18.6,-40.0,0.0,1.0,0.0,0.0,311.0
2026-07-20 15:25:32.772,0.0,,,,,28.84,927.9,18.8,-40.0,0.0,1.0,0.0,0.0,312.0
2026-07-20 15:25:32.928,0.0,,,,,28.84,927.9,18.8,-40.0,0.0,1.0,0.0,0.0,312.0
2026-07-20 15:25:33.128,0.0,,,,,28.84,927.9,18.8,-40.0,0.0,1.0,0.0,0.0,312.0
2026-07-20 15:25:33.328,0.0,,,,,28.85,927.9,18.6,-40.0,0.0,1.0,0.0,0.0,312.0
2026-07-20 15:25:33.527,0.0,,,,,28.85,927.9,18.6,-40.0,0.0,1.0,0.0,0.0,312.0
2026-07-20 15:25:33.772,0.0,,,,,28.84,927.9,18.5,-40.0,0.0,1.0,0.0,0.0,313.0
2026-07-20 15:25:33.930,0.0,,,,,28.84,927.9,18.5,-40.0,0.0,1.0,0.0,0.0,313.0
2026-07-20 15:25:34.129,0.0,,,,,28.84,927.9,18.5,-40.0,0.0,1.0,0.0,0.0,313.0
2026-07-20 15:25:34.328,0.0,,,,,28.82,927.8,18.5,-40.0,0.0,1.0,0.0,0.0,313.0
2026-07-20 15:25:34.528,0.0,,,,,28.82,927.8,18.5,-40.0,0.0,1.0,0.0,0.0,313.0
2026-07-20 15:25:34.771,0.0,,,,,28.84,927.9,18.6,-40.0,0.0,1.0,0.0,0.0,314.0
2026-07-20 15:25:34.927,0.0,,,,,28.84,927.9,18.6,-40.0,0.0,1.0,0.0,0.0,314.0
2026-07-20 15:25:35.128,0.0,,,,,28.84,927.9,18.6,-40.0,0.0,1.0,0.0,0.0,314.0
2026-07-20 15:25:35.328,0.0,,,,,28.82,927.9,18.6,-40.0,0.0,1.0,0.0,0.0,314.0
2026-07-20 15:25:35.528,0.0,,,,,28.82,927.9,18.6,-40.0,0.0,1.0,0.0,0.0,314.0
2026-07-20 15:25:35.772,0.0,,,,,28.85,927.9,18.9,-40.0,0.0,1.0,0.0,0.0,315.0
2026-07-20 15:25:35.955,0.0,,,,,28.85,927.9,18.9,-40.0,0.0,1.0,0.0,0.0,315.0
2026-07-20 15:25:36.128,0.0,,,,,28.85,927.9,18.9,-40.0,0.0,1.0,0.0,0.0,315.0
2026-07-20 15:25:36.328,0.0,,,,,28.84,927.9,18.9,-40.0,0.0,1.0,0.0,0.0,315.0
2026-07-20 15:25:36.527,0.0,,,,,28.84,927.9,18.9,-40.0,0.0,1.0,0.0,0.0,315.0
2026-07-20 15:25:36.772,0.0,,,,,28.85,927.9,18.5,-40.0,0.0,1.0,0.0,0.0,316.0
2026-07-20 15:25:36.954,0.0,,,,,28.85,927.9,18.5,-40.0,0.0,1.0,0.0,0.0,316.0
2026-07-20 15:25:37.127,0.0,,,,,28.85,927.9,18.5,-40.0,0.0,1.0,0.0,0.0,316.0
2026-07-20 15:25:37.329,0.0,,,,,28.84,927.9,18.7,-40.0,0.0,1.0,0.0,0.0,316.0
2026-07-20 15:25:37.534,0.0,,,,,28.84,927.9,18.7,-40.0,0.0,1.0,0.0,0.0,316.0
2026-07-20 15:25:37.772,0.0,,,,,28.85,927.9,18.4,-40.0,0.0,1.0,0.0,0.0,317.0
2026-07-20 15:25:37.947,0.0,,,,,28.85,927.9,18.4,-40.0,0.0,1.0,0.0,0.0,317.0
2026-07-20 15:25:38.128,0.0,,,,,28.85,927.9,18.4,-40.0,0.0,1.0,0.0,0.0,317.0
2026-07-20 15:25:38.327,0.0,,,,,28.85,927.8,18.8,-40.0,0.0,1.0,0.0,0.0,317.0
2026-07-20 15:25:38.536,0.0,,,,,28.85,927.8,18.8,-40.0,0.0,1.0,0.0,0.0,317.0
2026-07-20 15:25:38.771,0.0,,,,,28.84,927.9,18.6,-40.0,0.0,1.0,0.0,0.0,318.0
2026-07-20 15:25:38.927,0.0,,,,,28.84,927.9,18.6,-40.0,0.0,1.0,0.0,0.0,318.0
2026-07-20 15:25:39.128,0.0,,,,,28.84,927.9,18.6,-40.0,0.0,1.0,0.0,0.0,318.0
2026-07-20 15:25:39.329,0.0,,,,,28.85,927.9,19.0,-40.0,0.0,1.0,0.0,0.0,318.0
2026-07-20 15:25:39.532,0.0,,,,,28.85,927.9,19.0,-40.0,0.0,1.0,0.0,0.0,318.0
2026-07-20 15:25:39.772,0.0,,,,,28.85,927.9,18.9,-40.0,0.0,1.0,0.0,0.0,319.0
2026-07-20 15:25:39.928,0.0,,,,,28.85,927.9,18.9,-40.0,0.0,1.0,0.0,0.0,319.0
2026-07-20 15:25:40.128,0.0,,,,,28.85,927.9,18.9,-40.0,0.0,1.0,0.0,0.0,319.0
2026-07-20 15:25:40.328,0.0,,,,,28.84,927.8,18.8,-40.0,0.0,1.0,0.0,0.0,319.0
2026-07-20 15:25:40.528,0.0,,,,,28.84,927.8,18.8,-40.0,0.0,1.0,0.0,0.0,319.0
2026-07-20 15:25:40.772,0.0,,,,,28.85,927.9,19.1,-40.0,0.0,1.0,0.0,0.0,320.0
2026-07-20 15:25:40.928,0.0,,,,,28.85,927.9,19.1,-40.0,0.0,1.0,0.0,0.0,320.0
2026-07-20 15:25:41.128,0.0,,,,,28.85,927.9,19.1,-40.0,0.0,1.0,0.0,0.0,320.0
2026-07-20 15:25:41.327,0.0,,,,,28.84,927.8,18.6,-40.0,0.0,1.0,0.0,0.0,320.0
2026-07-20 15:25:41.527,0.0,,,,,28.84,927.8,18.6,-40.0,0.0,1.0,0.0,0.0,320.0
2026-07-20 15:25:41.772,0.0,,,,,28.84,927.8,19.0,-40.0,0.0,1.0,0.0,0.0,321.0
2026-07-20 15:25:41.927,0.0,,,,,28.84,927.8,19.0,-40.0,0.0,1.0,0.0,0.0,321.0
2026-07-20 15:25:42.133,0.0,,,,,28.84,927.8,19.0,-40.0,0.0,1.0,0.0,0.0,321.0
2026-07-20 15:25:42.328,0.0,,,,,28.86,927.9,18.2,-40.0,0.0,1.0,0.0,0.0,321.0
2026-07-20 15:25:42.527,0.0,,,,,28.86,927.9,18.2,-40.0,0.0,1.0,0.0,0.0,321.0
2026-07-20 15:25:42.771,0.0,,,,,28.84,927.9,19.0,-40.0,0.0,1.0,0.0,0.0,322.0
2026-07-20 15:25:42.928,0.0,,,,,28.84,927.9,19.0,-40.0,0.0,1.0,0.0,0.0,322.0
2026-07-20 15:25:43.143,0.0,,,,,28.84,927.9,19.0,-40.0,0.0,1.0,0.0,0.0,322.0
2026-07-20 15:25:43.328,0.0,,,,,28.82,927.8,18.9,-40.0,0.0,1.0,0.0,0.0,322.0
2026-07-20 15:25:43.528,0.0,,,,,28.82,927.8,18.9,-40.0,0.0,1.0,0.0,0.0,322.0
2026-07-20 15:25:43.771,0.0,,,,,28.84,927.8,19.0,-40.0,0.0,1.0,0.0,0.0,323.0
2026-07-20 15:25:43.928,0.0,,,,,28.84,927.8,19.0,-40.0,0.0,1.0,0.0,0.0,323.0
2026-07-20 15:25:44.127,0.0,,,,,28.84,927.8,19.0,-40.0,0.0,1.0,0.0,0.0,323.0
2026-07-20 15:25:44.328,0.0,,,,,28.84,927.9,18.5,-40.0,0.0,1.0,0.0,0.0,323.0
2026-07-20 15:25:44.527,0.0,,,,,28.84,927.9,18.5,-40.0,0.0,1.0,0.0,0.0,323.0
2026-07-20 15:25:44.771,0.0,,,,,28.85,927.9,18.7,-40.0,0.0,1.0,0.0,0.0,324.0
2026-07-20 15:25:44.929,0.0,,,,,28.85,927.9,18.7,-40.0,0.0,1.0,0.0,0.0,324.0
2026-07-20 15:25:45.128,0.0,,,,,28.85,927.9,18.7,-40.0,0.0,1.0,0.0,0.0,324.0
2026-07-20 15:25:45.327,0.0,,,,,28.84,927.8,18.9,-40.0,0.0,1.0,0.0,0.0,324.0
2026-07-20 15:25:45.528,0.0,,,,,28.84,927.8,18.9,-40.0,0.0,1.0,0.0,0.0,324.0
2026-07-20 15:25:45.771,0.0,,,,,28.85,927.9,18.6,-40.0,0.0,1.0,0.0,0.0,325.0
2026-07-20 15:25:45.952,0.0,,,,,28.85,927.9,18.6,-40.0,0.0,1.0,0.0,0.0,325.0
2026-07-20 15:25:46.128,0.0,,,,,28.85,927.9,18.6,-40.0,0.0,1.0,0.0,0.0,325.0
2026-07-20 15:25:46.328,0.0,,,,,28.82,927.8,18.3,-40.0,0.0,1.0,0.0,0.0,325.0
2026-07-20 15:25:46.529,0.0,,,,,28.82,927.8,18.3,-40.0,0.0,1.0,0.0,0.0,325.0
2026-07-20 15:25:46.772,0.0,,,,,28.85,927.8,18.9,-40.0,0.0,1.0,0.0,0.0,326.0
2026-07-20 15:25:46.954,0.0,,,,,28.85,927.8,18.9,-40.0,0.0,1.0,0.0,0.0,326.0
2026-07-20 15:25:47.127,0.0,,,,,28.85,927.8,18.9,-40.0,0.0,1.0,0.0,0.0,326.0
2026-07-20 15:25:47.328,0.0,,,,,28.85,927.8,18.6,-40.0,0.0,1.0,0.0,0.0,326.0
2026-07-20 15:25:47.528,0.0,,,,,28.85,927.8,18.6,-40.0,0.0,1.0,0.0,0.0,326.0
2026-07-20 15:25:47.772,0.0,,,,,28.85,927.8,19.1,-40.0,0.0,1.0,0.0,0.0,327.0
2026-07-20 15:25:47.946,0.0,,,,,28.85,927.8,19.1,-40.0,0.0,1.0,0.0,0.0,327.0
2026-07-20 15:25:48.127,0.0,,,,,28.85,927.8,19.1,-40.0,0.0,1.0,0.0,0.0,327.0
2026-07-20 15:25:48.329,0.0,,,,,28.84,927.9,19.1,-40.0,0.0,1.0,0.0,0.0,327.0
2026-07-20 15:25:48.527,0.0,,,,,28.84,927.9,19.1,-40.0,0.0,1.0,0.0,0.0,327.0
2026-07-20 15:25:48.771,0.0,,,,,28.85,927.8,18.5,-40.0,0.0,1.0,0.0,0.0,328.0
2026-07-20 15:25:48.951,0.0,,,,,28.85,927.8,18.5,-40.0,0.0,1.0,0.0,0.0,328.0
2026-07-20 15:25:49.128,0.0,,,,,28.85,927.8,18.5,-40.0,0.0,1.0,0.0,0.0,328.0
2026-07-20 15:25:49.327,0.0,,,,,28.84,927.8,18.5,-40.0,0.0,1.0,0.0,0.0,328.0
2026-07-20 15:25:49.527,0.0,,,,,28.84,927.8,18.5,-40.0,0.0,1.0,0.0,0.0,328.0
2026-07-20 15:25:49.772,0.0,,,,,28.84,928.0,19.0,-40.0,0.0,1.0,0.0,0.0,329.0
2026-07-20 15:25:49.928,0.0,,,,,28.84,928.0,19.0,-40.0,0.0,1.0,0.0,0.0,329.0
2026-07-20 15:25:50.128,0.0,,,,,28.84,928.0,19.0,-40.0,0.0,1.0,0.0,0.0,329.0
2026-07-20 15:25:50.351,0.0,,,,,28.85,927.9,18.7,-40.0,0.0,1.0,0.0,0.0,329.0
2026-07-20 15:25:50.527,0.0,,,,,28.85,927.9,18.7,-40.0,0.0,1.0,0.0,0.0,329.0
2026-07-20 15:25:50.772,0.0,,,,,28.85,927.9,18.8,-40.0,0.0,1.0,0.0,0.0,330.0
2026-07-20 15:25:50.946,0.0,,,,,28.85,927.9,18.8,-40.0,0.0,1.0,0.0,0.0,330.0
2026-07-20 15:25:51.128,0.0,,,,,28.85,927.9,18.8,-40.0,0.0,1.0,0.0,0.0,330.0
2026-07-20 15:25:51.328,0.0,,,,,28.86,927.9,18.8,-40.0,0.0,1.0,0.0,0.0,330.0
2026-07-20 15:25:51.529,0.0,,,,,28.86,927.9,18.8,-40.0,0.0,1.0,0.0,0.0,330.0
2026-07-20 15:25:51.771,0.0,,,,,28.85,927.9,19.0,-40.0,0.0,1.0,0.0,0.0,331.0
2026-07-20 15:25:51.950,0.0,,,,,28.85,927.9,19.0,-40.0,0.0,1.0,0.0,0.0,331.0
2026-07-20 15:25:52.127,0.0,,,,,28.85,927.9,19.0,-40.0,0.0,1.0,0.0,0.0,331.0
2026-07-20 15:25:52.327,0.0,,,,,28.85,927.9,18.5,-40.0,0.0,1.0,0.0,0.0,331.0
2026-07-20 15:25:52.527,0.0,,,,,28.85,927.9,18.5,-40.0,0.0,1.0,0.0,0.0,331.0
2026-07-20 15:25:52.771,0.0,,,,,28.85,927.8,18.6,-40.0,0.0,1.0,0.0,0.0,332.0
2026-07-20 15:25:52.928,0.0,,,,,28.85,927.8,18.6,-40.0,0.0,1.0,0.0,0.0,332.0
2026-07-20 15:25:53.128,0.0,,,,,28.85,927.8,18.6,-40.0,0.0,1.0,0.0,0.0,332.0
2026-07-20 15:25:53.328,0.0,,,,,28.85,927.9,18.3,-40.0,0.0,1.0,0.0,0.0,332.0
2026-07-20 15:25:53.527,0.0,,,,,28.85,927.9,18.3,-40.0,0.0,1.0,0.0,0.0,332.0
2026-07-20 15:25:53.771,0.0,,,,,28.84,927.8,18.8,-40.0,0.0,1.0,0.0,0.0,333.0
2026-07-20 15:25:53.927,0.0,,,,,28.84,927.8,18.8,-40.0,0.0,1.0,0.0,0.0,333.0
2026-07-20 15:25:54.127,0.0,,,,,28.84,927.8,18.8,-40.0,0.0,1.0,0.0,0.0,333.0
2026-07-20 15:25:54.328,0.0,,,,,28.85,927.9,18.8,-40.0,0.0,1.0,0.0,0.0,333.0
2026-07-20 15:25:54.527,0.0,,,,,28.85,927.9,18.8,-40.0,0.0,1.0,0.0,0.0,333.0
2026-07-20 15:25:54.772,0.0,,,,,28.85,927.9,18.8,-40.0,0.0,1.0,0.0,0.0,334.0
2026-07-20 15:25:54.927,0.0,,,,,28.85,927.9,18.8,-40.0,0.0,1.0,0.0,0.0,334.0
2026-07-20 15:25:55.127,0.0,,,,,28.85,927.9,18.8,-40.0,0.0,1.0,0.0,0.0,334.0
2026-07-20 15:25:55.328,0.0,,,,,28.85,927.8,18.5,-40.0,0.0,1.0,0.0,0.0,334.0
2026-07-20 15:25:55.528,0.0,,,,,28.85,927.8,18.5,-40.0,0.0,1.0,0.0,0.0,334.0
2026-07-20 15:25:55.771,0.0,,,,,28.85,927.9,19.3,-40.0,0.0,1.0,0.0,0.0,335.0
2026-07-20 15:25:55.928,0.0,,,,,28.85,927.9,19.3,-40.0,0.0,1.0,0.0,0.0,335.0
2026-07-20 15:25:56.127,0.0,,,,,28.85,927.9,19.3,-40.0,0.0,1.0,0.0,0.0,335.0
2026-07-20 15:25:56.347,0.0,,,,,28.85,927.9,18.7,-40.0,0.0,1.0,0.0,0.0,335.0
2026-07-20 15:25:56.527,0.0,,,,,28.85,927.9,18.7,-40.0,0.0,1.0,0.0,0.0,335.0
2026-07-20 15:25:56.771,0.0,,,,,28.85,927.9,18.9,-40.0,0.0,1.0,0.0,0.0,336.0
2026-07-20 15:25:56.927,0.0,,,,,28.85,927.9,18.9,-40.0,0.0,1.0,0.0,0.0,336.0
2026-07-20 15:25:57.128,0.0,,,,,28.85,927.9,18.9,-40.0,0.0,1.0,0.0,0.0,336.0
2026-07-20 15:25:57.334,0.0,,,,,28.85,927.8,18.5,-40.0,0.0,1.0,0.0,0.0,336.0
2026-07-20 15:25:57.527,0.0,,,,,28.85,927.8,18.5,-40.0,0.0,1.0,0.0,0.0,336.0
2026-07-20 15:25:57.771,0.0,,,,,28.86,927.9,19.1,-40.0,0.0,1.0,0.0,0.0,337.0
2026-07-20 15:25:57.927,0.0,,,,,28.86,927.9,19.1,-40.0,0.0,1.0,0.0,0.0,337.0
2026-07-20 15:25:58.127,0.0,,,,,28.86,927.9,19.1,-40.0,0.0,1.0,0.0,0.0,337.0
2026-07-20 15:25:58.332,0.0,,,,,28.85,927.9,18.4,-40.0,0.0,1.0,0.0,0.0,337.0
2026-07-20 15:25:58.527,0.0,,,,,28.85,927.9,18.4,-40.0,0.0,1.0,0.0,0.0,337.0
2026-07-20 15:25:58.771,0.0,,,,,28.85,927.8,18.8,-40.0,0.0,1.0,0.0,0.0,338.0
2026-07-20 15:25:58.927,0.0,,,,,28.85,927.8,18.8,-40.0,0.0,1.0,0.0,0.0,338.0
2026-07-20 15:25:59.127,0.0,,,,,28.85,927.8,18.8,-40.0,0.0,1.0,0.0,0.0,338.0
2026-07-20 15:25:59.328,0.0,,,,,28.86,927.8,18.2,-40.0,0.0,1.0,0.0,0.0,338.0
2026-07-20 15:25:59.527,0.0,,,,,28.86,927.8,18.2,-40.0,0.0,1.0,0.0,0.0,338.0
2026-07-20 15:25:59.772,0.0,,,,,28.84,927.8,19.0,-40.0,0.0,1.0,0.0,0.0,339.0
2026-07-20 15:25:59.951,0.0,,,,,28.84,927.8,19.0,-40.0,0.0,1.0,0.0,0.0,339.0
2026-07-20 15:26:00.127,0.0,,,,,28.84,927.8,19.0,-40.0,0.0,1.0,0.0,0.0,339.0
2026-07-20 15:26:00.327,0.0,,,,,28.85,927.8,18.5,-40.0,0.0,1.0,0.0,0.0,339.0
2026-07-20 15:26:00.531,0.0,,,,,28.85,927.8,18.5,-40.0,0.0,1.0,0.0,0.0,339.0
2026-07-20 15:26:00.772,0.0,,,,,28.84,927.8,18.5,-40.0,0.0,1.0,0.0,0.0,340.0
2026-07-20 15:26:00.951,0.0,,,,,28.84,927.8,18.5,-40.0,0.0,1.0,0.0,0.0,340.0
2026-07-20 15:26:01.127,0.0,,,,,28.84,927.8,18.5,-40.0,0.0,1.0,0.0,0.0,340.0
2026-07-20 15:26:01.327,0.0,,,,,28.85,927.9,18.1,-40.0,0.0,1.0,0.0,0.0,340.0
2026-07-20 15:26:01.527,0.0,,,,,28.85,927.9,18.1,-40.0,0.0,1.0,0.0,0.0,340.0
2026-07-20 15:26:01.771,0.0,,,,,28.85,927.9,18.9,-40.0,0.0,1.0,0.0,0.0,341.0
2026-07-20 15:26:01.927,0.0,,,,,28.85,927.9,18.9,-40.0,0.0,1.0,0.0,0.0,341.0
2026-07-20 15:26:02.127,0.0,,,,,28.85,927.9,18.9,-40.0,0.0,1.0,0.0,0.0,341.0
2026-07-20 15:26:02.331,0.0,,,,,28.86,927.9,18.4,-40.0,0.0,1.0,0.0,0.0,341.0
2026-07-20 15:26:02.528,0.0,,,,,28.86,927.9,18.4,-40.0,0.0,1.0,0.0,0.0,341.0
2026-07-20 15:26:02.771,0.0,,,,,28.85,927.8,19.0,-40.0,0.0,1.0,0.0,0.0,342.0
2026-07-20 15:26:02.927,0.0,,,,,28.85,927.8,19.0,-40.0,0.0,1.0,0.0,0.0,342.0
2026-07-20 15:26:03.128,0.0,,,,,28.85,927.8,19.0,-40.0,0.0,1.0,0.0,0.0,342.0
2026-07-20 15:26:03.327,0.0,,,,,28.85,927.9,18.5,-40.0,0.0,1.0,0.0,0.0,342.0
2026-07-20 15:26:03.527,0.0,,,,,28.85,927.9,18.5,-40.0,0.0,1.0,0.0,0.0,342.0
2026-07-20 15:26:03.772,0.0,,,,,28.85,927.9,18.3,-40.0,0.0,1.0,0.0,0.0,343.0
2026-07-20 15:26:03.927,0.0,,,,,28.85,927.9,18.3,-40.0,0.0,1.0,0.0,0.0,343.0
2026-07-20 15:26:04.128,0.0,,,,,28.85,927.9,18.3,-40.0,0.0,1.0,0.0,0.0,343.0
2026-07-20 15:26:04.327,0.0,,,,,28.84,927.9,18.5,-40.0,0.0,1.0,0.0,0.0,343.0
2026-07-20 15:26:04.527,0.0,,,,,28.84,927.9,18.5,-40.0,0.0,1.0,0.0,0.0,343.0
2026-07-20 15:26:04.771,0.0,,,,,28.85,927.9,19.3,-40.0,0.0,1.0,0.0,0.0,344.0
2026-07-20 15:26:04.928,0.0,,,,,28.85,927.9,19.3,-40.0,0.0,1.0,0.0,0.0,344.0
2026-07-20 15:26:05.127,0.0,,,,,28.85,927.9,19.3,-40.0,0.0,1.0,0.0,0.0,344.0
2026-07-20 15:26:05.328,0.0,,,,,28.85,927.9,18.4,-40.0,0.0,1.0,0.0,0.0,344.0
2026-07-20 15:26:05.527,0.0,,,,,28.85,927.9,18.4,-40.0,0.0,1.0,0.0,0.0,344.0
2026-07-20 15:26:05.771,0.0,,,,,28.86,927.8,19.0,-40.0,0.0,1.0,0.0,0.0,345.0
2026-07-20 15:26:05.927,0.0,,,,,28.86,927.8,19.0,-40.0,0.0,1.0,0.0,0.0,345.0
2026-07-20 15:26:06.127,0.0,,,,,28.86,927.8,19.0,-40.0,0.0,1.0,0.0,0.0,345.0
2026-07-20 15:26:06.327,0.0,,,,,28.84,927.9,18.4,-40.0,0.0,1.0,0.0,0.0,345.0
2026-07-20 15:26:06.528,0.0,,,,,28.84,927.9,18.4,-40.0,0.0,1.0,0.0,0.0,345.0
2026-07-20 15:26:06.771,0.0,,,,,28.85,927.8,18.9,-40.0,0.0,1.0,0.0,0.0,346.0
2026-07-20 15:26:06.944,0.0,,,,,28.85,927.8,18.9,-40.0,0.0,1.0,0.0,0.0,346.0
2026-07-20 15:26:07.127,0.0,,,,,28.85,927.8,18.9,-40.0,0.0,1.0,0.0,0.0,346.0
2026-07-20 15:26:07.327,0.0,,,,,28.85,927.8,18.3,-40.0,0.0,1.0,0.0,0.0,346.0
2026-07-20 15:26:07.535,0.0,,,,,28.85,927.8,18.3,-40.0,0.0,1.0,0.0,0.0,346.0
2026-07-20 15:26:07.771,0.0,,,,,28.85,927.9,18.1,-40.0,0.0,1.0,0.0,0.0,347.0
2026-07-20 15:26:07.927,0.0,,,,,28.85,927.9,18.1,-40.0,0.0,1.0,0.0,0.0,347.0
2026-07-20 15:26:08.127,0.0,,,,,28.85,927.9,18.1,-40.0,0.0,1.0,0.0,0.0,347.0
2026-07-20 15:26:08.327,0.0,,,,,28.85,927.8,18.2,-40.0,0.0,1.0,0.0,0.0,347.0
2026-07-20 15:26:08.527,0.0,,,,,28.85,927.8,18.2,-40.0,0.0,1.0,0.0,0.0,347.0
2026-07-20 15:26:08.771,0.0,,,,,28.86,927.9,18.9,-40.0,0.0,1.0,0.0,0.0,348.0
2026-07-20 15:26:08.928,0.0,,,,,28.86,927.9,18.9,-40.0,0.0,1.0,0.0,0.0,348.0
2026-07-20 15:26:09.144,0.0,,,,,28.86,927.9,18.9,-40.0,0.0,1.0,0.0,0.0,348.0
2026-07-20 15:26:09.327,0.0,,,,,28.85,927.9,18.5,-40.0,0.0,1.0,0.0,0.0,348.0
2026-07-20 15:26:09.527,0.0,,,,,28.85,927.9,18.5,-40.0,0.0,1.0,0.0,0.0,348.0
2026-07-20 15:26:09.771,0.0,,,,,28.85,927.8,18.8,-40.0,0.0,1.0,0.0,0.0,349.0
2026-07-20 15:26:09.926,0.0,,,,,28.85,927.8,18.8,-40.0,0.0,1.0,0.0,0.0,349.0
2026-07-20 15:26:10.127,0.0,,,,,28.85,927.8,18.8,-40.0,0.0,1.0,0.0,0.0,349.0
2026-07-20 15:26:10.327,0.0,,,,,28.84,927.8,18.5,-40.0,0.0,1.0,0.0,0.0,349.0
2026-07-20 15:26:10.527,0.0,,,,,28.84,927.8,18.5,-40.0,0.0,1.0,0.0,0.0,349.0
2026-07-20 15:26:10.771,0.0,,,,,28.85,927.8,18.4,-40.0,0.0,1.0,0.0,0.0,350.0
2026-07-20 15:26:10.927,0.0,,,,,28.85,927.8,18.4,-40.0,0.0,1.0,0.0,0.0,350.0
2026-07-20 15:26:11.127,0.0,,,,,28.85,927.8,18.4,-40.0,0.0,1.0,0.0,0.0,350.0
2026-07-20 15:26:11.327,0.0,,,,,28.85,927.9,18.3,-40.0,0.0,1.0,0.0,0.0,350.0
2026-07-20 15:26:11.527,0.0,,,,,28.85,927.9,18.3,-40.0,0.0,1.0,0.0,0.0,350.0
2026-07-20 15:26:11.771,0.0,,,,,28.84,927.8,18.8,-40.0,0.0,1.0,0.0,0.0,351.0
2026-07-20 15:26:11.927,0.0,,,,,28.84,927.8,18.8,-40.0,0.0,1.0,0.0,0.0,351.0
2026-07-20 15:26:12.127,0.0,,,,,28.84,927.8,18.8,-40.0,0.0,1.0,0.0,0.0,351.0
2026-07-20 15:26:12.327,0.0,,,,,28.84,927.8,18.6,-40.0,0.0,1.0,0.0,0.0,351.0
2026-07-20 15:26:12.527,0.0,,,,,28.84,927.8,18.6,-40.0,0.0,1.0,0.0,0.0,351.0
2026-07-20 15:26:12.770,0.0,,,,,28.85,927.8,19.1,-40.0,0.0,1.0,0.0,0.0,352.0
2026-07-20 15:26:12.956,0.0,,,,,28.85,927.8,19.1,-40.0,0.0,1.0,0.0,0.0,352.0
2026-07-20 15:26:13.128,0.0,,,,,28.85,927.8,19.1,-40.0,0.0,1.0,0.0,0.0,352.0
2026-07-20 15:26:13.327,0.0,,,,,28.85,927.8,18.6,-40.0,0.0,1.0,0.0,0.0,352.0
2026-07-20 15:26:13.527,0.0,,,,,28.85,927.8,18.6,-40.0,0.0,1.0,0.0,0.0,352.0
2026-07-20 15:26:13.771,0.0,,,,,28.85,927.8,18.8,-40.0,0.0,1.0,0.0,0.0,353.0
2026-07-20 15:26:13.926,0.0,,,,,28.85,927.8,18.8,-40.0,0.0,1.0,0.0,0.0,353.0
2026-07-20 15:26:14.127,0.0,,,,,28.85,927.8,18.8,-40.0,0.0,1.0,0.0,0.0,353.0
2026-07-20 15:26:14.345,0.0,,,,,28.84,927.7,18.6,-40.0,0.0,1.0,0.0,0.0,353.0
2026-07-20 15:26:14.526,0.0,,,,,28.84,927.7,18.6,-40.0,0.0,1.0,0.0,0.0,353.0
2026-07-20 15:26:14.771,0.0,,,,,28.85,927.8,19.1,-40.0,0.0,1.0,0.0,0.0,354.0
2026-07-20 15:26:14.927,0.0,,,,,28.85,927.8,19.1,-40.0,0.0,1.0,0.0,0.0,354.0
2026-07-20 15:26:15.127,0.0,,,,,28.85,927.8,19.1,-40.0,0.0,1.0,0.0,0.0,354.0
2026-07-20 15:26:15.327,0.0,,,,,28.85,927.8,18.4,-40.0,0.0,1.0,0.0,0.0,354.0
2026-07-20 15:26:15.526,0.0,,,,,28.85,927.8,18.4,-40.0,0.0,1.0,0.0,0.0,354.0
2026-07-20 15:26:15.771,0.0,,,,,28.86,927.8,18.6,-40.0,0.0,1.0,0.0,0.0,355.0
2026-07-20 15:26:15.927,0.0,,,,,28.86,927.8,18.6,-40.0,0.0,1.0,0.0,0.0,355.0
2026-07-20 15:26:16.127,0.0,,,,,28.86,927.8,18.6,-40.0,0.0,1.0,0.0,0.0,355.0
2026-07-20 15:26:16.327,0.0,,,,,28.85,927.8,18.4,-40.0,0.0,1.0,0.0,0.0,355.0
2026-07-20 15:26:16.527,0.0,,,,,28.85,927.8,18.4,-40.0,0.0,1.0,0.0,0.0,355.0
2026-07-20 15:26:16.771,0.0,,,,,28.85,927.8,19.1,-40.0,0.0,1.0,0.0,0.0,356.0
2026-07-20 15:26:16.931,0.0,,,,,28.85,927.8,19.1,-40.0,0.0,1.0,0.0,0.0,356.0
2026-07-20 15:26:17.126,0.0,,,,,28.85,927.8,19.1,-40.0,0.0,1.0,0.0,0.0,356.0
2026-07-20 15:26:17.327,0.0,,,,,28.84,927.8,18.5,-40.0,0.0,1.0,0.0,0.0,356.0
2026-07-20 15:26:17.527,0.0,,,,,28.84,927.8,18.5,-40.0,0.0,1.0,0.0,0.0,356.0
2026-07-20 15:26:17.771,0.0,,,,,28.84,927.8,18.9,-40.0,0.0,1.0,0.0,0.0,357.0
2026-07-20 15:26:17.928,0.0,,,,,28.84,927.8,18.9,-40.0,0.0,1.0,0.0,0.0,357.0
2026-07-20 15:26:18.127,0.0,,,,,28.84,927.8,18.9,-40.0,0.0,1.0,0.0,0.0,357.0
2026-07-20 15:26:18.327,0.0,,,,,28.85,927.8,18.2,-40.0,0.0,1.0,0.0,0.0,357.0
2026-07-20 15:26:18.527,0.0,,,,,28.85,927.8,18.2,-40.0,0.0,1.0,0.0,0.0,357.0
2026-07-20 15:26:18.771,0.0,,,,,28.85,927.9,19.0,-40.0,0.0,1.0,0.0,0.0,358.0
2026-07-20 15:26:18.950,0.0,,,,,28.85,927.9,19.0,-40.0,0.0,1.0,0.0,0.0,358.0
2026-07-20 15:26:19.127,0.0,,,,,28.85,927.9,19.0,-40.0,0.0,1.0,0.0,0.0,358.0
2026-07-20 15:26:19.327,0.0,,,,,28.85,927.8,18.3,-40.0,0.0,1.0,0.0,0.0,358.0
2026-07-20 15:26:19.527,0.0,,,,,28.85,927.8,18.3,-40.0,0.0,1.0,0.0,0.0,358.0
2026-07-20 15:26:19.771,0.0,,,,,28.82,927.8,19.1,-40.0,0.0,1.0,0.0,0.0,359.0
2026-07-20 15:26:19.957,0.0,,,,,28.82,927.8,19.1,-40.0,0.0,1.0,0.0,0.0,359.0
2026-07-20 15:26:20.126,0.0,,,,,28.82,927.8,19.1,-40.0,0.0,1.0,0.0,0.0,359.0
2026-07-20 15:26:20.327,0.0,,,,,28.85,927.8,18.8,-40.0,0.0,1.0,0.0,0.0,359.0
2026-07-20 15:26:20.527,0.0,,,,,28.85,927.8,18.8,-40.0,0.0,1.0,0.0,0.0,359.0
2026-07-20 15:26:20.771,0.0,,,,,28.84,927.8,18.9,-40.0,0.0,1.0,0.0,0.0,360.0
2026-07-20 15:26:20.926,0.0,,,,,28.84,927.8,18.9,-40.0,0.0,1.0,0.0,0.0,360.0
2026-07-20 15:26:21.126,0.0,,,,,28.84,927.8,18.9,-40.0,0.0,1.0,0.0,0.0,360.0
2026-07-20 15:26:21.327,0.0,,,,,28.85,927.8,19.0,-40.0,0.0,1.0,0.0,0.0,360.0
2026-07-20 15:26:21.526,0.0,,,,,28.85,927.8,19.0,-40.0,0.0,1.0,0.0,0.0,360.0
2026-07-20 15:26:21.771,0.0,,,,,28.84,927.8,18.9,-40.0,0.0,1.0,0.0,0.0,361.0
2026-07-20 15:26:21.963,0.0,,,,,28.84,927.8,18.9,-40.0,0.0,1.0,0.0,0.0,361.0
2026-07-20 15:26:22.126,0.0,,,,,28.84,927.8,18.9,-40.0,0.0,1.0,0.0,0.0,361.0
2026-07-20 15:26:22.327,0.0,,,,,28.84,927.8,18.7,-40.0,0.0,1.0,0.0,0.0,361.0
2026-07-20 15:26:22.526,0.0,,,,,28.84,927.8,18.7,-40.0,0.0,1.0,0.0,0.0,361.0
2026-07-20 15:26:22.771,0.0,,,,,28.84,927.8,18.7,-40.0,0.0,1.0,0.0,0.0,362.0
2026-07-20 15:26:22.927,0.0,,,,,28.84,927.8,18.7,-40.0,0.0,1.0,0.0,0.0,362.0
2026-07-20 15:26:23.127,0.0,,,,,28.84,927.8,18.7,-40.0,0.0,1.0,0.0,0.0,362.0
2026-07-20 15:26:23.327,0.0,,,,,28.85,927.8,18.4,-40.0,0.0,1.0,0.0,0.0,362.0
2026-07-20 15:26:23.527,0.0,,,,,28.85,927.8,18.4,-40.0,0.0,1.0,0.0,0.0,362.0
2026-07-20 15:26:23.771,0.0,,,,,28.82,927.8,19.2,-40.0,0.0,1.0,0.0,0.0,363.0
2026-07-20 15:26:23.926,0.0,,,,,28.82,927.8,19.2,-40.0,0.0,1.0,0.0,0.0,363.0
2026-07-20 15:26:24.127,0.0,,,,,28.82,927.8,19.2,-40.0,0.0,1.0,0.0,0.0,363.0
2026-07-20 15:26:24.326,0.0,,,,,28.84,927.8,18.8,-40.0,0.0,1.0,0.0,0.0,363.0
2026-07-20 15:26:24.526,0.0,,,,,28.84,927.8,18.8,-40.0,0.0,1.0,0.0,0.0,363.0
2026-07-20 15:26:24.770,0.0,,,,,28.84,927.8,19.3,-40.0,0.0,1.0,0.0,0.0,364.0
2026-07-20 15:26:24.928,0.0,,,,,28.84,927.8,19.3,-40.0,0.0,1.0,0.0,0.0,364.0
2026-07-20 15:26:25.126,0.0,,,,,28.84,927.8,19.3,-40.0,0.0,1.0,0.0,0.0,364.0
2026-07-20 15:26:25.326,0.0,,,,,28.85,927.8,18.1,-40.0,0.0,1.0,0.0,0.0,364.0
2026-07-20 15:26:25.526,0.0,,,,,28.85,927.8,18.1,-40.0,0.0,1.0,0.0,0.0,364.0
2026-07-20 15:26:25.771,0.0,,,,,28.85,927.8,18.9,-40.0,0.0,1.0,0.0,0.0,365.0
2026-07-20 15:26:25.956,0.0,,,,,28.85,927.8,18.9,-40.0,0.0,1.0,0.0,0.0,365.0
2026-07-20 15:26:26.126,0.0,,,,,28.85,927.8,18.9,-40.0,0.0,1.0,0.0,0.0,365.0
2026-07-20 15:26:26.326,0.0,,,,,28.85,927.8,18.5,-40.0,0.0,1.0,0.0,0.0,365.0
2026-07-20 15:26:26.532,0.0,,,,,28.85,927.8,18.5,-40.0,0.0,1.0,0.0,0.0,365.0
2026-07-20 15:26:26.771,0.0,,,,,28.84,927.8,19.1,-40.0,0.0,1.0,0.0,0.0,366.0
2026-07-20 15:26:26.956,0.0,,,,,28.84,927.8,19.1,-40.0,0.0,1.0,0.0,0.0,366.0
2026-07-20 15:26:27.126,0.0,,,,,28.84,927.8,19.1,-40.0,0.0,1.0,0.0,0.0,366.0
2026-07-20 15:26:27.327,0.0,,,,,28.84,927.7,18.5,-40.0,0.0,1.0,0.0,0.0,366.0
2026-07-20 15:26:27.527,0.0,,,,,28.84,927.7,18.5,-40.0,0.0,1.0,0.0,0.0,366.0
2026-07-20 15:26:27.770,0.0,,,,,28.85,927.8,19.4,-40.0,0.0,1.0,0.0,0.0,367.0
2026-07-20 15:26:27.946,0.0,,,,,28.85,927.8,19.4,-40.0,0.0,1.0,0.0,0.0,367.0
2026-07-20 15:26:28.127,0.0,,,,,28.85,927.8,19.4,-40.0,0.0,1.0,0.0,0.0,367.0
2026-07-20 15:26:28.326,0.0,,,,,28.84,927.8,18.2,-40.0,0.0,1.0,0.0,0.0,367.0
2026-07-20 15:26:28.561,0.0,,,,,28.84,927.8,18.2,-40.0,0.0,1.0,0.0,0.0,367.0
2026-07-20 15:26:28.771,0.0,,,,,28.84,927.8,18.9,-40.0,0.0,1.0,0.0,0.0,368.0
2026-07-20 15:26:28.926,0.0,,,,,28.84,927.8,18.9,-40.0,0.0,1.0,0.0,0.0,368.0
2026-07-20 15:26:29.127,0.0,,,,,28.84,927.8,18.9,-40.0,0.0,1.0,0.0,0.0,368.0
2026-07-20 15:26:29.326,0.0,,,,,28.85,927.8,18.2,-40.0,0.0,1.0,0.0,0.0,368.0
2026-07-20 15:26:29.556,0.0,,,,,28.85,927.8,18.2,-40.0,0.0,1.0,0.0,0.0,368.0
2026-07-20 15:26:29.770,0.0,,,,,28.85,927.8,18.9,-40.0,0.0,1.0,0.0,0.0,369.0
2026-07-20 15:26:29.927,0.0,,,,,28.85,927.8,18.9,-40.0,0.0,1.0,0.0,0.0,369.0
2026-07-20 15:26:30.148,0.0,,,,,28.85,927.8,18.9,-40.0,0.0,1.0,0.0,0.0,369.0
2026-07-20 15:26:30.327,0.0,,,,,28.84,927.7,18.3,-40.0,0.0,1.0,0.0,0.0,369.0
2026-07-20 15:26:30.526,0.0,,,,,28.84,927.7,18.3,-40.0,0.0,1.0,0.0,0.0,369.0
2026-07-20 15:26:30.771,0.0,,,,,28.85,927.8,18.7,-40.0,0.0,1.0,0.0,0.0,370.0
2026-07-20 15:26:30.926,0.0,,,,,28.85,927.8,18.7,-40.0,0.0,1.0,0.0,0.0,370.0
2026-07-20 15:26:31.127,0.0,,,,,28.85,927.8,18.7,-40.0,0.0,1.0,0.0,0.0,370.0
2026-07-20 15:26:31.343,0.0,,,,,28.84,927.7,18.6,-40.0,0.0,1.0,0.0,0.0,370.0
2026-07-20 15:26:31.526,0.0,,,,,28.84,927.7,18.6,-40.0,0.0,1.0,0.0,0.0,370.0
2026-07-20 15:26:31.770,0.0,,,,,28.82,927.7,19.0,-40.0,0.0,1.0,0.0,0.0,371.0
2026-07-20 15:26:31.940,0.0,,,,,28.82,927.7,19.0,-40.0,0.0,1.0,0.0,0.0,371.0
2026-07-20 15:26:32.126,0.0,,,,,28.82,927.7,19.0,-40.0,0.0,1.0,0.0,0.0,371.0
2026-07-20 15:26:32.327,0.0,,,,,28.82,927.8,18.6,-40.0,0.0,1.0,0.0,0.0,371.0
2026-07-20 15:26:32.529,0.0,,,,,28.82,927.8,18.6,-40.0,0.0,1.0,0.0,0.0,371.0
2026-07-20 15:26:32.771,0.0,,,,,28.84,927.8,18.9,-40.0,0.0,1.0,0.0,0.0,372.0
2026-07-20 15:26:32.952,0.0,,,,,28.84,927.8,18.9,-40.0,0.0,1.0,0.0,0.0,372.0
2026-07-20 15:26:33.126,0.0,,,,,28.84,927.8,18.9,-40.0,0.0,1.0,0.0,0.0,372.0
2026-07-20 15:26:33.326,0.0,,,,,28.84,927.8,19.2,-40.0,0.0,1.0,0.0,0.0,372.0
2026-07-20 15:26:33.526,0.0,,,,,28.84,927.8,19.2,-40.0,0.0,1.0,0.0,0.0,372.0
2026-07-20 15:26:33.771,0.0,,,,,28.84,927.7,18.8,-40.0,0.0,1.0,0.0,0.0,373.0
2026-07-20 15:26:33.954,0.0,,,,,28.84,927.7,18.8,-40.0,0.0,1.0,0.0,0.0,373.0
2026-07-20 15:26:34.126,0.0,,,,,28.84,927.7,18.8,-40.0,0.0,1.0,0.0,0.0,373.0
2026-07-20 15:26:34.327,0.0,,,,,28.82,927.7,18.4,-40.0,0.0,1.0,0.0,0.0,373.0
2026-07-20 15:26:34.563,0.0,,,,,28.82,927.7,18.4,-40.0,0.0,1.0,0.0,0.0,373.0
2026-07-20 15:26:34.772,0.0,,,,,28.85,927.8,18.9,-40.0,0.0,1.0,0.0,0.0,374.0
2026-07-20 15:26:34.926,0.0,,,,,28.85,927.8,18.9,-40.0,0.0,1.0,0.0,0.0,374.0
2026-07-20 15:26:35.126,0.0,,,,,28.85,927.8,18.9,-40.0,0.0,1.0,0.0,0.0,374.0
2026-07-20 15:26:35.326,0.0,,,,,28.84,927.8,18.9,-40.0,0.0,1.0,0.0,0.0,374.0
2026-07-20 15:26:35.526,0.0,,,,,28.84,927.8,18.9,-40.0,0.0,1.0,0.0,0.0,374.0
2026-07-20 15:26:35.770,0.0,,,,,28.85,927.8,18.7,-40.0,0.0,1.0,0.0,0.0,375.0
2026-07-20 15:26:35.948,0.0,,,,,28.85,927.8,18.7,-40.0,0.0,1.0,0.0,0.0,375.0
2026-07-20 15:26:36.127,0.0,,,,,28.85,927.8,18.7,-40.0,0.0,1.0,0.0,0.0,375.0
2026-07-20 15:26:36.326,0.0,,,,,28.85,927.8,18.5,-40.0,0.0,1.0,0.0,0.0,375.0
2026-07-20 15:26:36.526,0.0,,,,,28.85,927.8,18.5,-40.0,0.0,1.0,0.0,0.0,375.0
2026-07-20 15:26:36.770,0.0,,,,,28.85,927.8,19.2,-40.0,0.0,1.0,0.0,0.0,376.0
2026-07-20 15:26:36.927,0.0,,,,,28.85,927.8,19.2,-40.0,0.0,1.0,0.0,0.0,376.0
2026-07-20 15:26:37.126,0.0,,,,,28.85,927.8,19.2,-40.0,0.0,1.0,0.0,0.0,376.0
2026-07-20 15:26:37.327,0.0,,,,,28.84,927.8,18.7,-40.0,0.0,1.0,0.0,0.0,376.0
2026-07-20 15:26:37.527,0.0,,,,,28.84,927.8,18.7,-40.0,0.0,1.0,0.0,0.0,376.0
2026-07-20 15:26:37.770,0.0,,,,,28.85,927.8,18.9,-40.0,0.0,1.0,0.0,0.0,377.0
2026-07-20 15:26:37.952,0.0,,,,,28.85,927.8,18.9,-40.0,0.0,1.0,0.0,0.0,377.0
2026-07-20 15:26:38.126,0.0,,,,,28.85,927.8,18.9,-40.0,0.0,1.0,0.0,0.0,377.0
2026-07-20 15:26:38.327,0.0,,,,,28.84,927.8,19.0,-40.0,0.0,1.0,0.0,0.0,377.0
2026-07-20 15:26:38.527,0.0,,,,,28.84,927.8,19.0,-40.0,0.0,1.0,0.0,0.0,377.0
2026-07-20 15:26:38.770,0.0,,,,,28.85,927.8,18.8,-40.0,0.0,1.0,0.0,0.0,378.0
2026-07-20 15:26:38.948,0.0,,,,,28.85,927.8,18.8,-40.0,0.0,1.0,0.0,0.0,378.0
2026-07-20 15:26:39.126,0.0,,,,,28.85,927.8,18.8,-40.0,0.0,1.0,0.0,0.0,378.0
2026-07-20 15:26:39.326,0.0,,,,,28.84,927.8,18.7,-40.0,0.0,1.0,0.0,0.0,378.0
2026-07-20 15:26:39.527,0.0,,,,,28.84,927.8,18.7,-40.0,0.0,1.0,0.0,0.0,378.0
2026-07-20 15:26:39.770,0.0,,,,,28.82,927.8,19.4,-40.0,0.0,1.0,0.0,0.0,379.0
2026-07-20 15:26:39.948,0.0,,,,,28.82,927.8,19.4,-40.0,0.0,1.0,0.0,0.0,379.0
2026-07-20 15:26:40.126,0.0,,,,,28.82,927.8,19.4,-40.0,0.0,1.0,0.0,0.0,379.0
2026-07-20 15:26:40.328,0.0,,,,,28.85,927.8,18.6,-40.0,0.0,1.0,0.0,0.0,379.0
2026-07-20 15:26:40.555,0.0,,,,,28.85,927.8,18.6,-40.0,0.0,1.0,0.0,0.0,379.0
2026-07-20 15:26:40.771,0.0,,,,,28.85,927.8,18.8,-40.0,0.0,1.0,0.0,0.0,380.0
2026-07-20 15:26:40.926,0.0,,,,,28.85,927.8,18.8,-40.0,0.0,1.0,0.0,0.0,380.0
2026-07-20 15:26:41.169,0.0,,,,,28.85,927.8,18.8,-40.0,0.0,1.0,0.0,0.0,380.0
2026-07-20 15:26:41.327,0.0,,,,,28.85,927.8,18.8,-40.0,0.0,1.0,0.0,0.0,380.0
2026-07-20 15:26:41.563,0.0,,,,,28.85,927.8,18.8,-40.0,0.0,1.0,0.0,0.0,380.0
2026-07-20 15:26:41.770,0.0,,,,,28.84,927.8,19.0,-40.0,0.0,1.0,0.0,0.0,381.0
2026-07-20 15:26:41.968,0.0,,,,,28.84,927.8,19.0,-40.0,0.0,1.0,0.0,0.0,381.0
2026-07-20 15:26:42.126,0.0,,,,,28.84,927.8,19.0,-40.0,0.0,1.0,0.0,0.0,381.0
2026-07-20 15:26:42.345,0.0,,,,,28.82,927.9,18.5,-40.0,0.0,1.0,0.0,0.0,381.0
2026-07-20 15:26:42.526,0.0,,,,,28.82,927.9,18.5,-40.0,0.0,1.0,0.0,0.0,381.0
2026-07-20 15:26:42.770,0.0,,,,,28.85,927.9,19.1,-40.0,0.0,1.0,0.0,0.0,382.0
2026-07-20 15:26:42.953,0.0,,,,,28.85,927.9,19.1,-40.0,0.0,1.0,0.0,0.0,382.0
2026-07-20 15:26:43.126,0.0,,,,,28.85,927.9,19.1,-40.0,0.0,1.0,0.0,0.0,382.0
2026-07-20 15:26:43.326,0.0,,,,,28.84,927.8,18.6,-40.0,0.0,1.0,0.0,0.0,382.0
2026-07-20 15:26:43.526,0.0,,,,,28.84,927.8,18.6,-40.0,0.0,1.0,0.0,0.0,382.0
2026-07-20 15:26:43.770,0.0,,,,,28.85,927.8,19.0,-40.0,0.0,1.0,0.0,0.0,383.0
2026-07-20 15:26:43.945,0.0,,,,,28.85,927.8,19.0,-40.0,0.0,1.0,0.0,0.0,383.0
2026-07-20 15:26:44.126,0.0,,,,,28.85,927.8,19.0,-40.0,0.0,1.0,0.0,0.0,383.0
2026-07-20 15:26:44.325,0.0,,,,,28.82,927.8,18.3,-40.0,0.0,1.0,0.0,0.0,383.0
2026-07-20 15:26:44.539,0.0,,,,,28.82,927.8,18.3,-40.0,0.0,1.0,0.0,0.0,383.0
2026-07-20 15:26:44.770,0.0,,,,,28.84,927.8,18.8,-40.0,0.0,1.0,0.0,0.0,384.0
2026-07-20 15:26:44.926,0.0,,,,,28.84,927.8,18.8,-40.0,0.0,1.0,0.0,0.0,384.0
2026-07-20 15:26:45.146,0.0,,,,,28.84,927.8,18.8,-40.0,0.0,1.0,0.0,0.0,384.0
2026-07-20 15:26:45.326,0.0,,,,,28.84,927.8,19.2,-40.0,0.0,1.0,0.0,0.0,384.0
2026-07-20 15:26:45.527,0.0,,,,,28.84,927.8,19.2,-40.0,0.0,1.0,0.0,0.0,384.0
2026-07-20 15:26:45.770,0.0,,,,,28.84,927.9,18.9,-40.0,0.0,1.0,0.0,0.0,385.0
2026-07-20 15:26:45.927,0.0,,,,,28.84,927.9,18.9,-40.0,0.0,1.0,0.0,0.0,385.0
2026-07-20 15:26:46.126,0.0,,,,,28.84,927.9,18.9,-40.0,0.0,1.0,0.0,0.0,385.0
2026-07-20 15:26:46.333,0.0,,,,,28.84,927.9,18.6,-40.0,0.0,1.0,0.0,0.0,385.0
2026-07-20 15:26:46.526,0.0,,,,,28.84,927.9,18.6,-40.0,0.0,1.0,0.0,0.0,385.0
2026-07-20 15:26:46.770,0.0,,,,,28.84,927.9,19.2,-40.0,0.0,1.0,0.0,0.0,386.0
2026-07-20 15:26:46.926,0.0,,,,,28.84,927.9,19.2,-40.0,0.0,1.0,0.0,0.0,386.0
2026-07-20 15:26:47.126,0.0,,,,,28.84,927.9,19.2,-40.0,0.0,1.0,0.0,0.0,386.0
2026-07-20 15:26:47.335,0.0,,,,,28.84,927.8,18.5,-40.0,0.0,1.0,0.0,0.0,386.0
2026-07-20 15:26:47.526,0.0,,,,,28.84,927.8,18.5,-40.0,0.0,1.0,0.0,0.0,386.0
2026-07-20 15:26:47.770,0.0,,,,,28.85,927.9,18.8,-40.0,0.0,1.0,0.0,0.0,387.0
2026-07-20 15:26:47.946,0.0,,,,,28.85,927.9,18.8,-40.0,0.0,1.0,0.0,0.0,387.0
2026-07-20 15:26:48.126,0.0,,,,,28.85,927.9,18.8,-40.0,0.0,1.0,0.0,0.0,387.0
2026-07-20 15:26:48.326,0.0,,,,,28.85,927.9,18.5,-40.0,0.0,1.0,0.0,0.0,387.0
2026-07-20 15:26:48.550,0.0,,,,,28.85,927.9,18.5,-40.0,0.0,1.0,0.0,0.0,387.0
2026-07-20 15:26:48.770,0.0,,,,,28.84,927.9,18.5,-40.0,0.0,1.0,0.0,0.0,388.0
2026-07-20 15:26:48.926,0.0,,,,,28.84,927.9,18.5,-40.0,0.0,1.0,0.0,0.0,388.0
2026-07-20 15:26:49.126,0.0,,,,,28.84,927.9,18.5,-40.0,0.0,1.0,0.0,0.0,388.0
2026-07-20 15:26:49.326,0.0,,,,,28.85,927.8,17.9,-40.0,0.0,1.0,0.0,0.0,388.0
2026-07-20 15:26:49.526,0.0,,,,,28.85,927.8,17.9,-40.0,0.0,1.0,0.0,0.0,388.0
2026-07-20 15:26:49.770,0.0,,,,,28.82,927.8,18.8,-40.0,0.0,1.0,0.0,0.0,389.0
2026-07-20 15:26:49.926,0.0,,,,,28.82,927.8,18.8,-40.0,0.0,1.0,0.0,0.0,389.0
2026-07-20 15:26:50.126,0.0,,,,,28.82,927.8,18.8,-40.0,0.0,1.0,0.0,0.0,389.0
2026-07-20 15:26:50.351,0.0,,,,,28.82,927.9,18.6,-40.0,0.0,1.0,0.0,0.0,389.0
2026-07-20 15:26:50.526,0.0,,,,,28.82,927.9,18.6,-40.0,0.0,1.0,0.0,0.0,389.0
2026-07-20 15:26:50.770,0.0,,,,,28.85,927.8,18.9,-40.0,0.0,1.0,0.0,0.0,390.0
2026-07-20 15:26:50.952,0.0,,,,,28.85,927.8,18.9,-40.0,0.0,1.0,0.0,0.0,390.0
2026-07-20 15:26:51.126,0.0,,,,,28.85,927.8,18.9,-40.0,0.0,1.0,0.0,0.0,390.0
2026-07-20 15:26:51.326,0.0,,,,,28.85,927.8,18.5,-40.0,0.0,1.0,0.0,0.0,390.0
2026-07-20 15:26:51.527,0.0,,,,,28.85,927.8,18.5,-40.0,0.0,1.0,0.0,0.0,390.0
2026-07-20 15:26:51.771,0.0,,,,,28.85,927.9,19.1,-40.0,0.0,1.0,0.0,0.0,391.0
2026-07-20 15:26:51.926,0.0,,,,,28.85,927.9,19.1,-40.0,0.0,1.0,0.0,0.0,391.0
2026-07-20 15:26:52.126,0.0,,,,,28.85,927.9,19.1,-40.0,0.0,1.0,0.0,0.0,391.0
2026-07-20 15:26:52.326,0.0,,,,,28.85,927.9,18.7,-40.0,0.0,1.0,0.0,0.0,391.0
2026-07-20 15:26:52.551,0.0,,,,,28.85,927.9,18.7,-40.0,0.0,1.0,0.0,0.0,391.0
2026-07-20 15:26:52.770,0.0,,,,,28.85,927.8,18.7,-40.0,0.0,1.0,0.0,0.0,392.0
2026-07-20 15:26:52.926,0.0,,,,,28.85,927.8,18.7,-40.0,0.0,1.0,0.0,0.0,392.0
2026-07-20 15:26:53.125,0.0,,,,,28.85,927.8,18.7,-40.0,0.0,1.0,0.0,0.0,392.0
2026-07-20 15:26:53.326,0.0,,,,,28.85,927.9,18.5,-40.0,0.0,1.0,0.0,0.0,392.0
2026-07-20 15:26:53.528,0.0,,,,,28.85,927.9,18.5,-40.0,0.0,1.0,0.0,0.0,392.0
2026-07-20 15:26:53.771,0.0,,,,,28.85,927.9,18.5,-40.0,0.0,1.0,0.0,0.0,393.0
2026-07-20 15:26:53.950,0.0,,,,,28.85,927.9,18.5,-40.0,0.0,1.0,0.0,0.0,393.0
2026-07-20 15:26:54.126,0.0,,,,,28.85,927.9,18.5,-40.0,0.0,1.0,0.0,0.0,393.0
2026-07-20 15:26:54.326,0.0,,,,,28.85,927.8,18.3,-40.0,0.0,1.0,0.0,0.0,393.0
2026-07-20 15:26:54.537,0.0,,,,,28.85,927.8,18.3,-40.0,0.0,1.0,0.0,0.0,393.0
2026-07-20 15:26:54.770,0.0,,,,,28.85,927.8,18.7,-40.0,0.0,1.0,0.0,0.0,394.0
2026-07-20 15:26:54.954,0.0,,,,,28.85,927.8,18.7,-40.0,0.0,1.0,0.0,0.0,394.0
2026-07-20 15:26:55.125,0.0,,,,,28.85,927.8,18.7,-40.0,0.0,1.0,0.0,0.0,394.0
2026-07-20 15:26:55.325,0.0,,,,,28.85,927.9,18.5,-40.0,0.0,1.0,0.0,0.0,394.0
2026-07-20 15:26:55.526,0.0,,,,,28.85,927.9,18.5,-40.0,0.0,1.0,0.0,0.0,394.0
2026-07-20 15:26:55.771,0.0,,,,,28.84,927.8,18.7,-40.0,0.0,1.0,0.0,0.0,395.0
2026-07-20 15:26:55.950,0.0,,,,,28.84,927.8,18.7,-40.0,0.0,1.0,0.0,0.0,395.0
2026-07-20 15:26:56.125,0.0,,,,,28.84,927.8,18.7,-40.0,0.0,1.0,0.0,0.0,395.0
2026-07-20 15:26:56.326,0.0,,,,,28.85,927.8,18.9,-40.0,0.0,1.0,0.0,0.0,395.0
2026-07-20 15:26:56.526,0.0,,,,,28.85,927.8,18.9,-40.0,0.0,1.0,0.0,0.0,395.0
2026-07-20 15:26:56.771,0.0,,,,,28.85,927.8,18.8,-40.0,0.0,1.0,0.0,0.0,396.0
2026-07-20 15:26:56.927,0.0,,,,,28.85,927.8,18.8,-40.0,0.0,1.0,0.0,0.0,396.0
2026-07-20 15:26:57.126,0.0,,,,,28.85,927.8,18.8,-40.0,0.0,1.0,0.0,0.0,396.0
2026-07-20 15:26:57.338,0.0,,,,,28.86,927.8,18.2,-40.0,0.0,1.0,0.0,0.0,396.0
2026-07-20 15:26:57.525,0.0,,,,,28.86,927.8,18.2,-40.0,0.0,1.0,0.0,0.0,396.0
2026-07-20 15:26:57.771,0.0,,,,,28.85,927.9,18.8,-40.0,0.0,1.0,0.0,0.0,397.0
2026-07-20 15:26:57.947,0.0,,,,,28.85,927.9,18.8,-40.0,0.0,1.0,0.0,0.0,397.0
2026-07-20 15:26:58.126,0.0,,,,,28.85,927.9,18.8,-40.0,0.0,1.0,0.0,0.0,397.0
2026-07-20 15:26:58.326,0.0,,,,,28.85,927.8,18.9,-40.0,0.0,1.0,0.0,0.0,397.0
2026-07-20 15:26:58.526,0.0,,,,,28.85,927.8,18.9,-40.0,0.0,1.0,0.0,0.0,397.0
2026-07-20 15:26:58.771,0.0,,,,,28.85,927.8,18.7,-40.0,0.0,1.0,0.0,0.0,398.0
2026-07-20 15:26:58.952,0.0,,,,,28.85,927.8,18.7,-40.0,0.0,1.0,0.0,0.0,398.0
2026-07-20 15:26:59.125,0.0,,,,,28.85,927.8,18.7,-40.0,0.0,1.0,0.0,0.0,398.0
2026-07-20 15:26:59.326,0.0,,,,,28.86,927.9,18.8,-40.0,0.0,1.0,0.0,0.0,398.0
2026-07-20 15:26:59.525,0.0,,,,,28.86,927.9,18.8,-40.0,0.0,1.0,0.0,0.0,398.0
2026-07-20 15:26:59.769,0.0,,,,,28.86,927.9,18.5,-40.0,0.0,1.0,0.0,0.0,399.0
2026-07-20 15:26:59.958,0.0,,,,,28.86,927.9,18.5,-40.0,0.0,1.0,0.0,0.0,399.0
2026-07-20 15:27:00.126,0.0,,,,,28.86,927.9,18.5,-40.0,0.0,1.0,0.0,0.0,399.0
2026-07-20 15:27:00.326,0.0,,,,,28.85,927.9,18.4,-40.0,0.0,1.0,0.0,0.0,399.0
2026-07-20 15:27:00.527,0.0,,,,,28.85,927.9,18.4,-40.0,0.0,1.0,0.0,0.0,399.0
2026-07-20 15:27:00.770,0.0,,,,,28.85,927.9,19.0,-40.0,0.0,1.0,0.0,0.0,400.0
2026-07-20 15:27:00.926,0.0,,,,,28.85,927.9,19.0,-40.0,0.0,1.0,0.0,0.0,400.0
2026-07-20 15:27:01.125,0.0,,,,,28.85,927.9,19.0,-40.0,0.0,1.0,0.0,0.0,400.0
2026-07-20 15:27:01.326,0.0,,,,,28.86,927.9,18.8,-40.0,0.0,1.0,0.0,0.0,400.0
2026-07-20 15:27:01.525,0.0,,,,,28.86,927.9,18.8,-40.0,0.0,1.0,0.0,0.0,400.0
2026-07-20 15:27:01.770,0.0,,,,,28.84,927.8,19.0,-40.0,0.0,1.0,0.0,0.0,401.0
2026-07-20 15:27:01.926,0.0,,,,,28.84,927.8,19.0,-40.0,0.0,1.0,0.0,0.0,401.0
2026-07-20 15:27:02.127,0.0,,,,,28.84,927.8,19.0,-40.0,0.0,1.0,0.0,0.0,401.0
2026-07-20 15:27:02.326,0.0,,,,,28.85,927.8,18.8,-40.0,0.0,1.0,0.0,0.0,401.0
2026-07-20 15:27:02.526,0.0,,,,,28.85,927.8,18.8,-40.0,0.0,1.0,0.0,0.0,401.0
2026-07-20 15:27:02.770,0.0,,,,,28.86,927.8,18.9,-40.0,0.0,1.0,0.0,0.0,402.0
2026-07-20 15:27:02.958,0.0,,,,,28.86,927.8,18.9,-40.0,0.0,1.0,0.0,0.0,402.0
2026-07-20 15:27:03.126,0.0,,,,,28.86,927.8,18.9,-40.0,0.0,1.0,0.0,0.0,402.0
2026-07-20 15:27:03.326,0.0,,,,,28.86,927.9,18.3,-40.0,0.0,1.0,0.0,0.0,402.0
2026-07-20 15:27:03.525,0.0,,,,,28.86,927.9,18.3,-40.0,0.0,1.0,0.0,0.0,402.0
2026-07-20 15:27:03.770,0.0,,,,,28.85,927.9,19.0,-40.0,0.0,1.0,0.0,0.0,403.0
2026-07-20 15:27:03.928,0.0,,,,,28.85,927.9,19.0,-40.0,0.0,1.0,0.0,0.0,403.0
2026-07-20 15:27:04.126,0.0,,,,,28.85,927.9,19.0,-40.0,0.0,1.0,0.0,0.0,403.0
2026-07-20 15:27:04.326,0.0,,,,,28.86,927.8,18.5,-40.0,0.0,1.0,0.0,0.0,403.0
2026-07-20 15:27:04.526,0.0,,,,,28.86,927.8,18.5,-40.0,0.0,1.0,0.0,0.0,403.0
2026-07-20 15:27:04.770,0.0,,,,,28.85,927.8,18.3,-40.0,0.0,1.0,0.0,0.0,404.0
2026-07-20 15:27:04.958,0.0,,,,,28.85,927.8,18.3,-40.0,0.0,1.0,0.0,0.0,404.0
2026-07-20 15:27:05.125,0.0,,,,,28.85,927.8,18.3,-40.0,0.0,1.0,0.0,0.0,404.0
2026-07-20 15:27:05.326,0.0,,,,,28.85,927.9,18.5,-40.0,0.0,1.0,0.0,0.0,404.0
2026-07-20 15:27:05.525,0.0,,,,,28.85,927.9,18.5,-40.0,0.0,1.0,0.0,0.0,404.0
2026-07-20 15:27:05.770,0.0,,,,,28.86,927.9,18.8,-40.0,0.0,1.0,0.0,0.0,405.0
2026-07-20 15:27:05.926,0.0,,,,,28.86,927.9,18.8,-40.0,0.0,1.0,0.0,0.0,405.0
2026-07-20 15:27:06.125,0.0,,,,,28.86,927.9,18.8,-40.0,0.0,1.0,0.0,0.0,405.0
2026-07-20 15:27:06.326,0.0,,,,,28.85,927.8,18.4,-40.0,0.0,1.0,0.0,0.0,405.0
2026-07-20 15:27:06.526,0.0,,,,,28.85,927.8,18.4,-40.0,0.0,1.0,0.0,0.0,405.0
2026-07-20 15:27:06.769,0.0,,,,,28.86,927.9,19.3,-40.0,0.0,1.0,0.0,0.0,406.0
2026-07-20 15:27:06.941,0.0,,,,,28.86,927.9,19.3,-40.0,0.0,1.0,0.0,0.0,406.0
2026-07-20 15:27:07.125,0.0,,,,,28.86,927.9,19.3,-40.0,0.0,1.0,0.0,0.0,406.0
2026-07-20 15:27:07.327,0.0,,,,,28.85,927.9,18.9,-40.0,0.0,1.0,0.0,0.0,406.0
2026-07-20 15:27:07.525,0.0,,,,,28.85,927.9,18.9,-40.0,0.0,1.0,0.0,0.0,406.0
2026-07-20 15:27:07.771,0.0,,,,,28.86,927.9,19.0,-40.0,0.0,1.0,0.0,0.0,407.0
2026-07-20 15:27:07.941,0.0,,,,,28.86,927.9,19.0,-40.0,0.0,1.0,0.0,0.0,407.0
2026-07-20 15:27:08.126,0.0,,,,,28.86,927.9,19.0,-40.0,0.0,1.0,0.0,0.0,407.0
2026-07-20 15:27:08.326,0.0,,,,,28.85,927.9,18.4,-40.0,0.0,1.0,0.0,0.0,407.0
2026-07-20 15:27:08.526,0.0,,,,,28.85,927.9,18.4,-40.0,0.0,1.0,0.0,0.0,407.0
2026-07-20 15:27:08.770,0.0,,,,,28.85,927.9,18.7,-40.0,0.0,1.0,0.0,0.0,408.0
2026-07-20 15:27:08.930,0.0,,,,,28.85,927.9,18.7,-40.0,0.0,1.0,0.0,0.0,408.0
2026-07-20 15:27:09.126,0.0,,,,,28.85,927.9,18.7,-40.0,0.0,1.0,0.0,0.0,408.0
2026-07-20 15:27:09.325,0.0,,,,,28.85,927.9,18.6,-40.0,0.0,1.0,0.0,0.0,408.0
2026-07-20 15:27:09.525,0.0,,,,,28.85,927.9,18.6,-40.0,0.0,1.0,0.0,0.0,408.0
2026-07-20 15:27:09.769,0.0,,,,,28.85,927.8,18.9,-40.0,0.0,1.0,0.0,0.0,409.0
2026-07-20 15:27:09.926,0.0,,,,,28.85,927.8,18.9,-40.0,0.0,1.0,0.0,0.0,409.0
2026-07-20 15:27:10.126,0.0,,,,,28.85,927.8,18.9,-40.0,0.0,1.0,0.0,0.0,409.0
2026-07-20 15:27:10.325,0.0,,,,,28.86,927.9,18.3,-40.0,0.0,1.0,0.0,0.0,409.0
2026-07-20 15:27:10.525,0.0,,,,,28.86,927.9,18.3,-40.0,0.0,1.0,0.0,0.0,409.0
2026-07-20 15:27:10.770,0.0,,,,,28.86,927.9,19.0,-40.0,0.0,1.0,0.0,0.0,410.0
2026-07-20 15:27:10.928,0.0,,,,,28.86,927.9,19.0,-40.0,0.0,1.0,0.0,0.0,410.0
2026-07-20 15:27:11.126,0.0,,,,,28.86,927.9,19.0,-40.0,0.0,1.0,0.0,0.0,410.0
2026-07-20 15:27:11.327,0.0,,,,,28.86,927.8,18.7,-40.0,0.0,1.0,0.0,0.0,410.0
2026-07-20 15:27:11.526,0.0,,,,,28.86,927.8,18.7,-40.0,0.0,1.0,0.0,0.0,410.0
2026-07-20 15:27:11.769,0.0,,,,,28.85,927.9,19.2,-40.0,0.0,1.0,0.0,0.0,411.0
2026-07-20 15:27:11.939,0.0,,,,,28.85,927.9,19.2,-40.0,0.0,1.0,0.0,0.0,411.0
2026-07-20 15:27:12.125,0.0,,,,,28.85,927.9,19.2,-40.0,0.0,1.0,0.0,0.0,411.0
2026-07-20 15:27:12.325,0.0,,,,,28.86,927.8,18.5,-40.0,0.0,1.0,0.0,0.0,411.0
2026-07-20 15:27:12.526,0.0,,,,,28.86,927.8,18.5,-40.0,0.0,1.0,0.0,0.0,411.0
2026-07-20 15:27:12.770,0.0,,,,,28.85,927.8,19.6,-40.0,0.0,1.0,0.0,0.0,412.0
2026-07-20 15:27:12.930,0.0,,,,,28.85,927.8,19.6,-40.0,0.0,1.0,0.0,0.0,412.0
2026-07-20 15:27:13.125,0.0,,,,,28.85,927.8,19.6,-40.0,0.0,1.0,0.0,0.0,412.0
2026-07-20 15:27:13.326,0.0,,,,,28.86,927.8,18.9,-40.0,0.0,1.0,0.0,0.0,412.0
2026-07-20 15:27:13.526,0.0,,,,,28.86,927.8,18.9,-40.0,0.0,1.0,0.0,0.0,412.0
2026-07-20 15:27:13.770,0.0,,,,,28.86,927.8,18.7,-40.0,0.0,1.0,0.0,0.0,413.0
2026-07-20 15:27:13.926,0.0,,,,,28.86,927.8,18.7,-40.0,0.0,1.0,0.0,0.0,413.0
2026-07-20 15:27:14.126,0.0,,,,,28.86,927.8,18.7,-40.0,0.0,1.0,0.0,0.0,413.0
2026-07-20 15:27:14.327,0.0,,,,,28.87,927.8,18.5,-40.0,0.0,1.0,0.0,0.0,413.0
2026-07-20 15:27:14.525,0.0,,,,,28.87,927.8,18.5,-40.0,0.0,1.0,0.0,0.0,413.0
2026-07-20 15:27:14.769,0.0,,,,,28.86,927.8,18.7,-40.0,0.0,1.0,0.0,0.0,414.0
2026-07-20 15:27:14.926,0.0,,,,,28.86,927.8,18.7,-40.0,0.0,1.0,0.0,0.0,414.0
2026-07-20 15:27:15.125,0.0,,,,,28.86,927.8,18.7,-40.0,0.0,1.0,0.0,0.0,414.0
2026-07-20 15:27:15.326,0.0,,,,,28.87,927.9,18.3,-40.0,0.0,1.0,0.0,0.0,414.0
2026-07-20 15:27:15.525,0.0,,,,,28.87,927.9,18.3,-40.0,0.0,1.0,0.0,0.0,414.0
2026-07-20 15:27:15.769,0.0,,,,,28.86,927.9,19.0,-40.0,0.0,1.0,0.0,0.0,415.0
2026-07-20 15:27:15.946,0.0,,,,,28.86,927.9,19.0,-40.0,0.0,1.0,0.0,0.0,415.0
2026-07-20 15:27:16.126,0.0,,,,,28.86,927.9,19.0,-40.0,0.0,1.0,0.0,0.0,415.0
2026-07-20 15:27:16.325,0.0,,,,,28.87,927.9,18.5,-40.0,0.0,1.0,0.0,0.0,415.0
2026-07-20 15:27:16.526,0.0,,,,,28.87,927.9,18.5,-40.0,0.0,1.0,0.0,0.0,415.0
2026-07-20 15:27:16.770,0.0,,,,,28.86,927.8,19.4,-40.0,0.0,1.0,0.0,0.0,416.0
2026-07-20 15:27:16.954,0.0,,,,,28.86,927.8,19.4,-40.0,0.0,1.0,0.0,0.0,416.0
2026-07-20 15:27:17.125,0.0,,,,,28.86,927.8,19.4,-40.0,0.0,1.0,0.0,0.0,416.0
2026-07-20 15:27:17.325,0.0,,,,,28.86,927.8,18.2,-40.0,0.0,1.0,0.0,0.0,416.0
2026-07-20 15:27:17.525,0.0,,,,,28.86,927.8,18.2,-40.0,0.0,1.0,0.0,0.0,416.0
2026-07-20 15:27:17.770,0.0,,,,,28.85,927.8,19.1,-40.0,0.0,1.0,0.0,0.0,417.0
2026-07-20 15:27:17.937,0.0,,,,,28.85,927.8,19.1,-40.0,0.0,1.0,0.0,0.0,417.0
2026-07-20 15:27:18.125,0.0,,,,,28.85,927.8,19.1,-40.0,0.0,1.0,0.0,0.0,417.0
2026-07-20 15:27:18.325,0.0,,,,,28.86,927.9,18.5,-40.0,0.0,1.0,0.0,0.0,417.0
2026-07-20 15:27:18.525,0.0,,,,,28.86,927.9,18.5,-40.0,0.0,1.0,0.0,0.0,417.0
2026-07-20 15:27:18.770,0.0,,,,,28.87,927.8,19.0,-40.0,0.0,1.0,0.0,0.0,418.0
2026-07-20 15:27:18.939,0.0,,,,,28.87,927.8,19.0,-40.0,0.0,1.0,0.0,0.0,418.0
2026-07-20 15:27:19.125,0.0,,,,,28.87,927.8,19.0,-40.0,0.0,1.0,0.0,0.0,418.0
2026-07-20 15:27:19.326,0.0,,,,,28.86,927.8,18.4,-40.0,0.0,1.0,0.0,0.0,418.0
2026-07-20 15:27:19.525,0.0,,,,,28.86,927.8,18.4,-40.0,0.0,1.0,0.0,0.0,418.0
2026-07-20 15:27:19.769,0.0,,,,,28.87,927.9,19.3,-40.0,0.0,1.0,0.0,0.0,419.0
2026-07-20 15:27:19.943,0.0,,,,,28.87,927.9,19.3,-40.0,0.0,1.0,0.0,0.0,419.0
2026-07-20 15:27:20.125,0.0,,,,,28.87,927.9,19.3,-40.0,0.0,1.0,0.0,0.0,419.0
2026-07-20 15:27:20.326,0.0,,,,,28.87,927.9,18.2,-40.0,0.0,1.0,0.0,0.0,419.0
2026-07-20 15:27:20.525,0.0,,,,,28.87,927.9,18.2,-40.0,0.0,1.0,0.0,0.0,419.0
2026-07-20 15:27:20.771,0.0,,,,,28.86,927.8,18.8,-40.0,0.0,1.0,0.0,0.0,420.0
2026-07-20 15:27:20.926,0.0,,,,,28.86,927.8,18.8,-40.0,0.0,1.0,0.0,0.0,420.0
2026-07-20 15:27:21.126,0.0,,,,,28.86,927.8,18.8,-40.0,0.0,1.0,0.0,0.0,420.0
2026-07-20 15:27:21.326,0.0,,,,,28.86,927.9,19.1,-40.0,0.0,1.0,0.0,0.0,420.0
2026-07-20 15:27:21.526,0.0,,,,,28.86,927.9,19.1,-40.0,0.0,1.0,0.0,0.0,420.0
2026-07-20 15:27:21.770,0.0,,,,,28.87,927.8,18.9,-40.0,0.0,1.0,0.0,0.0,421.0
2026-07-20 15:27:21.943,0.0,,,,,28.87,927.8,18.9,-40.0,0.0,1.0,0.0,0.0,421.0
2026-07-20 15:27:22.125,0.0,,,,,28.87,927.8,18.9,-40.0,0.0,1.0,0.0,0.0,421.0
2026-07-20 15:27:22.326,0.0,,,,,28.87,927.8,18.5,-40.0,0.0,1.0,0.0,0.0,421.0
2026-07-20 15:27:22.525,0.0,,,,,28.87,927.8,18.5,-40.0,0.0,1.0,0.0,0.0,421.0
2026-07-20 15:27:22.769,0.0,,,,,28.87,927.8,19.0,-40.0,0.0,1.0,0.0,0.0,422.0
2026-07-20 15:27:22.942,0.0,,,,,28.87,927.8,19.0,-40.0,0.0,1.0,0.0,0.0,422.0
2026-07-20 15:27:23.125,0.0,,,,,28.87,927.8,19.0,-40.0,0.0,1.0,0.0,0.0,422.0
2026-07-20 15:27:23.326,0.0,,,,,28.87,927.9,18.4,-40.0,0.0,1.0,0.0,0.0,422.0
2026-07-20 15:27:23.525,0.0,,,,,28.87,927.9,18.4,-40.0,0.0,1.0,0.0,0.0,422.0
2026-07-20 15:27:23.769,0.0,,,,,28.86,927.8,18.3,-40.0,0.0,1.0,0.0,0.0,423.0
2026-07-20 15:27:23.926,0.0,,,,,28.86,927.8,18.3,-40.0,0.0,1.0,0.0,0.0,423.0
2026-07-20 15:27:24.126,0.0,,,,,28.86,927.8,18.3,-40.0,0.0,1.0,0.0,0.0,423.0
2026-07-20 15:27:24.325,0.0,,,,,28.87,927.9,18.7,-40.0,0.0,1.0,0.0,0.0,423.0
2026-07-20 15:27:24.526,0.0,,,,,28.87,927.9,18.7,-40.0,0.0,1.0,0.0,0.0,423.0
2026-07-20 15:27:24.770,0.0,,,,,28.87,927.8,18.9,-40.0,0.0,1.0,0.0,0.0,424.0
2026-07-20 15:27:24.925,0.0,,,,,28.87,927.8,18.9,-40.0,0.0,1.0,0.0,0.0,424.0
2026-07-20 15:27:25.126,0.0,,,,,28.87,927.8,18.9,-40.0,0.0,1.0,0.0,0.0,424.0
2026-07-20 15:27:25.325,0.0,,,,,28.87,927.8,18.2,-40.0,0.0,1.0,0.0,0.0,424.0
2026-07-20 15:27:25.525,0.0,,,,,28.87,927.8,18.2,-40.0,0.0,1.0,0.0,0.0,424.0
2026-07-20 15:27:25.769,0.0,,,,,28.87,927.9,18.9,-40.0,0.0,1.0,0.0,0.0,425.0
2026-07-20 15:27:25.925,0.0,,,,,28.87,927.9,18.9,-40.0,0.0,1.0,0.0,0.0,425.0
2026-07-20 15:27:26.125,0.0,,,,,28.87,927.9,18.9,-40.0,0.0,1.0,0.0,0.0,425.0
2026-07-20 15:27:26.326,0.0,,,,,28.87,927.8,18.3,-40.0,0.0,1.0,0.0,0.0,425.0
2026-07-20 15:27:26.526,0.0,,,,,28.87,927.8,18.3,-40.0,0.0,1.0,0.0,0.0,425.0
2026-07-20 15:27:26.771,0.0,,,,,28.87,927.9,19.1,-40.0,0.0,1.0,0.0,0.0,426.0
2026-07-20 15:27:26.925,0.0,,,,,28.87,927.9,19.1,-40.0,0.0,1.0,0.0,0.0,426.0
2026-07-20 15:27:27.124,0.0,,,,,28.87,927.9,19.1,-40.0,0.0,1.0,0.0,0.0,426.0
2026-07-20 15:27:27.343,0.0,,,,,28.87,927.8,18.3,-40.0,0.0,1.0,0.0,0.0,426.0
2026-07-20 15:27:27.525,0.0,,,,,28.87,927.8,18.3,-40.0,0.0,1.0,0.0,0.0,426.0
2026-07-20 15:27:27.769,0.0,,,,,28.86,927.8,18.4,-40.0,0.0,1.0,0.0,0.0,427.0
2026-07-20 15:27:27.925,0.0,,,,,28.86,927.8,18.4,-40.0,0.0,1.0,0.0,0.0,427.0
2026-07-20 15:27:28.125,0.0,,,,,28.86,927.8,18.4,-40.0,0.0,1.0,0.0,0.0,427.0
2026-07-20 15:27:28.330,0.0,,,,,28.86,927.9,19.1,-40.0,0.0,1.0,0.0,0.0,427.0
2026-07-20 15:27:28.525,0.0,,,,,28.86,927.9,19.1,-40.0,0.0,1.0,0.0,0.0,427.0
2026-07-20 15:27:28.769,0.0,,,,,28.87,927.8,18.8,-40.0,0.0,1.0,0.0,0.0,428.0
2026-07-20 15:27:28.947,0.0,,,,,28.87,927.8,18.8,-40.0,0.0,1.0,0.0,0.0,428.0
2026-07-20 15:27:29.125,0.0,,,,,28.87,927.8,18.8,-40.0,0.0,1.0,0.0,0.0,428.0
2026-07-20 15:27:29.325,0.0,,,,,28.87,927.9,18.2,-40.0,0.0,1.0,0.0,0.0,428.0
2026-07-20 15:27:29.537,0.0,,,,,28.87,927.9,18.2,-40.0,0.0,1.0,0.0,0.0,428.0
2026-07-20 15:27:29.769,0.0,,,,,28.87,927.9,19.0,-40.0,0.0,1.0,0.0,0.0,429.0
2026-07-20 15:27:29.942,0.0,,,,,28.87,927.9,19.0,-40.0,0.0,1.0,0.0,0.0,429.0
2026-07-20 15:27:30.126,0.0,,,,,28.87,927.9,19.0,-40.0,0.0,1.0,0.0,0.0,429.0
2026-07-20 15:27:30.325,0.0,,,,,28.87,927.8,18.4,-40.0,0.0,1.0,0.0,0.0,429.0
2026-07-20 15:27:30.526,0.0,,,,,28.87,927.8,18.4,-40.0,0.0,1.0,0.0,0.0,429.0
2026-07-20 15:27:30.769,0.0,,,,,28.87,927.9,19.2,-40.0,0.0,1.0,0.0,0.0,430.0
2026-07-20 15:27:30.925,0.0,,,,,28.87,927.9,19.2,-40.0,0.0,1.0,0.0,0.0,430.0
2026-07-20 15:27:31.125,0.0,,,,,28.87,927.9,19.2,-40.0,0.0,1.0,0.0,0.0,430.0
2026-07-20 15:27:31.336,0.0,,,,,28.87,927.8,19.0,-40.0,0.0,1.0,0.0,0.0,430.0
2026-07-20 15:27:31.525,0.0,,,,,28.87,927.8,19.0,-40.0,0.0,1.0,0.0,0.0,430.0
2026-07-20 15:27:31.769,0.0,,,,,28.87,927.9,18.9,-40.0,0.0,1.0,0.0,0.0,431.0
2026-07-20 15:27:31.925,0.0,,,,,28.87,927.9,18.9,-40.0,0.0,1.0,0.0,0.0,431.0
2026-07-20 15:27:32.126,0.0,,,,,28.87,927.9,18.9,-40.0,0.0,1.0,0.0,0.0,431.0
2026-07-20 15:27:32.326,0.0,,,,,28.87,927.9,18.5,-40.0,0.0,1.0,0.0,0.0,431.0
2026-07-20 15:27:32.526,0.0,,,,,28.87,927.9,18.5,-40.0,0.0,1.0,0.0,0.0,431.0
2026-07-20 15:27:32.770,0.0,,,,,28.87,927.9,18.9,-40.0,0.0,1.0,0.0,0.0,432.0
2026-07-20 15:27:32.926,0.0,,,,,28.87,927.9,18.9,-40.0,0.0,1.0,0.0,0.0,432.0
2026-07-20 15:27:33.125,0.0,,,,,28.87,927.9,18.9,-40.0,0.0,1.0,0.0,0.0,432.0
2026-07-20 15:27:33.326,0.0,,,,,28.87,927.9,18.6,-40.0,0.0,1.0,0.0,0.0,432.0
2026-07-20 15:27:33.524,0.0,,,,,28.87,927.9,18.6,-40.0,0.0,1.0,0.0,0.0,432.0
2026-07-20 15:27:33.770,0.0,,,,,28.86,927.9,18.2,-40.0,0.0,1.0,0.0,0.0,433.0
2026-07-20 15:27:33.925,0.0,,,,,28.86,927.9,18.2,-40.0,0.0,1.0,0.0,0.0,433.0
2026-07-20 15:27:34.126,0.0,,,,,28.86,927.9,18.2,-40.0,0.0,1.0,0.0,0.0,433.0
2026-07-20 15:27:34.325,0.0,,,,,28.87,927.8,18.2,-40.0,0.0,1.0,0.0,0.0,433.0
2026-07-20 15:27:34.526,0.0,,,,,28.87,927.8,18.2,-40.0,0.0,1.0,0.0,0.0,433.0
2026-07-20 15:27:34.769,0.0,,,,,28.87,927.8,18.9,-40.0,0.0,1.0,0.0,0.0,434.0
2026-07-20 15:27:34.926,0.0,,,,,28.87,927.8,18.9,-40.0,0.0,1.0,0.0,0.0,434.0
2026-07-20 15:27:35.126,0.0,,,,,28.87,927.8,18.9,-40.0,0.0,1.0,0.0,0.0,434.0
2026-07-20 15:27:35.326,0.0,,,,,28.87,927.8,18.3,-40.0,0.0,1.0,0.0,0.0,434.0
2026-07-20 15:27:35.526,0.0,,,,,28.87,927.8,18.3,-40.0,0.0,1.0,0.0,0.0,434.0
2026-07-20 15:27:35.769,0.0,,,,,28.87,927.9,19.0,-40.0,0.0,1.0,0.0,0.0,435.0
2026-07-20 15:27:35.926,0.0,,,,,28.87,927.9,19.0,-40.0,0.0,1.0,0.0,0.0,435.0
2026-07-20 15:27:36.125,0.0,,,,,28.87,927.9,19.0,-40.0,0.0,1.0,0.0,0.0,435.0
2026-07-20 15:27:36.325,0.0,,,,,28.87,927.9,18.6,-40.0,0.0,1.0,0.0,0.0,435.0
2026-07-20 15:27:36.525,0.0,,,,,28.87,927.9,18.6,-40.0,0.0,1.0,0.0,0.0,435.0
2026-07-20 15:27:36.768,0.0,,,,,28.87,927.9,19.1,-40.0,0.0,1.0,0.0,0.0,436.0
2026-07-20 15:27:36.926,0.0,,,,,28.87,927.9,19.1,-40.0,0.0,1.0,0.0,0.0,436.0
2026-07-20 15:27:37.126,0.0,,,,,28.87,927.9,19.1,-40.0,0.0,1.0,0.0,0.0,436.0
2026-07-20 15:27:37.325,0.0,,,,,28.87,927.9,18.3,-40.0,0.0,1.0,0.0,0.0,436.0
2026-07-20 15:27:37.525,0.0,,,,,28.87,927.9,18.3,-40.0,0.0,1.0,0.0,0.0,436.0
2026-07-20 15:27:37.769,0.0,,,,,28.87,927.9,18.3,-40.0,0.0,1.0,0.0,0.0,437.0
2026-07-20 15:27:37.925,0.0,,,,,28.87,927.9,18.3,-40.0,0.0,1.0,0.0,0.0,437.0
2026-07-20 15:27:38.125,0.0,,,,,28.87,927.9,18.3,-40.0,0.0,1.0,0.0,0.0,437.0
2026-07-20 15:27:38.325,0.0,,,,,28.87,927.9,18.2,-40.0,0.0,1.0,0.0,0.0,437.0
2026-07-20 15:27:38.525,0.0,,,,,28.87,927.9,18.2,-40.0,0.0,1.0,0.0,0.0,437.0
2026-07-20 15:27:38.768,0.0,,,,,28.87,927.8,19.0,-40.0,0.0,1.0,0.0,0.0,438.0
2026-07-20 15:27:38.926,0.0,,,,,28.87,927.8,19.0,-40.0,0.0,1.0,0.0,0.0,438.0
2026-07-20 15:27:39.125,0.0,,,,,28.87,927.8,19.0,-40.0,0.0,1.0,0.0,0.0,438.0
2026-07-20 15:27:39.326,0.0,,,,,28.87,927.8,18.0,-40.0,0.0,1.0,0.0,0.0,438.0
2026-07-20 15:27:39.525,0.0,,,,,28.87,927.8,18.0,-40.0,0.0,1.0,0.0,0.0,438.0
2026-07-20 15:27:39.769,0.0,,,,,28.87,927.8,18.7,-40.0,0.0,1.0,0.0,0.0,439.0
2026-07-20 15:27:39.925,0.0,,,,,28.87,927.8,18.7,-40.0,0.0,1.0,0.0,0.0,439.0
2026-07-20 15:27:40.125,0.0,,,,,28.87,927.8,18.7,-40.0,0.0,1.0,0.0,0.0,439.0
2026-07-20 15:27:40.325,0.0,,,,,28.87,927.8,18.3,-40.0,0.0,1.0,0.0,0.0,439.0
2026-07-20 15:27:40.524,0.0,,,,,28.87,927.8,18.3,-40.0,0.0,1.0,0.0,0.0,439.0
2026-07-20 15:27:40.768,0.0,,,,,28.87,927.8,19.2,-40.0,0.0,1.0,0.0,0.0,440.0
2026-07-20 15:27:40.924,0.0,,,,,28.87,927.8,19.2,-40.0,0.0,1.0,0.0,0.0,440.0
2026-07-20 15:27:41.125,0.0,,,,,28.87,927.8,19.2,-40.0,0.0,1.0,0.0,0.0,440.0
2026-07-20 15:27:41.325,0.0,,,,,28.87,927.8,18.0,-40.0,0.0,1.0,0.0,0.0,440.0
2026-07-20 15:27:41.525,0.0,,,,,28.87,927.8,18.0,-40.0,0.0,1.0,0.0,0.0,440.0
2026-07-20 15:27:41.769,0.0,,,,,28.87,927.8,18.1,-40.0,0.0,1.0,0.0,0.0,441.0
2026-07-20 15:27:41.925,0.0,,,,,28.87,927.8,18.1,-40.0,0.0,1.0,0.0,0.0,441.0
2026-07-20 15:27:42.125,0.0,,,,,28.87,927.8,18.1,-40.0,0.0,1.0,0.0,0.0,441.0
2026-07-20 15:27:42.325,0.0,,,,,28.87,927.9,18.0,-40.0,0.0,1.0,0.0,0.0,441.0
2026-07-20 15:27:42.524,0.0,,,,,28.87,927.9,18.0,-40.0,0.0,1.0,0.0,0.0,441.0
2026-07-20 15:27:42.770,0.0,,,,,28.87,927.9,18.7,-40.0,0.0,1.0,0.0,0.0,442.0
2026-07-20 15:27:42.924,0.0,,,,,28.87,927.9,18.7,-40.0,0.0,1.0,0.0,0.0,442.0
2026-07-20 15:27:43.124,0.0,,,,,28.87,927.9,18.7,-40.0,0.0,1.0,0.0,0.0,442.0
2026-07-20 15:27:43.339,0.0,,,,,28.87,927.8,18.4,-40.0,0.0,1.0,0.0,0.0,442.0
2026-07-20 15:27:43.524,0.0,,,,,28.87,927.8,18.4,-40.0,0.0,1.0,0.0,0.0,442.0
2026-07-20 15:27:43.768,0.0,,,,,28.87,927.8,18.8,-40.0,0.0,1.0,0.0,0.0,443.0
2026-07-20 15:27:43.946,0.0,,,,,28.87,927.8,18.8,-40.0,0.0,1.0,0.0,0.0,443.0
2026-07-20 15:27:44.125,0.0,,,,,28.87,927.8,18.8,-40.0,0.0,1.0,0.0,0.0,443.0
2026-07-20 15:27:44.325,0.0,,,,,28.87,927.9,18.5,-40.0,0.0,1.0,0.0,0.0,443.0
2026-07-20 15:27:44.525,0.0,,,,,28.87,927.9,18.5,-40.0,0.0,1.0,0.0,0.0,443.0
2026-07-20 15:27:44.769,0.0,,,,,28.87,927.8,18.8,-40.0,0.0,1.0,0.0,0.0,444.0
2026-07-20 15:27:44.945,0.0,,,,,28.87,927.8,18.8,-40.0,0.0,1.0,0.0,0.0,444.0
2026-07-20 15:27:45.124,0.0,,,,,28.87,927.8,18.8,-40.0,0.0,1.0,0.0,0.0,444.0
2026-07-20 15:27:45.325,0.0,,,,,28.87,927.8,18.2,-40.0,0.0,1.0,0.0,0.0,444.0
2026-07-20 15:27:45.526,0.0,,,,,28.87,927.8,18.2,-40.0,0.0,1.0,0.0,0.0,444.0
2026-07-20 15:27:45.769,0.0,,,,,28.87,927.8,19.3,-40.0,0.0,1.0,0.0,0.0,445.0
2026-07-20 15:27:45.943,0.0,,,,,28.87,927.8,19.3,-40.0,0.0,1.0,0.0,0.0,445.0
2026-07-20 15:27:46.125,0.0,,,,,28.87,927.8,19.3,-40.0,0.0,1.0,0.0,0.0,445.0
2026-07-20 15:27:46.325,0.0,,,,,28.88,927.8,18.5,-40.0,0.0,1.0,0.0,0.0,445.0
2026-07-20 15:27:46.526,0.0,,,,,28.88,927.8,18.5,-40.0,0.0,1.0,0.0,0.0,445.0
2026-07-20 15:27:46.770,0.0,,,,,28.87,927.8,19.2,-40.0,0.0,1.0,0.0,0.0,446.0
2026-07-20 15:27:46.947,0.0,,,,,28.87,927.8,19.2,-40.0,0.0,1.0,0.0,0.0,446.0
2026-07-20 15:27:47.124,0.0,,,,,28.87,927.8,19.2,-40.0,0.0,1.0,0.0,0.0,446.0
2026-07-20 15:27:47.325,0.0,,,,,28.87,927.8,18.3,-40.0,0.0,1.0,0.0,0.0,446.0
2026-07-20 15:27:47.524,0.0,,,,,28.87,927.8,18.3,-40.0,0.0,1.0,0.0,0.0,446.0
2026-07-20 15:27:47.770,0.0,,,,,28.87,927.8,18.7,-40.0,0.0,1.0,0.0,0.0,447.0
2026-07-20 15:27:47.944,0.0,,,,,28.87,927.8,18.7,-40.0,0.0,1.0,0.0,0.0,447.0
2026-07-20 15:27:48.125,0.0,,,,,28.87,927.8,18.7,-40.0,0.0,1.0,0.0,0.0,447.0
2026-07-20 15:27:48.326,0.0,,,,,28.87,927.9,18.3,-40.0,0.0,1.0,0.0,0.0,447.0
2026-07-20 15:27:48.525,0.0,,,,,28.87,927.9,18.3,-40.0,0.0,1.0,0.0,0.0,447.0
2026-07-20 15:27:48.769,0.0,,,,,28.87,927.9,18.8,-40.0,0.0,1.0,0.0,0.0,448.0
2026-07-20 15:27:48.958,0.0,,,,,28.87,927.9,18.8,-40.0,0.0,1.0,0.0,0.0,448.0
2026-07-20 15:27:49.125,0.0,,,,,28.87,927.9,18.8,-40.0,0.0,1.0,0.0,0.0,448.0
2026-07-20 15:27:49.325,0.0,,,,,28.87,927.9,18.5,-40.0,0.0,1.0,0.0,0.0,448.0
2026-07-20 15:27:49.525,0.0,,,,,28.87,927.9,18.5,-40.0,0.0,1.0,0.0,0.0,448.0
2026-07-20 15:27:49.769,0.0,,,,,28.87,927.9,19.4,-40.0,0.0,1.0,0.0,0.0,449.0
2026-07-20 15:27:49.926,0.0,,,,,28.87,927.9,19.4,-40.0,0.0,1.0,0.0,0.0,449.0
2026-07-20 15:27:50.126,0.0,,,,,28.87,927.9,19.4,-40.0,0.0,1.0,0.0,0.0,449.0
2026-07-20 15:27:50.326,0.0,,,,,28.87,927.8,18.5,-40.0,0.0,1.0,0.0,0.0,449.0
2026-07-20 15:27:50.526,0.0,,,,,28.87,927.8,18.5,-40.0,0.0,1.0,0.0,0.0,449.0
2026-07-20 15:27:50.770,0.0,,,,,28.87,927.9,19.2,-40.0,0.0,1.0,0.0,0.0,450.0
2026-07-20 15:27:50.924,0.0,,,,,28.87,927.9,19.2,-40.0,0.0,1.0,0.0,0.0,450.0
2026-07-20 15:27:51.125,0.0,,,,,28.87,927.9,19.2,-40.0,0.0,1.0,0.0,0.0,450.0
2026-07-20 15:27:51.325,0.0,,,,,28.87,927.8,18.8,-40.0,0.0,1.0,0.0,0.0,450.0
2026-07-20 15:27:51.525,0.0,,,,,28.87,927.8,18.8,-40.0,0.0,1.0,0.0,0.0,450.0
2026-07-20 15:27:51.768,0.0,,,,,28.87,927.8,18.7,-40.0,0.0,1.0,0.0,0.0,451.0
2026-07-20 15:27:51.925,0.0,,,,,28.87,927.8,18.7,-40.0,0.0,1.0,0.0,0.0,451.0
2026-07-20 15:27:52.125,0.0,,,,,28.87,927.8,18.7,-40.0,0.0,1.0,0.0,0.0,451.0
2026-07-20 15:27:52.325,0.0,,,,,28.87,927.8,18.4,-40.0,0.0,1.0,0.0,0.0,451.0
2026-07-20 15:27:52.524,0.0,,,,,28.87,927.8,18.4,-40.0,0.0,1.0,0.0,0.0,451.0
2026-07-20 15:27:52.768,0.0,,,,,28.87,927.8,19.3,-40.0,0.0,1.0,0.0,0.0,452.0
2026-07-20 15:27:52.924,0.0,,,,,28.87,927.8,19.3,-40.0,0.0,1.0,0.0,0.0,452.0
2026-07-20 15:27:53.124,0.0,,,,,28.87,927.8,19.3,-40.0,0.0,1.0,0.0,0.0,452.0
2026-07-20 15:27:53.324,0.0,,,,,28.87,927.9,18.7,-40.0,0.0,1.0,0.0,0.0,452.0
2026-07-20 15:27:53.525,0.0,,,,,28.87,927.9,18.7,-40.0,0.0,1.0,0.0,0.0,452.0
2026-07-20 15:27:53.768,0.0,,,,,28.87,927.9,19.2,-40.0,0.0,1.0,0.0,0.0,453.0
2026-07-20 15:27:53.933,0.0,,,,,28.87,927.9,19.2,-40.0,0.0,1.0,0.0,0.0,453.0
2026-07-20 15:27:54.125,0.0,,,,,28.87,927.9,19.2,-40.0,0.0,1.0,0.0,0.0,453.0
2026-07-20 15:27:54.324,0.0,,,,,28.87,927.9,18.6,-40.0,0.0,1.0,0.0,0.0,453.0
2026-07-20 15:27:54.525,0.0,,,,,28.87,927.9,18.6,-40.0,0.0,1.0,0.0,0.0,453.0
2026-07-20 15:27:54.768,0.0,,,,,28.87,927.9,18.8,-40.0,0.0,1.0,0.0,0.0,454.0
2026-07-20 15:27:54.952,0.0,,,,,28.87,927.9,18.8,-40.0,0.0,1.0,0.0,0.0,454.0
2026-07-20 15:27:55.124,0.0,,,,,28.87,927.9,18.8,-40.0,0.0,1.0,0.0,0.0,454.0
2026-07-20 15:27:55.325,0.0,,,,,28.87,927.8,19.3,-40.0,0.0,1.0,0.0,0.0,454.0
2026-07-20 15:27:55.525,0.0,,,,,28.87,927.8,19.3,-40.0,0.0,1.0,0.0,0.0,454.0
2026-07-20 15:27:55.769,0.0,,,,,28.87,927.8,19.0,-40.0,0.0,1.0,0.0,0.0,455.0
2026-07-20 15:27:55.955,0.0,,,,,28.87,927.8,19.0,-40.0,0.0,1.0,0.0,0.0,455.0
2026-07-20 15:27:56.125,0.0,,,,,28.87,927.8,19.0,-40.0,0.0,1.0,0.0,0.0,455.0
2026-07-20 15:27:56.325,0.0,,,,,28.87,927.8,18.6,-40.0,0.0,1.0,0.0,0.0,455.0
2026-07-20 15:27:56.525,0.0,,,,,28.87,927.8,18.6,-40.0,0.0,1.0,0.0,0.0,455.0
2026-07-20 15:27:56.768,0.0,,,,,28.87,927.8,19.2,-40.0,0.0,1.0,0.0,0.0,456.0
2026-07-20 15:27:56.924,0.0,,,,,28.87,927.8,19.2,-40.0,0.0,1.0,0.0,0.0,456.0
2026-07-20 15:27:57.124,0.0,,,,,28.87,927.8,19.2,-40.0,0.0,1.0,0.0,0.0,456.0
2026-07-20 15:27:57.325,0.0,,,,,28.87,927.8,18.5,-40.0,0.0,1.0,0.0,0.0,456.0
2026-07-20 15:27:57.525,0.0,,,,,28.87,927.8,18.5,-40.0,0.0,1.0,0.0,0.0,456.0
2026-07-20 15:27:57.768,0.0,,,,,28.87,927.9,19.4,-40.0,0.0,1.0,0.0,0.0,457.0
2026-07-20 15:27:57.956,0.0,,,,,28.87,927.9,19.4,-40.0,0.0,1.0,0.0,0.0,457.0
2026-07-20 15:27:58.125,0.0,,,,,28.87,927.9,19.4,-40.0,0.0,1.0,0.0,0.0,457.0
2026-07-20 15:27:58.324,0.0,,,,,28.87,927.8,18.2,-40.0,0.0,1.0,0.0,0.0,457.0
2026-07-20 15:27:58.524,0.0,,,,,28.87,927.8,18.2,-40.0,0.0,1.0,0.0,0.0,457.0
2026-07-20 15:27:58.768,0.0,,,,,28.87,927.8,18.9,-40.0,0.0,1.0,0.0,0.0,458.0
2026-07-20 15:27:58.946,0.0,,,,,28.87,927.8,18.9,-40.0,0.0,1.0,0.0,0.0,458.0
2026-07-20 15:27:59.125,0.0,,,,,28.87,927.8,18.9,-40.0,0.0,1.0,0.0,0.0,458.0
2026-07-20 15:27:59.325,0.0,,,,,28.87,927.7,18.4,-40.0,0.0,1.0,0.0,0.0,458.0
2026-07-20 15:27:59.524,0.0,,,,,28.87,927.7,18.4,-40.0,0.0,1.0,0.0,0.0,458.0
2026-07-20 15:27:59.768,0.0,,,,,28.87,927.8,18.5,-40.0,0.0,1.0,0.0,0.0,459.0
2026-07-20 15:27:59.946,0.0,,,,,28.87,927.8,18.5,-40.0,0.0,1.0,0.0,0.0,459.0
2026-07-20 15:28:00.124,0.0,,,,,28.87,927.8,18.5,-40.0,0.0,1.0,0.0,0.0,459.0
2026-07-20 15:28:00.325,0.0,,,,,28.87,927.8,18.3,-40.0,0.0,1.0,0.0,0.0,459.0
2026-07-20 15:28:00.525,0.0,,,,,28.87,927.8,18.3,-40.0,0.0,1.0,0.0,0.0,459.0
2026-07-20 15:28:00.769,0.0,,,,,28.87,927.8,18.4,-40.0,0.0,1.0,0.0,0.0,460.0
2026-07-20 15:28:00.924,0.0,,,,,28.87,927.8,18.4,-40.0,0.0,1.0,0.0,0.0,460.0
2026-07-20 15:28:01.124,0.0,,,,,28.87,927.8,18.4,-40.0,0.0,1.0,0.0,0.0,460.0
2026-07-20 15:28:01.324,0.0,,,,,28.87,927.8,17.9,-40.0,0.0,1.0,0.0,0.0,460.0
2026-07-20 15:28:01.525,0.0,,,,,28.87,927.8,17.9,-40.0,0.0,1.0,0.0,0.0,460.0
2026-07-20 15:28:01.769,0.0,,,,,28.87,927.9,18.6,-40.0,0.0,1.0,0.0,0.0,461.0
2026-07-20 15:28:01.944,0.0,,,,,28.87,927.9,18.6,-40.0,0.0,1.0,0.0,0.0,461.0
2026-07-20 15:28:02.124,0.0,,,,,28.87,927.9,18.6,-40.0,0.0,1.0,0.0,0.0,461.0
2026-07-20 15:28:02.324,0.0,,,,,28.87,927.9,18.7,-40.0,0.0,1.0,0.0,0.0,461.0
2026-07-20 15:28:02.524,0.0,,,,,28.87,927.9,18.7,-40.0,0.0,1.0,0.0,0.0,461.0
2026-07-20 15:28:02.768,0.0,,,,,28.87,927.8,18.8,-40.0,0.0,1.0,0.0,0.0,462.0
2026-07-20 15:28:02.925,0.0,,,,,28.87,927.8,18.8,-40.0,0.0,1.0,0.0,0.0,462.0
2026-07-20 15:28:03.125,0.0,,,,,28.87,927.8,18.8,-40.0,0.0,1.0,0.0,0.0,462.0
2026-07-20 15:28:03.324,0.0,,,,,28.87,927.8,18.2,-40.0,0.0,1.0,0.0,0.0,462.0
2026-07-20 15:28:03.525,0.0,,,,,28.87,927.8,18.2,-40.0,0.0,1.0,0.0,0.0,462.0
2026-07-20 15:28:03.769,0.0,,,,,28.87,927.9,19.2,-40.0,0.0,1.0,0.0,0.0,463.0
2026-07-20 15:28:03.924,0.0,,,,,28.87,927.9,19.2,-40.0,0.0,1.0,0.0,0.0,463.0
2026-07-20 15:28:04.125,0.0,,,,,28.87,927.9,19.2,-40.0,0.0,1.0,0.0,0.0,463.0
2026-07-20 15:28:04.324,0.0,,,,,28.88,927.9,18.2,-40.0,0.0,1.0,0.0,0.0,463.0
2026-07-20 15:28:04.524,0.0,,,,,28.88,927.9,18.2,-40.0,0.0,1.0,0.0,0.0,463.0
2026-07-20 15:28:04.768,0.0,,,,,28.87,927.8,19.0,-40.0,0.0,1.0,0.0,0.0,464.0
2026-07-20 15:28:04.924,0.0,,,,,28.87,927.8,19.0,-40.0,0.0,1.0,0.0,0.0,464.0
2026-07-20 15:28:05.124,0.0,,,,,28.87,927.8,19.0,-40.0,0.0,1.0,0.0,0.0,464.0
2026-07-20 15:28:05.324,0.0,,,,,28.87,927.8,18.7,-40.0,0.0,1.0,0.0,0.0,464.0
2026-07-20 15:28:05.525,0.0,,,,,28.87,927.8,18.7,-40.0,0.0,1.0,0.0,0.0,464.0
2026-07-20 15:28:05.768,0.0,,,,,28.87,927.8,18.8,-40.0,0.0,1.0,0.0,0.0,465.0
2026-07-20 15:28:05.947,0.0,,,,,28.87,927.8,18.8,-40.0,0.0,1.0,0.0,0.0,465.0
2026-07-20 15:28:06.124,0.0,,,,,28.87,927.8,18.8,-40.0,0.0,1.0,0.0,0.0,465.0
2026-07-20 15:28:06.324,0.0,,,,,28.88,927.9,19.1,-40.0,0.0,1.0,0.0,0.0,465.0
2026-07-20 15:28:06.525,0.0,,,,,28.88,927.9,19.1,-40.0,0.0,1.0,0.0,0.0,465.0
2026-07-20 15:28:06.768,0.0,,,,,28.87,927.8,18.7,-40.0,0.0,1.0,0.0,0.0,466.0
2026-07-20 15:28:06.924,0.0,,,,,28.87,927.8,18.7,-40.0,0.0,1.0,0.0,0.0,466.0
2026-07-20 15:28:07.125,0.0,,,,,28.87,927.8,18.7,-40.0,0.0,1.0,0.0,0.0,466.0
2026-07-20 15:28:07.326,0.0,,,,,28.87,927.9,18.8,-40.0,0.0,1.0,0.0,0.0,466.0
2026-07-20 15:28:07.524,0.0,,,,,28.87,927.9,18.8,-40.0,0.0,1.0,0.0,0.0,466.0
2026-07-20 15:28:07.768,0.0,,,,,28.87,927.9,18.8,-40.0,0.0,1.0,0.0,0.0,467.0
2026-07-20 15:28:07.924,0.0,,,,,28.87,927.9,18.8,-40.0,0.0,1.0,0.0,0.0,467.0
2026-07-20 15:28:08.124,0.0,,,,,28.87,927.9,18.8,-40.0,0.0,1.0,0.0,0.0,467.0
2026-07-20 15:28:08.324,0.0,,,,,28.87,927.9,18.4,-40.0,0.0,1.0,0.0,0.0,467.0
2026-07-20 15:28:08.524,0.0,,,,,28.87,927.9,18.4,-40.0,0.0,1.0,0.0,0.0,467.0
2026-07-20 15:28:08.768,0.0,,,,,28.87,927.9,19.4,-40.0,0.0,1.0,0.0,0.0,468.0
2026-07-20 15:28:08.924,0.0,,,,,28.87,927.9,19.4,-40.0,0.0,1.0,0.0,0.0,468.0
2026-07-20 15:28:09.124,0.0,,,,,28.87,927.9,19.4,-40.0,0.0,1.0,0.0,0.0,468.0
2026-07-20 15:28:09.325,0.0,,,,,28.87,927.9,18.8,-40.0,0.0,1.0,0.0,0.0,468.0
2026-07-20 15:28:09.524,0.0,,,,,28.87,927.9,18.8,-40.0,0.0,1.0,0.0,0.0,468.0
2026-07-20 15:28:09.768,0.0,,,,,28.87,927.9,18.8,-40.0,0.0,1.0,0.0,0.0,469.0
2026-07-20 15:28:09.923,0.0,,,,,28.87,927.9,18.8,-40.0,0.0,1.0,0.0,0.0,469.0
2026-07-20 15:28:10.124,0.0,,,,,28.87,927.9,18.8,-40.0,0.0,1.0,0.0,0.0,469.0
2026-07-20 15:28:10.324,0.0,,,,,28.88,927.9,18.3,-40.0,0.0,1.0,0.0,0.0,469.0
2026-07-20 15:28:10.523,0.0,,,,,28.88,927.9,18.3,-40.0,0.0,1.0,0.0,0.0,469.0
2026-07-20 15:28:10.768,0.0,,,,,28.87,927.9,19.1,-40.0,0.0,1.0,0.0,0.0,470.0
2026-07-20 15:28:10.924,0.0,,,,,28.87,927.9,19.1,-40.0,0.0,1.0,0.0,0.0,470.0
2026-07-20 15:28:11.124,0.0,,,,,28.87,927.9,19.1,-40.0,0.0,1.0,0.0,0.0,470.0
2026-07-20 15:28:11.324,0.0,,,,,28.88,927.9,18.6,-40.0,0.0,1.0,0.0,0.0,470.0
2026-07-20 15:28:11.524,0.0,,,,,28.88,927.9,18.6,-40.0,0.0,1.0,0.0,0.0,470.0
2026-07-20 15:28:11.768,0.0,,,,,28.87,927.9,18.0,-40.0,0.0,1.0,0.0,0.0,471.0
2026-07-20 15:28:11.937,0.0,,,,,28.87,927.9,18.0,-40.0,0.0,1.0,0.0,0.0,471.0
2026-07-20 15:28:12.124,0.0,,,,,28.87,927.9,18.0,-40.0,0.0,1.0,0.0,0.0,471.0
2026-07-20 15:28:12.325,0.0,,,,,28.88,927.9,19.1,-40.0,0.0,1.0,0.0,0.0,471.0
2026-07-20 15:28:12.524,0.0,,,,,28.88,927.9,19.1,-40.0,0.0,1.0,0.0,0.0,471.0
2026-07-20 15:28:12.768,0.0,,,,,28.87,927.9,18.9,-40.0,0.0,1.0,0.0,0.0,472.0
2026-07-20 15:28:12.924,0.0,,,,,28.87,927.9,18.9,-40.0,0.0,1.0,0.0,0.0,472.0
2026-07-20 15:28:13.124,0.0,,,,,28.87,927.9,18.9,-40.0,0.0,1.0,0.0,0.0,472.0
2026-07-20 15:28:13.324,0.0,,,,,28.88,927.9,18.2,-40.0,0.0,1.0,0.0,0.0,472.0
2026-07-20 15:28:13.524,0.0,,,,,28.88,927.9,18.2,-40.0,0.0,1.0,0.0,0.0,472.0
2026-07-20 15:28:13.767,0.0,,,,,28.88,927.9,18.7,-40.0,0.0,1.0,0.0,0.0,473.0
2026-07-20 15:28:13.956,0.0,,,,,28.88,927.9,18.7,-40.0,0.0,1.0,0.0,0.0,473.0
2026-07-20 15:28:14.124,0.0,,,,,28.88,927.9,18.7,-40.0,0.0,1.0,0.0,0.0,473.0
2026-07-20 15:28:14.324,0.0,,,,,28.88,927.9,18.5,-40.0,0.0,1.0,0.0,0.0,473.0
2026-07-20 15:28:14.555,0.0,,,,,28.88,927.9,18.5,-40.0,0.0,1.0,0.0,0.0,473.0
2026-07-20 15:28:14.768,0.0,,,,,28.88,927.9,19.0,-40.0,0.0,1.0,0.0,0.0,474.0
2026-07-20 15:28:14.942,0.0,,,,,28.88,927.9,19.0,-40.0,0.0,1.0,0.0,0.0,474.0
2026-07-20 15:28:15.124,0.0,,,,,28.88,927.9,19.0,-40.0,0.0,1.0,0.0,0.0,474.0
2026-07-20 15:28:15.324,0.0,,,,,28.88,927.9,18.3,-40.0,0.0,1.0,0.0,0.0,474.0
2026-07-20 15:28:15.524,0.0,,,,,28.88,927.9,18.3,-40.0,0.0,1.0,0.0,0.0,474.0
2026-07-20 15:28:15.768,0.0,,,,,28.88,927.9,18.4,-40.0,0.0,1.0,0.0,0.0,475.0
2026-07-20 15:28:15.924,0.0,,,,,28.88,927.9,18.4,-40.0,0.0,1.0,0.0,0.0,475.0
2026-07-20 15:28:16.124,0.0,,,,,28.88,927.9,18.4,-40.0,0.0,1.0,0.0,0.0,475.0
2026-07-20 15:28:16.324,0.0,,,,,28.88,927.9,17.8,-40.0,0.0,1.0,0.0,0.0,475.0
2026-07-20 15:28:16.524,0.0,,,,,28.88,927.9,17.8,-40.0,0.0,1.0,0.0,0.0,475.0
2026-07-20 15:28:16.768,0.0,,,,,28.88,927.9,18.9,-40.0,0.0,1.0,0.0,0.0,476.0
2026-07-20 15:28:16.924,0.0,,,,,28.88,927.9,18.9,-40.0,0.0,1.0,0.0,0.0,476.0
2026-07-20 15:28:17.124,0.0,,,,,28.88,927.9,18.9,-40.0,0.0,1.0,0.0,0.0,476.0
2026-07-20 15:28:17.324,0.0,,,,,28.88,927.8,18.8,-40.0,0.0,1.0,0.0,0.0,476.0
2026-07-20 15:28:17.524,0.0,,,,,28.88,927.8,18.8,-40.0,0.0,1.0,0.0,0.0,476.0
2026-07-20 15:28:17.768,0.0,,,,,28.88,927.8,18.9,-40.0,0.0,1.0,0.0,0.0,477.0
2026-07-20 15:28:17.924,0.0,,,,,28.88,927.8,18.9,-40.0,0.0,1.0,0.0,0.0,477.0
2026-07-20 15:28:18.124,0.0,,,,,28.88,927.8,18.9,-40.0,0.0,1.0,0.0,0.0,477.0
2026-07-20 15:28:18.323,0.0,,,,,28.88,927.9,18.9,-40.0,0.0,1.0,0.0,0.0,477.0
2026-07-20 15:28:18.524,0.0,,,,,28.88,927.9,18.9,-40.0,0.0,1.0,0.0,0.0,477.0
2026-07-20 15:28:18.767,0.0,,,,,28.87,927.8,19.1,-40.0,0.0,1.0,0.0,0.0,478.0
2026-07-20 15:28:18.924,0.0,,,,,28.87,927.8,19.1,-40.0,0.0,1.0,0.0,0.0,478.0
2026-07-20 15:28:19.124,0.0,,,,,28.87,927.8,19.1,-40.0,0.0,1.0,0.0,0.0,478.0
2026-07-20 15:28:19.323,0.0,,,,,28.88,927.8,18.8,-40.0,0.0,1.0,0.0,0.0,478.0
2026-07-20 15:28:19.524,0.0,,,,,28.88,927.8,18.8,-40.0,0.0,1.0,0.0,0.0,478.0
2026-07-20 15:28:19.768,0.0,,,,,28.87,927.9,18.9,-40.0,0.0,1.0,0.0,0.0,479.0
2026-07-20 15:28:19.924,0.0,,,,,28.87,927.9,18.9,-40.0,0.0,1.0,0.0,0.0,479.0
2026-07-20 15:28:20.124,0.0,,,,,28.87,927.9,18.9,-40.0,0.0,1.0,0.0,0.0,479.0
2026-07-20 15:28:20.324,0.0,,,,,28.88,927.8,18.7,-40.0,0.0,1.0,0.0,0.0,479.0
2026-07-20 15:28:20.523,0.0,,,,,28.88,927.8,18.7,-40.0,0.0,1.0,0.0,0.0,479.0
2026-07-20 15:28:20.768,0.0,,,,,28.87,927.8,19.1,-40.0,0.0,1.0,0.0,0.0,480.0
2026-07-20 15:28:20.925,0.0,,,,,28.87,927.8,19.1,-40.0,0.0,1.0,0.0,0.0,480.0
2026-07-20 15:28:21.124,0.0,,,,,28.87,927.8,19.1,-40.0,0.0,1.0,0.0,0.0,480.0
2026-07-20 15:28:21.324,0.0,,,,,28.88,927.9,18.2,-40.0,0.0,1.0,0.0,0.0,480.0
2026-07-20 15:28:21.524,0.0,,,,,28.88,927.9,18.2,-40.0,0.0,1.0,0.0,0.0,480.0
2026-07-20 15:28:21.767,0.0,,,,,28.89,927.9,18.8,-40.0,0.0,1.0,0.0,0.0,481.0
2026-07-20 15:28:21.924,0.0,,,,,28.89,927.9,18.8,-40.0,0.0,1.0,0.0,0.0,481.0
2026-07-20 15:28:22.124,0.0,,,,,28.89,927.9,18.8,-40.0,0.0,1.0,0.0,0.0,481.0
2026-07-20 15:28:22.324,0.0,,,,,28.88,927.9,18.5,-40.0,0.0,1.0,0.0,0.0,481.0
2026-07-20 15:28:22.524,0.0,,,,,28.88,927.9,18.5,-40.0,0.0,1.0,0.0,0.0,481.0
2026-07-20 15:28:22.768,0.0,,,,,28.88,927.9,18.8,-40.0,0.0,1.0,0.0,0.0,482.0
2026-07-20 15:28:22.923,0.0,,,,,28.88,927.9,18.8,-40.0,0.0,1.0,0.0,0.0,482.0
2026-07-20 15:28:23.124,0.0,,,,,28.88,927.9,18.8,-40.0,0.0,1.0,0.0,0.0,482.0
2026-07-20 15:28:23.323,0.0,,,,,28.89,927.9,18.3,-40.0,0.0,1.0,0.0,0.0,482.0
2026-07-20 15:28:23.524,0.0,,,,,28.89,927.9,18.3,-40.0,0.0,1.0,0.0,0.0,482.0
2026-07-20 15:28:23.768,0.0,,,,,28.89,927.9,18.6,-40.0,0.0,1.0,0.0,0.0,483.0
2026-07-20 15:28:23.924,0.0,,,,,28.89,927.9,18.6,-40.0,0.0,1.0,0.0,0.0,483.0
2026-07-20 15:28:24.124,0.0,,,,,28.89,927.9,18.6,-40.0,0.0,1.0,0.0,0.0,483.0
2026-07-20 15:28:24.326,0.0,,,,,28.87,927.9,18.6,-40.0,0.0,1.0,0.0,0.0,483.0
2026-07-20 15:28:24.524,0.0,,,,,28.87,927.9,18.6,-40.0,0.0,1.0,0.0,0.0,483.0
2026-07-20 15:28:24.767,0.0,,,,,28.89,927.9,18.8,-40.0,0.0,1.0,0.0,0.0,484.0
2026-07-20 15:28:24.943,0.0,,,,,28.89,927.9,18.8,-40.0,0.0,1.0,0.0,0.0,484.0
2026-07-20 15:28:25.123,0.0,,,,,28.89,927.9,18.8,-40.0,0.0,1.0,0.0,0.0,484.0
2026-07-20 15:28:25.324,0.0,,,,,28.89,927.9,18.4,-40.0,0.0,1.0,0.0,0.0,484.0
2026-07-20 15:28:25.524,0.0,,,,,28.89,927.9,18.4,-40.0,0.0,1.0,0.0,0.0,484.0
2026-07-20 15:28:25.767,0.0,,,,,28.88,927.8,18.7,-40.0,0.0,1.0,0.0,0.0,485.0
2026-07-20 15:28:25.953,0.0,,,,,28.88,927.8,18.7,-40.0,0.0,1.0,0.0,0.0,485.0
2026-07-20 15:28:26.123,0.0,,,,,28.88,927.8,18.7,-40.0,0.0,1.0,0.0,0.0,485.0
2026-07-20 15:28:26.324,0.0,,,,,28.88,927.9,18.1,-40.0,0.0,1.0,0.0,0.0,485.0
2026-07-20 15:28:26.524,0.0,,,,,28.88,927.9,18.1,-40.0,0.0,1.0,0.0,0.0,485.0
2026-07-20 15:28:26.768,0.0,,,,,28.88,927.9,18.9,-40.0,0.0,1.0,0.0,0.0,486.0
2026-07-20 15:28:26.923,0.0,,,,,28.88,927.9,18.9,-40.0,0.0,1.0,0.0,0.0,486.0
2026-07-20 15:28:27.123,0.0,,,,,28.88,927.9,18.9,-40.0,0.0,1.0,0.0,0.0,486.0
2026-07-20 15:28:27.324,0.0,,,,,28.89,927.9,18.7,-40.0,0.0,1.0,0.0,0.0,486.0
2026-07-20 15:28:27.524,0.0,,,,,28.89,927.9,18.7,-40.0,0.0,1.0,0.0,0.0,486.0
2026-07-20 15:28:27.768,0.0,,,,,28.89,927.9,18.8,-40.0,0.0,1.0,0.0,0.0,487.0
2026-07-20 15:28:27.925,0.0,,,,,28.89,927.9,18.8,-40.0,0.0,1.0,0.0,0.0,487.0
2026-07-20 15:28:28.123,0.0,,,,,28.89,927.9,18.8,-40.0,0.0,1.0,0.0,0.0,487.0
2026-07-20 15:28:28.324,0.0,,,,,28.89,927.9,18.5,-40.0,0.0,1.0,0.0,0.0,487.0
2026-07-20 15:28:28.525,0.0,,,,,28.89,927.9,18.5,-40.0,0.0,1.0,0.0,0.0,487.0
2026-07-20 15:28:28.767,0.0,,,,,28.88,927.8,18.5,-40.0,0.0,1.0,0.0,0.0,488.0
2026-07-20 15:28:28.923,0.0,,,,,28.88,927.8,18.5,-40.0,0.0,1.0,0.0,0.0,488.0
2026-07-20 15:28:29.123,0.0,,,,,28.88,927.8,18.5,-40.0,0.0,1.0,0.0,0.0,488.0
2026-07-20 15:28:29.324,0.0,,,,,28.89,927.9,19.3,-40.0,0.0,1.0,0.0,0.0,488.0
2026-07-20 15:28:29.523,0.0,,,,,28.89,927.9,19.3,-40.0,0.0,1.0,0.0,0.0,488.0
2026-07-20 15:28:29.767,0.0,,,,,28.89,927.9,19.1,-40.0,0.0,1.0,0.0,0.0,489.0
2026-07-20 15:28:29.923,0.0,,,,,28.89,927.9,19.1,-40.0,0.0,1.0,0.0,0.0,489.0
2026-07-20 15:28:30.124,0.0,,,,,28.89,927.9,19.1,-40.0,0.0,1.0,0.0,0.0,489.0
2026-07-20 15:28:30.324,0.0,,,,,28.89,927.9,18.5,-40.0,0.0,1.0,0.0,0.0,489.0
2026-07-20 15:28:30.524,0.0,,,,,28.89,927.9,18.5,-40.0,0.0,1.0,0.0,0.0,489.0
2026-07-20 15:28:30.768,0.0,,,,,28.89,927.9,18.9,-40.0,0.0,1.0,0.0,0.0,490.0
2026-07-20 15:28:30.932,0.0,,,,,28.89,927.9,18.9,-40.0,0.0,1.0,0.0,0.0,490.0
2026-07-20 15:28:31.124,0.0,,,,,28.89,927.9,18.9,-40.0,0.0,1.0,0.0,0.0,490.0
2026-07-20 15:28:31.324,0.0,,,,,28.88,927.9,19.0,-40.0,0.0,1.0,0.0,0.0,490.0
2026-07-20 15:28:31.524,0.0,,,,,28.88,927.9,19.0,-40.0,0.0,1.0,0.0,0.0,490.0
2026-07-20 15:28:31.768,0.0,,,,,28.89,927.9,19.0,-40.0,0.0,1.0,0.0,0.0,491.0
2026-07-20 15:28:31.950,0.0,,,,,28.89,927.9,19.0,-40.0,0.0,1.0,0.0,0.0,491.0
2026-07-20 15:28:32.123,0.0,,,,,28.89,927.9,19.0,-40.0,0.0,1.0,0.0,0.0,491.0
2026-07-20 15:28:32.323,0.0,,,,,28.88,928.0,18.5,-40.0,0.0,1.0,0.0,0.0,491.0
2026-07-20 15:28:32.523,0.0,,,,,28.88,928.0,18.5,-40.0,0.0,1.0,0.0,0.0,491.0
2026-07-20 15:28:32.767,0.0,,,,,28.88,927.9,18.3,-40.0,0.0,1.0,0.0,0.0,492.0
2026-07-20 15:28:32.923,0.0,,,,,28.88,927.9,18.3,-40.0,0.0,1.0,0.0,0.0,492.0
2026-07-20 15:28:33.123,0.0,,,,,28.88,927.9,18.3,-40.0,0.0,1.0,0.0,0.0,492.0
2026-07-20 15:28:33.324,0.0,,,,,28.88,927.9,18.8,-40.0,0.0,1.0,0.0,0.0,492.0
2026-07-20 15:28:33.524,0.0,,,,,28.88,927.9,18.8,-40.0,0.0,1.0,0.0,0.0,492.0
2026-07-20 15:28:33.767,0.0,,,,,28.89,927.9,18.9,-40.0,0.0,1.0,0.0,0.0,493.0
2026-07-20 15:28:33.923,0.0,,,,,28.89,927.9,18.9,-40.0,0.0,1.0,0.0,0.0,493.0
2026-07-20 15:28:34.123,0.0,,,,,28.89,927.9,18.9,-40.0,0.0,1.0,0.0,0.0,493.0
2026-07-20 15:28:34.324,0.0,,,,,28.88,927.9,18.3,-40.0,0.0,1.0,0.0,0.0,493.0
2026-07-20 15:28:34.524,0.0,,,,,28.88,927.9,18.3,-40.0,0.0,1.0,0.0,0.0,493.0
2026-07-20 15:28:34.767,0.0,,,,,28.89,927.9,18.8,-40.0,0.0,1.0,0.0,0.0,494.0
2026-07-20 15:28:34.924,0.0,,,,,28.89,927.9,18.8,-40.0,0.0,1.0,0.0,0.0,494.0
2026-07-20 15:28:35.124,0.0,,,,,28.89,927.9,18.8,-40.0,0.0,1.0,0.0,0.0,494.0
2026-07-20 15:28:35.323,0.0,,,,,28.89,927.9,18.5,-40.0,0.0,1.0,0.0,0.0,494.0
2026-07-20 15:28:35.524,0.0,,,,,28.89,927.9,18.5,-40.0,0.0,1.0,0.0,0.0,494.0
2026-07-20 15:28:35.768,0.0,,,,,28.88,927.9,18.5,-40.0,0.0,1.0,0.0,0.0,495.0
2026-07-20 15:28:35.924,0.0,,,,,28.88,927.9,18.5,-40.0,0.0,1.0,0.0,0.0,495.0
2026-07-20 15:28:36.123,0.0,,,,,28.88,927.9,18.5,-40.0,0.0,1.0,0.0,0.0,495.0
2026-07-20 15:28:36.323,0.0,,,,,28.88,927.9,18.5,-40.0,0.0,1.0,0.0,0.0,495.0
2026-07-20 15:28:36.524,0.0,,,,,28.88,927.9,18.5,-40.0,0.0,1.0,0.0,0.0,495.0
2026-07-20 15:28:36.768,0.0,,,,,28.88,927.9,18.8,-40.0,0.0,1.0,0.0,0.0,496.0
2026-07-20 15:28:36.923,0.0,,,,,28.88,927.9,18.8,-40.0,0.0,1.0,0.0,0.0,496.0
2026-07-20 15:28:37.123,0.0,,,,,28.88,927.9,18.8,-40.0,0.0,1.0,0.0,0.0,496.0
2026-07-20 15:28:37.324,0.0,,,,,28.89,927.9,18.2,-40.0,0.0,1.0,0.0,0.0,496.0
2026-07-20 15:28:37.523,0.0,,,,,28.89,927.9,18.2,-40.0,0.0,1.0,0.0,0.0,496.0
2026-07-20 15:28:37.767,0.0,,,,,28.88,927.8,18.7,-40.0,0.0,1.0,0.0,0.0,497.0
2026-07-20 15:28:37.924,0.0,,,,,28.88,927.8,18.7,-40.0,0.0,1.0,0.0,0.0,497.0
2026-07-20 15:28:38.124,0.0,,,,,28.88,927.8,18.7,-40.0,0.0,1.0,0.0,0.0,497.0
2026-07-20 15:28:38.324,0.0,,,,,28.89,927.8,18.3,-40.0,0.0,1.0,0.0,0.0,497.0
2026-07-20 15:28:38.523,0.0,,,,,28.89,927.8,18.3,-40.0,0.0,1.0,0.0,0.0,497.0
2026-07-20 15:28:38.767,0.0,,,,,28.88,927.8,18.4,-40.0,0.0,1.0,0.0,0.0,498.0
2026-07-20 15:28:38.923,0.0,,,,,28.88,927.8,18.4,-40.0,0.0,1.0,0.0,0.0,498.0
2026-07-20 15:28:39.123,0.0,,,,,28.88,927.8,18.4,-40.0,0.0,1.0,0.0,0.0,498.0
2026-07-20 15:28:39.323,0.0,,,,,28.88,927.9,18.1,-40.0,0.0,1.0,0.0,0.0,498.0
2026-07-20 15:28:39.523,0.0,,,,,28.88,927.9,18.1,-40.0,0.0,1.0,0.0,0.0,498.0
2026-07-20 15:28:39.767,0.0,,,,,28.88,927.9,19.0,-40.0,0.0,1.0,0.0,0.0,499.0
2026-07-20 15:28:39.923,0.0,,,,,28.88,927.9,19.0,-40.0,0.0,1.0,0.0,0.0,499.0
2026-07-20 15:28:40.123,0.0,,,,,28.88,927.9,19.0,-40.0,0.0,1.0,0.0,0.0,499.0
2026-07-20 15:28:40.323,0.0,,,,,28.88,927.8,18.5,-40.0,0.0,1.0,0.0,0.0,499.0
2026-07-20 15:28:40.523,0.0,,,,,28.88,927.8,18.5,-40.0,0.0,1.0,0.0,0.0,499.0
2026-07-20 15:28:40.767,0.0,,,,,28.89,927.9,19.1,-40.0,0.0,1.0,0.0,0.0,500.0
2026-07-20 15:28:40.924,0.0,,,,,28.89,927.9,19.1,-40.0,0.0,1.0,0.0,0.0,500.0
2026-07-20 15:28:41.123,0.0,,,,,28.89,927.9,19.1,-40.0,0.0,1.0,0.0,0.0,500.0
2026-07-20 15:28:41.323,0.0,,,,,28.89,927.9,18.3,-40.0,0.0,1.0,0.0,0.0,500.0
2026-07-20 15:28:41.523,0.0,,,,,28.89,927.9,18.3,-40.0,0.0,1.0,0.0,0.0,500.0
2026-07-20 15:28:41.768,0.0,,,,,28.88,927.9,18.8,-40.0,0.0,1.0,0.0,0.0,501.0
2026-07-20 15:28:41.924,0.0,,,,,28.88,927.9,18.8,-40.0,0.0,1.0,0.0,0.0,501.0
2026-07-20 15:28:42.123,0.0,,,,,28.88,927.9,18.8,-40.0,0.0,1.0,0.0,0.0,501.0
2026-07-20 15:28:42.323,0.0,,,,,28.89,927.9,18.0,-40.0,0.0,1.0,0.0,0.0,501.0
2026-07-20 15:28:42.523,0.0,,,,,28.89,927.9,18.0,-40.0,0.0,1.0,0.0,0.0,501.0
2026-07-20 15:28:42.768,0.0,,,,,28.89,927.9,18.8,-40.0,0.0,1.0,0.0,0.0,502.0
2026-07-20 15:28:42.923,0.0,,,,,28.89,927.9,18.8,-40.0,0.0,1.0,0.0,0.0,502.0
2026-07-20 15:28:43.124,0.0,,,,,28.89,927.9,18.8,-40.0,0.0,1.0,0.0,0.0,502.0
2026-07-20 15:28:43.324,0.0,,,,,28.89,927.9,18.5,-40.0,0.0,1.0,0.0,0.0,502.0
2026-07-20 15:28:43.524,0.0,,,,,28.89,927.9,18.5,-40.0,0.0,1.0,0.0,0.0,502.0
2026-07-20 15:28:43.767,0.0,,,,,28.88,927.9,18.6,-40.0,0.0,1.0,0.0,0.0,503.0
2026-07-20 15:28:43.923,0.0,,,,,28.88,927.9,18.6,-40.0,0.0,1.0,0.0,0.0,503.0
2026-07-20 15:28:44.123,0.0,,,,,28.88,927.9,18.6,-40.0,0.0,1.0,0.0,0.0,503.0
2026-07-20 15:28:44.323,0.0,,,,,28.89,927.9,18.1,-40.0,0.0,1.0,0.0,0.0,503.0
2026-07-20 15:28:44.524,0.0,,,,,28.89,927.9,18.1,-40.0,0.0,1.0,0.0,0.0,503.0
2026-07-20 15:28:44.767,0.0,,,,,28.89,927.9,18.7,-40.0,0.0,1.0,0.0,0.0,504.0
2026-07-20 15:28:44.923,0.0,,,,,28.89,927.9,18.7,-40.0,0.0,1.0,0.0,0.0,504.0
2026-07-20 15:28:45.123,0.0,,,,,28.89,927.9,18.7,-40.0,0.0,1.0,0.0,0.0,504.0
2026-07-20 15:28:45.324,0.0,,,,,28.89,927.8,18.9,-40.0,0.0,1.0,0.0,0.0,504.0
2026-07-20 15:28:45.523,0.0,,,,,28.89,927.8,18.9,-40.0,0.0,1.0,0.0,0.0,504.0
2026-07-20 15:28:45.767,0.0,,,,,28.89,927.9,18.9,-40.0,0.0,1.0,0.0,0.0,505.0
2026-07-20 15:28:45.928,0.0,,,,,28.89,927.9,18.9,-40.0,0.0,1.0,0.0,0.0,505.0
2026-07-20 15:28:46.123,0.0,,,,,28.89,927.9,18.9,-40.0,0.0,1.0,0.0,0.0,505.0
2026-07-20 15:28:46.323,0.0,,,,,28.88,927.9,18.2,-40.0,0.0,1.0,0.0,0.0,505.0
2026-07-20 15:28:46.523,0.0,,,,,28.88,927.9,18.2,-40.0,0.0,1.0,0.0,0.0,505.0
2026-07-20 15:28:46.767,0.0,,,,,28.89,927.9,19.0,-40.0,0.0,1.0,0.0,0.0,506.0
2026-07-20 15:28:46.923,0.0,,,,,28.89,927.9,19.0,-40.0,0.0,1.0,0.0,0.0,506.0
2026-07-20 15:28:47.123,0.0,,,,,28.89,927.9,19.0,-40.0,0.0,1.0,0.0,0.0,506.0
2026-07-20 15:28:47.323,0.0,,,,,28.89,927.9,18.5,-40.0,0.0,1.0,0.0,0.0,506.0
2026-07-20 15:28:47.524,0.0,,,,,28.89,927.9,18.5,-40.0,0.0,1.0,0.0,0.0,506.0
2026-07-20 15:28:47.767,0.0,,,,,28.89,927.9,18.9,-40.0,0.0,1.0,0.0,0.0,507.0
2026-07-20 15:28:47.923,0.0,,,,,28.89,927.9,18.9,-40.0,0.0,1.0,0.0,0.0,507.0
2026-07-20 15:28:48.123,0.0,,,,,28.89,927.9,18.9,-40.0,0.0,1.0,0.0,0.0,507.0
2026-07-20 15:28:48.323,0.0,,,,,28.89,927.8,18.2,-40.0,0.0,1.0,0.0,0.0,507.0
2026-07-20 15:28:48.523,0.0,,,,,28.89,927.8,18.2,-40.0,0.0,1.0,0.0,0.0,507.0
2026-07-20 15:28:48.767,0.0,,,,,28.89,927.8,18.9,-40.0,0.0,1.0,0.0,0.0,508.0
2026-07-20 15:28:48.923,0.0,,,,,28.89,927.8,18.9,-40.0,0.0,1.0,0.0,0.0,508.0
2026-07-20 15:28:49.123,0.0,,,,,28.89,927.8,18.9,-40.0,0.0,1.0,0.0,0.0,508.0
2026-07-20 15:28:49.323,0.0,,,,,28.88,927.8,19.1,-40.0,0.0,1.0,0.0,0.0,508.0
2026-07-20 15:28:49.523,0.0,,,,,28.88,927.8,19.1,-40.0,0.0,1.0,0.0,0.0,508.0
2026-07-20 15:28:49.767,0.0,,,,,28.89,927.8,19.0,-40.0,0.0,1.0,0.0,0.0,509.0
2026-07-20 15:28:49.947,0.0,,,,,28.89,927.8,19.0,-40.0,0.0,1.0,0.0,0.0,509.0
2026-07-20 15:28:50.123,0.0,,,,,28.89,927.8,19.0,-40.0,0.0,1.0,0.0,0.0,509.0
2026-07-20 15:28:50.323,0.0,,,,,28.88,927.8,18.3,-40.0,0.0,1.0,0.0,0.0,509.0
2026-07-20 15:28:50.523,0.0,,,,,28.88,927.8,18.3,-40.0,0.0,1.0,0.0,0.0,509.0
2026-07-20 15:28:50.767,0.0,,,,,28.88,927.8,19.0,-40.0,0.0,1.0,0.0,0.0,510.0
2026-07-20 15:28:50.948,0.0,,,,,28.88,927.8,19.0,-40.0,0.0,1.0,0.0,0.0,510.0
2026-07-20 15:28:51.123,0.0,,,,,28.88,927.8,19.0,-40.0,0.0,1.0,0.0,0.0,510.0
2026-07-20 15:28:51.323,0.0,,,,,28.89,927.8,18.2,-40.0,0.0,1.0,0.0,0.0,510.0
2026-07-20 15:28:51.524,0.0,,,,,28.89,927.8,18.2,-40.0,0.0,1.0,0.0,0.0,510.0
2026-07-20 15:28:51.768,0.0,,,,,28.89,927.8,19.0,-40.0,0.0,1.0,0.0,0.0,511.0
2026-07-20 15:28:51.941,0.0,,,,,28.89,927.8,19.0,-40.0,0.0,1.0,0.0,0.0,511.0
2026-07-20 15:28:52.123,0.0,,,,,28.89,927.8,19.0,-40.0,0.0,1.0,0.0,0.0,511.0
2026-07-20 15:28:52.323,0.0,,,,,28.88,927.8,18.3,-40.0,0.0,1.0,0.0,0.0,511.0
2026-07-20 15:28:52.523,0.0,,,,,28.88,927.8,18.3,-40.0,0.0,1.0,0.0,0.0,511.0
2026-07-20 15:28:52.767,0.0,,,,,28.89,927.8,19.0,-40.0,0.0,1.0,0.0,0.0,512.0
2026-07-20 15:28:52.924,0.0,,,,,28.89,927.8,19.0,-40.0,0.0,1.0,0.0,0.0,512.0
2026-07-20 15:28:53.123,0.0,,,,,28.89,927.8,19.0,-40.0,0.0,1.0,0.0,0.0,512.0
2026-07-20 15:28:53.323,0.0,,,,,28.89,927.8,18.4,-40.0,0.0,1.0,0.0,0.0,512.0
2026-07-20 15:28:53.523,0.0,,,,,28.89,927.8,18.4,-40.0,0.0,1.0,0.0,0.0,512.0
2026-07-20 15:28:53.767,0.0,,,,,28.89,927.8,19.1,-40.0,0.0,1.0,0.0,0.0,513.0
2026-07-20 15:28:53.923,0.0,,,,,28.89,927.8,19.1,-40.0,0.0,1.0,0.0,0.0,513.0
2026-07-20 15:28:54.123,0.0,,,,,28.89,927.8,19.1,-40.0,0.0,1.0,0.0,0.0,513.0
2026-07-20 15:28:54.323,0.0,,,,,28.89,927.9,18.1,-40.0,0.0,1.0,0.0,0.0,513.0
2026-07-20 15:28:54.523,0.0,,,,,28.89,927.9,18.1,-40.0,0.0,1.0,0.0,0.0,513.0
2026-07-20 15:28:54.767,0.0,,,,,28.89,927.8,18.6,-40.0,0.0,1.0,0.0,0.0,514.0
2026-07-20 15:28:54.923,0.0,,,,,28.89,927.8,18.6,-40.0,0.0,1.0,0.0,0.0,514.0
2026-07-20 15:28:55.124,0.0,,,,,28.89,927.8,18.6,-40.0,0.0,1.0,0.0,0.0,514.0
2026-07-20 15:28:55.323,0.0,,,,,28.88,927.8,18.0,-40.0,0.0,1.0,0.0,0.0,514.0
2026-07-20 15:28:55.523,0.0,,,,,28.88,927.8,18.0,-40.0,0.0,1.0,0.0,0.0,514.0
2026-07-20 15:28:55.767,0.0,,,,,28.89,927.9,18.4,-40.0,0.0,1.0,0.0,0.0,515.0
2026-07-20 15:28:55.923,0.0,,,,,28.89,927.9,18.4,-40.0,0.0,1.0,0.0,0.0,515.0
2026-07-20 15:28:56.123,0.0,,,,,28.89,927.9,18.4,-40.0,0.0,1.0,0.0,0.0,515.0
2026-07-20 15:28:56.324,0.0,,,,,28.89,927.9,18.3,-40.0,0.0,1.0,0.0,0.0,515.0
2026-07-20 15:28:56.522,0.0,,,,,28.89,927.9,18.3,-40.0,0.0,1.0,0.0,0.0,515.0
2026-07-20 15:28:56.767,0.0,,,,,28.89,927.8,18.7,-40.0,0.0,1.0,0.0,0.0,516.0
2026-07-20 15:28:56.923,0.0,,,,,28.89,927.8,18.7,-40.0,0.0,1.0,0.0,0.0,516.0
2026-07-20 15:28:57.122,0.0,,,,,28.89,927.8,18.7,-40.0,0.0,1.0,0.0,0.0,516.0
2026-07-20 15:28:57.323,0.0,,,,,28.89,927.9,18.0,-40.0,0.0,1.0,0.0,0.0,516.0
2026-07-20 15:28:57.523,0.0,,,,,28.89,927.9,18.0,-40.0,0.0,1.0,0.0,0.0,516.0
2026-07-20 15:28:57.767,0.0,,,,,28.89,927.8,19.0,-40.0,0.0,1.0,0.0,0.0,517.0
2026-07-20 15:28:57.922,0.0,,,,,28.89,927.8,19.0,-40.0,0.0,1.0,0.0,0.0,517.0
2026-07-20 15:28:58.122,0.0,,,,,28.89,927.8,19.0,-40.0,0.0,1.0,0.0,0.0,517.0
2026-07-20 15:28:58.323,0.0,,,,,28.88,927.8,18.3,-40.0,0.0,1.0,0.0,0.0,517.0
2026-07-20 15:28:58.523,0.0,,,,,28.88,927.8,18.3,-40.0,0.0,1.0,0.0,0.0,517.0
2026-07-20 15:28:58.767,0.0,,,,,28.89,927.9,18.7,-40.0,0.0,1.0,0.0,0.0,518.0
2026-07-20 15:28:58.935,0.0,,,,,28.89,927.9,18.7,-40.0,0.0,1.0,0.0,0.0,518.0
2026-07-20 15:28:59.123,0.0,,,,,28.89,927.9,18.7,-40.0,0.0,1.0,0.0,0.0,518.0
2026-07-20 15:28:59.323,0.0,,,,,28.89,927.9,18.2,-40.0,0.0,1.0,0.0,0.0,518.0
2026-07-20 15:28:59.523,0.0,,,,,28.89,927.9,18.2,-40.0,0.0,1.0,0.0,0.0,518.0
2026-07-20 15:28:59.766,0.0,,,,,28.88,927.9,18.8,-40.0,0.0,1.0,0.0,0.0,519.0
2026-07-20 15:28:59.923,0.0,,,,,28.88,927.9,18.8,-40.0,0.0,1.0,0.0,0.0,519.0
2026-07-20 15:29:00.122,0.0,,,,,28.88,927.9,18.8,-40.0,0.0,1.0,0.0,0.0,519.0
2026-07-20 15:29:00.323,0.0,,,,,28.89,927.9,18.8,-40.0,0.0,1.0,0.0,0.0,519.0
2026-07-20 15:29:00.522,0.0,,,,,28.89,927.9,18.8,-40.0,0.0,1.0,0.0,0.0,519.0
2026-07-20 15:29:00.768,0.0,,,,,28.89,927.8,18.9,-40.0,0.0,1.0,0.0,0.0,520.0
2026-07-20 15:29:00.938,0.0,,,,,28.89,927.8,18.9,-40.0,0.0,1.0,0.0,0.0,520.0
2026-07-20 15:29:01.122,0.0,,,,,28.89,927.8,18.9,-40.0,0.0,1.0,0.0,0.0,520.0
2026-07-20 15:29:01.324,0.0,,,,,28.89,927.9,19.0,-40.0,0.0,1.0,0.0,0.0,520.0
2026-07-20 15:29:01.523,0.0,,,,,28.89,927.9,19.0,-40.0,0.0,1.0,0.0,0.0,520.0
2026-07-20 15:29:01.768,0.0,,,,,28.89,927.9,18.7,-40.0,0.0,1.0,0.0,0.0,521.0
2026-07-20 15:29:01.945,0.0,,,,,28.89,927.9,18.7,-40.0,0.0,1.0,0.0,0.0,521.0
2026-07-20 15:29:02.123,0.0,,,,,28.89,927.9,18.7,-40.0,0.0,1.0,0.0,0.0,521.0
2026-07-20 15:29:02.322,0.0,,,,,28.89,927.9,18.3,-40.0,0.0,1.0,0.0,0.0,521.0
2026-07-20 15:29:02.523,0.0,,,,,28.89,927.9,18.3,-40.0,0.0,1.0,0.0,0.0,521.0
2026-07-20 15:29:02.766,0.0,,,,,28.88,927.9,18.9,-40.0,0.0,1.0,0.0,0.0,522.0
2026-07-20 15:29:02.969,0.0,,,,,28.88,927.9,18.9,-40.0,0.0,1.0,0.0,0.0,522.0
2026-07-20 15:29:03.123,0.0,,,,,28.88,927.9,18.9,-40.0,0.0,1.0,0.0,0.0,522.0
2026-07-20 15:29:03.324,0.0,,,,,28.89,927.8,17.9,-40.0,0.0,1.0,0.0,0.0,522.0
2026-07-20 15:29:03.522,0.0,,,,,28.89,927.8,17.9,-40.0,0.0,1.0,0.0,0.0,522.0
2026-07-20 15:29:03.768,0.0,,,,,28.89,927.8,18.7,-40.0,0.0,1.0,0.0,0.0,523.0
2026-07-20 15:29:03.924,0.0,,,,,28.89,927.8,18.7,-40.0,0.0,1.0,0.0,0.0,523.0
2026-07-20 15:29:04.123,0.0,,,,,28.89,927.8,18.7,-40.0,0.0,1.0,0.0,0.0,523.0
2026-07-20 15:29:04.323,0.0,,,,,28.89,927.8,18.7,-40.0,0.0,1.0,0.0,0.0,523.0
2026-07-20 15:29:04.522,0.0,,,,,28.89,927.8,18.7,-40.0,0.0,1.0,0.0,0.0,523.0
2026-07-20 15:29:04.768,0.0,,,,,28.89,927.8,19.0,-40.0,0.0,1.0,0.0,0.0,524.0
2026-07-20 15:29:04.923,0.0,,,,,28.89,927.8,19.0,-40.0,0.0,1.0,0.0,0.0,524.0
2026-07-20 15:29:05.122,0.0,,,,,28.89,927.8,19.0,-40.0,0.0,1.0,0.0,0.0,524.0
2026-07-20 15:29:05.322,0.0,,,,,28.89,927.9,18.8,-40.0,0.0,1.0,0.0,0.0,524.0
2026-07-20 15:29:05.523,0.0,,,,,28.89,927.9,18.8,-40.0,0.0,1.0,0.0,0.0,524.0
2026-07-20 15:29:05.767,0.0,,,,,28.89,927.8,18.6,-40.0,0.0,1.0,0.0,0.0,525.0
2026-07-20 15:29:05.922,0.0,,,,,28.89,927.8,18.6,-40.0,0.0,1.0,0.0,0.0,525.0
2026-07-20 15:29:06.123,0.0,,,,,28.89,927.8,18.6,-40.0,0.0,1.0,0.0,0.0,525.0
2026-07-20 15:29:06.322,0.0,,,,,28.89,927.9,18.9,-40.0,0.0,1.0,0.0,0.0,525.0
2026-07-20 15:29:06.523,0.0,,,,,28.89,927.9,18.9,-40.0,0.0,1.0,0.0,0.0,525.0
2026-07-20 15:29:06.767,0.0,,,,,28.89,927.8,19.0,-40.0,0.0,1.0,0.0,0.0,526.0
2026-07-20 15:29:06.922,0.0,,,,,28.89,927.8,19.0,-40.0,0.0,1.0,0.0,0.0,526.0
2026-07-20 15:29:07.123,0.0,,,,,28.89,927.8,19.0,-40.0,0.0,1.0,0.0,0.0,526.0
2026-07-20 15:29:07.323,0.0,,,,,28.88,927.8,18.3,-40.0,0.0,1.0,0.0,0.0,526.0
2026-07-20 15:29:07.522,0.0,,,,,28.88,927.8,18.3,-40.0,0.0,1.0,0.0,0.0,526.0
2026-07-20 15:29:07.766,0.0,,,,,28.89,927.9,18.7,-40.0,0.0,1.0,0.0,0.0,527.0
2026-07-20 15:29:07.922,0.0,,,,,28.89,927.9,18.7,-40.0,0.0,1.0,0.0,0.0,527.0
2026-07-20 15:29:08.122,0.0,,,,,28.89,927.9,18.7,-40.0,0.0,1.0,0.0,0.0,527.0
2026-07-20 15:29:08.323,0.0,,,,,28.89,927.9,18.8,-40.0,0.0,1.0,0.0,0.0,527.0
2026-07-20 15:29:08.522,0.0,,,,,28.89,927.9,18.8,-40.0,0.0,1.0,0.0,0.0,527.0
2026-07-20 15:29:08.766,0.0,,,,,28.89,927.8,18.8,-40.0,0.0,1.0,0.0,0.0,528.0
2026-07-20 15:29:08.923,0.0,,,,,28.89,927.8,18.8,-40.0,0.0,1.0,0.0,0.0,528.0
2026-07-20 15:29:09.123,0.0,,,,,28.89,927.8,18.8,-40.0,0.0,1.0,0.0,0.0,528.0
2026-07-20 15:29:09.322,0.0,,,,,28.89,927.9,18.2,-40.0,0.0,1.0,0.0,0.0,528.0
2026-07-20 15:29:09.523,0.0,,,,,28.89,927.9,18.2,-40.0,0.0,1.0,0.0,0.0,528.0
2026-07-20 15:29:09.767,0.0,,,,,28.88,927.9,18.9,-40.0,0.0,1.0,0.0,0.0,529.0
2026-07-20 15:29:09.922,0.0,,,,,28.88,927.9,18.9,-40.0,0.0,1.0,0.0,0.0,529.0
2026-07-20 15:29:10.122,0.0,,,,,28.88,927.9,18.9,-40.0,0.0,1.0,0.0,0.0,529.0
2026-07-20 15:29:10.323,0.0,,,,,28.89,927.9,18.0,-40.0,0.0,1.0,0.0,0.0,529.0
2026-07-20 15:29:10.522,0.0,,,,,28.89,927.9,18.0,-40.0,0.0,1.0,0.0,0.0,529.0
2026-07-20 15:29:10.767,0.0,,,,,28.89,927.8,19.0,-40.0,0.0,1.0,0.0,0.0,530.0
2026-07-20 15:29:10.922,0.0,,,,,28.89,927.8,19.0,-40.0,0.0,1.0,0.0,0.0,530.0
2026-07-20 15:29:11.123,0.0,,,,,28.89,927.8,19.0,-40.0,0.0,1.0,0.0,0.0,530.0
2026-07-20 15:29:11.323,0.0,,,,,28.9,927.9,18.9,-40.0,0.0,1.0,0.0,0.0,530.0
2026-07-20 15:29:11.523,0.0,,,,,28.9,927.9,18.9,-40.0,0.0,1.0,0.0,0.0,530.0
2026-07-20 15:29:11.766,0.0,,,,,28.89,927.9,18.5,-40.0,0.0,1.0,0.0,0.0,531.0
2026-07-20 15:29:11.923,0.0,,,,,28.89,927.9,18.5,-40.0,0.0,1.0,0.0,0.0,531.0
2026-07-20 15:29:12.123,0.0,,,,,28.89,927.9,18.5,-40.0,0.0,1.0,0.0,0.0,531.0
2026-07-20 15:29:12.323,0.0,,,,,28.89,927.9,19.0,-40.0,0.0,1.0,0.0,0.0,531.0
2026-07-20 15:29:12.522,0.0,,,,,28.89,927.9,19.0,-40.0,0.0,1.0,0.0,0.0,531.0
2026-07-20 15:29:12.766,0.0,,,,,28.88,927.8,18.8,-40.0,0.0,1.0,0.0,0.0,532.0
2026-07-20 15:29:12.922,0.0,,,,,28.88,927.8,18.8,-40.0,0.0,1.0,0.0,0.0,532.0
2026-07-20 15:29:13.122,0.0,,,,,28.88,927.8,18.8,-40.0,0.0,1.0,0.0,0.0,532.0
2026-07-20 15:29:13.324,0.0,,,,,28.89,927.9,17.9,-40.0,0.0,1.0,0.0,0.0,532.0
2026-07-20 15:29:13.522,0.0,,,,,28.89,927.9,17.9,-40.0,0.0,1.0,0.0,0.0,532.0
2026-07-20 15:29:13.767,0.0,,,,,28.89,927.9,18.7,-40.0,0.0,1.0,0.0,0.0,533.0
2026-07-20 15:29:13.923,0.0,,,,,28.89,927.9,18.7,-40.0,0.0,1.0,0.0,0.0,533.0
2026-07-20 15:29:14.123,0.0,,,,,28.89,927.9,18.7,-40.0,0.0,1.0,0.0,0.0,533.0
2026-07-20 15:29:14.322,0.0,,,,,28.89,927.9,18.0,-40.0,0.0,1.0,0.0,0.0,533.0
2026-07-20 15:29:14.522,0.0,,,,,28.89,927.9,18.0,-40.0,0.0,1.0,0.0,0.0,533.0
2026-07-20 15:29:14.767,0.0,,,,,28.89,927.9,18.8,-40.0,0.0,1.0,0.0,0.0,534.0
2026-07-20 15:29:14.922,0.0,,,,,28.89,927.9,18.8,-40.0,0.0,1.0,0.0,0.0,534.0
2026-07-20 15:29:15.122,0.0,,,,,28.89,927.9,18.8,-40.0,0.0,1.0,0.0,0.0,534.0
2026-07-20 15:29:15.322,0.0,,,,,28.89,927.9,19.0,-40.0,0.0,1.0,0.0,0.0,534.0
2026-07-20 15:29:15.523,0.0,,,,,28.89,927.9,19.0,-40.0,0.0,1.0,0.0,0.0,534.0
2026-07-20 15:29:15.767,0.0,,,,,28.9,927.9,18.7,-40.0,0.0,1.0,0.0,0.0,535.0
2026-07-20 15:29:15.948,0.0,,,,,28.9,927.9,18.7,-40.0,0.0,1.0,0.0,0.0,535.0
2026-07-20 15:29:16.123,0.0,,,,,28.9,927.9,18.7,-40.0,0.0,1.0,0.0,0.0,535.0
2026-07-20 15:29:16.322,0.0,,,,,28.89,927.8,18.2,-40.0,0.0,1.0,0.0,0.0,535.0
2026-07-20 15:29:16.522,0.0,,,,,28.89,927.8,18.2,-40.0,0.0,1.0,0.0,0.0,535.0
2026-07-20 15:29:16.766,0.0,,,,,28.89,927.9,18.9,-40.0,0.0,1.0,0.0,0.0,536.0
2026-07-20 15:29:16.951,0.0,,,,,28.89,927.9,18.9,-40.0,0.0,1.0,0.0,0.0,536.0
2026-07-20 15:29:17.122,0.0,,,,,28.89,927.9,18.9,-40.0,0.0,1.0,0.0,0.0,536.0
2026-07-20 15:29:17.323,0.0,,,,,28.89,927.9,18.3,-40.0,0.0,1.0,0.0,0.0,536.0
2026-07-20 15:29:17.522,0.0,,,,,28.89,927.9,18.3,-40.0,0.0,1.0,0.0,0.0,536.0
2026-07-20 15:29:17.767,0.0,,,,,28.89,927.9,18.9,-40.0,0.0,1.0,0.0,0.0,537.0
2026-07-20 15:29:17.947,0.0,,,,,28.89,927.9,18.9,-40.0,0.0,1.0,0.0,0.0,537.0
2026-07-20 15:29:18.122,0.0,,,,,28.89,927.9,18.9,-40.0,0.0,1.0,0.0,0.0,537.0
2026-07-20 15:29:18.322,0.0,,,,,28.89,927.9,18.5,-40.0,0.0,1.0,0.0,0.0,537.0
2026-07-20 15:29:18.523,0.0,,,,,28.89,927.9,18.5,-40.0,0.0,1.0,0.0,0.0,537.0
2026-07-20 15:29:18.767,0.0,,,,,28.89,927.8,18.4,-40.0,0.0,1.0,0.0,0.0,538.0
2026-07-20 15:29:18.948,0.0,,,,,28.89,927.8,18.4,-40.0,0.0,1.0,0.0,0.0,538.0
2026-07-20 15:29:19.122,0.0,,,,,28.89,927.8,18.4,-40.0,0.0,1.0,0.0,0.0,538.0
2026-07-20 15:29:19.322,0.0,,,,,28.88,927.9,17.9,-40.0,0.0,1.0,0.0,0.0,538.0
2026-07-20 15:29:19.522,0.0,,,,,28.88,927.9,17.9,-40.0,0.0,1.0,0.0,0.0,538.0
2026-07-20 15:29:19.767,0.0,,,,,28.89,927.9,19.0,-40.0,0.0,1.0,0.0,0.0,539.0
2026-07-20 15:29:19.949,0.0,,,,,28.89,927.9,19.0,-40.0,0.0,1.0,0.0,0.0,539.0
2026-07-20 15:29:20.122,0.0,,,,,28.89,927.9,19.0,-40.0,0.0,1.0,0.0,0.0,539.0
2026-07-20 15:29:20.325,0.0,,,,,28.88,927.9,18.2,-40.0,0.0,1.0,0.0,0.0,539.0
2026-07-20 15:29:20.522,0.0,,,,,28.88,927.9,18.2,-40.0,0.0,1.0,0.0,0.0,539.0
2026-07-20 15:29:20.767,0.0,,,,,28.89,927.9,19.2,-40.0,0.0,1.0,0.0,0.0,540.0
2026-07-20 15:29:20.944,0.0,,,,,28.89,927.9,19.2,-40.0,0.0,1.0,0.0,0.0,540.0
2026-07-20 15:29:21.122,0.0,,,,,28.89,927.9,19.2,-40.0,0.0,1.0,0.0,0.0,540.0
2026-07-20 15:29:21.322,0.0,,,,,28.89,927.8,18.2,-40.0,0.0,1.0,0.0,0.0,540.0
2026-07-20 15:29:21.525,0.0,,,,,28.89,927.8,18.2,-40.0,0.0,1.0,0.0,0.0,540.0
2026-07-20 15:29:21.766,0.0,,,,,28.89,927.9,18.4,-40.0,0.0,1.0,0.0,0.0,541.0
2026-07-20 15:29:21.948,0.0,,,,,28.89,927.9,18.4,-40.0,0.0,1.0,0.0,0.0,541.0
2026-07-20 15:29:22.124,0.0,,,,,28.89,927.9,18.4,-40.0,0.0,1.0,0.0,0.0,541.0
2026-07-20 15:29:22.322,0.0,,,,,28.88,927.9,18.1,-40.0,0.0,1.0,0.0,0.0,541.0
2026-07-20 15:29:22.525,0.0,,,,,28.88,927.9,18.1,-40.0,0.0,1.0,0.0,0.0,541.0
2026-07-20 15:29:22.766,0.0,,,,,28.9,927.9,19.0,-40.0,0.0,1.0,0.0,0.0,542.0
2026-07-20 15:29:22.947,0.0,,,,,28.9,927.9,19.0,-40.0,0.0,1.0,0.0,0.0,542.0
2026-07-20 15:29:23.122,0.0,,,,,28.9,927.9,19.0,-40.0,0.0,1.0,0.0,0.0,542.0
2026-07-20 15:29:23.322,0.0,,,,,28.9,927.8,18.2,-40.0,0.0,1.0,0.0,0.0,542.0
2026-07-20 15:29:23.522,0.0,,,,,28.9,927.8,18.2,-40.0,0.0,1.0,0.0,0.0,542.0
2026-07-20 15:29:23.767,0.0,,,,,28.9,927.9,18.7,-40.0,0.0,1.0,0.0,0.0,543.0
2026-07-20 15:29:23.947,0.0,,,,,28.9,927.9,18.7,-40.0,0.0,1.0,0.0,0.0,543.0
2026-07-20 15:29:24.123,0.0,,,,,28.9,927.9,18.7,-40.0,0.0,1.0,0.0,0.0,543.0
2026-07-20 15:29:24.322,0.0,,,,,28.89,927.9,18.1,-40.0,0.0,1.0,0.0,0.0,543.0
2026-07-20 15:29:24.542,0.0,,,,,28.89,927.9,18.1,-40.0,0.0,1.0,0.0,0.0,543.0
2026-07-20 15:29:24.766,0.0,,,,,28.89,927.9,18.9,-40.0,0.0,1.0,0.0,0.0,544.0
2026-07-20 15:29:24.922,0.0,,,,,28.89,927.9,18.9,-40.0,0.0,1.0,0.0,0.0,544.0
2026-07-20 15:29:25.122,0.0,,,,,28.89,927.9,18.9,-40.0,0.0,1.0,0.0,0.0,544.0
2026-07-20 15:29:25.323,0.0,,,,,28.89,927.9,18.3,-40.0,0.0,1.0,0.0,0.0,544.0
2026-07-20 15:29:25.522,0.0,,,,,28.89,927.9,18.3,-40.0,0.0,1.0,0.0,0.0,544.0
2026-07-20 15:29:25.766,0.0,,,,,28.89,927.9,18.7,-40.0,0.0,1.0,0.0,0.0,545.0
2026-07-20 15:29:25.923,0.0,,,,,28.89,927.9,18.7,-40.0,0.0,1.0,0.0,0.0,545.0
2026-07-20 15:29:26.122,0.0,,,,,28.89,927.9,18.7,-40.0,0.0,1.0,0.0,0.0,545.0
2026-07-20 15:29:26.322,0.0,,,,,28.89,927.9,18.3,-40.0,0.0,1.0,0.0,0.0,545.0
2026-07-20 15:29:26.523,0.0,,,,,28.89,927.9,18.3,-40.0,0.0,1.0,0.0,0.0,545.0
2026-07-20 15:29:26.767,0.0,,,,,28.89,927.9,18.2,-40.0,0.0,1.0,0.0,0.0,546.0
2026-07-20 15:29:26.938,0.0,,,,,28.89,927.9,18.2,-40.0,0.0,1.0,0.0,0.0,546.0
2026-07-20 15:29:27.122,0.0,,,,,28.89,927.9,18.2,-40.0,0.0,1.0,0.0,0.0,546.0
2026-07-20 15:29:27.324,0.0,,,,,28.88,927.8,18.1,-40.0,0.0,1.0,0.0,0.0,546.0
2026-07-20 15:29:27.524,0.0,,,,,28.88,927.8,18.1,-40.0,0.0,1.0,0.0,0.0,546.0
2026-07-20 15:29:27.768,0.0,,,,,28.89,928.0,19.0,-40.0,0.0,1.0,0.0,0.0,547.0
2026-07-20 15:29:27.938,0.0,,,,,28.89,928.0,19.0,-40.0,0.0,1.0,0.0,0.0,547.0
2026-07-20 15:29:28.122,0.0,,,,,28.89,928.0,19.0,-40.0,0.0,1.0,0.0,0.0,547.0
2026-07-20 15:29:28.322,0.0,,,,,28.89,927.9,18.5,-40.0,0.0,1.0,0.0,0.0,547.0
2026-07-20 15:29:28.522,0.0,,,,,28.89,927.9,18.5,-40.0,0.0,1.0,0.0,0.0,547.0
2026-07-20 15:29:28.767,0.0,,,,,28.88,927.9,18.5,-40.0,0.0,1.0,0.0,0.0,548.0
2026-07-20 15:29:28.950,0.0,,,,,28.88,927.9,18.5,-40.0,0.0,1.0,0.0,0.0,548.0
2026-07-20 15:29:29.123,0.0,,,,,28.88,927.9,18.5,-40.0,0.0,1.0,0.0,0.0,548.0
2026-07-20 15:29:29.323,0.0,,,,,28.89,928.0,17.9,-40.0,0.0,1.0,0.0,0.0,548.0
2026-07-20 15:29:29.521,0.0,,,,,28.89,928.0,17.9,-40.0,0.0,1.0,0.0,0.0,548.0
2026-07-20 15:29:29.766,0.0,,,,,28.89,928.0,18.7,-40.0,0.0,1.0,0.0,0.0,549.0
2026-07-20 15:29:29.922,0.0,,,,,28.89,928.0,18.7,-40.0,0.0,1.0,0.0,0.0,549.0
2026-07-20 15:29:30.121,0.0,,,,,28.89,928.0,18.7,-40.0,0.0,1.0,0.0,0.0,549.0
2026-07-20 15:29:30.322,0.0,,,,,28.89,927.9,18.2,-40.0,0.0,1.0,0.0,0.0,549.0
2026-07-20 15:29:30.522,0.0,,,,,28.89,927.9,18.2,-40.0,0.0,1.0,0.0,0.0,549.0
2026-07-20 15:29:30.766,0.0,,,,,28.89,927.9,18.9,-40.0,0.0,1.0,0.0,0.0,550.0
2026-07-20 15:29:30.922,0.0,,,,,28.89,927.9,18.9,-40.0,0.0,1.0,0.0,0.0,550.0
2026-07-20 15:29:31.121,0.0,,,,,28.89,927.9,18.9,-40.0,0.0,1.0,0.0,0.0,550.0
2026-07-20 15:29:31.322,0.0,,,,,28.89,927.9,18.2,-40.0,0.0,1.0,0.0,0.0,550.0
2026-07-20 15:29:31.522,0.0,,,,,28.89,927.9,18.2,-40.0,0.0,1.0,0.0,0.0,550.0
2026-07-20 15:29:31.766,0.0,,,,,28.89,927.9,18.6,-40.0,0.0,1.0,0.0,0.0,551.0
2026-07-20 15:29:31.922,0.0,,,,,28.89,927.9,18.6,-40.0,0.0,1.0,0.0,0.0,551.0
2026-07-20 15:29:32.122,0.0,,,,,28.89,927.9,18.6,-40.0,0.0,1.0,0.0,0.0,551.0
2026-07-20 15:29:32.322,0.0,,,,,28.9,927.8,18.0,-40.0,0.0,1.0,0.0,0.0,551.0
2026-07-20 15:29:32.522,0.0,,,,,28.9,927.8,18.0,-40.0,0.0,1.0,0.0,0.0,551.0
2026-07-20 15:29:32.766,0.0,,,,,28.9,927.9,18.9,-40.0,0.0,1.0,0.0,0.0,552.0
2026-07-20 15:29:32.922,0.0,,,,,28.9,927.9,18.9,-40.0,0.0,1.0,0.0,0.0,552.0
2026-07-20 15:29:33.122,0.0,,,,,28.9,927.9,18.9,-40.0,0.0,1.0,0.0,0.0,552.0
2026-07-20 15:29:33.322,0.0,,,,,28.89,927.9,18.3,-40.0,0.0,1.0,0.0,0.0,552.0
2026-07-20 15:29:33.522,0.0,,,,,28.89,927.9,18.3,-40.0,0.0,1.0,0.0,0.0,552.0
2026-07-20 15:29:33.765,0.0,,,,,28.89,927.9,18.7,-40.0,0.0,1.0,0.0,0.0,553.0
2026-07-20 15:29:33.922,0.0,,,,,28.89,927.9,18.7,-40.0,0.0,1.0,0.0,0.0,553.0
2026-07-20 15:29:34.122,0.0,,,,,28.89,927.9,18.7,-40.0,0.0,1.0,0.0,0.0,553.0
2026-07-20 15:29:34.322,0.0,,,,,28.89,928.0,18.9,-40.0,0.0,1.0,0.0,0.0,553.0
2026-07-20 15:29:34.522,0.0,,,,,28.89,928.0,18.9,-40.0,0.0,1.0,0.0,0.0,553.0
2026-07-20 15:29:34.767,0.0,,,,,28.89,927.9,18.3,-40.0,0.0,1.0,0.0,0.0,554.0
2026-07-20 15:29:34.922,0.0,,,,,28.89,927.9,18.3,-40.0,0.0,1.0,0.0,0.0,554.0
2026-07-20 15:29:35.122,0.0,,,,,28.89,927.9,18.3,-40.0,0.0,1.0,0.0,0.0,554.0
2026-07-20 15:29:35.323,0.0,,,,,28.9,927.9,18.3,-40.0,0.0,1.0,0.0,0.0,554.0
2026-07-20 15:29:35.522,0.0,,,,,28.9,927.9,18.3,-40.0,0.0,1.0,0.0,0.0,554.0
2026-07-20 15:29:35.767,0.0,,,,,28.89,927.9,18.8,-40.0,0.0,1.0,0.0,0.0,555.0
2026-07-20 15:29:35.921,0.0,,,,,28.89,927.9,18.8,-40.0,0.0,1.0,0.0,0.0,555.0
2026-07-20 15:29:36.122,0.0,,,,,28.89,927.9,18.8,-40.0,0.0,1.0,0.0,0.0,555.0
2026-07-20 15:29:36.321,0.0,,,,,28.9,928.0,18.3,-40.0,0.0,1.0,0.0,0.0,555.0
2026-07-20 15:29:36.522,0.0,,,,,28.9,928.0,18.3,-40.0,0.0,1.0,0.0,0.0,555.0
2026-07-20 15:29:36.766,0.0,,,,,28.89,927.9,18.6,-40.0,0.0,1.0,0.0,0.0,556.0
2026-07-20 15:29:36.922,0.0,,,,,28.89,927.9,18.6,-40.0,0.0,1.0,0.0,0.0,556.0
2026-07-20 15:29:37.122,0.0,,,,,28.89,927.9,18.6,-40.0,0.0,1.0,0.0,0.0,556.0
2026-07-20 15:29:37.322,0.0,,,,,28.89,927.9,18.1,-40.0,0.0,1.0,0.0,0.0,556.0
2026-07-20 15:29:37.522,0.0,,,,,28.89,927.9,18.1,-40.0,0.0,1.0,0.0,0.0,556.0
2026-07-20 15:29:37.766,0.0,,,,,28.88,927.8,18.7,-40.0,0.0,1.0,0.0,0.0,557.0
2026-07-20 15:29:37.922,0.0,,,,,28.88,927.8,18.7,-40.0,0.0,1.0,0.0,0.0,557.0
2026-07-20 15:29:38.122,0.0,,,,,28.88,927.8,18.7,-40.0,0.0,1.0,0.0,0.0,557.0
2026-07-20 15:29:38.322,0.0,,,,,28.9,927.8,18.0,-40.0,0.0,1.0,0.0,0.0,557.0
2026-07-20 15:29:38.522,0.0,,,,,28.9,927.8,18.0,-40.0,0.0,1.0,0.0,0.0,557.0
2026-07-20 15:29:38.766,0.0,,,,,28.9,927.8,18.5,-40.0,0.0,1.0,0.0,0.0,558.0
2026-07-20 15:29:38.923,0.0,,,,,28.9,927.8,18.5,-40.0,0.0,1.0,0.0,0.0,558.0
2026-07-20 15:29:39.122,0.0,,,,,28.9,927.8,18.5,-40.0,0.0,1.0,0.0,0.0,558.0
2026-07-20 15:29:39.321,0.0,,,,,28.9,927.8,18.1,-40.0,0.0,1.0,0.0,0.0,558.0
2026-07-20 15:29:39.522,0.0,,,,,28.9,927.8,18.1,-40.0,0.0,1.0,0.0,0.0,558.0
2026-07-20 15:29:39.766,0.0,,,,,28.89,927.8,18.9,-40.0,0.0,1.0,0.0,0.0,559.0
2026-07-20 15:29:39.922,0.0,,,,,28.89,927.8,18.9,-40.0,0.0,1.0,0.0,0.0,559.0
2026-07-20 15:29:40.122,0.0,,,,,28.89,927.8,18.9,-40.0,0.0,1.0,0.0,0.0,559.0
2026-07-20 15:29:40.322,0.0,,,,,28.89,927.8,18.4,-40.0,0.0,1.0,0.0,0.0,559.0
2026-07-20 15:29:40.522,0.0,,,,,28.89,927.8,18.4,-40.0,0.0,1.0,0.0,0.0,559.0
2026-07-20 15:29:40.766,0.0,,,,,28.89,927.9,18.4,-40.0,0.0,1.0,0.0,0.0,560.0
2026-07-20 15:29:40.922,0.0,,,,,28.89,927.9,18.4,-40.0,0.0,1.0,0.0,0.0,560.0
2026-07-20 15:29:41.122,0.0,,,,,28.89,927.9,18.4,-40.0,0.0,1.0,0.0,0.0,560.0
2026-07-20 15:29:41.322,0.0,,,,,28.89,927.8,18.1,-40.0,0.0,1.0,0.0,0.0,560.0
2026-07-20 15:29:41.522,0.0,,,,,28.89,927.8,18.1,-40.0,0.0,1.0,0.0,0.0,560.0
2026-07-20 15:29:41.766,0.0,,,,,28.89,927.9,19.0,-40.0,0.0,1.0,0.0,0.0,561.0
2026-07-20 15:29:41.921,0.0,,,,,28.89,927.9,19.0,-40.0,0.0,1.0,0.0,0.0,561.0
2026-07-20 15:29:42.121,0.0,,,,,28.89,927.9,19.0,-40.0,0.0,1.0,0.0,0.0,561.0
2026-07-20 15:29:42.322,0.0,,,,,28.9,927.9,18.0,-40.0,0.0,1.0,0.0,0.0,561.0
2026-07-20 15:29:42.521,0.0,,,,,28.9,927.9,18.0,-40.0,0.0,1.0,0.0,0.0,561.0
2026-07-20 15:29:42.766,0.0,,,,,28.9,927.8,18.7,-40.0,0.0,1.0,0.0,0.0,562.0
2026-07-20 15:29:42.922,0.0,,,,,28.9,927.8,18.7,-40.0,0.0,1.0,0.0,0.0,562.0
2026-07-20 15:29:43.122,0.0,,,,,28.9,927.8,18.7,-40.0,0.0,1.0,0.0,0.0,562.0
2026-07-20 15:29:43.322,0.0,,,,,28.89,927.8,18.3,-40.0,0.0,1.0,0.0,0.0,562.0
2026-07-20 15:29:43.522,0.0,,,,,28.89,927.8,18.3,-40.0,0.0,1.0,0.0,0.0,562.0
2026-07-20 15:29:43.765,0.0,,,,,28.89,927.8,18.6,-40.0,0.0,1.0,0.0,0.0,563.0
2026-07-20 15:29:43.931,0.0,,,,,28.89,927.8,18.6,-40.0,0.0,1.0,0.0,0.0,563.0
2026-07-20 15:29:44.122,0.0,,,,,28.89,927.8,18.6,-40.0,0.0,1.0,0.0,0.0,563.0
2026-07-20 15:29:44.321,0.0,,,,,28.9,927.8,18.2,-40.0,0.0,1.0,0.0,0.0,563.0
2026-07-20 15:29:44.522,0.0,,,,,28.9,927.8,18.2,-40.0,0.0,1.0,0.0,0.0,563.0
2026-07-20 15:29:44.766,0.0,,,,,28.9,927.8,18.3,-40.0,0.0,1.0,0.0,0.0,564.0
2026-07-20 15:29:44.943,0.0,,,,,28.9,927.8,18.3,-40.0,0.0,1.0,0.0,0.0,564.0
2026-07-20 15:29:45.122,0.0,,,,,28.9,927.8,18.3,-40.0,0.0,1.0,0.0,0.0,564.0
2026-07-20 15:29:45.322,0.0,,,,,28.89,927.9,18.3,-40.0,0.0,1.0,0.0,0.0,564.0
2026-07-20 15:29:45.521,0.0,,,,,28.89,927.9,18.3,-40.0,0.0,1.0,0.0,0.0,564.0
2026-07-20 15:29:45.766,0.0,,,,,28.9,927.8,18.9,-40.0,0.0,1.0,0.0,0.0,565.0
2026-07-20 15:29:45.922,0.0,,,,,28.9,927.8,18.9,-40.0,0.0,1.0,0.0,0.0,565.0
2026-07-20 15:29:46.122,0.0,,,,,28.9,927.8,18.9,-40.0,0.0,1.0,0.0,0.0,565.0
2026-07-20 15:29:46.322,0.0,,,,,28.9,927.9,18.3,-40.0,0.0,1.0,0.0,0.0,565.0
2026-07-20 15:29:46.522,0.0,,,,,28.9,927.9,18.3,-40.0,0.0,1.0,0.0,0.0,565.0
2026-07-20 15:29:46.766,0.0,,,,,28.9,927.8,18.8,-40.0,0.0,1.0,0.0,0.0,566.0
2026-07-20 15:29:46.922,0.0,,,,,28.9,927.8,18.8,-40.0,0.0,1.0,0.0,0.0,566.0
2026-07-20 15:29:47.122,0.0,,,,,28.9,927.8,18.8,-40.0,0.0,1.0,0.0,0.0,566.0
2026-07-20 15:29:47.322,0.0,,,,,28.9,927.8,18.2,-40.0,0.0,1.0,0.0,0.0,566.0
2026-07-20 15:29:47.522,0.0,,,,,28.9,927.8,18.2,-40.0,0.0,1.0,0.0,0.0,566.0
2026-07-20 15:29:47.766,0.0,,,,,28.89,927.8,18.8,-40.0,0.0,1.0,0.0,0.0,567.0
2026-07-20 15:29:47.921,0.0,,,,,28.89,927.8,18.8,-40.0,0.0,1.0,0.0,0.0,567.0
2026-07-20 15:29:48.122,0.0,,,,,28.89,927.8,18.8,-40.0,0.0,1.0,0.0,0.0,567.0
2026-07-20 15:29:48.322,0.0,,,,,28.89,927.8,18.5,-40.0,0.0,1.0,0.0,0.0,567.0
2026-07-20 15:29:48.522,0.0,,,,,28.89,927.8,18.5,-40.0,0.0,1.0,0.0,0.0,567.0
2026-07-20 15:29:48.766,0.0,,,,,28.89,927.8,19.3,-40.0,0.0,1.0,0.0,0.0,568.0
2026-07-20 15:29:48.922,0.0,,,,,28.89,927.8,19.3,-40.0,0.0,1.0,0.0,0.0,568.0
2026-07-20 15:29:49.121,0.0,,,,,28.89,927.8,19.3,-40.0,0.0,1.0,0.0,0.0,568.0
2026-07-20 15:29:49.322,0.0,,,,,28.89,927.8,18.5,-40.0,0.0,1.0,0.0,0.0,568.0
2026-07-20 15:29:49.522,0.0,,,,,28.89,927.8,18.5,-40.0,0.0,1.0,0.0,0.0,568.0
2026-07-20 15:29:49.765,0.0,,,,,28.89,927.7,19.2,-40.0,0.0,1.0,0.0,0.0,569.0
2026-07-20 15:29:49.922,0.0,,,,,28.89,927.7,19.2,-40.0,0.0,1.0,0.0,0.0,569.0
2026-07-20 15:29:50.121,0.0,,,,,28.89,927.7,19.2,-40.0,0.0,1.0,0.0,0.0,569.0
2026-07-20 15:29:50.322,0.0,,,,,28.9,927.8,18.6,-40.0,0.0,1.0,0.0,0.0,569.0
2026-07-20 15:29:50.521,0.0,,,,,28.9,927.8,18.6,-40.0,0.0,1.0,0.0,0.0,569.0
2026-07-20 15:29:50.765,0.0,,,,,28.89,927.9,18.4,-40.0,0.0,1.0,0.0,0.0,570.0
2026-07-20 15:29:50.949,0.0,,,,,28.89,927.9,18.4,-40.0,0.0,1.0,0.0,0.0,570.0
2026-07-20 15:29:51.122,0.0,,,,,28.89,927.9,18.4,-40.0,0.0,1.0,0.0,0.0,570.0
2026-07-20 15:29:51.321,0.0,,,,,28.89,927.9,18.1,-40.0,0.0,1.0,0.0,0.0,570.0
2026-07-20 15:29:51.524,0.0,,,,,28.89,927.9,18.1,-40.0,0.0,1.0,0.0,0.0,570.0
2026-07-20 15:29:51.766,0.0,,,,,28.9,927.9,18.9,-40.0,0.0,1.0,0.0,0.0,571.0
2026-07-20 15:29:51.921,0.0,,,,,28.9,927.9,18.9,-40.0,0.0,1.0,0.0,0.0,571.0
2026-07-20 15:29:52.121,0.0,,,,,28.9,927.9,18.9,-40.0,0.0,1.0,0.0,0.0,571.0
2026-07-20 15:29:52.323,0.0,,,,,28.89,927.9,18.4,-40.0,0.0,1.0,0.0,0.0,571.0
2026-07-20 15:29:52.521,0.0,,,,,28.89,927.9,18.4,-40.0,0.0,1.0,0.0,0.0,571.0
2026-07-20 15:29:52.766,0.0,,,,,28.89,927.9,18.9,-40.0,0.0,1.0,0.0,0.0,572.0
2026-07-20 15:29:52.921,0.0,,,,,28.89,927.9,18.9,-40.0,0.0,1.0,0.0,0.0,572.0
2026-07-20 15:29:53.121,0.0,,,,,28.89,927.9,18.9,-40.0,0.0,1.0,0.0,0.0,572.0
2026-07-20 15:29:53.321,0.0,,,,,28.89,927.9,18.4,-40.0,0.0,1.0,0.0,0.0,572.0
2026-07-20 15:29:53.522,0.0,,,,,28.89,927.9,18.4,-40.0,0.0,1.0,0.0,0.0,572.0
2026-07-20 15:29:53.765,0.0,,,,,28.89,927.9,18.8,-40.0,0.0,1.0,0.0,0.0,573.0
2026-07-20 15:29:53.922,0.0,,,,,28.89,927.9,18.8,-40.0,0.0,1.0,0.0,0.0,573.0
2026-07-20 15:29:54.121,0.0,,,,,28.89,927.9,18.8,-40.0,0.0,1.0,0.0,0.0,573.0
2026-07-20 15:29:54.322,0.0,,,,,28.89,927.9,18.6,-40.0,0.0,1.0,0.0,0.0,573.0
2026-07-20 15:29:54.522,0.0,,,,,28.89,927.9,18.6,-40.0,0.0,1.0,0.0,0.0,573.0
2026-07-20 15:29:54.765,0.0,,,,,28.89,927.9,18.9,-40.0,0.0,1.0,0.0,0.0,574.0
2026-07-20 15:29:54.922,0.0,,,,,28.89,927.9,18.9,-40.0,0.0,1.0,0.0,0.0,574.0
2026-07-20 15:29:55.121,0.0,,,,,28.89,927.9,18.9,-40.0,0.0,1.0,0.0,0.0,574.0
2026-07-20 15:29:55.323,0.0,,,,,28.89,927.9,18.2,-40.0,0.0,1.0,0.0,0.0,574.0
2026-07-20 15:29:55.522,0.0,,,,,28.89,927.9,18.2,-40.0,0.0,1.0,0.0,0.0,574.0
2026-07-20 15:29:55.765,0.0,,,,,28.89,927.9,18.8,-40.0,0.0,1.0,0.0,0.0,575.0
2026-07-20 15:29:55.922,0.0,,,,,28.89,927.9,18.8,-40.0,0.0,1.0,0.0,0.0,575.0
2026-07-20 15:29:56.121,0.0,,,,,28.89,927.9,18.8,-40.0,0.0,1.0,0.0,0.0,575.0
2026-07-20 15:29:56.322,0.0,,,,,28.89,927.9,18.2,-40.0,0.0,1.0,0.0,0.0,575.0
2026-07-20 15:29:56.521,0.0,,,,,28.89,927.9,18.2,-40.0,0.0,1.0,0.0,0.0,575.0
2026-07-20 15:29:56.765,0.0,,,,,28.9,927.9,18.7,-40.0,0.0,1.0,0.0,0.0,576.0
2026-07-20 15:29:56.921,0.0,,,,,28.9,927.9,18.7,-40.0,0.0,1.0,0.0,0.0,576.0
2026-07-20 15:29:57.121,0.0,,,,,28.9,927.9,18.7,-40.0,0.0,1.0,0.0,0.0,576.0
2026-07-20 15:29:57.321,0.0,,,,,28.9,927.9,18.3,-40.0,0.0,1.0,0.0,0.0,576.0
2026-07-20 15:29:57.521,0.0,,,,,28.9,927.9,18.3,-40.0,0.0,1.0,0.0,0.0,576.0
2026-07-20 15:29:57.765,0.0,,,,,28.89,927.9,18.9,-40.0,0.0,1.0,0.0,0.0,577.0
2026-07-20 15:29:57.922,0.0,,,,,28.89,927.9,18.9,-40.0,0.0,1.0,0.0,0.0,577.0
2026-07-20 15:29:58.122,0.0,,,,,28.89,927.9,18.9,-40.0,0.0,1.0,0.0,0.0,577.0
2026-07-20 15:29:58.321,0.0,,,,,28.89,927.8,18.3,-40.0,0.0,1.0,0.0,0.0,577.0
2026-07-20 15:29:58.523,0.0,,,,,28.89,927.8,18.3,-40.0,0.0,1.0,0.0,0.0,577.0
2026-07-20 15:29:58.766,0.0,,,,,28.9,927.9,18.3,-40.0,0.0,1.0,0.0,0.0,578.0
2026-07-20 15:29:58.922,0.0,,,,,28.9,927.9,18.3,-40.0,0.0,1.0,0.0,0.0,578.0
2026-07-20 15:29:59.121,0.0,,,,,28.9,927.9,18.3,-40.0,0.0,1.0,0.0,0.0,578.0
2026-07-20 15:29:59.321,0.0,,,,,28.89,927.8,18.2,-40.0,0.0,1.0,0.0,0.0,578.0
2026-07-20 15:29:59.521,0.0,,,,,28.89,927.8,18.2,-40.0,0.0,1.0,0.0,0.0,578.0
2026-07-20 15:29:59.765,0.0,,,,,28.9,927.9,18.5,-40.0,0.0,1.0,0.0,0.0,579.0
2026-07-20 15:29:59.922,0.0,,,,,28.9,927.9,18.5,-40.0,0.0,1.0,0.0,0.0,579.0
2026-07-20 15:30:00.122,0.0,,,,,28.9,927.9,18.5,-40.0,0.0,1.0,0.0,0.0,579.0
2026-07-20 15:30:00.322,0.0,,,,,28.9,927.9,18.4,-40.0,0.0,1.0,0.0,0.0,579.0
2026-07-20 15:30:00.521,0.0,,,,,28.9,927.9,18.4,-40.0,0.0,1.0,0.0,0.0,579.0
2026-07-20 15:30:00.765,0.0,,,,,28.9,927.8,18.5,-40.0,0.0,1.0,0.0,0.0,580.0
2026-07-20 15:30:00.921,0.0,,,,,28.9,927.8,18.5,-40.0,0.0,1.0,0.0,0.0,580.0
2026-07-20 15:30:01.121,0.0,,,,,28.9,927.8,18.5,-40.0,0.0,1.0,0.0,0.0,580.0
2026-07-20 15:30:01.321,0.0,,,,,28.9,927.9,18.0,-40.0,0.0,1.0,0.0,0.0,580.0
2026-07-20 15:30:01.523,0.0,,,,,28.9,927.9,18.0,-40.0,0.0,1.0,0.0,0.0,580.0
2026-07-20 15:30:01.765,0.0,,,,,28.89,927.9,18.6,-40.0,0.0,1.0,0.0,0.0,581.0
2026-07-20 15:30:01.921,0.0,,,,,28.89,927.9,18.6,-40.0,0.0,1.0,0.0,0.0,581.0
2026-07-20 15:30:02.121,0.0,,,,,28.89,927.9,18.6,-40.0,0.0,1.0,0.0,0.0,581.0
2026-07-20 15:30:02.321,0.0,,,,,28.9,927.9,18.0,-40.0,0.0,1.0,0.0,0.0,581.0
2026-07-20 15:30:02.521,0.0,,,,,28.9,927.9,18.0,-40.0,0.0,1.0,0.0,0.0,581.0
2026-07-20 15:30:02.765,0.0,,,,,28.92,928.0,18.7,-40.0,0.0,1.0,0.0,0.0,582.0
2026-07-20 15:30:02.921,0.0,,,,,28.92,928.0,18.7,-40.0,0.0,1.0,0.0,0.0,582.0
2026-07-20 15:30:03.121,0.0,,,,,28.92,928.0,18.7,-40.0,0.0,1.0,0.0,0.0,582.0
2026-07-20 15:30:03.322,0.0,,,,,28.9,927.9,18.1,-40.0,0.0,1.0,0.0,0.0,582.0
2026-07-20 15:30:03.521,0.0,,,,,28.9,927.9,18.1,-40.0,0.0,1.0,0.0,0.0,582.0
2026-07-20 15:30:03.765,0.0,,,,,28.9,927.9,18.7,-40.0,0.0,1.0,0.0,0.0,583.0
2026-07-20 15:30:03.922,0.0,,,,,28.9,927.9,18.7,-40.0,0.0,1.0,0.0,0.0,583.0
2026-07-20 15:30:04.121,0.0,,,,,28.9,927.9,18.7,-40.0,0.0,1.0,0.0,0.0,583.0
2026-07-20 15:30:04.321,0.0,,,,,28.89,927.8,18.5,-40.0,0.0,1.0,0.0,0.0,583.0
2026-07-20 15:30:04.522,0.0,,,,,28.89,927.8,18.5,-40.0,0.0,1.0,0.0,0.0,583.0
2026-07-20 15:30:04.765,0.0,,,,,28.89,927.9,18.8,-40.0,0.0,1.0,0.0,0.0,584.0
2026-07-20 15:30:04.922,0.0,,,,,28.89,927.9,18.8,-40.0,0.0,1.0,0.0,0.0,584.0
2026-07-20 15:30:05.121,0.0,,,,,28.89,927.9,18.8,-40.0,0.0,1.0,0.0,0.0,584.0
2026-07-20 15:30:05.322,0.0,,,,,28.89,927.8,18.3,-40.0,0.0,1.0,0.0,0.0,584.0
2026-07-20 15:30:05.521,0.0,,,,,28.89,927.8,18.3,-40.0,0.0,1.0,0.0,0.0,584.0
2026-07-20 15:30:05.765,0.0,,,,,28.89,927.9,18.7,-40.0,0.0,1.0,0.0,0.0,585.0
2026-07-20 15:30:05.921,0.0,,,,,28.89,927.9,18.7,-40.0,0.0,1.0,0.0,0.0,585.0
2026-07-20 15:30:06.121,0.0,,,,,28.89,927.9,18.7,-40.0,0.0,1.0,0.0,0.0,585.0
2026-07-20 15:30:06.321,0.0,,,,,28.89,927.9,17.9,-40.0,0.0,1.0,0.0,0.0,585.0
2026-07-20 15:30:06.521,0.0,,,,,28.89,927.9,17.9,-40.0,0.0,1.0,0.0,0.0,585.0
2026-07-20 15:30:06.765,0.0,,,,,28.9,927.9,18.4,-40.0,0.0,1.0,0.0,0.0,586.0
2026-07-20 15:30:06.921,0.0,,,,,28.9,927.9,18.4,-40.0,0.0,1.0,0.0,0.0,586.0
2026-07-20 15:30:07.121,0.0,,,,,28.9,927.9,18.4,-40.0,0.0,1.0,0.0,0.0,586.0
2026-07-20 15:30:07.321,0.0,,,,,28.89,927.9,18.1,-40.0,0.0,1.0,0.0,0.0,586.0
2026-07-20 15:30:07.521,0.0,,,,,28.89,927.9,18.1,-40.0,0.0,1.0,0.0,0.0,586.0
2026-07-20 15:30:07.765,0.0,,,,,28.89,927.8,18.9,-40.0,0.0,1.0,0.0,0.0,587.0
2026-07-20 15:30:07.939,0.0,,,,,28.89,927.8,18.9,-40.0,0.0,1.0,0.0,0.0,587.0
2026-07-20 15:30:08.121,0.0,,,,,28.89,927.8,18.9,-40.0,0.0,1.0,0.0,0.0,587.0
2026-07-20 15:30:08.323,0.0,,,,,28.92,927.9,18.1,-40.0,0.0,1.0,0.0,0.0,587.0
2026-07-20 15:30:08.522,0.0,,,,,28.92,927.9,18.1,-40.0,0.0,1.0,0.0,0.0,587.0
2026-07-20 15:30:08.765,0.0,,,,,28.89,927.9,18.7,-40.0,0.0,1.0,0.0,0.0,588.0
2026-07-20 15:30:08.931,0.0,,,,,28.89,927.9,18.7,-40.0,0.0,1.0,0.0,0.0,588.0
2026-07-20 15:30:09.121,0.0,,,,,28.89,927.9,18.7,-40.0,0.0,1.0,0.0,0.0,588.0
2026-07-20 15:30:09.321,0.0,,,,,28.89,927.8,18.1,-40.0,0.0,1.0,0.0,0.0,588.0
2026-07-20 15:30:09.521,0.0,,,,,28.89,927.8,18.1,-40.0,0.0,1.0,0.0,0.0,588.0
2026-07-20 15:30:09.765,0.0,,,,,28.89,927.9,19.0,-40.0,0.0,1.0,0.0,0.0,589.0
2026-07-20 15:30:09.949,0.0,,,,,28.89,927.9,19.0,-40.0,0.0,1.0,0.0,0.0,589.0
2026-07-20 15:30:10.122,0.0,,,,,28.89,927.9,19.0,-40.0,0.0,1.0,0.0,0.0,589.0
2026-07-20 15:30:10.322,0.0,,,,,28.9,927.9,18.1,-40.0,0.0,1.0,0.0,0.0,589.0
2026-07-20 15:30:10.521,0.0,,,,,28.9,927.9,18.1,-40.0,0.0,1.0,0.0,0.0,589.0
2026-07-20 15:30:10.765,0.0,,,,,28.9,927.8,18.1,-40.0,0.0,1.0,0.0,0.0,590.0
2026-07-20 15:30:10.955,0.0,,,,,28.9,927.8,18.1,-40.0,0.0,1.0,0.0,0.0,590.0
2026-07-20 15:30:11.120,0.0,,,,,28.9,927.8,18.1,-40.0,0.0,1.0,0.0,0.0,590.0
2026-07-20 15:30:11.321,0.0,,,,,28.9,927.9,18.9,-40.0,0.0,1.0,0.0,0.0,590.0
2026-07-20 15:30:11.521,0.0,,,,,28.9,927.9,18.9,-40.0,0.0,1.0,0.0,0.0,590.0
2026-07-20 15:30:11.765,0.0,,,,,28.9,927.9,18.5,-40.0,0.0,1.0,0.0,0.0,591.0
2026-07-20 15:30:11.938,0.0,,,,,28.9,927.9,18.5,-40.0,0.0,1.0,0.0,0.0,591.0
2026-07-20 15:30:12.121,0.0,,,,,28.9,927.9,18.5,-40.0,0.0,1.0,0.0,0.0,591.0
2026-07-20 15:30:12.321,0.0,,,,,28.89,927.8,18.3,-40.0,0.0,1.0,0.0,0.0,591.0
2026-07-20 15:30:12.521,0.0,,,,,28.89,927.8,18.3,-40.0,0.0,1.0,0.0,0.0,591.0
2026-07-20 15:30:12.765,0.0,,,,,28.9,927.9,18.7,-40.0,0.0,1.0,0.0,0.0,592.0
2026-07-20 15:30:12.921,0.0,,,,,28.9,927.9,18.7,-40.0,0.0,1.0,0.0,0.0,592.0
2026-07-20 15:30:13.121,0.0,,,,,28.9,927.9,18.7,-40.0,0.0,1.0,0.0,0.0,592.0
2026-07-20 15:30:13.321,0.0,,,,,28.89,927.9,18.4,-40.0,0.0,1.0,0.0,0.0,592.0
2026-07-20 15:30:13.521,0.0,,,,,28.89,927.9,18.4,-40.0,0.0,1.0,0.0,0.0,592.0
2026-07-20 15:30:13.765,0.0,,,,,28.89,927.9,18.8,-40.0,0.0,1.0,0.0,0.0,593.0
2026-07-20 15:30:13.921,0.0,,,,,28.89,927.9,18.8,-40.0,0.0,1.0,0.0,0.0,593.0
2026-07-20 15:30:14.121,0.0,,,,,28.89,927.9,18.8,-40.0,0.0,1.0,0.0,0.0,593.0
2026-07-20 15:30:14.322,0.0,,,,,28.89,927.9,18.5,-40.0,0.0,1.0,0.0,0.0,593.0
2026-07-20 15:30:14.521,0.0,,,,,28.89,927.9,18.5,-40.0,0.0,1.0,0.0,0.0,593.0
2026-07-20 15:30:14.765,0.0,,,,,28.9,927.8,19.1,-40.0,0.0,1.0,0.0,0.0,594.0
2026-07-20 15:30:14.944,0.0,,,,,28.9,927.8,19.1,-40.0,0.0,1.0,0.0,0.0,594.0
2026-07-20 15:30:15.121,0.0,,,,,28.9,927.8,19.1,-40.0,0.0,1.0,0.0,0.0,594.0
2026-07-20 15:30:15.322,0.0,,,,,28.89,927.9,18.8,-40.0,0.0,1.0,0.0,0.0,594.0
2026-07-20 15:30:15.520,0.0,,,,,28.89,927.9,18.8,-40.0,0.0,1.0,0.0,0.0,594.0
2026-07-20 15:30:15.765,0.0,,,,,28.9,927.9,18.6,-40.0,0.0,1.0,0.0,0.0,595.0
2026-07-20 15:30:15.944,0.0,,,,,28.9,927.9,18.6,-40.0,0.0,1.0,0.0,0.0,595.0
2026-07-20 15:30:16.120,0.0,,,,,28.9,927.9,18.6,-40.0,0.0,1.0,0.0,0.0,595.0
2026-07-20 15:30:16.321,0.0,,,,,28.9,927.9,18.1,-40.0,0.0,1.0,0.0,0.0,595.0
2026-07-20 15:30:16.521,0.0,,,,,28.9,927.9,18.1,-40.0,0.0,1.0,0.0,0.0,595.0
2026-07-20 15:30:16.765,0.0,,,,,28.89,927.9,18.9,-40.0,0.0,1.0,0.0,0.0,596.0
2026-07-20 15:30:16.950,0.0,,,,,28.89,927.9,18.9,-40.0,0.0,1.0,0.0,0.0,596.0
2026-07-20 15:30:17.121,0.0,,,,,28.89,927.9,18.9,-40.0,0.0,1.0,0.0,0.0,596.0
2026-07-20 15:30:17.323,0.0,,,,,28.89,927.9,18.4,-40.0,0.0,1.0,0.0,0.0,596.0
2026-07-20 15:30:17.521,0.0,,,,,28.89,927.9,18.4,-40.0,0.0,1.0,0.0,0.0,596.0
2026-07-20 15:30:17.765,0.0,,,,,28.9,927.9,18.8,-40.0,0.0,1.0,0.0,0.0,597.0
2026-07-20 15:30:17.945,0.0,,,,,28.9,927.9,18.8,-40.0,0.0,1.0,0.0,0.0,597.0
2026-07-20 15:30:18.121,0.0,,,,,28.9,927.9,18.8,-40.0,0.0,1.0,0.0,0.0,597.0
2026-07-20 15:30:18.321,0.0,,,,,28.9,927.9,18.4,-40.0,0.0,1.0,0.0,0.0,597.0
2026-07-20 15:30:18.521,0.0,,,,,28.9,927.9,18.4,-40.0,0.0,1.0,0.0,0.0,597.0
2026-07-20 15:30:18.765,0.0,,,,,28.9,927.8,18.9,-40.0,0.0,1.0,0.0,0.0,598.0
2026-07-20 15:30:18.946,0.0,,,,,28.9,927.8,18.9,-40.0,0.0,1.0,0.0,0.0,598.0
2026-07-20 15:30:19.121,0.0,,,,,28.9,927.8,18.9,-40.0,0.0,1.0,0.0,0.0,598.0
2026-07-20 15:30:19.321,0.0,,,,,28.89,927.9,18.2,-40.0,0.0,1.0,0.0,0.0,598.0
2026-07-20 15:30:19.521,0.0,,,,,28.89,927.9,18.2,-40.0,0.0,1.0,0.0,0.0,598.0
2026-07-20 15:30:19.765,0.0,,,,,28.88,927.9,18.9,-40.0,0.0,1.0,0.0,0.0,599.0
2026-07-20 15:30:19.921,0.0,,,,,28.88,927.9,18.9,-40.0,0.0,1.0,0.0,0.0,599.0
2026-07-20 15:30:20.120,0.0,,,,,28.88,927.9,18.9,-40.0,0.0,1.0,0.0,0.0,599.0
2026-07-20 15:30:20.321,0.0,,,,,28.89,927.9,18.5,-40.0,0.0,1.0,0.0,0.0,599.0
2026-07-20 15:30:20.521,0.0,,,,,28.89,927.9,18.5,-40.0,0.0,1.0,0.0,0.0,599.0
2026-07-20 15:30:20.766,0.0,,,,,28.9,928.0,18.8,-40.0,0.0,1.0,0.0,0.0,600.0
2026-07-20 15:30:20.922,0.0,,,,,28.9,928.0,18.8,-40.0,0.0,1.0,0.0,0.0,600.0
2026-07-20 15:30:21.121,0.0,,,,,28.9,928.0,18.8,-40.0,0.0,1.0,0.0,0.0,600.0
2026-07-20 15:30:21.320,0.0,,,,,28.9,927.8,18.6,-40.0,0.0,1.0,0.0,0.0,600.0
2026-07-20 15:30:21.521,0.0,,,,,28.9,927.8,18.6,-40.0,0.0,1.0,0.0,0.0,600.0
2026-07-20 15:30:21.765,0.0,,,,,28.9,927.9,18.4,-40.0,0.0,1.0,0.0,0.0,601.0
2026-07-20 15:30:21.921,0.0,,,,,28.9,927.9,18.4,-40.0,0.0,1.0,0.0,0.0,601.0
2026-07-20 15:30:22.121,0.0,,,,,28.9,927.9,18.4,-40.0,0.0,1.0,0.0,0.0,601.0
2026-07-20 15:30:22.322,0.0,,,,,28.9,927.9,18.2,-40.0,0.0,1.0,0.0,0.0,601.0
2026-07-20 15:30:22.521,0.0,,,,,28.9,927.9,18.2,-40.0,0.0,1.0,0.0,0.0,601.0
2026-07-20 15:30:22.764,0.0,,,,,28.9,927.9,18.7,-40.0,0.0,1.0,0.0,0.0,602.0
2026-07-20 15:30:22.945,0.0,,,,,28.9,927.9,18.7,-40.0,0.0,1.0,0.0,0.0,602.0
2026-07-20 15:30:23.122,0.0,,,,,28.9,927.9,18.7,-40.0,0.0,1.0,0.0,0.0,602.0
2026-07-20 15:30:23.321,0.0,,,,,28.89,928.0,18.1,-40.0,0.0,1.0,0.0,0.0,602.0
2026-07-20 15:30:23.521,0.0,,,,,28.89,928.0,18.1,-40.0,0.0,1.0,0.0,0.0,602.0
2026-07-20 15:30:23.765,0.0,,,,,28.9,927.9,18.9,-40.0,0.0,1.0,0.0,0.0,603.0
2026-07-20 15:30:23.948,0.0,,,,,28.9,927.9,18.9,-40.0,0.0,1.0,0.0,0.0,603.0
2026-07-20 15:30:24.122,0.0,,,,,28.9,927.9,18.9,-40.0,0.0,1.0,0.0,0.0,603.0
2026-07-20 15:30:24.322,0.0,,,,,28.9,927.9,18.0,-40.0,0.0,1.0,0.0,0.0,603.0
2026-07-20 15:30:24.521,0.0,,,,,28.9,927.9,18.0,-40.0,0.0,1.0,0.0,0.0,603.0
2026-07-20 15:30:24.766,0.0,,,,,28.92,927.9,18.7,-40.0,0.0,1.0,0.0,0.0,604.0
2026-07-20 15:30:24.947,0.0,,,,,28.92,927.9,18.7,-40.0,0.0,1.0,0.0,0.0,604.0
2026-07-20 15:30:25.120,0.0,,,,,28.92,927.9,18.7,-40.0,0.0,1.0,0.0,0.0,604.0
2026-07-20 15:30:25.320,0.0,,,,,28.89,927.9,18.8,-40.0,0.0,1.0,0.0,0.0,604.0
2026-07-20 15:30:25.520,0.0,,,,,28.89,927.9,18.8,-40.0,0.0,1.0,0.0,0.0,604.0
2026-07-20 15:30:25.764,0.0,,,,,28.9,927.9,18.6,-40.0,0.0,1.0,0.0,0.0,605.0
2026-07-20 15:30:25.921,0.0,,,,,28.9,927.9,18.6,-40.0,0.0,1.0,0.0,0.0,605.0
2026-07-20 15:30:26.122,0.0,,,,,28.9,927.9,18.6,-40.0,0.0,1.0,0.0,0.0,605.0
2026-07-20 15:30:26.321,0.0,,,,,28.89,928.0,18.1,-40.0,0.0,1.0,0.0,0.0,605.0
2026-07-20 15:30:26.521,0.0,,,,,28.89,928.0,18.1,-40.0,0.0,1.0,0.0,0.0,605.0
2026-07-20 15:30:26.765,0.0,,,,,28.9,927.9,18.5,-40.0,0.0,1.0,0.0,0.0,606.0
2026-07-20 15:30:26.944,0.0,,,,,28.9,927.9,18.5,-40.0,0.0,1.0,0.0,0.0,606.0
2026-07-20 15:30:27.121,0.0,,,,,28.9,927.9,18.5,-40.0,0.0,1.0,0.0,0.0,606.0
2026-07-20 15:30:27.321,0.0,,,,,28.89,927.9,17.8,-40.0,0.0,1.0,0.0,0.0,606.0
2026-07-20 15:30:27.521,0.0,,,,,28.89,927.9,17.8,-40.0,0.0,1.0,0.0,0.0,606.0
2026-07-20 15:30:27.765,0.0,,,,,28.89,927.9,18.4,-40.0,0.0,1.0,0.0,0.0,607.0
2026-07-20 15:30:27.940,0.0,,,,,28.89,927.9,18.4,-40.0,0.0,1.0,0.0,0.0,607.0
2026-07-20 15:30:28.121,0.0,,,,,28.89,927.9,18.4,-40.0,0.0,1.0,0.0,0.0,607.0
2026-07-20 15:30:28.321,0.0,,,,,28.89,927.9,18.0,-40.0,0.0,1.0,0.0,0.0,607.0
2026-07-20 15:30:28.521,0.0,,,,,28.89,927.9,18.0,-40.0,0.0,1.0,0.0,0.0,607.0
2026-07-20 15:30:28.765,0.0,,,,,28.89,927.9,18.1,-40.0,0.0,1.0,0.0,0.0,608.0
2026-07-20 15:30:28.925,0.0,,,,,28.89,927.9,18.1,-40.0,0.0,1.0,0.0,0.0,608.0
2026-07-20 15:30:29.120,0.0,,,,,28.89,927.9,18.1,-40.0,0.0,1.0,0.0,0.0,608.0
2026-07-20 15:30:29.321,0.0,,,,,28.89,927.8,18.2,-40.0,0.0,1.0,0.0,0.0,608.0
2026-07-20 15:30:29.521,0.0,,,,,28.89,927.8,18.2,-40.0,0.0,1.0,0.0,0.0,608.0
2026-07-20 15:30:29.765,0.0,,,,,28.89,927.9,18.3,-40.0,0.0,1.0,0.0,0.0,609.0
2026-07-20 15:30:29.920,0.0,,,,,28.89,927.9,18.3,-40.0,0.0,1.0,0.0,0.0,609.0
2026-07-20 15:30:30.120,0.0,,,,,28.89,927.9,18.3,-40.0,0.0,1.0,0.0,0.0,609.0
2026-07-20 15:30:30.321,0.0,,,,,28.89,927.9,18.2,-40.0,0.0,1.0,0.0,0.0,609.0
2026-07-20 15:30:30.521,0.0,,,,,28.89,927.9,18.2,-40.0,0.0,1.0,0.0,0.0,609.0
2026-07-20 15:30:30.765,0.0,,,,,28.89,927.9,18.8,-40.0,0.0,1.0,0.0,0.0,610.0
2026-07-20 15:30:30.921,0.0,,,,,28.89,927.9,18.8,-40.0,0.0,1.0,0.0,0.0,610.0
2026-07-20 15:30:31.120,0.0,,,,,28.89,927.9,18.8,-40.0,0.0,1.0,0.0,0.0,610.0
2026-07-20 15:30:31.321,0.0,,,,,28.9,927.9,18.3,-40.0,0.0,1.0,0.0,0.0,610.0
2026-07-20 15:30:31.521,0.0,,,,,28.9,927.9,18.3,-40.0,0.0,1.0,0.0,0.0,610.0
2026-07-20 15:30:31.765,0.0,,,,,28.89,927.9,18.5,-40.0,0.0,1.0,0.0,0.0,611.0
2026-07-20 15:30:31.921,0.0,,,,,28.89,927.9,18.5,-40.0,0.0,1.0,0.0,0.0,611.0
2026-07-20 15:30:32.120,0.0,,,,,28.89,927.9,18.5,-40.0,0.0,1.0,0.0,0.0,611.0
2026-07-20 15:30:32.322,0.0,,,,,28.9,927.9,18.9,-40.0,0.0,1.0,0.0,0.0,611.0
2026-07-20 15:30:32.520,0.0,,,,,28.9,927.9,18.9,-40.0,0.0,1.0,0.0,0.0,611.0
2026-07-20 15:30:32.765,0.0,,,,,28.89,927.9,18.9,-40.0,0.0,1.0,0.0,0.0,612.0
2026-07-20 15:30:32.920,0.0,,,,,28.89,927.9,18.9,-40.0,0.0,1.0,0.0,0.0,612.0
2026-07-20 15:30:33.120,0.0,,,,,28.89,927.9,18.9,-40.0,0.0,1.0,0.0,0.0,612.0
2026-07-20 15:30:33.321,0.0,,,,,28.89,927.9,18.3,-40.0,0.0,1.0,0.0,0.0,612.0
2026-07-20 15:30:33.520,0.0,,,,,28.89,927.9,18.3,-40.0,0.0,1.0,0.0,0.0,612.0
2026-07-20 15:30:33.764,0.0,,,,,28.88,927.8,18.8,-40.0,0.0,1.0,0.0,0.0,613.0
2026-07-20 15:30:33.922,0.0,,,,,28.88,927.8,18.8,-40.0,0.0,1.0,0.0,0.0,613.0
2026-07-20 15:30:34.120,0.0,,,,,28.88,927.8,18.8,-40.0,0.0,1.0,0.0,0.0,613.0
2026-07-20 15:30:34.321,0.0,,,,,28.9,927.8,18.1,-40.0,0.0,1.0,0.0,0.0,613.0
2026-07-20 15:30:34.520,0.0,,,,,28.9,927.8,18.1,-40.0,0.0,1.0,0.0,0.0,613.0
2026-07-20 15:30:34.765,0.0,,,,,28.89,927.9,18.6,-40.0,0.0,1.0,0.0,0.0,614.0
2026-07-20 15:30:34.923,0.0,,,,,28.89,927.9,18.6,-40.0,0.0,1.0,0.0,0.0,614.0
2026-07-20 15:30:35.121,0.0,,,,,28.89,927.9,18.6,-40.0,0.0,1.0,0.0,0.0,614.0
2026-07-20 15:30:35.321,0.0,,,,,28.89,927.9,18.4,-40.0,0.0,1.0,0.0,0.0,614.0
2026-07-20 15:30:35.521,0.0,,,,,28.89,927.9,18.4,-40.0,0.0,1.0,0.0,0.0,614.0
2026-07-20 15:30:35.764,0.0,,,,,28.89,927.8,18.8,-40.0,0.0,1.0,0.0,0.0,615.0
2026-07-20 15:30:35.920,0.0,,,,,28.89,927.8,18.8,-40.0,0.0,1.0,0.0,0.0,615.0
2026-07-20 15:30:36.120,0.0,,,,,28.89,927.8,18.8,-40.0,0.0,1.0,0.0,0.0,615.0
2026-07-20 15:30:36.321,0.0,,,,,28.88,927.8,18.2,-40.0,0.0,1.0,0.0,0.0,615.0
2026-07-20 15:30:36.520,0.0,,,,,28.88,927.8,18.2,-40.0,0.0,1.0,0.0,0.0,615.0
2026-07-20 15:30:36.764,0.0,,,,,28.88,927.8,18.9,-40.0,0.0,1.0,0.0,0.0,616.0
2026-07-20 15:30:36.921,0.0,,,,,28.88,927.8,18.9,-40.0,0.0,1.0,0.0,0.0,616.0
2026-07-20 15:30:37.121,0.0,,,,,28.88,927.8,18.9,-40.0,0.0,1.0,0.0,0.0,616.0
2026-07-20 15:30:37.327,0.0,,,,,28.89,927.9,18.1,-40.0,0.0,1.0,0.0,0.0,616.0
2026-07-20 15:30:37.521,0.0,,,,,28.89,927.9,18.1,-40.0,0.0,1.0,0.0,0.0,616.0
2026-07-20 15:30:37.764,0.0,,,,,28.89,927.9,18.9,-40.0,0.0,1.0,0.0,0.0,617.0
2026-07-20 15:30:37.921,0.0,,,,,28.89,927.9,18.9,-40.0,0.0,1.0,0.0,0.0,617.0
2026-07-20 15:30:38.120,0.0,,,,,28.89,927.9,18.9,-40.0,0.0,1.0,0.0,0.0,617.0
2026-07-20 15:30:38.320,0.0,,,,,28.89,927.9,18.3,-40.0,0.0,1.0,0.0,0.0,617.0
2026-07-20 15:30:38.521,0.0,,,,,28.89,927.9,18.3,-40.0,0.0,1.0,0.0,0.0,617.0
2026-07-20 15:30:38.764,0.0,,,,,28.89,927.9,18.7,-40.0,0.0,1.0,0.0,0.0,618.0
2026-07-20 15:30:38.920,0.0,,,,,28.89,927.9,18.7,-40.0,0.0,1.0,0.0,0.0,618.0
2026-07-20 15:30:39.120,0.0,,,,,28.89,927.9,18.7,-40.0,0.0,1.0,0.0,0.0,618.0
2026-07-20 15:30:39.320,0.0,,,,,28.89,927.9,18.3,-40.0,0.0,1.0,0.0,0.0,618.0
2026-07-20 15:30:39.520,0.0,,,,,28.89,927.9,18.3,-40.0,0.0,1.0,0.0,0.0,618.0
2026-07-20 15:30:39.764,0.0,,,,,28.89,927.8,18.2,-40.0,0.0,1.0,0.0,0.0,619.0
2026-07-20 15:30:39.920,0.0,,,,,28.89,927.8,18.2,-40.0,0.0,1.0,0.0,0.0,619.0
2026-07-20 15:30:40.121,0.0,,,,,28.89,927.8,18.2,-40.0,0.0,1.0,0.0,0.0,619.0
2026-07-20 15:30:40.322,0.0,,,,,28.88,927.8,18.1,-40.0,0.0,1.0,0.0,0.0,619.0
2026-07-20 15:30:40.520,0.0,,,,,28.88,927.8,18.1,-40.0,0.0,1.0,0.0,0.0,619.0
2026-07-20 15:30:40.765,0.0,,,,,28.89,927.8,19.1,-40.0,0.0,1.0,0.0,0.0,620.0
2026-07-20 15:30:40.921,0.0,,,,,28.89,927.8,19.1,-40.0,0.0,1.0,0.0,0.0,620.0
2026-07-20 15:30:41.120,0.0,,,,,28.89,927.8,19.1,-40.0,0.0,1.0,0.0,0.0,620.0
2026-07-20 15:30:41.320,0.0,,,,,28.89,927.8,17.9,-40.0,0.0,1.0,0.0,0.0,620.0
2026-07-20 15:30:41.521,0.0,,,,,28.89,927.8,17.9,-40.0,0.0,1.0,0.0,0.0,620.0
2026-07-20 15:30:41.764,0.0,,,,,28.89,927.8,18.7,-40.0,0.0,1.0,0.0,0.0,621.0
2026-07-20 15:30:41.920,0.0,,,,,28.89,927.8,18.7,-40.0,0.0,1.0,0.0,0.0,621.0
2026-07-20 15:30:42.121,0.0,,,,,28.89,927.8,18.7,-40.0,0.0,1.0,0.0,0.0,621.0
2026-07-20 15:30:42.320,0.0,,,,,28.89,927.8,18.3,-40.0,0.0,1.0,0.0,0.0,621.0
2026-07-20 15:30:42.521,0.0,,,,,28.89,927.8,18.3,-40.0,0.0,1.0,0.0,0.0,621.0
2026-07-20 15:30:42.764,0.0,,,,,28.89,927.8,18.1,-40.0,0.0,1.0,0.0,0.0,622.0
2026-07-20 15:30:42.921,0.0,,,,,28.89,927.8,18.1,-40.0,0.0,1.0,0.0,0.0,622.0
2026-07-20 15:30:43.120,0.0,,,,,28.89,927.8,18.1,-40.0,0.0,1.0,0.0,0.0,622.0
2026-07-20 15:30:43.321,0.0,,,,,28.89,927.9,18.3,-40.0,0.0,1.0,0.0,0.0,622.0
2026-07-20 15:30:43.521,0.0,,,,,28.89,927.9,18.3,-40.0,0.0,1.0,0.0,0.0,622.0
2026-07-20 15:30:43.764,0.0,,,,,28.89,927.8,18.8,-40.0,0.0,1.0,0.0,0.0,623.0
2026-07-20 15:30:43.937,0.0,,,,,28.89,927.8,18.8,-40.0,0.0,1.0,0.0,0.0,623.0
2026-07-20 15:30:44.120,0.0,,,,,28.89,927.8,18.8,-40.0,0.0,1.0,0.0,0.0,623.0
2026-07-20 15:30:44.321,0.0,,,,,28.89,927.8,18.3,-40.0,0.0,1.0,0.0,0.0,623.0
2026-07-20 15:30:44.521,0.0,,,,,28.89,927.8,18.3,-40.0,0.0,1.0,0.0,0.0,623.0
2026-07-20 15:30:44.764,0.0,,,,,28.89,927.9,18.4,-40.0,0.0,1.0,0.0,0.0,624.0
2026-07-20 15:30:44.940,0.0,,,,,28.89,927.9,18.4,-40.0,0.0,1.0,0.0,0.0,624.0
2026-07-20 15:30:45.120,0.0,,,,,28.89,927.9,18.4,-40.0,0.0,1.0,0.0,0.0,624.0
2026-07-20 15:30:45.320,0.0,,,,,28.89,927.9,19.0,-40.0,0.0,1.0,0.0,0.0,624.0
2026-07-20 15:30:45.521,0.0,,,,,28.89,927.9,19.0,-40.0,0.0,1.0,0.0,0.0,624.0
2026-07-20 15:30:45.766,0.0,,,,,28.88,927.8,18.7,-40.0,0.0,1.0,0.0,0.0,625.0
2026-07-20 15:30:45.936,0.0,,,,,28.88,927.8,18.7,-40.0,0.0,1.0,0.0,0.0,625.0
2026-07-20 15:30:46.121,0.0,,,,,28.88,927.8,18.7,-40.0,0.0,1.0,0.0,0.0,625.0
2026-07-20 15:30:46.321,0.0,,,,,28.89,927.9,17.8,-40.0,0.0,1.0,0.0,0.0,625.0
2026-07-20 15:30:46.520,0.0,,,,,28.89,927.9,17.8,-40.0,0.0,1.0,0.0,0.0,625.0
2026-07-20 15:30:46.765,0.0,,,,,28.88,927.8,18.2,-40.0,0.0,1.0,0.0,0.0,626.0
2026-07-20 15:30:46.920,0.0,,,,,28.88,927.8,18.2,-40.0,0.0,1.0,0.0,0.0,626.0
2026-07-20 15:30:47.121,0.0,,,,,28.88,927.8,18.2,-40.0,0.0,1.0,0.0,0.0,626.0
2026-07-20 15:30:47.320,0.0,,,,,28.88,927.8,17.9,-40.0,0.0,1.0,0.0,0.0,626.0
2026-07-20 15:30:47.520,0.0,,,,,28.88,927.8,17.9,-40.0,0.0,1.0,0.0,0.0,626.0
2026-07-20 15:30:47.764,0.0,,,,,28.88,927.9,19.1,-40.0,0.0,1.0,0.0,0.0,627.0
2026-07-20 15:30:47.920,0.0,,,,,28.88,927.9,19.1,-40.0,0.0,1.0,0.0,0.0,627.0
2026-07-20 15:30:48.121,0.0,,,,,28.88,927.9,19.1,-40.0,0.0,1.0,0.0,0.0,627.0
2026-07-20 15:30:48.320,0.0,,,,,28.87,927.8,18.8,-40.0,0.0,1.0,0.0,0.0,627.0
2026-07-20 15:30:48.520,0.0,,,,,28.87,927.8,18.8,-40.0,0.0,1.0,0.0,0.0,627.0
2026-07-20 15:30:48.764,0.0,,,,,28.88,927.8,19.0,-40.0,0.0,1.0,0.0,0.0,628.0
2026-07-20 15:30:48.920,0.0,,,,,28.88,927.8,19.0,-40.0,0.0,1.0,0.0,0.0,628.0
2026-07-20 15:30:49.120,0.0,,,,,28.88,927.8,19.0,-40.0,0.0,1.0,0.0,0.0,628.0
2026-07-20 15:30:49.320,0.0,,,,,28.89,927.8,18.3,-40.0,0.0,1.0,0.0,0.0,628.0
2026-07-20 15:30:49.521,0.0,,,,,28.89,927.8,18.3,-40.0,0.0,1.0,0.0,0.0,628.0
2026-07-20 15:30:49.764,0.0,,,,,28.88,927.8,18.7,-40.0,0.0,1.0,0.0,0.0,629.0
2026-07-20 15:30:49.920,0.0,,,,,28.88,927.8,18.7,-40.0,0.0,1.0,0.0,0.0,629.0
2026-07-20 15:30:50.120,0.0,,,,,28.88,927.8,18.7,-40.0,0.0,1.0,0.0,0.0,629.0
2026-07-20 15:30:50.320,0.0,,,,,28.89,927.8,19.0,-40.0,0.0,1.0,0.0,0.0,629.0
2026-07-20 15:30:50.520,0.0,,,,,28.89,927.8,19.0,-40.0,0.0,1.0,0.0,0.0,629.0
2026-07-20 15:30:50.764,0.0,,,,,28.88,927.9,18.1,-40.0,0.0,1.0,0.0,0.0,630.0
2026-07-20 15:30:50.920,0.0,,,,,28.88,927.9,18.1,-40.0,0.0,1.0,0.0,0.0,630.0
2026-07-20 15:30:51.122,0.0,,,,,28.88,927.9,18.1,-40.0,0.0,1.0,0.0,0.0,630.0
2026-07-20 15:30:51.320,0.0,,,,,28.88,927.9,18.0,-40.0,0.0,1.0,0.0,0.0,630.0
2026-07-20 15:30:51.520,0.0,,,,,28.88,927.9,18.0,-40.0,0.0,1.0,0.0,0.0,630.0
2026-07-20 15:30:51.764,0.0,,,,,28.88,927.8,18.9,-40.0,0.0,1.0,0.0,0.0,631.0
2026-07-20 15:30:51.920,0.0,,,,,28.88,927.8,18.9,-40.0,0.0,1.0,0.0,0.0,631.0
2026-07-20 15:30:52.120,0.0,,,,,28.88,927.8,18.9,-40.0,0.0,1.0,0.0,0.0,631.0
2026-07-20 15:30:52.321,0.0,,,,,28.87,927.8,18.3,-40.0,0.0,1.0,0.0,0.0,631.0
2026-07-20 15:30:52.519,0.0,,,,,28.87,927.8,18.3,-40.0,0.0,1.0,0.0,0.0,631.0
2026-07-20 15:30:52.764,0.0,,,,,28.89,927.8,18.6,-40.0,0.0,1.0,0.0,0.0,632.0
2026-07-20 15:30:52.920,0.0,,,,,28.89,927.8,18.6,-40.0,0.0,1.0,0.0,0.0,632.0
2026-07-20 15:30:53.120,0.0,,,,,28.89,927.8,18.6,-40.0,0.0,1.0,0.0,0.0,632.0
2026-07-20 15:30:53.321,0.0,,,,,28.89,927.8,18.1,-40.0,0.0,1.0,0.0,0.0,632.0
2026-07-20 15:30:53.520,0.0,,,,,28.89,927.8,18.1,-40.0,0.0,1.0,0.0,0.0,632.0
2026-07-20 15:30:53.765,0.0,,,,,28.89,927.9,19.0,-40.0,0.0,1.0,0.0,0.0,633.0
2026-07-20 15:30:53.920,0.0,,,,,28.89,927.9,19.0,-40.0,0.0,1.0,0.0,0.0,633.0
2026-07-20 15:30:54.122,0.0,,,,,28.89,927.9,19.0,-40.0,0.0,1.0,0.0,0.0,633.0
2026-07-20 15:30:54.320,0.0,,,,,28.88,927.8,18.4,-40.0,0.0,1.0,0.0,0.0,633.0
2026-07-20 15:30:54.520,0.0,,,,,28.88,927.8,18.4,-40.0,0.0,1.0,0.0,0.0,633.0
2026-07-20 15:30:54.764,0.0,,,,,28.88,927.8,18.9,-40.0,0.0,1.0,0.0,0.0,634.0
2026-07-20 15:30:54.920,0.0,,,,,28.88,927.8,18.9,-40.0,0.0,1.0,0.0,0.0,634.0
2026-07-20 15:30:55.120,0.0,,,,,28.88,927.8,18.9,-40.0,0.0,1.0,0.0,0.0,634.0
2026-07-20 15:30:55.320,0.0,,,,,28.88,927.8,19.0,-40.0,0.0,1.0,0.0,0.0,634.0
2026-07-20 15:30:55.520,0.0,,,,,28.88,927.8,19.0,-40.0,0.0,1.0,0.0,0.0,634.0
2026-07-20 15:30:55.764,0.0,,,,,28.89,927.8,18.8,-40.0,0.0,1.0,0.0,0.0,635.0
2026-07-20 15:30:55.920,0.0,,,,,28.89,927.8,18.8,-40.0,0.0,1.0,0.0,0.0,635.0
2026-07-20 15:30:56.119,0.0,,,,,28.89,927.8,18.8,-40.0,0.0,1.0,0.0,0.0,635.0
2026-07-20 15:30:56.320,0.0,,,,,28.88,927.8,18.2,-40.0,0.0,1.0,0.0,0.0,635.0
2026-07-20 15:30:56.520,0.0,,,,,28.88,927.8,18.2,-40.0,0.0,1.0,0.0,0.0,635.0
2026-07-20 15:30:56.764,0.0,,,,,28.88,927.9,18.3,-40.0,0.0,1.0,0.0,0.0,636.0
2026-07-20 15:30:56.919,0.0,,,,,28.88,927.9,18.3,-40.0,0.0,1.0,0.0,0.0,636.0
2026-07-20 15:30:57.120,0.0,,,,,28.88,927.9,18.3,-40.0,0.0,1.0,0.0,0.0,636.0
2026-07-20 15:30:57.320,0.0,,,,,28.88,927.9,18.2,-40.0,0.0,1.0,0.0,0.0,636.0
2026-07-20 15:30:57.520,0.0,,,,,28.88,927.9,18.2,-40.0,0.0,1.0,0.0,0.0,636.0
2026-07-20 15:30:57.764,0.0,,,,,28.89,927.8,18.8,-40.0,0.0,1.0,0.0,0.0,637.0
2026-07-20 15:30:57.919,0.0,,,,,28.89,927.8,18.8,-40.0,0.0,1.0,0.0,0.0,637.0
2026-07-20 15:30:58.120,0.0,,,,,28.89,927.8,18.8,-40.0,0.0,1.0,0.0,0.0,637.0
2026-07-20 15:30:58.320,0.0,,,,,28.88,927.9,18.6,-40.0,0.0,1.0,0.0,0.0,637.0
2026-07-20 15:30:58.520,0.0,,,,,28.88,927.9,18.6,-40.0,0.0,1.0,0.0,0.0,637.0
2026-07-20 15:30:58.764,0.0,,,,,28.87,927.8,19.0,-40.0,0.0,1.0,0.0,0.0,638.0
2026-07-20 15:30:58.920,0.0,,,,,28.87,927.8,19.0,-40.0,0.0,1.0,0.0,0.0,638.0
2026-07-20 15:30:59.120,0.0,,,,,28.87,927.8,19.0,-40.0,0.0,1.0,0.0,0.0,638.0
2026-07-20 15:30:59.321,0.0,,,,,28.88,927.9,18.6,-40.0,0.0,1.0,0.0,0.0,638.0
2026-07-20 15:30:59.520,0.0,,,,,28.88,927.9,18.6,-40.0,0.0,1.0,0.0,0.0,638.0
2026-07-20 15:30:59.764,0.0,,,,,28.88,927.8,19.0,-40.0,0.0,1.0,0.0,0.0,639.0
2026-07-20 15:30:59.920,0.0,,,,,28.88,927.8,19.0,-40.0,0.0,1.0,0.0,0.0,639.0
2026-07-20 15:31:00.122,0.0,,,,,28.88,927.8,19.0,-40.0,0.0,1.0,0.0,0.0,639.0
2026-07-20 15:31:00.320,0.0,,,,,28.88,927.8,18.5,-40.0,0.0,1.0,0.0,0.0,639.0
2026-07-20 15:31:00.520,0.0,,,,,28.88,927.8,18.5,-40.0,0.0,1.0,0.0,0.0,639.0
2026-07-20 15:31:00.764,0.0,,,,,28.88,927.8,18.9,-40.0,0.0,1.0,0.0,0.0,640.0
2026-07-20 15:31:00.920,0.0,,,,,28.88,927.8,18.9,-40.0,0.0,1.0,0.0,0.0,640.0
2026-07-20 15:31:01.120,0.0,,,,,28.88,927.8,18.9,-40.0,0.0,1.0,0.0,0.0,640.0
2026-07-20 15:31:01.320,0.0,,,,,28.88,927.8,18.1,-40.0,0.0,1.0,0.0,0.0,640.0
2026-07-20 15:31:01.521,0.0,,,,,28.88,927.8,18.1,-40.0,0.0,1.0,0.0,0.0,640.0
2026-07-20 15:31:01.764,0.0,,,,,28.88,927.8,18.7,-40.0,0.0,1.0,0.0,0.0,641.0
2026-07-20 15:31:01.919,0.0,,,,,28.88,927.8,18.7,-40.0,0.0,1.0,0.0,0.0,641.0
2026-07-20 15:31:02.120,0.0,,,,,28.88,927.8,18.7,-40.0,0.0,1.0,0.0,0.0,641.0
2026-07-20 15:31:02.320,0.0,,,,,28.87,927.8,18.8,-40.0,0.0,1.0,0.0,0.0,641.0
2026-07-20 15:31:02.520,0.0,,,,,28.87,927.8,18.8,-40.0,0.0,1.0,0.0,0.0,641.0
2026-07-20 15:31:02.764,0.0,,,,,28.88,927.8,19.1,-40.0,0.0,1.0,0.0,0.0,642.0
2026-07-20 15:31:02.920,0.0,,,,,28.88,927.8,19.1,-40.0,0.0,1.0,0.0,0.0,642.0
2026-07-20 15:31:03.120,0.0,,,,,28.88,927.8,19.1,-40.0,0.0,1.0,0.0,0.0,642.0
2026-07-20 15:31:03.319,0.0,,,,,28.88,927.8,18.0,-40.0,0.0,1.0,0.0,0.0,642.0
2026-07-20 15:31:03.519,0.0,,,,,28.88,927.8,18.0,-40.0,0.0,1.0,0.0,0.0,642.0
2026-07-20 15:31:03.764,0.0,,,,,28.89,927.9,19.0,-40.0,0.0,1.0,0.0,0.0,643.0
2026-07-20 15:31:03.920,0.0,,,,,28.89,927.9,19.0,-40.0,0.0,1.0,0.0,0.0,643.0
2026-07-20 15:31:04.119,0.0,,,,,28.89,927.9,19.0,-40.0,0.0,1.0,0.0,0.0,643.0
2026-07-20 15:31:04.320,0.0,,,,,28.88,927.8,18.1,-40.0,0.0,1.0,0.0,0.0,643.0
2026-07-20 15:31:04.520,0.0,,,,,28.88,927.8,18.1,-40.0,0.0,1.0,0.0,0.0,643.0
2026-07-20 15:31:04.764,0.0,,,,,28.87,927.8,18.9,-40.0,0.0,1.0,0.0,0.0,644.0
2026-07-20 15:31:04.920,0.0,,,,,28.87,927.8,18.9,-40.0,0.0,1.0,0.0,0.0,644.0
2026-07-20 15:31:05.119,0.0,,,,,28.87,927.8,18.9,-40.0,0.0,1.0,0.0,0.0,644.0
2026-07-20 15:31:05.320,0.0,,,,,28.87,927.8,18.2,-40.0,0.0,1.0,0.0,0.0,644.0
2026-07-20 15:31:05.520,0.0,,,,,28.87,927.8,18.2,-40.0,0.0,1.0,0.0,0.0,644.0
2026-07-20 15:31:05.764,0.0,,,,,28.87,927.8,18.7,-40.0,0.0,1.0,0.0,0.0,645.0
2026-07-20 15:31:05.920,0.0,,,,,28.87,927.8,18.7,-40.0,0.0,1.0,0.0,0.0,645.0
2026-07-20 15:31:06.120,0.0,,,,,28.87,927.8,18.7,-40.0,0.0,1.0,0.0,0.0,645.0
2026-07-20 15:31:06.320,0.0,,,,,28.87,927.8,19.0,-40.0,0.0,1.0,0.0,0.0,645.0
2026-07-20 15:31:06.520,0.0,,,,,28.87,927.8,19.0,-40.0,0.0,1.0,0.0,0.0,645.0
2026-07-20 15:31:06.764,0.0,,,,,28.87,927.9,18.1,-40.0,0.0,1.0,0.0,0.0,646.0
2026-07-20 15:31:06.919,0.0,,,,,28.87,927.9,18.1,-40.0,0.0,1.0,0.0,0.0,646.0
2026-07-20 15:31:07.120,0.0,,,,,28.87,927.9,18.1,-40.0,0.0,1.0,0.0,0.0,646.0
2026-07-20 15:31:07.320,0.0,,,,,28.88,927.8,18.0,-40.0,0.0,1.0,0.0,0.0,646.0
2026-07-20 15:31:07.520,0.0,,,,,28.88,927.8,18.0,-40.0,0.0,1.0,0.0,0.0,646.0
2026-07-20 15:31:07.764,0.0,,,,,28.87,927.8,18.9,-40.0,0.0,1.0,0.0,0.0,647.0
2026-07-20 15:31:07.921,0.0,,,,,28.87,927.8,18.9,-40.0,0.0,1.0,0.0,0.0,647.0
2026-07-20 15:31:08.120,0.0,,,,,28.87,927.8,18.9,-40.0,0.0,1.0,0.0,0.0,647.0
2026-07-20 15:31:08.320,0.0,,,,,28.87,927.8,18.5,-40.0,0.0,1.0,0.0,0.0,647.0
2026-07-20 15:31:08.520,0.0,,,,,28.87,927.8,18.5,-40.0,0.0,1.0,0.0,0.0,647.0
2026-07-20 15:31:08.764,0.0,,,,,28.87,927.8,18.3,-40.0,0.0,1.0,0.0,0.0,648.0
2026-07-20 15:31:08.920,0.0,,,,,28.87,927.8,18.3,-40.0,0.0,1.0,0.0,0.0,648.0
2026-07-20 15:31:09.120,0.0,,,,,28.87,927.8,18.3,-40.0,0.0,1.0,0.0,0.0,648.0
2026-07-20 15:31:09.320,0.0,,,,,28.87,927.8,18.1,-40.0,0.0,1.0,0.0,0.0,648.0
2026-07-20 15:31:09.520,0.0,,,,,28.87,927.8,18.1,-40.0,0.0,1.0,0.0,0.0,648.0
2026-07-20 15:31:09.763,0.0,,,,,28.87,927.8,19.2,-40.0,0.0,1.0,0.0,0.0,649.0
2026-07-20 15:31:09.920,0.0,,,,,28.87,927.8,19.2,-40.0,0.0,1.0,0.0,0.0,649.0
2026-07-20 15:31:10.120,0.0,,,,,28.87,927.8,19.2,-40.0,0.0,1.0,0.0,0.0,649.0
2026-07-20 15:31:10.320,0.0,,,,,28.87,927.9,18.5,-40.0,0.0,1.0,0.0,0.0,649.0
2026-07-20 15:31:10.520,0.0,,,,,28.87,927.9,18.5,-40.0,0.0,1.0,0.0,0.0,649.0
2026-07-20 15:31:10.764,0.0,,,,,28.87,927.9,19.2,-40.0,0.0,1.0,0.0,0.0,650.0
2026-07-20 15:31:10.920,0.0,,,,,28.87,927.9,19.2,-40.0,0.0,1.0,0.0,0.0,650.0
2026-07-20 15:31:11.129,0.0,,,,,28.87,927.9,19.2,-40.0,0.0,1.0,0.0,0.0,650.0
2026-07-20 15:31:11.320,0.0,,,,,28.88,927.9,18.0,-40.0,0.0,1.0,0.0,0.0,650.0
2026-07-20 15:31:11.520,0.0,,,,,28.88,927.9,18.0,-40.0,0.0,1.0,0.0,0.0,650.0
2026-07-20 15:31:11.764,0.0,,,,,28.87,927.9,18.5,-40.0,0.0,1.0,0.0,0.0,651.0
2026-07-20 15:31:11.920,0.0,,,,,28.87,927.9,18.5,-40.0,0.0,1.0,0.0,0.0,651.0
2026-07-20 15:31:12.121,0.0,,,,,28.87,927.9,18.5,-40.0,0.0,1.0,0.0,0.0,651.0
2026-07-20 15:31:12.320,0.0,,,,,28.87,927.9,18.1,-40.0,0.0,1.0,0.0,0.0,651.0
2026-07-20 15:31:12.520,0.0,,,,,28.87,927.9,18.1,-40.0,0.0,1.0,0.0,0.0,651.0
2026-07-20 15:31:12.763,0.0,,,,,28.87,927.8,19.0,-40.0,0.0,1.0,0.0,0.0,652.0
2026-07-20 15:31:12.920,0.0,,,,,28.87,927.8,19.0,-40.0,0.0,1.0,0.0,0.0,652.0
2026-07-20 15:31:13.119,0.0,,,,,28.87,927.8,19.0,-40.0,0.0,1.0,0.0,0.0,652.0
2026-07-20 15:31:13.320,0.0,,,,,28.87,927.8,18.3,-40.0,0.0,1.0,0.0,0.0,652.0
2026-07-20 15:31:13.520,0.0,,,,,28.87,927.8,18.3,-40.0,0.0,1.0,0.0,0.0,652.0
2026-07-20 15:31:13.764,0.0,,,,,28.87,927.8,18.9,-40.0,0.0,1.0,0.0,0.0,653.0
2026-07-20 15:31:13.920,0.0,,,,,28.87,927.8,18.9,-40.0,0.0,1.0,0.0,0.0,653.0
2026-07-20 15:31:14.119,0.0,,,,,28.87,927.8,18.9,-40.0,0.0,1.0,0.0,0.0,653.0
2026-07-20 15:31:14.319,0.0,,,,,28.87,927.8,18.9,-40.0,0.0,1.0,0.0,0.0,653.0
2026-07-20 15:31:14.519,0.0,,,,,28.87,927.8,18.9,-40.0,0.0,1.0,0.0,0.0,653.0
2026-07-20 15:31:14.763,0.0,,,,,28.87,927.9,19.0,-40.0,0.0,1.0,0.0,0.0,654.0
2026-07-20 15:31:14.919,0.0,,,,,28.87,927.9,19.0,-40.0,0.0,1.0,0.0,0.0,654.0
2026-07-20 15:31:15.119,0.0,,,,,28.87,927.9,19.0,-40.0,0.0,1.0,0.0,0.0,654.0
2026-07-20 15:31:15.321,0.0,,,,,28.87,927.9,18.3,-40.0,0.0,1.0,0.0,0.0,654.0
2026-07-20 15:31:15.519,0.0,,,,,28.87,927.9,18.3,-40.0,0.0,1.0,0.0,0.0,654.0
2026-07-20 15:31:15.763,0.0,,,,,28.87,927.8,18.9,-40.0,0.0,1.0,0.0,0.0,655.0
2026-07-20 15:31:15.920,0.0,,,,,28.87,927.8,18.9,-40.0,0.0,1.0,0.0,0.0,655.0
2026-07-20 15:31:16.119,0.0,,,,,28.87,927.8,18.9,-40.0,0.0,1.0,0.0,0.0,655.0
2026-07-20 15:31:16.319,0.0,,,,,28.87,927.8,18.1,-40.0,0.0,1.0,0.0,0.0,655.0
2026-07-20 15:31:16.520,0.0,,,,,28.87,927.8,18.1,-40.0,0.0,1.0,0.0,0.0,655.0
2026-07-20 15:31:16.764,0.0,,,,,28.87,927.8,18.9,-40.0,0.0,1.0,0.0,0.0,656.0
2026-07-20 15:31:16.920,0.0,,,,,28.87,927.8,18.9,-40.0,0.0,1.0,0.0,0.0,656.0
2026-07-20 15:31:17.120,0.0,,,,,28.87,927.8,18.9,-40.0,0.0,1.0,0.0,0.0,656.0
2026-07-20 15:31:17.320,0.0,,,,,28.87,927.8,18.3,-40.0,0.0,1.0,0.0,0.0,656.0
2026-07-20 15:31:17.519,0.0,,,,,28.87,927.8,18.3,-40.0,0.0,1.0,0.0,0.0,656.0
2026-07-20 15:31:17.763,0.0,,,,,28.87,927.9,18.7,-40.0,0.0,1.0,0.0,0.0,657.0
2026-07-20 15:31:17.919,0.0,,,,,28.87,927.9,18.7,-40.0,0.0,1.0,0.0,0.0,657.0
2026-07-20 15:31:18.119,0.0,,,,,28.87,927.9,18.7,-40.0,0.0,1.0,0.0,0.0,657.0
2026-07-20 15:31:18.319,0.0,,,,,28.87,927.8,18.3,-40.0,0.0,1.0,0.0,0.0,657.0
2026-07-20 15:31:18.521,0.0,,,,,28.87,927.8,18.3,-40.0,0.0,1.0,0.0,0.0,657.0
2026-07-20 15:31:18.763,0.0,,,,,28.87,927.8,18.9,-40.0,0.0,1.0,0.0,0.0,658.0
2026-07-20 15:31:18.919,0.0,,,,,28.87,927.8,18.9,-40.0,0.0,1.0,0.0,0.0,658.0
2026-07-20 15:31:19.120,0.0,,,,,28.87,927.8,18.9,-40.0,0.0,1.0,0.0,0.0,658.0
2026-07-20 15:31:19.320,0.0,,,,,28.87,927.9,18.4,-40.0,0.0,1.0,0.0,0.0,658.0
2026-07-20 15:31:19.520,0.0,,,,,28.87,927.9,18.4,-40.0,0.0,1.0,0.0,0.0,658.0
2026-07-20 15:31:19.763,0.0,,,,,28.87,927.9,18.8,-40.0,0.0,1.0,0.0,0.0,659.0
2026-07-20 15:31:19.944,0.0,,,,,28.87,927.9,18.8,-40.0,0.0,1.0,0.0,0.0,659.0
2026-07-20 15:31:20.120,0.0,,,,,28.87,927.9,18.8,-40.0,0.0,1.0,0.0,0.0,659.0
2026-07-20 15:31:20.319,0.0,,,,,28.87,927.9,17.9,-40.0,0.0,1.0,0.0,0.0,659.0
2026-07-20 15:31:20.521,0.0,,,,,28.87,927.9,17.9,-40.0,0.0,1.0,0.0,0.0,659.0
2026-07-20 15:31:20.764,0.0,,,,,28.87,927.9,19.0,-40.0,0.0,1.0,0.0,0.0,660.0
2026-07-20 15:31:20.946,0.0,,,,,28.87,927.9,19.0,-40.0,0.0,1.0,0.0,0.0,660.0
2026-07-20 15:31:21.119,0.0,,,,,28.87,927.9,19.0,-40.0,0.0,1.0,0.0,0.0,660.0
2026-07-20 15:31:21.320,0.0,,,,,28.87,927.9,18.3,-40.0,0.0,1.0,0.0,0.0,660.0
2026-07-20 15:31:21.524,0.0,,,,,28.87,927.9,18.3,-40.0,0.0,1.0,0.0,0.0,660.0
2026-07-20 15:31:21.763,0.0,,,,,28.87,927.8,18.8,-40.0,0.0,1.0,0.0,0.0,661.0
2026-07-20 15:31:21.919,0.0,,,,,28.87,927.8,18.8,-40.0,0.0,1.0,0.0,0.0,661.0
2026-07-20 15:31:22.120,0.0,,,,,28.87,927.8,18.8,-40.0,0.0,1.0,0.0,0.0,661.0
2026-07-20 15:31:22.320,0.0,,,,,28.87,927.8,18.1,-40.0,0.0,1.0,0.0,0.0,661.0
2026-07-20 15:31:22.520,0.0,,,,,28.87,927.8,18.1,-40.0,0.0,1.0,0.0,0.0,661.0
2026-07-20 15:31:22.763,0.0,,,,,28.87,927.8,18.4,-40.0,0.0,1.0,0.0,0.0,662.0
2026-07-20 15:31:22.920,0.0,,,,,28.87,927.8,18.4,-40.0,0.0,1.0,0.0,0.0,662.0
2026-07-20 15:31:23.120,0.0,,,,,28.87,927.8,18.4,-40.0,0.0,1.0,0.0,0.0,662.0
2026-07-20 15:31:23.320,0.0,,,,,28.87,927.8,18.3,-40.0,0.0,1.0,0.0,0.0,662.0
2026-07-20 15:31:23.520,0.0,,,,,28.87,927.8,18.3,-40.0,0.0,1.0,0.0,0.0,662.0
2026-07-20 15:31:23.763,0.0,,,,,28.87,927.8,18.9,-40.0,0.0,1.0,0.0,0.0,663.0
2026-07-20 15:31:23.920,0.0,,,,,28.87,927.8,18.9,-40.0,0.0,1.0,0.0,0.0,663.0
2026-07-20 15:31:24.119,0.0,,,,,28.87,927.8,18.9,-40.0,0.0,1.0,0.0,0.0,663.0
2026-07-20 15:31:24.319,0.0,,,,,28.87,927.9,18.1,-40.0,0.0,1.0,0.0,0.0,663.0
2026-07-20 15:31:24.519,0.0,,,,,28.87,927.9,18.1,-40.0,0.0,1.0,0.0,0.0,663.0
2026-07-20 15:31:24.763,0.0,,,,,28.87,927.9,18.8,-40.0,0.0,1.0,0.0,0.0,664.0
2026-07-20 15:31:24.919,0.0,,,,,28.87,927.9,18.8,-40.0,0.0,1.0,0.0,0.0,664.0
2026-07-20 15:31:25.119,0.0,,,,,28.87,927.9,18.8,-40.0,0.0,1.0,0.0,0.0,664.0
2026-07-20 15:31:25.319,0.0,,,,,28.87,927.9,18.2,-40.0,0.0,1.0,0.0,0.0,664.0
2026-07-20 15:31:25.519,0.0,,,,,28.87,927.9,18.2,-40.0,0.0,1.0,0.0,0.0,664.0
2026-07-20 15:31:25.763,0.0,,,,,28.87,927.9,18.7,-40.0,0.0,1.0,0.0,0.0,665.0
2026-07-20 15:31:25.920,0.0,,,,,28.87,927.9,18.7,-40.0,0.0,1.0,0.0,0.0,665.0
2026-07-20 15:31:26.119,0.0,,,,,28.87,927.9,18.7,-40.0,0.0,1.0,0.0,0.0,665.0
2026-07-20 15:31:26.320,0.0,,,,,28.86,927.9,18.9,-40.0,0.0,1.0,0.0,0.0,665.0
2026-07-20 15:31:26.519,0.0,,,,,28.86,927.9,18.9,-40.0,0.0,1.0,0.0,0.0,665.0
2026-07-20 15:31:26.763,0.0,,,,,28.87,927.9,18.5,-40.0,0.0,1.0,0.0,0.0,666.0
2026-07-20 15:31:26.919,0.0,,,,,28.87,927.9,18.5,-40.0,0.0,1.0,0.0,0.0,666.0
2026-07-20 15:31:27.119,0.0,,,,,28.87,927.9,18.5,-40.0,0.0,1.0,0.0,0.0,666.0
2026-07-20 15:31:27.319,0.0,,,,,28.87,927.9,18.0,-40.0,0.0,1.0,0.0,0.0,666.0
2026-07-20 15:31:27.519,0.0,,,,,28.87,927.9,18.0,-40.0,0.0,1.0,0.0,0.0,666.0
2026-07-20 15:31:27.763,0.0,,,,,28.87,927.9,18.8,-40.0,0.0,1.0,0.0,0.0,667.0
2026-07-20 15:31:27.941,0.0,,,,,28.87,927.9,18.8,-40.0,0.0,1.0,0.0,0.0,667.0
2026-07-20 15:31:28.119,0.0,,,,,28.87,927.9,18.8,-40.0,0.0,1.0,0.0,0.0,667.0
2026-07-20 15:31:28.319,0.0,,,,,28.87,927.9,18.3,-40.0,0.0,1.0,0.0,0.0,667.0
2026-07-20 15:31:28.519,0.0,,,,,28.87,927.9,18.3,-40.0,0.0,1.0,0.0,0.0,667.0
2026-07-20 15:31:28.763,0.0,,,,,28.87,927.9,18.9,-40.0,0.0,1.0,0.0,0.0,668.0
2026-07-20 15:31:28.939,0.0,,,,,28.87,927.9,18.9,-40.0,0.0,1.0,0.0,0.0,668.0
2026-07-20 15:31:29.119,0.0,,,,,28.87,927.9,18.9,-40.0,0.0,1.0,0.0,0.0,668.0
2026-07-20 15:31:29.321,0.0,,,,,28.87,927.8,18.8,-40.0,0.0,1.0,0.0,0.0,668.0
2026-07-20 15:31:29.519,0.0,,,,,28.87,927.8,18.8,-40.0,0.0,1.0,0.0,0.0,668.0
2026-07-20 15:31:29.763,0.0,,,,,28.87,927.8,18.8,-40.0,0.0,1.0,0.0,0.0,669.0
2026-07-20 15:31:29.946,0.0,,,,,28.87,927.8,18.8,-40.0,0.0,1.0,0.0,0.0,669.0
2026-07-20 15:31:30.119,0.0,,,,,28.87,927.8,18.8,-40.0,0.0,1.0,0.0,0.0,669.0
2026-07-20 15:31:30.320,0.0,,,,,28.87,927.8,18.2,-40.0,0.0,1.0,0.0,0.0,669.0
2026-07-20 15:31:30.519,0.0,,,,,28.87,927.8,18.2,-40.0,0.0,1.0,0.0,0.0,669.0
2026-07-20 15:31:30.763,0.0,,,,,28.87,927.9,18.7,-40.0,0.0,1.0,0.0,0.0,670.0
2026-07-20 15:31:30.937,0.0,,,,,28.87,927.9,18.7,-40.0,0.0,1.0,0.0,0.0,670.0
2026-07-20 15:31:31.119,0.0,,,,,28.87,927.9,18.7,-40.0,0.0,1.0,0.0,0.0,670.0
2026-07-20 15:31:31.319,0.0,,,,,28.87,927.9,17.9,-40.0,0.0,1.0,0.0,0.0,670.0
2026-07-20 15:31:31.542,0.0,,,,,28.87,927.9,17.9,-40.0,0.0,1.0,0.0,0.0,670.0
2026-07-20 15:31:31.764,0.0,,,,,28.87,927.9,18.7,-40.0,0.0,1.0,0.0,0.0,671.0
2026-07-20 15:31:31.942,0.0,,,,,28.87,927.9,18.7,-40.0,0.0,1.0,0.0,0.0,671.0
2026-07-20 15:31:32.118,0.0,,,,,28.87,927.9,18.7,-40.0,0.0,1.0,0.0,0.0,671.0
2026-07-20 15:31:32.319,0.0,,,,,28.87,927.9,18.1,-40.0,0.0,1.0,0.0,0.0,671.0
2026-07-20 15:31:32.519,0.0,,,,,28.87,927.9,18.1,-40.0,0.0,1.0,0.0,0.0,671.0
2026-07-20 15:31:32.763,0.0,,,,,28.86,927.9,18.8,-40.0,0.0,1.0,0.0,0.0,672.0
2026-07-20 15:31:32.919,0.0,,,,,28.86,927.9,18.8,-40.0,0.0,1.0,0.0,0.0,672.0
2026-07-20 15:31:33.119,0.0,,,,,28.86,927.9,18.8,-40.0,0.0,1.0,0.0,0.0,672.0
2026-07-20 15:31:33.320,0.0,,,,,28.87,927.8,18.3,-40.0,0.0,1.0,0.0,0.0,672.0
2026-07-20 15:31:33.519,0.0,,,,,28.87,927.8,18.3,-40.0,0.0,1.0,0.0,0.0,672.0
2026-07-20 15:31:33.764,0.0,,,,,28.87,927.8,18.8,-40.0,0.0,1.0,0.0,0.0,673.0
2026-07-20 15:31:33.920,0.0,,,,,28.87,927.8,18.8,-40.0,0.0,1.0,0.0,0.0,673.0
2026-07-20 15:31:34.119,0.0,,,,,28.87,927.8,18.8,-40.0,0.0,1.0,0.0,0.0,673.0
2026-07-20 15:31:34.320,0.0,,,,,28.87,927.9,18.6,-40.0,0.0,1.0,0.0,0.0,673.0
2026-07-20 15:31:34.520,0.0,,,,,28.87,927.9,18.6,-40.0,0.0,1.0,0.0,0.0,673.0
2026-07-20 15:31:34.763,0.0,,,,,28.87,927.8,18.8,-40.0,0.0,1.0,0.0,0.0,674.0
2026-07-20 15:31:34.919,0.0,,,,,28.87,927.8,18.8,-40.0,0.0,1.0,0.0,0.0,674.0
2026-07-20 15:31:35.119,0.0,,,,,28.87,927.8,18.8,-40.0,0.0,1.0,0.0,0.0,674.0
2026-07-20 15:31:35.319,0.0,,,,,28.87,927.9,18.0,-40.0,0.0,1.0,0.0,0.0,674.0
2026-07-20 15:31:35.520,0.0,,,,,28.87,927.9,18.0,-40.0,0.0,1.0,0.0,0.0,674.0
2026-07-20 15:31:35.763,0.0,,,,,28.87,927.8,18.7,-40.0,0.0,1.0,0.0,0.0,675.0
2026-07-20 15:31:35.920,0.0,,,,,28.87,927.8,18.7,-40.0,0.0,1.0,0.0,0.0,675.0
2026-07-20 15:31:36.119,0.0,,,,,28.87,927.8,18.7,-40.0,0.0,1.0,0.0,0.0,675.0
2026-07-20 15:31:36.319,0.0,,,,,28.87,927.8,18.9,-40.0,0.0,1.0,0.0,0.0,675.0
2026-07-20 15:31:36.519,0.0,,,,,28.87,927.8,18.9,-40.0,0.0,1.0,0.0,0.0,675.0
2026-07-20 15:31:36.764,0.0,,,,,28.87,927.9,18.2,-40.0,0.0,1.0,0.0,0.0,676.0
2026-07-20 15:31:36.946,0.0,,,,,28.87,927.9,18.2,-40.0,0.0,1.0,0.0,0.0,676.0
2026-07-20 15:31:37.118,0.0,,,,,28.87,927.9,18.2,-40.0,0.0,1.0,0.0,0.0,676.0
2026-07-20 15:31:37.319,0.0,,,,,28.87,927.9,18.1,-40.0,0.0,1.0,0.0,0.0,676.0
2026-07-20 15:31:37.519,0.0,,,,,28.87,927.9,18.1,-40.0,0.0,1.0,0.0,0.0,676.0
2026-07-20 15:31:37.764,0.0,,,,,28.87,927.8,18.9,-40.0,0.0,1.0,0.0,0.0,677.0
2026-07-20 15:31:37.944,0.0,,,,,28.87,927.8,18.9,-40.0,0.0,1.0,0.0,0.0,677.0
2026-07-20 15:31:38.119,0.0,,,,,28.87,927.8,18.9,-40.0,0.0,1.0,0.0,0.0,677.0
2026-07-20 15:31:38.319,0.0,,,,,28.87,927.8,18.3,-40.0,0.0,1.0,0.0,0.0,677.0
2026-07-20 15:31:38.518,0.0,,,,,28.87,927.8,18.3,-40.0,0.0,1.0,0.0,0.0,677.0
2026-07-20 15:31:38.763,0.0,,,,,28.87,927.8,18.7,-40.0,0.0,1.0,0.0,0.0,678.0
2026-07-20 15:31:38.919,0.0,,,,,28.87,927.8,18.7,-40.0,0.0,1.0,0.0,0.0,678.0
2026-07-20 15:31:39.119,0.0,,,,,28.87,927.8,18.7,-40.0,0.0,1.0,0.0,0.0,678.0
2026-07-20 15:31:39.319,0.0,,,,,28.86,927.9,18.0,-40.0,0.0,1.0,0.0,0.0,678.0
2026-07-20 15:31:39.519,0.0,,,,,28.86,927.9,18.0,-40.0,0.0,1.0,0.0,0.0,678.0
2026-07-20 15:31:39.763,0.0,,,,,28.87,927.9,18.9,-40.0,0.0,1.0,0.0,0.0,679.0
2026-07-20 15:31:39.919,0.0,,,,,28.87,927.9,18.9,-40.0,0.0,1.0,0.0,0.0,679.0
2026-07-20 15:31:40.119,0.0,,,,,28.87,927.9,18.9,-40.0,0.0,1.0,0.0,0.0,679.0
2026-07-20 15:31:40.319,0.0,,,,,28.87,927.9,18.3,-40.0,0.0,1.0,0.0,0.0,679.0
2026-07-20 15:31:40.519,0.0,,,,,28.87,927.9,18.3,-40.0,0.0,1.0,0.0,0.0,679.0
2026-07-20 15:31:40.763,0.0,,,,,28.86,927.8,18.8,-40.0,0.0,1.0,0.0,0.0,680.0
2026-07-20 15:31:40.935,0.0,,,,,28.86,927.8,18.8,-40.0,0.0,1.0,0.0,0.0,680.0
2026-07-20 15:31:41.118,0.0,,,,,28.86,927.8,18.8,-40.0,0.0,1.0,0.0,0.0,680.0
2026-07-20 15:31:41.319,0.0,,,,,28.87,927.9,18.5,-40.0,0.0,1.0,0.0,0.0,680.0
2026-07-20 15:31:41.519,0.0,,,,,28.87,927.9,18.5,-40.0,0.0,1.0,0.0,0.0,680.0
2026-07-20 15:31:41.764,0.0,,,,,28.87,927.9,18.8,-40.0,0.0,1.0,0.0,0.0,681.0
2026-07-20 15:31:41.939,0.0,,,,,28.87,927.9,18.8,-40.0,0.0,1.0,0.0,0.0,681.0
2026-07-20 15:31:42.119,0.0,,,,,28.87,927.9,18.8,-40.0,0.0,1.0,0.0,0.0,681.0
2026-07-20 15:31:42.320,0.0,,,,,28.86,927.9,18.2,-40.0,0.0,1.0,0.0,0.0,681.0
2026-07-20 15:31:42.519,0.0,,,,,28.86,927.9,18.2,-40.0,0.0,1.0,0.0,0.0,681.0
2026-07-20 15:31:42.763,0.0,,,,,28.87,927.9,18.3,-40.0,0.0,1.0,0.0,0.0,682.0
2026-07-20 15:31:42.919,0.0,,,,,28.87,927.9,18.3,-40.0,0.0,1.0,0.0,0.0,682.0
2026-07-20 15:31:43.119,0.0,,,,,28.87,927.9,18.3,-40.0,0.0,1.0,0.0,0.0,682.0
2026-07-20 15:31:43.319,0.0,,,,,28.86,927.9,18.2,-40.0,0.0,1.0,0.0,0.0,682.0
2026-07-20 15:31:43.519,0.0,,,,,28.86,927.9,18.2,-40.0,0.0,1.0,0.0,0.0,682.0
2026-07-20 15:31:43.763,0.0,,,,,28.87,927.9,18.6,-40.0,0.0,1.0,0.0,0.0,683.0
2026-07-20 15:31:43.919,0.0,,,,,28.87,927.9,18.6,-40.0,0.0,1.0,0.0,0.0,683.0
2026-07-20 15:31:44.119,0.0,,,,,28.87,927.9,18.6,-40.0,0.0,1.0,0.0,0.0,683.0
2026-07-20 15:31:44.320,0.0,,,,,28.87,927.8,18.0,-40.0,0.0,1.0,0.0,0.0,683.0
2026-07-20 15:31:44.519,0.0,,,,,28.87,927.8,18.0,-40.0,0.0,1.0,0.0,0.0,683.0
2026-07-20 15:31:44.763,0.0,,,,,28.86,927.9,18.9,-40.0,0.0,1.0,0.0,0.0,684.0
2026-07-20 15:31:44.919,0.0,,,,,28.86,927.9,18.9,-40.0,0.0,1.0,0.0,0.0,684.0
2026-07-20 15:31:45.119,0.0,,,,,28.86,927.9,18.9,-40.0,0.0,1.0,0.0,0.0,684.0
2026-07-20 15:31:45.319,0.0,,,,,28.86,927.9,18.2,-40.0,0.0,1.0,0.0,0.0,684.0
2026-07-20 15:31:45.519,0.0,,,,,28.86,927.9,18.2,-40.0,0.0,1.0,0.0,0.0,684.0
2026-07-20 15:31:45.763,0.0,,,,,28.87,927.9,18.8,-40.0,0.0,1.0,0.0,0.0,685.0
2026-07-20 15:31:45.919,0.0,,,,,28.87,927.9,18.8,-40.0,0.0,1.0,0.0,0.0,685.0
2026-07-20 15:31:46.118,0.0,,,,,28.87,927.9,18.8,-40.0,0.0,1.0,0.0,0.0,685.0
2026-07-20 15:31:46.319,0.0,,,,,28.86,927.9,18.3,-40.0,0.0,1.0,0.0,0.0,685.0
2026-07-20 15:31:46.519,0.0,,,,,28.86,927.9,18.3,-40.0,0.0,1.0,0.0,0.0,685.0
2026-07-20 15:31:46.763,0.0,,,,,28.87,927.9,18.5,-40.0,0.0,1.0,0.0,0.0,686.0
2026-07-20 15:31:46.919,0.0,,,,,28.87,927.9,18.5,-40.0,0.0,1.0,0.0,0.0,686.0
2026-07-20 15:31:47.119,0.0,,,,,28.87,927.9,18.5,-40.0,0.0,1.0,0.0,0.0,686.0
2026-07-20 15:31:47.320,0.0,,,,,28.87,927.9,18.2,-40.0,0.0,1.0,0.0,0.0,686.0
2026-07-20 15:31:47.529,0.0,,,,,28.87,927.9,18.2,-40.0,0.0,1.0,0.0,0.0,686.0
2026-07-20 15:31:47.762,0.0,,,,,28.87,927.8,18.7,-40.0,0.0,1.0,0.0,0.0,687.0
2026-07-20 15:31:47.938,0.0,,,,,28.87,927.8,18.7,-40.0,0.0,1.0,0.0,0.0,687.0
2026-07-20 15:31:48.119,0.0,,,,,28.87,927.8,18.7,-40.0,0.0,1.0,0.0,0.0,687.0
2026-07-20 15:31:48.319,0.0,,,,,28.86,927.9,18.6,-40.0,0.0,1.0,0.0,0.0,687.0
2026-07-20 15:31:48.518,0.0,,,,,28.86,927.9,18.6,-40.0,0.0,1.0,0.0,0.0,687.0
2026-07-20 15:31:48.763,0.0,,,,,28.87,927.9,19.1,-40.0,0.0,1.0,0.0,0.0,688.0
2026-07-20 15:31:48.918,0.0,,,,,28.87,927.9,19.1,-40.0,0.0,1.0,0.0,0.0,688.0
2026-07-20 15:31:49.119,0.0,,,,,28.87,927.9,19.1,-40.0,0.0,1.0,0.0,0.0,688.0
2026-07-20 15:31:49.318,0.0,,,,,28.86,927.9,18.7,-40.0,0.0,1.0,0.0,0.0,688.0
2026-07-20 15:31:49.519,0.0,,,,,28.86,927.9,18.7,-40.0,0.0,1.0,0.0,0.0,688.0
2026-07-20 15:31:49.763,0.0,,,,,28.86,927.9,18.8,-40.0,0.0,1.0,0.0,0.0,689.0
2026-07-20 15:31:49.919,0.0,,,,,28.86,927.9,18.8,-40.0,0.0,1.0,0.0,0.0,689.0
2026-07-20 15:31:50.123,0.0,,,,,28.86,927.9,18.8,-40.0,0.0,1.0,0.0,0.0,689.0
2026-07-20 15:31:50.319,0.0,,,,,28.87,927.8,18.2,-40.0,0.0,1.0,0.0,0.0,689.0
2026-07-20 15:31:50.519,0.0,,,,,28.87,927.8,18.2,-40.0,0.0,1.0,0.0,0.0,689.0
2026-07-20 15:31:50.763,0.0,,,,,28.86,927.9,18.7,-40.0,0.0,1.0,0.0,0.0,690.0
2026-07-20 15:31:50.919,0.0,,,,,28.86,927.9,18.7,-40.0,0.0,1.0,0.0,0.0,690.0
2026-07-20 15:31:51.119,0.0,,,,,28.86,927.9,18.7,-40.0,0.0,1.0,0.0,0.0,690.0
2026-07-20 15:31:51.319,0.0,,,,,28.86,927.8,18.7,-40.0,0.0,1.0,0.0,0.0,690.0
2026-07-20 15:31:51.518,0.0,,,,,28.86,927.8,18.7,-40.0,0.0,1.0,0.0,0.0,690.0
2026-07-20 15:31:51.763,0.0,,,,,28.86,927.8,18.7,-40.0,0.0,1.0,0.0,0.0,691.0
2026-07-20 15:31:51.918,0.0,,,,,28.86,927.8,18.7,-40.0,0.0,1.0,0.0,0.0,691.0
2026-07-20 15:31:52.119,0.0,,,,,28.86,927.8,18.7,-40.0,0.0,1.0,0.0,0.0,691.0
2026-07-20 15:31:52.319,0.0,,,,,28.86,927.8,18.1,-40.0,0.0,1.0,0.0,0.0,691.0
2026-07-20 15:31:52.519,0.0,,,,,28.86,927.8,18.1,-40.0,0.0,1.0,0.0,0.0,691.0
2026-07-20 15:31:52.763,0.0,,,,,28.87,927.9,18.9,-40.0,0.0,1.0,0.0,0.0,692.0
2026-07-20 15:31:52.919,0.0,,,,,28.87,927.9,18.9,-40.0,0.0,1.0,0.0,0.0,692.0
2026-07-20 15:31:53.119,0.0,,,,,28.87,927.9,18.9,-40.0,0.0,1.0,0.0,0.0,692.0
2026-07-20 15:31:53.319,0.0,,,,,28.86,927.9,18.3,-40.0,0.0,1.0,0.0,0.0,692.0
2026-07-20 15:31:53.518,0.0,,,,,28.86,927.9,18.3,-40.0,0.0,1.0,0.0,0.0,692.0
2026-07-20 15:31:53.763,0.0,,,,,28.86,927.9,18.7,-40.0,0.0,1.0,0.0,0.0,693.0
2026-07-20 15:31:53.919,0.0,,,,,28.86,927.9,18.7,-40.0,0.0,1.0,0.0,0.0,693.0
2026-07-20 15:31:54.119,0.0,,,,,28.86,927.9,18.7,-40.0,0.0,1.0,0.0,0.0,693.0
2026-07-20 15:31:54.319,0.0,,,,,28.87,927.9,18.2,-40.0,0.0,1.0,0.0,0.0,693.0
2026-07-20 15:31:54.519,0.0,,,,,28.87,927.9,18.2,-40.0,0.0,1.0,0.0,0.0,693.0
2026-07-20 15:31:54.763,0.0,,,,,28.87,927.9,18.5,-40.0,0.0,1.0,0.0,0.0,694.0
2026-07-20 15:31:54.919,0.0,,,,,28.87,927.9,18.5,-40.0,0.0,1.0,0.0,0.0,694.0
2026-07-20 15:31:55.119,0.0,,,,,28.87,927.9,18.5,-40.0,0.0,1.0,0.0,0.0,694.0
2026-07-20 15:31:55.318,0.0,,,,,28.87,927.9,18.6,-40.0,0.0,1.0,0.0,0.0,694.0
2026-07-20 15:31:55.519,0.0,,,,,28.87,927.9,18.6,-40.0,0.0,1.0,0.0,0.0,694.0
2026-07-20 15:31:55.762,0.0,,,,,28.87,927.9,18.9,-40.0,0.0,1.0,0.0,0.0,695.0
2026-07-20 15:31:55.918,0.0,,,,,28.87,927.9,18.9,-40.0,0.0,1.0,0.0,0.0,695.0
2026-07-20 15:31:56.119,0.0,,,,,28.87,927.9,18.9,-40.0,0.0,1.0,0.0,0.0,695.0
2026-07-20 15:31:56.318,0.0,,,,,28.86,927.9,18.1,-40.0,0.0,1.0,0.0,0.0,695.0
2026-07-20 15:31:56.519,0.0,,,,,28.86,927.9,18.1,-40.0,0.0,1.0,0.0,0.0,695.0
2026-07-20 15:31:56.763,0.0,,,,,28.87,927.9,19.1,-40.0,0.0,1.0,0.0,0.0,696.0
2026-07-20 15:31:56.918,0.0,,,,,28.87,927.9,19.1,-40.0,0.0,1.0,0.0,0.0,696.0
2026-07-20 15:31:57.119,0.0,,,,,28.87,927.9,19.1,-40.0,0.0,1.0,0.0,0.0,696.0
2026-07-20 15:31:57.319,0.0,,,,,28.87,927.9,18.6,-40.0,0.0,1.0,0.0,0.0,696.0
2026-07-20 15:31:57.518,0.0,,,,,28.87,927.9,18.6,-40.0,0.0,1.0,0.0,0.0,696.0
2026-07-20 15:31:57.763,0.0,,,,,28.87,927.9,18.4,-40.0,0.0,1.0,0.0,0.0,697.0
2026-07-20 15:31:57.918,0.0,,,,,28.87,927.9,18.4,-40.0,0.0,1.0,0.0,0.0,697.0
2026-07-20 15:31:58.118,0.0,,,,,28.87,927.9,18.4,-40.0,0.0,1.0,0.0,0.0,697.0
2026-07-20 15:31:58.319,0.0,,,,,28.87,927.8,18.8,-40.0,0.0,1.0,0.0,0.0,697.0
2026-07-20 15:31:58.518,0.0,,,,,28.87,927.8,18.8,-40.0,0.0,1.0,0.0,0.0,697.0
2026-07-20 15:31:58.763,0.0,,,,,28.86,927.8,18.8,-40.0,0.0,1.0,0.0,0.0,698.0
2026-07-20 15:31:58.919,0.0,,,,,28.86,927.8,18.8,-40.0,0.0,1.0,0.0,0.0,698.0
2026-07-20 15:31:59.118,0.0,,,,,28.86,927.8,18.8,-40.0,0.0,1.0,0.0,0.0,698.0
2026-07-20 15:31:59.319,0.0,,,,,28.86,927.8,18.1,-40.0,0.0,1.0,0.0,0.0,698.0
2026-07-20 15:31:59.518,0.0,,,,,28.86,927.8,18.1,-40.0,0.0,1.0,0.0,0.0,698.0
2026-07-20 15:31:59.762,0.0,,,,,28.87,927.8,19.0,-40.0,0.0,1.0,0.0,0.0,699.0
2026-07-20 15:31:59.919,0.0,,,,,28.87,927.8,19.0,-40.0,0.0,1.0,0.0,0.0,699.0
2026-07-20 15:32:00.118,0.0,,,,,28.87,927.8,19.0,-40.0,0.0,1.0,0.0,0.0,699.0
2026-07-20 15:32:00.318,0.0,,,,,28.86,927.9,18.3,-40.0,0.0,1.0,0.0,0.0,699.0
2026-07-20 15:32:00.518,0.0,,,,,28.86,927.9,18.3,-40.0,0.0,1.0,0.0,0.0,699.0
2026-07-20 15:32:00.763,0.0,,,,,28.86,927.9,19.0,-40.0,0.0,1.0,0.0,0.0,700.0
2026-07-20 15:32:00.918,0.0,,,,,28.86,927.9,19.0,-40.0,0.0,1.0,0.0,0.0,700.0
2026-07-20 15:32:01.118,0.0,,,,,28.86,927.9,19.0,-40.0,0.0,1.0,0.0,0.0,700.0
2026-07-20 15:32:01.319,0.0,,,,,28.85,927.8,18.1,-40.0,0.0,1.0,0.0,0.0,700.0
2026-07-20 15:32:01.518,0.0,,,,,28.85,927.8,18.1,-40.0,0.0,1.0,0.0,0.0,700.0
2026-07-20 15:32:01.762,0.0,,,,,28.87,927.8,18.8,-40.0,0.0,1.0,0.0,0.0,701.0
2026-07-20 15:32:01.918,0.0,,,,,28.87,927.8,18.8,-40.0,0.0,1.0,0.0,0.0,701.0
2026-07-20 15:32:02.119,0.0,,,,,28.87,927.8,18.8,-40.0,0.0,1.0,0.0,0.0,701.0
2026-07-20 15:32:02.319,0.0,,,,,28.86,927.8,18.6,-40.0,0.0,1.0,0.0,0.0,701.0
2026-07-20 15:32:02.520,0.0,,,,,28.86,927.8,18.6,-40.0,0.0,1.0,0.0,0.0,701.0
2026-07-20 15:32:02.762,0.0,,,,,28.86,927.9,18.9,-40.0,0.0,1.0,0.0,0.0,702.0
2026-07-20 15:32:02.918,0.0,,,,,28.86,927.9,18.9,-40.0,0.0,1.0,0.0,0.0,702.0
2026-07-20 15:32:03.119,0.0,,,,,28.86,927.9,18.9,-40.0,0.0,1.0,0.0,0.0,702.0
2026-07-20 15:32:03.318,0.0,,,,,28.86,927.9,18.3,-40.0,0.0,1.0,0.0,0.0,702.0
2026-07-20 15:32:03.518,0.0,,,,,28.86,927.9,18.3,-40.0,0.0,1.0,0.0,0.0,702.0
2026-07-20 15:32:03.762,0.0,,,,,28.86,927.9,19.0,-40.0,0.0,1.0,0.0,0.0,703.0
2026-07-20 15:32:03.918,0.0,,,,,28.86,927.9,19.0,-40.0,0.0,1.0,0.0,0.0,703.0
2026-07-20 15:32:04.118,0.0,,,,,28.86,927.9,19.0,-40.0,0.0,1.0,0.0,0.0,703.0
2026-07-20 15:32:04.319,0.0,,,,,28.86,927.9,18.2,-40.0,0.0,1.0,0.0,0.0,703.0
2026-07-20 15:32:04.518,0.0,,,,,28.86,927.9,18.2,-40.0,0.0,1.0,0.0,0.0,703.0
2026-07-20 15:32:04.762,0.0,,,,,28.86,927.9,18.1,-40.0,0.0,1.0,0.0,0.0,704.0
2026-07-20 15:32:04.918,0.0,,,,,28.86,927.9,18.1,-40.0,0.0,1.0,0.0,0.0,704.0
2026-07-20 15:32:05.118,0.0,,,,,28.86,927.9,18.1,-40.0,0.0,1.0,0.0,0.0,704.0
2026-07-20 15:32:05.319,0.0,,,,,28.86,927.9,17.9,-40.0,0.0,1.0,0.0,0.0,704.0
2026-07-20 15:32:05.518,0.0,,,,,28.86,927.9,17.9,-40.0,0.0,1.0,0.0,0.0,704.0
2026-07-20 15:32:05.762,0.0,,,,,28.86,927.9,18.7,-40.0,0.0,1.0,0.0,0.0,705.0
2026-07-20 15:32:05.943,0.0,,,,,28.86,927.9,18.7,-40.0,0.0,1.0,0.0,0.0,705.0
2026-07-20 15:32:06.118,0.0,,,,,28.86,927.9,18.7,-40.0,0.0,1.0,0.0,0.0,705.0
2026-07-20 15:32:06.318,0.0,,,,,28.86,927.9,18.3,-40.0,0.0,1.0,0.0,0.0,705.0
2026-07-20 15:32:06.519,0.0,,,,,28.86,927.9,18.3,-40.0,0.0,1.0,0.0,0.0,705.0
2026-07-20 15:32:06.762,0.0,,,,,28.86,927.8,18.7,-40.0,0.0,1.0,0.0,0.0,706.0
2026-07-20 15:32:06.940,0.0,,,,,28.86,927.8,18.7,-40.0,0.0,1.0,0.0,0.0,706.0
2026-07-20 15:32:07.118,0.0,,,,,28.86,927.8,18.7,-40.0,0.0,1.0,0.0,0.0,706.0
2026-07-20 15:32:07.318,0.0,,,,,28.86,927.8,18.6,-40.0,0.0,1.0,0.0,0.0,706.0
2026-07-20 15:32:07.518,0.0,,,,,28.86,927.8,18.6,-40.0,0.0,1.0,0.0,0.0,706.0
2026-07-20 15:32:07.764,0.0,,,,,28.87,927.8,18.9,-40.0,0.0,1.0,0.0,0.0,707.0
2026-07-20 15:32:07.930,0.0,,,,,28.87,927.8,18.9,-40.0,0.0,1.0,0.0,0.0,707.0
2026-07-20 15:32:08.120,0.0,,,,,28.87,927.8,18.9,-40.0,0.0,1.0,0.0,0.0,707.0
2026-07-20 15:32:08.318,0.0,,,,,28.86,927.8,18.7,-40.0,0.0,1.0,0.0,0.0,707.0
2026-07-20 15:32:08.519,0.0,,,,,28.86,927.8,18.7,-40.0,0.0,1.0,0.0,0.0,707.0
2026-07-20 15:32:08.762,0.0,,,,,28.85,927.8,18.7,-40.0,0.0,1.0,0.0,0.0,708.0
2026-07-20 15:32:08.942,0.0,,,,,28.85,927.8,18.7,-40.0,0.0,1.0,0.0,0.0,708.0
2026-07-20 15:32:09.118,0.0,,,,,28.85,927.8,18.7,-40.0,0.0,1.0,0.0,0.0,708.0
2026-07-20 15:32:09.319,0.0,,,,,28.86,927.9,18.6,-40.0,0.0,1.0,0.0,0.0,708.0
2026-07-20 15:32:09.543,0.0,,,,,28.86,927.9,18.6,-40.0,0.0,1.0,0.0,0.0,708.0
2026-07-20 15:32:09.762,0.0,,,,,28.86,927.8,19.0,-40.0,0.0,1.0,0.0,0.0,709.0
2026-07-20 15:32:09.919,0.0,,,,,28.86,927.8,19.0,-40.0,0.0,1.0,0.0,0.0,709.0
2026-07-20 15:32:10.118,0.0,,,,,28.86,927.8,19.0,-40.0,0.0,1.0,0.0,0.0,709.0
2026-07-20 15:32:10.319,0.0,,,,,28.86,927.8,18.4,-40.0,0.0,1.0,0.0,0.0,709.0
2026-07-20 15:32:10.518,0.0,,,,,28.86,927.8,18.4,-40.0,0.0,1.0,0.0,0.0,709.0
2026-07-20 15:32:10.763,0.0,,,,,28.85,927.8,19.0,-40.0,0.0,1.0,0.0,0.0,710.0
2026-07-20 15:32:10.918,0.0,,,,,28.85,927.8,19.0,-40.0,0.0,1.0,0.0,0.0,710.0
2026-07-20 15:32:11.119,0.0,,,,,28.85,927.8,19.0,-40.0,0.0,1.0,0.0,0.0,710.0
2026-07-20 15:32:11.319,0.0,,,,,28.86,927.8,18.3,-40.0,0.0,1.0,0.0,0.0,710.0
2026-07-20 15:32:11.518,0.0,,,,,28.86,927.8,18.3,-40.0,0.0,1.0,0.0,0.0,710.0
2026-07-20 15:32:11.762,0.0,,,,,28.86,927.8,18.8,-40.0,0.0,1.0,0.0,0.0,711.0
2026-07-20 15:32:11.924,0.0,,,,,28.86,927.8,18.8,-40.0,0.0,1.0,0.0,0.0,711.0
2026-07-20 15:32:12.119,0.0,,,,,28.86,927.8,18.8,-40.0,0.0,1.0,0.0,0.0,711.0
2026-07-20 15:32:12.318,0.0,,,,,28.85,927.8,18.2,-40.0,0.0,1.0,0.0,0.0,711.0
2026-07-20 15:32:12.518,0.0,,,,,28.85,927.8,18.2,-40.0,0.0,1.0,0.0,0.0,711.0
2026-07-20 15:32:12.763,0.0,,,,,28.86,927.8,18.7,-40.0,0.0,1.0,0.0,0.0,712.0
2026-07-20 15:32:12.925,0.0,,,,,28.86,927.8,18.7,-40.0,0.0,1.0,0.0,0.0,712.0
2026-07-20 15:32:13.118,0.0,,,,,28.86,927.8,18.7,-40.0,0.0,1.0,0.0,0.0,712.0
2026-07-20 15:32:13.318,0.0,,,,,28.86,927.9,18.2,-40.0,0.0,1.0,0.0,0.0,712.0
2026-07-20 15:32:13.519,0.0,,,,,28.86,927.9,18.2,-40.0,0.0,1.0,0.0,0.0,712.0
2026-07-20 15:32:13.762,0.0,,,,,28.86,927.8,18.9,-40.0,0.0,1.0,0.0,0.0,713.0
2026-07-20 15:32:13.940,0.0,,,,,28.86,927.8,18.9,-40.0,0.0,1.0,0.0,0.0,713.0
2026-07-20 15:32:14.118,0.0,,,,,28.86,927.8,18.9,-40.0,0.0,1.0,0.0,0.0,713.0
2026-07-20 15:32:14.319,0.0,,,,,28.86,927.8,18.1,-40.0,0.0,1.0,0.0,0.0,713.0
2026-07-20 15:32:14.518,0.0,,,,,28.86,927.8,18.1,-40.0,0.0,1.0,0.0,0.0,713.0
2026-07-20 15:32:14.763,0.0,,,,,28.86,927.8,18.9,-40.0,0.0,1.0,0.0,0.0,714.0
2026-07-20 15:32:14.944,0.0,,,,,28.86,927.8,18.9,-40.0,0.0,1.0,0.0,0.0,714.0
2026-07-20 15:32:15.118,0.0,,,,,28.86,927.8,18.9,-40.0,0.0,1.0,0.0,0.0,714.0
2026-07-20 15:32:15.318,0.0,,,,,28.86,927.8,18.3,-40.0,0.0,1.0,0.0,0.0,714.0
2026-07-20 15:32:15.518,0.0,,,,,28.86,927.8,18.3,-40.0,0.0,1.0,0.0,0.0,714.0
2026-07-20 15:32:15.762,0.0,,,,,28.86,927.8,19.0,-40.0,0.0,1.0,0.0,0.0,715.0
2026-07-20 15:32:15.942,0.0,,,,,28.86,927.8,19.0,-40.0,0.0,1.0,0.0,0.0,715.0
2026-07-20 15:32:16.118,0.0,,,,,28.86,927.8,19.0,-40.0,0.0,1.0,0.0,0.0,715.0
2026-07-20 15:32:16.320,0.0,,,,,28.85,927.8,18.3,-40.0,0.0,1.0,0.0,0.0,715.0
2026-07-20 15:32:16.518,0.0,,,,,28.85,927.8,18.3,-40.0,0.0,1.0,0.0,0.0,715.0
2026-07-20 15:32:16.762,0.0,,,,,28.85,927.8,18.8,-40.0,0.0,1.0,0.0,0.0,716.0
2026-07-20 15:32:16.918,0.0,,,,,28.85,927.8,18.8,-40.0,0.0,1.0,0.0,0.0,716.0
2026-07-20 15:32:17.118,0.0,,,,,28.85,927.8,18.8,-40.0,0.0,1.0,0.0,0.0,716.0
2026-07-20 15:32:17.318,0.0,,,,,28.84,927.8,18.4,-40.0,0.0,1.0,0.0,0.0,716.0
2026-07-20 15:32:17.518,0.0,,,,,28.84,927.8,18.4,-40.0,0.0,1.0,0.0,0.0,716.0
2026-07-20 15:32:17.762,0.0,,,,,28.85,927.8,19.1,-40.0,0.0,1.0,0.0,0.0,717.0
2026-07-20 15:32:17.918,0.0,,,,,28.85,927.8,19.1,-40.0,0.0,1.0,0.0,0.0,717.0
2026-07-20 15:32:18.118,0.0,,,,,28.85,927.8,19.1,-40.0,0.0,1.0,0.0,0.0,717.0
2026-07-20 15:32:18.319,0.0,,,,,28.85,927.8,18.1,-40.0,0.0,1.0,0.0,0.0,717.0
2026-07-20 15:32:18.518,0.0,,,,,28.85,927.8,18.1,-40.0,0.0,1.0,0.0,0.0,717.0
2026-07-20 15:32:18.762,0.0,,,,,28.84,927.9,18.5,-40.0,0.0,1.0,0.0,0.0,718.0
2026-07-20 15:32:18.918,0.0,,,,,28.84,927.9,18.5,-40.0,0.0,1.0,0.0,0.0,718.0
2026-07-20 15:32:19.118,0.0,,,,,28.84,927.9,18.5,-40.0,0.0,1.0,0.0,0.0,718.0
2026-07-20 15:32:19.318,0.0,,,,,28.85,927.9,18.6,-40.0,0.0,1.0,0.0,0.0,718.0
2026-07-20 15:32:19.518,0.0,,,,,28.85,927.9,18.6,-40.0,0.0,1.0,0.0,0.0,718.0
2026-07-20 15:32:19.762,0.0,,,,,28.85,927.8,18.3,-40.0,0.0,1.0,0.0,0.0,719.0
2026-07-20 15:32:19.918,0.0,,,,,28.85,927.8,18.3,-40.0,0.0,1.0,0.0,0.0,719.0
2026-07-20 15:32:20.117,0.0,,,,,28.85,927.8,18.3,-40.0,0.0,1.0,0.0,0.0,719.0
2026-07-20 15:32:20.318,0.0,,,,,28.82,927.9,18.2,-40.0,0.0,1.0,0.0,0.0,719.0
2026-07-20 15:32:20.518,0.0,,,,,28.82,927.9,18.2,-40.0,0.0,1.0,0.0,0.0,719.0
2026-07-20 15:32:20.762,0.0,,,,,28.85,927.8,18.5,-40.0,0.0,1.0,0.0,0.0,720.0
2026-07-20 15:32:20.918,0.0,,,,,28.85,927.8,18.5,-40.0,0.0,1.0,0.0,0.0,720.0
2026-07-20 15:32:21.118,0.0,,,,,28.85,927.8,18.5,-40.0,0.0,1.0,0.0,0.0,720.0
2026-07-20 15:32:21.318,0.0,,,,,28.85,927.8,18.5,-40.0,0.0,1.0,0.0,0.0,720.0
2026-07-20 15:32:21.518,0.0,,,,,28.85,927.8,18.5,-40.0,0.0,1.0,0.0,0.0,720.0
2026-07-20 15:32:21.762,0.0,,,,,28.82,927.8,18.9,-40.0,0.0,1.0,0.0,0.0,721.0
2026-07-20 15:32:21.926,0.0,,,,,28.82,927.8,18.9,-40.0,0.0,1.0,0.0,0.0,721.0
2026-07-20 15:32:22.118,0.0,,,,,28.82,927.8,18.9,-40.0,0.0,1.0,0.0,0.0,721.0
2026-07-20 15:32:22.318,0.0,,,,,28.84,927.8,18.6,-40.0,0.0,1.0,0.0,0.0,721.0
2026-07-20 15:32:22.518,0.0,,,,,28.84,927.8,18.6,-40.0,0.0,1.0,0.0,0.0,721.0
2026-07-20 15:32:22.762,0.0,,,,,28.85,927.9,19.1,-40.0,0.0,1.0,0.0,0.0,722.0
2026-07-20 15:32:22.940,0.0,,,,,28.85,927.9,19.1,-40.0,0.0,1.0,0.0,0.0,722.0
2026-07-20 15:32:23.118,0.0,,,,,28.85,927.9,19.1,-40.0,0.0,1.0,0.0,0.0,722.0
2026-07-20 15:32:23.318,0.0,,,,,28.84,927.8,18.4,-40.0,0.0,1.0,0.0,0.0,722.0
2026-07-20 15:32:23.518,0.0,,,,,28.84,927.8,18.4,-40.0,0.0,1.0,0.0,0.0,722.0
2026-07-20 15:32:23.764,0.0,,,,,28.84,927.8,19.1,-40.0,0.0,1.0,0.0,0.0,723.0
2026-07-20 15:32:23.942,0.0,,,,,28.84,927.8,19.1,-40.0,0.0,1.0,0.0,0.0,723.0
2026-07-20 15:32:24.118,0.0,,,,,28.84,927.8,19.1,-40.0,0.0,1.0,0.0,0.0,723.0
2026-07-20 15:32:24.320,0.0,,,,,28.85,927.8,18.5,-40.0,0.0,1.0,0.0,0.0,723.0
2026-07-20 15:32:24.518,0.0,,,,,28.85,927.8,18.5,-40.0,0.0,1.0,0.0,0.0,723.0
2026-07-20 15:32:24.763,0.0,,,,,28.85,927.9,19.2,-40.0,0.0,1.0,0.0,0.0,724.0
2026-07-20 15:32:24.939,0.0,,,,,28.85,927.9,19.2,-40.0,0.0,1.0,0.0,0.0,724.0
2026-07-20 15:32:25.117,0.0,,,,,28.85,927.9,19.2,-40.0,0.0,1.0,0.0,0.0,724.0
2026-07-20 15:32:25.318,0.0,,,,,28.84,927.8,18.3,-40.0,0.0,1.0,0.0,0.0,724.0
2026-07-20 15:32:25.518,0.0,,,,,28.84,927.8,18.3,-40.0,0.0,1.0,0.0,0.0,724.0
2026-07-20 15:32:25.761,0.0,,,,,28.84,927.8,18.9,-40.0,0.0,1.0,0.0,0.0,725.0
2026-07-20 15:32:25.932,0.0,,,,,28.84,927.8,18.9,-40.0,0.0,1.0,0.0,0.0,725.0
2026-07-20 15:32:26.118,0.0,,,,,28.84,927.8,18.9,-40.0,0.0,1.0,0.0,0.0,725.0
2026-07-20 15:32:26.318,0.0,,,,,28.84,927.8,18.5,-40.0,0.0,1.0,0.0,0.0,725.0
2026-07-20 15:32:26.518,0.0,,,,,28.84,927.8,18.5,-40.0,0.0,1.0,0.0,0.0,725.0
2026-07-20 15:32:26.762,0.0,,,,,28.85,927.8,18.5,-40.0,0.0,1.0,0.0,0.0,726.0
2026-07-20 15:32:26.918,0.0,,,,,28.85,927.8,18.5,-40.0,0.0,1.0,0.0,0.0,726.0
2026-07-20 15:32:27.119,0.0,,,,,28.85,927.8,18.5,-40.0,0.0,1.0,0.0,0.0,726.0
2026-07-20 15:32:27.318,0.0,,,,,28.84,927.9,18.0,-40.0,0.0,1.0,0.0,0.0,726.0
2026-07-20 15:32:27.533,0.0,,,,,28.84,927.9,18.0,-40.0,0.0,1.0,0.0,0.0,726.0
2026-07-20 15:32:27.761,0.0,,,,,28.84,927.9,18.9,-40.0,0.0,1.0,0.0,0.0,727.0
2026-07-20 15:32:27.942,0.0,,,,,28.84,927.9,18.9,-40.0,0.0,1.0,0.0,0.0,727.0
2026-07-20 15:32:28.118,0.0,,,,,28.84,927.9,18.9,-40.0,0.0,1.0,0.0,0.0,727.0
2026-07-20 15:32:28.318,0.0,,,,,28.82,927.9,18.1,-40.0,0.0,1.0,0.0,0.0,727.0
2026-07-20 15:32:28.518,0.0,,,,,28.82,927.9,18.1,-40.0,0.0,1.0,0.0,0.0,727.0
2026-07-20 15:32:28.762,0.0,,,,,28.85,927.9,18.8,-40.0,0.0,1.0,0.0,0.0,728.0
2026-07-20 15:32:28.918,0.0,,,,,28.85,927.9,18.8,-40.0,0.0,1.0,0.0,0.0,728.0
2026-07-20 15:32:29.119,0.0,,,,,28.85,927.9,18.8,-40.0,0.0,1.0,0.0,0.0,728.0
2026-07-20 15:32:29.318,0.0,,,,,28.82,927.8,18.3,-40.0,0.0,1.0,0.0,0.0,728.0
2026-07-20 15:32:29.518,0.0,,,,,28.82,927.8,18.3,-40.0,0.0,1.0,0.0,0.0,728.0
2026-07-20 15:32:29.762,0.0,,,,,28.82,927.8,18.5,-40.0,0.0,1.0,0.0,0.0,729.0
2026-07-20 15:32:29.919,0.0,,,,,28.82,927.8,18.5,-40.0,0.0,1.0,0.0,0.0,729.0
2026-07-20 15:32:30.118,0.0,,,,,28.82,927.8,18.5,-40.0,0.0,1.0,0.0,0.0,729.0
2026-07-20 15:32:30.318,0.0,,,,,28.82,927.8,18.1,-40.0,0.0,1.0,0.0,0.0,729.0
2026-07-20 15:32:30.519,0.0,,,,,28.82,927.8,18.1,-40.0,0.0,1.0,0.0,0.0,729.0
2026-07-20 15:32:30.761,0.0,,,,,28.82,927.8,18.4,-40.0,0.0,1.0,0.0,0.0,730.0
2026-07-20 15:32:30.917,0.0,,,,,28.82,927.8,18.4,-40.0,0.0,1.0,0.0,0.0,730.0
2026-07-20 15:32:31.117,0.0,,,,,28.82,927.8,18.4,-40.0,0.0,1.0,0.0,0.0,730.0
2026-07-20 15:32:31.317,0.0,,,,,28.82,927.8,18.5,-40.0,0.0,1.0,0.0,0.0,730.0
2026-07-20 15:32:31.518,0.0,,,,,28.82,927.8,18.5,-40.0,0.0,1.0,0.0,0.0,730.0
2026-07-20 15:32:31.762,0.0,,,,,28.84,927.8,19.1,-40.0,0.0,1.0,0.0,0.0,731.0
2026-07-20 15:32:31.918,0.0,,,,,28.84,927.8,19.1,-40.0,0.0,1.0,0.0,0.0,731.0
2026-07-20 15:32:32.118,0.0,,,,,28.84,927.8,19.1,-40.0,0.0,1.0,0.0,0.0,731.0
2026-07-20 15:32:32.318,0.0,,,,,28.82,927.9,18.4,-40.0,0.0,1.0,0.0,0.0,731.0
2026-07-20 15:32:32.518,0.0,,,,,28.82,927.9,18.4,-40.0,0.0,1.0,0.0,0.0,731.0
2026-07-20 15:32:32.762,0.0,,,,,28.82,927.8,18.9,-40.0,0.0,1.0,0.0,0.0,732.0
2026-07-20 15:32:32.918,0.0,,,,,28.82,927.8,18.9,-40.0,0.0,1.0,0.0,0.0,732.0
2026-07-20 15:32:33.118,0.0,,,,,28.82,927.8,18.9,-40.0,0.0,1.0,0.0,0.0,732.0
2026-07-20 15:32:33.318,0.0,,,,,28.82,927.8,18.7,-40.0,0.0,1.0,0.0,0.0,732.0
2026-07-20 15:32:33.518,0.0,,,,,28.82,927.8,18.7,-40.0,0.0,1.0,0.0,0.0,732.0
2026-07-20 15:32:33.762,0.0,,,,,28.82,927.7,19.1,-40.0,0.0,1.0,0.0,0.0,733.0
2026-07-20 15:32:33.918,0.0,,,,,28.82,927.7,19.1,-40.0,0.0,1.0,0.0,0.0,733.0
2026-07-20 15:32:34.118,0.0,,,,,28.82,927.7,19.1,-40.0,0.0,1.0,0.0,0.0,733.0
2026-07-20 15:32:34.333,0.0,,,,,28.82,927.8,18.4,-40.0,0.0,1.0,0.0,0.0,733.0
2026-07-20 15:32:34.518,0.0,,,,,28.82,927.8,18.4,-40.0,0.0,1.0,0.0,0.0,733.0
2026-07-20 15:32:34.762,0.0,,,,,28.82,927.9,18.9,-40.0,0.0,1.0,0.0,0.0,734.0
2026-07-20 15:32:34.917,0.0,,,,,28.82,927.9,18.9,-40.0,0.0,1.0,0.0,0.0,734.0
2026-07-20 15:32:35.117,0.0,,,,,28.82,927.9,18.9,-40.0,0.0,1.0,0.0,0.0,734.0
2026-07-20 15:32:35.318,0.0,,,,,28.82,927.8,18.6,-40.0,0.0,1.0,0.0,0.0,734.0
2026-07-20 15:32:35.518,0.0,,,,,28.82,927.8,18.6,-40.0,0.0,1.0,0.0,0.0,734.0
2026-07-20 15:32:35.762,0.0,,,,,28.82,927.8,18.8,-40.0,0.0,1.0,0.0,0.0,735.0
2026-07-20 15:32:35.918,0.0,,,,,28.82,927.8,18.8,-40.0,0.0,1.0,0.0,0.0,735.0
2026-07-20 15:32:36.118,0.0,,,,,28.82,927.8,18.8,-40.0,0.0,1.0,0.0,0.0,735.0
2026-07-20 15:32:36.317,0.0,,,,,28.81,927.8,18.7,-40.0,0.0,1.0,0.0,0.0,735.0
2026-07-20 15:32:36.518,0.0,,,,,28.81,927.8,18.7,-40.0,0.0,1.0,0.0,0.0,735.0
2026-07-20 15:32:36.762,0.0,,,,,28.84,927.8,18.8,-40.0,0.0,1.0,0.0,0.0,736.0
2026-07-20 15:32:36.919,0.0,,,,,28.84,927.8,18.8,-40.0,0.0,1.0,0.0,0.0,736.0
2026-07-20 15:32:37.118,0.0,,,,,28.84,927.8,18.8,-40.0,0.0,1.0,0.0,0.0,736.0
2026-07-20 15:32:37.317,0.0,,,,,28.82,927.8,18.3,-40.0,0.0,1.0,0.0,0.0,736.0
2026-07-20 15:32:37.517,0.0,,,,,28.82,927.8,18.3,-40.0,0.0,1.0,0.0,0.0,736.0
2026-07-20 15:32:37.762,0.0,,,,,28.8,927.8,18.9,-40.0,0.0,1.0,0.0,0.0,737.0
2026-07-20 15:32:37.943,0.0,,,,,28.8,927.8,18.9,-40.0,0.0,1.0,0.0,0.0,737.0
2026-07-20 15:32:38.118,0.0,,,,,28.8,927.8,18.9,-40.0,0.0,1.0,0.0,0.0,737.0
2026-07-20 15:32:38.318,0.0,,,,,28.82,927.9,18.3,-40.0,0.0,1.0,0.0,0.0,737.0
2026-07-20 15:32:38.518,0.0,,,,,28.82,927.9,18.3,-40.0,0.0,1.0,0.0,0.0,737.0
2026-07-20 15:32:38.761,0.0,,,,,28.81,927.8,18.7,-40.0,0.0,1.0,0.0,0.0,738.0
2026-07-20 15:32:38.932,0.0,,,,,28.81,927.8,18.7,-40.0,0.0,1.0,0.0,0.0,738.0
2026-07-20 15:32:39.118,0.0,,,,,28.81,927.8,18.7,-40.0,0.0,1.0,0.0,0.0,738.0
2026-07-20 15:32:39.318,0.0,,,,,28.82,927.9,18.2,-40.0,0.0,1.0,0.0,0.0,738.0
2026-07-20 15:32:39.518,0.0,,,,,28.82,927.9,18.2,-40.0,0.0,1.0,0.0,0.0,738.0
2026-07-20 15:32:39.762,0.0,,,,,28.82,927.8,18.7,-40.0,0.0,1.0,0.0,0.0,739.0
2026-07-20 15:32:39.920,0.0,,,,,28.82,927.8,18.7,-40.0,0.0,1.0,0.0,0.0,739.0
2026-07-20 15:32:40.117,0.0,,,,,28.82,927.8,18.7,-40.0,0.0,1.0,0.0,0.0,739.0
2026-07-20 15:32:40.317,0.0,,,,,28.82,927.8,18.3,-40.0,0.0,1.0,0.0,0.0,739.0
2026-07-20 15:32:40.518,0.0,,,,,28.82,927.8,18.3,-40.0,0.0,1.0,0.0,0.0,739.0
2026-07-20 15:32:40.761,0.0,,,,,28.81,927.8,18.7,-40.0,0.0,1.0,0.0,0.0,740.0
2026-07-20 15:32:40.917,0.0,,,,,28.81,927.8,18.7,-40.0,0.0,1.0,0.0,0.0,740.0
2026-07-20 15:32:41.117,0.0,,,,,28.81,927.8,18.7,-40.0,0.0,1.0,0.0,0.0,740.0
2026-07-20 15:32:41.318,0.0,,,,,28.81,927.8,18.1,-40.0,0.0,1.0,0.0,0.0,740.0
2026-07-20 15:32:41.517,0.0,,,,,28.81,927.8,18.1,-40.0,0.0,1.0,0.0,0.0,740.0
2026-07-20 15:32:41.762,0.0,,,,,28.81,927.8,18.8,-40.0,0.0,1.0,0.0,0.0,741.0
2026-07-20 15:32:41.924,0.0,,,,,28.81,927.8,18.8,-40.0,0.0,1.0,0.0,0.0,741.0
2026-07-20 15:32:42.118,0.0,,,,,28.81,927.8,18.8,-40.0,0.0,1.0,0.0,0.0,741.0
2026-07-20 15:32:42.317,0.0,,,,,28.81,927.8,18.4,-40.0,0.0,1.0,0.0,0.0,741.0
2026-07-20 15:32:42.517,0.0,,,,,28.81,927.8,18.4,-40.0,0.0,1.0,0.0,0.0,741.0
2026-07-20 15:32:42.762,0.0,,,,,28.81,927.8,18.4,-40.0,0.0,1.0,0.0,0.0,742.0
2026-07-20 15:32:42.917,0.0,,,,,28.81,927.8,18.4,-40.0,0.0,1.0,0.0,0.0,742.0
2026-07-20 15:32:43.117,0.0,,,,,28.81,927.8,18.4,-40.0,0.0,1.0,0.0,0.0,742.0
2026-07-20 15:32:43.318,0.0,,,,,28.81,927.8,18.8,-40.0,0.0,1.0,0.0,0.0,742.0
2026-07-20 15:32:43.517,0.0,,,,,28.81,927.8,18.8,-40.0,0.0,1.0,0.0,0.0,742.0
2026-07-20 15:32:43.762,0.0,,,,,28.82,927.9,18.7,-40.0,0.0,1.0,0.0,0.0,743.0
2026-07-20 15:32:43.917,0.0,,,,,28.82,927.9,18.7,-40.0,0.0,1.0,0.0,0.0,743.0
2026-07-20 15:32:44.117,0.0,,,,,28.82,927.9,18.7,-40.0,0.0,1.0,0.0,0.0,743.0
2026-07-20 15:32:44.318,0.0,,,,,28.81,927.8,18.3,-40.0,0.0,1.0,0.0,0.0,743.0
2026-07-20 15:32:44.517,0.0,,,,,28.81,927.8,18.3,-40.0,0.0,1.0,0.0,0.0,743.0
2026-07-20 15:32:44.761,0.0,,,,,28.8,927.8,18.9,-40.0,0.0,1.0,0.0,0.0,744.0
2026-07-20 15:32:44.918,0.0,,,,,28.8,927.8,18.9,-40.0,0.0,1.0,0.0,0.0,744.0
2026-07-20 15:32:45.118,0.0,,,,,28.8,927.8,18.9,-40.0,0.0,1.0,0.0,0.0,744.0
2026-07-20 15:32:45.318,0.0,,,,,28.81,927.8,18.3,-40.0,0.0,1.0,0.0,0.0,744.0
2026-07-20 15:32:45.518,0.0,,,,,28.81,927.8,18.3,-40.0,0.0,1.0,0.0,0.0,744.0
2026-07-20 15:32:45.761,0.0,,,,,28.81,927.8,18.5,-40.0,0.0,1.0,0.0,0.0,745.0
2026-07-20 15:32:45.918,0.0,,,,,28.81,927.8,18.5,-40.0,0.0,1.0,0.0,0.0,745.0
2026-07-20 15:32:46.118,0.0,,,,,28.81,927.8,18.5,-40.0,0.0,1.0,0.0,0.0,745.0
2026-07-20 15:32:46.331,0.0,,,,,28.81,927.8,18.4,-40.0,0.0,1.0,0.0,0.0,745.0
2026-07-20 15:32:46.518,0.0,,,,,28.81,927.8,18.4,-40.0,0.0,1.0,0.0,0.0,745.0
2026-07-20 15:32:46.762,0.0,,,,,28.81,927.8,18.8,-40.0,0.0,1.0,0.0,0.0,746.0
2026-07-20 15:32:46.918,0.0,,,,,28.81,927.8,18.8,-40.0,0.0,1.0,0.0,0.0,746.0
2026-07-20 15:32:47.117,0.0,,,,,28.81,927.8,18.8,-40.0,0.0,1.0,0.0,0.0,746.0
2026-07-20 15:32:47.317,0.0,,,,,28.81,927.8,18.4,-40.0,0.0,1.0,0.0,0.0,746.0
2026-07-20 15:32:47.517,0.0,,,,,28.81,927.8,18.4,-40.0,0.0,1.0,0.0,0.0,746.0
2026-07-20 15:32:47.764,0.0,,,,,28.81,927.9,18.9,-40.0,0.0,1.0,0.0,0.0,747.0
2026-07-20 15:32:47.917,0.0,,,,,28.81,927.9,18.9,-40.0,0.0,1.0,0.0,0.0,747.0
2026-07-20 15:32:48.118,0.0,,,,,28.81,927.9,18.9,-40.0,0.0,1.0,0.0,0.0,747.0
2026-07-20 15:32:48.318,0.0,,,,,28.81,927.9,18.4,-40.0,0.0,1.0,0.0,0.0,747.0
2026-07-20 15:32:48.517,0.0,,,,,28.81,927.9,18.4,-40.0,0.0,1.0,0.0,0.0,747.0
2026-07-20 15:32:48.761,0.0,,,,,28.81,927.9,18.8,-40.0,0.0,1.0,0.0,0.0,748.0
2026-07-20 15:32:48.942,0.0,,,,,28.81,927.9,18.8,-40.0,0.0,1.0,0.0,0.0,748.0
2026-07-20 15:32:49.117,0.0,,,,,28.81,927.9,18.8,-40.0,0.0,1.0,0.0,0.0,748.0
2026-07-20 15:32:49.317,0.0,,,,,28.81,927.9,18.5,-40.0,0.0,1.0,0.0,0.0,748.0
2026-07-20 15:32:49.519,0.0,,,,,28.81,927.9,18.5,-40.0,0.0,1.0,0.0,0.0,748.0
2026-07-20 15:32:49.761,0.0,,,,,28.8,927.9,18.4,-40.0,0.0,1.0,0.0,0.0,749.0
2026-07-20 15:32:49.943,0.0,,,,,28.8,927.9,18.4,-40.0,0.0,1.0,0.0,0.0,749.0
2026-07-20 15:32:50.117,0.0,,,,,28.8,927.9,18.4,-40.0,0.0,1.0,0.0,0.0,749.0
2026-07-20 15:32:50.320,0.0,,,,,28.81,927.9,18.3,-40.0,0.0,1.0,0.0,0.0,749.0
2026-07-20 15:32:50.517,0.0,,,,,28.81,927.9,18.3,-40.0,0.0,1.0,0.0,0.0,749.0
2026-07-20 15:32:50.763,0.0,,,,,28.81,927.9,18.4,-40.0,0.0,1.0,0.0,0.0,750.0
2026-07-20 15:32:50.939,0.0,,,,,28.81,927.9,18.4,-40.0,0.0,1.0,0.0,0.0,750.0
2026-07-20 15:32:51.118,0.0,,,,,28.81,927.9,18.4,-40.0,0.0,1.0,0.0,0.0,750.0
2026-07-20 15:32:51.317,0.0,,,,,28.8,927.9,18.4,-40.0,0.0,1.0,0.0,0.0,750.0
2026-07-20 15:32:51.517,0.0,,,,,28.8,927.9,18.4,-40.0,0.0,1.0,0.0,0.0,750.0
2026-07-20 15:32:51.763,0.0,,,,,28.8,927.9,18.5,-40.0,0.0,1.0,0.0,0.0,751.0
2026-07-20 15:32:51.939,0.0,,,,,28.8,927.9,18.5,-40.0,0.0,1.0,0.0,0.0,751.0
2026-07-20 15:32:52.117,0.0,,,,,28.8,927.9,18.5,-40.0,0.0,1.0,0.0,0.0,751.0
2026-07-20 15:32:52.318,0.0,,,,,28.8,928.0,18.2,-40.0,0.0,1.0,0.0,0.0,751.0
2026-07-20 15:32:52.517,0.0,,,,,28.8,928.0,18.2,-40.0,0.0,1.0,0.0,0.0,751.0
2026-07-20 15:32:52.763,0.0,,,,,28.8,927.9,18.9,-40.0,0.0,1.0,0.0,0.0,752.0
2026-07-20 15:32:52.943,0.0,,,,,28.8,927.9,18.9,-40.0,0.0,1.0,0.0,0.0,752.0
2026-07-20 15:32:53.118,0.0,,,,,28.8,927.9,18.9,-40.0,0.0,1.0,0.0,0.0,752.0
2026-07-20 15:32:53.317,0.0,,,,,28.81,927.9,18.6,-40.0,0.0,1.0,0.0,0.0,752.0
2026-07-20 15:32:53.518,0.0,,,,,28.81,927.9,18.6,-40.0,0.0,1.0,0.0,0.0,752.0
2026-07-20 15:32:53.762,0.0,,,,,28.81,927.9,19.0,-40.0,0.0,1.0,0.0,0.0,753.0
2026-07-20 15:32:53.937,0.0,,,,,28.81,927.9,19.0,-40.0,0.0,1.0,0.0,0.0,753.0
2026-07-20 15:32:54.118,0.0,,,,,28.81,927.9,19.0,-40.0,0.0,1.0,0.0,0.0,753.0
2026-07-20 15:32:54.317,0.0,,,,,28.79,927.8,18.4,-40.0,0.0,1.0,0.0,0.0,753.0
2026-07-20 15:32:54.517,0.0,,,,,28.79,927.8,18.4,-40.0,0.0,1.0,0.0,0.0,753.0
2026-07-20 15:32:54.761,0.0,,,,,28.79,927.9,19.3,-40.0,0.0,1.0,0.0,0.0,754.0
2026-07-20 15:32:54.937,0.0,,,,,28.79,927.9,19.3,-40.0,0.0,1.0,0.0,0.0,754.0
2026-07-20 15:32:55.117,0.0,,,,,28.79,927.9,19.3,-40.0,0.0,1.0,0.0,0.0,754.0
2026-07-20 15:32:55.318,0.0,,,,,28.81,927.9,18.5,-40.0,0.0,1.0,0.0,0.0,754.0
2026-07-20 15:32:55.517,0.0,,,,,28.81,927.9,18.5,-40.0,0.0,1.0,0.0,0.0,754.0
2026-07-20 15:32:55.761,0.0,,,,,28.81,927.9,18.6,-40.0,0.0,1.0,0.0,0.0,755.0
2026-07-20 15:32:55.939,0.0,,,,,28.81,927.9,18.6,-40.0,0.0,1.0,0.0,0.0,755.0
2026-07-20 15:32:56.117,0.0,,,,,28.81,927.9,18.6,-40.0,0.0,1.0,0.0,0.0,755.0
2026-07-20 15:32:56.318,0.0,,,,,28.8,927.9,18.2,-40.0,0.0,1.0,0.0,0.0,755.0
2026-07-20 15:32:56.517,0.0,,,,,28.8,927.9,18.2,-40.0,0.0,1.0,0.0,0.0,755.0
2026-07-20 15:32:56.762,0.0,,,,,28.81,927.8,18.3,-40.0,0.0,1.0,0.0,0.0,756.0
2026-07-20 15:32:56.941,0.0,,,,,28.81,927.8,18.3,-40.0,0.0,1.0,0.0,0.0,756.0
2026-07-20 15:32:57.117,0.0,,,,,28.81,927.8,18.3,-40.0,0.0,1.0,0.0,0.0,756.0
2026-07-20 15:32:57.317,0.0,,,,,28.8,927.9,18.5,-40.0,0.0,1.0,0.0,0.0,756.0
2026-07-20 15:32:57.517,0.0,,,,,28.8,927.9,18.5,-40.0,0.0,1.0,0.0,0.0,756.0
2026-07-20 15:32:57.761,0.0,,,,,28.81,927.9,19.0,-40.0,0.0,1.0,0.0,0.0,757.0
2026-07-20 15:32:57.917,0.0,,,,,28.81,927.9,19.0,-40.0,0.0,1.0,0.0,0.0,757.0
2026-07-20 15:32:58.117,0.0,,,,,28.81,927.9,19.0,-40.0,0.0,1.0,0.0,0.0,757.0
2026-07-20 15:32:58.317,0.0,,,,,28.8,927.9,18.7,-40.0,0.0,1.0,0.0,0.0,757.0
2026-07-20 15:32:58.517,0.0,,,,,28.8,927.9,18.7,-40.0,0.0,1.0,0.0,0.0,757.0
2026-07-20 15:32:58.761,0.0,,,,,28.8,927.9,18.6,-40.0,0.0,1.0,0.0,0.0,758.0
2026-07-20 15:32:58.917,0.0,,,,,28.8,927.9,18.6,-40.0,0.0,1.0,0.0,0.0,758.0
2026-07-20 15:32:59.117,0.0,,,,,28.8,927.9,18.6,-40.0,0.0,1.0,0.0,0.0,758.0
2026-07-20 15:32:59.317,0.0,,,,,28.8,927.9,18.3,-40.0,0.0,1.0,0.0,0.0,758.0
2026-07-20 15:32:59.517,0.0,,,,,28.8,927.9,18.3,-40.0,0.0,1.0,0.0,0.0,758.0
2026-07-20 15:32:59.761,0.0,,,,,28.8,927.8,18.8,-40.0,0.0,1.0,0.0,0.0,759.0
2026-07-20 15:32:59.917,0.0,,,,,28.8,927.8,18.8,-40.0,0.0,1.0,0.0,0.0,759.0
2026-07-20 15:33:00.117,0.0,,,,,28.8,927.8,18.8,-40.0,0.0,1.0,0.0,0.0,759.0
2026-07-20 15:33:00.317,0.0,,,,,28.8,927.9,18.8,-40.0,0.0,1.0,0.0,0.0,759.0
2026-07-20 15:33:00.517,0.0,,,,,28.8,927.9,18.8,-40.0,0.0,1.0,0.0,0.0,759.0
2026-07-20 15:33:00.761,0.0,,,,,28.79,927.9,18.9,-40.0,0.0,1.0,0.0,0.0,760.0
2026-07-20 15:33:00.917,0.0,,,,,28.79,927.9,18.9,-40.0,0.0,1.0,0.0,0.0,760.0
2026-07-20 15:33:01.117,0.0,,,,,28.79,927.9,18.9,-40.0,0.0,1.0,0.0,0.0,760.0
2026-07-20 15:33:01.317,0.0,,,,,28.79,927.9,18.1,-40.0,0.0,1.0,0.0,0.0,760.0
2026-07-20 15:33:01.517,0.0,,,,,28.79,927.9,18.1,-40.0,0.0,1.0,0.0,0.0,760.0
2026-07-20 15:33:01.761,0.0,,,,,28.79,927.8,18.8,-40.0,0.0,1.0,0.0,0.0,761.0
2026-07-20 15:33:01.917,0.0,,,,,28.79,927.8,18.8,-40.0,0.0,1.0,0.0,0.0,761.0
2026-07-20 15:33:02.117,0.0,,,,,28.79,927.8,18.8,-40.0,0.0,1.0,0.0,0.0,761.0
2026-07-20 15:33:02.317,0.0,,,,,28.8,927.9,18.1,-40.0,0.0,1.0,0.0,0.0,761.0
2026-07-20 15:33:02.517,0.0,,,,,28.8,927.9,18.1,-40.0,0.0,1.0,0.0,0.0,761.0
2026-07-20 15:33:02.761,0.0,,,,,28.79,927.9,18.9,-40.0,0.0,1.0,0.0,0.0,762.0
2026-07-20 15:33:02.918,0.0,,,,,28.79,927.9,18.9,-40.0,0.0,1.0,0.0,0.0,762.0
2026-07-20 15:33:03.117,0.0,,,,,28.79,927.9,18.9,-40.0,0.0,1.0,0.0,0.0,762.0
2026-07-20 15:33:03.317,0.0,,,,,28.8,927.9,18.7,-40.0,0.0,1.0,0.0,0.0,762.0
2026-07-20 15:33:03.518,0.0,,,,,28.8,927.9,18.7,-40.0,0.0,1.0,0.0,0.0,762.0
2026-07-20 15:33:03.761,0.0,,,,,28.8,927.8,18.9,-40.0,0.0,1.0,0.0,0.0,763.0
2026-07-20 15:33:03.918,0.0,,,,,28.8,927.8,18.9,-40.0,0.0,1.0,0.0,0.0,763.0
2026-07-20 15:33:04.117,0.0,,,,,28.8,927.8,18.9,-40.0,0.0,1.0,0.0,0.0,763.0
2026-07-20 15:33:04.317,0.0,,,,,28.79,927.9,18.5,-40.0,0.0,1.0,0.0,0.0,763.0
2026-07-20 15:33:04.517,0.0,,,,,28.79,927.9,18.5,-40.0,0.0,1.0,0.0,0.0,763.0
2026-07-20 15:33:04.760,0.0,,,,,28.79,927.8,18.2,-40.0,0.0,1.0,0.0,0.0,764.0
2026-07-20 15:33:04.936,0.0,,,,,28.79,927.8,18.2,-40.0,0.0,1.0,0.0,0.0,764.0
2026-07-20 15:33:05.117,0.0,,,,,28.79,927.8,18.2,-40.0,0.0,1.0,0.0,0.0,764.0
2026-07-20 15:33:05.317,0.0,,,,,28.8,927.9,18.0,-40.0,0.0,1.0,0.0,0.0,764.0
2026-07-20 15:33:05.519,0.0,,,,,28.8,927.9,18.0,-40.0,0.0,1.0,0.0,0.0,764.0
2026-07-20 15:33:05.761,0.0,,,,,28.8,927.9,18.7,-40.0,0.0,1.0,0.0,0.0,765.0
2026-07-20 15:33:05.945,0.0,,,,,28.8,927.9,18.7,-40.0,0.0,1.0,0.0,0.0,765.0
2026-07-20 15:33:06.117,0.0,,,,,28.8,927.9,18.7,-40.0,0.0,1.0,0.0,0.0,765.0
2026-07-20 15:33:06.317,0.0,,,,,28.79,927.8,18.0,-40.0,0.0,1.0,0.0,0.0,765.0
2026-07-20 15:33:06.517,0.0,,,,,28.79,927.8,18.0,-40.0,0.0,1.0,0.0,0.0,765.0
2026-07-20 15:33:06.761,0.0,,,,,28.79,927.9,18.5,-40.0,0.0,1.0,0.0,0.0,766.0
2026-07-20 15:33:06.941,0.0,,,,,28.79,927.9,18.5,-40.0,0.0,1.0,0.0,0.0,766.0
2026-07-20 15:33:07.117,0.0,,,,,28.79,927.9,18.5,-40.0,0.0,1.0,0.0,0.0,766.0
2026-07-20 15:33:07.317,0.0,,,,,28.79,927.9,18.2,-40.0,0.0,1.0,0.0,0.0,766.0
2026-07-20 15:33:07.517,0.0,,,,,28.79,927.9,18.2,-40.0,0.0,1.0,0.0,0.0,766.0
2026-07-20 15:33:07.761,0.0,,,,,28.8,927.9,18.9,-40.0,0.0,1.0,0.0,0.0,767.0
2026-07-20 15:33:07.937,0.0,,,,,28.8,927.9,18.9,-40.0,0.0,1.0,0.0,0.0,767.0
2026-07-20 15:33:08.117,0.0,,,,,28.8,927.9,18.9,-40.0,0.0,1.0,0.0,0.0,767.0
2026-07-20 15:33:08.317,0.0,,,,,28.79,927.9,18.6,-40.0,0.0,1.0,0.0,0.0,767.0
2026-07-20 15:33:08.519,0.0,,,,,28.79,927.9,18.6,-40.0,0.0,1.0,0.0,0.0,767.0
2026-07-20 15:33:08.761,0.0,,,,,28.79,927.8,18.6,-40.0,0.0,1.0,0.0,0.0,768.0
2026-07-20 15:33:08.941,0.0,,,,,28.79,927.8,18.6,-40.0,0.0,1.0,0.0,0.0,768.0
2026-07-20 15:33:09.118,0.0,,,,,28.79,927.8,18.6,-40.0,0.0,1.0,0.0,0.0,768.0
2026-07-20 15:33:09.318,0.0,,,,,28.79,927.8,18.0,-40.0,0.0,1.0,0.0,0.0,768.0
2026-07-20 15:33:09.517,0.0,,,,,28.79,927.8,18.0,-40.0,0.0,1.0,0.0,0.0,768.0
2026-07-20 15:33:09.761,0.0,,,,,28.79,927.9,19.0,-40.0,0.0,1.0,0.0,0.0,769.0
2026-07-20 15:33:09.937,0.0,,,,,28.79,927.9,19.0,-40.0,0.0,1.0,0.0,0.0,769.0
2026-07-20 15:33:10.117,0.0,,,,,28.79,927.9,19.0,-40.0,0.0,1.0,0.0,0.0,769.0
2026-07-20 15:33:10.318,0.0,,,,,28.79,927.9,18.1,-40.0,0.0,1.0,0.0,0.0,769.0
2026-07-20 15:33:10.520,0.0,,,,,28.79,927.9,18.1,-40.0,0.0,1.0,0.0,0.0,769.0
2026-07-20 15:33:10.761,0.0,,,,,28.8,927.9,19.2,-40.0,0.0,1.0,0.0,0.0,770.0
2026-07-20 15:33:10.916,0.0,,,,,28.8,927.9,19.2,-40.0,0.0,1.0,0.0,0.0,770.0
2026-07-20 15:33:11.116,0.0,,,,,28.8,927.9,19.2,-40.0,0.0,1.0,0.0,0.0,770.0
2026-07-20 15:33:11.317,0.0,,,,,28.8,927.9,18.1,-40.0,0.0,1.0,0.0,0.0,770.0
2026-07-20 15:33:11.517,0.0,,,,,28.8,927.9,18.1,-40.0,0.0,1.0,0.0,0.0,770.0
2026-07-20 15:33:11.761,0.0,,,,,28.79,927.9,18.5,-40.0,0.0,1.0,0.0,0.0,771.0
2026-07-20 15:33:11.917,0.0,,,,,28.79,927.9,18.5,-40.0,0.0,1.0,0.0,0.0,771.0
2026-07-20 15:33:12.117,0.0,,,,,28.79,927.9,18.5,-40.0,0.0,1.0,0.0,0.0,771.0
2026-07-20 15:33:12.317,0.0,,,,,28.79,927.8,18.3,-40.0,0.0,1.0,0.0,0.0,771.0
2026-07-20 15:33:12.517,0.0,,,,,28.79,927.8,18.3,-40.0,0.0,1.0,0.0,0.0,771.0
2026-07-20 15:33:12.761,0.0,,,,,28.79,927.9,18.8,-40.0,0.0,1.0,0.0,0.0,772.0
2026-07-20 15:33:12.939,0.0,,,,,28.79,927.9,18.8,-40.0,0.0,1.0,0.0,0.0,772.0
2026-07-20 15:33:13.116,0.0,,,,,28.79,927.9,18.8,-40.0,0.0,1.0,0.0,0.0,772.0
2026-07-20 15:33:13.318,0.0,,,,,28.79,927.9,18.0,-40.0,0.0,1.0,0.0,0.0,772.0
2026-07-20 15:33:13.519,0.0,,,,,28.79,927.9,18.0,-40.0,0.0,1.0,0.0,0.0,772.0
2026-07-20 15:33:13.761,0.0,,,,,28.79,927.9,18.8,-40.0,0.0,1.0,0.0,0.0,773.0
2026-07-20 15:33:13.933,0.0,,,,,28.79,927.9,18.8,-40.0,0.0,1.0,0.0,0.0,773.0
2026-07-20 15:33:14.117,0.0,,,,,28.79,927.9,18.8,-40.0,0.0,1.0,0.0,0.0,773.0
2026-07-20 15:33:14.317,0.0,,,,,28.79,927.9,18.4,-40.0,0.0,1.0,0.0,0.0,773.0
2026-07-20 15:33:14.517,0.0,,,,,28.79,927.9,18.4,-40.0,0.0,1.0,0.0,0.0,773.0
2026-07-20 15:33:14.761,0.0,,,,,28.79,927.8,18.6,-40.0,0.0,1.0,0.0,0.0,774.0
2026-07-20 15:33:14.917,0.0,,,,,28.79,927.8,18.6,-40.0,0.0,1.0,0.0,0.0,774.0
2026-07-20 15:33:15.116,0.0,,,,,28.79,927.8,18.6,-40.0,0.0,1.0,0.0,0.0,774.0
2026-07-20 15:33:15.317,0.0,,,,,28.79,927.9,18.5,-40.0,0.0,1.0,0.0,0.0,774.0
2026-07-20 15:33:15.516,0.0,,,,,28.79,927.9,18.5,-40.0,0.0,1.0,0.0,0.0,774.0
2026-07-20 15:33:15.760,0.0,,,,,28.79,927.9,19.2,-40.0,0.0,1.0,0.0,0.0,775.0
2026-07-20 15:33:15.936,0.0,,,,,28.79,927.9,19.2,-40.0,0.0,1.0,0.0,0.0,775.0
2026-07-20 15:33:16.117,0.0,,,,,28.79,927.9,19.2,-40.0,0.0,1.0,0.0,0.0,775.0
2026-07-20 15:33:16.317,0.0,,,,,28.79,927.8,18.0,-40.0,0.0,1.0,0.0,0.0,775.0
2026-07-20 15:33:16.516,0.0,,,,,28.79,927.8,18.0,-40.0,0.0,1.0,0.0,0.0,775.0
2026-07-20 15:33:16.761,0.0,,,,,28.79,927.9,18.9,-40.0,0.0,1.0,0.0,0.0,776.0
2026-07-20 15:33:16.917,0.0,,,,,28.79,927.9,18.9,-40.0,0.0,1.0,0.0,0.0,776.0
2026-07-20 15:33:17.117,0.0,,,,,28.79,927.9,18.9,-40.0,0.0,1.0,0.0,0.0,776.0
2026-07-20 15:33:17.317,0.0,,,,,28.79,927.9,18.8,-40.0,0.0,1.0,0.0,0.0,776.0
2026-07-20 15:33:17.517,0.0,,,,,28.79,927.9,18.8,-40.0,0.0,1.0,0.0,0.0,776.0
2026-07-20 15:33:17.761,0.0,,,,,28.79,927.9,18.7,-40.0,0.0,1.0,0.0,0.0,777.0
2026-07-20 15:33:17.917,0.0,,,,,28.79,927.9,18.7,-40.0,0.0,1.0,0.0,0.0,777.0
2026-07-20 15:33:18.117,0.0,,,,,28.79,927.9,18.7,-40.0,0.0,1.0,0.0,0.0,777.0
2026-07-20 15:33:18.316,0.0,,,,,28.79,927.9,18.5,-40.0,0.0,1.0,0.0,0.0,777.0
2026-07-20 15:33:18.517,0.0,,,,,28.79,927.9,18.5,-40.0,0.0,1.0,0.0,0.0,777.0
2026-07-20 15:33:18.761,0.0,,,,,28.79,927.9,18.8,-40.0,0.0,1.0,0.0,0.0,778.0
2026-07-20 15:33:18.916,0.0,,,,,28.79,927.9,18.8,-40.0,0.0,1.0,0.0,0.0,778.0
2026-07-20 15:33:19.117,0.0,,,,,28.79,927.9,18.8,-40.0,0.0,1.0,0.0,0.0,778.0
2026-07-20 15:33:19.317,0.0,,,,,28.79,927.9,18.0,-40.0,0.0,1.0,0.0,0.0,778.0
2026-07-20 15:33:19.517,0.0,,,,,28.79,927.9,18.0,-40.0,0.0,1.0,0.0,0.0,778.0
2026-07-20 15:33:19.760,0.0,,,,,28.79,927.9,18.8,-40.0,0.0,1.0,0.0,0.0,779.0
2026-07-20 15:33:19.917,0.0,,,,,28.79,927.9,18.8,-40.0,0.0,1.0,0.0,0.0,779.0
2026-07-20 15:33:20.117,0.0,,,,,28.79,927.9,18.8,-40.0,0.0,1.0,0.0,0.0,779.0
2026-07-20 15:33:20.317,0.0,,,,,28.79,927.9,18.1,-40.0,0.0,1.0,0.0,0.0,779.0
2026-07-20 15:33:20.516,0.0,,,,,28.79,927.9,18.1,-40.0,0.0,1.0,0.0,0.0,779.0
2026-07-20 15:33:20.761,0.0,,,,,28.79,927.9,18.9,-40.0,0.0,1.0,0.0,0.0,780.0
2026-07-20 15:33:20.923,0.0,,,,,28.79,927.9,18.9,-40.0,0.0,1.0,0.0,0.0,780.0
2026-07-20 15:33:21.117,0.0,,,,,28.79,927.9,18.9,-40.0,0.0,1.0,0.0,0.0,780.0
2026-07-20 15:33:21.317,0.0,,,,,28.79,927.9,18.1,-40.0,0.0,1.0,0.0,0.0,780.0
2026-07-20 15:33:21.516,0.0,,,,,28.79,927.9,18.1,-40.0,0.0,1.0,0.0,0.0,780.0
2026-07-20 15:33:21.760,0.0,,,,,28.79,927.9,18.8,-40.0,0.0,1.0,0.0,0.0,781.0
2026-07-20 15:33:21.938,0.0,,,,,28.79,927.9,18.8,-40.0,0.0,1.0,0.0,0.0,781.0
2026-07-20 15:33:22.116,0.0,,,,,28.79,927.9,18.8,-40.0,0.0,1.0,0.0,0.0,781.0
2026-07-20 15:33:22.317,0.0,,,,,28.79,927.9,18.2,-40.0,0.0,1.0,0.0,0.0,781.0
2026-07-20 15:33:22.516,0.0,,,,,28.79,927.9,18.2,-40.0,0.0,1.0,0.0,0.0,781.0
2026-07-20 15:33:22.760,0.0,,,,,28.79,927.9,18.6,-40.0,0.0,1.0,0.0,0.0,782.0
2026-07-20 15:33:22.951,0.0,,,,,28.79,927.9,18.6,-40.0,0.0,1.0,0.0,0.0,782.0
2026-07-20 15:33:23.117,0.0,,,,,28.79,927.9,18.6,-40.0,0.0,1.0,0.0,0.0,782.0
2026-07-20 15:33:23.317,0.0,,,,,28.79,927.9,18.1,-40.0,0.0,1.0,0.0,0.0,782.0
2026-07-20 15:33:23.517,0.0,,,,,28.79,927.9,18.1,-40.0,0.0,1.0,0.0,0.0,782.0
2026-07-20 15:33:23.760,0.0,,,,,28.79,927.9,18.7,-40.0,0.0,1.0,0.0,0.0,783.0
2026-07-20 15:33:23.952,0.0,,,,,28.79,927.9,18.7,-40.0,0.0,1.0,0.0,0.0,783.0
2026-07-20 15:33:24.116,0.0,,,,,28.79,927.9,18.7,-40.0,0.0,1.0,0.0,0.0,783.0
2026-07-20 15:33:24.317,0.0,,,,,28.79,927.9,18.0,-40.0,0.0,1.0,0.0,0.0,783.0
2026-07-20 15:33:24.516,0.0,,,,,28.79,927.9,18.0,-40.0,0.0,1.0,0.0,0.0,783.0
2026-07-20 15:33:24.760,0.0,,,,,28.79,927.9,18.4,-40.0,0.0,1.0,0.0,0.0,784.0
2026-07-20 15:33:24.917,0.0,,,,,28.79,927.9,18.4,-40.0,0.0,1.0,0.0,0.0,784.0
2026-07-20 15:33:25.116,0.0,,,,,28.79,927.9,18.4,-40.0,0.0,1.0,0.0,0.0,784.0
2026-07-20 15:33:25.317,0.0,,,,,28.78,927.9,18.2,-40.0,0.0,1.0,0.0,0.0,784.0
2026-07-20 15:33:25.518,0.0,,,,,28.78,927.9,18.2,-40.0,0.0,1.0,0.0,0.0,784.0
2026-07-20 15:33:25.762,0.0,,,,,28.79,927.8,18.8,-40.0,0.0,1.0,0.0,0.0,785.0
2026-07-20 15:33:25.946,0.0,,,,,28.79,927.8,18.8,-40.0,0.0,1.0,0.0,0.0,785.0
2026-07-20 15:33:26.116,0.0,,,,,28.79,927.8,18.8,-40.0,0.0,1.0,0.0,0.0,785.0
2026-07-20 15:33:26.317,0.0,,,,,28.78,927.9,18.4,-40.0,0.0,1.0,0.0,0.0,785.0
2026-07-20 15:33:26.516,0.0,,,,,28.78,927.9,18.4,-40.0,0.0,1.0,0.0,0.0,785.0
2026-07-20 15:33:26.762,0.0,,,,,28.79,927.9,18.7,-40.0,0.0,1.0,0.0,0.0,786.0
2026-07-20 15:33:26.949,0.0,,,,,28.79,927.9,18.7,-40.0,0.0,1.0,0.0,0.0,786.0
2026-07-20 15:33:27.118,0.0,,,,,28.79,927.9,18.7,-40.0,0.0,1.0,0.0,0.0,786.0
2026-07-20 15:33:27.316,0.0,,,,,28.78,927.9,18.1,-40.0,0.0,1.0,0.0,0.0,786.0
2026-07-20 15:33:27.517,0.0,,,,,28.78,927.9,18.1,-40.0,0.0,1.0,0.0,0.0,786.0
2026-07-20 15:33:27.762,0.0,,,,,28.79,927.9,18.7,-40.0,0.0,1.0,0.0,0.0,787.0
2026-07-20 15:33:27.933,0.0,,,,,28.79,927.9,18.7,-40.0,0.0,1.0,0.0,0.0,787.0
2026-07-20 15:33:28.117,0.0,,,,,28.79,927.9,18.7,-40.0,0.0,1.0,0.0,0.0,787.0
2026-07-20 15:33:28.316,0.0,,,,,28.79,927.8,18.3,-40.0,0.0,1.0,0.0,0.0,787.0
2026-07-20 15:33:28.524,0.0,,,,,28.79,927.8,18.3,-40.0,0.0,1.0,0.0,0.0,787.0
2026-07-20 15:33:28.760,0.0,,,,,28.78,927.9,18.6,-40.0,0.0,1.0,0.0,0.0,788.0
2026-07-20 15:33:28.918,0.0,,,,,28.78,927.9,18.6,-40.0,0.0,1.0,0.0,0.0,788.0
2026-07-20 15:33:29.116,0.0,,,,,28.78,927.9,18.6,-40.0,0.0,1.0,0.0,0.0,788.0
2026-07-20 15:33:29.317,0.0,,,,,28.78,927.9,18.3,-40.0,0.0,1.0,0.0,0.0,788.0
2026-07-20 15:33:29.516,0.0,,,,,28.78,927.9,18.3,-40.0,0.0,1.0,0.0,0.0,788.0
2026-07-20 15:33:29.760,0.0,,,,,28.78,927.9,18.9,-40.0,0.0,1.0,0.0,0.0,789.0
2026-07-20 15:33:29.916,0.0,,,,,28.78,927.9,18.9,-40.0,0.0,1.0,0.0,0.0,789.0
2026-07-20 15:33:30.116,0.0,,,,,28.78,927.9,18.9,-40.0,0.0,1.0,0.0,0.0,789.0
2026-07-20 15:33:30.317,0.0,,,,,28.79,927.8,18.4,-40.0,0.0,1.0,0.0,0.0,789.0
2026-07-20 15:33:30.517,0.0,,,,,28.79,927.8,18.4,-40.0,0.0,1.0,0.0,0.0,789.0
2026-07-20 15:33:30.760,0.0,,,,,28.79,927.9,18.8,-40.0,0.0,1.0,0.0,0.0,790.0
2026-07-20 15:33:30.916,0.0,,,,,28.79,927.9,18.8,-40.0,0.0,1.0,0.0,0.0,790.0
2026-07-20 15:33:31.117,0.0,,,,,28.79,927.9,18.8,-40.0,0.0,1.0,0.0,0.0,790.0
2026-07-20 15:33:31.316,0.0,,,,,28.78,927.9,18.3,-40.0,0.0,1.0,0.0,0.0,790.0
2026-07-20 15:33:31.516,0.0,,,,,28.78,927.9,18.3,-40.0,0.0,1.0,0.0,0.0,790.0
2026-07-20 15:33:31.760,0.0,,,,,28.78,927.9,18.9,-40.0,0.0,1.0,0.0,0.0,791.0
2026-07-20 15:33:31.916,0.0,,,,,28.78,927.9,18.9,-40.0,0.0,1.0,0.0,0.0,791.0
2026-07-20 15:33:32.117,0.0,,,,,28.78,927.9,18.9,-40.0,0.0,1.0,0.0,0.0,791.0
2026-07-20 15:33:32.316,0.0,,,,,28.79,927.9,18.2,-40.0,0.0,1.0,0.0,0.0,791.0
2026-07-20 15:33:32.517,0.0,,,,,28.79,927.9,18.2,-40.0,0.0,1.0,0.0,0.0,791.0
2026-07-20 15:33:32.761,0.0,,,,,28.78,927.8,18.3,-40.0,0.0,1.0,0.0,0.0,792.0
2026-07-20 15:33:32.916,0.0,,,,,28.78,927.8,18.3,-40.0,0.0,1.0,0.0,0.0,792.0
2026-07-20 15:33:33.116,0.0,,,,,28.78,927.8,18.3,-40.0,0.0,1.0,0.0,0.0,792.0
2026-07-20 15:33:33.317,0.0,,,,,28.77,927.9,18.3,-40.0,0.0,1.0,0.0,0.0,792.0
2026-07-20 15:33:33.516,0.0,,,,,28.77,927.9,18.3,-40.0,0.0,1.0,0.0,0.0,792.0
2026-07-20 15:33:33.762,0.0,,,,,28.78,927.9,18.4,-40.0,0.0,1.0,0.0,0.0,793.0
2026-07-20 15:33:33.916,0.0,,,,,28.78,927.9,18.4,-40.0,0.0,1.0,0.0,0.0,793.0
2026-07-20 15:33:34.116,0.0,,,,,28.78,927.9,18.4,-40.0,0.0,1.0,0.0,0.0,793.0
2026-07-20 15:33:34.317,0.0,,,,,28.77,927.8,17.8,-40.0,0.0,1.0,0.0,0.0,793.0
2026-07-20 15:33:34.516,0.0,,,,,28.77,927.8,17.8,-40.0,0.0,1.0,0.0,0.0,793.0
2026-07-20 15:33:34.760,0.0,,,,,28.77,927.9,18.9,-40.0,0.0,1.0,0.0,0.0,794.0
2026-07-20 15:33:34.917,0.0,,,,,28.77,927.9,18.9,-40.0,0.0,1.0,0.0,0.0,794.0
2026-07-20 15:33:35.116,0.0,,,,,28.77,927.9,18.9,-40.0,0.0,1.0,0.0,0.0,794.0
2026-07-20 15:33:35.317,0.0,,,,,28.79,927.9,18.2,-40.0,0.0,1.0,0.0,0.0,794.0
2026-07-20 15:33:35.516,0.0,,,,,28.79,927.9,18.2,-40.0,0.0,1.0,0.0,0.0,794.0
2026-07-20 15:33:35.760,0.0,,,,,28.78,927.9,18.3,-40.0,0.0,1.0,0.0,0.0,795.0
2026-07-20 15:33:35.916,0.0,,,,,28.78,927.9,18.3,-40.0,0.0,1.0,0.0,0.0,795.0
2026-07-20 15:33:36.116,0.0,,,,,28.78,927.9,18.3,-40.0,0.0,1.0,0.0,0.0,795.0
2026-07-20 15:33:36.316,0.0,,,,,28.78,927.9,18.2,-40.0,0.0,1.0,0.0,0.0,795.0
2026-07-20 15:33:36.516,0.0,,,,,28.78,927.9,18.2,-40.0,0.0,1.0,0.0,0.0,795.0
2026-07-20 15:33:36.760,0.0,,,,,28.78,927.9,18.3,-40.0,0.0,1.0,0.0,0.0,796.0
2026-07-20 15:33:36.916,0.0,,,,,28.78,927.9,18.3,-40.0,0.0,1.0,0.0,0.0,796.0
2026-07-20 15:33:37.117,0.0,,,,,28.78,927.9,18.3,-40.0,0.0,1.0,0.0,0.0,796.0
2026-07-20 15:33:37.317,0.0,,,,,28.77,927.8,18.2,-40.0,0.0,1.0,0.0,0.0,796.0
2026-07-20 15:33:37.517,0.0,,,,,28.77,927.8,18.2,-40.0,0.0,1.0,0.0,0.0,796.0
2026-07-20 15:33:37.760,0.0,,,,,28.77,927.9,18.9,-40.0,0.0,1.0,0.0,0.0,797.0
2026-07-20 15:33:37.917,0.0,,,,,28.77,927.9,18.9,-40.0,0.0,1.0,0.0,0.0,797.0
2026-07-20 15:33:38.116,0.0,,,,,28.77,927.9,18.9,-40.0,0.0,1.0,0.0,0.0,797.0
2026-07-20 15:33:38.316,0.0,,,,,28.78,927.9,18.2,-40.0,0.0,1.0,0.0,0.0,797.0
2026-07-20 15:33:38.516,0.0,,,,,28.78,927.9,18.2,-40.0,0.0,1.0,0.0,0.0,797.0
2026-07-20 15:33:38.760,0.0,,,,,28.77,927.8,18.6,-40.0,0.0,1.0,0.0,0.0,798.0
2026-07-20 15:33:38.921,0.0,,,,,28.77,927.8,18.6,-40.0,0.0,1.0,0.0,0.0,798.0
2026-07-20 15:33:39.116,0.0,,,,,28.77,927.8,18.6,-40.0,0.0,1.0,0.0,0.0,798.0
2026-07-20 15:33:39.316,0.0,,,,,28.77,927.9,18.3,-40.0,0.0,1.0,0.0,0.0,798.0
2026-07-20 15:33:39.516,0.0,,,,,28.77,927.9,18.3,-40.0,0.0,1.0,0.0,0.0,798.0
2026-07-20 15:33:39.760,0.0,,,,,28.77,927.8,18.9,-40.0,0.0,1.0,0.0,0.0,799.0
2026-07-20 15:33:39.927,0.0,,,,,28.77,927.8,18.9,-40.0,0.0,1.0,0.0,0.0,799.0
2026-07-20 15:33:40.116,0.0,,,,,28.77,927.8,18.9,-40.0,0.0,1.0,0.0,0.0,799.0
2026-07-20 15:33:40.316,0.0,,,,,28.77,927.9,18.6,-40.0,0.0,1.0,0.0,0.0,799.0
2026-07-20 15:33:40.516,0.0,,,,,28.77,927.9,18.6,-40.0,0.0,1.0,0.0,0.0,799.0
2026-07-20 15:33:40.760,0.0,,,,,28.78,927.8,18.7,-40.0,0.0,1.0,0.0,0.0,800.0
2026-07-20 15:33:40.942,0.0,,,,,28.78,927.8,18.7,-40.0,0.0,1.0,0.0,0.0,800.0
2026-07-20 15:33:41.116,0.0,,,,,28.78,927.8,18.7,-40.0,0.0,1.0,0.0,0.0,800.0
2026-07-20 15:33:41.317,0.0,,,,,28.78,927.9,18.8,-40.0,0.0,1.0,0.0,0.0,800.0
2026-07-20 15:33:41.516,0.0,,,,,28.78,927.9,18.8,-40.0,0.0,1.0,0.0,0.0,800.0
2026-07-20 15:33:41.762,0.0,,,,,28.77,927.9,18.7,-40.0,0.0,1.0,0.0,0.0,801.0
2026-07-20 15:33:41.932,0.0,,,,,28.77,927.9,18.7,-40.0,0.0,1.0,0.0,0.0,801.0
2026-07-20 15:33:42.116,0.0,,,,,28.77,927.9,18.7,-40.0,0.0,1.0,0.0,0.0,801.0
2026-07-20 15:33:42.316,0.0,,,,,28.76,927.8,18.2,-40.0,0.0,1.0,0.0,0.0,801.0
2026-07-20 15:33:42.517,0.0,,,,,28.76,927.8,18.2,-40.0,0.0,1.0,0.0,0.0,801.0
2026-07-20 15:33:42.760,0.0,,,,,28.77,927.9,18.3,-40.0,0.0,1.0,0.0,0.0,802.0
2026-07-20 15:33:42.934,0.0,,,,,28.77,927.9,18.3,-40.0,0.0,1.0,0.0,0.0,802.0
2026-07-20 15:33:43.116,0.0,,,,,28.77,927.9,18.3,-40.0,0.0,1.0,0.0,0.0,802.0
2026-07-20 15:33:43.316,0.0,,,,,28.78,927.9,18.3,-40.0,0.0,1.0,0.0,0.0,802.0
2026-07-20 15:33:43.516,0.0,,,,,28.78,927.9,18.3,-40.0,0.0,1.0,0.0,0.0,802.0
2026-07-20 15:33:43.760,0.0,,,,,28.77,927.9,18.8,-40.0,0.0,1.0,0.0,0.0,803.0
2026-07-20 15:33:43.916,0.0,,,,,28.77,927.9,18.8,-40.0,0.0,1.0,0.0,0.0,803.0
2026-07-20 15:33:44.116,0.0,,,,,28.77,927.9,18.8,-40.0,0.0,1.0,0.0,0.0,803.0
2026-07-20 15:33:44.316,0.0,,,,,28.76,927.9,18.8,-40.0,0.0,1.0,0.0,0.0,803.0
2026-07-20 15:33:44.516,0.0,,,,,28.76,927.9,18.8,-40.0,0.0,1.0,0.0,0.0,803.0
2026-07-20 15:33:44.760,0.0,,,,,28.77,927.9,18.1,-40.0,0.0,1.0,0.0,0.0,804.0
2026-07-20 15:33:44.932,0.0,,,,,28.77,927.9,18.1,-40.0,0.0,1.0,0.0,0.0,804.0
2026-07-20 15:33:45.116,0.0,,,,,28.77,927.9,18.1,-40.0,0.0,1.0,0.0,0.0,804.0
2026-07-20 15:33:45.316,0.0,,,,,28.76,927.8,18.1,-40.0,0.0,1.0,0.0,0.0,804.0
2026-07-20 15:33:45.517,0.0,,,,,28.76,927.8,18.1,-40.0,0.0,1.0,0.0,0.0,804.0
2026-07-20 15:33:45.760,0.0,,,,,28.76,927.9,18.8,-40.0,0.0,1.0,0.0,0.0,805.0
2026-07-20 15:33:45.954,0.0,,,,,28.76,927.9,18.8,-40.0,0.0,1.0,0.0,0.0,805.0
2026-07-20 15:33:46.116,0.0,,,,,28.76,927.9,18.8,-40.0,0.0,1.0,0.0,0.0,805.0
2026-07-20 15:33:46.316,0.0,,,,,28.77,927.9,18.0,-40.0,0.0,1.0,0.0,0.0,805.0
2026-07-20 15:33:46.515,0.0,,,,,28.77,927.9,18.0,-40.0,0.0,1.0,0.0,0.0,805.0
2026-07-20 15:33:46.760,0.0,,,,,28.77,927.9,18.8,-40.0,0.0,1.0,0.0,0.0,806.0
2026-07-20 15:33:46.936,0.0,,,,,28.77,927.9,18.8,-40.0,0.0,1.0,0.0,0.0,806.0
2026-07-20 15:33:47.116,0.0,,,,,28.77,927.9,18.8,-40.0,0.0,1.0,0.0,0.0,806.0
2026-07-20 15:33:47.315,0.0,,,,,28.77,927.9,18.2,-40.0,0.0,1.0,0.0,0.0,806.0
2026-07-20 15:33:47.516,0.0,,,,,28.77,927.9,18.2,-40.0,0.0,1.0,0.0,0.0,806.0
2026-07-20 15:33:47.761,0.0,,,,,28.77,927.9,18.8,-40.0,0.0,1.0,0.0,0.0,807.0
2026-07-20 15:33:47.946,0.0,,,,,28.77,927.9,18.8,-40.0,0.0,1.0,0.0,0.0,807.0
2026-07-20 15:33:48.116,0.0,,,,,28.77,927.9,18.8,-40.0,0.0,1.0,0.0,0.0,807.0
2026-07-20 15:33:48.316,0.0,,,,,28.76,927.9,18.1,-40.0,0.0,1.0,0.0,0.0,807.0
2026-07-20 15:33:48.534,0.0,,,,,28.76,927.9,18.1,-40.0,0.0,1.0,0.0,0.0,807.0
2026-07-20 15:33:48.760,0.0,,,,,28.76,927.9,18.3,-40.0,0.0,1.0,0.0,0.0,808.0
2026-07-20 15:33:48.915,0.0,,,,,28.76,927.9,18.3,-40.0,0.0,1.0,0.0,0.0,808.0
2026-07-20 15:33:49.116,0.0,,,,,28.76,927.9,18.3,-40.0,0.0,1.0,0.0,0.0,808.0
2026-07-20 15:33:49.316,0.0,,,,,28.77,927.9,18.1,-40.0,0.0,1.0,0.0,0.0,808.0
2026-07-20 15:33:49.517,0.0,,,,,28.77,927.9,18.1,-40.0,0.0,1.0,0.0,0.0,808.0
2026-07-20 15:33:49.759,0.0,,,,,28.76,927.9,19.0,-40.0,0.0,1.0,0.0,0.0,809.0
2026-07-20 15:33:49.916,0.0,,,,,28.76,927.9,19.0,-40.0,0.0,1.0,0.0,0.0,809.0
2026-07-20 15:33:50.121,0.0,,,,,28.76,927.9,19.0,-40.0,0.0,1.0,0.0,0.0,809.0
2026-07-20 15:33:50.316,0.0,,,,,28.76,927.9,18.5,-40.0,0.0,1.0,0.0,0.0,809.0
2026-07-20 15:33:50.516,0.0,,,,,28.76,927.9,18.5,-40.0,0.0,1.0,0.0,0.0,809.0
2026-07-20 15:33:50.760,0.0,,,,,28.77,927.9,18.8,-40.0,0.0,1.0,0.0,0.0,810.0
2026-07-20 15:33:50.915,0.0,,,,,28.77,927.9,18.8,-40.0,0.0,1.0,0.0,0.0,810.0
2026-07-20 15:33:51.124,0.0,,,,,28.77,927.9,18.8,-40.0,0.0,1.0,0.0,0.0,810.0
2026-07-20 15:33:51.316,0.0,,,,,28.77,927.9,18.2,-40.0,0.0,1.0,0.0,0.0,810.0
2026-07-20 15:33:51.516,0.0,,,,,28.77,927.9,18.2,-40.0,0.0,1.0,0.0,0.0,810.0
2026-07-20 15:33:51.760,0.0,,,,,28.76,927.9,18.7,-40.0,0.0,1.0,0.0,0.0,811.0
2026-07-20 15:33:51.916,0.0,,,,,28.76,927.9,18.7,-40.0,0.0,1.0,0.0,0.0,811.0
2026-07-20 15:33:52.133,0.0,,,,,28.76,927.9,18.7,-40.0,0.0,1.0,0.0,0.0,811.0
2026-07-20 15:33:52.316,0.0,,,,,28.75,927.9,18.4,-40.0,0.0,1.0,0.0,0.0,811.0
2026-07-20 15:33:52.516,0.0,,,,,28.75,927.9,18.4,-40.0,0.0,1.0,0.0,0.0,811.0
2026-07-20 15:33:52.760,0.0,,,,,28.76,927.9,18.5,-40.0,0.0,1.0,0.0,0.0,812.0
2026-07-20 15:33:52.916,0.0,,,,,28.76,927.9,18.5,-40.0,0.0,1.0,0.0,0.0,812.0
2026-07-20 15:33:53.116,0.0,,,,,28.76,927.9,18.5,-40.0,0.0,1.0,0.0,0.0,812.0
2026-07-20 15:33:53.316,0.0,,,,,28.75,927.9,18.0,-40.0,0.0,1.0,0.0,0.0,812.0
2026-07-20 15:33:53.516,0.0,,,,,28.75,927.9,18.0,-40.0,0.0,1.0,0.0,0.0,812.0
2026-07-20 15:33:53.760,0.0,,,,,28.76,927.9,19.0,-40.0,0.0,1.0,0.0,0.0,813.0
2026-07-20 15:33:53.916,0.0,,,,,28.76,927.9,19.0,-40.0,0.0,1.0,0.0,0.0,813.0
2026-07-20 15:33:54.116,0.0,,,,,28.76,927.9,19.0,-40.0,0.0,1.0,0.0,0.0,813.0
2026-07-20 15:33:54.315,0.0,,,,,28.76,927.9,18.3,-40.0,0.0,1.0,0.0,0.0,813.0
2026-07-20 15:33:54.516,0.0,,,,,28.76,927.9,18.3,-40.0,0.0,1.0,0.0,0.0,813.0
2026-07-20 15:33:54.760,0.0,,,,,28.76,927.9,18.3,-40.0,0.0,1.0,0.0,0.0,814.0
2026-07-20 15:33:54.916,0.0,,,,,28.76,927.9,18.3,-40.0,0.0,1.0,0.0,0.0,814.0
2026-07-20 15:33:55.116,0.0,,,,,28.76,927.9,18.3,-40.0,0.0,1.0,0.0,0.0,814.0
2026-07-20 15:33:55.316,0.0,,,,,28.77,927.9,18.1,-40.0,0.0,1.0,0.0,0.0,814.0
2026-07-20 15:33:55.516,0.0,,,,,28.77,927.9,18.1,-40.0,0.0,1.0,0.0,0.0,814.0
2026-07-20 15:33:55.759,0.0,,,,,28.76,927.9,18.4,-40.0,0.0,1.0,0.0,0.0,815.0
2026-07-20 15:33:55.916,0.0,,,,,28.76,927.9,18.4,-40.0,0.0,1.0,0.0,0.0,815.0
2026-07-20 15:33:56.116,0.0,,,,,28.76,927.9,18.4,-40.0,0.0,1.0,0.0,0.0,815.0
2026-07-20 15:33:56.316,0.0,,,,,28.76,927.9,18.7,-40.0,0.0,1.0,0.0,0.0,815.0
2026-07-20 15:33:56.516,0.0,,,,,28.76,927.9,18.7,-40.0,0.0,1.0,0.0,0.0,815.0
2026-07-20 15:33:56.760,0.0,,,,,28.76,927.9,19.0,-40.0,0.0,1.0,0.0,0.0,816.0
2026-07-20 15:33:56.917,0.0,,,,,28.76,927.9,19.0,-40.0,0.0,1.0,0.0,0.0,816.0
2026-07-20 15:33:57.116,0.0,,,,,28.76,927.9,19.0,-40.0,0.0,1.0,0.0,0.0,816.0
2026-07-20 15:33:57.316,0.0,,,,,28.76,927.9,18.4,-40.0,0.0,1.0,0.0,0.0,816.0
2026-07-20 15:33:57.515,0.0,,,,,28.76,927.9,18.4,-40.0,0.0,1.0,0.0,0.0,816.0
2026-07-20 15:33:57.760,0.0,,,,,28.75,927.8,18.2,-40.0,0.0,1.0,0.0,0.0,817.0
2026-07-20 15:33:57.916,0.0,,,,,28.75,927.8,18.2,-40.0,0.0,1.0,0.0,0.0,817.0
2026-07-20 15:33:58.116,0.0,,,,,28.75,927.8,18.2,-40.0,0.0,1.0,0.0,0.0,817.0
2026-07-20 15:33:58.316,0.0,,,,,28.75,927.8,18.4,-40.0,0.0,1.0,0.0,0.0,817.0
2026-07-20 15:33:58.516,0.0,,,,,28.75,927.8,18.4,-40.0,0.0,1.0,0.0,0.0,817.0
2026-07-20 15:33:58.759,0.0,,,,,28.76,927.8,18.6,-40.0,0.0,1.0,0.0,0.0,818.0
2026-07-20 15:33:58.915,0.0,,,,,28.76,927.8,18.6,-40.0,0.0,1.0,0.0,0.0,818.0
2026-07-20 15:33:59.115,0.0,,,,,28.76,927.8,18.6,-40.0,0.0,1.0,0.0,0.0,818.0
2026-07-20 15:33:59.316,0.0,,,,,28.76,927.8,18.0,-40.0,0.0,1.0,0.0,0.0,818.0
2026-07-20 15:33:59.516,0.0,,,,,28.76,927.8,18.0,-40.0,0.0,1.0,0.0,0.0,818.0
2026-07-20 15:33:59.760,0.0,,,,,28.76,927.9,18.6,-40.0,0.0,1.0,0.0,0.0,819.0
2026-07-20 15:33:59.915,0.0,,,,,28.76,927.9,18.6,-40.0,0.0,1.0,0.0,0.0,819.0
2026-07-20 15:34:00.117,0.0,,,,,28.76,927.9,18.6,-40.0,0.0,1.0,0.0,0.0,819.0
2026-07-20 15:34:00.316,0.0,,,,,28.75,927.9,18.1,-40.0,0.0,1.0,0.0,0.0,819.0
2026-07-20 15:34:00.515,0.0,,,,,28.75,927.9,18.1,-40.0,0.0,1.0,0.0,0.0,819.0
2026-07-20 15:34:00.760,0.0,,,,,28.75,927.9,19.0,-40.0,0.0,1.0,0.0,0.0,820.0
2026-07-20 15:34:00.916,0.0,,,,,28.75,927.9,19.0,-40.0,0.0,1.0,0.0,0.0,820.0
2026-07-20 15:34:01.116,0.0,,,,,28.75,927.9,19.0,-40.0,0.0,1.0,0.0,0.0,820.0
2026-07-20 15:34:01.316,0.0,,,,,28.76,927.9,18.3,-40.0,0.0,1.0,0.0,0.0,820.0
2026-07-20 15:34:01.517,0.0,,,,,28.76,927.9,18.3,-40.0,0.0,1.0,0.0,0.0,820.0
2026-07-20 15:34:01.759,0.0,,,,,28.73,927.9,18.9,-40.0,0.0,1.0,0.0,0.0,821.0
2026-07-20 15:34:01.915,0.0,,,,,28.73,927.9,18.9,-40.0,0.0,1.0,0.0,0.0,821.0
2026-07-20 15:34:02.116,0.0,,,,,28.73,927.9,18.9,-40.0,0.0,1.0,0.0,0.0,821.0
2026-07-20 15:34:02.315,0.0,,,,,28.75,927.8,18.1,-40.0,0.0,1.0,0.0,0.0,821.0
2026-07-20 15:34:02.515,0.0,,,,,28.75,927.8,18.1,-40.0,0.0,1.0,0.0,0.0,821.0
2026-07-20 15:34:02.761,0.0,,,,,28.75,927.9,18.5,-40.0,0.0,1.0,0.0,0.0,822.0
2026-07-20 15:34:02.935,0.0,,,,,28.75,927.9,18.5,-40.0,0.0,1.0,0.0,0.0,822.0
2026-07-20 15:34:03.116,0.0,,,,,28.75,927.9,18.5,-40.0,0.0,1.0,0.0,0.0,822.0
2026-07-20 15:34:03.318,0.0,,,,,28.73,927.8,18.2,-40.0,0.0,1.0,0.0,0.0,822.0
2026-07-20 15:34:03.515,0.0,,,,,28.73,927.8,18.2,-40.0,0.0,1.0,0.0,0.0,822.0
2026-07-20 15:34:03.760,0.0,,,,,28.75,927.9,18.4,-40.0,0.0,1.0,0.0,0.0,823.0
2026-07-20 15:34:03.932,0.0,,,,,28.75,927.9,18.4,-40.0,0.0,1.0,0.0,0.0,823.0
2026-07-20 15:34:04.115,0.0,,,,,28.75,927.9,18.4,-40.0,0.0,1.0,0.0,0.0,823.0
2026-07-20 15:34:04.316,0.0,,,,,28.75,927.9,18.4,-40.0,0.0,1.0,0.0,0.0,823.0
2026-07-20 15:34:04.515,0.0,,,,,28.75,927.9,18.4,-40.0,0.0,1.0,0.0,0.0,823.0
2026-07-20 15:34:04.759,0.0,,,,,28.75,927.9,18.7,-40.0,0.0,1.0,0.0,0.0,824.0
2026-07-20 15:34:04.929,0.0,,,,,28.75,927.9,18.7,-40.0,0.0,1.0,0.0,0.0,824.0
2026-07-20 15:34:05.115,0.0,,,,,28.75,927.9,18.7,-40.0,0.0,1.0,0.0,0.0,824.0
2026-07-20 15:34:05.315,0.0,,,,,28.75,927.9,18.5,-40.0,0.0,1.0,0.0,0.0,824.0
2026-07-20 15:34:05.517,0.0,,,,,28.75,927.9,18.5,-40.0,0.0,1.0,0.0,0.0,824.0
2026-07-20 15:34:05.760,0.0,,,,,28.73,927.9,18.9,-40.0,0.0,1.0,0.0,0.0,825.0
2026-07-20 15:34:05.916,0.0,,,,,28.73,927.9,18.9,-40.0,0.0,1.0,0.0,0.0,825.0
2026-07-20 15:34:06.115,0.0,,,,,28.73,927.9,18.9,-40.0,0.0,1.0,0.0,0.0,825.0
2026-07-20 15:34:06.316,0.0,,,,,28.75,927.9,18.2,-40.0,0.0,1.0,0.0,0.0,825.0
2026-07-20 15:34:06.516,0.0,,,,,28.75,927.9,18.2,-40.0,0.0,1.0,0.0,0.0,825.0
2026-07-20 15:34:06.760,0.0,,,,,28.75,927.9,19.0,-40.0,0.0,1.0,0.0,0.0,826.0
2026-07-20 15:34:06.920,0.0,,,,,28.75,927.9,19.0,-40.0,0.0,1.0,0.0,0.0,826.0
2026-07-20 15:34:07.116,0.0,,,,,28.75,927.9,19.0,-40.0,0.0,1.0,0.0,0.0,826.0
2026-07-20 15:34:07.316,0.0,,,,,28.73,927.9,18.3,-40.0,0.0,1.0,0.0,0.0,826.0
2026-07-20 15:34:07.515,0.0,,,,,28.73,927.9,18.3,-40.0,0.0,1.0,0.0,0.0,826.0
2026-07-20 15:34:07.760,0.0,,,,,28.73,927.9,18.7,-40.0,0.0,1.0,0.0,0.0,827.0
2026-07-20 15:34:07.915,0.0,,,,,28.73,927.9,18.7,-40.0,0.0,1.0,0.0,0.0,827.0
2026-07-20 15:34:08.116,0.0,,,,,28.73,927.9,18.7,-40.0,0.0,1.0,0.0,0.0,827.0
2026-07-20 15:34:08.316,0.0,,,,,28.73,927.9,18.1,-40.0,0.0,1.0,0.0,0.0,827.0
2026-07-20 15:34:08.515,0.0,,,,,28.73,927.9,18.1,-40.0,0.0,1.0,0.0,0.0,827.0
2026-07-20 15:34:08.759,0.0,,,,,28.75,927.9,18.3,-40.0,0.0,1.0,0.0,0.0,828.0
2026-07-20 15:34:08.922,0.0,,,,,28.75,927.9,18.3,-40.0,0.0,1.0,0.0,0.0,828.0
2026-07-20 15:34:09.116,0.0,,,,,28.75,927.9,18.3,-40.0,0.0,1.0,0.0,0.0,828.0
2026-07-20 15:34:09.315,0.0,,,,,28.73,927.9,18.3,-40.0,0.0,1.0,0.0,0.0,828.0
2026-07-20 15:34:09.515,0.0,,,,,28.73,927.9,18.3,-40.0,0.0,1.0,0.0,0.0,828.0
2026-07-20 15:34:09.762,0.0,,,,,28.73,927.9,18.3,-40.0,0.0,1.0,0.0,0.0,829.0
2026-07-20 15:34:09.937,0.0,,,,,28.73,927.9,18.3,-40.0,0.0,1.0,0.0,0.0,829.0
2026-07-20 15:34:10.116,0.0,,,,,28.73,927.9,18.3,-40.0,0.0,1.0,0.0,0.0,829.0
2026-07-20 15:34:10.315,0.0,,,,,28.73,927.9,18.2,-40.0,0.0,1.0,0.0,0.0,829.0
2026-07-20 15:34:10.515,0.0,,,,,28.73,927.9,18.2,-40.0,0.0,1.0,0.0,0.0,829.0
2026-07-20 15:34:10.759,0.0,,,,,28.73,927.9,18.7,-40.0,0.0,1.0,0.0,0.0,830.0
2026-07-20 15:34:10.916,0.0,,,,,28.73,927.9,18.7,-40.0,0.0,1.0,0.0,0.0,830.0
2026-07-20 15:34:11.115,0.0,,,,,28.73,927.9,18.7,-40.0,0.0,1.0,0.0,0.0,830.0
2026-07-20 15:34:11.315,0.0,,,,,28.73,927.9,18.0,-40.0,0.0,1.0,0.0,0.0,830.0
2026-07-20 15:34:11.516,0.0,,,,,28.73,927.9,18.0,-40.0,0.0,1.0,0.0,0.0,830.0
2026-07-20 15:34:11.759,0.0,,,,,28.73,927.9,18.8,-40.0,0.0,1.0,0.0,0.0,831.0
2026-07-20 15:34:11.922,0.0,,,,,28.73,927.9,18.8,-40.0,0.0,1.0,0.0,0.0,831.0
2026-07-20 15:34:12.115,0.0,,,,,28.73,927.9,18.8,-40.0,0.0,1.0,0.0,0.0,831.0
2026-07-20 15:34:12.316,0.0,,,,,28.72,927.8,18.3,-40.0,0.0,1.0,0.0,0.0,831.0
2026-07-20 15:34:12.516,0.0,,,,,28.72,927.8,18.3,-40.0,0.0,1.0,0.0,0.0,831.0
2026-07-20 15:34:12.759,0.0,,,,,28.73,927.9,18.6,-40.0,0.0,1.0,0.0,0.0,832.0
2026-07-20 15:34:12.936,0.0,,,,,28.73,927.9,18.6,-40.0,0.0,1.0,0.0,0.0,832.0
2026-07-20 15:34:13.116,0.0,,,,,28.73,927.9,18.6,-40.0,0.0,1.0,0.0,0.0,832.0
2026-07-20 15:34:13.316,0.0,,,,,28.73,927.9,17.9,-40.0,0.0,1.0,0.0,0.0,832.0
2026-07-20 15:34:13.515,0.0,,,,,28.73,927.9,17.9,-40.0,0.0,1.0,0.0,0.0,832.0
2026-07-20 15:34:13.759,0.0,,,,,28.72,927.9,18.8,-40.0,0.0,1.0,0.0,0.0,833.0
2026-07-20 15:34:13.915,0.0,,,,,28.72,927.9,18.8,-40.0,0.0,1.0,0.0,0.0,833.0
2026-07-20 15:34:14.116,0.0,,,,,28.72,927.9,18.8,-40.0,0.0,1.0,0.0,0.0,833.0
2026-07-20 15:34:14.316,0.0,,,,,28.73,928.0,18.1,-40.0,0.0,1.0,0.0,0.0,833.0
2026-07-20 15:34:14.518,0.0,,,,,28.73,928.0,18.1,-40.0,0.0,1.0,0.0,0.0,833.0
2026-07-20 15:34:14.759,0.0,,,,,28.73,927.9,19.1,-40.0,0.0,1.0,0.0,0.0,834.0
2026-07-20 15:34:14.915,0.0,,,,,28.73,927.9,19.1,-40.0,0.0,1.0,0.0,0.0,834.0
2026-07-20 15:34:15.117,0.0,,,,,28.73,927.9,19.1,-40.0,0.0,1.0,0.0,0.0,834.0
2026-07-20 15:34:15.315,0.0,,,,,28.72,927.9,18.1,-40.0,0.0,1.0,0.0,0.0,834.0
2026-07-20 15:34:15.515,0.0,,,,,28.72,927.9,18.1,-40.0,0.0,1.0,0.0,0.0,834.0
2026-07-20 15:34:15.759,0.0,,,,,28.72,927.9,18.5,-40.0,0.0,1.0,0.0,0.0,835.0
2026-07-20 15:34:15.915,0.0,,,,,28.72,927.9,18.5,-40.0,0.0,1.0,0.0,0.0,835.0
2026-07-20 15:34:16.118,0.0,,,,,28.72,927.9,18.5,-40.0,0.0,1.0,0.0,0.0,835.0
2026-07-20 15:34:16.315,0.0,,,,,28.73,927.9,18.1,-40.0,0.0,1.0,0.0,0.0,835.0
2026-07-20 15:34:16.515,0.0,,,,,28.73,927.9,18.1,-40.0,0.0,1.0,0.0,0.0,835.0
2026-07-20 15:34:16.759,0.0,,,,,28.72,927.9,18.5,-40.0,0.0,1.0,0.0,0.0,836.0
2026-07-20 15:34:16.916,0.0,,,,,28.72,927.9,18.5,-40.0,0.0,1.0,0.0,0.0,836.0
2026-07-20 15:34:17.123,0.0,,,,,28.72,927.9,18.5,-40.0,0.0,1.0,0.0,0.0,836.0
2026-07-20 15:34:17.316,0.0,,,,,28.73,927.9,18.1,-40.0,0.0,1.0,0.0,0.0,836.0
2026-07-20 15:34:17.516,0.0,,,,,28.73,927.9,18.1,-40.0,0.0,1.0,0.0,0.0,836.0
2026-07-20 15:34:17.759,0.0,,,,,28.72,927.9,19.0,-40.0,0.0,1.0,0.0,0.0,837.0
2026-07-20 15:34:17.915,0.0,,,,,28.72,927.9,19.0,-40.0,0.0,1.0,0.0,0.0,837.0
2026-07-20 15:34:18.115,0.0,,,,,28.72,927.9,19.0,-40.0,0.0,1.0,0.0,0.0,837.0
2026-07-20 15:34:18.315,0.0,,,,,28.72,927.9,18.1,-40.0,0.0,1.0,0.0,0.0,837.0
2026-07-20 15:34:18.515,0.0,,,,,28.72,927.9,18.1,-40.0,0.0,1.0,0.0,0.0,837.0
2026-07-20 15:34:18.760,0.0,,,,,28.73,927.9,19.1,-40.0,0.0,1.0,0.0,0.0,838.0
2026-07-20 15:34:18.940,0.0,,,,,28.73,927.9,19.1,-40.0,0.0,1.0,0.0,0.0,838.0
2026-07-20 15:34:19.115,0.0,,,,,28.73,927.9,19.1,-40.0,0.0,1.0,0.0,0.0,838.0
2026-07-20 15:34:19.316,0.0,,,,,28.72,927.9,18.3,-40.0,0.0,1.0,0.0,0.0,838.0
2026-07-20 15:34:19.515,0.0,,,,,28.72,927.9,18.3,-40.0,0.0,1.0,0.0,0.0,838.0
2026-07-20 15:34:19.759,0.0,,,,,28.72,927.9,18.0,-40.0,0.0,1.0,0.0,0.0,839.0
2026-07-20 15:34:19.915,0.0,,,,,28.72,927.9,18.0,-40.0,0.0,1.0,0.0,0.0,839.0
2026-07-20 15:34:20.115,0.0,,,,,28.72,927.9,18.0,-40.0,0.0,1.0,0.0,0.0,839.0
2026-07-20 15:34:20.315,0.0,,,,,28.73,927.9,18.0,-40.0,0.0,1.0,0.0,0.0,839.0
2026-07-20 15:34:20.515,0.0,,,,,28.73,927.9,18.0,-40.0,0.0,1.0,0.0,0.0,839.0
2026-07-20 15:34:20.759,0.0,,,,,28.73,928.0,18.0,-40.0,0.0,1.0,0.0,0.0,840.0
2026-07-20 15:34:20.915,0.0,,,,,28.73,928.0,18.0,-40.0,0.0,1.0,0.0,0.0,840.0
2026-07-20 15:34:21.124,0.0,,,,,28.73,928.0,18.0,-40.0,0.0,1.0,0.0,0.0,840.0
2026-07-20 15:34:21.315,0.0,,,,,28.72,927.9,18.6,-40.0,0.0,1.0,0.0,0.0,840.0
2026-07-20 15:34:21.515,0.0,,,,,28.72,927.9,18.6,-40.0,0.0,1.0,0.0,0.0,840.0
2026-07-20 15:34:21.759,0.0,,,,,28.73,927.9,18.2,-40.0,0.0,1.0,0.0,0.0,841.0
2026-07-20 15:34:21.915,0.0,,,,,28.73,927.9,18.2,-40.0,0.0,1.0,0.0,0.0,841.0
2026-07-20 15:34:22.140,0.0,,,,,28.73,927.9,18.2,-40.0,0.0,1.0,0.0,0.0,841.0
2026-07-20 15:34:22.315,0.0,,,,,28.71,927.9,18.5,-40.0,0.0,1.0,0.0,0.0,841.0
2026-07-20 15:34:22.515,0.0,,,,,28.71,927.9,18.5,-40.0,0.0,1.0,0.0,0.0,841.0
2026-07-20 15:34:22.760,0.0,,,,,28.73,927.9,17.6,-40.0,0.0,1.0,0.0,0.0,842.0
2026-07-20 15:34:22.915,0.0,,,,,28.73,927.9,17.6,-40.0,0.0,1.0,0.0,0.0,842.0
2026-07-20 15:34:23.116,0.0,,,,,28.73,927.9,17.6,-40.0,0.0,1.0,0.0,0.0,842.0
2026-07-20 15:34:23.317,0.0,,,,,28.71,927.9,18.4,-40.0,0.0,1.0,0.0,0.0,842.0
2026-07-20 15:34:23.515,0.0,,,,,28.71,927.9,18.4,-40.0,0.0,1.0,0.0,0.0,842.0
2026-07-20 15:34:23.758,0.0,,,,,28.72,927.9,19.2,-40.0,0.0,1.0,0.0,0.0,843.0
2026-07-20 15:34:23.915,0.0,,,,,28.72,927.9,19.2,-40.0,0.0,1.0,0.0,0.0,843.0
2026-07-20 15:34:24.120,0.0,,,,,28.72,927.9,19.2,-40.0,0.0,1.0,0.0,0.0,843.0
2026-07-20 15:34:24.315,0.0,,,,,28.72,927.8,18.5,-40.0,0.0,1.0,0.0,0.0,843.0
2026-07-20 15:34:24.514,0.0,,,,,28.72,927.8,18.5,-40.0,0.0,1.0,0.0,0.0,843.0
2026-07-20 15:34:24.759,0.0,,,,,28.72,927.8,19.1,-40.0,0.0,1.0,0.0,0.0,844.0
2026-07-20 15:34:24.917,0.0,,,,,28.72,927.8,19.1,-40.0,0.0,1.0,0.0,0.0,844.0
2026-07-20 15:34:25.115,0.0,,,,,28.72,927.8,19.1,-40.0,0.0,1.0,0.0,0.0,844.0
2026-07-20 15:34:25.315,0.0,,,,,28.72,927.9,18.3,-40.0,0.0,1.0,0.0,0.0,844.0
2026-07-20 15:34:25.515,0.0,,,,,28.72,927.9,18.3,-40.0,0.0,1.0,0.0,0.0,844.0
2026-07-20 15:34:25.758,0.0,,,,,28.72,927.8,19.1,-40.0,0.0,1.0,0.0,0.0,845.0
2026-07-20 15:34:25.915,0.0,,,,,28.72,927.8,19.1,-40.0,0.0,1.0,0.0,0.0,845.0
2026-07-20 15:34:26.117,0.0,,,,,28.72,927.8,19.1,-40.0,0.0,1.0,0.0,0.0,845.0
2026-07-20 15:34:26.315,0.0,,,,,28.71,927.8,18.3,-40.0,0.0,1.0,0.0,0.0,845.0
2026-07-20 15:34:26.515,0.0,,,,,28.71,927.8,18.3,-40.0,0.0,1.0,0.0,0.0,845.0
2026-07-20 15:34:26.759,0.0,,,,,28.72,927.8,18.6,-40.0,0.0,1.0,0.0,0.0,846.0
2026-07-20 15:34:26.915,0.0,,,,,28.72,927.8,18.6,-40.0,0.0,1.0,0.0,0.0,846.0
2026-07-20 15:34:27.114,0.0,,,,,28.72,927.8,18.6,-40.0,0.0,1.0,0.0,0.0,846.0
2026-07-20 15:34:27.315,0.0,,,,,28.71,927.9,18.3,-40.0,0.0,1.0,0.0,0.0,846.0
2026-07-20 15:34:27.515,0.0,,,,,28.71,927.9,18.3,-40.0,0.0,1.0,0.0,0.0,846.0
2026-07-20 15:34:27.759,0.0,,,,,28.71,927.9,19.1,-40.0,0.0,1.0,0.0,0.0,847.0
2026-07-20 15:34:27.916,0.0,,,,,28.71,927.9,19.1,-40.0,0.0,1.0,0.0,0.0,847.0
2026-07-20 15:34:28.115,0.0,,,,,28.71,927.9,19.1,-40.0,0.0,1.0,0.0,0.0,847.0
2026-07-20 15:34:28.317,0.0,,,,,28.71,927.9,18.1,-40.0,0.0,1.0,0.0,0.0,847.0
2026-07-20 15:34:28.515,0.0,,,,,28.71,927.9,18.1,-40.0,0.0,1.0,0.0,0.0,847.0
2026-07-20 15:34:28.759,0.0,,,,,28.71,927.8,19.0,-40.0,0.0,1.0,0.0,0.0,848.0
2026-07-20 15:34:28.938,0.0,,,,,28.71,927.8,19.0,-40.0,0.0,1.0,0.0,0.0,848.0
2026-07-20 15:34:29.115,0.0,,,,,28.71,927.8,19.0,-40.0,0.0,1.0,0.0,0.0,848.0
2026-07-20 15:34:29.315,0.0,,,,,28.71,927.8,18.4,-40.0,0.0,1.0,0.0,0.0,848.0
2026-07-20 15:34:29.515,0.0,,,,,28.71,927.8,18.4,-40.0,0.0,1.0,0.0,0.0,848.0
2026-07-20 15:34:29.759,0.0,,,,,28.73,927.9,18.9,-40.0,0.0,1.0,0.0,0.0,849.0
2026-07-20 15:34:29.915,0.0,,,,,28.73,927.9,18.9,-40.0,0.0,1.0,0.0,0.0,849.0
2026-07-20 15:34:30.115,0.0,,,,,28.73,927.9,18.9,-40.0,0.0,1.0,0.0,0.0,849.0
2026-07-20 15:34:30.315,0.0,,,,,28.71,927.9,18.4,-40.0,0.0,1.0,0.0,0.0,849.0
2026-07-20 15:34:30.515,0.0,,,,,28.71,927.9,18.4,-40.0,0.0,1.0,0.0,0.0,849.0
2026-07-20 15:34:30.759,0.0,,,,,28.71,927.8,18.2,-40.0,0.0,1.0,0.0,0.0,850.0
2026-07-20 15:34:30.915,0.0,,,,,28.71,927.8,18.2,-40.0,0.0,1.0,0.0,0.0,850.0
2026-07-20 15:34:31.115,0.0,,,,,28.71,927.8,18.2,-40.0,0.0,1.0,0.0,0.0,850.0
2026-07-20 15:34:31.315,0.0,,,,,28.71,927.8,18.0,-40.0,0.0,1.0,0.0,0.0,850.0
2026-07-20 15:34:31.515,0.0,,,,,28.71,927.8,18.0,-40.0,0.0,1.0,0.0,0.0,850.0
2026-07-20 15:34:31.758,0.0,,,,,28.71,927.8,19.1,-40.0,0.0,1.0,0.0,0.0,851.0
2026-07-20 15:34:31.936,0.0,,,,,28.71,927.8,19.1,-40.0,0.0,1.0,0.0,0.0,851.0
2026-07-20 15:34:32.115,0.0,,,,,28.71,927.8,19.1,-40.0,0.0,1.0,0.0,0.0,851.0
2026-07-20 15:34:32.315,0.0,,,,,28.71,927.8,17.9,-40.0,0.0,1.0,0.0,0.0,851.0
2026-07-20 15:34:32.517,0.0,,,,,28.71,927.8,17.9,-40.0,0.0,1.0,0.0,0.0,851.0
2026-07-20 15:34:32.759,0.0,,,,,28.71,927.8,18.6,-40.0,0.0,1.0,0.0,0.0,852.0
2026-07-20 15:34:32.939,0.0,,,,,28.71,927.8,18.6,-40.0,0.0,1.0,0.0,0.0,852.0
2026-07-20 15:34:33.115,0.0,,,,,28.71,927.8,18.6,-40.0,0.0,1.0,0.0,0.0,852.0
2026-07-20 15:34:33.317,0.0,,,,,28.71,927.8,18.0,-40.0,0.0,1.0,0.0,0.0,852.0
2026-07-20 15:34:33.515,0.0,,,,,28.71,927.8,18.0,-40.0,0.0,1.0,0.0,0.0,852.0
2026-07-20 15:34:33.759,0.0,,,,,28.71,927.8,19.2,-40.0,0.0,1.0,0.0,0.0,853.0
2026-07-20 15:34:33.934,0.0,,,,,28.71,927.8,19.2,-40.0,0.0,1.0,0.0,0.0,853.0
2026-07-20 15:34:34.114,0.0,,,,,28.71,927.8,19.2,-40.0,0.0,1.0,0.0,0.0,853.0
2026-07-20 15:34:34.314,0.0,,,,,28.72,927.9,17.9,-40.0,0.0,1.0,0.0,0.0,853.0
2026-07-20 15:34:34.515,0.0,,,,,28.72,927.9,17.9,-40.0,0.0,1.0,0.0,0.0,853.0
2026-07-20 15:34:34.759,0.0,,,,,28.72,927.8,18.5,-40.0,0.0,1.0,0.0,0.0,854.0
2026-07-20 15:34:34.943,0.0,,,,,28.72,927.8,18.5,-40.0,0.0,1.0,0.0,0.0,854.0
2026-07-20 15:34:35.115,0.0,,,,,28.72,927.8,18.5,-40.0,0.0,1.0,0.0,0.0,854.0
2026-07-20 15:34:35.315,0.0,,,,,28.71,927.9,18.4,-40.0,0.0,1.0,0.0,0.0,854.0
2026-07-20 15:34:35.515,0.0,,,,,28.71,927.9,18.4,-40.0,0.0,1.0,0.0,0.0,854.0
2026-07-20 15:34:35.761,0.0,,,,,28.71,927.9,19.3,-40.0,0.0,1.0,0.0,0.0,855.0
2026-07-20 15:34:35.918,0.0,,,,,28.71,927.9,19.3,-40.0,0.0,1.0,0.0,0.0,855.0
2026-07-20 15:34:36.115,0.0,,,,,28.71,927.9,19.3,-40.0,0.0,1.0,0.0,0.0,855.0
2026-07-20 15:34:36.316,0.0,,,,,28.71,927.9,17.8,-40.0,0.0,1.0,0.0,0.0,855.0
2026-07-20 15:34:36.518,0.0,,,,,28.71,927.9,17.8,-40.0,0.0,1.0,0.0,0.0,855.0
2026-07-20 15:34:36.759,0.0,,,,,28.71,927.9,19.3,-40.0,0.0,1.0,0.0,0.0,856.0
2026-07-20 15:34:36.942,0.0,,,,,28.71,927.9,19.3,-40.0,0.0,1.0,0.0,0.0,856.0
2026-07-20 15:34:37.114,0.0,,,,,28.71,927.9,19.3,-40.0,0.0,1.0,0.0,0.0,856.0
2026-07-20 15:34:37.317,0.0,,,,,28.71,927.9,18.2,-40.0,0.0,1.0,0.0,0.0,856.0
2026-07-20 15:34:37.515,0.0,,,,,28.71,927.9,18.2,-40.0,0.0,1.0,0.0,0.0,856.0
2026-07-20 15:34:37.759,0.0,,,,,28.71,927.8,18.7,-40.0,0.0,1.0,0.0,0.0,857.0
2026-07-20 15:34:37.915,0.0,,,,,28.71,927.8,18.7,-40.0,0.0,1.0,0.0,0.0,857.0
2026-07-20 15:34:38.114,0.0,,,,,28.71,927.8,18.7,-40.0,0.0,1.0,0.0,0.0,857.0
2026-07-20 15:34:38.316,0.0,,,,,28.71,927.9,18.3,-40.0,0.0,1.0,0.0,0.0,857.0
2026-07-20 15:34:38.516,0.0,,,,,28.71,927.9,18.3,-40.0,0.0,1.0,0.0,0.0,857.0
2026-07-20 15:34:38.759,0.0,,,,,28.71,927.9,19.1,-40.0,0.0,1.0,0.0,0.0,858.0
2026-07-20 15:34:38.934,0.0,,,,,28.71,927.9,19.1,-40.0,0.0,1.0,0.0,0.0,858.0
2026-07-20 15:34:39.114,0.0,,,,,28.71,927.9,19.1,-40.0,0.0,1.0,0.0,0.0,858.0
2026-07-20 15:34:39.315,0.0,,,,,28.71,927.8,18.2,-40.0,0.0,1.0,0.0,0.0,858.0
2026-07-20 15:34:39.514,0.0,,,,,28.71,927.8,18.2,-40.0,0.0,1.0,0.0,0.0,858.0
2026-07-20 15:34:39.758,0.0,,,,,28.7,927.8,18.4,-40.0,0.0,1.0,0.0,0.0,859.0
2026-07-20 15:34:39.915,0.0,,,,,28.7,927.8,18.4,-40.0,0.0,1.0,0.0,0.0,859.0
2026-07-20 15:34:40.115,0.0,,,,,28.7,927.8,18.4,-40.0,0.0,1.0,0.0,0.0,859.0
2026-07-20 15:34:40.327,0.0,,,,,28.71,927.8,18.5,-40.0,0.0,1.0,0.0,0.0,859.0
2026-07-20 15:34:40.515,0.0,,,,,28.71,927.8,18.5,-40.0,0.0,1.0,0.0,0.0,859.0
2026-07-20 15:34:40.759,0.0,,,,,28.71,927.9,17.9,-40.0,0.0,1.0,0.0,0.0,860.0
2026-07-20 15:34:40.915,0.0,,,,,28.71,927.9,17.9,-40.0,0.0,1.0,0.0,0.0,860.0
2026-07-20 15:34:41.115,0.0,,,,,28.71,927.9,17.9,-40.0,0.0,1.0,0.0,0.0,860.0
2026-07-20 15:34:41.315,0.0,,,,,28.71,927.9,18.8,-40.0,0.0,1.0,0.0,0.0,860.0
2026-07-20 15:34:41.514,0.0,,,,,28.71,927.9,18.8,-40.0,0.0,1.0,0.0,0.0,860.0
2026-07-20 15:34:41.759,0.0,,,,,28.71,927.9,19.3,-40.0,0.0,1.0,0.0,0.0,861.0
2026-07-20 15:34:41.937,0.0,,,,,28.71,927.9,19.3,-40.0,0.0,1.0,0.0,0.0,861.0
2026-07-20 15:34:42.115,0.0,,,,,28.71,927.9,19.3,-40.0,0.0,1.0,0.0,0.0,861.0
2026-07-20 15:34:42.315,0.0,,,,,28.71,927.8,18.0,-40.0,0.0,1.0,0.0,0.0,861.0
2026-07-20 15:34:42.514,0.0,,,,,28.71,927.8,18.0,-40.0,0.0,1.0,0.0,0.0,861.0
2026-07-20 15:34:42.759,0.0,,,,,28.71,927.8,18.7,-40.0,0.0,1.0,0.0,0.0,862.0
2026-07-20 15:34:42.948,0.0,,,,,28.71,927.8,18.7,-40.0,0.0,1.0,0.0,0.0,862.0
2026-07-20 15:34:43.115,0.0,,,,,28.71,927.8,18.7,-40.0,0.0,1.0,0.0,0.0,862.0
2026-07-20 15:34:43.315,0.0,,,,,28.72,927.9,18.4,-40.0,0.0,1.0,0.0,0.0,862.0
2026-07-20 15:34:43.515,0.0,,,,,28.72,927.9,18.4,-40.0,0.0,1.0,0.0,0.0,862.0
2026-07-20 15:34:43.758,0.0,,,,,28.72,927.9,18.5,-40.0,0.0,1.0,0.0,0.0,863.0
2026-07-20 15:34:43.914,0.0,,,,,28.72,927.9,18.5,-40.0,0.0,1.0,0.0,0.0,863.0
2026-07-20 15:34:44.115,0.0,,,,,28.72,927.9,18.5,-40.0,0.0,1.0,0.0,0.0,863.0
2026-07-20 15:34:44.314,0.0,,,,,28.71,927.8,18.1,-40.0,0.0,1.0,0.0,0.0,863.0
2026-07-20 15:34:44.514,0.0,,,,,28.71,927.8,18.1,-40.0,0.0,1.0,0.0,0.0,863.0
2026-07-20 15:34:44.759,0.0,,,,,28.7,927.9,18.7,-40.0,0.0,1.0,0.0,0.0,864.0
2026-07-20 15:34:44.915,0.0,,,,,28.7,927.9,18.7,-40.0,0.0,1.0,0.0,0.0,864.0
2026-07-20 15:34:45.115,0.0,,,,,28.7,927.9,18.7,-40.0,0.0,1.0,0.0,0.0,864.0
2026-07-20 15:34:45.315,0.0,,,,,28.71,927.8,18.1,-40.0,0.0,1.0,0.0,0.0,864.0
2026-07-20 15:34:45.514,0.0,,,,,28.71,927.8,18.1,-40.0,0.0,1.0,0.0,0.0,864.0
2026-07-20 15:34:45.759,0.0,,,,,28.72,927.9,18.2,-40.0,0.0,1.0,0.0,0.0,865.0
2026-07-20 15:34:45.917,0.0,,,,,28.72,927.9,18.2,-40.0,0.0,1.0,0.0,0.0,865.0
2026-07-20 15:34:46.114,0.0,,,,,28.72,927.9,18.2,-40.0,0.0,1.0,0.0,0.0,865.0
2026-07-20 15:34:46.314,0.0,,,,,28.71,927.9,18.9,-40.0,0.0,1.0,0.0,0.0,865.0
2026-07-20 15:34:46.514,0.0,,,,,28.71,927.9,18.9,-40.0,0.0,1.0,0.0,0.0,865.0
2026-07-20 15:34:46.757,0.0,,,,,28.71,927.9,18.3,-40.0,0.0,1.0,0.0,0.0,866.0
2026-07-20 15:34:46.914,0.0,,,,,28.71,927.9,18.3,-40.0,0.0,1.0,0.0,0.0,866.0
2026-07-20 15:34:47.113,0.0,,,,,28.71,927.9,18.3,-40.0,0.0,1.0,0.0,0.0,866.0
2026-07-20 15:34:47.314,0.0,,,,,28.71,927.9,18.3,-40.0,0.0,1.0,0.0,0.0,866.0
2026-07-20 15:34:47.514,0.0,,,,,28.71,927.9,18.3,-40.0,0.0,1.0,0.0,0.0,866.0
2026-07-20 15:34:47.758,0.0,,,,,28.71,927.9,18.8,-40.0,0.0,1.0,0.0,0.0,867.0
2026-07-20 15:34:47.914,0.0,,,,,28.71,927.9,18.8,-40.0,0.0,1.0,0.0,0.0,867.0
2026-07-20 15:34:48.114,0.0,,,,,28.71,927.9,18.8,-40.0,0.0,1.0,0.0,0.0,867.0
2026-07-20 15:34:48.314,0.0,,,,,28.71,927.8,19.5,-40.0,0.0,1.0,0.0,0.0,867.0
2026-07-20 15:34:48.514,0.0,,,,,28.71,927.8,19.5,-40.0,0.0,1.0,0.0,0.0,867.0
2026-07-20 15:34:48.757,0.0,,,,,28.7,927.9,18.6,-40.0,0.0,1.0,0.0,0.0,868.0
2026-07-20 15:34:48.944,0.0,,,,,28.7,927.9,18.6,-40.0,0.0,1.0,0.0,0.0,868.0
2026-07-20 15:34:49.114,0.0,,,,,28.7,927.9,18.6,-40.0,0.0,1.0,0.0,0.0,868.0
2026-07-20 15:34:49.314,0.0,,,,,28.71,927.8,19.0,-40.0,0.0,1.0,0.0,0.0,868.0
2026-07-20 15:34:49.514,0.0,,,,,28.71,927.8,19.0,-40.0,0.0,1.0,0.0,0.0,868.0
2026-07-20 15:34:49.758,0.0,,,,,28.71,927.9,19.1,-40.0,0.0,1.0,0.0,0.0,869.0
2026-07-20 15:34:49.938,0.0,,,,,28.71,927.9,19.1,-40.0,0.0,1.0,0.0,0.0,869.0
2026-07-20 15:34:50.113,0.0,,,,,28.71,927.9,19.1,-40.0,0.0,1.0,0.0,0.0,869.0
2026-07-20 15:34:50.314,0.0,,,,,28.71,927.9,19.2,-40.0,0.0,1.0,0.0,0.0,869.0
2026-07-20 15:34:50.514,0.0,,,,,28.71,927.9,19.2,-40.0,0.0,1.0,0.0,0.0,869.0
2026-07-20 15:34:50.758,0.0,,,,,28.71,927.8,19.3,-40.0,0.0,1.0,0.0,0.0,870.0
2026-07-20 15:34:50.941,0.0,,,,,28.71,927.8,19.3,-40.0,0.0,1.0,0.0,0.0,870.0
2026-07-20 15:34:51.114,0.0,,,,,28.71,927.8,19.3,-40.0,0.0,1.0,0.0,0.0,870.0
2026-07-20 15:34:51.314,0.0,,,,,28.71,927.8,18.7,-40.0,0.0,1.0,0.0,0.0,870.0
2026-07-20 15:34:51.514,0.0,,,,,28.71,927.8,18.7,-40.0,0.0,1.0,0.0,0.0,870.0
2026-07-20 15:34:51.758,0.0,,,,,28.7,927.9,18.6,-40.0,0.0,1.0,0.0,0.0,871.0
2026-07-20 15:34:51.919,0.0,,,,,28.7,927.9,18.6,-40.0,0.0,1.0,0.0,0.0,871.0
2026-07-20 15:34:52.114,0.0,,,,,28.7,927.9,18.6,-40.0,0.0,1.0,0.0,0.0,871.0
2026-07-20 15:34:52.314,0.0,,,,,28.71,927.9,19.1,-40.0,0.0,1.0,0.0,0.0,871.0
2026-07-20 15:34:52.516,0.0,,,,,28.71,927.9,19.1,-40.0,0.0,1.0,0.0,0.0,871.0
2026-07-20 15:34:52.758,0.0,,,,,28.71,927.8,18.8,-40.0,0.0,1.0,0.0,0.0,872.0
2026-07-20 15:34:52.942,0.0,,,,,28.71,927.8,18.8,-40.0,0.0,1.0,0.0,0.0,872.0
2026-07-20 15:34:53.114,0.0,,,,,28.71,927.8,18.8,-40.0,0.0,1.0,0.0,0.0,872.0
2026-07-20 15:34:53.313,0.0,,,,,28.71,927.9,18.7,-40.0,0.0,1.0,0.0,0.0,872.0
2026-07-20 15:34:53.513,0.0,,,,,28.71,927.9,18.7,-40.0,0.0,1.0,0.0,0.0,872.0
2026-07-20 15:34:53.757,0.0,,,,,28.71,927.8,19.2,-40.0,0.0,1.0,0.0,0.0,873.0
2026-07-20 15:34:53.914,0.0,,,,,28.71,927.8,19.2,-40.0,0.0,1.0,0.0,0.0,873.0
2026-07-20 15:34:54.114,0.0,,,,,28.71,927.8,19.2,-40.0,0.0,1.0,0.0,0.0,873.0
2026-07-20 15:34:54.332,0.0,,,,,28.71,927.9,18.5,-40.0,0.0,1.0,0.0,0.0,873.0
2026-07-20 15:34:54.514,0.0,,,,,28.71,927.9,18.5,-40.0,0.0,1.0,0.0,0.0,873.0
2026-07-20 15:34:54.758,0.0,,,,,28.71,927.8,19.3,-40.0,0.0,1.0,0.0,0.0,874.0
2026-07-20 15:34:54.914,0.0,,,,,28.71,927.8,19.3,-40.0,0.0,1.0,0.0,0.0,874.0
2026-07-20 15:34:55.114,0.0,,,,,28.71,927.8,19.3,-40.0,0.0,1.0,0.0,0.0,874.0
2026-07-20 15:34:55.314,0.0,,,,,28.7,927.9,18.4,-40.0,0.0,1.0,0.0,0.0,874.0
2026-07-20 15:34:55.513,0.0,,,,,28.7,927.9,18.4,-40.0,0.0,1.0,0.0,0.0,874.0
2026-07-20 15:34:55.758,0.0,,,,,28.71,927.9,19.6,-40.0,0.0,1.0,0.0,0.0,875.0
2026-07-20 15:34:55.913,0.0,,,,,28.71,927.9,19.6,-40.0,0.0,1.0,0.0,0.0,875.0
2026-07-20 15:34:56.114,0.0,,,,,28.71,927.9,19.6,-40.0,0.0,1.0,0.0,0.0,875.0
2026-07-20 15:34:56.314,0.0,,,,,28.7,927.8,18.8,-40.0,0.0,1.0,0.0,0.0,875.0
2026-07-20 15:34:56.514,0.0,,,,,28.7,927.8,18.8,-40.0,0.0,1.0,0.0,0.0,875.0
2026-07-20 15:34:56.758,0.0,,,,,28.71,927.8,19.3,-40.0,0.0,1.0,0.0,0.0,876.0
2026-07-20 15:34:56.945,0.0,,,,,28.71,927.8,19.3,-40.0,0.0,1.0,0.0,0.0,876.0
2026-07-20 15:34:57.114,0.0,,,,,28.71,927.8,19.3,-40.0,0.0,1.0,0.0,0.0,876.0
2026-07-20 15:34:57.315,0.0,,,,,28.7,927.9,18.5,-40.0,0.0,1.0,0.0,0.0,876.0
2026-07-20 15:34:57.515,0.0,,,,,28.7,927.9,18.5,-40.0,0.0,1.0,0.0,0.0,876.0
2026-07-20 15:34:57.758,0.0,,,,,28.7,927.9,18.7,-40.0,0.0,1.0,0.0,0.0,877.0
2026-07-20 15:34:57.948,0.0,,,,,28.7,927.9,18.7,-40.0,0.0,1.0,0.0,0.0,877.0
2026-07-20 15:34:58.115,0.0,,,,,28.7,927.9,18.7,-40.0,0.0,1.0,0.0,0.0,877.0
2026-07-20 15:34:58.314,0.0,,,,,28.7,927.9,19.2,-40.0,0.0,1.0,0.0,0.0,877.0
2026-07-20 15:34:58.514,0.0,,,,,28.7,927.9,19.2,-40.0,0.0,1.0,0.0,0.0,877.0
2026-07-20 15:34:58.758,0.0,,,,,28.7,927.9,19.7,-40.0,0.0,1.0,0.0,0.0,878.0
2026-07-20 15:34:58.914,0.0,,,,,28.7,927.9,19.7,-40.0,0.0,1.0,0.0,0.0,878.0
2026-07-20 15:34:59.115,0.0,,,,,28.7,927.9,19.7,-40.0,0.0,1.0,0.0,0.0,878.0
2026-07-20 15:34:59.314,0.0,,,,,28.7,927.9,18.6,-40.0,0.0,1.0,0.0,0.0,878.0
2026-07-20 15:34:59.514,0.0,,,,,28.7,927.9,18.6,-40.0,0.0,1.0,0.0,0.0,878.0
2026-07-20 15:34:59.758,0.0,,,,,28.71,927.8,18.7,-40.0,0.0,1.0,0.0,0.0,879.0
2026-07-20 15:34:59.946,0.0,,,,,28.71,927.8,18.7,-40.0,0.0,1.0,0.0,0.0,879.0
2026-07-20 15:35:00.114,0.0,,,,,28.71,927.8,18.7,-40.0,0.0,1.0,0.0,0.0,879.0
2026-07-20 15:35:00.314,0.0,,,,,28.71,927.9,18.6,-40.0,0.0,1.0,0.0,0.0,879.0
2026-07-20 15:35:00.514,0.0,,,,,28.71,927.9,18.6,-40.0,0.0,1.0,0.0,0.0,879.0
2026-07-20 15:35:00.757,0.0,,,,,28.7,927.8,19.7,-40.0,0.0,1.0,0.0,0.0,880.0
2026-07-20 15:35:00.921,0.0,,,,,28.7,927.8,19.7,-40.0,0.0,1.0,0.0,0.0,880.0
2026-07-20 15:35:01.113,0.0,,,,,28.7,927.8,19.7,-40.0,0.0,1.0,0.0,0.0,880.0
2026-07-20 15:35:01.314,0.0,,,,,28.7,927.8,19.1,-40.0,0.0,1.0,0.0,0.0,880.0
2026-07-20 15:35:01.519,0.0,,,,,28.7,927.8,19.1,-40.0,0.0,1.0,0.0,0.0,880.0
2026-07-20 15:35:01.758,0.0,,,,,28.7,927.8,18.8,-40.0,0.0,1.0,0.0,0.0,881.0
2026-07-20 15:35:01.957,0.0,,,,,28.7,927.8,18.8,-40.0,0.0,1.0,0.0,0.0,881.0
2026-07-20 15:35:02.113,0.0,,,,,28.7,927.8,18.8,-40.0,0.0,1.0,0.0,0.0,881.0
2026-07-20 15:35:02.314,0.0,,,,,28.7,927.9,18.8,-40.0,0.0,1.0,0.0,0.0,881.0
2026-07-20 15:35:02.514,0.0,,,,,28.7,927.9,18.8,-40.0,0.0,1.0,0.0,0.0,881.0
2026-07-20 15:35:02.757,0.0,,,,,28.7,927.9,19.3,-40.0,0.0,1.0,0.0,0.0,882.0
2026-07-20 15:35:02.914,0.0,,,,,28.7,927.9,19.3,-40.0,0.0,1.0,0.0,0.0,882.0
2026-07-20 15:35:03.114,0.0,,,,,28.7,927.9,19.3,-40.0,0.0,1.0,0.0,0.0,882.0
2026-07-20 15:35:03.316,0.0,,,,,28.7,927.9,18.8,-40.0,0.0,1.0,0.0,0.0,882.0
2026-07-20 15:35:03.514,0.0,,,,,28.7,927.9,18.8,-40.0,0.0,1.0,0.0,0.0,882.0
2026-07-20 15:35:03.757,0.0,,,,,28.7,927.9,19.3,-40.0,0.0,1.0,0.0,0.0,883.0
2026-07-20 15:35:03.948,0.0,,,,,28.7,927.9,19.3,-40.0,0.0,1.0,0.0,0.0,883.0
2026-07-20 15:35:04.114,0.0,,,,,28.7,927.9,19.3,-40.0,0.0,1.0,0.0,0.0,883.0
2026-07-20 15:35:04.314,0.0,,,,,28.7,927.9,18.6,-40.0,0.0,1.0,0.0,0.0,883.0
2026-07-20 15:35:04.514,0.0,,,,,28.7,927.9,18.6,-40.0,0.0,1.0,0.0,0.0,883.0
2026-07-20 15:35:04.758,0.0,,,,,28.7,927.9,19.3,-40.0,0.0,1.0,0.0,0.0,884.0
2026-07-20 15:35:04.914,0.0,,,,,28.7,927.9,19.3,-40.0,0.0,1.0,0.0,0.0,884.0
2026-07-20 15:35:05.114,0.0,,,,,28.7,927.9,19.3,-40.0,0.0,1.0,0.0,0.0,884.0
2026-07-20 15:35:05.343,0.0,,,,,28.71,927.9,18.5,-40.0,0.0,1.0,0.0,0.0,884.0
2026-07-20 15:35:05.514,0.0,,,,,28.71,927.9,18.5,-40.0,0.0,1.0,0.0,0.0,884.0
2026-07-20 15:35:05.758,0.0,,,,,28.7,927.9,19.3,-40.0,0.0,1.0,0.0,0.0,885.0
2026-07-20 15:35:05.914,0.0,,,,,28.7,927.9,19.3,-40.0,0.0,1.0,0.0,0.0,885.0
2026-07-20 15:35:06.114,0.0,,,,,28.7,927.9,19.3,-40.0,0.0,1.0,0.0,0.0,885.0
2026-07-20 15:35:06.314,0.0,,,,,28.7,927.8,18.6,-40.0,0.0,1.0,0.0,0.0,885.0
2026-07-20 15:35:06.513,0.0,,,,,28.7,927.8,18.6,-40.0,0.0,1.0,0.0,0.0,885.0
2026-07-20 15:35:06.761,0.0,,,,,28.7,927.9,18.6,-40.0,0.0,1.0,0.0,0.0,886.0
2026-07-20 15:35:06.914,0.0,,,,,28.7,927.9,18.6,-40.0,0.0,1.0,0.0,0.0,886.0
2026-07-20 15:35:07.113,0.0,,,,,28.7,927.9,18.6,-40.0,0.0,1.0,0.0,0.0,886.0
2026-07-20 15:35:07.314,0.0,,,,,28.7,927.9,19.2,-40.0,0.0,1.0,0.0,0.0,886.0
2026-07-20 15:35:07.514,0.0,,,,,28.7,927.9,19.2,-40.0,0.0,1.0,0.0,0.0,886.0
2026-07-20 15:35:07.757,0.0,,,,,28.7,927.9,19.6,-40.0,0.0,1.0,0.0,0.0,887.0
2026-07-20 15:35:07.948,0.0,,,,,28.7,927.9,19.6,-40.0,0.0,1.0,0.0,0.0,887.0
2026-07-20 15:35:08.113,0.0,,,,,28.7,927.9,19.6,-40.0,0.0,1.0,0.0,0.0,887.0
2026-07-20 15:35:08.314,0.0,,,,,28.7,927.9,18.8,-40.0,0.0,1.0,0.0,0.0,887.0
2026-07-20 15:35:08.516,0.0,,,,,28.7,927.9,18.8,-40.0,0.0,1.0,0.0,0.0,887.0
2026-07-20 15:35:08.758,0.0,,,,,28.7,927.9,19.8,-40.0,0.0,1.0,0.0,0.0,888.0
2026-07-20 15:35:08.944,0.0,,,,,28.7,927.9,19.8,-40.0,0.0,1.0,0.0,0.0,888.0
2026-07-20 15:35:09.114,0.0,,,,,28.7,927.9,19.8,-40.0,0.0,1.0,0.0,0.0,888.0
2026-07-20 15:35:09.314,0.0,,,,,28.7,927.9,18.9,-40.0,0.0,1.0,0.0,0.0,888.0
2026-07-20 15:35:09.547,0.0,,,,,28.7,927.9,18.9,-40.0,0.0,1.0,0.0,0.0,888.0
2026-07-20 15:35:09.758,0.0,,,,,28.7,927.9,18.8,-40.0,0.0,1.0,0.0,0.0,889.0
2026-07-20 15:35:09.914,0.0,,,,,28.7,927.9,18.8,-40.0,0.0,1.0,0.0,0.0,889.0
2026-07-20 15:35:10.135,0.0,,,,,28.7,927.9,18.8,-40.0,0.0,1.0,0.0,0.0,889.0
2026-07-20 15:35:10.314,0.0,,,,,28.7,927.9,19.1,-40.0,0.0,1.0,0.0,0.0,889.0
2026-07-20 15:35:10.514,0.0,,,,,28.7,927.9,19.1,-40.0,0.0,1.0,0.0,0.0,889.0
2026-07-20 15:35:10.758,0.0,,,,,28.7,927.9,19.8,-40.0,0.0,1.0,0.0,0.0,890.0
2026-07-20 15:35:10.914,0.0,,,,,28.7,927.9,19.8,-40.0,0.0,1.0,0.0,0.0,890.0
2026-07-20 15:35:11.114,0.0,,,,,28.7,927.9,19.8,-40.0,0.0,1.0,0.0,0.0,890.0
2026-07-20 15:35:11.314,0.0,,,,,28.7,927.9,18.8,-40.0,0.0,1.0,0.0,0.0,890.0
2026-07-20 15:35:11.514,0.0,,,,,28.7,927.9,18.8,-40.0,0.0,1.0,0.0,0.0,890.0
2026-07-20 15:35:11.758,0.0,,,,,28.71,927.9,19.6,-40.0,0.0,1.0,0.0,0.0,891.0
2026-07-20 15:35:11.949,0.0,,,,,28.71,927.9,19.6,-40.0,0.0,1.0,0.0,0.0,891.0
2026-07-20 15:35:12.114,0.0,,,,,28.71,927.9,19.6,-40.0,0.0,1.0,0.0,0.0,891.0
2026-07-20 15:35:12.315,0.0,,,,,28.7,927.9,18.7,-40.0,0.0,1.0,0.0,0.0,891.0
2026-07-20 15:35:12.514,0.0,,,,,28.7,927.9,18.7,-40.0,0.0,1.0,0.0,0.0,891.0
2026-07-20 15:35:12.758,0.0,,,,,28.7,927.9,18.7,-40.0,0.0,1.0,0.0,0.0,892.0
2026-07-20 15:35:12.935,0.0,,,,,28.7,927.9,18.7,-40.0,0.0,1.0,0.0,0.0,892.0
2026-07-20 15:35:13.113,0.0,,,,,28.7,927.9,18.7,-40.0,0.0,1.0,0.0,0.0,892.0
2026-07-20 15:35:13.314,0.0,,,,,28.7,927.8,18.9,-40.0,0.0,1.0,0.0,0.0,892.0
2026-07-20 15:35:13.514,0.0,,,,,28.7,927.8,18.9,-40.0,0.0,1.0,0.0,0.0,892.0
2026-07-20 15:35:13.758,0.0,,,,,28.7,927.9,18.5,-40.0,0.0,1.0,0.0,0.0,893.0
2026-07-20 15:35:13.914,0.0,,,,,28.7,927.9,18.5,-40.0,0.0,1.0,0.0,0.0,893.0
2026-07-20 15:35:14.113,0.0,,,,,28.7,927.9,18.5,-40.0,0.0,1.0,0.0,0.0,893.0
2026-07-20 15:35:14.333,0.0,,,,,28.7,927.9,18.7,-40.0,0.0,1.0,0.0,0.0,893.0
2026-07-20 15:35:14.514,0.0,,,,,28.7,927.9,18.7,-40.0,0.0,1.0,0.0,0.0,893.0
2026-07-20 15:35:14.758,0.0,,,,,28.7,927.9,19.4,-40.0,0.0,1.0,0.0,0.0,894.0
2026-07-20 15:35:14.920,0.0,,,,,28.7,927.9,19.4,-40.0,0.0,1.0,0.0,0.0,894.0
2026-07-20 15:35:15.114,0.0,,,,,28.7,927.9,19.4,-40.0,0.0,1.0,0.0,0.0,894.0
2026-07-20 15:35:15.314,0.0,,,,,28.7,927.8,18.7,-40.0,0.0,1.0,0.0,0.0,894.0
2026-07-20 15:35:15.521,0.0,,,,,28.7,927.8,18.7,-40.0,0.0,1.0,0.0,0.0,894.0
2026-07-20 15:35:15.758,0.0,,,,,28.7,927.9,19.3,-40.0,0.0,1.0,0.0,0.0,895.0
2026-07-20 15:35:15.940,0.0,,,,,28.7,927.9,19.3,-40.0,0.0,1.0,0.0,0.0,895.0
2026-07-20 15:35:16.114,0.0,,,,,28.7,927.9,19.3,-40.0,0.0,1.0,0.0,0.0,895.0
2026-07-20 15:35:16.313,0.0,,,,,28.7,927.9,18.4,-40.0,0.0,1.0,0.0,0.0,895.0
2026-07-20 15:35:16.514,0.0,,,,,28.7,927.9,18.4,-40.0,0.0,1.0,0.0,0.0,895.0
2026-07-20 15:35:16.758,0.0,,,,,28.7,927.9,18.3,-40.0,0.0,1.0,0.0,0.0,896.0
2026-07-20 15:35:16.946,0.0,,,,,28.7,927.9,18.3,-40.0,0.0,1.0,0.0,0.0,896.0
2026-07-20 15:35:17.114,0.0,,,,,28.7,927.9,18.3,-40.0,0.0,1.0,0.0,0.0,896.0
2026-07-20 15:35:17.314,0.0,,,,,28.7,927.9,18.8,-40.0,0.0,1.0,0.0,0.0,896.0
2026-07-20 15:35:17.514,0.0,,,,,28.7,927.9,18.8,-40.0,0.0,1.0,0.0,0.0,896.0
2026-07-20 15:35:17.758,0.0,,,,,28.7,927.9,19.1,-40.0,0.0,1.0,0.0,0.0,897.0
2026-07-20 15:35:17.917,0.0,,,,,28.7,927.9,19.1,-40.0,0.0,1.0,0.0,0.0,897.0
2026-07-20 15:35:18.113,0.0,,,,,28.7,927.9,19.1,-40.0,0.0,1.0,0.0,0.0,897.0
2026-07-20 15:35:18.313,0.0,,,,,28.7,927.9,18.5,-40.0,0.0,1.0,0.0,0.0,897.0
2026-07-20 15:35:18.513,0.0,,,,,28.7,927.9,18.5,-40.0,0.0,1.0,0.0,0.0,897.0
2026-07-20 15:35:18.758,0.0,,,,,28.7,927.8,18.5,-40.0,0.0,1.0,0.0,0.0,898.0
2026-07-20 15:35:18.922,0.0,,,,,28.7,927.8,18.5,-40.0,0.0,1.0,0.0,0.0,898.0
2026-07-20 15:35:19.114,0.0,,,,,28.7,927.8,18.5,-40.0,0.0,1.0,0.0,0.0,898.0
2026-07-20 15:35:19.314,0.0,,,,,28.7,927.9,19.4,-40.0,0.0,1.0,0.0,0.0,898.0
2026-07-20 15:35:19.513,0.0,,,,,28.7,927.9,19.4,-40.0,0.0,1.0,0.0,0.0,898.0
2026-07-20 15:35:19.758,0.0,,,,,28.7,927.9,18.7,-40.0,0.0,1.0,0.0,0.0,899.0
2026-07-20 15:35:19.931,0.0,,,,,28.7,927.9,18.7,-40.0,0.0,1.0,0.0,0.0,899.0
2026-07-20 15:35:20.114,0.0,,,,,28.7,927.9,18.7,-40.0,0.0,1.0,0.0,0.0,899.0
2026-07-20 15:35:20.313,0.0,,,,,28.7,927.9,18.6,-40.0,0.0,1.0,0.0,0.0,899.0
2026-07-20 15:35:20.514,0.0,,,,,28.7,927.9,18.6,-40.0,0.0,1.0,0.0,0.0,899.0
2026-07-20 15:35:20.757,0.0,,,,,28.71,927.9,19.5,-40.0,0.0,1.0,0.0,0.0,900.0
2026-07-20 15:35:20.942,0.0,,,,,28.71,927.9,19.5,-40.0,0.0,1.0,0.0,0.0,900.0
2026-07-20 15:35:21.114,0.0,,,,,28.71,927.9,19.5,-40.0,0.0,1.0,0.0,0.0,900.0
2026-07-20 15:35:21.313,0.0,,,,,28.7,927.9,18.4,-40.0,0.0,1.0,0.0,0.0,900.0
2026-07-20 15:35:21.534,0.0,,,,,28.7,927.9,18.4,-40.0,0.0,1.0,0.0,0.0,900.0
2026-07-20 15:35:21.757,0.0,,,,,28.71,928.0,18.8,-40.0,0.0,1.0,0.0,0.0,901.0
2026-07-20 15:35:21.913,0.0,,,,,28.71,928.0,18.8,-40.0,0.0,1.0,0.0,0.0,901.0
2026-07-20 15:35:22.114,0.0,,,,,28.71,928.0,18.8,-40.0,0.0,1.0,0.0,0.0,901.0
2026-07-20 15:35:22.314,0.0,,,,,28.7,927.9,18.5,-40.0,0.0,1.0,0.0,0.0,901.0
2026-07-20 15:35:22.514,0.0,,,,,28.7,927.9,18.5,-40.0,0.0,1.0,0.0,0.0,901.0
2026-07-20 15:35:22.758,0.0,,,,,28.71,927.9,18.7,-40.0,0.0,1.0,0.0,0.0,902.0
2026-07-20 15:35:22.914,0.0,,,,,28.71,927.9,18.7,-40.0,0.0,1.0,0.0,0.0,902.0
2026-07-20 15:35:23.144,0.0,,,,,28.71,927.9,18.7,-40.0,0.0,1.0,0.0,0.0,902.0
2026-07-20 15:35:23.314,0.0,,,,,28.7,927.9,18.2,-40.0,0.0,1.0,0.0,0.0,902.0
2026-07-20 15:35:23.515,0.0,,,,,28.7,927.9,18.2,-40.0,0.0,1.0,0.0,0.0,902.0
2026-07-20 15:35:23.758,0.0,,,,,28.71,927.9,18.9,-40.0,0.0,1.0,0.0,0.0,903.0
2026-07-20 15:35:23.913,0.0,,,,,28.71,927.9,18.9,-40.0,0.0,1.0,0.0,0.0,903.0
2026-07-20 15:35:24.113,0.0,,,,,28.71,927.9,18.9,-40.0,0.0,1.0,0.0,0.0,903.0
2026-07-20 15:35:24.314,0.0,,,,,28.7,927.9,18.9,-40.0,0.0,1.0,0.0,0.0,903.0
2026-07-20 15:35:24.514,0.0,,,,,28.7,927.9,18.9,-40.0,0.0,1.0,0.0,0.0,903.0
2026-07-20 15:35:24.758,0.0,,,,,28.7,927.9,19.1,-40.0,0.0,1.0,0.0,0.0,904.0
2026-07-20 15:35:24.914,0.0,,,,,28.7,927.9,19.1,-40.0,0.0,1.0,0.0,0.0,904.0
2026-07-20 15:35:25.131,0.0,,,,,28.7,927.9,19.1,-40.0,0.0,1.0,0.0,0.0,904.0
2026-07-20 15:35:25.314,0.0,,,,,28.7,927.9,19.2,-40.0,0.0,1.0,0.0,0.0,904.0
2026-07-20 15:35:25.513,0.0,,,,,28.7,927.9,19.2,-40.0,0.0,1.0,0.0,0.0,904.0
2026-07-20 15:35:25.758,0.0,,,,,28.7,927.9,18.7,-40.0,0.0,1.0,0.0,0.0,905.0
2026-07-20 15:35:25.913,0.0,,,,,28.7,927.9,18.7,-40.0,0.0,1.0,0.0,0.0,905.0
2026-07-20 15:35:26.114,0.0,,,,,28.7,927.9,18.7,-40.0,0.0,1.0,0.0,0.0,905.0
2026-07-20 15:35:26.314,0.0,,,,,28.7,927.8,18.3,-40.0,0.0,1.0,0.0,0.0,905.0
2026-07-20 15:35:26.513,0.0,,,,,28.7,927.8,18.3,-40.0,0.0,1.0,0.0,0.0,905.0
2026-07-20 15:35:26.758,0.0,,,,,28.7,927.8,19.2,-40.0,0.0,1.0,0.0,0.0,906.0
2026-07-20 15:35:26.914,0.0,,,,,28.7,927.8,19.2,-40.0,0.0,1.0,0.0,0.0,906.0
2026-07-20 15:35:27.114,0.0,,,,,28.7,927.8,19.2,-40.0,0.0,1.0,0.0,0.0,906.0
2026-07-20 15:35:27.313,0.0,,,,,28.7,927.8,18.4,-40.0,0.0,1.0,0.0,0.0,906.0
2026-07-20 15:35:27.514,0.0,,,,,28.7,927.8,18.4,-40.0,0.0,1.0,0.0,0.0,906.0
2026-07-20 15:35:27.757,0.0,,,,,28.71,927.9,19.0,-40.0,0.0,1.0,0.0,0.0,907.0
2026-07-20 15:35:27.943,0.0,,,,,28.71,927.9,19.0,-40.0,0.0,1.0,0.0,0.0,907.0
2026-07-20 15:35:28.114,0.0,,,,,28.71,927.9,19.0,-40.0,0.0,1.0,0.0,0.0,907.0
2026-07-20 15:35:28.314,0.0,,,,,28.7,927.8,18.5,-40.0,0.0,1.0,0.0,0.0,907.0
2026-07-20 15:35:28.513,0.0,,,,,28.7,927.8,18.5,-40.0,0.0,1.0,0.0,0.0,907.0
2026-07-20 15:35:28.757,0.0,,,,,28.71,927.8,19.2,-40.0,0.0,1.0,0.0,0.0,908.0
2026-07-20 15:35:28.914,0.0,,,,,28.71,927.8,19.2,-40.0,0.0,1.0,0.0,0.0,908.0
2026-07-20 15:35:29.113,0.0,,,,,28.71,927.8,19.2,-40.0,0.0,1.0,0.0,0.0,908.0
2026-07-20 15:35:29.314,0.0,,,,,28.7,927.8,19.0,-40.0,0.0,1.0,0.0,0.0,908.0
2026-07-20 15:35:29.513,0.0,,,,,28.7,927.8,19.0,-40.0,0.0,1.0,0.0,0.0,908.0
2026-07-20 15:35:29.757,0.0,,,,,28.71,927.9,18.6,-40.0,0.0,1.0,0.0,0.0,909.0
2026-07-20 15:35:29.948,0.0,,,,,28.71,927.9,18.6,-40.0,0.0,1.0,0.0,0.0,909.0
2026-07-20 15:35:30.113,0.0,,,,,28.71,927.9,18.6,-40.0,0.0,1.0,0.0,0.0,909.0
2026-07-20 15:35:30.314,0.0,,,,,28.71,927.9,18.0,-40.0,0.0,1.0,0.0,0.0,909.0
2026-07-20 15:35:30.540,0.0,,,,,28.71,927.9,18.0,-40.0,0.0,1.0,0.0,0.0,909.0
2026-07-20 15:35:30.757,0.0,,,,,28.71,927.9,18.5,-40.0,0.0,1.0,0.0,0.0,910.0
2026-07-20 15:35:30.913,0.0,,,,,28.71,927.9,18.5,-40.0,0.0,1.0,0.0,0.0,910.0
2026-07-20 15:35:31.131,0.0,,,,,28.71,927.9,18.5,-40.0,0.0,1.0,0.0,0.0,910.0
2026-07-20 15:35:31.313,0.0,,,,,28.72,927.8,18.0,-40.0,0.0,1.0,0.0,0.0,910.0
2026-07-20 15:35:31.513,0.0,,,,,28.72,927.8,18.0,-40.0,0.0,1.0,0.0,0.0,910.0
2026-07-20 15:35:31.757,0.0,,,,,28.72,927.9,19.4,-40.0,0.0,1.0,0.0,0.0,911.0
2026-07-20 15:35:31.913,0.0,,,,,28.72,927.9,19.4,-40.0,0.0,1.0,0.0,0.0,911.0
2026-07-20 15:35:32.114,0.0,,,,,28.72,927.9,19.4,-40.0,0.0,1.0,0.0,0.0,911.0
2026-07-20 15:35:32.322,0.0,,,,,28.71,927.8,18.3,-40.0,0.0,1.0,0.0,0.0,911.0
2026-07-20 15:35:32.513,0.0,,,,,28.71,927.8,18.3,-40.0,0.0,1.0,0.0,0.0,911.0
2026-07-20 15:35:32.757,0.0,,,,,28.71,927.8,19.2,-40.0,0.0,1.0,0.0,0.0,912.0
2026-07-20 15:35:32.915,0.0,,,,,28.71,927.8,19.2,-40.0,0.0,1.0,0.0,0.0,912.0
2026-07-20 15:35:33.113,0.0,,,,,28.71,927.8,19.2,-40.0,0.0,1.0,0.0,0.0,912.0
2026-07-20 15:35:33.313,0.0,,,,,28.71,927.8,18.5,-40.0,0.0,1.0,0.0,0.0,912.0
2026-07-20 15:35:33.513,0.0,,,,,28.71,927.8,18.5,-40.0,0.0,1.0,0.0,0.0,912.0
2026-07-20 15:35:33.757,0.0,,,,,28.71,927.8,19.0,-40.0,0.0,1.0,0.0,0.0,913.0
2026-07-20 15:35:33.934,0.0,,,,,28.71,927.8,19.0,-40.0,0.0,1.0,0.0,0.0,913.0
2026-07-20 15:35:34.113,0.0,,,,,28.71,927.8,19.0,-40.0,0.0,1.0,0.0,0.0,913.0
2026-07-20 15:35:34.313,0.0,,,,,28.71,927.9,18.5,-40.0,0.0,1.0,0.0,0.0,913.0
2026-07-20 15:35:34.513,0.0,,,,,28.71,927.9,18.5,-40.0,0.0,1.0,0.0,0.0,913.0
2026-07-20 15:35:34.757,0.0,,,,,28.71,927.8,19.3,-40.0,0.0,1.0,0.0,0.0,914.0
2026-07-20 15:35:34.914,0.0,,,,,28.71,927.8,19.3,-40.0,0.0,1.0,0.0,0.0,914.0
2026-07-20 15:35:35.113,0.0,,,,,28.71,927.8,19.3,-40.0,0.0,1.0,0.0,0.0,914.0
2026-07-20 15:35:35.314,0.0,,,,,28.71,927.9,18.3,-40.0,0.0,1.0,0.0,0.0,914.0
2026-07-20 15:35:35.514,0.0,,,,,28.71,927.9,18.3,-40.0,0.0,1.0,0.0,0.0,914.0
2026-07-20 15:35:35.757,0.0,,,,,28.71,927.8,19.2,-40.0,0.0,1.0,0.0,0.0,915.0
2026-07-20 15:35:35.913,0.0,,,,,28.71,927.8,19.2,-40.0,0.0,1.0,0.0,0.0,915.0
2026-07-20 15:35:36.113,0.0,,,,,28.71,927.8,19.2,-40.0,0.0,1.0,0.0,0.0,915.0
2026-07-20 15:35:36.313,0.0,,,,,28.72,927.9,18.9,-40.0,0.0,1.0,0.0,0.0,915.0
2026-07-20 15:35:36.513,0.0,,,,,28.72,927.9,18.9,-40.0,0.0,1.0,0.0,0.0,915.0
2026-07-20 15:35:36.757,0.0,,,,,28.7,927.9,19.4,-40.0,0.0,1.0,0.0,0.0,916.0
2026-07-20 15:35:36.913,0.0,,,,,28.7,927.9,19.4,-40.0,0.0,1.0,0.0,0.0,916.0
2026-07-20 15:35:37.113,0.0,,,,,28.7,927.9,19.4,-40.0,0.0,1.0,0.0,0.0,916.0
2026-07-20 15:35:37.333,0.0,,,,,28.71,927.8,18.5,-40.0,0.0,1.0,0.0,0.0,916.0
2026-07-20 15:35:37.513,0.0,,,,,28.71,927.8,18.5,-40.0,0.0,1.0,0.0,0.0,916.0
2026-07-20 15:35:37.757,0.0,,,,,28.7,927.8,18.7,-40.0,0.0,1.0,0.0,0.0,917.0
2026-07-20 15:35:37.922,0.0,,,,,28.7,927.8,18.7,-40.0,0.0,1.0,0.0,0.0,917.0
2026-07-20 15:35:38.114,0.0,,,,,28.7,927.8,18.7,-40.0,0.0,1.0,0.0,0.0,917.0
2026-07-20 15:35:38.314,0.0,,,,,28.71,927.8,18.7,-40.0,0.0,1.0,0.0,0.0,917.0
2026-07-20 15:35:38.513,0.0,,,,,28.71,927.8,18.7,-40.0,0.0,1.0,0.0,0.0,917.0
2026-07-20 15:35:38.757,0.0,,,,,28.71,927.8,19.3,-40.0,0.0,1.0,0.0,0.0,918.0
2026-07-20 15:35:38.942,0.0,,,,,28.71,927.8,19.3,-40.0,0.0,1.0,0.0,0.0,918.0
2026-07-20 15:35:39.113,0.0,,,,,28.71,927.8,19.3,-40.0,0.0,1.0,0.0,0.0,918.0
2026-07-20 15:35:39.313,0.0,,,,,28.72,927.9,18.5,-40.0,0.0,1.0,0.0,0.0,918.0
2026-07-20 15:35:39.525,0.0,,,,,28.72,927.9,18.5,-40.0,0.0,1.0,0.0,0.0,918.0
2026-07-20 15:35:39.757,0.0,,,,,28.71,927.8,19.7,-40.0,0.0,1.0,0.0,0.0,919.0
2026-07-20 15:35:39.914,0.0,,,,,28.71,927.8,19.7,-40.0,0.0,1.0,0.0,0.0,919.0
2026-07-20 15:35:40.114,0.0,,,,,28.71,927.8,19.7,-40.0,0.0,1.0,0.0,0.0,919.0
2026-07-20 15:35:40.314,0.0,,,,,28.71,927.8,18.6,-40.0,0.0,1.0,0.0,0.0,919.0
2026-07-20 15:35:40.535,0.0,,,,,28.71,927.8,18.6,-40.0,0.0,1.0,0.0,0.0,919.0
2026-07-20 15:35:40.757,0.0,,,,,28.72,927.8,19.9,-40.0,0.0,1.0,0.0,0.0,920.0
2026-07-20 15:35:40.913,0.0,,,,,28.72,927.8,19.9,-40.0,0.0,1.0,0.0,0.0,920.0
2026-07-20 15:35:41.113,0.0,,,,,28.72,927.8,19.9,-40.0,0.0,1.0,0.0,0.0,920.0
2026-07-20 15:35:41.314,0.0,,,,,28.72,927.8,18.6,-40.0,0.0,1.0,0.0,0.0,920.0
2026-07-20 15:35:41.527,0.0,,,,,28.72,927.8,18.6,-40.0,0.0,1.0,0.0,0.0,920.0
2026-07-20 15:35:41.757,0.0,,,,,28.71,927.8,19.9,-40.0,0.0,1.0,0.0,0.0,921.0
2026-07-20 15:35:41.950,0.0,,,,,28.71,927.8,19.9,-40.0,0.0,1.0,0.0,0.0,921.0
2026-07-20 15:35:42.113,0.0,,,,,28.71,927.8,19.9,-40.0,0.0,1.0,0.0,0.0,921.0
2026-07-20 15:35:42.317,0.0,,,,,28.72,927.8,18.8,-40.0,0.0,1.0,0.0,0.0,921.0
2026-07-20 15:35:42.513,0.0,,,,,28.72,927.8,18.8,-40.0,0.0,1.0,0.0,0.0,921.0
2026-07-20 15:35:42.757,0.0,,,,,28.72,927.8,19.6,-40.0,0.0,1.0,0.0,0.0,922.0
2026-07-20 15:35:42.913,0.0,,,,,28.72,927.8,19.6,-40.0,0.0,1.0,0.0,0.0,922.0
2026-07-20 15:35:43.113,0.0,,,,,28.72,927.8,19.6,-40.0,0.0,1.0,0.0,0.0,922.0
2026-07-20 15:35:43.313,0.0,,,,,28.72,927.8,19.2,-40.0,0.0,1.0,0.0,0.0,922.0
2026-07-20 15:35:43.514,0.0,,,,,28.72,927.8,19.2,-40.0,0.0,1.0,0.0,0.0,922.0
2026-07-20 15:35:43.757,0.0,,,,,28.72,927.8,19.6,-40.0,0.0,1.0,0.0,0.0,923.0
2026-07-20 15:35:43.927,0.0,,,,,28.72,927.8,19.6,-40.0,0.0,1.0,0.0,0.0,923.0
2026-07-20 15:35:44.113,0.0,,,,,28.72,927.8,19.6,-40.0,0.0,1.0,0.0,0.0,923.0
2026-07-20 15:35:44.313,0.0,,,,,28.72,927.8,18.7,-40.0,0.0,1.0,0.0,0.0,923.0
2026-07-20 15:35:44.521,0.0,,,,,28.72,927.8,18.7,-40.0,0.0,1.0,0.0,0.0,923.0
2026-07-20 15:35:44.757,0.0,,,,,28.72,927.9,19.2,-40.0,0.0,1.0,0.0,0.0,924.0
2026-07-20 15:35:44.939,0.0,,,,,28.72,927.9,19.2,-40.0,0.0,1.0,0.0,0.0,924.0
2026-07-20 15:35:45.113,0.0,,,,,28.72,927.9,19.2,-40.0,0.0,1.0,0.0,0.0,924.0
2026-07-20 15:35:45.313,0.0,,,,,28.72,927.9,18.5,-40.0,0.0,1.0,0.0,0.0,924.0
2026-07-20 15:35:45.513,0.0,,,,,28.72,927.9,18.5,-40.0,0.0,1.0,0.0,0.0,924.0
2026-07-20 15:35:45.757,0.0,,,,,28.72,927.9,20.0,-40.0,0.0,1.0,0.0,0.0,925.0
2026-07-20 15:35:45.923,0.0,,,,,28.72,927.9,20.0,-40.0,0.0,1.0,0.0,0.0,925.0
2026-07-20 15:35:46.114,0.0,,,,,28.72,927.9,20.0,-40.0,0.0,1.0,0.0,0.0,925.0
2026-07-20 15:35:46.314,0.0,,,,,28.73,927.9,18.5,-40.0,0.0,1.0,0.0,0.0,925.0
2026-07-20 15:35:46.542,0.0,,,,,28.73,927.9,18.5,-40.0,0.0,1.0,0.0,0.0,925.0
2026-07-20 15:35:46.757,0.0,,,,,28.72,927.8,19.7,-40.0,0.0,1.0,0.0,0.0,926.0
2026-07-20 15:35:46.913,0.0,,,,,28.72,927.8,19.7,-40.0,0.0,1.0,0.0,0.0,926.0
2026-07-20 15:35:47.143,0.0,,,,,28.72,927.8,19.7,-40.0,0.0,1.0,0.0,0.0,926.0
2026-07-20 15:35:47.313,0.0,,,,,28.71,927.8,18.9,-40.0,0.0,1.0,0.0,0.0,926.0
2026-07-20 15:35:47.513,0.0,,,,,28.71,927.8,18.9,-40.0,0.0,1.0,0.0,0.0,926.0
2026-07-20 15:35:47.757,0.0,,,,,28.72,927.8,19.5,-40.0,0.0,1.0,0.0,0.0,927.0
2026-07-20 15:35:47.913,0.0,,,,,28.72,927.8,19.5,-40.0,0.0,1.0,0.0,0.0,927.0
2026-07-20 15:35:48.113,0.0,,,,,28.72,927.8,19.5,-40.0,0.0,1.0,0.0,0.0,927.0
2026-07-20 15:35:48.313,0.0,,,,,28.72,927.8,18.7,-40.0,0.0,1.0,0.0,0.0,927.0
2026-07-20 15:35:48.513,0.0,,,,,28.72,927.8,18.7,-40.0,0.0,1.0,0.0,0.0,927.0
2026-07-20 15:35:48.757,0.0,,,,,28.72,927.8,19.3,-40.0,0.0,1.0,0.0,0.0,928.0
2026-07-20 15:35:48.937,0.0,,,,,28.72,927.8,19.3,-40.0,0.0,1.0,0.0,0.0,928.0
2026-07-20 15:35:49.113,0.0,,,,,28.72,927.8,19.3,-40.0,0.0,1.0,0.0,0.0,928.0
2026-07-20 15:35:49.313,0.0,,,,,28.72,927.9,18.6,-40.0,0.0,1.0,0.0,0.0,928.0
2026-07-20 15:35:49.513,0.0,,,,,28.72,927.9,18.6,-40.0,0.0,1.0,0.0,0.0,928.0
2026-07-20 15:35:49.757,0.0,,,,,28.73,927.9,19.8,-40.0,0.0,1.0,0.0,0.0,929.0
2026-07-20 15:35:49.913,0.0,,,,,28.73,927.9,19.8,-40.0,0.0,1.0,0.0,0.0,929.0
2026-07-20 15:35:50.113,0.0,,,,,28.73,927.9,19.8,-40.0,0.0,1.0,0.0,0.0,929.0
2026-07-20 15:35:50.313,0.0,,,,,28.72,927.9,18.8,-40.0,0.0,1.0,0.0,0.0,929.0
2026-07-20 15:35:50.512,0.0,,,,,28.72,927.9,18.8,-40.0,0.0,1.0,0.0,0.0,929.0
2026-07-20 15:35:50.757,0.0,,,,,28.71,927.8,18.8,-40.0,0.0,1.0,0.0,0.0,930.0
2026-07-20 15:35:50.951,0.0,,,,,28.71,927.8,18.8,-40.0,0.0,1.0,0.0,0.0,930.0
2026-07-20 15:35:51.113,0.0,,,,,28.71,927.8,18.8,-40.0,0.0,1.0,0.0,0.0,930.0
2026-07-20 15:35:51.314,0.0,,,,,28.73,927.9,18.7,-40.0,0.0,1.0,0.0,0.0,930.0
2026-07-20 15:35:51.538,0.0,,,,,28.73,927.9,18.7,-40.0,0.0,1.0,0.0,0.0,930.0
2026-07-20 15:35:51.757,0.0,,,,,28.72,927.8,19.4,-40.0,0.0,1.0,0.0,0.0,931.0
2026-07-20 15:35:51.913,0.0,,,,,28.72,927.8,19.4,-40.0,0.0,1.0,0.0,0.0,931.0
2026-07-20 15:35:52.113,0.0,,,,,28.72,927.8,19.4,-40.0,0.0,1.0,0.0,0.0,931.0
2026-07-20 15:35:52.313,0.0,,,,,28.72,927.9,18.5,-40.0,0.0,1.0,0.0,0.0,931.0
2026-07-20 15:35:52.513,0.0,,,,,28.72,927.9,18.5,-40.0,0.0,1.0,0.0,0.0,931.0
2026-07-20 15:35:52.757,0.0,,,,,28.72,927.9,18.9,-40.0,0.0,1.0,0.0,0.0,932.0
2026-07-20 15:35:52.941,0.0,,,,,28.72,927.9,18.9,-40.0,0.0,1.0,0.0,0.0,932.0
2026-07-20 15:35:53.113,0.0,,,,,28.72,927.9,18.9,-40.0,0.0,1.0,0.0,0.0,932.0
2026-07-20 15:35:53.313,0.0,,,,,28.72,927.9,18.4,-40.0,0.0,1.0,0.0,0.0,932.0
2026-07-20 15:35:53.513,0.0,,,,,28.72,927.9,18.4,-40.0,0.0,1.0,0.0,0.0,932.0
2026-07-20 15:35:53.757,0.0,,,,,28.72,927.8,19.3,-40.0,0.0,1.0,0.0,0.0,933.0
2026-07-20 15:35:53.935,0.0,,,,,28.72,927.8,19.3,-40.0,0.0,1.0,0.0,0.0,933.0
2026-07-20 15:35:54.113,0.0,,,,,28.72,927.8,19.3,-40.0,0.0,1.0,0.0,0.0,933.0
2026-07-20 15:35:54.313,0.0,,,,,28.72,927.8,18.7,-40.0,0.0,1.0,0.0,0.0,933.0
2026-07-20 15:35:54.538,0.0,,,,,28.72,927.8,18.7,-40.0,0.0,1.0,0.0,0.0,933.0
2026-07-20 15:35:54.756,0.0,,,,,28.73,927.9,19.2,-40.0,0.0,1.0,0.0,0.0,934.0
2026-07-20 15:35:54.913,0.0,,,,,28.73,927.9,19.2,-40.0,0.0,1.0,0.0,0.0,934.0
2026-07-20 15:35:55.137,0.0,,,,,28.73,927.9,19.2,-40.0,0.0,1.0,0.0,0.0,934.0
2026-07-20 15:35:55.313,0.0,,,,,28.72,927.8,18.9,-40.0,0.0,1.0,0.0,0.0,934.0
2026-07-20 15:35:55.513,0.0,,,,,28.72,927.8,18.9,-40.0,0.0,1.0,0.0,0.0,934.0
2026-07-20 15:35:55.758,0.0,,,,,28.72,927.8,19.5,-40.0,0.0,1.0,0.0,0.0,935.0
2026-07-20 15:35:55.913,0.0,,,,,28.72,927.8,19.5,-40.0,0.0,1.0,0.0,0.0,935.0
2026-07-20 15:35:56.113,0.0,,,,,28.72,927.8,19.5,-40.0,0.0,1.0,0.0,0.0,935.0
2026-07-20 15:35:56.326,0.0,,,,,28.73,927.8,18.6,-40.0,0.0,1.0,0.0,0.0,935.0
2026-07-20 15:35:56.512,0.0,,,,,28.73,927.8,18.6,-40.0,0.0,1.0,0.0,0.0,935.0
2026-07-20 15:35:56.757,0.0,,,,,28.72,927.8,19.5,-40.0,0.0,1.0,0.0,0.0,936.0
2026-07-20 15:35:56.919,0.0,,,,,28.72,927.8,19.5,-40.0,0.0,1.0,0.0,0.0,936.0
2026-07-20 15:35:57.112,0.0,,,,,28.72,927.8,19.5,-40.0,0.0,1.0,0.0,0.0,936.0
2026-07-20 15:35:57.313,0.0,,,,,28.72,927.9,18.6,-40.0,0.0,1.0,0.0,0.0,936.0
2026-07-20 15:35:57.522,0.0,,,,,28.72,927.9,18.6,-40.0,0.0,1.0,0.0,0.0,936.0
2026-07-20 15:35:57.756,0.0,,,,,28.73,927.9,18.6,-40.0,0.0,1.0,0.0,0.0,937.0
2026-07-20 15:35:57.913,0.0,,,,,28.73,927.9,18.6,-40.0,0.0,1.0,0.0,0.0,937.0
2026-07-20 15:35:58.113,0.0,,,,,28.73,927.9,18.6,-40.0,0.0,1.0,0.0,0.0,937.0
2026-07-20 15:35:58.313,0.0,,,,,28.72,927.9,18.6,-40.0,0.0,1.0,0.0,0.0,937.0
2026-07-20 15:35:58.513,0.0,,,,,28.72,927.9,18.6,-40.0,0.0,1.0,0.0,0.0,937.0
2026-07-20 15:35:58.757,0.0,,,,,28.72,927.9,19.2,-40.0,0.0,1.0,0.0,0.0,938.0
2026-07-20 15:35:58.914,0.0,,,,,28.72,927.9,19.2,-40.0,0.0,1.0,0.0,0.0,938.0
2026-07-20 15:35:59.113,0.0,,,,,28.72,927.9,19.2,-40.0,0.0,1.0,0.0,0.0,938.0
2026-07-20 15:35:59.313,0.0,,,,,28.73,927.9,18.2,-40.0,0.0,1.0,0.0,0.0,938.0
2026-07-20 15:35:59.513,0.0,,,,,28.73,927.9,18.2,-40.0,0.0,1.0,0.0,0.0,938.0
2026-07-20 15:35:59.756,0.0,,,,,28.72,927.9,19.3,-40.0,0.0,1.0,0.0,0.0,939.0
2026-07-20 15:35:59.943,0.0,,,,,28.72,927.9,19.3,-40.0,0.0,1.0,0.0,0.0,939.0
2026-07-20 15:36:00.113,0.0,,,,,28.72,927.9,19.3,-40.0,0.0,1.0,0.0,0.0,939.0
2026-07-20 15:36:00.313,0.0,,,,,28.73,927.9,18.3,-40.0,0.0,1.0,0.0,0.0,939.0
2026-07-20 15:36:00.513,0.0,,,,,28.73,927.9,18.3,-40.0,0.0,1.0,0.0,0.0,939.0
2026-07-20 15:36:00.757,0.0,,,,,28.72,927.9,19.4,-40.0,0.0,1.0,0.0,0.0,940.0
2026-07-20 15:36:00.943,0.0,,,,,28.72,927.9,19.4,-40.0,0.0,1.0,0.0,0.0,940.0
2026-07-20 15:36:01.113,0.0,,,,,28.72,927.9,19.4,-40.0,0.0,1.0,0.0,0.0,940.0
2026-07-20 15:36:01.313,0.0,,,,,28.72,927.9,18.6,-40.0,0.0,1.0,0.0,0.0,940.0
2026-07-20 15:36:01.539,0.0,,,,,28.72,927.9,18.6,-40.0,0.0,1.0,0.0,0.0,940.0
2026-07-20 15:36:01.757,0.0,,,,,28.73,927.9,19.2,-40.0,0.0,1.0,0.0,0.0,941.0
2026-07-20 15:36:01.913,0.0,,,,,28.73,927.9,19.2,-40.0,0.0,1.0,0.0,0.0,941.0
2026-07-20 15:36:02.120,0.0,,,,,28.73,927.9,19.2,-40.0,0.0,1.0,0.0,0.0,941.0
2026-07-20 15:36:02.313,0.0,,,,,28.72,927.9,18.4,-40.0,0.0,1.0,0.0,0.0,941.0
2026-07-20 15:36:02.513,0.0,,,,,28.72,927.9,18.4,-40.0,0.0,1.0,0.0,0.0,941.0
2026-07-20 15:36:02.756,0.0,,,,,28.75,927.9,19.4,-40.0,0.0,1.0,0.0,0.0,942.0
2026-07-20 15:36:02.913,0.0,,,,,28.75,927.9,19.4,-40.0,0.0,1.0,0.0,0.0,942.0
2026-07-20 15:36:03.112,0.0,,,,,28.75,927.9,19.4,-40.0,0.0,1.0,0.0,0.0,942.0
2026-07-20 15:36:03.313,0.0,,,,,28.72,927.8,18.8,-40.0,0.0,1.0,0.0,0.0,942.0
2026-07-20 15:36:03.512,0.0,,,,,28.72,927.8,18.8,-40.0,0.0,1.0,0.0,0.0,942.0
2026-07-20 15:36:03.757,0.0,,,,,28.73,927.9,19.2,-40.0,0.0,1.0,0.0,0.0,943.0
2026-07-20 15:36:03.912,0.0,,,,,28.73,927.9,19.2,-40.0,0.0,1.0,0.0,0.0,943.0
2026-07-20 15:36:04.113,0.0,,,,,28.73,927.9,19.2,-40.0,0.0,1.0,0.0,0.0,943.0
2026-07-20 15:36:04.318,0.0,,,,,28.73,927.9,18.4,-40.0,0.0,1.0,0.0,0.0,943.0
2026-07-20 15:36:04.513,0.0,,,,,28.73,927.9,18.4,-40.0,0.0,1.0,0.0,0.0,943.0
2026-07-20 15:36:04.756,0.0,,,,,28.72,927.9,18.9,-40.0,0.0,1.0,0.0,0.0,944.0
2026-07-20 15:36:04.931,0.0,,,,,28.72,927.9,18.9,-40.0,0.0,1.0,0.0,0.0,944.0
2026-07-20 15:36:05.112,0.0,,,,,28.72,927.9,18.9,-40.0,0.0,1.0,0.0,0.0,944.0
2026-07-20 15:36:05.313,0.0,,,,,28.73,927.9,19.1,-40.0,0.0,1.0,0.0,0.0,944.0
2026-07-20 15:36:05.513,0.0,,,,,28.73,927.9,19.1,-40.0,0.0,1.0,0.0,0.0,944.0
2026-07-20 15:36:05.757,0.0,,,,,28.73,928.0,19.2,-40.0,0.0,1.0,0.0,0.0,945.0
2026-07-20 15:36:05.938,0.0,,,,,28.73,928.0,19.2,-40.0,0.0,1.0,0.0,0.0,945.0
2026-07-20 15:36:06.113,0.0,,,,,28.73,928.0,19.2,-40.0,0.0,1.0,0.0,0.0,945.0
2026-07-20 15:36:06.313,0.0,,,,,28.73,927.9,18.8,-40.0,0.0,1.0,0.0,0.0,945.0
2026-07-20 15:36:06.519,0.0,,,,,28.73,927.9,18.8,-40.0,0.0,1.0,0.0,0.0,945.0
2026-07-20 15:36:06.757,0.0,,,,,28.73,928.0,19.1,-40.0,0.0,1.0,0.0,0.0,946.0
2026-07-20 15:36:06.939,0.0,,,,,28.73,928.0,19.1,-40.0,0.0,1.0,0.0,0.0,946.0
2026-07-20 15:36:07.112,0.0,,,,,28.73,928.0,19.1,-40.0,0.0,1.0,0.0,0.0,946.0
2026-07-20 15:36:07.313,0.0,,,,,28.72,927.9,18.4,-40.0,0.0,1.0,0.0,0.0,946.0
2026-07-20 15:36:07.513,0.0,,,,,28.72,927.9,18.4,-40.0,0.0,1.0,0.0,0.0,946.0
2026-07-20 15:36:07.757,0.0,,,,,28.73,928.0,18.6,-40.0,0.0,1.0,0.0,0.0,947.0
2026-07-20 15:36:07.922,0.0,,,,,28.73,928.0,18.6,-40.0,0.0,1.0,0.0,0.0,947.0
2026-07-20 15:36:08.112,0.0,,,,,28.73,928.0,18.6,-40.0,0.0,1.0,0.0,0.0,947.0
2026-07-20 15:36:08.313,0.0,,,,,28.72,927.9,18.4,-40.0,0.0,1.0,0.0,0.0,947.0
2026-07-20 15:36:08.513,0.0,,,,,28.72,927.9,18.4,-40.0,0.0,1.0,0.0,0.0,947.0
2026-07-20 15:36:08.756,0.0,,,,,28.73,928.0,19.3,-40.0,0.0,1.0,0.0,0.0,948.0
2026-07-20 15:36:08.933,0.0,,,,,28.73,928.0,19.3,-40.0,0.0,1.0,0.0,0.0,948.0
2026-07-20 15:36:09.113,0.0,,,,,28.73,928.0,19.3,-40.0,0.0,1.0,0.0,0.0,948.0
2026-07-20 15:36:09.313,0.0,,,,,28.73,928.0,18.2,-40.0,0.0,1.0,0.0,0.0,948.0
2026-07-20 15:36:09.629,0.0,,,,,28.73,928.0,18.2,-40.0,0.0,1.0,0.0,0.0,948.0
2026-07-20 15:36:09.757,0.0,,,,,28.73,928.0,18.3,-40.0,0.0,1.0,0.0,0.0,949.0
2026-07-20 15:36:09.954,0.0,,,,,28.73,928.0,18.3,-40.0,0.0,1.0,0.0,0.0,949.0
2026-07-20 15:36:10.113,0.0,,,,,28.73,928.0,18.3,-40.0,0.0,1.0,0.0,0.0,949.0
2026-07-20 15:36:10.313,0.0,,,,,28.73,928.0,18.5,-40.0,0.0,1.0,0.0,0.0,949.0
2026-07-20 15:36:10.513,0.0,,,,,28.73,928.0,18.5,-40.0,0.0,1.0,0.0,0.0,949.0
2026-07-20 15:36:10.756,0.0,,,,,28.75,928.0,18.4,-40.0,0.0,1.0,0.0,0.0,950.0
2026-07-20 15:36:10.956,0.0,,,,,28.75,928.0,18.4,-40.0,0.0,1.0,0.0,0.0,950.0
2026-07-20 15:36:11.112,0.0,,,,,28.75,928.0,18.4,-40.0,0.0,1.0,0.0,0.0,950.0
2026-07-20 15:36:11.313,0.0,,,,,28.72,927.9,18.7,-40.0,0.0,1.0,0.0,0.0,950.0
2026-07-20 15:36:11.552,0.0,,,,,28.72,927.9,18.7,-40.0,0.0,1.0,0.0,0.0,950.0
2026-07-20 15:36:11.757,0.0,,,,,28.73,927.9,18.6,-40.0,0.0,1.0,0.0,0.0,951.0
2026-07-20 15:36:11.940,0.0,,,,,28.73,927.9,18.6,-40.0,0.0,1.0,0.0,0.0,951.0
2026-07-20 15:36:12.113,0.0,,,,,28.73,927.9,18.6,-40.0,0.0,1.0,0.0,0.0,951.0
2026-07-20 15:36:12.313,0.0,,,,,28.73,928.0,18.3,-40.0,0.0,1.0,0.0,0.0,951.0
2026-07-20 15:36:12.512,0.0,,,,,28.73,928.0,18.3,-40.0,0.0,1.0,0.0,0.0,951.0
2026-07-20 15:36:12.757,0.0,,,,,28.73,927.9,18.4,-40.0,0.0,1.0,0.0,0.0,952.0
2026-07-20 15:36:12.933,0.0,,,,,28.73,927.9,18.4,-40.0,0.0,1.0,0.0,0.0,952.0
2026-07-20 15:36:13.113,0.0,,,,,28.73,927.9,18.4,-40.0,0.0,1.0,0.0,0.0,952.0
2026-07-20 15:36:13.313,0.0,,,,,28.73,927.9,18.6,-40.0,0.0,1.0,0.0,0.0,952.0
2026-07-20 15:36:13.594,0.0,,,,,28.73,927.9,18.6,-40.0,0.0,1.0,0.0,0.0,952.0
2026-07-20 15:36:13.757,0.0,,,,,28.75,927.9,19.3,-40.0,0.0,1.0,0.0,0.0,953.0
2026-07-20 15:36:13.940,0.0,,,,,28.75,927.9,19.3,-40.0,0.0,1.0,0.0,0.0,953.0
2026-07-20 15:36:14.112,0.0,,,,,28.75,927.9,19.3,-40.0,0.0,1.0,0.0,0.0,953.0
2026-07-20 15:36:14.313,0.0,,,,,28.73,927.9,18.6,-40.0,0.0,1.0,0.0,0.0,953.0
2026-07-20 15:36:14.513,0.0,,,,,28.73,927.9,18.6,-40.0,0.0,1.0,0.0,0.0,953.0
2026-07-20 15:36:14.757,0.0,,,,,28.73,927.9,18.8,-40.0,0.0,1.0,0.0,0.0,954.0
2026-07-20 15:36:14.938,0.0,,,,,28.73,927.9,18.8,-40.0,0.0,1.0,0.0,0.0,954.0
2026-07-20 15:36:15.114,0.0,,,,,28.73,927.9,18.8,-40.0,0.0,1.0,0.0,0.0,954.0
2026-07-20 15:36:15.313,0.0,,,,,28.75,927.8,18.4,-40.0,0.0,1.0,0.0,0.0,954.0
2026-07-20 15:36:15.526,0.0,,,,,28.75,927.8,18.4,-40.0,0.0,1.0,0.0,0.0,954.0
2026-07-20 15:36:15.756,0.0,,,,,28.73,927.9,18.5,-40.0,0.0,1.0,0.0,0.0,955.0
2026-07-20 15:36:15.941,0.0,,,,,28.73,927.9,18.5,-40.0,0.0,1.0,0.0,0.0,955.0
2026-07-20 15:36:16.113,0.0,,,,,28.73,927.9,18.5,-40.0,0.0,1.0,0.0,0.0,955.0
2026-07-20 15:36:16.312,0.0,,,,,28.73,927.8,18.2,-40.0,0.0,1.0,0.0,0.0,955.0
2026-07-20 15:36:16.512,0.0,,,,,28.73,927.8,18.2,-40.0,0.0,1.0,0.0,0.0,955.0
2026-07-20 15:36:16.757,0.0,,,,,28.75,927.9,18.6,-40.0,0.0,1.0,0.0,0.0,956.0
2026-07-20 15:36:16.943,0.0,,,,,28.75,927.9,18.6,-40.0,0.0,1.0,0.0,0.0,956.0
2026-07-20 15:36:17.112,0.0,,,,,28.75,927.9,18.6,-40.0,0.0,1.0,0.0,0.0,956.0
2026-07-20 15:36:17.313,0.0,,,,,28.73,927.9,18.4,-40.0,0.0,1.0,0.0,0.0,956.0
2026-07-20 15:36:17.532,0.0,,,,,28.73,927.9,18.4,-40.0,0.0,1.0,0.0,0.0,956.0
2026-07-20 15:36:17.756,0.0,,,,,28.73,927.9,18.3,-40.0,0.0,1.0,0.0,0.0,957.0
2026-07-20 15:36:17.912,0.0,,,,,28.73,927.9,18.3,-40.0,0.0,1.0,0.0,0.0,957.0
2026-07-20 15:36:18.135,0.0,,,,,28.73,927.9,18.3,-40.0,0.0,1.0,0.0,0.0,957.0
2026-07-20 15:36:18.313,0.0,,,,,28.73,927.9,18.9,-40.0,0.0,1.0,0.0,0.0,957.0
2026-07-20 15:36:18.512,0.0,,,,,28.73,927.9,18.9,-40.0,0.0,1.0,0.0,0.0,957.0
2026-07-20 15:36:18.756,0.0,,,,,28.75,927.9,18.8,-40.0,0.0,1.0,0.0,0.0,958.0
2026-07-20 15:36:18.912,0.0,,,,,28.75,927.9,18.8,-40.0,0.0,1.0,0.0,0.0,958.0
2026-07-20 15:36:19.112,0.0,,,,,28.75,927.9,18.8,-40.0,0.0,1.0,0.0,0.0,958.0
2026-07-20 15:36:19.338,0.0,,,,,28.75,927.9,18.6,-40.0,0.0,1.0,0.0,0.0,958.0
2026-07-20 15:36:19.512,0.0,,,,,28.75,927.9,18.6,-40.0,0.0,1.0,0.0,0.0,958.0
2026-07-20 15:36:19.756,0.0,,,,,28.73,927.9,18.8,-40.0,0.0,1.0,0.0,0.0,959.0
2026-07-20 15:36:19.913,0.0,,,,,28.73,927.9,18.8,-40.0,0.0,1.0,0.0,0.0,959.0
2026-07-20 15:36:20.113,0.0,,,,,28.73,927.9,18.8,-40.0,0.0,1.0,0.0,0.0,959.0
2026-07-20 15:36:20.313,0.0,,,,,28.75,927.9,18.6,-40.0,0.0,1.0,0.0,0.0,959.0
2026-07-20 15:36:20.513,0.0,,,,,28.75,927.9,18.6,-40.0,0.0,1.0,0.0,0.0,959.0
2026-07-20 15:36:20.756,0.0,,,,,28.75,927.9,19.0,-40.0,0.0,1.0,0.0,0.0,960.0
2026-07-20 15:36:20.913,0.0,,,,,28.75,927.9,19.0,-40.0,0.0,1.0,0.0,0.0,960.0
2026-07-20 15:36:21.112,0.0,,,,,28.75,927.9,19.0,-40.0,0.0,1.0,0.0,0.0,960.0
2026-07-20 15:36:21.313,0.0,,,,,28.73,927.9,18.6,-40.0,0.0,1.0,0.0,0.0,960.0
2026-07-20 15:36:21.513,0.0,,,,,28.73,927.9,18.6,-40.0,0.0,1.0,0.0,0.0,960.0
2026-07-20 15:36:21.756,0.0,,,,,28.73,927.9,19.2,-40.0,0.0,1.0,0.0,0.0,961.0
2026-07-20 15:36:21.937,0.0,,,,,28.73,927.9,19.2,-40.0,0.0,1.0,0.0,0.0,961.0
2026-07-20 15:36:22.112,0.0,,,,,28.73,927.9,19.2,-40.0,0.0,1.0,0.0,0.0,961.0
2026-07-20 15:36:22.313,0.0,,,,,28.75,927.9,18.2,-40.0,0.0,1.0,0.0,0.0,961.0
2026-07-20 15:36:22.513,0.0,,,,,28.75,927.9,18.2,-40.0,0.0,1.0,0.0,0.0,961.0
2026-07-20 15:36:22.757,0.0,,,,,28.72,927.9,18.9,-40.0,0.0,1.0,0.0,0.0,962.0
2026-07-20 15:36:22.926,0.0,,,,,28.72,927.9,18.9,-40.0,0.0,1.0,0.0,0.0,962.0
2026-07-20 15:36:23.112,0.0,,,,,28.72,927.9,18.9,-40.0,0.0,1.0,0.0,0.0,962.0
2026-07-20 15:36:23.312,0.0,,,,,28.73,927.9,18.2,-40.0,0.0,1.0,0.0,0.0,962.0
2026-07-20 15:36:23.527,0.0,,,,,28.73,927.9,18.2,-40.0,0.0,1.0,0.0,0.0,962.0
2026-07-20 15:36:23.757,0.0,,,,,28.73,927.9,18.9,-40.0,0.0,1.0,0.0,0.0,963.0
2026-07-20 15:36:23.949,0.0,,,,,28.73,927.9,18.9,-40.0,0.0,1.0,0.0,0.0,963.0
2026-07-20 15:36:24.113,0.0,,,,,28.73,927.9,18.9,-40.0,0.0,1.0,0.0,0.0,963.0
2026-07-20 15:36:24.313,0.0,,,,,28.72,927.9,18.1,-40.0,0.0,1.0,0.0,0.0,963.0
2026-07-20 15:36:24.532,0.0,,,,,28.72,927.9,18.1,-40.0,0.0,1.0,0.0,0.0,963.0
2026-07-20 15:36:24.756,0.0,,,,,28.75,927.9,18.5,-40.0,0.0,1.0,0.0,0.0,964.0
2026-07-20 15:36:24.912,0.0,,,,,28.75,927.9,18.5,-40.0,0.0,1.0,0.0,0.0,964.0
2026-07-20 15:36:25.137,0.0,,,,,28.75,927.9,18.5,-40.0,0.0,1.0,0.0,0.0,964.0
2026-07-20 15:36:25.312,0.0,,,,,28.73,927.9,18.3,-40.0,0.0,1.0,0.0,0.0,964.0
2026-07-20 15:36:25.512,0.0,,,,,28.73,927.9,18.3,-40.0,0.0,1.0,0.0,0.0,964.0
2026-07-20 15:36:25.759,0.0,,,,,28.73,927.9,18.8,-40.0,0.0,1.0,0.0,0.0,965.0
2026-07-20 15:36:25.912,0.0,,,,,28.73,927.9,18.8,-40.0,0.0,1.0,0.0,0.0,965.0
2026-07-20 15:36:26.138,0.0,,,,,28.73,927.9,18.8,-40.0,0.0,1.0,0.0,0.0,965.0
2026-07-20 15:36:26.313,0.0,,,,,28.73,927.9,18.6,-40.0,0.0,1.0,0.0,0.0,965.0
2026-07-20 15:36:26.512,0.0,,,,,28.73,927.9,18.6,-40.0,0.0,1.0,0.0,0.0,965.0
2026-07-20 15:36:26.756,0.0,,,,,28.73,927.9,19.1,-40.0,0.0,1.0,0.0,0.0,966.0
2026-07-20 15:36:26.913,0.0,,,,,28.73,927.9,19.1,-40.0,0.0,1.0,0.0,0.0,966.0
2026-07-20 15:36:27.112,0.0,,,,,28.73,927.9,19.1,-40.0,0.0,1.0,0.0,0.0,966.0
2026-07-20 15:36:27.340,0.0,,,,,28.73,927.9,18.5,-40.0,0.0,1.0,0.0,0.0,966.0
2026-07-20 15:36:27.513,0.0,,,,,28.73,927.9,18.5,-40.0,0.0,1.0,0.0,0.0,966.0
2026-07-20 15:36:27.756,0.0,,,,,28.75,927.9,18.4,-40.0,0.0,1.0,0.0,0.0,967.0
2026-07-20 15:36:27.951,0.0,,,,,28.75,927.9,18.4,-40.0,0.0,1.0,0.0,0.0,967.0
2026-07-20 15:36:28.112,0.0,,,,,28.75,927.9,18.4,-40.0,0.0,1.0,0.0,0.0,967.0
2026-07-20 15:36:28.312,0.0,,,,,28.73,927.9,18.6,-40.0,0.0,1.0,0.0,0.0,967.0
2026-07-20 15:36:28.537,0.0,,,,,28.73,927.9,18.6,-40.0,0.0,1.0,0.0,0.0,967.0
2026-07-20 15:36:28.756,0.0,,,,,28.73,927.9,19.0,-40.0,0.0,1.0,0.0,0.0,968.0
2026-07-20 15:36:28.912,0.0,,,,,28.73,927.9,19.0,-40.0,0.0,1.0,0.0,0.0,968.0
2026-07-20 15:36:29.112,0.0,,,,,28.73,927.9,19.0,-40.0,0.0,1.0,0.0,0.0,968.0
2026-07-20 15:36:29.313,0.0,,,,,28.73,927.9,18.2,-40.0,0.0,1.0,0.0,0.0,968.0
2026-07-20 15:36:29.532,0.0,,,,,28.73,927.9,18.2,-40.0,0.0,1.0,0.0,0.0,968.0
2026-07-20 15:36:29.756,0.0,,,,,28.75,928.0,18.4,-40.0,0.0,1.0,0.0,0.0,969.0
2026-07-20 15:36:29.912,0.0,,,,,28.75,928.0,18.4,-40.0,0.0,1.0,0.0,0.0,969.0
2026-07-20 15:36:30.137,0.0,,,,,28.75,928.0,18.4,-40.0,0.0,1.0,0.0,0.0,969.0
2026-07-20 15:36:30.312,0.0,,,,,28.75,927.9,18.2,-40.0,0.0,1.0,0.0,0.0,969.0
2026-07-20 15:36:30.512,0.0,,,,,28.75,927.9,18.2,-40.0,0.0,1.0,0.0,0.0,969.0
2026-07-20 15:36:30.763,0.0,,,,,28.73,927.9,18.7,-40.0,0.0,1.0,0.0,0.0,970.0
2026-07-20 15:36:30.912,0.0,,,,,28.73,927.9,18.7,-40.0,0.0,1.0,0.0,0.0,970.0
2026-07-20 15:36:31.112,0.0,,,,,28.73,927.9,18.7,-40.0,0.0,1.0,0.0,0.0,970.0
2026-07-20 15:36:31.344,0.0,,,,,28.73,927.9,18.6,-40.0,0.0,1.0,0.0,0.0,970.0
2026-07-20 15:36:31.513,0.0,,,,,28.73,927.9,18.6,-40.0,0.0,1.0,0.0,0.0,970.0
2026-07-20 15:36:31.756,0.0,,,,,28.73,927.9,19.1,-40.0,0.0,1.0,0.0,0.0,971.0
2026-07-20 15:36:31.947,0.0,,,,,28.73,927.9,19.1,-40.0,0.0,1.0,0.0,0.0,971.0
2026-07-20 15:36:32.112,0.0,,,,,28.73,927.9,19.1,-40.0,0.0,1.0,0.0,0.0,971.0
2026-07-20 15:36:32.311,0.0,,,,,28.73,928.0,18.4,-40.0,0.0,1.0,0.0,0.0,971.0
2026-07-20 15:36:32.512,0.0,,,,,28.73,928.0,18.4,-40.0,0.0,1.0,0.0,0.0,971.0
2026-07-20 15:36:32.756,0.0,,,,,28.73,927.9,19.2,-40.0,0.0,1.0,0.0,0.0,972.0
2026-07-20 15:36:32.941,0.0,,,,,28.73,927.9,19.2,-40.0,0.0,1.0,0.0,0.0,972.0
2026-07-20 15:36:33.112,0.0,,,,,28.73,927.9,19.2,-40.0,0.0,1.0,0.0,0.0,972.0
2026-07-20 15:36:33.312,0.0,,,,,28.73,927.9,18.6,-40.0,0.0,1.0,0.0,0.0,972.0
2026-07-20 15:36:33.512,0.0,,,,,28.73,927.9,18.6,-40.0,0.0,1.0,0.0,0.0,972.0
2026-07-20 15:36:33.756,0.0,,,,,28.73,927.9,18.0,-40.0,0.0,1.0,0.0,0.0,973.0
2026-07-20 15:36:33.944,0.0,,,,,28.73,927.9,18.0,-40.0,0.0,1.0,0.0,0.0,973.0
2026-07-20 15:36:34.112,0.0,,,,,28.73,927.9,18.0,-40.0,0.0,1.0,0.0,0.0,973.0
2026-07-20 15:36:34.313,0.0,,,,,28.73,927.9,18.4,-40.0,0.0,1.0,0.0,0.0,973.0
2026-07-20 15:36:34.542,0.0,,,,,28.73,927.9,18.4,-40.0,0.0,1.0,0.0,0.0,973.0
2026-07-20 15:36:34.757,0.0,,,,,28.73,927.9,19.1,-40.0,0.0,1.0,0.0,0.0,974.0
2026-07-20 15:36:34.913,0.0,,,,,28.73,927.9,19.1,-40.0,0.0,1.0,0.0,0.0,974.0
2026-07-20 15:36:35.142,0.0,,,,,28.73,927.9,19.1,-40.0,0.0,1.0,0.0,0.0,974.0
2026-07-20 15:36:35.312,0.0,,,,,28.73,927.9,18.1,-40.0,0.0,1.0,0.0,0.0,974.0
2026-07-20 15:36:35.512,0.0,,,,,28.73,927.9,18.1,-40.0,0.0,1.0,0.0,0.0,974.0
2026-07-20 15:36:35.756,0.0,,,,,28.73,927.9,19.2,-40.0,0.0,1.0,0.0,0.0,975.0
2026-07-20 15:36:35.912,0.0,,,,,28.73,927.9,19.2,-40.0,0.0,1.0,0.0,0.0,975.0
2026-07-20 15:36:36.135,0.0,,,,,28.73,927.9,19.2,-40.0,0.0,1.0,0.0,0.0,975.0
2026-07-20 15:36:36.312,0.0,,,,,28.73,927.9,18.6,-40.0,0.0,1.0,0.0,0.0,975.0
2026-07-20 15:36:36.512,0.0,,,,,28.73,927.9,18.6,-40.0,0.0,1.0,0.0,0.0,975.0
2026-07-20 15:36:36.756,0.0,,,,,28.75,927.9,18.7,-40.0,0.0,1.0,0.0,0.0,976.0
2026-07-20 15:36:36.912,0.0,,,,,28.75,927.9,18.7,-40.0,0.0,1.0,0.0,0.0,976.0
2026-07-20 15:36:37.112,0.0,,,,,28.75,927.9,18.7,-40.0,0.0,1.0,0.0,0.0,976.0
2026-07-20 15:36:37.333,0.0,,,,,28.75,927.9,18.3,-40.0,0.0,1.0,0.0,0.0,976.0
2026-07-20 15:36:37.512,0.0,,,,,28.75,927.9,18.3,-40.0,0.0,1.0,0.0,0.0,976.0
2026-07-20 15:36:37.756,0.0,,,,,28.73,927.9,18.4,-40.0,0.0,1.0,0.0,0.0,977.0
2026-07-20 15:36:37.928,0.0,,,,,28.73,927.9,18.4,-40.0,0.0,1.0,0.0,0.0,977.0
2026-07-20 15:36:38.112,0.0,,,,,28.73,927.9,18.4,-40.0,0.0,1.0,0.0,0.0,977.0
2026-07-20 15:36:38.313,0.0,,,,,28.73,928.0,18.6,-40.0,0.0,1.0,0.0,0.0,977.0
2026-07-20 15:36:38.545,0.0,,,,,28.73,928.0,18.6,-40.0,0.0,1.0,0.0,0.0,977.0
2026-07-20 15:36:38.756,0.0,,,,,28.73,927.9,19.1,-40.0,0.0,1.0,0.0,0.0,978.0
2026-07-20 15:36:38.942,0.0,,,,,28.73,927.9,19.1,-40.0,0.0,1.0,0.0,0.0,978.0
2026-07-20 15:36:39.112,0.0,,,,,28.73,927.9,19.1,-40.0,0.0,1.0,0.0,0.0,978.0
2026-07-20 15:36:39.312,0.0,,,,,28.73,927.9,18.6,-40.0,0.0,1.0,0.0,0.0,978.0
2026-07-20 15:36:39.512,0.0,,,,,28.73,927.9,18.6,-40.0,0.0,1.0,0.0,0.0,978.0
2026-07-20 15:36:39.756,0.0,,,,,28.73,927.9,19.1,-40.0,0.0,1.0,0.0,0.0,979.0
2026-07-20 15:36:39.948,0.0,,,,,28.73,927.9,19.1,-40.0,0.0,1.0,0.0,0.0,979.0
2026-07-20 15:36:40.112,0.0,,,,,28.73,927.9,19.1,-40.0,0.0,1.0,0.0,0.0,979.0
2026-07-20 15:36:40.311,0.0,,,,,28.73,927.9,18.6,-40.0,0.0,1.0,0.0,0.0,979.0
2026-07-20 15:36:40.512,0.0,,,,,28.73,927.9,18.6,-40.0,0.0,1.0,0.0,0.0,979.0
2026-07-20 15:36:40.756,0.0,,,,,28.73,927.9,18.6,-40.0,0.0,1.0,0.0,0.0,980.0
2026-07-20 15:36:40.937,0.0,,,,,28.73,927.9,18.6,-40.0,0.0,1.0,0.0,0.0,980.0
2026-07-20 15:36:41.112,0.0,,,,,28.73,927.9,18.6,-40.0,0.0,1.0,0.0,0.0,980.0
2026-07-20 15:36:41.336,0.0,,,,,28.75,927.9,18.6,-40.0,0.0,1.0,0.0,0.0,980.0
2026-07-20 15:36:41.512,0.0,,,,,28.75,927.9,18.6,-40.0,0.0,1.0,0.0,0.0,980.0
2026-07-20 15:36:41.756,0.0,,,,,28.73,927.9,18.3,-40.0,0.0,1.0,0.0,0.0,981.0
2026-07-20 15:36:41.939,0.0,,,,,28.73,927.9,18.3,-40.0,0.0,1.0,0.0,0.0,981.0
2026-07-20 15:36:42.112,0.0,,,,,28.73,927.9,18.3,-40.0,0.0,1.0,0.0,0.0,981.0
2026-07-20 15:36:42.312,0.0,,,,,28.73,927.9,18.5,-40.0,0.0,1.0,0.0,0.0,981.0
2026-07-20 15:36:42.550,0.0,,,,,28.73,927.9,18.5,-40.0,0.0,1.0,0.0,0.0,981.0
2026-07-20 15:36:42.756,0.0,,,,,28.75,927.9,18.3,-40.0,0.0,1.0,0.0,0.0,982.0
2026-07-20 15:36:42.955,0.0,,,,,28.75,927.9,18.3,-40.0,0.0,1.0,0.0,0.0,982.0
2026-07-20 15:36:43.112,0.0,,,,,28.75,927.9,18.3,-40.0,0.0,1.0,0.0,0.0,982.0
2026-07-20 15:36:43.311,0.0,,,,,28.73,927.9,18.4,-40.0,0.0,1.0,0.0,0.0,982.0
2026-07-20 15:36:43.511,0.0,,,,,28.73,927.9,18.4,-40.0,0.0,1.0,0.0,0.0,982.0
2026-07-20 15:36:43.755,0.0,,,,,28.73,927.9,19.4,-40.0,0.0,1.0,0.0,0.0,983.0
2026-07-20 15:36:43.941,0.0,,,,,28.73,927.9,19.4,-40.0,0.0,1.0,0.0,0.0,983.0
2026-07-20 15:36:44.112,0.0,,,,,28.73,927.9,19.4,-40.0,0.0,1.0,0.0,0.0,983.0
2026-07-20 15:36:44.312,0.0,,,,,28.75,928.0,18.3,-40.0,0.0,1.0,0.0,0.0,983.0
2026-07-20 15:36:44.512,0.0,,,,,28.75,928.0,18.3,-40.0,0.0,1.0,0.0,0.0,983.0
2026-07-20 15:36:44.755,0.0,,,,,28.73,928.0,19.1,-40.0,0.0,1.0,0.0,0.0,984.0
2026-07-20 15:36:44.938,0.0,,,,,28.73,928.0,19.1,-40.0,0.0,1.0,0.0,0.0,984.0
2026-07-20 15:36:45.112,0.0,,,,,28.73,928.0,19.1,-40.0,0.0,1.0,0.0,0.0,984.0
2026-07-20 15:36:45.312,0.0,,,,,28.73,927.9,18.3,-40.0,0.0,1.0,0.0,0.0,984.0
2026-07-20 15:36:45.517,0.0,,,,,28.73,927.9,18.3,-40.0,0.0,1.0,0.0,0.0,984.0
2026-07-20 15:36:45.756,0.0,,,,,28.73,927.9,18.5,-40.0,0.0,1.0,0.0,0.0,985.0
2026-07-20 15:36:45.944,0.0,,,,,28.73,927.9,18.5,-40.0,0.0,1.0,0.0,0.0,985.0
2026-07-20 15:36:46.112,0.0,,,,,28.73,927.9,18.5,-40.0,0.0,1.0,0.0,0.0,985.0
2026-07-20 15:36:46.312,0.0,,,,,28.73,928.0,18.1,-40.0,0.0,1.0,0.0,0.0,985.0
2026-07-20 15:36:46.512,0.0,,,,,28.73,928.0,18.1,-40.0,0.0,1.0,0.0,0.0,985.0
2026-07-20 15:36:46.756,0.0,,,,,28.73,927.9,18.9,-40.0,0.0,1.0,0.0,0.0,986.0
2026-07-20 15:36:46.952,0.0,,,,,28.73,927.9,18.9,-40.0,0.0,1.0,0.0,0.0,986.0
2026-07-20 15:36:47.112,0.0,,,,,28.73,927.9,18.9,-40.0,0.0,1.0,0.0,0.0,986.0
2026-07-20 15:36:47.311,0.0,,,,,28.73,927.9,18.9,-40.0,0.0,1.0,0.0,0.0,986.0
2026-07-20 15:36:47.512,0.0,,,,,28.73,927.9,18.9,-40.0,0.0,1.0,0.0,0.0,986.0
2026-07-20 15:36:47.756,0.0,,,,,28.73,928.0,19.4,-40.0,0.0,1.0,0.0,0.0,987.0
2026-07-20 15:36:47.942,0.0,,,,,28.73,928.0,19.4,-40.0,0.0,1.0,0.0,0.0,987.0
2026-07-20 15:36:48.112,0.0,,,,,28.73,928.0,19.4,-40.0,0.0,1.0,0.0,0.0,987.0
2026-07-20 15:36:48.312,0.0,,,,,28.73,927.9,19.3,-40.0,0.0,1.0,0.0,0.0,987.0
2026-07-20 15:36:48.512,0.0,,,,,28.73,927.9,19.3,-40.0,0.0,1.0,0.0,0.0,987.0
2026-07-20 15:36:48.756,0.0,,,,,28.73,927.8,18.5,-40.0,0.0,1.0,0.0,0.0,988.0
2026-07-20 15:36:48.938,0.0,,,,,28.73,927.8,18.5,-40.0,0.0,1.0,0.0,0.0,988.0
2026-07-20 15:36:49.112,0.0,,,,,28.73,927.8,18.5,-40.0,0.0,1.0,0.0,0.0,988.0
2026-07-20 15:36:49.312,0.0,,,,,28.73,927.9,18.3,-40.0,0.0,1.0,0.0,0.0,988.0
2026-07-20 15:36:49.551,0.0,,,,,28.73,927.9,18.3,-40.0,0.0,1.0,0.0,0.0,988.0
2026-07-20 15:36:49.756,0.0,,,,,28.73,927.9,19.1,-40.0,0.0,1.0,0.0,0.0,989.0
2026-07-20 15:36:49.912,0.0,,,,,28.73,927.9,19.1,-40.0,0.0,1.0,0.0,0.0,989.0
2026-07-20 15:36:50.113,0.0,,,,,28.73,927.9,19.1,-40.0,0.0,1.0,0.0,0.0,989.0
2026-07-20 15:36:50.313,0.0,,,,,28.73,928.0,18.6,-40.0,0.0,1.0,0.0,0.0,989.0
2026-07-20 15:36:50.543,0.0,,,,,28.73,928.0,18.6,-40.0,0.0,1.0,0.0,0.0,989.0
2026-07-20 15:36:50.756,0.0,,,,,28.73,928.0,18.3,-40.0,0.0,1.0,0.0,0.0,990.0
2026-07-20 15:36:50.911,0.0,,,,,28.73,928.0,18.3,-40.0,0.0,1.0,0.0,0.0,990.0
2026-07-20 15:36:51.145,0.0,,,,,28.73,928.0,18.3,-40.0,0.0,1.0,0.0,0.0,990.0
2026-07-20 15:36:51.312,0.0,,,,,28.73,927.9,18.8,-40.0,0.0,1.0,0.0,0.0,990.0
2026-07-20 15:36:51.511,0.0,,,,,28.73,927.9,18.8,-40.0,0.0,1.0,0.0,0.0,990.0
2026-07-20 15:36:51.755,0.0,,,,,28.73,928.0,19.0,-40.0,0.0,1.0,0.0,0.0,991.0
2026-07-20 15:36:51.912,0.0,,,,,28.73,928.0,19.0,-40.0,0.0,1.0,0.0,0.0,991.0
2026-07-20 15:36:52.111,0.0,,,,,28.73,928.0,19.0,-40.0,0.0,1.0,0.0,0.0,991.0
2026-07-20 15:36:52.333,0.0,,,,,28.73,927.9,18.7,-40.0,0.0,1.0,0.0,0.0,991.0
2026-07-20 15:36:52.512,0.0,,,,,28.73,927.9,18.7,-40.0,0.0,1.0,0.0,0.0,991.0
2026-07-20 15:36:52.756,0.0,,,,,28.73,927.9,18.4,-40.0,0.0,1.0,0.0,0.0,992.0
2026-07-20 15:36:52.940,0.0,,,,,28.73,927.9,18.4,-40.0,0.0,1.0,0.0,0.0,992.0
2026-07-20 15:36:53.112,0.0,,,,,28.73,927.9,18.4,-40.0,0.0,1.0,0.0,0.0,992.0
2026-07-20 15:36:53.312,0.0,,,,,28.72,927.9,18.3,-40.0,0.0,1.0,0.0,0.0,992.0
2026-07-20 15:36:53.601,0.0,,,,,28.72,927.9,18.3,-40.0,0.0,1.0,0.0,0.0,992.0
2026-07-20 15:36:53.756,0.0,,,,,28.73,927.9,19.1,-40.0,0.0,1.0,0.0,0.0,993.0
2026-07-20 15:36:53.941,0.0,,,,,28.73,927.9,19.1,-40.0,0.0,1.0,0.0,0.0,993.0
2026-07-20 15:36:54.111,0.0,,,,,28.73,927.9,19.1,-40.0,0.0,1.0,0.0,0.0,993.0
2026-07-20 15:36:54.312,0.0,,,,,28.73,927.9,18.8,-40.0,0.0,1.0,0.0,0.0,993.0
2026-07-20 15:36:54.534,0.0,,,,,28.73,927.9,18.8,-40.0,0.0,1.0,0.0,0.0,993.0
2026-07-20 15:36:54.755,0.0,,,,,28.73,927.9,19.0,-40.0,0.0,1.0,0.0,0.0,994.0
2026-07-20 15:36:54.911,0.0,,,,,28.73,927.9,19.0,-40.0,0.0,1.0,0.0,0.0,994.0
2026-07-20 15:36:55.137,0.0,,,,,28.73,927.9,19.0,-40.0,0.0,1.0,0.0,0.0,994.0
2026-07-20 15:36:55.312,0.0,,,,,28.73,927.9,18.5,-40.0,0.0,1.0,0.0,0.0,994.0
2026-07-20 15:36:55.512,0.0,,,,,28.73,927.9,18.5,-40.0,0.0,1.0,0.0,0.0,994.0
2026-07-20 15:36:55.755,0.0,,,,,28.72,927.8,19.4,-40.0,0.0,1.0,0.0,0.0,995.0
2026-07-20 15:36:55.912,0.0,,,,,28.72,927.8,19.4,-40.0,0.0,1.0,0.0,0.0,995.0
2026-07-20 15:36:56.139,0.0,,,,,28.72,927.8,19.4,-40.0,0.0,1.0,0.0,0.0,995.0
2026-07-20 15:36:56.312,0.0,,,,,28.73,927.9,19.2,-40.0,0.0,1.0,0.0,0.0,995.0
2026-07-20 15:36:56.512,0.0,,,,,28.73,927.9,19.2,-40.0,0.0,1.0,0.0,0.0,995.0
2026-07-20 15:36:56.755,0.0,,,,,28.72,927.9,18.8,-40.0,0.0,1.0,0.0,0.0,996.0
2026-07-20 15:36:56.912,0.0,,,,,28.72,927.9,18.8,-40.0,0.0,1.0,0.0,0.0,996.0
2026-07-20 15:36:57.112,0.0,,,,,28.72,927.9,18.8,-40.0,0.0,1.0,0.0,0.0,996.0
2026-07-20 15:36:57.315,0.0,,,,,28.73,927.9,18.6,-40.0,0.0,1.0,0.0,0.0,996.0
2026-07-20 15:36:57.512,0.0,,,,,28.73,927.9,18.6,-40.0,0.0,1.0,0.0,0.0,996.0
2026-07-20 15:36:57.756,0.0,,,,,28.72,927.8,18.7,-40.0,0.0,1.0,0.0,0.0,997.0
2026-07-20 15:36:57.916,0.0,,,,,28.72,927.8,18.7,-40.0,0.0,1.0,0.0,0.0,997.0
2026-07-20 15:36:58.112,0.0,,,,,28.72,927.8,18.7,-40.0,0.0,1.0,0.0,0.0,997.0
2026-07-20 15:36:58.312,0.0,,,,,28.72,927.8,18.2,-40.0,0.0,1.0,0.0,0.0,997.0
2026-07-20 15:36:58.512,0.0,,,,,28.72,927.8,18.2,-40.0,0.0,1.0,0.0,0.0,997.0
2026-07-20 15:36:58.755,0.0,,,,,28.73,928.0,19.4,-40.0,0.0,1.0,0.0,0.0,998.0
2026-07-20 15:36:58.930,0.0,,,,,28.73,928.0,19.4,-40.0,0.0,1.0,0.0,0.0,998.0
2026-07-20 15:36:59.112,0.0,,,,,28.73,928.0,19.4,-40.0,0.0,1.0,0.0,0.0,998.0
2026-07-20 15:36:59.311,0.0,,,,,28.73,927.9,18.4,-40.0,0.0,1.0,0.0,0.0,998.0
2026-07-20 15:36:59.511,0.0,,,,,28.73,927.9,18.4,-40.0,0.0,1.0,0.0,0.0,998.0
2026-07-20 15:36:59.755,0.0,,,,,28.73,927.9,18.4,-40.0,0.0,1.0,0.0,0.0,999.0
2026-07-20 15:36:59.931,0.0,,,,,28.73,927.9,18.4,-40.0,0.0,1.0,0.0,0.0,999.0
2026-07-20 15:37:00.111,0.0,,,,,28.73,927.9,18.4,-40.0,0.0,1.0,0.0,0.0,999.0
2026-07-20 15:37:00.312,0.0,,,,,28.73,927.9,19.3,-40.0,0.0,1.0,0.0,0.0,999.0
2026-07-20 15:37:00.536,0.0,,,,,28.73,927.9,19.3,-40.0,0.0,1.0,0.0,0.0,999.0
2026-07-20 15:37:00.755,0.0,,,,,28.73,927.9,19.2,-40.0,0.0,1.0,0.0,0.0,1000.0
2026-07-20 15:37:00.945,0.0,,,,,28.73,927.9,19.2,-40.0,0.0,1.0,0.0,0.0,1000.0
2026-07-20 15:37:01.111,0.0,,,,,28.73,927.9,19.2,-40.0,0.0,1.0,0.0,0.0,1000.0
2026-07-20 15:37:01.312,0.0,,,,,28.73,927.9,18.7,-40.0,0.0,1.0,0.0,0.0,1000.0
2026-07-20 15:37:01.511,0.0,,,,,28.73,927.9,18.7,-40.0,0.0,1.0,0.0,0.0,1000.0
2026-07-20 15:37:01.755,0.0,,,,,28.73,927.9,18.4,-40.0,0.0,1.0,0.0,0.0,1001.0
2026-07-20 15:37:01.940,0.0,,,,,28.73,927.9,18.4,-40.0,0.0,1.0,0.0,0.0,1001.0
2026-07-20 15:37:02.111,0.0,,,,,28.73,927.9,18.4,-40.0,0.0,1.0,0.0,0.0,1001.0
2026-07-20 15:37:02.311,0.0,,,,,28.73,928.0,18.4,-40.0,0.0,1.0,0.0,0.0,1001.0
2026-07-20 15:37:02.511,0.0,,,,,28.73,928.0,18.4,-40.0,0.0,1.0,0.0,0.0,1001.0
2026-07-20 15:37:02.755,0.0,,,,,28.73,927.9,18.4,-40.0,0.0,1.0,0.0,0.0,1002.0
2026-07-20 15:37:02.949,0.0,,,,,28.73,927.9,18.4,-40.0,0.0,1.0,0.0,0.0,1002.0
2026-07-20 15:37:03.111,0.0,,,,,28.73,927.9,18.4,-40.0,0.0,1.0,0.0,0.0,1002.0
2026-07-20 15:37:03.311,0.0,,,,,28.73,927.9,18.4,-40.0,0.0,1.0,0.0,0.0,1002.0
2026-07-20 15:37:03.511,0.0,,,,,28.73,927.9,18.4,-40.0,0.0,1.0,0.0,0.0,1002.0
2026-07-20 15:37:03.755,0.0,,,,,28.73,928.0,18.3,-40.0,0.0,1.0,0.0,0.0,1003.0
2026-07-20 15:37:03.943,0.0,,,,,28.73,928.0,18.3,-40.0,0.0,1.0,0.0,0.0,1003.0
2026-07-20 15:37:04.111,0.0,,,,,28.73,928.0,18.3,-40.0,0.0,1.0,0.0,0.0,1003.0
2026-07-20 15:37:04.312,0.0,,,,,28.75,927.9,18.5,-40.0,0.0,1.0,0.0,0.0,1003.0
2026-07-20 15:37:04.511,0.0,,,,,28.75,927.9,18.5,-40.0,0.0,1.0,0.0,0.0,1003.0
2026-07-20 15:37:04.755,0.0,,,,,28.73,927.9,18.5,-40.0,0.0,1.0,0.0,0.0,1004.0
2026-07-20 15:37:04.911,0.0,,,,,28.73,927.9,18.5,-40.0,0.0,1.0,0.0,0.0,1004.0
2026-07-20 15:37:05.111,0.0,,,,,28.73,927.9,18.5,-40.0,0.0,1.0,0.0,0.0,1004.0
2026-07-20 15:37:05.336,0.0,,,,,28.75,927.9,18.2,-40.0,0.0,1.0,0.0,0.0,1004.0
2026-07-20 15:37:05.511,0.0,,,,,28.75,927.9,18.2,-40.0,0.0,1.0,0.0,0.0,1004.0
2026-07-20 15:37:05.756,0.0,,,,,28.75,927.9,19.1,-40.0,0.0,1.0,0.0,0.0,1005.0
2026-07-20 15:37:05.917,0.0,,,,,28.75,927.9,19.1,-40.0,0.0,1.0,0.0,0.0,1005.0
2026-07-20 15:37:06.111,0.0,,,,,28.75,927.9,19.1,-40.0,0.0,1.0,0.0,0.0,1005.0
2026-07-20 15:37:06.311,0.0,,,,,28.73,927.9,19.1,-40.0,0.0,1.0,0.0,0.0,1005.0
2026-07-20 15:37:06.511,0.0,,,,,28.73,927.9,19.1,-40.0,0.0,1.0,0.0,0.0,1005.0
2026-07-20 15:37:06.755,0.0,,,,,28.72,927.8,18.5,-40.0,0.0,1.0,0.0,0.0,1006.0
2026-07-20 15:37:06.935,0.0,,,,,28.72,927.8,18.5,-40.0,0.0,1.0,0.0,0.0,1006.0
2026-07-20 15:37:07.111,0.0,,,,,28.72,927.8,18.5,-40.0,0.0,1.0,0.0,0.0,1006.0
2026-07-20 15:37:07.312,0.0,,,,,28.73,927.9,18.6,-40.0,0.0,1.0,0.0,0.0,1006.0
2026-07-20 15:37:07.538,0.0,,,,,28.73,927.9,18.6,-40.0,0.0,1.0,0.0,0.0,1006.0
2026-07-20 15:37:07.755,0.0,,,,,28.73,927.9,18.4,-40.0,0.0,1.0,0.0,0.0,1007.0
2026-07-20 15:37:07.911,0.0,,,,,28.73,927.9,18.4,-40.0,0.0,1.0,0.0,0.0,1007.0
2026-07-20 15:37:08.111,0.0,,,,,28.73,927.9,18.4,-40.0,0.0,1.0,0.0,0.0,1007.0
2026-07-20 15:37:08.311,0.0,,,,,28.73,927.9,18.3,-40.0,0.0,1.0,0.0,0.0,1007.0
2026-07-20 15:37:08.512,0.0,,,,,28.73,927.9,18.3,-40.0,0.0,1.0,0.0,0.0,1007.0
2026-07-20 15:37:08.755,0.0,,,,,28.73,927.9,18.9,-40.0,0.0,1.0,0.0,0.0,1008.0
2026-07-20 15:37:08.911,0.0,,,,,28.73,927.9,18.9,-40.0,0.0,1.0,0.0,0.0,1008.0
2026-07-20 15:37:09.111,0.0,,,,,28.73,927.9,18.9,-40.0,0.0,1.0,0.0,0.0,1008.0
2026-07-20 15:37:09.325,0.0,,,,,28.73,927.9,18.4,-40.0,0.0,1.0,0.0,0.0,1008.0
2026-07-20 15:37:09.511,0.0,,,,,28.73,927.9,18.4,-40.0,0.0,1.0,0.0,0.0,1008.0
2026-07-20 15:37:09.755,0.0,,,,,28.73,927.9,19.1,-40.0,0.0,1.0,0.0,0.0,1009.0
2026-07-20 15:37:09.936,0.0,,,,,28.73,927.9,19.1,-40.0,0.0,1.0,0.0,0.0,1009.0
2026-07-20 15:37:10.111,0.0,,,,,28.73,927.9,19.1,-40.0,0.0,1.0,0.0,0.0,1009.0
2026-07-20 15:37:10.311,0.0,,,,,28.72,927.9,18.8,-40.0,0.0,1.0,0.0,0.0,1009.0
2026-07-20 15:37:10.538,0.0,,,,,28.72,927.9,18.8,-40.0,0.0,1.0,0.0,0.0,1009.0
2026-07-20 15:37:10.755,0.0,,,,,28.73,927.9,18.7,-40.0,0.0,1.0,0.0,0.0,1010.0
2026-07-20 15:37:10.911,0.0,,,,,28.73,927.9,18.7,-40.0,0.0,1.0,0.0,0.0,1010.0
2026-07-20 15:37:11.111,0.0,,,,,28.73,927.9,18.7,-40.0,0.0,1.0,0.0,0.0,1010.0
2026-07-20 15:37:11.311,0.0,,,,,28.73,927.9,18.5,-40.0,0.0,1.0,0.0,0.0,1010.0
2026-07-20 15:37:11.511,0.0,,,,,28.73,927.9,18.5,-40.0,0.0,1.0,0.0,0.0,1010.0
2026-07-20 15:37:11.756,0.0,,,,,28.73,927.9,19.1,-40.0,0.0,1.0,0.0,0.0,1011.0
2026-07-20 15:37:11.911,0.0,,,,,28.73,927.9,19.1,-40.0,0.0,1.0,0.0,0.0,1011.0
2026-07-20 15:37:12.111,0.0,,,,,28.73,927.9,19.1,-40.0,0.0,1.0,0.0,0.0,1011.0
2026-07-20 15:37:12.342,0.0,,,,,28.73,927.9,18.8,-40.0,0.0,1.0,0.0,0.0,1011.0
2026-07-20 15:37:12.511,0.0,,,,,28.73,927.9,18.8,-40.0,0.0,1.0,0.0,0.0,1011.0
2026-07-20 15:37:12.755,0.0,,,,,28.73,927.9,18.8,-40.0,0.0,1.0,0.0,0.0,1012.0
2026-07-20 15:37:12.911,0.0,,,,,28.73,927.9,18.8,-40.0,0.0,1.0,0.0,0.0,1012.0
2026-07-20 15:37:13.111,0.0,,,,,28.73,927.9,18.8,-40.0,0.0,1.0,0.0,0.0,1012.0
2026-07-20 15:37:13.340,0.0,,,,,28.73,927.9,18.6,-40.0,0.0,1.0,0.0,0.0,1012.0
2026-07-20 15:37:13.511,0.0,,,,,28.73,927.9,18.6,-40.0,0.0,1.0,0.0,0.0,1012.0
2026-07-20 15:37:13.755,0.0,,,,,28.73,927.9,18.7,-40.0,0.0,1.0,0.0,0.0,1013.0
2026-07-20 15:37:13.911,0.0,,,,,28.73,927.9,18.7,-40.0,0.0,1.0,0.0,0.0,1013.0
2026-07-20 15:37:14.111,0.0,,,,,28.73,927.9,18.7,-40.0,0.0,1.0,0.0,0.0,1013.0
2026-07-20 15:37:14.311,0.0,,,,,28.73,927.9,18.6,-40.0,0.0,1.0,0.0,0.0,1013.0
2026-07-20 15:37:14.511,0.0,,,,,28.73,927.9,18.6,-40.0,0.0,1.0,0.0,0.0,1013.0
2026-07-20 15:37:14.755,0.0,,,,,28.73,927.9,19.7,-40.0,0.0,1.0,0.0,0.0,1014.0
2026-07-20 15:37:14.936,0.0,,,,,28.73,927.9,19.7,-40.0,0.0,1.0,0.0,0.0,1014.0
2026-07-20 15:37:15.111,0.0,,,,,28.73,927.9,19.7,-40.0,0.0,1.0,0.0,0.0,1014.0
2026-07-20 15:37:15.311,0.0,,,,,28.73,927.9,18.9,-40.0,0.0,1.0,0.0,0.0,1014.0
2026-07-20 15:37:15.535,0.0,,,,,28.73,927.9,18.9,-40.0,0.0,1.0,0.0,0.0,1014.0
2026-07-20 15:37:15.754,0.0,,,,,28.73,927.9,19.5,-40.0,0.0,1.0,0.0,0.0,1015.0
2026-07-20 15:37:15.910,0.0,,,,,28.73,927.9,19.5,-40.0,0.0,1.0,0.0,0.0,1015.0
2026-07-20 15:37:16.122,0.0,,,,,28.73,927.9,19.5,-40.0,0.0,1.0,0.0,0.0,1015.0
2026-07-20 15:37:16.311,0.0,,,,,28.73,927.9,18.7,-40.0,0.0,1.0,0.0,0.0,1015.0
2026-07-20 15:37:16.511,0.0,,,,,28.73,927.9,18.7,-40.0,0.0,1.0,0.0,0.0,1015.0
2026-07-20 15:37:16.755,0.0,,,,,28.73,927.9,18.8,-40.0,0.0,1.0,0.0,0.0,1016.0
2026-07-20 15:37:16.911,0.0,,,,,28.73,927.9,18.8,-40.0,0.0,1.0,0.0,0.0,1016.0
2026-07-20 15:37:17.111,0.0,,,,,28.73,927.9,18.8,-40.0,0.0,1.0,0.0,0.0,1016.0
2026-07-20 15:37:17.311,0.0,,,,,28.73,927.9,18.8,-40.0,0.0,1.0,0.0,0.0,1016.0
2026-07-20 15:37:17.511,0.0,,,,,28.73,927.9,18.8,-40.0,0.0,1.0,0.0,0.0,1016.0
2026-07-20 15:37:17.754,0.0,,,,,28.73,927.9,18.9,-40.0,0.0,1.0,0.0,0.0,1017.0
2026-07-20 15:37:17.911,0.0,,,,,28.73,927.9,18.9,-40.0,0.0,1.0,0.0,0.0,1017.0
2026-07-20 15:37:18.111,0.0,,,,,28.73,927.9,18.9,-40.0,0.0,1.0,0.0,0.0,1017.0
2026-07-20 15:37:18.311,0.0,,,,,28.73,927.9,19.0,-40.0,0.0,1.0,0.0,0.0,1017.0
2026-07-20 15:37:18.511,0.0,,,,,28.73,927.9,19.0,-40.0,0.0,1.0,0.0,0.0,1017.0
2026-07-20 15:37:18.755,0.0,,,,,28.73,927.9,18.8,-40.0,0.0,1.0,0.0,0.0,1018.0
2026-07-20 15:37:18.940,0.0,,,,,28.73,927.9,18.8,-40.0,0.0,1.0,0.0,0.0,1018.0
2026-07-20 15:37:19.110,0.0,,,,,28.73,927.9,18.8,-40.0,0.0,1.0,0.0,0.0,1018.0
2026-07-20 15:37:19.311,0.0,,,,,28.73,927.9,18.5,-40.0,0.0,1.0,0.0,0.0,1018.0
2026-07-20 15:37:19.511,0.0,,,,,28.73,927.9,18.5,-40.0,0.0,1.0,0.0,0.0,1018.0
2026-07-20 15:37:19.755,0.0,,,,,28.72,927.9,19.8,-40.0,0.0,1.0,0.0,0.0,1019.0
2026-07-20 15:37:19.915,0.0,,,,,28.72,927.9,19.8,-40.0,0.0,1.0,0.0,0.0,1019.0
2026-07-20 15:37:20.111,0.0,,,,,28.72,927.9,19.8,-40.0,0.0,1.0,0.0,0.0,1019.0
2026-07-20 15:37:20.311,0.0,,,,,28.73,927.9,19.1,-40.0,0.0,1.0,0.0,0.0,1019.0
2026-07-20 15:37:20.511,0.0,,,,,28.73,927.9,19.1,-40.0,0.0,1.0,0.0,0.0,1019.0
2026-07-20 15:37:20.755,0.0,,,,,28.72,927.9,19.1,-40.0,0.0,1.0,0.0,0.0,1020.0
2026-07-20 15:37:20.939,0.0,,,,,28.72,927.9,19.1,-40.0,0.0,1.0,0.0,0.0,1020.0
2026-07-20 15:37:21.111,0.0,,,,,28.72,927.9,19.1,-40.0,0.0,1.0,0.0,0.0,1020.0
2026-07-20 15:37:21.311,0.0,,,,,28.73,927.9,18.7,-40.0,0.0,1.0,0.0,0.0,1020.0
2026-07-20 15:37:21.541,0.0,,,,,28.73,927.9,18.7,-40.0,0.0,1.0,0.0,0.0,1020.0
2026-07-20 15:37:21.755,0.0,,,,,28.73,927.9,19.2,-40.0,0.0,1.0,0.0,0.0,1021.0
2026-07-20 15:37:21.911,0.0,,,,,28.73,927.9,19.2,-40.0,0.0,1.0,0.0,0.0,1021.0
2026-07-20 15:37:22.140,0.0,,,,,28.73,927.9,19.2,-40.0,0.0,1.0,0.0,0.0,1021.0
2026-07-20 15:37:22.311,0.0,,,,,28.73,927.9,18.5,-40.0,0.0,1.0,0.0,0.0,1021.0
2026-07-20 15:37:22.511,0.0,,,,,28.73,927.9,18.5,-40.0,0.0,1.0,0.0,0.0,1021.0
2026-07-20 15:37:22.756,0.0,,,,,28.72,927.9,18.9,-40.0,0.0,1.0,0.0,0.0,1022.0
2026-07-20 15:37:22.911,0.0,,,,,28.72,927.9,18.9,-40.0,0.0,1.0,0.0,0.0,1022.0
2026-07-20 15:37:23.111,0.0,,,,,28.72,927.9,18.9,-40.0,0.0,1.0,0.0,0.0,1022.0
2026-07-20 15:37:23.311,0.0,,,,,28.73,927.9,18.3,-40.0,0.0,1.0,0.0,0.0,1022.0
2026-07-20 15:37:23.511,0.0,,,,,28.73,927.9,18.3,-40.0,0.0,1.0,0.0,0.0,1022.0
2026-07-20 15:37:23.755,0.0,,,,,28.73,927.9,18.6,-40.0,0.0,1.0,0.0,0.0,1023.0
2026-07-20 15:37:23.911,0.0,,,,,28.73,927.9,18.6,-40.0,0.0,1.0,0.0,0.0,1023.0
2026-07-20 15:37:24.111,0.0,,,,,28.73,927.9,18.6,-40.0,0.0,1.0,0.0,0.0,1023.0
2026-07-20 15:37:24.310,0.0,,,,,28.73,927.9,18.6,-40.0,0.0,1.0,0.0,0.0,1023.0
2026-07-20 15:37:24.511,0.0,,,,,28.73,927.9,18.6,-40.0,0.0,1.0,0.0,0.0,1023.0
2026-07-20 15:37:24.755,0.0,,,,,28.73,927.9,18.6,-40.0,0.0,1.0,0.0,0.0,1024.0
2026-07-20 15:37:24.920,0.0,,,,,28.73,927.9,18.6,-40.0,0.0,1.0,0.0,0.0,1024.0
2026-07-20 15:37:25.111,0.0,,,,,28.73,927.9,18.6,-40.0,0.0,1.0,0.0,0.0,1024.0
2026-07-20 15:37:25.325,0.0,,,,,28.73,927.9,18.8,-40.0,0.0,1.0,0.0,0.0,1024.0
2026-07-20 15:37:25.511,0.0,,,,,28.73,927.9,18.8,-40.0,0.0,1.0,0.0,0.0,1024.0
2026-07-20 15:37:25.756,0.0,,,,,28.72,927.9,19.2,-40.0,0.0,1.0,0.0,0.0,1025.0
2026-07-20 15:37:25.944,0.0,,,,,28.72,927.9,19.2,-40.0,0.0,1.0,0.0,0.0,1025.0
2026-07-20 15:37:26.111,0.0,,,,,28.72,927.9,19.2,-40.0,0.0,1.0,0.0,0.0,1025.0
2026-07-20 15:37:26.336,0.0,,,,,28.73,927.9,18.5,-40.0,0.0,1.0,0.0,0.0,1025.0
2026-07-20 15:37:26.511,0.0,,,,,28.73,927.9,18.5,-40.0,0.0,1.0,0.0,0.0,1025.0
2026-07-20 15:37:26.755,0.0,,,,,28.73,927.9,19.1,-40.0,0.0,1.0,0.0,0.0,1026.0
2026-07-20 15:37:26.927,0.0,,,,,28.73,927.9,19.1,-40.0,0.0,1.0,0.0,0.0,1026.0
2026-07-20 15:37:27.111,0.0,,,,,28.73,927.9,19.1,-40.0,0.0,1.0,0.0,0.0,1026.0
2026-07-20 15:37:27.311,0.0,,,,,28.73,927.9,18.7,-40.0,0.0,1.0,0.0,0.0,1026.0
2026-07-20 15:37:27.533,0.0,,,,,28.73,927.9,18.7,-40.0,0.0,1.0,0.0,0.0,1026.0
2026-07-20 15:37:27.754,0.0,,,,,28.73,927.9,19.3,-40.0,0.0,1.0,0.0,0.0,1027.0
2026-07-20 15:37:27.911,0.0,,,,,28.73,927.9,19.3,-40.0,0.0,1.0,0.0,0.0,1027.0
2026-07-20 15:37:28.133,0.0,,,,,28.73,927.9,19.3,-40.0,0.0,1.0,0.0,0.0,1027.0
2026-07-20 15:37:28.311,0.0,,,,,28.73,927.9,18.4,-40.0,0.0,1.0,0.0,0.0,1027.0
2026-07-20 15:37:28.511,0.0,,,,,28.73,927.9,18.4,-40.0,0.0,1.0,0.0,0.0,1027.0
2026-07-20 15:37:28.786,0.0,,,,,28.72,927.9,18.9,-40.0,0.0,1.0,0.0,0.0,1028.0
2026-07-20 15:37:28.911,0.0,,,,,28.72,927.9,18.9,-40.0,0.0,1.0,0.0,0.0,1028.0
2026-07-20 15:37:29.111,0.0,,,,,28.72,927.9,18.9,-40.0,0.0,1.0,0.0,0.0,1028.0
2026-07-20 15:37:29.310,0.0,,,,,28.72,927.9,18.6,-40.0,0.0,1.0,0.0,0.0,1028.0
2026-07-20 15:37:29.511,0.0,,,,,28.72,927.9,18.6,-40.0,0.0,1.0,0.0,0.0,1028.0
2026-07-20 15:37:29.760,0.0,,,,,28.73,927.9,17.9,-40.0,0.0,1.0,0.0,0.0,1029.0
2026-07-20 15:37:29.911,0.0,,,,,28.73,927.9,17.9,-40.0,0.0,1.0,0.0,0.0,1029.0
2026-07-20 15:37:30.111,0.0,,,,,28.73,927.9,17.9,-40.0,0.0,1.0,0.0,0.0,1029.0
2026-07-20 15:37:30.328,0.0,,,,,28.73,927.9,18.6,-40.0,0.0,1.0,0.0,0.0,1029.0
2026-07-20 15:37:30.511,0.0,,,,,28.73,927.9,18.6,-40.0,0.0,1.0,0.0,0.0,1029.0
2026-07-20 15:37:30.755,0.0,,,,,28.73,927.9,18.3,-40.0,0.0,1.0,0.0,0.0,1030.0
2026-07-20 15:37:30.944,0.0,,,,,28.73,927.9,18.3,-40.0,0.0,1.0,0.0,0.0,1030.0
2026-07-20 15:37:31.111,0.0,,,,,28.73,927.9,18.3,-40.0,0.0,1.0,0.0,0.0,1030.0
2026-07-20 15:37:31.310,0.0,,,,,28.73,927.9,19.0,-40.0,0.0,1.0,0.0,0.0,1030.0
2026-07-20 15:37:31.541,0.0,,,,,28.73,927.9,19.0,-40.0,0.0,1.0,0.0,0.0,1030.0
2026-07-20 15:37:31.754,0.0,,,,,28.72,927.9,19.0,-40.0,0.0,1.0,0.0,0.0,1031.0
2026-07-20 15:37:31.911,0.0,,,,,28.72,927.9,19.0,-40.0,0.0,1.0,0.0,0.0,1031.0
2026-07-20 15:37:32.142,0.0,,,,,28.72,927.9,19.0,-40.0,0.0,1.0,0.0,0.0,1031.0
2026-07-20 15:37:32.311,0.0,,,,,28.73,927.9,18.2,-40.0,0.0,1.0,0.0,0.0,1031.0
2026-07-20 15:37:32.511,0.0,,,,,28.73,927.9,18.2,-40.0,0.0,1.0,0.0,0.0,1031.0
2026-07-20 15:37:32.782,0.0,,,,,28.73,927.9,18.7,-40.0,0.0,1.0,0.0,0.0,1032.0
2026-07-20 15:37:32.911,0.0,,,,,28.73,927.9,18.7,-40.0,0.0,1.0,0.0,0.0,1032.0
2026-07-20 15:37:33.146,0.0,,,,,28.73,927.9,18.7,-40.0,0.0,1.0,0.0,0.0,1032.0
2026-07-20 15:37:33.310,0.0,,,,,28.73,927.9,18.3,-40.0,0.0,1.0,0.0,0.0,1032.0
2026-07-20 15:37:33.510,0.0,,,,,28.73,927.9,18.3,-40.0,0.0,1.0,0.0,0.0,1032.0
2026-07-20 15:37:33.754,0.0,,,,,28.73,927.9,19.3,-40.0,0.0,1.0,0.0,0.0,1033.0
2026-07-20 15:37:33.910,0.0,,,,,28.73,927.9,19.3,-40.0,0.0,1.0,0.0,0.0,1033.0
2026-07-20 15:37:34.110,0.0,,,,,28.73,927.9,19.3,-40.0,0.0,1.0,0.0,0.0,1033.0
2026-07-20 15:37:34.310,0.0,,,,,28.72,927.9,18.4,-40.0,0.0,1.0,0.0,0.0,1033.0
2026-07-20 15:37:34.510,0.0,,,,,28.72,927.9,18.4,-40.0,0.0,1.0,0.0,0.0,1033.0
2026-07-20 15:37:34.754,0.0,,,,,28.73,927.9,18.5,-40.0,0.0,1.0,0.0,0.0,1034.0
2026-07-20 15:37:34.911,0.0,,,,,28.73,927.9,18.5,-40.0,0.0,1.0,0.0,0.0,1034.0
2026-07-20 15:37:35.110,0.0,,,,,28.73,927.9,18.5,-40.0,0.0,1.0,0.0,0.0,1034.0
2026-07-20 15:37:35.337,0.0,,,,,28.73,927.9,18.8,-40.0,0.0,1.0,0.0,0.0,1034.0
2026-07-20 15:37:35.511,0.0,,,,,28.73,927.9,18.8,-40.0,0.0,1.0,0.0,0.0,1034.0
2026-07-20 15:37:35.754,0.0,,,,,28.73,927.9,19.3,-40.0,0.0,1.0,0.0,0.0,1035.0
2026-07-20 15:37:35.941,0.0,,,,,28.73,927.9,19.3,-40.0,0.0,1.0,0.0,0.0,1035.0
2026-07-20 15:37:36.110,0.0,,,,,28.73,927.9,19.3,-40.0,0.0,1.0,0.0,0.0,1035.0
2026-07-20 15:37:36.310,0.0,,,,,28.72,927.9,18.7,-40.0,0.0,1.0,0.0,0.0,1035.0
2026-07-20 15:37:36.510,0.0,,,,,28.72,927.9,18.7,-40.0,0.0,1.0,0.0,0.0,1035.0
2026-07-20 15:37:36.755,0.0,,,,,28.72,927.9,19.0,-40.0,0.0,1.0,0.0,0.0,1036.0
2026-07-20 15:37:36.935,0.0,,,,,28.72,927.9,19.0,-40.0,0.0,1.0,0.0,0.0,1036.0
2026-07-20 15:37:37.111,0.0,,,,,28.72,927.9,19.0,-40.0,0.0,1.0,0.0,0.0,1036.0
2026-07-20 15:37:37.310,0.0,,,,,28.73,927.9,18.4,-40.0,0.0,1.0,0.0,0.0,1036.0
2026-07-20 15:37:37.510,0.0,,,,,28.73,927.9,18.4,-40.0,0.0,1.0,0.0,0.0,1036.0
2026-07-20 15:37:37.754,0.0,,,,,28.73,927.9,18.6,-40.0,0.0,1.0,0.0,0.0,1037.0
2026-07-20 15:37:37.941,0.0,,,,,28.73,927.9,18.6,-40.0,0.0,1.0,0.0,0.0,1037.0
2026-07-20 15:37:38.110,0.0,,,,,28.73,927.9,18.6,-40.0,0.0,1.0,0.0,0.0,1037.0
2026-07-20 15:37:38.310,0.0,,,,,28.72,927.8,18.5,-40.0,0.0,1.0,0.0,0.0,1037.0
2026-07-20 15:37:38.510,0.0,,,,,28.72,927.8,18.5,-40.0,0.0,1.0,0.0,0.0,1037.0
2026-07-20 15:37:38.754,0.0,,,,,28.72,927.9,19.3,-40.0,0.0,1.0,0.0,0.0,1038.0
2026-07-20 15:37:38.948,0.0,,,,,28.72,927.9,19.3,-40.0,0.0,1.0,0.0,0.0,1038.0
2026-07-20 15:37:39.111,0.0,,,,,28.72,927.9,19.3,-40.0,0.0,1.0,0.0,0.0,1038.0
2026-07-20 15:37:39.311,0.0,,,,,28.72,927.9,18.7,-40.0,0.0,1.0,0.0,0.0,1038.0
2026-07-20 15:37:39.540,0.0,,,,,28.72,927.9,18.7,-40.0,0.0,1.0,0.0,0.0,1038.0
2026-07-20 15:37:39.754,0.0,,,,,28.73,927.9,19.4,-40.0,0.0,1.0,0.0,0.0,1039.0
2026-07-20 15:37:39.938,0.0,,,,,28.73,927.9,19.4,-40.0,0.0,1.0,0.0,0.0,1039.0
2026-07-20 15:37:40.110,0.0,,,,,28.73,927.9,19.4,-40.0,0.0,1.0,0.0,0.0,1039.0
2026-07-20 15:37:40.311,0.0,,,,,28.72,927.9,18.5,-40.0,0.0,1.0,0.0,0.0,1039.0
2026-07-20 15:37:40.533,0.0,,,,,28.72,927.9,18.5,-40.0,0.0,1.0,0.0,0.0,1039.0
2026-07-20 15:37:40.754,0.0,,,,,28.72,927.9,18.8,-40.0,0.0,1.0,0.0,0.0,1040.0
2026-07-20 15:37:40.938,0.0,,,,,28.72,927.9,18.8,-40.0,0.0,1.0,0.0,0.0,1040.0
2026-07-20 15:37:41.110,0.0,,,,,28.72,927.9,18.8,-40.0,0.0,1.0,0.0,0.0,1040.0
2026-07-20 15:37:41.311,0.0,,,,,28.72,927.9,18.5,-40.0,0.0,1.0,0.0,0.0,1040.0
2026-07-20 15:37:41.544,0.0,,,,,28.72,927.9,18.5,-40.0,0.0,1.0,0.0,0.0,1040.0
2026-07-20 15:37:41.754,0.0,,,,,28.73,927.8,19.5,-40.0,0.0,1.0,0.0,0.0,1041.0
2026-07-20 15:37:41.910,0.0,,,,,28.73,927.8,19.5,-40.0,0.0,1.0,0.0,0.0,1041.0
2026-07-20 15:37:42.110,0.0,,,,,28.73,927.8,19.5,-40.0,0.0,1.0,0.0,0.0,1041.0
2026-07-20 15:37:42.310,0.0,,,,,28.73,927.9,18.8,-40.0,0.0,1.0,0.0,0.0,1041.0
2026-07-20 15:37:42.538,0.0,,,,,28.73,927.9,18.8,-40.0,0.0,1.0,0.0,0.0,1041.0
2026-07-20 15:37:42.755,0.0,,,,,28.73,927.9,19.1,-40.0,0.0,1.0,0.0,0.0,1042.0
2026-07-20 15:37:42.934,0.0,,,,,28.73,927.9,19.1,-40.0,0.0,1.0,0.0,0.0,1042.0
2026-07-20 15:37:43.110,0.0,,,,,28.73,927.9,19.1,-40.0,0.0,1.0,0.0,0.0,1042.0
2026-07-20 15:37:43.311,0.0,,,,,28.72,927.9,18.6,-40.0,0.0,1.0,0.0,0.0,1042.0
2026-07-20 15:37:43.510,0.0,,,,,28.72,927.9,18.6,-40.0,0.0,1.0,0.0,0.0,1042.0
2026-07-20 15:37:43.754,0.0,,,,,28.73,928.0,19.5,-40.0,0.0,1.0,0.0,0.0,1043.0
2026-07-20 15:37:43.936,0.0,,,,,28.73,928.0,19.5,-40.0,0.0,1.0,0.0,0.0,1043.0
2026-07-20 15:37:44.111,0.0,,,,,28.73,928.0,19.5,-40.0,0.0,1.0,0.0,0.0,1043.0
2026-07-20 15:37:44.311,0.0,,,,,28.73,928.0,18.4,-40.0,0.0,1.0,0.0,0.0,1043.0
2026-07-20 15:37:44.545,0.0,,,,,28.73,928.0,18.4,-40.0,0.0,1.0,0.0,0.0,1043.0
2026-07-20 15:37:44.754,0.0,,,,,28.72,927.9,19.4,-40.0,0.0,1.0,0.0,0.0,1044.0
2026-07-20 15:37:44.944,0.0,,,,,28.72,927.9,19.4,-40.0,0.0,1.0,0.0,0.0,1044.0
2026-07-20 15:37:45.110,0.0,,,,,28.72,927.9,19.4,-40.0,0.0,1.0,0.0,0.0,1044.0
2026-07-20 15:37:45.310,0.0,,,,,28.72,927.9,18.1,-40.0,0.0,1.0,0.0,0.0,1044.0
2026-07-20 15:37:45.510,0.0,,,,,28.72,927.9,18.1,-40.0,0.0,1.0,0.0,0.0,1044.0
2026-07-20 15:37:45.754,0.0,,,,,28.73,927.9,19.1,-40.0,0.0,1.0,0.0,0.0,1045.0
2026-07-20 15:37:45.936,0.0,,,,,28.73,927.9,19.1,-40.0,0.0,1.0,0.0,0.0,1045.0
2026-07-20 15:37:46.112,0.0,,,,,28.73,927.9,19.1,-40.0,0.0,1.0,0.0,0.0,1045.0
2026-07-20 15:37:46.310,0.0,,,,,28.72,927.9,18.3,-40.0,0.0,1.0,0.0,0.0,1045.0
2026-07-20 15:37:46.510,0.0,,,,,28.72,927.9,18.3,-40.0,0.0,1.0,0.0,0.0,1045.0
2026-07-20 15:37:46.754,0.0,,,,,28.72,927.9,19.4,-40.0,0.0,1.0,0.0,0.0,1046.0
2026-07-20 15:37:46.935,0.0,,,,,28.72,927.9,19.4,-40.0,0.0,1.0,0.0,0.0,1046.0
2026-07-20 15:37:47.111,0.0,,,,,28.72,927.9,19.4,-40.0,0.0,1.0,0.0,0.0,1046.0
2026-07-20 15:37:47.346,0.0,,,,,28.72,927.9,18.0,-40.0,0.0,1.0,0.0,0.0,1046.0
2026-07-20 15:37:47.510,0.0,,,,,28.72,927.9,18.0,-40.0,0.0,1.0,0.0,0.0,1046.0
2026-07-20 15:37:47.754,0.0,,,,,28.72,927.9,18.1,-40.0,0.0,1.0,0.0,0.0,1047.0
2026-07-20 15:37:47.937,0.0,,,,,28.72,927.9,18.1,-40.0,0.0,1.0,0.0,0.0,1047.0
2026-07-20 15:37:48.111,0.0,,,,,28.72,927.9,18.1,-40.0,0.0,1.0,0.0,0.0,1047.0
2026-07-20 15:37:48.311,0.0,,,,,28.73,927.9,18.1,-40.0,0.0,1.0,0.0,0.0,1047.0
2026-07-20 15:37:48.515,0.0,,,,,28.73,927.9,18.1,-40.0,0.0,1.0,0.0,0.0,1047.0
2026-07-20 15:37:48.754,0.0,,,,,28.72,927.9,18.4,-40.0,0.0,1.0,0.0,0.0,1048.0
2026-07-20 15:37:48.910,0.0,,,,,28.72,927.9,18.4,-40.0,0.0,1.0,0.0,0.0,1048.0
2026-07-20 15:37:49.111,0.0,,,,,28.72,927.9,18.4,-40.0,0.0,1.0,0.0,0.0,1048.0
2026-07-20 15:37:49.310,0.0,,,,,28.72,927.9,18.1,-40.0,0.0,1.0,0.0,0.0,1048.0
2026-07-20 15:37:49.517,0.0,,,,,28.72,927.9,18.1,-40.0,0.0,1.0,0.0,0.0,1048.0
2026-07-20 15:37:49.753,0.0,,,,,28.73,927.9,19.3,-40.0,0.0,1.0,0.0,0.0,1049.0
2026-07-20 15:37:49.950,0.0,,,,,28.73,927.9,19.3,-40.0,0.0,1.0,0.0,0.0,1049.0
2026-07-20 15:37:50.110,0.0,,,,,28.73,927.9,19.3,-40.0,0.0,1.0,0.0,0.0,1049.0
2026-07-20 15:37:50.310,0.0,,,,,28.71,927.9,18.4,-40.0,0.0,1.0,0.0,0.0,1049.0
2026-07-20 15:37:50.510,0.0,,,,,28.71,927.9,18.4,-40.0,0.0,1.0,0.0,0.0,1049.0
2026-07-20 15:37:50.754,0.0,,,,,28.72,927.9,19.6,-40.0,0.0,1.0,0.0,0.0,1050.0
2026-07-20 15:37:50.921,0.0,,,,,28.72,927.9,19.6,-40.0,0.0,1.0,0.0,0.0,1050.0
2026-07-20 15:37:51.111,0.0,,,,,28.72,927.9,19.6,-40.0,0.0,1.0,0.0,0.0,1050.0
2026-07-20 15:37:51.310,0.0,,,,,28.72,927.9,18.6,-40.0,0.0,1.0,0.0,0.0,1050.0
2026-07-20 15:37:51.519,0.0,,,,,28.72,927.9,18.6,-40.0,0.0,1.0,0.0,0.0,1050.0
2026-07-20 15:37:51.754,0.0,,,,,28.73,927.9,18.5,-40.0,0.0,1.0,0.0,0.0,1051.0
2026-07-20 15:37:51.950,0.0,,,,,28.73,927.9,18.5,-40.0,0.0,1.0,0.0,0.0,1051.0
2026-07-20 15:37:52.109,0.0,,,,,28.73,927.9,18.5,-40.0,0.0,1.0,0.0,0.0,1051.0
2026-07-20 15:37:52.310,0.0,,,,,28.75,927.9,18.2,-40.0,0.0,1.0,0.0,0.0,1051.0
2026-07-20 15:37:52.510,0.0,,,,,28.75,927.9,18.2,-40.0,0.0,1.0,0.0,0.0,1051.0
2026-07-20 15:37:52.754,0.0,,,,,28.73,927.9,19.2,-40.0,0.0,1.0,0.0,0.0,1052.0
2026-07-20 15:37:52.938,0.0,,,,,28.73,927.9,19.2,-40.0,0.0,1.0,0.0,0.0,1052.0
2026-07-20 15:37:53.111,0.0,,,,,28.73,927.9,19.2,-40.0,0.0,1.0,0.0,0.0,1052.0
2026-07-20 15:37:53.310,0.0,,,,,28.73,927.9,18.5,-40.0,0.0,1.0,0.0,0.0,1052.0
2026-07-20 15:37:53.544,0.0,,,,,28.73,927.9,18.5,-40.0,0.0,1.0,0.0,0.0,1052.0
2026-07-20 15:37:53.755,0.0,,,,,28.73,927.9,19.4,-40.0,0.0,1.0,0.0,0.0,1053.0
2026-07-20 15:37:53.949,0.0,,,,,28.73,927.9,19.4,-40.0,0.0,1.0,0.0,0.0,1053.0
2026-07-20 15:37:54.110,0.0,,,,,28.73,927.9,19.4,-40.0,0.0,1.0,0.0,0.0,1053.0
2026-07-20 15:37:54.310,0.0,,,,,28.73,927.9,18.4,-40.0,0.0,1.0,0.0,0.0,1053.0
2026-07-20 15:37:54.510,0.0,,,,,28.73,927.9,18.4,-40.0,0.0,1.0,0.0,0.0,1053.0
2026-07-20 15:37:54.754,0.0,,,,,28.72,927.9,19.3,-40.0,0.0,1.0,0.0,0.0,1054.0
2026-07-20 15:37:54.911,0.0,,,,,28.72,927.9,19.3,-40.0,0.0,1.0,0.0,0.0,1054.0
2026-07-20 15:37:55.110,0.0,,,,,28.72,927.9,19.3,-40.0,0.0,1.0,0.0,0.0,1054.0
2026-07-20 15:37:55.310,0.0,,,,,28.72,927.9,18.5,-40.0,0.0,1.0,0.0,0.0,1054.0
2026-07-20 15:37:55.510,0.0,,,,,28.72,927.9,18.5,-40.0,0.0,1.0,0.0,0.0,1054.0
2026-07-20 15:37:55.754,0.0,,,,,28.73,927.8,19.1,-40.0,0.0,1.0,0.0,0.0,1055.0
2026-07-20 15:37:55.953,0.0,,,,,28.73,927.8,19.1,-40.0,0.0,1.0,0.0,0.0,1055.0
2026-07-20 15:37:56.110,0.0,,,,,28.73,927.8,19.1,-40.0,0.0,1.0,0.0,0.0,1055.0
2026-07-20 15:37:56.310,0.0,,,,,28.72,927.9,18.6,-40.0,0.0,1.0,0.0,0.0,1055.0
2026-07-20 15:37:56.518,0.0,,,,,28.72,927.9,18.6,-40.0,0.0,1.0,0.0,0.0,1055.0
2026-07-20 15:37:56.754,0.0,,,,,28.73,927.9,18.8,-40.0,0.0,1.0,0.0,0.0,1056.0
2026-07-20 15:37:56.952,0.0,,,,,28.73,927.9,18.8,-40.0,0.0,1.0,0.0,0.0,1056.0
2026-07-20 15:37:57.110,0.0,,,,,28.73,927.9,18.8,-40.0,0.0,1.0,0.0,0.0,1056.0
2026-07-20 15:37:57.310,0.0,,,,,28.72,927.9,18.6,-40.0,0.0,1.0,0.0,0.0,1056.0
2026-07-20 15:37:57.547,0.0,,,,,28.72,927.9,18.6,-40.0,0.0,1.0,0.0,0.0,1056.0
2026-07-20 15:37:57.754,0.0,,,,,28.72,927.9,19.2,-40.0,0.0,1.0,0.0,0.0,1057.0
2026-07-20 15:37:57.910,0.0,,,,,28.72,927.9,19.2,-40.0,0.0,1.0,0.0,0.0,1057.0
2026-07-20 15:37:58.141,0.0,,,,,28.72,927.9,19.2,-40.0,0.0,1.0,0.0,0.0,1057.0
2026-07-20 15:37:58.310,0.0,,,,,28.73,927.9,18.0,-40.0,0.0,1.0,0.0,0.0,1057.0
2026-07-20 15:37:58.509,0.0,,,,,28.73,927.9,18.0,-40.0,0.0,1.0,0.0,0.0,1057.0
2026-07-20 15:37:58.754,0.0,,,,,28.72,927.9,18.5,-40.0,0.0,1.0,0.0,0.0,1058.0
2026-07-20 15:37:58.909,0.0,,,,,28.72,927.9,18.5,-40.0,0.0,1.0,0.0,0.0,1058.0
2026-07-20 15:37:59.110,0.0,,,,,28.72,927.9,18.5,-40.0,0.0,1.0,0.0,0.0,1058.0
2026-07-20 15:37:59.319,0.0,,,,,28.73,927.8,18.2,-40.0,0.0,1.0,0.0,0.0,1058.0
2026-07-20 15:37:59.510,0.0,,,,,28.73,927.8,18.2,-40.0,0.0,1.0,0.0,0.0,1058.0
2026-07-20 15:37:59.755,0.0,,,,,28.72,927.9,19.2,-40.0,0.0,1.0,0.0,0.0,1059.0
2026-07-20 15:37:59.910,0.0,,,,,28.72,927.9,19.2,-40.0,0.0,1.0,0.0,0.0,1059.0
2026-07-20 15:38:00.139,0.0,,,,,28.72,927.9,19.2,-40.0,0.0,1.0,0.0,0.0,1059.0
2026-07-20 15:38:00.309,0.0,,,,,28.72,927.8,18.5,-40.0,0.0,1.0,0.0,0.0,1059.0
2026-07-20 15:38:00.510,0.0,,,,,28.72,927.8,18.5,-40.0,0.0,1.0,0.0,0.0,1059.0
2026-07-20 15:38:00.788,0.0,,,,,28.73,927.9,19.0,-40.0,0.0,1.0,0.0,0.0,1060.0
2026-07-20 15:38:00.910,0.0,,,,,28.73,927.9,19.0,-40.0,0.0,1.0,0.0,0.0,1060.0
2026-07-20 15:38:01.111,0.0,,,,,28.73,927.9,19.0,-40.0,0.0,1.0,0.0,0.0,1060.0
2026-07-20 15:38:01.310,0.0,,,,,28.72,927.8,18.6,-40.0,0.0,1.0,0.0,0.0,1060.0
2026-07-20 15:38:01.510,0.0,,,,,28.72,927.8,18.6,-40.0,0.0,1.0,0.0,0.0,1060.0
2026-07-20 15:38:01.754,0.0,,,,,28.73,927.9,18.8,-40.0,0.0,1.0,0.0,0.0,1061.0
2026-07-20 15:38:01.910,0.0,,,,,28.73,927.9,18.8,-40.0,0.0,1.0,0.0,0.0,1061.0
2026-07-20 15:38:02.111,0.0,,,,,28.73,927.9,18.8,-40.0,0.0,1.0,0.0,0.0,1061.0
2026-07-20 15:38:02.341,0.0,,,,,28.72,927.8,18.6,-40.0,0.0,1.0,0.0,0.0,1061.0
2026-07-20 15:38:02.510,0.0,,,,,28.72,927.8,18.6,-40.0,0.0,1.0,0.0,0.0,1061.0
2026-07-20 15:38:02.754,0.0,,,,,28.72,927.8,18.1,-40.0,0.0,1.0,0.0,0.0,1062.0
2026-07-20 15:38:02.952,0.0,,,,,28.72,927.8,18.1,-40.0,0.0,1.0,0.0,0.0,1062.0
2026-07-20 15:38:03.110,0.0,,,,,28.72,927.8,18.1,-40.0,0.0,1.0,0.0,0.0,1062.0
2026-07-20 15:38:03.310,0.0,,,,,28.72,927.8,18.3,-40.0,0.0,1.0,0.0,0.0,1062.0
2026-07-20 15:38:03.518,0.0,,,,,28.72,927.8,18.3,-40.0,0.0,1.0,0.0,0.0,1062.0
2026-07-20 15:38:03.753,0.0,,,,,28.72,927.8,19.3,-40.0,0.0,1.0,0.0,0.0,1063.0
2026-07-20 15:38:03.946,0.0,,,,,28.72,927.8,19.3,-40.0,0.0,1.0,0.0,0.0,1063.0
2026-07-20 15:38:04.110,0.0,,,,,28.72,927.8,19.3,-40.0,0.0,1.0,0.0,0.0,1063.0
2026-07-20 15:38:04.310,0.0,,,,,28.73,927.9,18.6,-40.0,0.0,1.0,0.0,0.0,1063.0
2026-07-20 15:38:04.546,0.0,,,,,28.73,927.9,18.6,-40.0,0.0,1.0,0.0,0.0,1063.0
2026-07-20 15:38:04.754,0.0,,,,,28.72,927.8,18.3,-40.0,0.0,1.0,0.0,0.0,1064.0
2026-07-20 15:38:04.936,0.0,,,,,28.72,927.8,18.3,-40.0,0.0,1.0,0.0,0.0,1064.0
2026-07-20 15:38:05.110,0.0,,,,,28.72,927.8,18.3,-40.0,0.0,1.0,0.0,0.0,1064.0
2026-07-20 15:38:05.310,0.0,,,,,28.72,927.9,18.3,-40.0,0.0,1.0,0.0,0.0,1064.0
2026-07-20 15:38:05.523,0.0,,,,,28.72,927.9,18.3,-40.0,0.0,1.0,0.0,0.0,1064.0
2026-07-20 15:38:05.753,0.0,,,,,28.73,927.9,19.0,-40.0,0.0,1.0,0.0,0.0,1065.0
2026-07-20 15:38:05.945,0.0,,,,,28.73,927.9,19.0,-40.0,0.0,1.0,0.0,0.0,1065.0
2026-07-20 15:38:06.109,0.0,,,,,28.73,927.9,19.0,-40.0,0.0,1.0,0.0,0.0,1065.0
2026-07-20 15:38:06.310,0.0,,,,,28.72,927.9,18.6,-40.0,0.0,1.0,0.0,0.0,1065.0
2026-07-20 15:38:06.510,0.0,,,,,28.72,927.9,18.6,-40.0,0.0,1.0,0.0,0.0,1065.0
2026-07-20 15:38:06.754,0.0,,,,,28.72,927.8,19.2,-40.0,0.0,1.0,0.0,0.0,1066.0
2026-07-20 15:38:06.952,0.0,,,,,28.72,927.8,19.2,-40.0,0.0,1.0,0.0,0.0,1066.0
2026-07-20 15:38:07.110,0.0,,,,,28.72,927.8,19.2,-40.0,0.0,1.0,0.0,0.0,1066.0
2026-07-20 15:38:07.309,0.0,,,,,28.72,927.9,18.3,-40.0,0.0,1.0,0.0,0.0,1066.0
2026-07-20 15:38:07.526,0.0,,,,,28.72,927.9,18.3,-40.0,0.0,1.0,0.0,0.0,1066.0
2026-07-20 15:38:07.755,0.0,,,,,28.72,927.9,19.1,-40.0,0.0,1.0,0.0,0.0,1067.0
2026-07-20 15:38:07.915,0.0,,,,,28.72,927.9,19.1,-40.0,0.0,1.0,0.0,0.0,1067.0
2026-07-20 15:38:08.110,0.0,,,,,28.72,927.9,19.1,-40.0,0.0,1.0,0.0,0.0,1067.0
2026-07-20 15:38:08.356,0.0,,,,,28.72,927.9,18.4,-40.0,0.0,1.0,0.0,0.0,1067.0
2026-07-20 15:38:08.510,0.0,,,,,28.72,927.9,18.4,-40.0,0.0,1.0,0.0,0.0,1067.0
2026-07-20 15:38:08.755,0.0,,,,,28.72,927.8,18.9,-40.0,0.0,1.0,0.0,0.0,1068.0
2026-07-20 15:38:08.944,0.0,,,,,28.72,927.8,18.9,-40.0,0.0,1.0,0.0,0.0,1068.0
2026-07-20 15:38:09.111,0.0,,,,,28.72,927.8,18.9,-40.0,0.0,1.0,0.0,0.0,1068.0
2026-07-20 15:38:09.310,0.0,,,,,28.73,927.9,18.7,-40.0,0.0,1.0,0.0,0.0,1068.0
2026-07-20 15:38:09.546,0.0,,,,,28.73,927.9,18.7,-40.0,0.0,1.0,0.0,0.0,1068.0
2026-07-20 15:38:09.754,0.0,,,,,28.72,927.8,19.2,-40.0,0.0,1.0,0.0,0.0,1069.0
2026-07-20 15:38:09.925,0.0,,,,,28.72,927.8,19.2,-40.0,0.0,1.0,0.0,0.0,1069.0
2026-07-20 15:38:10.110,0.0,,,,,28.72,927.8,19.2,-40.0,0.0,1.0,0.0,0.0,1069.0
2026-07-20 15:38:10.310,0.0,,,,,28.73,927.9,18.5,-40.0,0.0,1.0,0.0,0.0,1069.0
2026-07-20 15:38:10.532,0.0,,,,,28.73,927.9,18.5,-40.0,0.0,1.0,0.0,0.0,1069.0
2026-07-20 15:38:10.753,0.0,,,,,28.72,927.9,19.6,-40.0,0.0,1.0,0.0,0.0,1070.0
2026-07-20 15:38:10.936,0.0,,,,,28.72,927.9,19.6,-40.0,0.0,1.0,0.0,0.0,1070.0
2026-07-20 15:38:11.109,0.0,,,,,28.72,927.9,19.6,-40.0,0.0,1.0,0.0,0.0,1070.0
2026-07-20 15:38:11.309,0.0,,,,,28.73,927.9,18.4,-40.0,0.0,1.0,0.0,0.0,1070.0
2026-07-20 15:38:11.509,0.0,,,,,28.73,927.9,18.4,-40.0,0.0,1.0,0.0,0.0,1070.0
2026-07-20 15:38:11.754,0.0,,,,,28.72,927.9,18.6,-40.0,0.0,1.0,0.0,0.0,1071.0
2026-07-20 15:38:11.943,0.0,,,,,28.72,927.9,18.6,-40.0,0.0,1.0,0.0,0.0,1071.0
2026-07-20 15:38:12.110,0.0,,,,,28.72,927.9,18.6,-40.0,0.0,1.0,0.0,0.0,1071.0
2026-07-20 15:38:12.310,0.0,,,,,28.72,927.9,19.1,-40.0,0.0,1.0,0.0,0.0,1071.0
2026-07-20 15:38:12.532,0.0,,,,,28.72,927.9,19.1,-40.0,0.0,1.0,0.0,0.0,1071.0
2026-07-20 15:38:12.754,0.0,,,,,28.72,927.8,19.2,-40.0,0.0,1.0,0.0,0.0,1072.0
2026-07-20 15:38:12.934,0.0,,,,,28.72,927.8,19.2,-40.0,0.0,1.0,0.0,0.0,1072.0
2026-07-20 15:38:13.110,0.0,,,,,28.72,927.8,19.2,-40.0,0.0,1.0,0.0,0.0,1072.0
2026-07-20 15:38:13.310,0.0,,,,,28.72,927.9,18.6,-40.0,0.0,1.0,0.0,0.0,1072.0
2026-07-20 15:38:13.537,0.0,,,,,28.72,927.9,18.6,-40.0,0.0,1.0,0.0,0.0,1072.0
2026-07-20 15:38:13.753,0.0,,,,,28.72,927.9,19.0,-40.0,0.0,1.0,0.0,0.0,1073.0
2026-07-20 15:38:13.909,0.0,,,,,28.72,927.9,19.0,-40.0,0.0,1.0,0.0,0.0,1073.0
2026-07-20 15:38:14.138,0.0,,,,,28.72,927.9,19.0,-40.0,0.0,1.0,0.0,0.0,1073.0
2026-07-20 15:38:14.310,0.0,,,,,28.72,927.9,18.8,-40.0,0.0,1.0,0.0,0.0,1073.0
2026-07-20 15:38:14.509,0.0,,,,,28.72,927.9,18.8,-40.0,0.0,1.0,0.0,0.0,1073.0
2026-07-20 15:38:14.754,0.0,,,,,28.72,927.9,19.3,-40.0,0.0,1.0,0.0,0.0,1074.0
2026-07-20 15:38:14.911,0.0,,,,,28.72,927.9,19.3,-40.0,0.0,1.0,0.0,0.0,1074.0
2026-07-20 15:38:15.110,0.0,,,,,28.72,927.9,19.3,-40.0,0.0,1.0,0.0,0.0,1074.0
2026-07-20 15:38:15.310,0.0,,,,,28.72,927.9,18.3,-40.0,0.0,1.0,0.0,0.0,1074.0
2026-07-20 15:38:15.509,0.0,,,,,28.72,927.9,18.3,-40.0,0.0,1.0,0.0,0.0,1074.0
2026-07-20 15:38:15.754,0.0,,,,,28.73,927.9,19.2,-40.0,0.0,1.0,0.0,0.0,1075.0
2026-07-20 15:38:15.910,0.0,,,,,28.73,927.9,19.2,-40.0,0.0,1.0,0.0,0.0,1075.0
2026-07-20 15:38:16.109,0.0,,,,,28.73,927.9,19.2,-40.0,0.0,1.0,0.0,0.0,1075.0
2026-07-20 15:38:16.312,0.0,,,,,28.72,927.8,18.5,-40.0,0.0,1.0,0.0,0.0,1075.0
2026-07-20 15:38:16.509,0.0,,,,,28.72,927.8,18.5,-40.0,0.0,1.0,0.0,0.0,1075.0
2026-07-20 15:38:16.753,0.0,,,,,28.73,927.9,19.2,-40.0,0.0,1.0,0.0,0.0,1076.0
2026-07-20 15:38:16.941,0.0,,,,,28.73,927.9,19.2,-40.0,0.0,1.0,0.0,0.0,1076.0
2026-07-20 15:38:17.110,0.0,,,,,28.73,927.9,19.2,-40.0,0.0,1.0,0.0,0.0,1076.0
2026-07-20 15:38:17.310,0.0,,,,,28.72,927.8,19.1,-40.0,0.0,1.0,0.0,0.0,1076.0
2026-07-20 15:38:17.546,0.0,,,,,28.72,927.8,19.1,-40.0,0.0,1.0,0.0,0.0,1076.0
2026-07-20 15:38:17.754,0.0,,,,,28.72,927.8,19.2,-40.0,0.0,1.0,0.0,0.0,1077.0
2026-07-20 15:38:17.939,0.0,,,,,28.72,927.8,19.2,-40.0,0.0,1.0,0.0,0.0,1077.0
2026-07-20 15:38:18.110,0.0,,,,,28.72,927.8,19.2,-40.0,0.0,1.0,0.0,0.0,1077.0
2026-07-20 15:38:18.348,0.0,,,,,28.72,927.9,18.3,-40.0,0.0,1.0,0.0,0.0,1077.0
2026-07-20 15:38:18.509,0.0,,,,,28.72,927.9,18.3,-40.0,0.0,1.0,0.0,0.0,1077.0
2026-07-20 15:38:18.754,0.0,,,,,28.71,927.8,19.3,-40.0,0.0,1.0,0.0,0.0,1078.0
2026-07-20 15:38:18.923,0.0,,,,,28.71,927.8,19.3,-40.0,0.0,1.0,0.0,0.0,1078.0
2026-07-20 15:38:19.109,0.0,,,,,28.71,927.8,19.3,-40.0,0.0,1.0,0.0,0.0,1078.0
2026-07-20 15:38:19.337,0.0,,,,,28.73,927.9,18.3,-40.0,0.0,1.0,0.0,0.0,1078.0
2026-07-20 15:38:19.510,0.0,,,,,28.73,927.9,18.3,-40.0,0.0,1.0,0.0,0.0,1078.0
2026-07-20 15:38:19.783,0.0,,,,,28.73,927.9,18.4,-40.0,0.0,1.0,0.0,0.0,1079.0
2026-07-20 15:38:19.910,0.0,,,,,28.73,927.9,18.4,-40.0,0.0,1.0,0.0,0.0,1079.0
2026-07-20 15:38:20.110,0.0,,,,,28.73,927.9,18.4,-40.0,0.0,1.0,0.0,0.0,1079.0
2026-07-20 15:38:20.332,0.0,,,,,28.72,927.8,18.3,-40.0,0.0,1.0,0.0,0.0,1079.0
2026-07-20 15:38:20.510,0.0,,,,,28.72,927.8,18.3,-40.0,0.0,1.0,0.0,0.0,1079.0
2026-07-20 15:38:20.791,0.0,,,,,28.73,927.9,18.3,-40.0,0.0,1.0,0.0,0.0,1080.0
2026-07-20 15:38:20.910,0.0,,,,,28.73,927.9,18.3,-40.0,0.0,1.0,0.0,0.0,1080.0
2026-07-20 15:38:21.110,0.0,,,,,28.73,927.9,18.3,-40.0,0.0,1.0,0.0,0.0,1080.0
2026-07-20 15:38:21.311,0.0,,,,,28.73,927.9,18.4,-40.0,0.0,1.0,0.0,0.0,1080.0
2026-07-20 15:38:21.510,0.0,,,,,28.73,927.9,18.4,-40.0,0.0,1.0,0.0,0.0,1080.0
2026-07-20 15:38:21.754,0.0,,,,,28.73,927.9,19.5,-40.0,0.0,1.0,0.0,0.0,1081.0
2026-07-20 15:38:21.909,0.0,,,,,28.73,927.9,19.5,-40.0,0.0,1.0,0.0,0.0,1081.0
2026-07-20 15:38:22.111,0.0,,,,,28.73,927.9,19.5,-40.0,0.0,1.0,0.0,0.0,1081.0
2026-07-20 15:38:22.310,0.0,,,,,28.73,927.8,18.4,-40.0,0.0,1.0,0.0,0.0,1081.0
2026-07-20 15:38:22.510,0.0,,,,,28.73,927.8,18.4,-40.0,0.0,1.0,0.0,0.0,1081.0
2026-07-20 15:38:22.753,0.0,,,,,28.75,927.8,19.2,-40.0,0.0,1.0,0.0,0.0,1082.0
2026-07-20 15:38:22.909,0.0,,,,,28.75,927.8,19.2,-40.0,0.0,1.0,0.0,0.0,1082.0
2026-07-20 15:38:23.109,0.0,,,,,28.75,927.8,19.2,-40.0,0.0,1.0,0.0,0.0,1082.0
2026-07-20 15:38:23.333,0.0,,,,,28.72,927.8,18.6,-40.0,0.0,1.0,0.0,0.0,1082.0
2026-07-20 15:38:23.509,0.0,,,,,28.72,927.8,18.6,-40.0,0.0,1.0,0.0,0.0,1082.0
2026-07-20 15:38:23.753,0.0,,,,,28.72,927.8,18.2,-40.0,0.0,1.0,0.0,0.0,1083.0
2026-07-20 15:38:23.939,0.0,,,,,28.72,927.8,18.2,-40.0,0.0,1.0,0.0,0.0,1083.0
2026-07-20 15:38:24.109,0.0,,,,,28.72,927.8,18.2,-40.0,0.0,1.0,0.0,0.0,1083.0
2026-07-20 15:38:24.309,0.0,,,,,28.73,927.9,19.2,-40.0,0.0,1.0,0.0,0.0,1083.0
2026-07-20 15:38:24.539,0.0,,,,,28.73,927.9,19.2,-40.0,0.0,1.0,0.0,0.0,1083.0
2026-07-20 15:38:24.753,0.0,,,,,28.73,927.9,19.2,-40.0,0.0,1.0,0.0,0.0,1084.0
2026-07-20 15:38:24.910,0.0,,,,,28.73,927.9,19.2,-40.0,0.0,1.0,0.0,0.0,1084.0
2026-07-20 15:38:25.110,0.0,,,,,28.73,927.9,19.2,-40.0,0.0,1.0,0.0,0.0,1084.0
2026-07-20 15:38:25.310,0.0,,,,,28.73,927.9,18.4,-40.0,0.0,1.0,0.0,0.0,1084.0
2026-07-20 15:38:25.517,0.0,,,,,28.73,927.9,18.4,-40.0,0.0,1.0,0.0,0.0,1084.0
2026-07-20 15:38:25.753,0.0,,,,,28.73,927.9,19.1,-40.0,0.0,1.0,0.0,0.0,1085.0
2026-07-20 15:38:25.934,0.0,,,,,28.73,927.9,19.1,-40.0,0.0,1.0,0.0,0.0,1085.0
2026-07-20 15:38:26.109,0.0,,,,,28.73,927.9,19.1,-40.0,0.0,1.0,0.0,0.0,1085.0
2026-07-20 15:38:26.309,0.0,,,,,28.73,927.9,18.2,-40.0,0.0,1.0,0.0,0.0,1085.0
2026-07-20 15:38:26.509,0.0,,,,,28.73,927.9,18.2,-40.0,0.0,1.0,0.0,0.0,1085.0
2026-07-20 15:38:26.753,0.0,,,,,28.73,927.9,18.7,-40.0,0.0,1.0,0.0,0.0,1086.0
2026-07-20 15:38:26.944,0.0,,,,,28.73,927.9,18.7,-40.0,0.0,1.0,0.0,0.0,1086.0
2026-07-20 15:38:27.109,0.0,,,,,28.73,927.9,18.7,-40.0,0.0,1.0,0.0,0.0,1086.0
2026-07-20 15:38:27.310,0.0,,,,,28.75,927.9,18.6,-40.0,0.0,1.0,0.0,0.0,1086.0
2026-07-20 15:38:27.510,0.0,,,,,28.75,927.9,18.6,-40.0,0.0,1.0,0.0,0.0,1086.0
2026-07-20 15:38:27.753,0.0,,,,,28.73,927.8,18.7,-40.0,0.0,1.0,0.0,0.0,1087.0
2026-07-20 15:38:27.938,0.0,,,,,28.73,927.8,18.7,-40.0,0.0,1.0,0.0,0.0,1087.0
2026-07-20 15:38:28.109,0.0,,,,,28.73,927.8,18.7,-40.0,0.0,1.0,0.0,0.0,1087.0
2026-07-20 15:38:28.309,0.0,,,,,28.73,927.8,18.8,-40.0,0.0,1.0,0.0,0.0,1087.0
2026-07-20 15:38:28.529,0.0,,,,,28.73,927.8,18.8,-40.0,0.0,1.0,0.0,0.0,1087.0
2026-07-20 15:38:28.753,0.0,,,,,28.75,927.8,19.1,-40.0,0.0,1.0,0.0,0.0,1088.0
2026-07-20 15:38:28.922,0.0,,,,,28.75,927.8,19.1,-40.0,0.0,1.0,0.0,0.0,1088.0
2026-07-20 15:38:29.109,0.0,,,,,28.75,927.8,19.1,-40.0,0.0,1.0,0.0,0.0,1088.0
2026-07-20 15:38:29.309,0.0,,,,,28.73,927.9,18.6,-40.0,0.0,1.0,0.0,0.0,1088.0
2026-07-20 15:38:29.538,0.0,,,,,28.73,927.9,18.6,-40.0,0.0,1.0,0.0,0.0,1088.0
2026-07-20 15:38:29.754,0.0,,,,,28.75,927.8,18.7,-40.0,0.0,1.0,0.0,0.0,1089.0
2026-07-20 15:38:29.909,0.0,,,,,28.75,927.8,18.7,-40.0,0.0,1.0,0.0,0.0,1089.0
2026-07-20 15:38:30.137,0.0,,,,,28.75,927.8,18.7,-40.0,0.0,1.0,0.0,0.0,1089.0
2026-07-20 15:38:30.309,0.0,,,,,28.73,927.9,18.4,-40.0,0.0,1.0,0.0,0.0,1089.0
2026-07-20 15:38:30.546,0.0,,,,,28.73,927.9,18.4,-40.0,0.0,1.0,0.0,0.0,1089.0
2026-07-20 15:38:30.753,0.0,,,,,28.75,927.9,19.0,-40.0,0.0,1.0,0.0,0.0,1090.0
2026-07-20 15:38:30.946,0.0,,,,,28.75,927.9,19.0,-40.0,0.0,1.0,0.0,0.0,1090.0
2026-07-20 15:38:31.110,0.0,,,,,28.75,927.9,19.0,-40.0,0.0,1.0,0.0,0.0,1090.0
2026-07-20 15:38:31.310,0.0,,,,,28.73,927.8,18.9,-40.0,0.0,1.0,0.0,0.0,1090.0
2026-07-20 15:38:31.533,0.0,,,,,28.73,927.8,18.9,-40.0,0.0,1.0,0.0,0.0,1090.0
2026-07-20 15:38:31.754,0.0,,,,,28.75,927.8,19.2,-40.0,0.0,1.0,0.0,0.0,1091.0
2026-07-20 15:38:31.910,0.0,,,,,28.75,927.8,19.2,-40.0,0.0,1.0,0.0,0.0,1091.0
2026-07-20 15:38:32.142,0.0,,,,,28.75,927.8,19.2,-40.0,0.0,1.0,0.0,0.0,1091.0
2026-07-20 15:38:32.310,0.0,,,,,28.75,927.9,18.8,-40.0,0.0,1.0,0.0,0.0,1091.0
2026-07-20 15:38:32.510,0.0,,,,,28.75,927.9,18.8,-40.0,0.0,1.0,0.0,0.0,1091.0
2026-07-20 15:38:32.753,0.0,,,,,28.73,927.8,18.8,-40.0,0.0,1.0,0.0,0.0,1092.0
2026-07-20 15:38:32.909,0.0,,,,,28.73,927.8,18.8,-40.0,0.0,1.0,0.0,0.0,1092.0
2026-07-20 15:38:33.113,0.0,,,,,28.73,927.8,18.8,-40.0,0.0,1.0,0.0,0.0,1092.0
2026-07-20 15:38:33.309,0.0,,,,,28.75,927.8,18.3,-40.0,0.0,1.0,0.0,0.0,1092.0
2026-07-20 15:38:33.509,0.0,,,,,28.75,927.8,18.3,-40.0,0.0,1.0,0.0,0.0,1092.0
2026-07-20 15:38:33.753,0.0,,,,,28.75,927.9,18.8,-40.0,0.0,1.0,0.0,0.0,1093.0
2026-07-20 15:38:33.909,0.0,,,,,28.75,927.9,18.8,-40.0,0.0,1.0,0.0,0.0,1093.0
2026-07-20 15:38:34.109,0.0,,,,,28.75,927.9,18.8,-40.0,0.0,1.0,0.0,0.0,1093.0
2026-07-20 15:38:34.309,0.0,,,,,28.76,927.8,18.7,-40.0,0.0,1.0,0.0,0.0,1093.0
2026-07-20 15:38:34.509,0.0,,,,,28.76,927.8,18.7,-40.0,0.0,1.0,0.0,0.0,1093.0
2026-07-20 15:38:34.754,0.0,,,,,28.75,927.9,19.0,-40.0,0.0,1.0,0.0,0.0,1094.0
2026-07-20 15:38:34.934,0.0,,,,,28.75,927.9,19.0,-40.0,0.0,1.0,0.0,0.0,1094.0
2026-07-20 15:38:35.111,0.0,,,,,28.75,927.9,19.0,-40.0,0.0,1.0,0.0,0.0,1094.0
2026-07-20 15:38:35.310,0.0,,,,,28.75,927.9,18.6,-40.0,0.0,1.0,0.0,0.0,1094.0
2026-07-20 15:38:35.509,0.0,,,,,28.75,927.9,18.6,-40.0,0.0,1.0,0.0,0.0,1094.0
2026-07-20 15:38:35.753,0.0,,,,,28.76,927.9,19.0,-40.0,0.0,1.0,0.0,0.0,1095.0
2026-07-20 15:38:35.941,0.0,,,,,28.76,927.9,19.0,-40.0,0.0,1.0,0.0,0.0,1095.0
2026-07-20 15:38:36.108,0.0,,,,,28.76,927.9,19.0,-40.0,0.0,1.0,0.0,0.0,1095.0
2026-07-20 15:38:36.309,0.0,,,,,28.75,927.9,18.5,-40.0,0.0,1.0,0.0,0.0,1095.0
2026-07-20 15:38:36.509,0.0,,,,,28.75,927.9,18.5,-40.0,0.0,1.0,0.0,0.0,1095.0
2026-07-20 15:38:36.753,0.0,,,,,28.75,927.8,19.0,-40.0,0.0,1.0,0.0,0.0,1096.0
2026-07-20 15:38:36.909,0.0,,,,,28.75,927.8,19.0,-40.0,0.0,1.0,0.0,0.0,1096.0
2026-07-20 15:38:37.109,0.0,,,,,28.75,927.8,19.0,-40.0,0.0,1.0,0.0,0.0,1096.0
2026-07-20 15:38:37.310,0.0,,,,,28.76,927.9,18.6,-40.0,0.0,1.0,0.0,0.0,1096.0
2026-07-20 15:38:37.510,0.0,,,,,28.76,927.9,18.6,-40.0,0.0,1.0,0.0,0.0,1096.0
2026-07-20 15:38:37.753,0.0,,,,,28.75,927.8,18.4,-40.0,0.0,1.0,0.0,0.0,1097.0
2026-07-20 15:38:37.942,0.0,,,,,28.75,927.8,18.4,-40.0,0.0,1.0,0.0,0.0,1097.0
2026-07-20 15:38:38.110,0.0,,,,,28.75,927.8,18.4,-40.0,0.0,1.0,0.0,0.0,1097.0
2026-07-20 15:38:38.309,0.0,,,,,28.75,927.9,18.6,-40.0,0.0,1.0,0.0,0.0,1097.0
2026-07-20 15:38:38.509,0.0,,,,,28.75,927.9,18.6,-40.0,0.0,1.0,0.0,0.0,1097.0
2026-07-20 15:38:38.753,0.0,,,,,28.76,927.9,18.4,-40.0,0.0,1.0,0.0,0.0,1098.0
2026-07-20 15:38:38.927,0.0,,,,,28.76,927.9,18.4,-40.0,0.0,1.0,0.0,0.0,1098.0
2026-07-20 15:38:39.109,0.0,,,,,28.76,927.9,18.4,-40.0,0.0,1.0,0.0,0.0,1098.0
2026-07-20 15:38:39.310,0.0,,,,,28.76,927.9,18.4,-40.0,0.0,1.0,0.0,0.0,1098.0
2026-07-20 15:38:39.508,0.0,,,,,28.76,927.9,18.4,-40.0,0.0,1.0,0.0,0.0,1098.0
2026-07-20 15:38:39.753,0.0,,,,,28.75,927.9,18.4,-40.0,0.0,1.0,0.0,0.0,1099.0
2026-07-20 15:38:39.939,0.0,,,,,28.75,927.9,18.4,-40.0,0.0,1.0,0.0,0.0,1099.0
2026-07-20 15:38:40.109,0.0,,,,,28.75,927.9,18.4,-40.0,0.0,1.0,0.0,0.0,1099.0
2026-07-20 15:38:40.309,0.0,,,,,28.75,927.8,18.4,-40.0,0.0,1.0,0.0,0.0,1099.0
2026-07-20 15:38:40.509,0.0,,,,,28.75,927.8,18.4,-40.0,0.0,1.0,0.0,0.0,1099.0
2026-07-20 15:38:40.753,0.0,,,,,28.76,927.9,19.0,-40.0,0.0,1.0,0.0,0.0,1100.0
2026-07-20 15:38:40.930,0.0,,,,,28.76,927.9,19.0,-40.0,0.0,1.0,0.0,0.0,1100.0
2026-07-20 15:38:41.109,0.0,,,,,28.76,927.9,19.0,-40.0,0.0,1.0,0.0,0.0,1100.0
2026-07-20 15:38:41.310,0.0,,,,,28.76,927.9,18.4,-40.0,0.0,1.0,0.0,0.0,1100.0
2026-07-20 15:38:41.509,0.0,,,,,28.76,927.9,18.4,-40.0,0.0,1.0,0.0,0.0,1100.0
2026-07-20 15:38:41.752,0.0,,,,,28.76,927.9,18.9,-40.0,0.0,1.0,0.0,0.0,1101.0
2026-07-20 15:38:41.941,0.0,,,,,28.76,927.9,18.9,-40.0,0.0,1.0,0.0,0.0,1101.0
2026-07-20 15:38:42.109,0.0,,,,,28.76,927.9,18.9,-40.0,0.0,1.0,0.0,0.0,1101.0
2026-07-20 15:38:42.309,0.0,,,,,28.75,927.9,18.7,-40.0,0.0,1.0,0.0,0.0,1101.0
2026-07-20 15:38:42.509,0.0,,,,,28.75,927.9,18.7,-40.0,0.0,1.0,0.0,0.0,1101.0
2026-07-20 15:38:42.753,0.0,,,,,28.75,927.9,18.8,-40.0,0.0,1.0,0.0,0.0,1102.0
2026-07-20 15:38:42.909,0.0,,,,,28.75,927.9,18.8,-40.0,0.0,1.0,0.0,0.0,1102.0
2026-07-20 15:38:43.109,0.0,,,,,28.75,927.9,18.8,-40.0,0.0,1.0,0.0,0.0,1102.0
2026-07-20 15:38:43.310,0.0,,,,,28.76,927.8,18.4,-40.0,0.0,1.0,0.0,0.0,1102.0
2026-07-20 15:38:43.509,0.0,,,,,28.76,927.8,18.4,-40.0,0.0,1.0,0.0,0.0,1102.0
2026-07-20 15:38:43.753,0.0,,,,,28.76,927.9,19.2,-40.0,0.0,1.0,0.0,0.0,1103.0
2026-07-20 15:38:43.946,0.0,,,,,28.76,927.9,19.2,-40.0,0.0,1.0,0.0,0.0,1103.0
2026-07-20 15:38:44.109,0.0,,,,,28.76,927.9,19.2,-40.0,0.0,1.0,0.0,0.0,1103.0
2026-07-20 15:38:44.309,0.0,,,,,28.75,927.9,18.2,-40.0,0.0,1.0,0.0,0.0,1103.0
2026-07-20 15:38:44.530,0.0,,,,,28.75,927.9,18.2,-40.0,0.0,1.0,0.0,0.0,1103.0
2026-07-20 15:38:44.753,0.0,,,,,28.76,927.8,18.8,-40.0,0.0,1.0,0.0,0.0,1104.0
2026-07-20 15:38:44.909,0.0,,,,,28.76,927.8,18.8,-40.0,0.0,1.0,0.0,0.0,1104.0
2026-07-20 15:38:45.109,0.0,,,,,28.76,927.8,18.8,-40.0,0.0,1.0,0.0,0.0,1104.0
2026-07-20 15:38:45.309,0.0,,,,,28.76,927.9,18.5,-40.0,0.0,1.0,0.0,0.0,1104.0
2026-07-20 15:38:45.510,0.0,,,,,28.76,927.9,18.5,-40.0,0.0,1.0,0.0,0.0,1104.0
2026-07-20 15:38:45.753,0.0,,,,,28.76,927.9,18.3,-40.0,0.0,1.0,0.0,0.0,1105.0
2026-07-20 15:38:45.910,0.0,,,,,28.76,927.9,18.3,-40.0,0.0,1.0,0.0,0.0,1105.0
2026-07-20 15:38:46.127,0.0,,,,,28.76,927.9,18.3,-40.0,0.0,1.0,0.0,0.0,1105.0
2026-07-20 15:38:46.310,0.0,,,,,28.75,927.8,18.4,-40.0,0.0,1.0,0.0,0.0,1105.0
2026-07-20 15:38:46.509,0.0,,,,,28.75,927.8,18.4,-40.0,0.0,1.0,0.0,0.0,1105.0
2026-07-20 15:38:46.754,0.0,,,,,28.76,927.9,18.9,-40.0,0.0,1.0,0.0,0.0,1106.0
2026-07-20 15:38:46.908,0.0,,,,,28.76,927.9,18.9,-40.0,0.0,1.0,0.0,0.0,1106.0
2026-07-20 15:38:47.110,0.0,,,,,28.76,927.9,18.9,-40.0,0.0,1.0,0.0,0.0,1106.0
2026-07-20 15:38:47.309,0.0,,,,,28.76,927.8,18.4,-40.0,0.0,1.0,0.0,0.0,1106.0
2026-07-20 15:38:47.510,0.0,,,,,28.76,927.8,18.4,-40.0,0.0,1.0,0.0,0.0,1106.0
2026-07-20 15:38:47.753,0.0,,,,,28.75,927.9,19.2,-40.0,0.0,1.0,0.0,0.0,1107.0
2026-07-20 15:38:47.909,0.0,,,,,28.75,927.9,19.2,-40.0,0.0,1.0,0.0,0.0,1107.0
2026-07-20 15:38:48.110,0.0,,,,,28.75,927.9,19.2,-40.0,0.0,1.0,0.0,0.0,1107.0
2026-07-20 15:38:48.309,0.0,,,,,28.77,927.9,18.2,-40.0,0.0,1.0,0.0,0.0,1107.0
2026-07-20 15:38:48.508,0.0,,,,,28.77,927.9,18.2,-40.0,0.0,1.0,0.0,0.0,1107.0
2026-07-20 15:38:48.753,0.0,,,,,28.76,927.8,19.0,-40.0,0.0,1.0,0.0,0.0,1108.0
2026-07-20 15:38:48.944,0.0,,,,,28.76,927.8,19.0,-40.0,0.0,1.0,0.0,0.0,1108.0
2026-07-20 15:38:49.109,0.0,,,,,28.76,927.8,19.0,-40.0,0.0,1.0,0.0,0.0,1108.0
2026-07-20 15:38:49.309,0.0,,,,,28.77,927.9,18.4,-40.0,0.0,1.0,0.0,0.0,1108.0
2026-07-20 15:38:49.509,0.0,,,,,28.77,927.9,18.4,-40.0,0.0,1.0,0.0,0.0,1108.0
2026-07-20 15:38:49.753,0.0,,,,,28.77,927.8,19.0,-40.0,0.0,1.0,0.0,0.0,1109.0
2026-07-20 15:38:49.909,0.0,,,,,28.77,927.8,19.0,-40.0,0.0,1.0,0.0,0.0,1109.0
2026-07-20 15:38:50.109,0.0,,,,,28.77,927.8,19.0,-40.0,0.0,1.0,0.0,0.0,1109.0
2026-07-20 15:38:50.321,0.0,,,,,28.76,927.9,18.6,-40.0,0.0,1.0,0.0,0.0,1109.0
2026-07-20 15:38:50.509,0.0,,,,,28.76,927.9,18.6,-40.0,0.0,1.0,0.0,0.0,1109.0
2026-07-20 15:38:50.752,0.0,,,,,28.76,927.9,19.2,-40.0,0.0,1.0,0.0,0.0,1110.0
2026-07-20 15:38:50.912,0.0,,,,,28.76,927.9,19.2,-40.0,0.0,1.0,0.0,0.0,1110.0
2026-07-20 15:38:51.108,0.0,,,,,28.76,927.9,19.2,-40.0,0.0,1.0,0.0,0.0,1110.0
2026-07-20 15:38:51.308,0.0,,,,,28.76,927.9,18.2,-40.0,0.0,1.0,0.0,0.0,1110.0
2026-07-20 15:38:51.511,0.0,,,,,28.76,927.9,18.2,-40.0,0.0,1.0,0.0,0.0,1110.0
2026-07-20 15:38:51.753,0.0,,,,,28.76,927.9,19.0,-40.0,0.0,1.0,0.0,0.0,1111.0
2026-07-20 15:38:51.929,0.0,,,,,28.76,927.9,19.0,-40.0,0.0,1.0,0.0,0.0,1111.0
2026-07-20 15:38:52.111,0.0,,,,,28.76,927.9,19.0,-40.0,0.0,1.0,0.0,0.0,1111.0
2026-07-20 15:38:52.309,0.0,,,,,28.77,927.9,18.3,-40.0,0.0,1.0,0.0,0.0,1111.0
2026-07-20 15:38:52.509,0.0,,,,,28.77,927.9,18.3,-40.0,0.0,1.0,0.0,0.0,1111.0
2026-07-20 15:38:52.752,0.0,,,,,28.77,927.9,18.8,-40.0,0.0,1.0,0.0,0.0,1112.0
2026-07-20 15:38:52.908,0.0,,,,,28.77,927.9,18.8,-40.0,0.0,1.0,0.0,0.0,1112.0
2026-07-20 15:38:53.108,0.0,,,,,28.77,927.9,18.8,-40.0,0.0,1.0,0.0,0.0,1112.0
2026-07-20 15:38:53.308,0.0,,,,,28.76,927.8,18.8,-40.0,0.0,1.0,0.0,0.0,1112.0
2026-07-20 15:38:53.508,0.0,,,,,28.76,927.8,18.8,-40.0,0.0,1.0,0.0,0.0,1112.0
2026-07-20 15:38:53.753,0.0,,,,,28.76,927.9,18.8,-40.0,0.0,1.0,0.0,0.0,1113.0
2026-07-20 15:38:53.927,0.0,,,,,28.76,927.9,18.8,-40.0,0.0,1.0,0.0,0.0,1113.0
2026-07-20 15:38:54.110,0.0,,,,,28.76,927.9,18.8,-40.0,0.0,1.0,0.0,0.0,1113.0
2026-07-20 15:38:54.309,0.0,,,,,28.76,927.9,19.0,-40.0,0.0,1.0,0.0,0.0,1113.0
2026-07-20 15:38:54.516,0.0,,,,,28.76,927.9,19.0,-40.0,0.0,1.0,0.0,0.0,1113.0
2026-07-20 15:38:54.753,0.0,,,,,28.77,927.9,18.9,-40.0,0.0,1.0,0.0,0.0,1114.0
2026-07-20 15:38:54.931,0.0,,,,,28.77,927.9,18.9,-40.0,0.0,1.0,0.0,0.0,1114.0
2026-07-20 15:38:55.109,0.0,,,,,28.77,927.9,18.9,-40.0,0.0,1.0,0.0,0.0,1114.0
2026-07-20 15:38:55.309,0.0,,,,,28.77,927.9,18.4,-40.0,0.0,1.0,0.0,0.0,1114.0
2026-07-20 15:38:55.509,0.0,,,,,28.77,927.9,18.4,-40.0,0.0,1.0,0.0,0.0,1114.0
2026-07-20 15:38:55.753,0.0,,,,,28.77,927.8,19.2,-40.0,0.0,1.0,0.0,0.0,1115.0
2026-07-20 15:38:55.939,0.0,,,,,28.77,927.8,19.2,-40.0,0.0,1.0,0.0,0.0,1115.0
2026-07-20 15:38:56.110,0.0,,,,,28.77,927.8,19.2,-40.0,0.0,1.0,0.0,0.0,1115.0
2026-07-20 15:38:56.310,0.0,,,,,28.76,927.8,18.5,-40.0,0.0,1.0,0.0,0.0,1115.0
2026-07-20 15:38:56.531,0.0,,,,,28.76,927.8,18.5,-40.0,0.0,1.0,0.0,0.0,1115.0
2026-07-20 15:38:56.753,0.0,,,,,28.77,927.9,19.1,-40.0,0.0,1.0,0.0,0.0,1116.0
2026-07-20 15:38:56.909,0.0,,,,,28.77,927.9,19.1,-40.0,0.0,1.0,0.0,0.0,1116.0
2026-07-20 15:38:57.117,0.0,,,,,28.77,927.9,19.1,-40.0,0.0,1.0,0.0,0.0,1116.0
2026-07-20 15:38:57.309,0.0,,,,,28.77,927.8,18.6,-40.0,0.0,1.0,0.0,0.0,1116.0
2026-07-20 15:38:57.510,0.0,,,,,28.77,927.8,18.6,-40.0,0.0,1.0,0.0,0.0,1116.0
2026-07-20 15:38:57.753,0.0,,,,,28.77,927.9,19.2,-40.0,0.0,1.0,0.0,0.0,1117.0
2026-07-20 15:38:57.909,0.0,,,,,28.77,927.9,19.2,-40.0,0.0,1.0,0.0,0.0,1117.0
2026-07-20 15:38:58.109,0.0,,,,,28.77,927.9,19.2,-40.0,0.0,1.0,0.0,0.0,1117.0
2026-07-20 15:38:58.309,0.0,,,,,28.77,927.9,18.3,-40.0,0.0,1.0,0.0,0.0,1117.0
2026-07-20 15:38:58.508,0.0,,,,,28.77,927.9,18.3,-40.0,0.0,1.0,0.0,0.0,1117.0
2026-07-20 15:38:58.753,0.0,,,,,28.77,927.9,18.5,-40.0,0.0,1.0,0.0,0.0,1118.0
2026-07-20 15:38:58.908,0.0,,,,,28.77,927.9,18.5,-40.0,0.0,1.0,0.0,0.0,1118.0
2026-07-20 15:38:59.109,0.0,,,,,28.77,927.9,18.5,-40.0,0.0,1.0,0.0,0.0,1118.0
2026-07-20 15:38:59.309,0.0,,,,,28.76,927.9,18.3,-40.0,0.0,1.0,0.0,0.0,1118.0
2026-07-20 15:38:59.510,0.0,,,,,28.76,927.9,18.3,-40.0,0.0,1.0,0.0,0.0,1118.0
2026-07-20 15:38:59.753,0.0,,,,,28.77,927.9,19.0,-40.0,0.0,1.0,0.0,0.0,1119.0
2026-07-20 15:38:59.908,0.0,,,,,28.77,927.9,19.0,-40.0,0.0,1.0,0.0,0.0,1119.0
2026-07-20 15:39:00.110,0.0,,,,,28.77,927.9,19.0,-40.0,0.0,1.0,0.0,0.0,1119.0
2026-07-20 15:39:00.309,0.0,,,,,28.76,927.9,18.5,-40.0,0.0,1.0,0.0,0.0,1119.0
2026-07-20 15:39:00.508,0.0,,,,,28.76,927.9,18.5,-40.0,0.0,1.0,0.0,0.0,1119.0
2026-07-20 15:39:00.754,0.0,,,,,28.76,927.9,19.4,-40.0,0.0,1.0,0.0,0.0,1120.0
2026-07-20 15:39:00.928,0.0,,,,,28.76,927.9,19.4,-40.0,0.0,1.0,0.0,0.0,1120.0
2026-07-20 15:39:01.111,0.0,,,,,28.76,927.9,19.4,-40.0,0.0,1.0,0.0,0.0,1120.0
2026-07-20 15:39:01.310,0.0,,,,,28.78,927.9,18.3,-40.0,0.0,1.0,0.0,0.0,1120.0
2026-07-20 15:39:01.542,0.0,,,,,28.78,927.9,18.3,-40.0,0.0,1.0,0.0,0.0,1120.0
2026-07-20 15:39:01.752,0.0,,,,,28.77,927.9,18.9,-40.0,0.0,1.0,0.0,0.0,1121.0
2026-07-20 15:39:01.910,0.0,,,,,28.77,927.9,18.9,-40.0,0.0,1.0,0.0,0.0,1121.0
2026-07-20 15:39:02.123,0.0,,,,,28.77,927.9,18.9,-40.0,0.0,1.0,0.0,0.0,1121.0
2026-07-20 15:39:02.309,0.0,,,,,28.77,927.9,18.8,-40.0,0.0,1.0,0.0,0.0,1121.0
2026-07-20 15:39:02.509,0.0,,,,,28.77,927.9,18.8,-40.0,0.0,1.0,0.0,0.0,1121.0
2026-07-20 15:39:02.752,0.0,,,,,28.76,927.9,18.8,-40.0,0.0,1.0,0.0,0.0,1122.0
2026-07-20 15:39:02.909,0.0,,,,,28.76,927.9,18.8,-40.0,0.0,1.0,0.0,0.0,1122.0
2026-07-20 15:39:03.109,0.0,,,,,28.76,927.9,18.8,-40.0,0.0,1.0,0.0,0.0,1122.0
2026-07-20 15:39:03.315,0.0,,,,,28.77,928.0,18.2,-40.0,0.0,1.0,0.0,0.0,1122.0
2026-07-20 15:39:03.509,0.0,,,,,28.77,928.0,18.2,-40.0,0.0,1.0,0.0,0.0,1122.0
2026-07-20 15:39:03.752,0.0,,,,,28.77,927.9,19.2,-40.0,0.0,1.0,0.0,0.0,1123.0
2026-07-20 15:39:03.909,0.0,,,,,28.77,927.9,19.2,-40.0,0.0,1.0,0.0,0.0,1123.0
2026-07-20 15:39:04.108,0.0,,,,,28.77,927.9,19.2,-40.0,0.0,1.0,0.0,0.0,1123.0
2026-07-20 15:39:04.328,0.0,,,,,28.77,927.9,18.5,-40.0,0.0,1.0,0.0,0.0,1123.0
2026-07-20 15:39:04.510,0.0,,,,,28.77,927.9,18.5,-40.0,0.0,1.0,0.0,0.0,1123.0
2026-07-20 15:39:04.752,0.0,,,,,28.76,927.9,19.1,-40.0,0.0,1.0,0.0,0.0,1124.0
2026-07-20 15:39:04.938,0.0,,,,,28.76,927.9,19.1,-40.0,0.0,1.0,0.0,0.0,1124.0
2026-07-20 15:39:05.109,0.0,,,,,28.76,927.9,19.1,-40.0,0.0,1.0,0.0,0.0,1124.0
2026-07-20 15:39:05.308,0.0,,,,,28.77,927.9,18.5,-40.0,0.0,1.0,0.0,0.0,1124.0
2026-07-20 15:39:05.508,0.0,,,,,28.77,927.9,18.5,-40.0,0.0,1.0,0.0,0.0,1124.0
2026-07-20 15:39:05.752,0.0,,,,,28.77,927.9,19.1,-40.0,0.0,1.0,0.0,0.0,1125.0
2026-07-20 15:39:05.923,0.0,,,,,28.77,927.9,19.1,-40.0,0.0,1.0,0.0,0.0,1125.0
2026-07-20 15:39:06.108,0.0,,,,,28.77,927.9,19.1,-40.0,0.0,1.0,0.0,0.0,1125.0
2026-07-20 15:39:06.308,0.0,,,,,28.76,927.9,18.4,-40.0,0.0,1.0,0.0,0.0,1125.0
2026-07-20 15:39:06.533,0.0,,,,,28.76,927.9,18.4,-40.0,0.0,1.0,0.0,0.0,1125.0
2026-07-20 15:39:06.753,0.0,,,,,28.77,927.8,19.3,-40.0,0.0,1.0,0.0,0.0,1126.0
2026-07-20 15:39:06.909,0.0,,,,,28.77,927.8,19.3,-40.0,0.0,1.0,0.0,0.0,1126.0
2026-07-20 15:39:07.109,0.0,,,,,28.77,927.8,19.3,-40.0,0.0,1.0,0.0,0.0,1126.0
2026-07-20 15:39:07.308,0.0,,,,,28.77,927.9,18.5,-40.0,0.0,1.0,0.0,0.0,1126.0
2026-07-20 15:39:07.508,0.0,,,,,28.77,927.9,18.5,-40.0,0.0,1.0,0.0,0.0,1126.0
2026-07-20 15:39:07.752,0.0,,,,,28.77,927.9,19.4,-40.0,0.0,1.0,0.0,0.0,1127.0
2026-07-20 15:39:07.909,0.0,,,,,28.77,927.9,19.4,-40.0,0.0,1.0,0.0,0.0,1127.0
2026-07-20 15:39:08.129,0.0,,,,,28.77,927.9,19.4,-40.0,0.0,1.0,0.0,0.0,1127.0
2026-07-20 15:39:08.310,0.0,,,,,28.76,927.9,18.4,-40.0,0.0,1.0,0.0,0.0,1127.0
2026-07-20 15:39:08.509,0.0,,,,,28.76,927.9,18.4,-40.0,0.0,1.0,0.0,0.0,1127.0
2026-07-20 15:39:08.753,0.0,,,,,28.77,927.9,19.5,-40.0,0.0,1.0,0.0,0.0,1128.0
2026-07-20 15:39:08.909,0.0,,,,,28.77,927.9,19.5,-40.0,0.0,1.0,0.0,0.0,1128.0
2026-07-20 15:39:09.108,0.0,,,,,28.77,927.9,19.5,-40.0,0.0,1.0,0.0,0.0,1128.0
2026-07-20 15:39:09.309,0.0,,,,,28.77,927.8,18.5,-40.0,0.0,1.0,0.0,0.0,1128.0
2026-07-20 15:39:09.509,0.0,,,,,28.77,927.8,18.5,-40.0,0.0,1.0,0.0,0.0,1128.0
2026-07-20 15:39:09.752,0.0,,,,,28.77,927.8,19.3,-40.0,0.0,1.0,0.0,0.0,1129.0
2026-07-20 15:39:09.909,0.0,,,,,28.77,927.8,19.3,-40.0,0.0,1.0,0.0,0.0,1129.0
2026-07-20 15:39:10.109,0.0,,,,,28.77,927.8,19.3,-40.0,0.0,1.0,0.0,0.0,1129.0
2026-07-20 15:39:10.309,0.0,,,,,28.77,927.8,18.6,-40.0,0.0,1.0,0.0,0.0,1129.0
2026-07-20 15:39:10.509,0.0,,,,,28.77,927.8,18.6,-40.0,0.0,1.0,0.0,0.0,1129.0
2026-07-20 15:39:10.752,0.0,,,,,28.77,927.9,19.3,-40.0,0.0,1.0,0.0,0.0,1130.0
2026-07-20 15:39:10.924,0.0,,,,,28.77,927.9,19.3,-40.0,0.0,1.0,0.0,0.0,1130.0
2026-07-20 15:39:11.110,0.0,,,,,28.77,927.9,19.3,-40.0,0.0,1.0,0.0,0.0,1130.0
2026-07-20 15:39:11.310,0.0,,,,,28.77,927.8,18.5,-40.0,0.0,1.0,0.0,0.0,1130.0
2026-07-20 15:39:11.509,0.0,,,,,28.77,927.8,18.5,-40.0,0.0,1.0,0.0,0.0,1130.0
2026-07-20 15:39:11.752,0.0,,,,,28.77,927.8,19.1,-40.0,0.0,1.0,0.0,0.0,1131.0
2026-07-20 15:39:11.935,0.0,,,,,28.77,927.8,19.1,-40.0,0.0,1.0,0.0,0.0,1131.0
2026-07-20 15:39:12.109,0.0,,,,,28.77,927.8,19.1,-40.0,0.0,1.0,0.0,0.0,1131.0
2026-07-20 15:39:12.310,0.0,,,,,28.77,927.9,18.7,-40.0,0.0,1.0,0.0,0.0,1131.0
2026-07-20 15:39:12.509,0.0,,,,,28.77,927.9,18.7,-40.0,0.0,1.0,0.0,0.0,1131.0
2026-07-20 15:39:12.753,0.0,,,,,28.77,927.9,19.3,-40.0,0.0,1.0,0.0,0.0,1132.0
2026-07-20 15:39:12.929,0.0,,,,,28.77,927.9,19.3,-40.0,0.0,1.0,0.0,0.0,1132.0
2026-07-20 15:39:13.109,0.0,,,,,28.77,927.9,19.3,-40.0,0.0,1.0,0.0,0.0,1132.0
2026-07-20 15:39:13.309,0.0,,,,,28.77,927.9,18.4,-40.0,0.0,1.0,0.0,0.0,1132.0
2026-07-20 15:39:13.509,0.0,,,,,28.77,927.9,18.4,-40.0,0.0,1.0,0.0,0.0,1132.0
2026-07-20 15:39:13.752,0.0,,,,,28.77,927.8,19.0,-40.0,0.0,1.0,0.0,0.0,1133.0
2026-07-20 15:39:13.929,0.0,,,,,28.77,927.8,19.0,-40.0,0.0,1.0,0.0,0.0,1133.0
2026-07-20 15:39:14.109,0.0,,,,,28.77,927.8,19.0,-40.0,0.0,1.0,0.0,0.0,1133.0
2026-07-20 15:39:14.309,0.0,,,,,28.76,927.9,18.8,-40.0,0.0,1.0,0.0,0.0,1133.0
2026-07-20 15:39:14.515,0.0,,,,,28.76,927.9,18.8,-40.0,0.0,1.0,0.0,0.0,1133.0
2026-07-20 15:39:14.753,0.0,,,,,28.77,927.9,19.2,-40.0,0.0,1.0,0.0,0.0,1134.0
2026-07-20 15:39:14.936,0.0,,,,,28.77,927.9,19.2,-40.0,0.0,1.0,0.0,0.0,1134.0
2026-07-20 15:39:15.109,0.0,,,,,28.77,927.9,19.2,-40.0,0.0,1.0,0.0,0.0,1134.0
2026-07-20 15:39:15.308,0.0,,,,,28.76,927.8,18.7,-40.0,0.0,1.0,0.0,0.0,1134.0
2026-07-20 15:39:15.508,0.0,,,,,28.76,927.8,18.7,-40.0,0.0,1.0,0.0,0.0,1134.0
2026-07-20 15:39:15.752,0.0,,,,,28.77,927.9,19.3,-40.0,0.0,1.0,0.0,0.0,1135.0
2026-07-20 15:39:15.923,0.0,,,,,28.77,927.9,19.3,-40.0,0.0,1.0,0.0,0.0,1135.0
2026-07-20 15:39:16.108,0.0,,,,,28.77,927.9,19.3,-40.0,0.0,1.0,0.0,0.0,1135.0
2026-07-20 15:39:16.308,0.0,,,,,28.76,927.8,18.7,-40.0,0.0,1.0,0.0,0.0,1135.0
2026-07-20 15:39:16.513,0.0,,,,,28.76,927.8,18.7,-40.0,0.0,1.0,0.0,0.0,1135.0
2026-07-20 15:39:16.753,0.0,,,,,28.77,927.8,19.3,-40.0,0.0,1.0,0.0,0.0,1136.0
2026-07-20 15:39:16.940,0.0,,,,,28.77,927.8,19.3,-40.0,0.0,1.0,0.0,0.0,1136.0
2026-07-20 15:39:17.107,0.0,,,,,28.77,927.8,19.3,-40.0,0.0,1.0,0.0,0.0,1136.0
2026-07-20 15:39:17.309,0.0,,,,,28.77,927.8,18.3,-40.0,0.0,1.0,0.0,0.0,1136.0
2026-07-20 15:39:17.530,0.0,,,,,28.77,927.8,18.3,-40.0,0.0,1.0,0.0,0.0,1136.0
2026-07-20 15:39:17.752,0.0,,,,,28.77,927.9,18.7,-40.0,0.0,1.0,0.0,0.0,1137.0
2026-07-20 15:39:17.909,0.0,,,,,28.77,927.9,18.7,-40.0,0.0,1.0,0.0,0.0,1137.0
2026-07-20 15:39:18.109,0.0,,,,,28.77,927.9,18.7,-40.0,0.0,1.0,0.0,0.0,1137.0
2026-07-20 15:39:18.309,0.0,,,,,28.77,927.8,18.2,-40.0,0.0,1.0,0.0,0.0,1137.0
2026-07-20 15:39:18.508,0.0,,,,,28.77,927.8,18.2,-40.0,0.0,1.0,0.0,0.0,1137.0
2026-07-20 15:39:18.753,0.0,,,,,28.76,927.8,18.9,-40.0,0.0,1.0,0.0,0.0,1138.0
2026-07-20 15:39:18.909,0.0,,,,,28.76,927.8,18.9,-40.0,0.0,1.0,0.0,0.0,1138.0
2026-07-20 15:39:19.127,0.0,,,,,28.76,927.8,18.9,-40.0,0.0,1.0,0.0,0.0,1138.0
2026-07-20 15:39:19.308,0.0,,,,,28.77,927.9,18.5,-40.0,0.0,1.0,0.0,0.0,1138.0
2026-07-20 15:39:19.509,0.0,,,,,28.77,927.9,18.5,-40.0,0.0,1.0,0.0,0.0,1138.0
2026-07-20 15:39:19.752,0.0,,,,,28.77,927.9,19.1,-40.0,0.0,1.0,0.0,0.0,1139.0
2026-07-20 15:39:19.934,0.0,,,,,28.77,927.9,19.1,-40.0,0.0,1.0,0.0,0.0,1139.0
2026-07-20 15:39:20.108,0.0,,,,,28.77,927.9,19.1,-40.0,0.0,1.0,0.0,0.0,1139.0
2026-07-20 15:39:20.308,0.0,,,,,28.77,927.9,18.3,-40.0,0.0,1.0,0.0,0.0,1139.0
2026-07-20 15:39:20.514,0.0,,,,,28.77,927.9,18.3,-40.0,0.0,1.0,0.0,0.0,1139.0
2026-07-20 15:39:20.752,0.0,,,,,28.77,927.9,18.7,-40.0,0.0,1.0,0.0,0.0,1140.0
2026-07-20 15:39:20.935,0.0,,,,,28.77,927.9,18.7,-40.0,0.0,1.0,0.0,0.0,1140.0
2026-07-20 15:39:21.108,0.0,,,,,28.77,927.9,18.7,-40.0,0.0,1.0,0.0,0.0,1140.0
2026-07-20 15:39:21.310,0.0,,,,,28.77,927.9,18.3,-40.0,0.0,1.0,0.0,0.0,1140.0
2026-07-20 15:39:21.526,0.0,,,,,28.77,927.9,18.3,-40.0,0.0,1.0,0.0,0.0,1140.0
2026-07-20 15:39:21.752,0.0,,,,,28.76,927.8,19.1,-40.0,0.0,1.0,0.0,0.0,1141.0
2026-07-20 15:39:21.933,0.0,,,,,28.76,927.8,19.1,-40.0,0.0,1.0,0.0,0.0,1141.0
2026-07-20 15:39:22.109,0.0,,,,,28.76,927.8,19.1,-40.0,0.0,1.0,0.0,0.0,1141.0
2026-07-20 15:39:22.309,0.0,,,,,28.77,927.8,18.3,-40.0,0.0,1.0,0.0,0.0,1141.0
2026-07-20 15:39:22.510,0.0,,,,,28.77,927.8,18.3,-40.0,0.0,1.0,0.0,0.0,1141.0
2026-07-20 15:39:22.752,0.0,,,,,28.77,927.9,19.0,-40.0,0.0,1.0,0.0,0.0,1142.0
2026-07-20 15:39:22.922,0.0,,,,,28.77,927.9,19.0,-40.0,0.0,1.0,0.0,0.0,1142.0
2026-07-20 15:39:23.108,0.0,,,,,28.77,927.9,19.0,-40.0,0.0,1.0,0.0,0.0,1142.0
2026-07-20 15:39:23.308,0.0,,,,,28.77,927.9,18.5,-40.0,0.0,1.0,0.0,0.0,1142.0
2026-07-20 15:39:23.508,0.0,,,,,28.77,927.9,18.5,-40.0,0.0,1.0,0.0,0.0,1142.0
2026-07-20 15:39:23.752,0.0,,,,,28.76,927.9,19.2,-40.0,0.0,1.0,0.0,0.0,1143.0
2026-07-20 15:39:23.933,0.0,,,,,28.76,927.9,19.2,-40.0,0.0,1.0,0.0,0.0,1143.0
2026-07-20 15:39:24.110,0.0,,,,,28.76,927.9,19.2,-40.0,0.0,1.0,0.0,0.0,1143.0
2026-07-20 15:39:24.308,0.0,,,,,28.76,927.8,18.2,-40.0,0.0,1.0,0.0,0.0,1143.0
2026-07-20 15:39:24.509,0.0,,,,,28.76,927.8,18.2,-40.0,0.0,1.0,0.0,0.0,1143.0
2026-07-20 15:39:24.752,0.0,,,,,28.77,927.9,19.1,-40.0,0.0,1.0,0.0,0.0,1144.0
2026-07-20 15:39:24.936,0.0,,,,,28.77,927.9,19.1,-40.0,0.0,1.0,0.0,0.0,1144.0
2026-07-20 15:39:25.109,0.0,,,,,28.77,927.9,19.1,-40.0,0.0,1.0,0.0,0.0,1144.0
2026-07-20 15:39:25.310,0.0,,,,,28.77,927.9,18.9,-40.0,0.0,1.0,0.0,0.0,1144.0
2026-07-20 15:39:25.540,0.0,,,,,28.77,927.9,18.9,-40.0,0.0,1.0,0.0,0.0,1144.0
2026-07-20 15:39:25.752,0.0,,,,,28.77,927.8,18.5,-40.0,0.0,1.0,0.0,0.0,1145.0
2026-07-20 15:39:25.909,0.0,,,,,28.77,927.8,18.5,-40.0,0.0,1.0,0.0,0.0,1145.0
2026-07-20 15:39:26.108,0.0,,,,,28.77,927.8,18.5,-40.0,0.0,1.0,0.0,0.0,1145.0
2026-07-20 15:39:26.308,0.0,,,,,28.76,927.9,18.4,-40.0,0.0,1.0,0.0,0.0,1145.0
2026-07-20 15:39:26.514,0.0,,,,,28.76,927.9,18.4,-40.0,0.0,1.0,0.0,0.0,1145.0
2026-07-20 15:39:26.752,0.0,,,,,28.76,927.9,19.3,-40.0,0.0,1.0,0.0,0.0,1146.0
2026-07-20 15:39:26.908,0.0,,,,,28.76,927.9,19.3,-40.0,0.0,1.0,0.0,0.0,1146.0
2026-07-20 15:39:27.108,0.0,,,,,28.76,927.9,19.3,-40.0,0.0,1.0,0.0,0.0,1146.0
2026-07-20 15:39:27.308,0.0,,,,,28.77,927.9,18.1,-40.0,0.0,1.0,0.0,0.0,1146.0
2026-07-20 15:39:27.509,0.0,,,,,28.77,927.9,18.1,-40.0,0.0,1.0,0.0,0.0,1146.0
2026-07-20 15:39:27.752,0.0,,,,,28.77,927.8,18.9,-40.0,0.0,1.0,0.0,0.0,1147.0
2026-07-20 15:39:27.908,0.0,,,,,28.77,927.8,18.9,-40.0,0.0,1.0,0.0,0.0,1147.0
2026-07-20 15:39:28.134,0.0,,,,,28.77,927.8,18.9,-40.0,0.0,1.0,0.0,0.0,1147.0
2026-07-20 15:39:28.309,0.0,,,,,28.77,927.8,18.6,-40.0,0.0,1.0,0.0,0.0,1147.0
2026-07-20 15:39:28.508,0.0,,,,,28.77,927.8,18.6,-40.0,0.0,1.0,0.0,0.0,1147.0
2026-07-20 15:39:28.752,0.0,,,,,28.76,927.8,19.0,-40.0,0.0,1.0,0.0,0.0,1148.0
2026-07-20 15:39:28.908,0.0,,,,,28.76,927.8,19.0,-40.0,0.0,1.0,0.0,0.0,1148.0
2026-07-20 15:39:29.109,0.0,,,,,28.76,927.8,19.0,-40.0,0.0,1.0,0.0,0.0,1148.0
2026-07-20 15:39:29.308,0.0,,,,,28.77,927.8,18.3,-40.0,0.0,1.0,0.0,0.0,1148.0
2026-07-20 15:39:29.509,0.0,,,,,28.77,927.8,18.3,-40.0,0.0,1.0,0.0,0.0,1148.0
2026-07-20 15:39:29.752,0.0,,,,,28.77,927.8,18.9,-40.0,0.0,1.0,0.0,0.0,1149.0
2026-07-20 15:39:29.908,0.0,,,,,28.77,927.8,18.9,-40.0,0.0,1.0,0.0,0.0,1149.0
2026-07-20 15:39:30.107,0.0,,,,,28.77,927.8,18.9,-40.0,0.0,1.0,0.0,0.0,1149.0
2026-07-20 15:39:30.310,0.0,,,,,28.76,927.8,18.4,-40.0,0.0,1.0,0.0,0.0,1149.0
2026-07-20 15:39:30.510,0.0,,,,,28.76,927.8,18.4,-40.0,0.0,1.0,0.0,0.0,1149.0
2026-07-20 15:39:30.752,0.0,,,,,28.77,927.8,19.3,-40.0,0.0,1.0,0.0,0.0,1150.0
2026-07-20 15:39:30.908,0.0,,,,,28.77,927.8,19.3,-40.0,0.0,1.0,0.0,0.0,1150.0
2026-07-20 15:39:31.108,0.0,,,,,28.77,927.8,19.3,-40.0,0.0,1.0,0.0,0.0,1150.0
2026-07-20 15:39:31.337,0.0,,,,,28.77,927.9,18.2,-40.0,0.0,1.0,0.0,0.0,1150.0
2026-07-20 15:39:31.508,0.0,,,,,28.77,927.9,18.2,-40.0,0.0,1.0,0.0,0.0,1150.0
2026-07-20 15:39:31.752,0.0,,,,,28.77,927.8,19.0,-40.0,0.0,1.0,0.0,0.0,1151.0
2026-07-20 15:39:31.925,0.0,,,,,28.77,927.8,19.0,-40.0,0.0,1.0,0.0,0.0,1151.0
2026-07-20 15:39:32.108,0.0,,,,,28.77,927.8,19.0,-40.0,0.0,1.0,0.0,0.0,1151.0
2026-07-20 15:39:32.309,0.0,,,,,28.77,927.9,18.6,-40.0,0.0,1.0,0.0,0.0,1151.0
2026-07-20 15:39:32.508,0.0,,,,,28.77,927.9,18.6,-40.0,0.0,1.0,0.0,0.0,1151.0
2026-07-20 15:39:32.752,0.0,,,,,28.77,927.8,18.8,-40.0,0.0,1.0,0.0,0.0,1152.0
2026-07-20 15:39:32.938,0.0,,,,,28.77,927.8,18.8,-40.0,0.0,1.0,0.0,0.0,1152.0
2026-07-20 15:39:33.109,0.0,,,,,28.77,927.8,18.8,-40.0,0.0,1.0,0.0,0.0,1152.0
2026-07-20 15:39:33.308,0.0,,,,,28.77,927.8,18.4,-40.0,0.0,1.0,0.0,0.0,1152.0
2026-07-20 15:39:33.508,0.0,,,,,28.77,927.8,18.4,-40.0,0.0,1.0,0.0,0.0,1152.0
2026-07-20 15:39:33.751,0.0,,,,,28.77,927.9,19.1,-40.0,0.0,1.0,0.0,0.0,1153.0
2026-07-20 15:39:33.909,0.0,,,,,28.77,927.9,19.1,-40.0,0.0,1.0,0.0,0.0,1153.0
2026-07-20 15:39:34.108,0.0,,,,,28.77,927.9,19.1,-40.0,0.0,1.0,0.0,0.0,1153.0
2026-07-20 15:39:34.309,0.0,,,,,28.77,927.8,18.4,-40.0,0.0,1.0,0.0,0.0,1153.0
2026-07-20 15:39:34.508,0.0,,,,,28.77,927.8,18.4,-40.0,0.0,1.0,0.0,0.0,1153.0
2026-07-20 15:39:34.751,0.0,,,,,28.77,927.9,18.2,-40.0,0.0,1.0,0.0,0.0,1154.0
2026-07-20 15:39:34.935,0.0,,,,,28.77,927.9,18.2,-40.0,0.0,1.0,0.0,0.0,1154.0
2026-07-20 15:39:35.108,0.0,,,,,28.77,927.9,18.2,-40.0,0.0,1.0,0.0,0.0,1154.0
2026-07-20 15:39:35.309,0.0,,,,,28.78,927.9,18.2,-40.0,0.0,1.0,0.0,0.0,1154.0
2026-07-20 15:39:35.531,0.0,,,,,28.78,927.9,18.2,-40.0,0.0,1.0,0.0,0.0,1154.0
2026-07-20 15:39:35.752,0.0,,,,,28.77,927.9,18.8,-40.0,0.0,1.0,0.0,0.0,1155.0
2026-07-20 15:39:35.909,0.0,,,,,28.77,927.9,18.8,-40.0,0.0,1.0,0.0,0.0,1155.0
2026-07-20 15:39:36.128,0.0,,,,,28.77,927.9,18.8,-40.0,0.0,1.0,0.0,0.0,1155.0
2026-07-20 15:39:36.307,0.0,,,,,28.78,927.9,18.3,-40.0,0.0,1.0,0.0,0.0,1155.0
2026-07-20 15:39:36.508,0.0,,,,,28.78,927.9,18.3,-40.0,0.0,1.0,0.0,0.0,1155.0
2026-07-20 15:39:36.751,0.0,,,,,28.77,927.9,19.0,-40.0,0.0,1.0,0.0,0.0,1156.0
2026-07-20 15:39:36.909,0.0,,,,,28.77,927.9,19.0,-40.0,0.0,1.0,0.0,0.0,1156.0
2026-07-20 15:39:37.109,0.0,,,,,28.77,927.9,19.0,-40.0,0.0,1.0,0.0,0.0,1156.0
2026-07-20 15:39:37.309,0.0,,,,,28.77,927.9,18.5,-40.0,0.0,1.0,0.0,0.0,1156.0
2026-07-20 15:39:37.508,0.0,,,,,28.77,927.9,18.5,-40.0,0.0,1.0,0.0,0.0,1156.0
2026-07-20 15:39:37.751,0.0,,,,,28.77,927.8,19.1,-40.0,0.0,1.0,0.0,0.0,1157.0
2026-07-20 15:39:37.908,0.0,,,,,28.77,927.8,19.1,-40.0,0.0,1.0,0.0,0.0,1157.0
2026-07-20 15:39:38.108,0.0,,,,,28.77,927.8,19.1,-40.0,0.0,1.0,0.0,0.0,1157.0
2026-07-20 15:39:38.309,0.0,,,,,28.77,927.8,18.5,-40.0,0.0,1.0,0.0,0.0,1157.0
2026-07-20 15:39:38.508,0.0,,,,,28.77,927.8,18.5,-40.0,0.0,1.0,0.0,0.0,1157.0
2026-07-20 15:39:38.751,0.0,,,,,28.77,927.9,19.3,-40.0,0.0,1.0,0.0,0.0,1158.0
2026-07-20 15:39:38.907,0.0,,,,,28.77,927.9,19.3,-40.0,0.0,1.0,0.0,0.0,1158.0
2026-07-20 15:39:39.108,0.0,,,,,28.77,927.9,19.3,-40.0,0.0,1.0,0.0,0.0,1158.0
2026-07-20 15:39:39.309,0.0,,,,,28.77,927.8,19.0,-40.0,0.0,1.0,0.0,0.0,1158.0
2026-07-20 15:39:39.508,0.0,,,,,28.77,927.8,19.0,-40.0,0.0,1.0,0.0,0.0,1158.0
2026-07-20 15:39:39.752,0.0,,,,,28.78,927.8,18.9,-40.0,0.0,1.0,0.0,0.0,1159.0
2026-07-20 15:39:39.936,0.0,,,,,28.78,927.8,18.9,-40.0,0.0,1.0,0.0,0.0,1159.0
2026-07-20 15:39:40.108,0.0,,,,,28.78,927.8,18.9,-40.0,0.0,1.0,0.0,0.0,1159.0
2026-07-20 15:39:40.308,0.0,,,,,28.77,927.8,18.5,-40.0,0.0,1.0,0.0,0.0,1159.0
2026-07-20 15:39:40.507,0.0,,,,,28.77,927.8,18.5,-40.0,0.0,1.0,0.0,0.0,1159.0
2026-07-20 15:39:40.752,0.0,,,,,28.77,927.8,18.9,-40.0,0.0,1.0,0.0,0.0,1160.0
2026-07-20 15:39:40.942,0.0,,,,,28.77,927.8,18.9,-40.0,0.0,1.0,0.0,0.0,1160.0
2026-07-20 15:39:41.108,0.0,,,,,28.77,927.8,18.9,-40.0,0.0,1.0,0.0,0.0,1160.0
2026-07-20 15:39:41.308,0.0,,,,,28.78,927.9,18.6,-40.0,0.0,1.0,0.0,0.0,1160.0
2026-07-20 15:39:41.532,0.0,,,,,28.78,927.9,18.6,-40.0,0.0,1.0,0.0,0.0,1160.0
2026-07-20 15:39:41.752,0.0,,,,,28.77,927.8,19.2,-40.0,0.0,1.0,0.0,0.0,1161.0
2026-07-20 15:39:41.908,0.0,,,,,28.77,927.8,19.2,-40.0,0.0,1.0,0.0,0.0,1161.0
2026-07-20 15:39:42.111,0.0,,,,,28.77,927.8,19.2,-40.0,0.0,1.0,0.0,0.0,1161.0
2026-07-20 15:39:42.309,0.0,,,,,28.77,927.8,18.5,-40.0,0.0,1.0,0.0,0.0,1161.0
2026-07-20 15:39:42.508,0.0,,,,,28.77,927.8,18.5,-40.0,0.0,1.0,0.0,0.0,1161.0
2026-07-20 15:39:42.752,0.0,,,,,28.76,927.9,18.5,-40.0,0.0,1.0,0.0,0.0,1162.0
2026-07-20 15:39:42.908,0.0,,,,,28.76,927.9,18.5,-40.0,0.0,1.0,0.0,0.0,1162.0
2026-07-20 15:39:43.138,0.0,,,,,28.76,927.9,18.5,-40.0,0.0,1.0,0.0,0.0,1162.0
2026-07-20 15:39:43.309,0.0,,,,,28.77,927.8,18.5,-40.0,0.0,1.0,0.0,0.0,1162.0
2026-07-20 15:39:43.508,0.0,,,,,28.77,927.8,18.5,-40.0,0.0,1.0,0.0,0.0,1162.0
2026-07-20 15:39:43.752,0.0,,,,,28.76,927.8,19.4,-40.0,0.0,1.0,0.0,0.0,1163.0
2026-07-20 15:39:43.908,0.0,,,,,28.76,927.8,19.4,-40.0,0.0,1.0,0.0,0.0,1163.0
2026-07-20 15:39:44.107,0.0,,,,,28.76,927.8,19.4,-40.0,0.0,1.0,0.0,0.0,1163.0
2026-07-20 15:39:44.337,0.0,,,,,28.78,927.8,18.3,-40.0,0.0,1.0,0.0,0.0,1163.0
2026-07-20 15:39:44.508,0.0,,,,,28.78,927.8,18.3,-40.0,0.0,1.0,0.0,0.0,1163.0
2026-07-20 15:39:44.751,0.0,,,,,28.77,927.9,19.3,-40.0,0.0,1.0,0.0,0.0,1164.0
2026-07-20 15:39:44.939,0.0,,,,,28.77,927.9,19.3,-40.0,0.0,1.0,0.0,0.0,1164.0
2026-07-20 15:39:45.108,0.0,,,,,28.77,927.9,19.3,-40.0,0.0,1.0,0.0,0.0,1164.0
2026-07-20 15:39:45.308,0.0,,,,,28.77,927.8,18.5,-40.0,0.0,1.0,0.0,0.0,1164.0
2026-07-20 15:39:45.508,0.0,,,,,28.77,927.8,18.5,-40.0,0.0,1.0,0.0,0.0,1164.0
2026-07-20 15:39:45.751,0.0,,,,,28.77,927.8,19.3,-40.0,0.0,1.0,0.0,0.0,1165.0
2026-07-20 15:39:45.936,0.0,,,,,28.77,927.8,19.3,-40.0,0.0,1.0,0.0,0.0,1165.0
2026-07-20 15:39:46.108,0.0,,,,,28.77,927.8,19.3,-40.0,0.0,1.0,0.0,0.0,1165.0
2026-07-20 15:39:46.308,0.0,,,,,28.77,927.8,18.7,-40.0,0.0,1.0,0.0,0.0,1165.0
2026-07-20 15:39:46.543,0.0,,,,,28.77,927.8,18.7,-40.0,0.0,1.0,0.0,0.0,1165.0
2026-07-20 15:39:46.751,0.0,,,,,28.77,927.8,19.4,-40.0,0.0,1.0,0.0,0.0,1166.0
2026-07-20 15:39:46.908,0.0,,,,,28.77,927.8,19.4,-40.0,0.0,1.0,0.0,0.0,1166.0
2026-07-20 15:39:47.140,0.0,,,,,28.77,927.8,19.4,-40.0,0.0,1.0,0.0,0.0,1166.0
2026-07-20 15:39:47.308,0.0,,,,,28.77,927.8,18.6,-40.0,0.0,1.0,0.0,0.0,1166.0
2026-07-20 15:39:47.508,0.0,,,,,28.77,927.8,18.6,-40.0,0.0,1.0,0.0,0.0,1166.0
2026-07-20 15:39:47.751,0.0,,,,,28.78,927.8,18.7,-40.0,0.0,1.0,0.0,0.0,1167.0
2026-07-20 15:39:47.908,0.0,,,,,28.78,927.8,18.7,-40.0,0.0,1.0,0.0,0.0,1167.0
2026-07-20 15:39:48.109,0.0,,,,,28.78,927.8,18.7,-40.0,0.0,1.0,0.0,0.0,1167.0
2026-07-20 15:39:48.308,0.0,,,,,28.77,927.8,18.6,-40.0,0.0,1.0,0.0,0.0,1167.0
2026-07-20 15:39:48.508,0.0,,,,,28.77,927.8,18.6,-40.0,0.0,1.0,0.0,0.0,1167.0
2026-07-20 15:39:48.751,0.0,,,,,28.77,927.8,19.1,-40.0,0.0,1.0,0.0,0.0,1168.0
2026-07-20 15:39:48.908,0.0,,,,,28.77,927.8,19.1,-40.0,0.0,1.0,0.0,0.0,1168.0
2026-07-20 15:39:49.108,0.0,,,,,28.77,927.8,19.1,-40.0,0.0,1.0,0.0,0.0,1168.0
2026-07-20 15:39:49.308,0.0,,,,,28.78,927.9,18.7,-40.0,0.0,1.0,0.0,0.0,1168.0
2026-07-20 15:39:49.508,0.0,,,,,28.78,927.9,18.7,-40.0,0.0,1.0,0.0,0.0,1168.0
2026-07-20 15:39:49.751,0.0,,,,,28.77,927.8,19.0,-40.0,0.0,1.0,0.0,0.0,1169.0
2026-07-20 15:39:49.938,0.0,,,,,28.77,927.8,19.0,-40.0,0.0,1.0,0.0,0.0,1169.0
2026-07-20 15:39:50.108,0.0,,,,,28.77,927.8,19.0,-40.0,0.0,1.0,0.0,0.0,1169.0
2026-07-20 15:39:50.308,0.0,,,,,28.77,927.8,18.6,-40.0,0.0,1.0,0.0,0.0,1169.0
2026-07-20 15:39:50.508,0.0,,,,,28.77,927.8,18.6,-40.0,0.0,1.0,0.0,0.0,1169.0
2026-07-20 15:39:50.752,0.0,,,,,28.77,927.9,18.6,-40.0,0.0,1.0,0.0,0.0,1170.0
2026-07-20 15:39:50.925,0.0,,,,,28.77,927.9,18.6,-40.0,0.0,1.0,0.0,0.0,1170.0
2026-07-20 15:39:51.108,0.0,,,,,28.77,927.9,18.6,-40.0,0.0,1.0,0.0,0.0,1170.0
2026-07-20 15:39:51.308,0.0,,,,,28.77,927.8,18.5,-40.0,0.0,1.0,0.0,0.0,1170.0
2026-07-20 15:39:51.535,0.0,,,,,28.77,927.8,18.5,-40.0,0.0,1.0,0.0,0.0,1170.0
2026-07-20 15:39:51.751,0.0,,,,,28.78,927.9,19.1,-40.0,0.0,1.0,0.0,0.0,1171.0
2026-07-20 15:39:51.908,0.0,,,,,28.78,927.9,19.1,-40.0,0.0,1.0,0.0,0.0,1171.0
2026-07-20 15:39:52.108,0.0,,,,,28.78,927.9,19.1,-40.0,0.0,1.0,0.0,0.0,1171.0
2026-07-20 15:39:52.308,0.0,,,,,28.77,927.9,18.6,-40.0,0.0,1.0,0.0,0.0,1171.0
2026-07-20 15:39:52.508,0.0,,,,,28.77,927.9,18.6,-40.0,0.0,1.0,0.0,0.0,1171.0
2026-07-20 15:39:52.751,0.0,,,,,28.77,927.8,19.2,-40.0,0.0,1.0,0.0,0.0,1172.0
2026-07-20 15:39:52.908,0.0,,,,,28.77,927.8,19.2,-40.0,0.0,1.0,0.0,0.0,1172.0
2026-07-20 15:39:53.108,0.0,,,,,28.77,927.8,19.2,-40.0,0.0,1.0,0.0,0.0,1172.0
2026-07-20 15:39:53.308,0.0,,,,,28.77,927.8,18.5,-40.0,0.0,1.0,0.0,0.0,1172.0
2026-07-20 15:39:53.508,0.0,,,,,28.77,927.8,18.5,-40.0,0.0,1.0,0.0,0.0,1172.0
2026-07-20 15:39:53.751,0.0,,,,,28.78,927.9,19.3,-40.0,0.0,1.0,0.0,0.0,1173.0
2026-07-20 15:39:53.908,0.0,,,,,28.78,927.9,19.3,-40.0,0.0,1.0,0.0,0.0,1173.0
2026-07-20 15:39:54.107,0.0,,,,,28.78,927.9,19.3,-40.0,0.0,1.0,0.0,0.0,1173.0
2026-07-20 15:39:54.308,0.0,,,,,28.78,927.9,18.5,-40.0,0.0,1.0,0.0,0.0,1173.0
2026-07-20 15:39:54.508,0.0,,,,,28.78,927.9,18.5,-40.0,0.0,1.0,0.0,0.0,1173.0
2026-07-20 15:39:54.751,0.0,,,,,28.77,927.8,18.8,-40.0,0.0,1.0,0.0,0.0,1174.0
2026-07-20 15:39:54.908,0.0,,,,,28.77,927.8,18.8,-40.0,0.0,1.0,0.0,0.0,1174.0
2026-07-20 15:39:55.108,0.0,,,,,28.77,927.8,18.8,-40.0,0.0,1.0,0.0,0.0,1174.0
2026-07-20 15:39:55.308,0.0,,,,,28.78,927.9,18.7,-40.0,0.0,1.0,0.0,0.0,1174.0
2026-07-20 15:39:55.507,0.0,,,,,28.78,927.9,18.7,-40.0,0.0,1.0,0.0,0.0,1174.0
2026-07-20 15:39:55.751,0.0,,,,,28.77,927.9,19.1,-40.0,0.0,1.0,0.0,0.0,1175.0
2026-07-20 15:39:55.908,0.0,,,,,28.77,927.9,19.1,-40.0,0.0,1.0,0.0,0.0,1175.0
2026-07-20 15:39:56.108,0.0,,,,,28.77,927.9,19.1,-40.0,0.0,1.0,0.0,0.0,1175.0
2026-07-20 15:39:56.308,0.0,,,,,28.77,927.9,18.4,-40.0,0.0,1.0,0.0,0.0,1175.0
2026-07-20 15:39:56.508,0.0,,,,,28.77,927.9,18.4,-40.0,0.0,1.0,0.0,0.0,1175.0
2026-07-20 15:39:56.751,0.0,,,,,28.77,927.9,19.1,-40.0,0.0,1.0,0.0,0.0,1176.0
2026-07-20 15:39:56.908,0.0,,,,,28.77,927.9,19.1,-40.0,0.0,1.0,0.0,0.0,1176.0
2026-07-20 15:39:57.108,0.0,,,,,28.77,927.9,19.1,-40.0,0.0,1.0,0.0,0.0,1176.0
2026-07-20 15:39:57.307,0.0,,,,,28.77,927.9,18.4,-40.0,0.0,1.0,0.0,0.0,1176.0
2026-07-20 15:39:57.508,0.0,,,,,28.77,927.9,18.4,-40.0,0.0,1.0,0.0,0.0,1176.0
2026-07-20 15:39:57.751,0.0,,,,,28.77,927.9,18.3,-40.0,0.0,1.0,0.0,0.0,1177.0
2026-07-20 15:39:57.908,0.0,,,,,28.77,927.9,18.3,-40.0,0.0,1.0,0.0,0.0,1177.0
2026-07-20 15:39:58.109,0.0,,,,,28.77,927.9,18.3,-40.0,0.0,1.0,0.0,0.0,1177.0
2026-07-20 15:39:58.316,0.0,,,,,28.78,927.8,18.4,-40.0,0.0,1.0,0.0,0.0,1177.0
2026-07-20 15:39:58.508,0.0,,,,,28.78,927.8,18.4,-40.0,0.0,1.0,0.0,0.0,1177.0
2026-07-20 15:39:58.751,0.0,,,,,28.77,927.8,19.1,-40.0,0.0,1.0,0.0,0.0,1178.0
2026-07-20 15:39:58.907,0.0,,,,,28.77,927.8,19.1,-40.0,0.0,1.0,0.0,0.0,1178.0
2026-07-20 15:39:59.108,0.0,,,,,28.77,927.8,19.1,-40.0,0.0,1.0,0.0,0.0,1178.0
2026-07-20 15:39:59.308,0.0,,,,,28.77,927.9,18.5,-40.0,0.0,1.0,0.0,0.0,1178.0
2026-07-20 15:39:59.508,0.0,,,,,28.77,927.9,18.5,-40.0,0.0,1.0,0.0,0.0,1178.0
2026-07-20 15:39:59.751,0.0,,,,,28.78,927.8,19.0,-40.0,0.0,1.0,0.0,0.0,1179.0
2026-07-20 15:39:59.907,0.0,,,,,28.78,927.8,19.0,-40.0,0.0,1.0,0.0,0.0,1179.0
2026-07-20 15:40:00.107,0.0,,,,,28.78,927.8,19.0,-40.0,0.0,1.0,0.0,0.0,1179.0
2026-07-20 15:40:00.330,0.0,,,,,28.78,927.9,18.7,-40.0,0.0,1.0,0.0,0.0,1179.0
2026-07-20 15:40:00.507,0.0,,,,,28.78,927.9,18.7,-40.0,0.0,1.0,0.0,0.0,1179.0
2026-07-20 15:40:00.751,0.0,,,,,28.78,927.9,19.3,-40.0,0.0,1.0,0.0,0.0,1180.0
2026-07-20 15:40:00.915,0.0,,,,,28.78,927.9,19.3,-40.0,0.0,1.0,0.0,0.0,1180.0
2026-07-20 15:40:01.108,0.0,,,,,28.78,927.9,19.3,-40.0,0.0,1.0,0.0,0.0,1180.0
2026-07-20 15:40:01.308,0.0,,,,,28.78,927.8,18.3,-40.0,0.0,1.0,0.0,0.0,1180.0
2026-07-20 15:40:01.507,0.0,,,,,28.78,927.8,18.3,-40.0,0.0,1.0,0.0,0.0,1180.0
2026-07-20 15:40:01.751,0.0,,,,,28.78,927.9,18.9,-40.0,0.0,1.0,0.0,0.0,1181.0
2026-07-20 15:40:01.942,0.0,,,,,28.78,927.9,18.9,-40.0,0.0,1.0,0.0,0.0,1181.0
2026-07-20 15:40:02.107,0.0,,,,,28.78,927.9,18.9,-40.0,0.0,1.0,0.0,0.0,1181.0
2026-07-20 15:40:02.308,0.0,,,,,28.78,927.9,18.4,-40.0,0.0,1.0,0.0,0.0,1181.0
2026-07-20 15:40:02.508,0.0,,,,,28.78,927.9,18.4,-40.0,0.0,1.0,0.0,0.0,1181.0
2026-07-20 15:40:02.751,0.0,,,,,28.78,927.8,19.3,-40.0,0.0,1.0,0.0,0.0,1182.0
2026-07-20 15:40:02.908,0.0,,,,,28.78,927.8,19.3,-40.0,0.0,1.0,0.0,0.0,1182.0
2026-07-20 15:40:03.108,0.0,,,,,28.78,927.8,19.3,-40.0,0.0,1.0,0.0,0.0,1182.0
2026-07-20 15:40:03.308,0.0,,,,,28.78,927.9,18.7,-40.0,0.0,1.0,0.0,0.0,1182.0
2026-07-20 15:40:03.508,0.0,,,,,28.78,927.9,18.7,-40.0,0.0,1.0,0.0,0.0,1182.0
2026-07-20 15:40:03.751,0.0,,,,,28.78,927.8,19.2,-40.0,0.0,1.0,0.0,0.0,1183.0
2026-07-20 15:40:03.908,0.0,,,,,28.78,927.8,19.2,-40.0,0.0,1.0,0.0,0.0,1183.0
2026-07-20 15:40:04.108,0.0,,,,,28.78,927.8,19.2,-40.0,0.0,1.0,0.0,0.0,1183.0
2026-07-20 15:40:04.308,0.0,,,,,28.78,927.8,18.5,-40.0,0.0,1.0,0.0,0.0,1183.0
2026-07-20 15:40:04.508,0.0,,,,,28.78,927.8,18.5,-40.0,0.0,1.0,0.0,0.0,1183.0
2026-07-20 15:40:04.751,0.0,,,,,28.78,927.9,18.7,-40.0,0.0,1.0,0.0,0.0,1184.0
2026-07-20 15:40:04.928,0.0,,,,,28.78,927.9,18.7,-40.0,0.0,1.0,0.0,0.0,1184.0
2026-07-20 15:40:05.108,0.0,,,,,28.78,927.9,18.7,-40.0,0.0,1.0,0.0,0.0,1184.0
2026-07-20 15:40:05.307,0.0,,,,,28.77,927.9,18.4,-40.0,0.0,1.0,0.0,0.0,1184.0
2026-07-20 15:40:05.507,0.0,,,,,28.77,927.9,18.4,-40.0,0.0,1.0,0.0,0.0,1184.0
2026-07-20 15:40:05.751,0.0,,,,,28.77,927.9,18.5,-40.0,0.0,1.0,0.0,0.0,1185.0
2026-07-20 15:40:05.931,0.0,,,,,28.77,927.9,18.5,-40.0,0.0,1.0,0.0,0.0,1185.0
2026-07-20 15:40:06.108,0.0,,,,,28.77,927.9,18.5,-40.0,0.0,1.0,0.0,0.0,1185.0
2026-07-20 15:40:06.307,0.0,,,,,28.79,927.9,18.6,-40.0,0.0,1.0,0.0,0.0,1185.0
2026-07-20 15:40:06.507,0.0,,,,,28.79,927.9,18.6,-40.0,0.0,1.0,0.0,0.0,1185.0
2026-07-20 15:40:06.751,0.0,,,,,28.78,927.9,18.5,-40.0,0.0,1.0,0.0,0.0,1186.0
2026-07-20 15:40:06.931,0.0,,,,,28.78,927.9,18.5,-40.0,0.0,1.0,0.0,0.0,1186.0
2026-07-20 15:40:07.107,0.0,,,,,28.78,927.9,18.5,-40.0,0.0,1.0,0.0,0.0,1186.0
2026-07-20 15:40:07.308,0.0,,,,,28.78,927.9,19.0,-40.0,0.0,1.0,0.0,0.0,1186.0
2026-07-20 15:40:07.527,0.0,,,,,28.78,927.9,19.0,-40.0,0.0,1.0,0.0,0.0,1186.0
2026-07-20 15:40:07.751,0.0,,,,,28.78,927.9,18.8,-40.0,0.0,1.0,0.0,0.0,1187.0
2026-07-20 15:40:07.907,0.0,,,,,28.78,927.9,18.8,-40.0,0.0,1.0,0.0,0.0,1187.0
2026-07-20 15:40:08.106,0.0,,,,,28.78,927.9,18.8,-40.0,0.0,1.0,0.0,0.0,1187.0
2026-07-20 15:40:08.308,0.0,,,,,28.78,927.9,18.7,-40.0,0.0,1.0,0.0,0.0,1187.0
2026-07-20 15:40:08.508,0.0,,,,,28.78,927.9,18.7,-40.0,0.0,1.0,0.0,0.0,1187.0
2026-07-20 15:40:08.751,0.0,,,,,28.77,927.9,19.3,-40.0,0.0,1.0,0.0,0.0,1188.0
2026-07-20 15:40:08.908,0.0,,,,,28.77,927.9,19.3,-40.0,0.0,1.0,0.0,0.0,1188.0
2026-07-20 15:40:09.108,0.0,,,,,28.77,927.9,19.3,-40.0,0.0,1.0,0.0,0.0,1188.0
2026-07-20 15:40:09.307,0.0,,,,,28.78,927.9,18.4,-40.0,0.0,1.0,0.0,0.0,1188.0
2026-07-20 15:40:09.507,0.0,,,,,28.78,927.9,18.4,-40.0,0.0,1.0,0.0,0.0,1188.0
2026-07-20 15:40:09.751,0.0,,,,,28.78,927.8,19.1,-40.0,0.0,1.0,0.0,0.0,1189.0
2026-07-20 15:40:09.907,0.0,,,,,28.78,927.8,19.1,-40.0,0.0,1.0,0.0,0.0,1189.0
2026-07-20 15:40:10.109,0.0,,,,,28.78,927.8,19.1,-40.0,0.0,1.0,0.0,0.0,1189.0
2026-07-20 15:40:10.307,0.0,,,,,28.78,927.9,18.7,-40.0,0.0,1.0,0.0,0.0,1189.0
2026-07-20 15:40:10.508,0.0,,,,,28.78,927.9,18.7,-40.0,0.0,1.0,0.0,0.0,1189.0
2026-07-20 15:40:10.751,0.0,,,,,28.79,927.9,19.3,-40.0,0.0,1.0,0.0,0.0,1190.0
2026-07-20 15:40:10.907,0.0,,,,,28.79,927.9,19.3,-40.0,0.0,1.0,0.0,0.0,1190.0
2026-07-20 15:40:11.125,0.0,,,,,28.79,927.9,19.3,-40.0,0.0,1.0,0.0,0.0,1190.0
2026-07-20 15:40:11.308,0.0,,,,,28.78,927.8,18.9,-40.0,0.0,1.0,0.0,0.0,1190.0
2026-07-20 15:40:11.508,0.0,,,,,28.78,927.8,18.9,-40.0,0.0,1.0,0.0,0.0,1190.0
2026-07-20 15:40:11.751,0.0,,,,,28.78,927.9,18.9,-40.0,0.0,1.0,0.0,0.0,1191.0
2026-07-20 15:40:11.907,0.0,,,,,28.78,927.9,18.9,-40.0,0.0,1.0,0.0,0.0,1191.0
2026-07-20 15:40:12.143,0.0,,,,,28.78,927.9,18.9,-40.0,0.0,1.0,0.0,0.0,1191.0
2026-07-20 15:40:12.307,0.0,,,,,28.79,927.9,18.5,-40.0,0.0,1.0,0.0,0.0,1191.0
2026-07-20 15:40:12.507,0.0,,,,,28.79,927.9,18.5,-40.0,0.0,1.0,0.0,0.0,1191.0
2026-07-20 15:40:12.751,0.0,,,,,28.79,927.8,19.3,-40.0,0.0,1.0,0.0,0.0,1192.0
2026-07-20 15:40:12.907,0.0,,,,,28.79,927.8,19.3,-40.0,0.0,1.0,0.0,0.0,1192.0
2026-07-20 15:40:13.107,0.0,,,,,28.79,927.8,19.3,-40.0,0.0,1.0,0.0,0.0,1192.0
2026-07-20 15:40:13.307,0.0,,,,,28.78,927.8,18.8,-40.0,0.0,1.0,0.0,0.0,1192.0
2026-07-20 15:40:13.507,0.0,,,,,28.78,927.8,18.8,-40.0,0.0,1.0,0.0,0.0,1192.0
2026-07-20 15:40:13.751,0.0,,,,,28.78,927.9,19.1,-40.0,0.0,1.0,0.0,0.0,1193.0
2026-07-20 15:40:13.907,0.0,,,,,28.78,927.9,19.1,-40.0,0.0,1.0,0.0,0.0,1193.0
2026-07-20 15:40:14.137,0.0,,,,,28.78,927.9,19.1,-40.0,0.0,1.0,0.0,0.0,1193.0
2026-07-20 15:40:14.307,0.0,,,,,28.79,927.9,18.7,-40.0,0.0,1.0,0.0,0.0,1193.0
2026-07-20 15:40:14.508,0.0,,,,,28.79,927.9,18.7,-40.0,0.0,1.0,0.0,0.0,1193.0
2026-07-20 15:40:14.750,0.0,,,,,28.79,927.9,19.1,-40.0,0.0,1.0,0.0,0.0,1194.0
2026-07-20 15:40:14.907,0.0,,,,,28.79,927.9,19.1,-40.0,0.0,1.0,0.0,0.0,1194.0
2026-07-20 15:40:15.108,0.0,,,,,28.79,927.9,19.1,-40.0,0.0,1.0,0.0,0.0,1194.0
2026-07-20 15:40:15.308,0.0,,,,,28.79,927.8,18.9,-40.0,0.0,1.0,0.0,0.0,1194.0
2026-07-20 15:40:15.534,0.0,,,,,28.79,927.8,18.9,-40.0,0.0,1.0,0.0,0.0,1194.0
2026-07-20 15:40:15.751,0.0,,,,,28.78,927.9,19.0,-40.0,0.0,1.0,0.0,0.0,1195.0
2026-07-20 15:40:15.907,0.0,,,,,28.78,927.9,19.0,-40.0,0.0,1.0,0.0,0.0,1195.0
2026-07-20 15:40:16.108,0.0,,,,,28.78,927.9,19.0,-40.0,0.0,1.0,0.0,0.0,1195.0
2026-07-20 15:40:16.308,0.0,,,,,28.79,927.9,18.5,-40.0,0.0,1.0,0.0,0.0,1195.0
2026-07-20 15:40:16.512,0.0,,,,,28.79,927.9,18.5,-40.0,0.0,1.0,0.0,0.0,1195.0
2026-07-20 15:40:16.751,0.0,,,,,28.79,927.9,19.0,-40.0,0.0,1.0,0.0,0.0,1196.0
2026-07-20 15:40:16.928,0.0,,,,,28.79,927.9,19.0,-40.0,0.0,1.0,0.0,0.0,1196.0
2026-07-20 15:40:17.108,0.0,,,,,28.79,927.9,19.0,-40.0,0.0,1.0,0.0,0.0,1196.0
2026-07-20 15:40:17.308,0.0,,,,,28.78,927.9,18.7,-40.0,0.0,1.0,0.0,0.0,1196.0
2026-07-20 15:40:17.507,0.0,,,,,28.78,927.9,18.7,-40.0,0.0,1.0,0.0,0.0,1196.0
2026-07-20 15:40:17.751,0.0,,,,,28.78,927.8,18.8,-40.0,0.0,1.0,0.0,0.0,1197.0
2026-07-20 15:40:17.907,0.0,,,,,28.78,927.8,18.8,-40.0,0.0,1.0,0.0,0.0,1197.0
2026-07-20 15:40:18.107,0.0,,,,,28.78,927.8,18.8,-40.0,0.0,1.0,0.0,0.0,1197.0
2026-07-20 15:40:18.308,0.0,,,,,28.79,927.9,18.5,-40.0,0.0,1.0,0.0,0.0,1197.0
2026-07-20 15:40:18.507,0.0,,,,,28.79,927.9,18.5,-40.0,0.0,1.0,0.0,0.0,1197.0
2026-07-20 15:40:18.751,0.0,,,,,28.78,927.8,18.8,-40.0,0.0,1.0,0.0,0.0,1198.0
2026-07-20 15:40:18.908,0.0,,,,,28.78,927.8,18.8,-40.0,0.0,1.0,0.0,0.0,1198.0
2026-07-20 15:40:19.107,0.0,,,,,28.78,927.8,18.8,-40.0,0.0,1.0,0.0,0.0,1198.0
2026-07-20 15:40:19.307,0.0,,,,,28.78,927.8,18.8,-40.0,0.0,1.0,0.0,0.0,1198.0
2026-07-20 15:40:19.507,0.0,,,,,28.78,927.8,18.8,-40.0,0.0,1.0,0.0,0.0,1198.0
2026-07-20 15:40:19.750,0.0,,,,,28.78,927.8,19.0,-40.0,0.0,1.0,0.0,0.0,1199.0
2026-07-20 15:40:19.928,0.0,,,,,28.78,927.8,19.0,-40.0,0.0,1.0,0.0,0.0,1199.0
2026-07-20 15:40:20.107,0.0,,,,,28.78,927.8,19.0,-40.0,0.0,1.0,0.0,0.0,1199.0
2026-07-20 15:40:20.307,0.0,,,,,28.78,927.8,18.7,-40.0,0.0,1.0,0.0,0.0,1199.0
2026-07-20 15:40:20.533,0.0,,,,,28.78,927.8,18.7,-40.0,0.0,1.0,0.0,0.0,1199.0
2026-07-20 15:40:20.751,0.0,,,,,28.79,927.9,18.9,-40.0,0.0,1.0,0.0,0.0,1200.0
2026-07-20 15:40:20.907,0.0,,,,,28.79,927.9,18.9,-40.0,0.0,1.0,0.0,0.0,1200.0
2026-07-20 15:40:21.119,0.0,,,,,28.79,927.9,18.9,-40.0,0.0,1.0,0.0,0.0,1200.0
2026-07-20 15:40:21.307,0.0,,,,,28.79,927.9,19.0,-40.0,0.0,1.0,0.0,0.0,1200.0
2026-07-20 15:40:21.507,0.0,,,,,28.79,927.9,19.0,-40.0,0.0,1.0,0.0,0.0,1200.0
2026-07-20 15:40:21.751,0.0,,,,,28.79,927.8,18.8,-40.0,0.0,1.0,0.0,0.0,1201.0
2026-07-20 15:40:21.908,0.0,,,,,28.79,927.8,18.8,-40.0,0.0,1.0,0.0,0.0,1201.0
2026-07-20 15:40:22.124,0.0,,,,,28.79,927.8,18.8,-40.0,0.0,1.0,0.0,0.0,1201.0
2026-07-20 15:40:22.307,0.0,,,,,28.79,927.8,18.5,-40.0,0.0,1.0,0.0,0.0,1201.0
2026-07-20 15:40:22.507,0.0,,,,,28.79,927.8,18.5,-40.0,0.0,1.0,0.0,0.0,1201.0
2026-07-20 15:40:22.750,0.0,,,,,28.79,927.9,19.2,-40.0,0.0,1.0,0.0,0.0,1202.0
2026-07-20 15:40:22.908,0.0,,,,,28.79,927.9,19.2,-40.0,0.0,1.0,0.0,0.0,1202.0
2026-07-20 15:40:23.107,0.0,,,,,28.79,927.9,19.2,-40.0,0.0,1.0,0.0,0.0,1202.0
2026-07-20 15:40:23.307,0.0,,,,,28.79,927.8,18.7,-40.0,0.0,1.0,0.0,0.0,1202.0
2026-07-20 15:40:23.507,0.0,,,,,28.79,927.8,18.7,-40.0,0.0,1.0,0.0,0.0,1202.0
2026-07-20 15:40:23.750,0.0,,,,,28.79,927.8,19.1,-40.0,0.0,1.0,0.0,0.0,1203.0
2026-07-20 15:40:23.907,0.0,,,,,28.79,927.8,19.1,-40.0,0.0,1.0,0.0,0.0,1203.0
2026-07-20 15:40:24.107,0.0,,,,,28.79,927.8,19.1,-40.0,0.0,1.0,0.0,0.0,1203.0
2026-07-20 15:40:24.307,0.0,,,,,28.79,927.8,18.4,-40.0,0.0,1.0,0.0,0.0,1203.0
2026-07-20 15:40:24.507,0.0,,,,,28.79,927.8,18.4,-40.0,0.0,1.0,0.0,0.0,1203.0
2026-07-20 15:40:24.751,0.0,,,,,28.78,927.8,18.7,-40.0,0.0,1.0,0.0,0.0,1204.0
2026-07-20 15:40:24.907,0.0,,,,,28.78,927.8,18.7,-40.0,0.0,1.0,0.0,0.0,1204.0
2026-07-20 15:40:25.106,0.0,,,,,28.78,927.8,18.7,-40.0,0.0,1.0,0.0,0.0,1204.0
2026-07-20 15:40:25.308,0.0,,,,,28.79,927.7,18.3,-40.0,0.0,1.0,0.0,0.0,1204.0
2026-07-20 15:40:25.507,0.0,,,,,28.79,927.7,18.3,-40.0,0.0,1.0,0.0,0.0,1204.0
2026-07-20 15:40:25.751,0.0,,,,,28.79,927.8,19.0,-40.0,0.0,1.0,0.0,0.0,1205.0
2026-07-20 15:40:25.945,0.0,,,,,28.79,927.8,19.0,-40.0,0.0,1.0,0.0,0.0,1205.0
2026-07-20 15:40:26.107,0.0,,,,,28.79,927.8,19.0,-40.0,0.0,1.0,0.0,0.0,1205.0
2026-07-20 15:40:26.307,0.0,,,,,28.79,927.8,18.5,-40.0,0.0,1.0,0.0,0.0,1205.0
2026-07-20 15:40:26.507,0.0,,,,,28.79,927.8,18.5,-40.0,0.0,1.0,0.0,0.0,1205.0
2026-07-20 15:40:26.750,0.0,,,,,28.79,927.8,19.2,-40.0,0.0,1.0,0.0,0.0,1206.0
2026-07-20 15:40:26.907,0.0,,,,,28.79,927.8,19.2,-40.0,0.0,1.0,0.0,0.0,1206.0
2026-07-20 15:40:27.108,0.0,,,,,28.79,927.8,19.2,-40.0,0.0,1.0,0.0,0.0,1206.0
2026-07-20 15:40:27.316,0.0,,,,,28.79,927.7,18.7,-40.0,0.0,1.0,0.0,0.0,1206.0
2026-07-20 15:40:27.507,0.0,,,,,28.79,927.7,18.7,-40.0,0.0,1.0,0.0,0.0,1206.0
2026-07-20 15:40:27.750,0.0,,,,,28.79,927.8,19.0,-40.0,0.0,1.0,0.0,0.0,1207.0
2026-07-20 15:40:27.907,0.0,,,,,28.79,927.8,19.0,-40.0,0.0,1.0,0.0,0.0,1207.0
2026-07-20 15:40:28.106,0.0,,,,,28.79,927.8,19.0,-40.0,0.0,1.0,0.0,0.0,1207.0
2026-07-20 15:40:28.306,0.0,,,,,28.79,927.8,18.7,-40.0,0.0,1.0,0.0,0.0,1207.0
2026-07-20 15:40:28.520,0.0,,,,,28.79,927.8,18.7,-40.0,0.0,1.0,0.0,0.0,1207.0
2026-07-20 15:40:28.750,0.0,,,,,28.79,927.8,19.1,-40.0,0.0,1.0,0.0,0.0,1208.0
2026-07-20 15:40:28.931,0.0,,,,,28.79,927.8,19.1,-40.0,0.0,1.0,0.0,0.0,1208.0
2026-07-20 15:40:29.106,0.0,,,,,28.79,927.8,19.1,-40.0,0.0,1.0,0.0,0.0,1208.0
2026-07-20 15:40:29.307,0.0,,,,,28.79,927.7,18.4,-40.0,0.0,1.0,0.0,0.0,1208.0
2026-07-20 15:40:29.507,0.0,,,,,28.79,927.7,18.4,-40.0,0.0,1.0,0.0,0.0,1208.0
2026-07-20 15:40:29.750,0.0,,,,,28.79,927.8,19.0,-40.0,0.0,1.0,0.0,0.0,1209.0
2026-07-20 15:40:29.907,0.0,,,,,28.79,927.8,19.0,-40.0,0.0,1.0,0.0,0.0,1209.0
2026-07-20 15:40:30.106,0.0,,,,,28.79,927.8,19.0,-40.0,0.0,1.0,0.0,0.0,1209.0
2026-07-20 15:40:30.307,0.0,,,,,28.79,927.8,18.2,-40.0,0.0,1.0,0.0,0.0,1209.0
2026-07-20 15:40:30.510,0.0,,,,,28.79,927.8,18.2,-40.0,0.0,1.0,0.0,0.0,1209.0
2026-07-20 15:40:30.750,0.0,,,,,28.78,927.8,19.3,-40.0,0.0,1.0,0.0,0.0,1210.0
2026-07-20 15:40:30.922,0.0,,,,,28.78,927.8,19.3,-40.0,0.0,1.0,0.0,0.0,1210.0
2026-07-20 15:40:31.107,0.0,,,,,28.78,927.8,19.3,-40.0,0.0,1.0,0.0,0.0,1210.0
2026-07-20 15:40:31.306,0.0,,,,,28.79,927.8,19.1,-40.0,0.0,1.0,0.0,0.0,1210.0
2026-07-20 15:40:31.515,0.0,,,,,28.79,927.8,19.1,-40.0,0.0,1.0,0.0,0.0,1210.0
2026-07-20 15:40:31.750,0.0,,,,,28.79,927.7,19.0,-40.0,0.0,1.0,0.0,0.0,1211.0
2026-07-20 15:40:31.930,0.0,,,,,28.79,927.7,19.0,-40.0,0.0,1.0,0.0,0.0,1211.0
2026-07-20 15:40:32.106,0.0,,,,,28.79,927.7,19.0,-40.0,0.0,1.0,0.0,0.0,1211.0
