timestamp,ds0_c,ds1_c,ds2_c,ds3_c,ds4_c,bme_t_c,bme_p_hpa,bme_h_pct,target_c,comp,comp_allowed,hv,iso_duty,safe,up_s
2026-07-21 16:11:47.148,28.81,30.12,30.18,29.56,12.62,29.01,928.2,24.4,-40.0,0.0,0.0,0.0,1.0,0.0,3.0
2026-07-21 16:11:47.378,28.81,30.12,30.18,29.56,12.62,29.01,928.2,24.4,-40.0,0.0,0.0,0.0,1.0,0.0,3.0
2026-07-21 16:11:47.548,28.81,30.12,30.18,29.56,12.62,29.0,928.1,24.4,-40.0,0.0,0.0,0.0,1.0,0.0,3.0
2026-07-21 16:11:47.747,28.81,30.18,30.18,29.56,12.62,29.0,928.1,24.4,-40.0,0.0,0.0,0.0,1.0,0.0,3.0
2026-07-21 16:11:47.949,28.81,30.18,30.18,29.56,12.62,29.01,928.2,24.4,-40.0,0.0,0.0,0.0,1.0,0.0,4.0
2026-07-21 16:11:48.148,28.81,30.18,30.18,29.56,12.62,29.01,928.2,24.4,-40.0,0.0,0.0,0.0,1.0,0.0,4.0
2026-07-21 16:11:48.348,28.81,30.18,30.18,29.56,12.62,29.01,928.2,24.4,-40.0,0.0,0.0,0.0,1.0,0.0,4.0
2026-07-21 16:11:48.548,28.81,30.18,30.18,29.56,12.62,29.01,928.1,24.2,-40.0,0.0,0.0,0.0,1.0,0.0,4.0
2026-07-21 16:11:48.747,28.81,30.12,30.25,29.56,12.62,29.01,928.1,24.2,-40.0,0.0,0.0,0.0,1.0,0.0,4.0
2026-07-21 16:11:48.948,28.81,30.12,30.25,29.56,12.62,29.0,928.2,24.5,-40.0,0.0,0.0,0.0,1.0,0.0,5.0
2026-07-21 16:11:49.147,28.81,30.12,30.25,29.56,12.62,29.0,928.2,24.5,-40.0,0.0,0.0,0.0,1.0,0.0,5.0
2026-07-21 16:11:49.347,28.81,30.12,30.25,29.56,12.62,29.0,928.2,24.5,-40.0,0.0,0.0,0.0,1.0,0.0,5.0
2026-07-21 16:11:49.548,28.81,30.12,30.25,29.56,12.62,29.01,928.1,24.5,-40.0,0.0,0.0,0.0,1.0,0.0,5.0
2026-07-21 16:11:49.747,28.81,30.12,30.25,29.56,12.62,29.01,928.1,24.5,-40.0,0.0,0.0,0.0,1.0,0.0,5.0
2026-07-21 16:11:49.948,28.81,30.12,30.25,29.56,12.62,29.01,928.1,24.5,-40.0,0.0,0.0,0.0,1.0,0.0,6.0
2026-07-21 16:11:50.148,28.81,30.12,30.25,29.56,12.62,29.01,928.1,24.5,-40.0,1.0,1.0,0.0,1.0,0.0,6.0
2026-07-21 16:11:50.347,28.81,30.12,30.25,29.56,12.62,29.01,928.1,24.5,-40.0,1.0,1.0,0.0,1.0,0.0,6.0
2026-07-21 16:11:50.547,28.81,30.12,30.25,29.56,12.62,29.01,928.1,24.8,-40.0,1.0,1.0,0.0,1.0,0.0,6.0
2026-07-21 16:11:50.747,28.81,30.12,30.25,29.56,12.62,29.01,928.1,24.8,-40.0,1.0,1.0,0.0,1.0,0.0,6.0
2026-07-21 16:11:50.953,28.81,30.12,30.25,29.56,12.62,29.01,928.2,24.2,-40.0,1.0,1.0,0.0,1.0,0.0,7.0
2026-07-21 16:11:51.153,28.81,30.12,30.25,29.56,12.62,29.01,928.2,24.2,-40.0,1.0,1.0,0.0,1.0,0.0,7.0
2026-07-21 16:11:51.352,28.81,30.12,30.25,29.56,12.62,29.01,928.2,24.2,-40.0,1.0,1.0,0.0,1.0,0.0,7.0
2026-07-21 16:11:51.552,28.81,30.12,30.25,29.56,12.62,29.01,928.2,24.2,-40.0,1.0,1.0,0.0,1.0,0.0,7.0
2026-07-21 16:11:51.752,28.81,30.18,30.25,29.56,12.62,29.01,928.2,24.2,-40.0,1.0,1.0,0.0,1.0,0.0,7.0
2026-07-21 16:11:51.953,28.81,30.18,30.25,29.56,12.62,28.98,928.2,24.4,-40.0,1.0,1.0,0.0,1.0,0.0,8.0
2026-07-21 16:11:52.152,28.81,30.18,30.25,29.56,12.62,28.98,928.2,24.4,-40.0,1.0,1.0,0.0,1.0,0.0,8.0
2026-07-21 16:11:52.352,28.81,30.18,30.25,29.56,12.62,28.98,928.2,24.4,-40.0,1.0,1.0,0.0,1.0,0.0,8.0
2026-07-21 16:11:52.554,28.81,30.18,30.25,29.56,12.62,29.0,928.1,24.3,-40.0,1.0,1.0,0.0,1.0,0.0,8.0
2026-07-21 16:11:52.753,28.81,30.12,30.18,29.56,12.62,29.0,928.1,24.3,-40.0,1.0,1.0,0.0,1.0,0.0,8.0
2026-07-21 16:11:52.953,28.81,30.12,30.18,29.56,12.62,29.01,928.1,24.1,-40.0,1.0,1.0,0.0,1.0,0.0,9.0
2026-07-21 16:11:53.153,28.81,30.12,30.18,29.56,12.62,29.01,928.1,24.1,-40.0,1.0,1.0,0.0,1.0,0.0,9.0
2026-07-21 16:11:53.352,28.81,30.12,30.18,29.56,12.62,29.01,928.1,24.1,-40.0,1.0,1.0,0.0,1.0,0.0,9.0
2026-07-21 16:11:53.552,28.81,30.12,30.18,29.56,12.62,29.01,928.2,24.2,-40.0,1.0,1.0,0.0,1.0,0.0,9.0
2026-07-21 16:11:53.752,28.81,30.12,30.25,29.56,12.62,29.01,928.2,24.2,-40.0,1.0,1.0,0.0,1.0,0.0,9.0
2026-07-21 16:11:53.953,28.81,30.12,30.25,29.56,12.62,29.0,928.1,24.4,-40.0,1.0,1.0,0.0,1.0,0.0,10.0
2026-07-21 16:11:54.152,28.81,30.12,30.25,29.56,12.62,29.0,928.1,24.4,-40.0,1.0,1.0,0.0,1.0,0.0,10.0
2026-07-21 16:11:54.353,28.81,30.12,30.25,29.56,12.62,29.0,928.1,24.4,-40.0,1.0,1.0,0.0,1.0,0.0,10.0
2026-07-21 16:11:54.552,28.81,30.12,30.25,29.56,12.62,29.0,928.1,24.3,-40.0,1.0,1.0,0.0,1.0,0.0,10.0
2026-07-21 16:11:54.752,28.81,30.12,30.25,29.56,12.62,29.0,928.1,24.3,-40.0,1.0,1.0,0.0,1.0,0.0,10.0
2026-07-21 16:11:54.954,28.81,30.12,30.25,29.56,12.62,29.01,928.2,24.2,-40.0,1.0,1.0,0.0,1.0,0.0,11.0
2026-07-21 16:11:55.153,28.81,30.12,30.25,29.56,12.62,29.01,928.2,24.2,-40.0,1.0,1.0,0.0,1.0,0.0,11.0
2026-07-21 16:11:55.352,28.81,30.12,30.25,29.56,12.62,29.01,928.2,24.2,-40.0,1.0,1.0,0.0,1.0,0.0,11.0
2026-07-21 16:11:55.552,28.81,30.12,30.25,29.56,12.62,28.98,928.1,24.0,-40.0,1.0,1.0,0.0,1.0,0.0,11.0
2026-07-21 16:11:55.752,28.81,30.18,30.25,29.56,12.62,28.98,928.1,24.0,-40.0,1.0,1.0,0.0,1.0,0.0,11.0
2026-07-21 16:11:55.953,28.81,30.18,30.25,29.56,12.62,29.01,928.1,24.4,-40.0,1.0,1.0,0.0,1.0,0.0,12.0
2026-07-21 16:11:56.152,28.81,30.18,30.25,29.56,12.62,29.01,928.1,24.4,-40.0,1.0,1.0,0.0,1.0,0.0,12.0
2026-07-21 16:11:56.352,28.81,30.18,30.25,29.56,12.62,29.01,928.1,24.4,-40.0,1.0,1.0,0.0,1.0,0.0,12.0
2026-07-21 16:11:56.553,28.81,30.18,30.25,29.56,12.62,29.0,928.2,24.2,-40.0,1.0,1.0,0.0,1.0,0.0,12.0
2026-07-21 16:11:56.751,28.81,30.18,30.25,29.56,12.62,29.0,928.2,24.2,-40.0,1.0,1.0,0.0,1.0,0.0,12.0
2026-07-21 16:11:56.953,28.81,30.18,30.25,29.56,12.62,29.0,928.2,24.3,-40.0,1.0,1.0,0.0,1.0,0.0,13.0
2026-07-21 16:11:57.152,28.81,30.18,30.25,29.56,12.62,29.0,928.2,24.3,-40.0,1.0,1.0,0.0,1.0,0.0,13.0
2026-07-21 16:11:57.353,28.81,30.18,30.25,29.56,12.62,29.0,928.2,24.3,-40.0,1.0,1.0,0.0,1.0,0.0,13.0
2026-07-21 16:11:57.551,28.81,30.18,30.25,29.56,12.62,29.0,928.2,24.1,-40.0,1.0,1.0,0.0,1.0,0.0,13.0
2026-07-21 16:11:57.751,28.81,30.18,30.25,29.56,12.62,29.0,928.2,24.1,-40.0,1.0,1.0,0.0,1.0,0.0,13.0
2026-07-21 16:11:57.953,28.81,30.18,30.25,29.56,12.62,29.0,928.2,24.4,-40.0,1.0,1.0,0.0,1.0,0.0,14.0
2026-07-21 16:11:58.152,28.81,30.18,30.25,29.56,12.62,29.0,928.2,24.4,-40.0,1.0,1.0,0.0,1.0,0.0,14.0
2026-07-21 16:11:58.352,28.81,30.18,30.25,29.56,12.62,29.0,928.2,24.4,-40.0,1.0,1.0,0.0,1.0,0.0,14.0
2026-07-21 16:11:58.552,28.81,30.18,30.25,29.56,12.62,28.98,928.1,24.5,-40.0,1.0,1.0,0.0,1.0,0.0,14.0
2026-07-21 16:11:58.752,28.81,30.18,30.25,29.56,12.56,28.98,928.1,24.5,-40.0,1.0,1.0,0.0,1.0,0.0,14.0
2026-07-21 16:11:58.953,28.81,30.18,30.25,29.56,12.56,28.98,928.2,24.3,-40.0,1.0,1.0,0.0,1.0,0.0,15.0
2026-07-21 16:11:59.152,28.81,30.18,30.25,29.56,12.56,28.98,928.2,24.3,-40.0,1.0,1.0,0.0,1.0,0.0,15.0
2026-07-21 16:11:59.352,28.81,30.18,30.25,29.56,12.56,28.98,928.2,24.3,-40.0,1.0,1.0,0.0,1.0,0.0,15.0
2026-07-21 16:11:59.552,28.81,30.18,30.25,29.56,12.56,28.98,928.1,24.3,-40.0,1.0,1.0,0.0,1.0,0.0,15.0
2026-07-21 16:11:59.752,28.81,30.18,30.18,29.56,12.62,28.98,928.1,24.3,-40.0,1.0,1.0,0.0,1.0,0.0,15.0
2026-07-21 16:11:59.954,28.81,30.18,30.18,29.56,12.62,28.98,928.1,24.4,-40.0,1.0,1.0,0.0,1.0,0.0,16.0
2026-07-21 16:12:00.152,28.81,30.18,30.18,29.56,12.62,28.98,928.1,24.4,-40.0,1.0,1.0,0.0,1.0,0.0,16.0
2026-07-21 16:12:00.352,28.81,30.18,30.18,29.56,12.62,28.98,928.1,24.4,-40.0,1.0,1.0,0.0,1.0,0.0,16.0
2026-07-21 16:12:00.552,28.81,30.18,30.18,29.56,12.62,29.0,928.2,24.3,-40.0,1.0,1.0,0.0,1.0,0.0,16.0
2026-07-21 16:12:00.751,28.75,30.12,30.25,29.56,12.62,29.0,928.2,24.3,-40.0,1.0,1.0,0.0,1.0,0.0,16.0
2026-07-21 16:12:00.953,28.75,30.12,30.25,29.56,12.62,28.98,928.1,24.3,-40.0,1.0,1.0,0.0,1.0,0.0,17.0
2026-07-21 16:12:01.152,28.75,30.12,30.25,29.56,12.62,28.98,928.1,24.3,-40.0,1.0,1.0,0.0,1.0,0.0,17.0
2026-07-21 16:12:01.352,28.75,30.12,30.25,29.56,12.62,28.98,928.1,24.3,-40.0,1.0,1.0,0.0,1.0,0.0,17.0
2026-07-21 16:12:01.551,28.75,30.12,30.25,29.56,12.62,29.0,928.2,24.2,-40.0,1.0,1.0,0.0,1.0,0.0,17.0
2026-07-21 16:12:01.752,28.81,30.18,30.25,29.5,12.62,29.0,928.2,24.2,-40.0,1.0,1.0,0.0,1.0,0.0,17.0
2026-07-21 16:12:01.953,28.81,30.18,30.25,29.5,12.62,28.98,928.1,24.4,-40.0,1.0,1.0,0.0,1.0,0.0,18.0
2026-07-21 16:12:02.152,28.81,30.18,30.25,29.5,12.62,28.98,928.1,24.4,-40.0,1.0,1.0,0.0,1.0,0.0,18.0
2026-07-21 16:12:02.352,28.81,30.18,30.25,29.5,12.62,28.98,928.1,24.4,-40.0,1.0,1.0,0.0,1.0,0.0,18.0
2026-07-21 16:12:02.552,28.81,30.18,30.25,29.5,12.62,28.98,928.1,24.3,-40.0,1.0,1.0,0.0,1.0,0.0,18.0
2026-07-21 16:12:02.751,28.75,30.18,30.25,29.56,12.62,28.98,928.1,24.3,-40.0,1.0,1.0,0.0,1.0,0.0,18.0
2026-07-21 16:12:02.953,28.75,30.18,30.25,29.56,12.62,29.0,928.2,24.2,-40.0,1.0,1.0,0.0,1.0,0.0,19.0
2026-07-21 16:12:03.152,28.75,30.18,30.25,29.56,12.62,29.0,928.2,24.2,-40.0,1.0,1.0,0.0,1.0,0.0,19.0
2026-07-21 16:12:03.352,28.75,30.18,30.25,29.56,12.62,29.0,928.2,24.2,-40.0,1.0,1.0,0.0,1.0,0.0,19.0
2026-07-21 16:12:03.551,28.75,30.18,30.25,29.56,12.62,29.0,928.2,24.3,-40.0,1.0,1.0,0.0,1.0,0.0,19.0
2026-07-21 16:12:03.751,28.75,30.12,30.25,29.56,12.62,29.0,928.2,24.3,-40.0,1.0,1.0,0.0,1.0,0.0,19.0
2026-07-21 16:12:03.954,28.75,30.12,30.25,29.56,12.62,28.97,928.1,24.2,-40.0,1.0,1.0,0.0,1.0,0.0,20.0
2026-07-21 16:12:04.152,28.75,30.12,30.25,29.56,12.62,28.97,928.1,24.2,-40.0,1.0,1.0,0.0,1.0,0.0,20.0
2026-07-21 16:12:04.352,28.75,30.12,30.25,29.56,12.62,28.97,928.1,24.2,-40.0,1.0,1.0,0.0,1.0,0.0,20.0
2026-07-21 16:12:04.551,28.75,30.12,30.25,29.56,12.62,28.98,928.2,24.4,-40.0,1.0,1.0,0.0,1.0,0.0,20.0
2026-07-21 16:12:04.751,28.75,30.12,30.25,29.56,12.62,28.98,928.2,24.4,-40.0,1.0,1.0,0.0,1.0,0.0,20.0
2026-07-21 16:12:04.953,28.75,30.12,30.25,29.56,12.62,28.98,928.2,24.2,-40.0,1.0,1.0,0.0,1.0,0.0,21.0
2026-07-21 16:12:05.152,28.75,30.12,30.25,29.56,12.62,28.98,928.2,24.2,-40.0,1.0,1.0,0.0,1.0,0.0,21.0
2026-07-21 16:12:05.352,28.75,30.12,30.25,29.56,12.62,28.98,928.2,24.2,-40.0,1.0,1.0,0.0,1.0,0.0,21.0
2026-07-21 16:12:05.551,28.75,30.12,30.25,29.56,12.62,28.97,928.1,24.3,-40.0,1.0,1.0,0.0,1.0,0.0,21.0
2026-07-21 16:12:05.751,28.75,30.18,30.25,29.56,12.62,28.97,928.1,24.3,-40.0,1.0,1.0,0.0,1.0,0.0,21.0
2026-07-21 16:12:05.953,28.75,30.18,30.25,29.56,12.62,28.97,928.2,24.2,-40.0,1.0,1.0,0.0,1.0,0.0,22.0
2026-07-21 16:12:06.152,28.75,30.18,30.25,29.56,12.62,28.97,928.2,24.2,-40.0,1.0,1.0,0.0,1.0,0.0,22.0
2026-07-21 16:12:06.352,28.75,30.18,30.25,29.56,12.62,28.97,928.2,24.2,-40.0,1.0,1.0,0.0,1.0,0.0,22.0
2026-07-21 16:12:06.551,28.75,30.18,30.25,29.56,12.62,28.97,928.2,24.4,-40.0,1.0,1.0,0.0,1.0,0.0,22.0
2026-07-21 16:12:06.751,28.75,30.12,30.25,29.56,12.62,28.97,928.2,24.4,-40.0,1.0,1.0,0.0,1.0,0.0,22.0
2026-07-21 16:12:06.953,28.75,30.12,30.25,29.56,12.62,28.98,928.1,24.4,-40.0,1.0,1.0,0.0,1.0,0.0,23.0
2026-07-21 16:12:07.152,28.75,30.12,30.25,29.56,12.62,28.98,928.1,24.4,-40.0,1.0,1.0,0.0,1.0,0.0,23.0
2026-07-21 16:12:07.352,28.75,30.12,30.25,29.56,12.62,28.98,928.1,24.4,-40.0,1.0,1.0,0.0,1.0,0.0,23.0
2026-07-21 16:12:07.553,28.75,30.12,30.25,29.56,12.62,28.98,928.1,24.4,-40.0,1.0,1.0,0.0,1.0,0.0,23.0
2026-07-21 16:12:07.751,28.81,30.18,30.18,29.56,12.62,28.98,928.1,24.4,-40.0,1.0,1.0,0.0,1.0,0.0,23.0
2026-07-21 16:12:07.954,28.81,30.18,30.18,29.56,12.62,28.97,928.2,24.3,-40.0,1.0,1.0,0.0,1.0,0.0,24.0
2026-07-21 16:12:08.152,28.81,30.18,30.18,29.56,12.62,28.97,928.2,24.3,-40.0,1.0,1.0,0.0,1.0,0.0,24.0
2026-07-21 16:12:08.351,28.81,30.18,30.18,29.56,12.62,28.97,928.2,24.3,-40.0,1.0,1.0,0.0,1.0,0.0,24.0
2026-07-21 16:12:08.552,28.81,30.18,30.18,29.56,12.62,28.98,928.1,24.3,-40.0,1.0,1.0,0.0,1.0,0.0,24.0
2026-07-21 16:12:08.751,28.81,30.12,30.25,29.56,12.62,28.98,928.1,24.3,-40.0,1.0,1.0,0.0,1.0,0.0,24.0
2026-07-21 16:12:08.953,28.81,30.12,30.25,29.56,12.62,28.98,928.1,24.2,-40.0,1.0,1.0,0.0,1.0,0.0,25.0
2026-07-21 16:12:09.151,28.81,30.12,30.25,29.56,12.62,28.98,928.1,24.2,-40.0,1.0,1.0,0.0,1.0,0.0,25.0
2026-07-21 16:12:09.351,28.81,30.12,30.25,29.56,12.62,28.98,928.1,24.2,-40.0,1.0,1.0,0.0,1.0,0.0,25.0
2026-07-21 16:12:09.551,28.81,30.12,30.25,29.56,12.62,28.97,928.2,24.5,-40.0,1.0,1.0,0.0,1.0,0.0,25.0
2026-07-21 16:12:09.752,28.81,30.12,30.25,29.56,12.62,28.97,928.2,24.5,-40.0,1.0,1.0,0.0,1.0,0.0,25.0
2026-07-21 16:12:09.953,28.81,30.12,30.25,29.56,12.62,28.97,928.1,24.5,-40.0,1.0,1.0,0.0,1.0,0.0,26.0
2026-07-21 16:12:10.152,28.81,30.12,30.25,29.56,12.62,28.97,928.1,24.5,-40.0,1.0,1.0,0.0,1.0,0.0,26.0
2026-07-21 16:12:10.352,28.81,30.12,30.25,29.56,12.62,28.97,928.1,24.5,-40.0,1.0,1.0,0.0,1.0,0.0,26.0
2026-07-21 16:12:10.551,28.81,30.12,30.25,29.56,12.62,28.97,928.1,24.5,-40.0,1.0,1.0,0.0,1.0,0.0,26.0
2026-07-21 16:12:10.751,28.75,30.12,30.18,29.56,12.62,28.97,928.1,24.5,-40.0,1.0,1.0,0.0,1.0,0.0,26.0
2026-07-21 16:12:10.953,28.75,30.12,30.18,29.56,12.62,28.98,928.2,24.6,-40.0,1.0,1.0,0.0,1.0,0.0,27.0
2026-07-21 16:12:11.164,28.75,30.12,30.18,29.56,12.62,28.98,928.2,24.6,-40.0,1.0,1.0,0.0,1.0,0.0,27.0
2026-07-21 16:12:11.353,28.75,30.12,30.18,29.56,12.62,28.98,928.2,24.6,-40.0,1.0,1.0,0.0,1.0,0.0,27.0
2026-07-21 16:12:11.552,28.75,30.12,30.18,29.56,12.62,28.97,928.2,24.4,-40.0,1.0,1.0,0.0,1.0,0.0,27.0
2026-07-21 16:12:11.752,28.81,30.12,30.25,29.56,12.62,28.97,928.2,24.4,-40.0,1.0,1.0,0.0,1.0,0.0,27.0
2026-07-21 16:12:11.953,28.81,30.12,30.25,29.56,12.62,28.97,928.2,24.6,-40.0,1.0,1.0,0.0,1.0,0.0,28.0
2026-07-21 16:12:12.152,28.81,30.12,30.25,29.56,12.62,28.97,928.2,24.6,-40.0,1.0,1.0,0.0,1.0,0.0,28.0
2026-07-21 16:12:12.351,28.81,30.12,30.25,29.56,12.62,28.97,928.2,24.6,-40.0,1.0,1.0,0.0,1.0,0.0,28.0
2026-07-21 16:12:12.551,28.81,30.12,30.25,29.56,12.62,28.97,928.2,24.4,-40.0,1.0,1.0,0.0,1.0,0.0,28.0
2026-07-21 16:12:12.771,28.75,30.12,30.25,29.56,12.62,28.97,928.2,24.4,-40.0,1.0,1.0,0.0,1.0,0.0,28.0
2026-07-21 16:12:12.953,28.75,30.12,30.25,29.56,12.62,28.97,928.2,24.8,-40.0,1.0,1.0,0.0,1.0,0.0,29.0
2026-07-21 16:12:13.152,28.75,30.12,30.25,29.56,12.62,28.97,928.2,24.8,-40.0,1.0,1.0,0.0,1.0,0.0,29.0
2026-07-21 16:12:13.356,28.75,30.12,30.25,29.56,12.62,28.97,928.2,24.8,-40.0,1.0,1.0,0.0,1.0,0.0,29.0
2026-07-21 16:12:13.552,28.75,30.12,30.25,29.56,12.62,28.96,928.1,24.7,-40.0,1.0,1.0,0.0,1.0,0.0,29.0
2026-07-21 16:12:13.751,28.75,30.12,30.18,29.56,12.62,28.96,928.1,24.7,-40.0,1.0,1.0,0.0,1.0,0.0,29.0
2026-07-21 16:12:13.953,28.75,30.12,30.18,29.56,12.62,28.97,928.2,24.2,-40.0,1.0,1.0,0.0,1.0,0.0,30.0
2026-07-21 16:12:14.152,28.75,30.12,30.18,29.56,12.62,28.97,928.2,24.2,-40.0,1.0,1.0,0.0,1.0,0.0,30.0
2026-07-21 16:12:14.351,28.75,30.12,30.18,29.56,12.62,28.97,928.2,24.2,-40.0,1.0,1.0,0.0,1.0,0.0,30.0
2026-07-21 16:12:14.552,28.75,30.12,30.18,29.56,12.62,28.96,928.1,24.2,-40.0,1.0,1.0,0.0,1.0,0.0,30.0
2026-07-21 16:12:14.753,28.81,30.12,30.18,29.56,12.62,28.96,928.1,24.2,-40.0,1.0,1.0,0.0,1.0,0.0,30.0
2026-07-21 16:12:14.977,28.81,30.12,30.18,29.56,12.62,28.97,928.2,24.4,-40.0,1.0,1.0,0.0,1.0,0.0,31.0
2026-07-21 16:12:15.153,28.81,30.12,30.18,29.56,12.62,28.97,928.2,24.4,-40.0,1.0,1.0,0.0,1.0,0.0,31.0
2026-07-21 16:12:15.352,28.81,30.12,30.18,29.56,12.62,28.97,928.2,24.4,-40.0,1.0,1.0,0.0,1.0,0.0,31.0
2026-07-21 16:12:15.552,28.81,30.12,30.18,29.56,12.62,28.96,928.2,24.4,-40.0,1.0,1.0,0.0,1.0,0.0,31.0
2026-07-21 16:12:15.752,28.81,30.12,30.25,29.56,12.62,28.96,928.2,24.4,-40.0,1.0,1.0,0.0,1.0,0.0,31.0
2026-07-21 16:12:15.953,28.81,30.12,30.25,29.56,12.62,28.96,928.1,24.2,-40.0,1.0,1.0,0.0,1.0,0.0,32.0
2026-07-21 16:12:16.152,28.81,30.12,30.25,29.56,12.62,28.96,928.1,24.2,-40.0,1.0,1.0,0.0,1.0,0.0,32.0
2026-07-21 16:12:16.352,28.81,30.12,30.25,29.56,12.62,28.96,928.1,24.2,-40.0,1.0,1.0,0.0,1.0,0.0,32.0
2026-07-21 16:12:16.566,28.81,30.12,30.25,29.56,12.62,28.96,928.2,24.2,-40.0,1.0,1.0,0.0,1.0,0.0,32.0
2026-07-21 16:12:16.751,28.75,30.12,30.25,29.56,12.62,28.96,928.2,24.2,-40.0,1.0,1.0,0.0,1.0,0.0,32.0
2026-07-21 16:12:16.953,28.75,30.12,30.25,29.56,12.62,28.96,928.1,24.2,-40.0,1.0,1.0,0.0,1.0,0.0,33.0
2026-07-21 16:12:17.170,28.75,30.12,30.25,29.56,12.62,28.96,928.1,24.2,-40.0,1.0,1.0,0.0,1.0,0.0,33.0
2026-07-21 16:12:17.351,28.75,30.12,30.25,29.56,12.62,28.96,928.1,24.2,-40.0,1.0,1.0,0.0,1.0,0.0,33.0
2026-07-21 16:12:17.554,28.75,30.12,30.25,29.56,12.62,28.97,928.1,24.4,-40.0,1.0,1.0,0.0,1.0,0.0,33.0
2026-07-21 16:12:17.772,28.81,30.12,30.18,29.56,12.62,28.97,928.1,24.4,-40.0,1.0,1.0,0.0,1.0,0.0,33.0
2026-07-21 16:12:17.954,28.81,30.12,30.18,29.56,12.62,28.96,928.1,24.2,-40.0,1.0,1.0,0.0,1.0,0.0,34.0
2026-07-21 16:12:18.152,28.81,30.12,30.18,29.56,12.62,28.96,928.1,24.2,-40.0,1.0,1.0,0.0,1.0,0.0,34.0
2026-07-21 16:12:18.352,28.81,30.12,30.18,29.56,12.62,28.96,928.1,24.2,-40.0,1.0,1.0,0.0,1.0,0.0,34.0
2026-07-21 16:12:18.552,28.81,30.12,30.18,29.56,12.62,28.97,928.1,24.5,-40.0,1.0,1.0,0.0,1.0,0.0,34.0
2026-07-21 16:12:18.752,28.75,30.12,30.18,29.56,12.62,28.97,928.1,24.5,-40.0,1.0,1.0,0.0,1.0,0.0,34.0
2026-07-21 16:12:18.953,28.75,30.12,30.18,29.56,12.62,28.96,928.1,24.4,-40.0,1.0,1.0,0.0,1.0,0.0,35.0
2026-07-21 16:12:19.153,28.75,30.12,30.18,29.56,12.62,28.96,928.1,24.4,-40.0,1.0,1.0,0.0,1.0,0.0,35.0
2026-07-21 16:12:19.352,28.75,30.12,30.18,29.56,12.62,28.96,928.1,24.4,-40.0,1.0,1.0,0.0,1.0,0.0,35.0
2026-07-21 16:12:19.552,28.75,30.12,30.18,29.56,12.62,28.96,928.1,24.0,-40.0,1.0,1.0,0.0,1.0,0.0,35.0
2026-07-21 16:12:19.751,28.81,30.12,30.18,29.56,12.62,28.96,928.1,24.0,-40.0,1.0,1.0,0.0,1.0,0.0,35.0
2026-07-21 16:12:19.952,28.81,30.12,30.18,29.56,12.62,28.96,928.1,24.1,-40.0,1.0,1.0,0.0,1.0,0.0,36.0
2026-07-21 16:12:20.152,28.81,30.12,30.18,29.56,12.62,28.96,928.1,24.1,-40.0,1.0,1.0,0.0,1.0,0.0,36.0
2026-07-21 16:12:20.380,28.81,30.12,30.18,29.56,12.62,28.96,928.1,24.1,-40.0,1.0,1.0,0.0,1.0,0.0,36.0
2026-07-21 16:12:20.551,28.81,30.12,30.18,29.56,12.62,28.96,928.1,24.4,-40.0,1.0,1.0,0.0,1.0,0.0,36.0
2026-07-21 16:12:20.752,28.81,30.18,30.18,29.56,12.62,28.96,928.1,24.4,-40.0,1.0,1.0,0.0,1.0,0.0,36.0
2026-07-21 16:12:20.956,28.81,30.18,30.18,29.56,12.62,28.96,928.1,24.3,-40.0,1.0,1.0,0.0,1.0,0.0,37.0
2026-07-21 16:12:21.152,28.81,30.18,30.18,29.56,12.62,28.96,928.1,24.3,-40.0,1.0,1.0,0.0,1.0,0.0,37.0
2026-07-21 16:12:21.352,28.81,30.18,30.18,29.56,12.62,28.96,928.1,24.3,-40.0,1.0,1.0,0.0,1.0,0.0,37.0
2026-07-21 16:12:21.551,28.81,30.18,30.18,29.56,12.62,28.96,928.2,24.0,-40.0,1.0,1.0,0.0,1.0,0.0,37.0
2026-07-21 16:12:21.752,28.75,30.18,30.25,29.5,12.68,28.96,928.2,24.0,-40.0,1.0,1.0,0.0,1.0,0.0,37.0
2026-07-21 16:12:21.973,28.75,30.18,30.25,29.5,12.68,28.95,928.2,24.7,-40.0,1.0,1.0,0.0,1.0,0.0,38.0
2026-07-21 16:12:22.152,28.75,30.18,30.25,29.5,12.68,28.95,928.2,24.7,-40.0,1.0,1.0,0.0,1.0,0.0,38.0
2026-07-21 16:12:22.352,28.75,30.18,30.25,29.5,12.68,28.95,928.2,24.7,-40.0,1.0,1.0,0.0,1.0,0.0,38.0
2026-07-21 16:12:22.552,28.75,30.18,30.25,29.5,12.68,28.95,928.1,24.3,-40.0,1.0,1.0,0.0,1.0,0.0,38.0
2026-07-21 16:12:22.752,28.81,30.18,30.18,29.56,12.62,28.95,928.1,24.3,-40.0,1.0,1.0,0.0,1.0,0.0,38.0
2026-07-21 16:12:22.953,28.81,30.18,30.18,29.56,12.62,28.96,928.1,24.1,-40.0,1.0,1.0,0.0,1.0,0.0,39.0
2026-07-21 16:12:23.152,28.81,30.18,30.18,29.56,12.62,28.96,928.1,24.1,-40.0,1.0,1.0,0.0,1.0,0.0,39.0
2026-07-21 16:12:23.351,28.81,30.18,30.18,29.56,12.62,28.96,928.1,24.1,-40.0,1.0,1.0,0.0,1.0,0.0,39.0
2026-07-21 16:12:23.584,28.81,30.18,30.18,29.56,12.62,28.96,928.3,24.3,-40.0,1.0,1.0,0.0,1.0,0.0,39.0
2026-07-21 16:12:23.751,28.81,30.12,30.25,29.5,12.62,28.96,928.3,24.3,-40.0,1.0,1.0,0.0,1.0,0.0,39.0
2026-07-21 16:12:23.953,28.81,30.12,30.25,29.5,12.62,28.95,928.1,24.0,-40.0,1.0,1.0,0.0,1.0,0.0,40.0
2026-07-21 16:12:24.152,28.81,30.12,30.25,29.5,12.62,28.95,928.1,24.0,-40.0,1.0,1.0,0.0,1.0,0.0,40.0
2026-07-21 16:12:24.351,28.81,30.12,30.25,29.5,12.62,28.95,928.1,24.0,-40.0,1.0,1.0,0.0,1.0,0.0,40.0
2026-07-21 16:12:24.551,28.81,30.12,30.25,29.5,12.62,28.96,928.2,24.7,-40.0,1.0,1.0,0.0,1.0,0.0,40.0
2026-07-21 16:12:24.752,28.81,30.18,30.25,29.5,12.62,28.96,928.2,24.7,-40.0,1.0,1.0,0.0,1.0,0.0,40.0
2026-07-21 16:12:24.953,28.81,30.18,30.25,29.5,12.62,28.96,928.2,24.3,-40.0,1.0,1.0,0.0,1.0,0.0,41.0
2026-07-21 16:12:25.151,28.81,30.18,30.25,29.5,12.62,28.96,928.2,24.3,-40.0,1.0,1.0,0.0,1.0,0.0,41.0
2026-07-21 16:12:25.352,28.81,30.18,30.25,29.5,12.62,28.96,928.2,24.3,-40.0,1.0,1.0,0.0,1.0,0.0,41.0
2026-07-21 16:12:25.552,28.81,30.18,30.25,29.5,12.62,28.95,928.2,24.0,-40.0,1.0,1.0,0.0,1.0,0.0,41.0
2026-07-21 16:12:25.751,28.81,30.18,30.25,29.5,12.62,28.95,928.2,24.0,-40.0,1.0,1.0,0.0,1.0,0.0,41.0
2026-07-21 16:12:25.953,28.81,30.18,30.25,29.5,12.62,28.96,928.2,24.3,-40.0,1.0,1.0,0.0,1.0,0.0,42.0
2026-07-21 16:12:26.163,28.81,30.18,30.25,29.5,12.62,28.96,928.2,24.3,-40.0,1.0,1.0,0.0,1.0,0.0,42.0
2026-07-21 16:12:26.351,28.81,30.18,30.25,29.5,12.62,28.96,928.2,24.3,-40.0,1.0,1.0,0.0,1.0,0.0,42.0
2026-07-21 16:12:26.552,28.81,30.18,30.25,29.5,12.62,28.95,928.2,24.3,-40.0,1.0,1.0,0.0,1.0,0.0,42.0
2026-07-21 16:12:26.774,28.81,30.18,30.25,29.56,12.62,28.95,928.2,24.3,-40.0,1.0,1.0,0.0,1.0,0.0,42.0
2026-07-21 16:12:26.953,28.81,30.18,30.25,29.56,12.62,28.95,928.1,24.1,-40.0,1.0,1.0,0.0,1.0,0.0,43.0
2026-07-21 16:12:27.152,28.81,30.18,30.25,29.56,12.62,28.95,928.1,24.1,-40.0,1.0,1.0,0.0,1.0,0.0,43.0
2026-07-21 16:12:27.351,28.81,30.18,30.25,29.56,12.62,28.95,928.1,24.1,-40.0,1.0,1.0,0.0,1.0,0.0,43.0
2026-07-21 16:12:27.552,28.81,30.18,30.25,29.56,12.62,28.95,928.2,24.3,-40.0,1.0,1.0,0.0,1.0,0.0,43.0
2026-07-21 16:12:27.752,28.75,30.18,30.25,29.5,12.62,28.95,928.2,24.3,-40.0,1.0,1.0,0.0,1.0,0.0,43.0
2026-07-21 16:12:27.953,28.75,30.18,30.25,29.5,12.62,28.96,928.2,24.2,-40.0,1.0,1.0,0.0,1.0,0.0,44.0
2026-07-21 16:12:28.152,28.75,30.18,30.25,29.5,12.62,28.96,928.2,24.2,-40.0,1.0,1.0,0.0,1.0,0.0,44.0
2026-07-21 16:12:28.385,28.75,30.18,30.25,29.5,12.62,28.96,928.2,24.2,-40.0,1.0,1.0,0.0,1.0,0.0,44.0
2026-07-21 16:12:28.550,28.75,30.18,30.25,29.5,12.62,28.95,928.2,24.2,-40.0,1.0,1.0,0.0,1.0,0.0,44.0
2026-07-21 16:12:28.750,28.81,30.18,30.25,29.5,12.62,28.95,928.2,24.2,-40.0,1.0,1.0,0.0,1.0,0.0,44.0
2026-07-21 16:12:28.953,28.81,30.18,30.25,29.5,12.62,28.96,928.1,24.5,-40.0,1.0,1.0,0.0,1.0,0.0,45.0
2026-07-21 16:12:29.152,28.81,30.18,30.25,29.5,12.62,28.96,928.1,24.5,-40.0,1.0,1.0,0.0,1.0,0.0,45.0
2026-07-21 16:12:29.352,28.81,30.18,30.25,29.5,12.62,28.96,928.1,24.5,-40.0,1.0,1.0,0.0,1.0,0.0,45.0
2026-07-21 16:12:29.551,28.81,30.18,30.25,29.5,12.62,28.95,928.2,24.2,-40.0,1.0,1.0,0.0,1.0,0.0,45.0
2026-07-21 16:12:29.750,28.81,30.18,30.25,29.5,12.62,28.95,928.2,24.2,-40.0,1.0,1.0,0.0,1.0,0.0,45.0
2026-07-21 16:12:29.954,28.81,30.18,30.25,29.5,12.62,28.95,928.1,24.2,-40.0,1.0,1.0,0.0,1.0,0.0,46.0
2026-07-21 16:12:30.153,28.81,30.18,30.25,29.5,12.62,28.95,928.1,24.2,-40.0,1.0,1.0,0.0,1.0,0.0,46.0
2026-07-21 16:12:30.351,28.81,30.18,30.25,29.5,12.62,28.95,928.1,24.2,-40.0,1.0,1.0,0.0,1.0,0.0,46.0
2026-07-21 16:12:30.551,28.81,30.18,30.25,29.5,12.62,28.95,928.2,24.5,-40.0,1.0,1.0,0.0,1.0,0.0,46.0
2026-07-21 16:12:30.751,28.81,30.18,30.25,29.5,12.62,28.95,928.2,24.5,-40.0,1.0,1.0,0.0,1.0,0.0,46.0
2026-07-21 16:12:30.953,28.81,30.18,30.25,29.5,12.62,28.96,928.2,24.1,-40.0,1.0,1.0,0.0,1.0,0.0,47.0
2026-07-21 16:12:31.152,28.81,30.18,30.25,29.5,12.62,28.96,928.2,24.1,-40.0,1.0,1.0,0.0,1.0,0.0,47.0
2026-07-21 16:12:31.352,28.81,30.18,30.25,29.5,12.62,28.96,928.2,24.1,-40.0,1.0,1.0,0.0,1.0,0.0,47.0
2026-07-21 16:12:31.552,28.81,30.18,30.25,29.5,12.62,28.95,928.2,24.0,-40.0,1.0,1.0,0.0,1.0,0.0,47.0
2026-07-21 16:12:31.751,28.81,30.12,30.25,29.5,12.62,28.95,928.2,24.0,-40.0,1.0,1.0,0.0,1.0,0.0,47.0
2026-07-21 16:12:31.953,28.81,30.12,30.25,29.5,12.62,28.95,928.1,24.7,-40.0,1.0,1.0,0.0,1.0,0.0,48.0
2026-07-21 16:12:32.152,28.81,30.12,30.25,29.5,12.62,28.95,928.1,24.7,-40.0,1.0,1.0,0.0,1.0,0.0,48.0
2026-07-21 16:12:32.360,28.81,30.12,30.25,29.5,12.62,28.95,928.1,24.7,-40.0,1.0,1.0,0.0,1.0,0.0,48.0
2026-07-21 16:12:32.552,28.81,30.12,30.25,29.5,12.62,28.95,928.2,24.3,-40.0,1.0,1.0,0.0,1.0,0.0,48.0
2026-07-21 16:12:32.751,28.81,30.18,30.25,29.56,12.62,28.95,928.2,24.3,-40.0,1.0,1.0,0.0,1.0,0.0,48.0
2026-07-21 16:12:32.969,28.81,30.18,30.25,29.56,12.62,28.95,928.1,24.1,-40.0,1.0,1.0,0.0,1.0,0.0,49.0
2026-07-21 16:12:33.151,28.81,30.18,30.25,29.56,12.62,28.95,928.1,24.1,-40.0,1.0,1.0,0.0,1.0,0.0,49.0
2026-07-21 16:12:33.352,28.81,30.18,30.25,29.56,12.62,28.95,928.1,24.1,-40.0,1.0,1.0,0.0,1.0,0.0,49.0
2026-07-21 16:12:33.551,28.81,30.18,30.25,29.56,12.62,28.95,928.1,24.3,-40.0,1.0,1.0,0.0,1.0,0.0,49.0
2026-07-21 16:12:33.750,28.81,30.12,30.25,29.56,12.62,28.95,928.1,24.3,-40.0,1.0,1.0,0.0,1.0,0.0,49.0
2026-07-21 16:12:33.953,28.81,30.12,30.25,29.56,12.62,28.95,928.2,24.1,-40.0,1.0,1.0,0.0,1.0,0.0,50.0
2026-07-21 16:12:34.152,28.81,30.12,30.25,29.56,12.62,28.95,928.2,24.1,-40.0,1.0,1.0,0.0,1.0,0.0,50.0
2026-07-21 16:12:34.351,28.81,30.12,30.25,29.56,12.62,28.95,928.2,24.1,-40.0,1.0,1.0,0.0,1.0,0.0,50.0
2026-07-21 16:12:34.552,28.81,30.12,30.25,29.56,12.62,28.95,928.2,24.2,-40.0,1.0,1.0,0.0,1.0,0.0,50.0
2026-07-21 16:12:34.752,28.75,30.18,30.18,29.5,12.62,28.95,928.2,24.2,-40.0,1.0,1.0,0.0,1.0,0.0,50.0
2026-07-21 16:12:34.953,28.75,30.18,30.18,29.5,12.62,28.95,928.1,24.5,-40.0,1.0,1.0,0.0,1.0,0.0,51.0
2026-07-21 16:12:35.183,28.75,30.18,30.18,29.5,12.62,28.95,928.1,24.5,-40.0,1.0,1.0,0.0,1.0,0.0,51.0
2026-07-21 16:12:35.352,28.75,30.18,30.18,29.5,12.62,28.95,928.1,24.5,-40.0,1.0,1.0,0.0,1.0,0.0,51.0
2026-07-21 16:12:35.551,28.75,30.18,30.18,29.5,12.62,28.95,928.2,24.1,-40.0,1.0,1.0,0.0,1.0,0.0,51.0
2026-07-21 16:12:35.785,28.81,30.12,30.25,29.56,12.62,28.95,928.2,24.1,-40.0,1.0,1.0,0.0,1.0,0.0,51.0
2026-07-21 16:12:35.952,28.81,30.12,30.25,29.56,12.62,28.95,928.2,24.2,-40.0,1.0,1.0,0.0,1.0,0.0,52.0
2026-07-21 16:12:36.152,28.81,30.12,30.25,29.56,12.62,28.95,928.2,24.2,-40.0,1.0,1.0,0.0,1.0,0.0,52.0
2026-07-21 16:12:36.377,28.81,30.12,30.25,29.56,12.62,28.95,928.2,24.2,-40.0,1.0,1.0,0.0,1.0,0.0,52.0
2026-07-21 16:12:36.551,28.81,30.12,30.25,29.56,12.62,28.95,928.1,23.9,-40.0,1.0,1.0,0.0,1.0,0.0,52.0
2026-07-21 16:12:36.751,28.75,30.18,30.25,29.5,12.62,28.95,928.1,23.9,-40.0,1.0,1.0,0.0,1.0,0.0,52.0
2026-07-21 16:12:36.965,28.75,30.18,30.25,29.5,12.62,28.95,928.1,24.2,-40.0,1.0,1.0,0.0,1.0,0.0,53.0
2026-07-21 16:12:37.151,28.75,30.18,30.25,29.5,12.62,28.95,928.1,24.2,-40.0,1.0,1.0,0.0,1.0,0.0,53.0
2026-07-21 16:12:37.352,28.75,30.18,30.25,29.5,12.62,28.95,928.1,24.2,-40.0,1.0,1.0,0.0,1.0,0.0,53.0
2026-07-21 16:12:37.564,28.75,30.18,30.25,29.5,12.62,28.95,928.1,24.3,-40.0,1.0,1.0,0.0,1.0,0.0,53.0
2026-07-21 16:12:37.750,28.75,30.18,30.25,29.5,12.62,28.95,928.1,24.3,-40.0,1.0,1.0,0.0,1.0,0.0,53.0
2026-07-21 16:12:37.953,28.75,30.18,30.25,29.5,12.62,28.95,928.2,23.9,-40.0,1.0,1.0,0.0,1.0,0.0,54.0
2026-07-21 16:12:38.151,28.75,30.18,30.25,29.5,12.62,28.95,928.2,23.9,-40.0,1.0,1.0,0.0,1.0,0.0,54.0
2026-07-21 16:12:38.351,28.75,30.18,30.25,29.5,12.62,28.95,928.2,23.9,-40.0,1.0,1.0,0.0,1.0,0.0,54.0
2026-07-21 16:12:38.552,28.75,30.18,30.25,29.5,12.62,28.95,928.2,24.5,-40.0,1.0,1.0,0.0,1.0,0.0,54.0
2026-07-21 16:12:38.751,28.81,30.18,30.25,29.56,12.62,28.95,928.2,24.5,-40.0,1.0,1.0,0.0,1.0,0.0,54.0
2026-07-21 16:12:38.953,28.81,30.18,30.25,29.56,12.62,28.94,928.1,23.9,-40.0,1.0,1.0,0.0,1.0,0.0,55.0
2026-07-21 16:12:39.151,28.81,30.18,30.25,29.56,12.62,28.94,928.1,23.9,-40.0,1.0,1.0,0.0,1.0,0.0,55.0
2026-07-21 16:12:39.351,28.81,30.18,30.25,29.56,12.62,28.94,928.1,23.9,-40.0,1.0,1.0,0.0,1.0,0.0,55.0
2026-07-21 16:12:39.551,28.81,30.18,30.25,29.56,12.62,28.95,928.1,24.5,-40.0,1.0,1.0,0.0,1.0,0.0,55.0
2026-07-21 16:12:39.751,28.81,30.18,30.25,29.5,12.56,28.95,928.1,24.5,-40.0,1.0,1.0,0.0,1.0,0.0,55.0
2026-07-21 16:12:39.952,28.81,30.18,30.25,29.5,12.56,28.95,928.1,24.2,-40.0,1.0,1.0,0.0,1.0,0.0,56.0
2026-07-21 16:12:40.151,28.81,30.18,30.25,29.5,12.56,28.95,928.1,24.2,-40.0,1.0,1.0,0.0,1.0,0.0,56.0
2026-07-21 16:12:40.351,28.81,30.18,30.25,29.5,12.56,28.95,928.1,24.2,-40.0,1.0,1.0,0.0,1.0,0.0,56.0
2026-07-21 16:12:40.550,28.81,30.18,30.25,29.5,12.56,28.95,928.2,24.2,-40.0,1.0,1.0,0.0,1.0,0.0,56.0
2026-07-21 16:12:40.750,28.75,30.18,30.25,29.56,12.62,28.95,928.2,24.2,-40.0,1.0,1.0,0.0,1.0,0.0,56.0
2026-07-21 16:12:40.952,28.75,30.18,30.25,29.56,12.62,28.96,928.1,24.8,-40.0,1.0,1.0,0.0,1.0,0.0,57.0
2026-07-21 16:12:41.151,28.75,30.18,30.25,29.56,12.62,28.96,928.1,24.8,-40.0,1.0,1.0,0.0,1.0,0.0,57.0
2026-07-21 16:12:41.358,28.75,30.18,30.25,29.56,12.62,28.96,928.1,24.8,-40.0,1.0,1.0,0.0,1.0,0.0,57.0
2026-07-21 16:12:41.551,28.75,30.18,30.25,29.56,12.62,28.95,928.1,24.1,-40.0,1.0,1.0,0.0,1.0,0.0,57.0
2026-07-21 16:12:41.750,28.75,30.18,30.25,29.56,12.56,28.95,928.1,24.1,-40.0,1.0,1.0,0.0,1.0,0.0,57.0
2026-07-21 16:12:41.953,28.75,30.18,30.25,29.56,12.56,28.95,928.1,24.1,-40.0,1.0,1.0,0.0,1.0,0.0,58.0
2026-07-21 16:12:42.151,28.75,30.18,30.25,29.56,12.56,28.95,928.1,24.1,-40.0,1.0,1.0,0.0,1.0,0.0,58.0
2026-07-21 16:12:42.356,28.75,30.18,30.25,29.56,12.56,28.95,928.1,24.1,-40.0,1.0,1.0,0.0,1.0,0.0,58.0
2026-07-21 16:12:42.550,28.75,30.18,30.25,29.56,12.56,28.94,928.2,24.3,-40.0,1.0,1.0,0.0,1.0,0.0,58.0
2026-07-21 16:12:42.752,28.75,30.12,30.25,29.56,12.62,28.94,928.2,24.3,-40.0,1.0,1.0,0.0,1.0,0.0,58.0
2026-07-21 16:12:42.952,28.75,30.12,30.25,29.56,12.62,28.95,928.2,24.3,-40.0,1.0,1.0,0.0,1.0,0.0,59.0
2026-07-21 16:12:43.151,28.75,30.12,30.25,29.56,12.62,28.95,928.2,24.3,-40.0,1.0,1.0,0.0,1.0,0.0,59.0
2026-07-21 16:12:43.364,28.75,30.12,30.25,29.56,12.62,28.95,928.2,24.3,-40.0,1.0,1.0,0.0,1.0,0.0,59.0
2026-07-21 16:12:43.550,28.75,30.12,30.25,29.56,12.62,28.95,928.1,24.4,-40.0,1.0,1.0,0.0,1.0,0.0,59.0
2026-07-21 16:12:43.750,28.75,30.12,30.18,29.56,12.62,28.95,928.1,24.4,-40.0,1.0,1.0,0.0,1.0,0.0,59.0
2026-07-21 16:12:43.952,28.75,30.12,30.18,29.56,12.62,28.95,928.2,23.9,-40.0,1.0,1.0,0.0,1.0,0.0,60.0
2026-07-21 16:12:44.152,28.75,30.12,30.18,29.56,12.62,28.95,928.2,23.9,-40.0,1.0,1.0,0.0,1.0,0.0,60.0
2026-07-21 16:12:44.369,28.75,30.12,30.18,29.56,12.62,28.95,928.2,23.9,-40.0,1.0,1.0,0.0,1.0,0.0,60.0
2026-07-21 16:12:44.551,28.75,30.12,30.18,29.56,12.62,28.95,928.2,24.2,-40.0,1.0,1.0,0.0,1.0,0.0,60.0
2026-07-21 16:12:44.771,28.75,30.12,30.18,29.56,12.62,28.95,928.2,24.2,-40.0,1.0,1.0,0.0,1.0,0.0,60.0
2026-07-21 16:12:44.971,28.75,30.12,30.18,29.56,12.62,28.95,928.2,24.4,-40.0,1.0,1.0,0.0,1.0,0.0,61.0
2026-07-21 16:12:45.170,28.75,30.12,30.18,29.56,12.62,28.95,928.2,24.4,-40.0,1.0,1.0,0.0,1.0,0.0,61.0
2026-07-21 16:12:45.370,28.75,30.12,30.18,29.56,12.62,28.95,928.2,24.4,-40.0,1.0,1.0,0.0,1.0,0.0,61.0
2026-07-21 16:12:45.571,28.75,30.12,30.18,29.56,12.62,28.95,928.1,24.1,-40.0,1.0,1.0,0.0,1.0,0.0,61.0
2026-07-21 16:12:45.770,28.75,30.12,30.18,29.56,12.62,28.95,928.1,24.1,-40.0,1.0,1.0,0.0,1.0,0.0,61.0
2026-07-21 16:12:45.971,28.75,30.12,30.18,29.56,12.62,28.95,928.2,24.7,-40.0,1.0,1.0,0.0,1.0,0.0,62.0
2026-07-21 16:12:46.170,28.75,30.12,30.18,29.56,12.62,28.95,928.2,24.7,-40.0,1.0,1.0,0.0,1.0,0.0,62.0
2026-07-21 16:12:46.370,28.75,30.12,30.18,29.56,12.62,28.95,928.2,24.7,-40.0,1.0,1.0,0.0,1.0,0.0,62.0
2026-07-21 16:12:46.570,28.75,30.12,30.18,29.56,12.62,28.94,928.1,23.8,-40.0,1.0,1.0,0.0,1.0,0.0,62.0
2026-07-21 16:12:46.770,28.75,30.12,30.18,29.56,12.62,28.94,928.1,23.8,-40.0,1.0,1.0,0.0,1.0,0.0,62.0
2026-07-21 16:12:46.992,28.75,30.12,30.18,29.56,12.62,28.95,928.1,24.3,-40.0,1.0,1.0,0.0,1.0,0.0,63.0
2026-07-21 16:12:47.171,28.75,30.12,30.18,29.56,12.62,28.95,928.1,24.3,-40.0,1.0,1.0,0.0,1.0,0.0,63.0
2026-07-21 16:12:47.370,28.75,30.12,30.18,29.56,12.62,28.95,928.1,24.3,-40.0,1.0,1.0,0.0,1.0,0.0,63.0
2026-07-21 16:12:47.586,28.75,30.12,30.18,29.56,12.62,28.95,928.2,23.9,-40.0,1.0,1.0,0.0,1.0,0.0,63.0
2026-07-21 16:12:47.770,28.81,30.12,30.25,29.56,12.62,28.95,928.2,23.9,-40.0,1.0,1.0,0.0,1.0,0.0,63.0
2026-07-21 16:12:47.971,28.81,30.12,30.25,29.56,12.62,28.94,928.2,24.4,-40.0,1.0,1.0,0.0,1.0,0.0,64.0
2026-07-21 16:12:48.179,28.81,30.12,30.25,29.56,12.62,28.94,928.2,24.4,-40.0,1.0,1.0,0.0,1.0,0.0,64.0
2026-07-21 16:12:48.370,28.81,30.12,30.25,29.56,12.62,28.94,928.2,24.4,-40.0,1.0,1.0,0.0,1.0,0.0,64.0
2026-07-21 16:12:48.570,28.81,30.12,30.25,29.56,12.62,28.95,928.1,24.0,-40.0,1.0,1.0,0.0,1.0,0.0,64.0
2026-07-21 16:12:48.784,28.75,30.18,30.25,29.56,12.62,28.95,928.1,24.0,-40.0,1.0,1.0,0.0,1.0,0.0,64.0
2026-07-21 16:12:48.970,28.75,30.18,30.25,29.56,12.62,28.95,928.1,24.4,-40.0,1.0,1.0,0.0,1.0,0.0,65.0
2026-07-21 16:12:49.170,28.75,30.18,30.25,29.56,12.62,28.95,928.1,24.4,-40.0,1.0,1.0,0.0,1.0,0.0,65.0
2026-07-21 16:12:49.384,28.75,30.18,30.25,29.56,12.62,28.95,928.1,24.4,-40.0,1.0,1.0,0.0,1.0,0.0,65.0
2026-07-21 16:12:49.570,28.75,30.18,30.25,29.56,12.62,28.95,928.1,24.2,-40.0,1.0,1.0,0.0,1.0,0.0,65.0
2026-07-21 16:12:49.770,28.81,30.18,30.25,29.56,12.62,28.95,928.1,24.2,-40.0,1.0,1.0,0.0,1.0,0.0,65.0
2026-07-21 16:12:49.971,28.81,30.18,30.25,29.56,12.62,28.95,928.2,24.1,-40.0,1.0,1.0,0.0,1.0,0.0,66.0
2026-07-21 16:12:50.170,28.81,30.18,30.25,29.56,12.62,28.95,928.2,24.1,-40.0,1.0,1.0,0.0,1.0,0.0,66.0
2026-07-21 16:12:50.370,28.81,30.18,30.25,29.56,12.62,28.95,928.2,24.1,-40.0,1.0,1.0,0.0,1.0,0.0,66.0
2026-07-21 16:12:50.570,28.81,30.18,30.25,29.56,12.62,28.95,928.2,24.3,-40.0,1.0,1.0,0.0,1.0,0.0,66.0
2026-07-21 16:12:50.770,28.75,30.12,30.18,29.5,12.62,28.95,928.2,24.3,-40.0,1.0,1.0,0.0,1.0,0.0,66.0
2026-07-21 16:12:50.970,28.75,30.12,30.18,29.5,12.62,28.94,928.1,24.2,-40.0,1.0,1.0,0.0,1.0,0.0,67.0
2026-07-21 16:12:51.170,28.75,30.12,30.18,29.5,12.62,28.94,928.1,24.2,-40.0,1.0,1.0,0.0,1.0,0.0,67.0
2026-07-21 16:12:51.370,28.75,30.12,30.18,29.5,12.62,28.94,928.1,24.2,-40.0,1.0,1.0,0.0,1.0,0.0,67.0
2026-07-21 16:12:51.570,28.75,30.12,30.18,29.5,12.62,28.95,928.2,24.5,-40.0,1.0,1.0,0.0,1.0,0.0,67.0
2026-07-21 16:12:51.771,28.75,30.12,30.25,29.5,12.62,28.95,928.2,24.5,-40.0,1.0,1.0,0.0,1.0,0.0,67.0
2026-07-21 16:12:51.970,28.75,30.12,30.25,29.5,12.62,28.95,928.2,23.9,-40.0,1.0,1.0,0.0,1.0,0.0,68.0
2026-07-21 16:12:52.170,28.75,30.12,30.25,29.5,12.62,28.95,928.2,23.9,-40.0,1.0,1.0,0.0,1.0,0.0,68.0
2026-07-21 16:12:52.370,28.75,30.12,30.25,29.5,12.62,28.95,928.2,23.9,-40.0,1.0,1.0,0.0,1.0,0.0,68.0
2026-07-21 16:12:52.571,28.75,30.12,30.25,29.5,12.62,28.95,928.2,24.0,-40.0,1.0,1.0,0.0,1.0,0.0,68.0
2026-07-21 16:12:52.796,28.75,30.12,30.25,29.5,12.62,28.95,928.2,24.0,-40.0,1.0,1.0,0.0,1.0,0.0,68.0
2026-07-21 16:12:52.971,28.75,30.12,30.25,29.5,12.62,28.95,928.2,24.4,-40.0,1.0,1.0,0.0,1.0,0.0,69.0
2026-07-21 16:12:53.170,28.75,30.12,30.25,29.5,12.62,28.95,928.2,24.4,-40.0,1.0,1.0,0.0,1.0,0.0,69.0
2026-07-21 16:12:53.372,28.75,30.12,30.25,29.5,12.62,28.95,928.2,24.4,-40.0,1.0,1.0,0.0,1.0,0.0,69.0
2026-07-21 16:12:53.571,28.75,30.12,30.25,29.5,12.62,28.95,928.2,24.4,-40.0,1.0,1.0,0.0,1.0,0.0,69.0
2026-07-21 16:12:53.770,28.75,30.12,30.25,29.56,12.62,28.95,928.2,24.4,-40.0,1.0,1.0,0.0,1.0,0.0,69.0
2026-07-21 16:12:53.970,28.75,30.12,30.25,29.56,12.62,28.95,928.1,24.7,-40.0,1.0,1.0,0.0,1.0,0.0,70.0
2026-07-21 16:12:54.170,28.75,30.12,30.25,29.56,12.62,28.95,928.1,24.7,-40.0,1.0,1.0,0.0,1.0,0.0,70.0
2026-07-21 16:12:54.370,28.75,30.12,30.25,29.56,12.62,28.95,928.1,24.7,-40.0,1.0,1.0,0.0,1.0,0.0,70.0
2026-07-21 16:12:54.570,28.75,30.12,30.25,29.56,12.62,28.95,928.1,23.9,-40.0,1.0,1.0,0.0,1.0,0.0,70.0
2026-07-21 16:12:54.770,28.75,30.18,30.25,29.5,12.62,28.95,928.1,23.9,-40.0,1.0,1.0,0.0,1.0,0.0,70.0
2026-07-21 16:12:54.970,28.75,30.18,30.25,29.5,12.62,28.95,928.2,24.5,-40.0,1.0,1.0,0.0,1.0,0.0,71.0
2026-07-21 16:12:55.170,28.75,30.18,30.25,29.5,12.62,28.95,928.2,24.5,-40.0,1.0,1.0,0.0,1.0,0.0,71.0
2026-07-21 16:12:55.370,28.75,30.18,30.25,29.5,12.62,28.95,928.2,24.5,-40.0,1.0,1.0,0.0,1.0,0.0,71.0
2026-07-21 16:12:55.570,28.75,30.18,30.25,29.5,12.62,28.96,928.2,24.5,-40.0,1.0,1.0,0.0,1.0,0.0,71.0
2026-07-21 16:12:55.770,28.75,30.12,30.18,29.5,12.56,28.96,928.2,24.5,-40.0,1.0,1.0,0.0,1.0,0.0,71.0
2026-07-21 16:12:55.970,28.75,30.12,30.18,29.5,12.56,28.95,928.1,24.7,-40.0,1.0,1.0,0.0,1.0,0.0,72.0
2026-07-21 16:12:56.170,28.75,30.12,30.18,29.5,12.56,28.95,928.1,24.7,-40.0,1.0,1.0,0.0,1.0,0.0,72.0
2026-07-21 16:12:56.370,28.75,30.12,30.18,29.5,12.56,28.95,928.1,24.7,-40.0,1.0,1.0,0.0,1.0,0.0,72.0
2026-07-21 16:12:56.577,28.75,30.12,30.18,29.5,12.56,28.96,928.2,24.3,-40.0,1.0,1.0,0.0,1.0,0.0,72.0
2026-07-21 16:12:56.770,28.75,30.18,30.18,29.5,12.56,28.96,928.2,24.3,-40.0,1.0,1.0,0.0,1.0,0.0,72.0
2026-07-21 16:12:56.970,28.75,30.18,30.18,29.5,12.56,28.95,928.1,24.2,-40.0,1.0,1.0,0.0,1.0,0.0,73.0
2026-07-21 16:12:57.171,28.75,30.18,30.18,29.5,12.56,28.95,928.1,24.2,-40.0,1.0,1.0,0.0,1.0,0.0,73.0
2026-07-21 16:12:57.370,28.75,30.18,30.18,29.5,12.56,28.95,928.1,24.2,-40.0,1.0,1.0,0.0,1.0,0.0,73.0
2026-07-21 16:12:57.585,28.75,30.18,30.18,29.5,12.56,28.95,928.1,24.5,-40.0,1.0,1.0,0.0,1.0,0.0,73.0
2026-07-21 16:12:57.770,28.75,30.12,30.25,29.5,12.56,28.95,928.1,24.5,-40.0,1.0,1.0,0.0,1.0,0.0,73.0
2026-07-21 16:12:57.970,28.75,30.12,30.25,29.5,12.56,28.95,928.2,24.2,-40.0,1.0,1.0,0.0,1.0,0.0,74.0
2026-07-21 16:12:58.170,28.75,30.12,30.25,29.5,12.56,28.95,928.2,24.2,-40.0,1.0,1.0,0.0,1.0,0.0,74.0
2026-07-21 16:12:58.370,28.75,30.12,30.25,29.5,12.56,28.95,928.2,24.2,-40.0,1.0,1.0,0.0,1.0,0.0,74.0
2026-07-21 16:12:58.570,28.75,30.12,30.25,29.5,12.56,28.95,928.2,24.5,-40.0,1.0,1.0,0.0,1.0,0.0,74.0
2026-07-21 16:12:58.770,28.75,30.18,30.25,29.5,12.56,28.95,928.2,24.5,-40.0,1.0,1.0,0.0,1.0,0.0,74.0
2026-07-21 16:12:58.971,28.75,30.18,30.25,29.5,12.56,28.95,928.2,24.3,-40.0,1.0,1.0,0.0,1.0,0.0,75.0
2026-07-21 16:12:59.171,28.75,30.18,30.25,29.5,12.56,28.95,928.2,24.3,-40.0,1.0,1.0,0.0,1.0,0.0,75.0
2026-07-21 16:12:59.370,28.75,30.18,30.25,29.5,12.56,28.95,928.2,24.3,-40.0,1.0,1.0,0.0,1.0,0.0,75.0
2026-07-21 16:12:59.570,28.75,30.18,30.25,29.5,12.56,28.94,928.1,24.6,-40.0,1.0,1.0,0.0,1.0,0.0,75.0
2026-07-21 16:12:59.770,28.75,30.18,30.18,29.5,12.56,28.94,928.1,24.6,-40.0,1.0,1.0,0.0,1.0,0.0,75.0
2026-07-21 16:12:59.970,28.75,30.18,30.18,29.5,12.56,28.95,928.2,24.1,-40.0,1.0,1.0,0.0,1.0,0.0,76.0
2026-07-21 16:13:00.170,28.75,30.18,30.18,29.5,12.56,28.95,928.2,24.1,-40.0,1.0,1.0,0.0,1.0,0.0,76.0
2026-07-21 16:13:00.370,28.75,30.18,30.18,29.5,12.56,28.95,928.2,24.1,-40.0,1.0,1.0,0.0,1.0,0.0,76.0
2026-07-21 16:13:00.570,28.75,30.18,30.18,29.5,12.56,28.95,928.2,24.5,-40.0,1.0,1.0,0.0,1.0,0.0,76.0
2026-07-21 16:13:00.770,28.75,30.12,30.18,29.5,12.62,28.95,928.2,24.5,-40.0,1.0,1.0,0.0,1.0,0.0,76.0
2026-07-21 16:13:00.970,28.75,30.12,30.18,29.5,12.62,28.95,928.2,24.2,-40.0,1.0,1.0,0.0,1.0,0.0,77.0
2026-07-21 16:13:01.169,28.75,30.12,30.18,29.5,12.62,28.95,928.2,24.2,-40.0,1.0,1.0,0.0,1.0,0.0,77.0
2026-07-21 16:13:01.369,28.75,30.12,30.18,29.5,12.62,28.95,928.2,24.2,-40.0,1.0,1.0,0.0,1.0,0.0,77.0
2026-07-21 16:13:01.570,28.75,30.12,30.18,29.5,12.62,28.95,928.1,24.1,-40.0,1.0,1.0,0.0,1.0,0.0,77.0
2026-07-21 16:13:01.770,28.75,30.18,30.25,29.5,12.62,28.95,928.1,24.1,-40.0,1.0,1.0,0.0,1.0,0.0,77.0
2026-07-21 16:13:01.970,28.75,30.18,30.25,29.5,12.62,28.95,928.1,24.6,-40.0,1.0,1.0,0.0,1.0,0.0,78.0
2026-07-21 16:13:02.170,28.75,30.18,30.25,29.5,12.62,28.95,928.1,24.6,-40.0,1.0,1.0,0.0,1.0,0.0,78.0
2026-07-21 16:13:02.370,28.75,30.18,30.25,29.5,12.62,28.95,928.1,24.6,-40.0,1.0,1.0,0.0,1.0,0.0,78.0
2026-07-21 16:13:02.570,28.75,30.18,30.25,29.5,12.62,28.95,928.1,24.5,-40.0,1.0,1.0,0.0,1.0,0.0,78.0
2026-07-21 16:13:02.791,28.75,30.18,30.18,29.5,12.56,28.95,928.1,24.5,-40.0,1.0,1.0,0.0,1.0,0.0,78.0
2026-07-21 16:13:02.970,28.75,30.18,30.18,29.5,12.56,28.95,928.2,24.7,-40.0,1.0,1.0,0.0,1.0,0.0,79.0
2026-07-21 16:13:03.170,28.75,30.18,30.18,29.5,12.56,28.95,928.2,24.7,-40.0,1.0,1.0,0.0,1.0,0.0,79.0
2026-07-21 16:13:03.371,28.75,30.18,30.18,29.5,12.56,28.95,928.2,24.7,-40.0,1.0,1.0,0.0,1.0,0.0,79.0
2026-07-21 16:13:03.570,28.75,30.18,30.18,29.5,12.56,28.94,928.1,24.2,-40.0,1.0,1.0,0.0,1.0,0.0,79.0
2026-07-21 16:13:03.770,28.75,30.18,30.25,29.5,12.62,28.94,928.1,24.2,-40.0,1.0,1.0,0.0,1.0,0.0,79.0
2026-07-21 16:13:03.970,28.75,30.18,30.25,29.5,12.62,28.95,928.2,24.6,-40.0,1.0,1.0,0.0,1.0,0.0,80.0
2026-07-21 16:13:04.170,28.75,30.18,30.25,29.5,12.62,28.95,928.2,24.6,-40.0,1.0,1.0,0.0,1.0,0.0,80.0
2026-07-21 16:13:04.394,28.75,30.18,30.25,29.5,12.62,28.95,928.2,24.6,-40.0,1.0,1.0,0.0,1.0,0.0,80.0
2026-07-21 16:13:04.570,28.75,30.18,30.25,29.5,12.62,28.95,928.1,24.1,-40.0,1.0,1.0,0.0,1.0,0.0,80.0
2026-07-21 16:13:04.769,28.75,30.18,30.18,29.5,12.62,28.95,928.1,24.1,-40.0,1.0,1.0,0.0,1.0,0.0,80.0
2026-07-21 16:13:04.978,28.75,30.18,30.18,29.5,12.62,28.95,928.2,24.1,-40.0,1.0,1.0,0.0,1.0,0.0,81.0
2026-07-21 16:13:05.171,28.75,30.18,30.18,29.5,12.62,28.95,928.2,24.1,-40.0,1.0,1.0,0.0,1.0,0.0,81.0
2026-07-21 16:13:05.372,28.75,30.18,30.18,29.5,12.62,28.95,928.2,24.1,-40.0,1.0,1.0,0.0,1.0,0.0,81.0
2026-07-21 16:13:05.587,28.75,30.18,30.18,29.5,12.62,28.95,928.2,24.3,-40.0,1.0,1.0,0.0,1.0,0.0,81.0
2026-07-21 16:13:05.770,28.75,30.18,30.18,29.5,12.62,28.95,928.2,24.3,-40.0,1.0,1.0,0.0,1.0,0.0,81.0
2026-07-21 16:13:05.970,28.75,30.18,30.18,29.5,12.62,28.95,928.1,24.1,-40.0,1.0,1.0,0.0,1.0,0.0,82.0
2026-07-21 16:13:06.189,28.75,30.18,30.18,29.5,12.62,28.95,928.1,24.1,-40.0,1.0,1.0,0.0,1.0,0.0,82.0
2026-07-21 16:13:06.370,28.75,30.18,30.18,29.5,12.62,28.95,928.1,24.1,-40.0,1.0,1.0,0.0,1.0,0.0,82.0
2026-07-21 16:13:06.570,28.75,30.18,30.18,29.5,12.62,28.95,928.2,24.3,-40.0,1.0,1.0,0.0,1.0,0.0,82.0
2026-07-21 16:13:06.770,28.75,30.18,30.18,29.5,12.62,28.95,928.2,24.3,-40.0,1.0,1.0,0.0,1.0,0.0,82.0
2026-07-21 16:13:06.970,28.75,30.18,30.18,29.5,12.62,28.95,928.1,23.9,-40.0,1.0,1.0,0.0,1.0,0.0,83.0
2026-07-21 16:13:07.170,28.75,30.18,30.18,29.5,12.62,28.95,928.1,23.9,-40.0,1.0,1.0,0.0,1.0,0.0,83.0
2026-07-21 16:13:07.370,28.75,30.18,30.18,29.5,12.62,28.95,928.1,23.9,-40.0,1.0,1.0,0.0,1.0,0.0,83.0
2026-07-21 16:13:07.571,28.75,30.18,30.18,29.5,12.62,28.95,928.2,24.3,-40.0,1.0,1.0,0.0,1.0,0.0,83.0
2026-07-21 16:13:07.770,28.75,30.18,30.25,29.5,12.62,28.95,928.2,24.3,-40.0,1.0,1.0,0.0,1.0,0.0,83.0
2026-07-21 16:13:07.970,28.75,30.18,30.25,29.5,12.62,28.95,928.2,24.3,-40.0,1.0,1.0,0.0,1.0,0.0,84.0
2026-07-21 16:13:08.170,28.75,30.18,30.25,29.5,12.62,28.95,928.2,24.3,-40.0,1.0,1.0,0.0,1.0,0.0,84.0
2026-07-21 16:13:08.370,28.75,30.18,30.25,29.5,12.62,28.95,928.2,24.3,-40.0,1.0,1.0,0.0,1.0,0.0,84.0
2026-07-21 16:13:08.570,28.75,30.18,30.25,29.5,12.62,28.95,928.2,24.1,-40.0,1.0,1.0,0.0,1.0,0.0,84.0
2026-07-21 16:13:08.791,28.68,30.18,30.25,29.5,12.62,28.95,928.2,24.1,-40.0,1.0,1.0,0.0,1.0,0.0,84.0
2026-07-21 16:13:08.970,28.68,30.18,30.25,29.5,12.62,28.95,928.1,24.0,-40.0,1.0,1.0,0.0,1.0,0.0,85.0
2026-07-21 16:13:09.170,28.68,30.18,30.25,29.5,12.62,28.95,928.1,24.0,-40.0,1.0,1.0,0.0,1.0,0.0,85.0
2026-07-21 16:13:09.369,28.68,30.18,30.25,29.5,12.62,28.95,928.1,24.0,-40.0,1.0,1.0,0.0,1.0,0.0,85.0
2026-07-21 16:13:09.569,28.68,30.18,30.25,29.5,12.62,28.95,928.2,24.7,-40.0,1.0,1.0,0.0,1.0,0.0,85.0
2026-07-21 16:13:09.771,28.75,30.18,30.25,29.5,12.56,28.95,928.2,24.7,-40.0,1.0,1.0,0.0,1.0,0.0,85.0
2026-07-21 16:13:09.970,28.75,30.18,30.25,29.5,12.56,28.95,928.2,24.2,-40.0,1.0,1.0,0.0,1.0,0.0,86.0
2026-07-21 16:13:10.170,28.75,30.18,30.25,29.5,12.56,28.95,928.2,24.2,-40.0,1.0,1.0,0.0,1.0,0.0,86.0
2026-07-21 16:13:10.370,28.75,30.18,30.25,29.5,12.56,28.95,928.2,24.2,-40.0,1.0,1.0,0.0,1.0,0.0,86.0
2026-07-21 16:13:10.570,28.75,30.18,30.25,29.5,12.56,28.95,928.2,24.1,-40.0,1.0,1.0,0.0,1.0,0.0,86.0
2026-07-21 16:13:10.769,28.75,30.18,30.18,29.5,12.56,28.95,928.2,24.1,-40.0,1.0,1.0,0.0,1.0,0.0,86.0
2026-07-21 16:13:10.970,28.75,30.18,30.18,29.5,12.56,28.94,928.2,24.4,-40.0,1.0,1.0,0.0,1.0,0.0,87.0
2026-07-21 16:13:11.169,28.75,30.18,30.18,29.5,12.56,28.94,928.2,24.4,-40.0,1.0,1.0,0.0,1.0,0.0,87.0
2026-07-21 16:13:11.370,28.75,30.18,30.18,29.5,12.56,28.94,928.2,24.4,-40.0,1.0,1.0,0.0,1.0,0.0,87.0
2026-07-21 16:13:11.569,28.75,30.18,30.18,29.5,12.56,28.95,928.2,24.2,-40.0,1.0,1.0,0.0,1.0,0.0,87.0
2026-07-21 16:13:11.770,28.75,30.18,30.18,29.5,12.62,28.95,928.2,24.2,-40.0,1.0,1.0,0.0,1.0,0.0,87.0
2026-07-21 16:13:11.970,28.75,30.18,30.18,29.5,12.62,28.93,928.1,24.2,-40.0,1.0,1.0,0.0,1.0,0.0,88.0
2026-07-21 16:13:12.169,28.75,30.18,30.18,29.5,12.62,28.93,928.1,24.2,-40.0,1.0,1.0,0.0,1.0,0.0,88.0
2026-07-21 16:13:12.370,28.75,30.18,30.18,29.5,12.62,28.93,928.1,24.2,-40.0,1.0,1.0,0.0,1.0,0.0,88.0
2026-07-21 16:13:12.570,28.75,30.18,30.18,29.5,12.62,28.95,928.1,24.3,-40.0,1.0,1.0,0.0,1.0,0.0,88.0
2026-07-21 16:13:12.769,28.75,30.18,30.18,29.5,12.62,28.95,928.1,24.3,-40.0,1.0,1.0,0.0,1.0,0.0,88.0
2026-07-21 16:13:12.970,28.75,30.18,30.18,29.5,12.62,28.94,928.2,24.4,-40.0,1.0,1.0,0.0,1.0,0.0,89.0
2026-07-21 16:13:13.169,28.75,30.18,30.18,29.5,12.62,28.94,928.2,24.4,-40.0,1.0,1.0,0.0,1.0,0.0,89.0
2026-07-21 16:13:13.370,28.75,30.18,30.18,29.5,12.62,28.94,928.2,24.4,-40.0,1.0,1.0,0.0,1.0,0.0,89.0
2026-07-21 16:13:13.570,28.75,30.18,30.18,29.5,12.62,28.95,928.2,24.1,-40.0,1.0,1.0,0.0,1.0,0.0,89.0
2026-07-21 16:13:13.770,28.75,30.18,30.25,29.5,12.62,28.95,928.2,24.1,-40.0,1.0,1.0,0.0,1.0,0.0,89.0
2026-07-21 16:13:13.970,28.75,30.18,30.25,29.5,12.62,28.93,928.1,24.6,-40.0,1.0,1.0,0.0,1.0,0.0,90.0
2026-07-21 16:13:14.169,28.75,30.18,30.25,29.5,12.62,28.93,928.1,24.6,-40.0,1.0,1.0,0.0,1.0,0.0,90.0
2026-07-21 16:13:14.369,28.75,30.18,30.25,29.5,12.62,28.93,928.1,24.6,-40.0,1.0,1.0,0.0,1.0,0.0,90.0
2026-07-21 16:13:14.570,28.75,30.18,30.25,29.5,12.62,28.95,928.2,24.3,-40.0,1.0,1.0,0.0,1.0,0.0,90.0
2026-07-21 16:13:14.770,28.75,30.12,30.25,29.5,12.62,28.95,928.2,24.3,-40.0,1.0,1.0,0.0,1.0,0.0,90.0
2026-07-21 16:13:14.969,28.75,30.12,30.25,29.5,12.62,28.94,928.2,24.0,-40.0,1.0,1.0,0.0,1.0,0.0,91.0
2026-07-21 16:13:15.169,28.75,30.12,30.25,29.5,12.62,28.94,928.2,24.0,-40.0,1.0,1.0,0.0,1.0,0.0,91.0
2026-07-21 16:13:15.370,28.75,30.12,30.25,29.5,12.62,28.94,928.2,24.0,-40.0,1.0,1.0,0.0,1.0,0.0,91.0
2026-07-21 16:13:15.570,28.75,30.12,30.25,29.5,12.62,28.94,928.1,24.1,-40.0,1.0,1.0,0.0,1.0,0.0,91.0
2026-07-21 16:13:15.769,28.75,30.12,30.25,29.5,12.62,28.94,928.1,24.1,-40.0,1.0,1.0,0.0,1.0,0.0,91.0
2026-07-21 16:13:15.970,28.75,30.12,30.25,29.5,12.62,28.93,928.1,24.1,-40.0,1.0,1.0,0.0,1.0,0.0,92.0
2026-07-21 16:13:16.169,28.75,30.12,30.25,29.5,12.62,28.93,928.1,24.1,-40.0,1.0,1.0,0.0,1.0,0.0,92.0
2026-07-21 16:13:16.369,28.75,30.12,30.25,29.5,12.62,28.93,928.1,24.1,-40.0,1.0,1.0,0.0,1.0,0.0,92.0
2026-07-21 16:13:16.571,28.75,30.12,30.25,29.5,12.62,28.94,928.1,24.3,-40.0,1.0,1.0,0.0,1.0,0.0,92.0
2026-07-21 16:13:16.769,28.75,30.12,30.25,29.5,12.62,28.94,928.1,24.3,-40.0,1.0,1.0,0.0,1.0,0.0,92.0
2026-07-21 16:13:16.970,28.75,30.12,30.25,29.5,12.62,28.94,928.2,24.0,-40.0,1.0,1.0,0.0,1.0,0.0,93.0
2026-07-21 16:13:17.170,28.75,30.12,30.25,29.5,12.62,28.94,928.2,24.0,-40.0,1.0,1.0,0.0,1.0,0.0,93.0
2026-07-21 16:13:17.370,28.75,30.12,30.25,29.5,12.62,28.94,928.2,24.0,-40.0,1.0,1.0,0.0,1.0,0.0,93.0
2026-07-21 16:13:17.570,28.75,30.12,30.25,29.5,12.62,28.94,928.1,24.0,-40.0,1.0,1.0,0.0,1.0,0.0,93.0
2026-07-21 16:13:17.770,28.68,30.12,30.25,29.5,12.62,28.94,928.1,24.0,-40.0,1.0,1.0,0.0,1.0,0.0,93.0
2026-07-21 16:13:17.970,28.68,30.12,30.25,29.5,12.62,28.95,928.2,24.7,-40.0,1.0,1.0,0.0,1.0,0.0,94.0
2026-07-21 16:13:18.169,28.68,30.12,30.25,29.5,12.62,28.95,928.2,24.7,-40.0,1.0,1.0,0.0,1.0,0.0,94.0
2026-07-21 16:13:18.369,28.68,30.12,30.25,29.5,12.62,28.95,928.2,24.7,-40.0,1.0,1.0,0.0,1.0,0.0,94.0
2026-07-21 16:13:18.569,28.68,30.12,30.25,29.5,12.62,28.94,928.2,24.5,-40.0,1.0,1.0,0.0,1.0,0.0,94.0
2026-07-21 16:13:18.769,28.68,30.12,30.25,29.5,12.62,28.94,928.2,24.5,-40.0,1.0,1.0,0.0,1.0,0.0,94.0
2026-07-21 16:13:18.970,28.68,30.12,30.25,29.5,12.62,28.94,928.2,24.1,-40.0,1.0,1.0,0.0,1.0,0.0,95.0
2026-07-21 16:13:19.169,28.68,30.12,30.25,29.5,12.62,28.94,928.2,24.1,-40.0,1.0,1.0,0.0,1.0,0.0,95.0
2026-07-21 16:13:19.369,28.68,30.12,30.25,29.5,12.62,28.94,928.2,24.1,-40.0,1.0,1.0,0.0,1.0,0.0,95.0
2026-07-21 16:13:19.570,28.68,30.12,30.25,29.5,12.62,28.94,928.1,24.1,-40.0,1.0,1.0,0.0,1.0,0.0,95.0
2026-07-21 16:13:19.770,28.75,30.18,30.25,29.5,12.62,28.94,928.1,24.1,-40.0,1.0,1.0,0.0,1.0,0.0,95.0
2026-07-21 16:13:19.970,28.75,30.18,30.25,29.5,12.62,28.95,928.2,24.4,-40.0,1.0,1.0,0.0,1.0,0.0,96.0
2026-07-21 16:13:20.170,28.75,30.18,30.25,29.5,12.62,28.95,928.2,24.4,-40.0,1.0,1.0,0.0,1.0,0.0,96.0
2026-07-21 16:13:20.369,28.75,30.18,30.25,29.5,12.62,28.95,928.2,24.4,-40.0,1.0,1.0,0.0,1.0,0.0,96.0
2026-07-21 16:13:20.572,28.75,30.18,30.25,29.5,12.62,28.94,928.2,24.4,-40.0,1.0,1.0,0.0,1.0,0.0,96.0
2026-07-21 16:13:20.769,28.75,30.12,30.25,29.5,12.56,28.94,928.2,24.4,-40.0,1.0,1.0,0.0,1.0,0.0,96.0
2026-07-21 16:13:20.970,28.75,30.12,30.25,29.5,12.56,28.94,928.1,24.0,-40.0,1.0,1.0,0.0,1.0,0.0,97.0
2026-07-21 16:13:21.169,28.75,30.12,30.25,29.5,12.56,28.94,928.1,24.0,-40.0,1.0,1.0,0.0,1.0,0.0,97.0
2026-07-21 16:13:21.369,28.75,30.12,30.25,29.5,12.56,28.94,928.1,24.0,-40.0,1.0,1.0,0.0,1.0,0.0,97.0
2026-07-21 16:13:21.570,28.75,30.12,30.25,29.5,12.56,28.93,928.1,24.5,-40.0,1.0,1.0,0.0,1.0,0.0,97.0
2026-07-21 16:13:21.770,28.68,30.12,30.25,29.5,12.62,28.93,928.1,24.5,-40.0,1.0,1.0,0.0,1.0,0.0,97.0
2026-07-21 16:13:21.970,28.68,30.12,30.25,29.5,12.62,28.94,928.1,24.4,-40.0,1.0,1.0,0.0,1.0,0.0,98.0
2026-07-21 16:13:22.169,28.68,30.12,30.25,29.5,12.62,28.94,928.1,24.4,-40.0,1.0,1.0,0.0,1.0,0.0,98.0
2026-07-21 16:13:22.369,28.68,30.12,30.25,29.5,12.62,28.94,928.1,24.4,-40.0,1.0,1.0,0.0,1.0,0.0,98.0
2026-07-21 16:13:22.570,28.68,30.12,30.25,29.5,12.62,28.94,928.2,24.3,-40.0,1.0,1.0,0.0,1.0,0.0,98.0
2026-07-21 16:13:22.769,28.68,30.12,30.25,29.5,12.62,28.94,928.2,24.3,-40.0,1.0,1.0,0.0,1.0,0.0,98.0
2026-07-21 16:13:22.970,28.68,30.12,30.25,29.5,12.62,28.94,928.1,24.5,-40.0,1.0,1.0,0.0,1.0,0.0,99.0
2026-07-21 16:13:23.169,28.68,30.12,30.25,29.5,12.62,28.94,928.1,24.5,-40.0,1.0,1.0,0.0,1.0,0.0,99.0
2026-07-21 16:13:23.369,28.68,30.12,30.25,29.5,12.62,28.94,928.1,24.5,-40.0,1.0,1.0,0.0,1.0,0.0,99.0
2026-07-21 16:13:23.571,28.68,30.12,30.25,29.5,12.62,28.94,928.1,24.2,-40.0,1.0,1.0,0.0,1.0,0.0,99.0
2026-07-21 16:13:23.770,28.68,30.18,30.25,29.5,12.68,28.94,928.1,24.2,-40.0,1.0,1.0,0.0,1.0,0.0,99.0
2026-07-21 16:13:23.970,28.68,30.18,30.25,29.5,12.68,28.93,928.1,24.3,-40.0,1.0,1.0,0.0,1.0,0.0,100.0
2026-07-21 16:13:24.170,28.68,30.18,30.25,29.5,12.68,28.93,928.1,24.3,-40.0,1.0,1.0,0.0,1.0,0.0,100.0
2026-07-21 16:13:24.370,28.68,30.18,30.25,29.5,12.68,28.93,928.1,24.3,-40.0,1.0,1.0,0.0,1.0,0.0,100.0
2026-07-21 16:13:24.570,28.68,30.18,30.25,29.5,12.68,28.94,928.1,24.2,-40.0,1.0,1.0,0.0,1.0,0.0,100.0
2026-07-21 16:13:24.769,28.68,30.12,30.25,29.5,12.68,28.94,928.1,24.2,-40.0,1.0,1.0,0.0,1.0,0.0,100.0
2026-07-21 16:13:24.970,28.68,30.12,30.25,29.5,12.68,28.94,928.1,24.5,-40.0,1.0,1.0,0.0,1.0,0.0,101.0
2026-07-21 16:13:25.169,28.68,30.12,30.25,29.5,12.68,28.94,928.1,24.5,-40.0,1.0,1.0,0.0,1.0,0.0,101.0
2026-07-21 16:13:25.369,28.68,30.12,30.25,29.5,12.68,28.94,928.1,24.5,-40.0,1.0,1.0,0.0,1.0,0.0,101.0
2026-07-21 16:13:25.570,28.68,30.12,30.25,29.5,12.68,28.94,928.1,24.5,-40.0,1.0,1.0,0.0,1.0,0.0,101.0
2026-07-21 16:13:25.770,28.68,30.12,30.18,29.5,12.62,28.94,928.1,24.5,-40.0,1.0,1.0,0.0,1.0,0.0,101.0
2026-07-21 16:13:25.969,28.68,30.12,30.18,29.5,12.62,28.94,928.2,24.2,-40.0,1.0,1.0,0.0,1.0,0.0,102.0
2026-07-21 16:13:26.170,28.68,30.12,30.18,29.5,12.62,28.94,928.2,24.2,-40.0,1.0,1.0,0.0,1.0,0.0,102.0
2026-07-21 16:13:26.369,28.68,30.12,30.18,29.5,12.62,28.94,928.2,24.2,-40.0,1.0,1.0,0.0,1.0,0.0,102.0
2026-07-21 16:13:26.570,28.68,30.12,30.18,29.5,12.62,28.94,928.2,24.4,-40.0,1.0,1.0,0.0,1.0,0.0,102.0
2026-07-21 16:13:26.770,28.68,30.12,30.25,29.5,12.56,28.94,928.2,24.4,-40.0,1.0,1.0,0.0,1.0,0.0,102.0
2026-07-21 16:13:26.971,28.68,30.12,30.25,29.5,12.56,28.93,928.2,24.3,-40.0,1.0,1.0,0.0,1.0,0.0,103.0
2026-07-21 16:13:27.169,28.68,30.12,30.25,29.5,12.56,28.93,928.2,24.3,-40.0,1.0,1.0,0.0,1.0,0.0,103.0
2026-07-21 16:13:27.370,28.68,30.12,30.25,29.5,12.56,28.93,928.2,24.3,-40.0,1.0,1.0,0.0,1.0,0.0,103.0
2026-07-21 16:13:27.570,28.68,30.12,30.25,29.5,12.56,28.94,928.1,24.2,-40.0,1.0,1.0,0.0,1.0,0.0,103.0
2026-07-21 16:13:27.769,28.68,30.12,30.18,29.5,12.43,28.94,928.1,24.2,-40.0,1.0,1.0,0.0,1.0,0.0,103.0
2026-07-21 16:13:27.970,28.68,30.12,30.18,29.5,12.43,28.93,928.1,24.0,-40.0,1.0,1.0,0.0,1.0,0.0,104.0
2026-07-21 16:13:28.180,28.68,30.12,30.18,29.5,12.43,28.93,928.1,24.0,-40.0,1.0,1.0,0.0,1.0,0.0,104.0
2026-07-21 16:13:28.369,28.68,30.12,30.18,29.5,12.43,28.93,928.1,24.0,-40.0,1.0,1.0,0.0,1.0,0.0,104.0
2026-07-21 16:13:28.570,28.68,30.12,30.18,29.5,12.43,28.94,928.1,24.5,-40.0,1.0,1.0,0.0,1.0,0.0,104.0
2026-07-21 16:13:28.769,28.62,30.12,30.18,29.5,12.31,28.94,928.1,24.5,-40.0,1.0,1.0,0.0,1.0,0.0,104.0
2026-07-21 16:13:28.969,28.62,30.12,30.18,29.5,12.31,28.93,928.1,24.3,-40.0,1.0,1.0,0.0,1.0,0.0,105.0
2026-07-21 16:13:29.169,28.62,30.12,30.18,29.5,12.31,28.93,928.1,24.3,-40.0,1.0,1.0,0.0,1.0,0.0,105.0
2026-07-21 16:13:29.369,28.62,30.12,30.18,29.5,12.31,28.93,928.1,24.3,-40.0,1.0,1.0,0.0,1.0,0.0,105.0
2026-07-21 16:13:29.570,28.62,30.12,30.18,29.5,12.31,28.93,928.1,24.2,-40.0,1.0,1.0,0.0,1.0,0.0,105.0
2026-07-21 16:13:29.770,28.62,30.06,30.18,29.5,12.18,28.93,928.1,24.2,-40.0,1.0,1.0,0.0,1.0,0.0,105.0
2026-07-21 16:13:29.969,28.62,30.06,30.18,29.5,12.18,28.93,928.2,24.3,-40.0,1.0,1.0,0.0,1.0,0.0,106.0
2026-07-21 16:13:30.171,28.62,30.06,30.18,29.5,12.18,28.93,928.2,24.3,-40.0,1.0,1.0,0.0,1.0,0.0,106.0
2026-07-21 16:13:30.370,28.62,30.06,30.18,29.5,12.18,28.93,928.2,24.3,-40.0,1.0,1.0,0.0,1.0,0.0,106.0
2026-07-21 16:13:30.570,28.62,30.06,30.18,29.5,12.18,28.94,928.1,24.4,-40.0,1.0,1.0,0.0,1.0,0.0,106.0
2026-07-21 16:13:30.769,28.62,30.06,30.18,29.5,12.0,28.94,928.1,24.4,-40.0,1.0,1.0,1.0,1.0,0.0,106.0
2026-07-21 16:13:30.969,28.62,30.06,30.18,29.5,12.0,28.93,928.1,24.2,-40.0,1.0,1.0,1.0,1.0,0.0,107.0
2026-07-21 16:13:31.169,28.62,30.06,30.18,29.5,12.0,28.93,928.1,24.2,-40.0,1.0,1.0,1.0,1.0,0.0,107.0
2026-07-21 16:13:31.370,28.62,30.06,30.18,29.5,12.0,28.93,928.1,24.2,-40.0,1.0,1.0,1.0,1.0,0.0,107.0
2026-07-21 16:13:31.569,28.62,30.06,30.18,29.5,12.0,28.93,928.1,24.1,-40.0,1.0,1.0,1.0,1.0,0.0,107.0
2026-07-21 16:13:31.771,28.62,30.06,30.18,29.5,11.87,28.93,928.1,24.1,-40.0,1.0,1.0,1.0,1.0,0.0,107.0
2026-07-21 16:13:31.969,28.62,30.06,30.18,29.5,11.87,28.92,928.2,24.4,-40.0,1.0,1.0,1.0,1.0,0.0,108.0
2026-07-21 16:13:32.169,28.62,30.06,30.18,29.5,11.87,28.92,928.2,24.4,-40.0,1.0,1.0,1.0,1.0,0.0,108.0
2026-07-21 16:13:32.369,28.62,30.06,30.18,29.5,11.87,28.92,928.2,24.4,-40.0,1.0,1.0,1.0,1.0,0.0,108.0
2026-07-21 16:13:32.569,28.62,30.06,30.18,29.5,11.87,28.93,928.1,24.1,-40.0,1.0,1.0,1.0,1.0,0.0,108.0
2026-07-21 16:13:32.769,28.56,30.12,30.18,29.5,11.68,28.93,928.1,24.1,-40.0,1.0,1.0,1.0,1.0,0.0,108.0
2026-07-21 16:13:32.969,28.56,30.12,30.18,29.5,11.68,28.92,928.1,24.3,-40.0,1.0,1.0,1.0,1.0,0.0,109.0
2026-07-21 16:13:33.170,28.56,30.12,30.18,29.5,11.68,28.92,928.1,24.3,-40.0,1.0,1.0,1.0,1.0,0.0,109.0
2026-07-21 16:13:33.369,28.56,30.12,30.18,29.5,11.68,28.92,928.1,24.3,-40.0,1.0,1.0,1.0,1.0,0.0,109.0
2026-07-21 16:13:33.570,28.56,30.12,30.18,29.5,11.68,28.93,928.2,24.3,-40.0,1.0,1.0,1.0,1.0,0.0,109.0
2026-07-21 16:13:33.769,28.56,30.06,30.25,29.5,11.56,28.93,928.2,24.3,-40.0,1.0,1.0,1.0,1.0,0.0,109.0
2026-07-21 16:13:33.970,28.56,30.06,30.25,29.5,11.56,28.92,928.1,24.2,-40.0,1.0,1.0,1.0,1.0,0.0,110.0
2026-07-21 16:13:34.170,28.56,30.06,30.25,29.5,11.56,28.92,928.1,24.2,-40.0,1.0,1.0,1.0,1.0,0.0,110.0
2026-07-21 16:13:34.370,28.56,30.06,30.25,29.5,11.56,28.92,928.1,24.2,-40.0,1.0,1.0,1.0,1.0,0.0,110.0
2026-07-21 16:13:34.570,28.56,30.06,30.25,29.5,11.56,28.93,928.2,24.3,-40.0,1.0,1.0,1.0,1.0,0.0,110.0
2026-07-21 16:13:34.769,28.5,30.06,30.18,29.5,11.43,28.93,928.2,24.3,-40.0,1.0,1.0,1.0,1.0,0.0,110.0
2026-07-21 16:13:34.969,28.5,30.06,30.18,29.5,11.43,28.92,928.2,24.5,-40.0,1.0,1.0,1.0,1.0,0.0,111.0
2026-07-21 16:13:35.170,28.5,30.06,30.18,29.5,11.43,28.92,928.2,24.5,-40.0,1.0,1.0,1.0,1.0,0.0,111.0
2026-07-21 16:13:35.370,28.5,30.06,30.18,29.5,11.43,28.92,928.2,24.5,-40.0,1.0,1.0,1.0,1.0,0.0,111.0
2026-07-21 16:13:35.569,28.5,30.06,30.18,29.5,11.43,28.92,928.1,24.1,-40.0,1.0,1.0,1.0,1.0,0.0,111.0
2026-07-21 16:13:35.769,28.5,30.0,30.18,29.5,11.25,28.92,928.1,24.1,-40.0,1.0,1.0,1.0,1.0,0.0,111.0
2026-07-21 16:13:35.970,28.5,30.0,30.18,29.5,11.25,28.92,928.2,24.5,-40.0,1.0,1.0,1.0,1.0,0.0,112.0
2026-07-21 16:13:36.169,28.5,30.0,30.18,29.5,11.25,28.92,928.2,24.5,-40.0,1.0,1.0,1.0,1.0,0.0,112.0
2026-07-21 16:13:36.369,28.5,30.0,30.18,29.5,11.25,28.92,928.2,24.5,-40.0,1.0,1.0,1.0,1.0,0.0,112.0
2026-07-21 16:13:36.569,28.5,30.0,30.18,29.5,11.25,28.92,928.2,24.5,-40.0,1.0,1.0,1.0,1.0,0.0,112.0
2026-07-21 16:13:36.769,28.5,30.06,30.18,29.43,11.12,28.92,928.2,24.5,-40.0,1.0,1.0,1.0,1.0,0.0,112.0
2026-07-21 16:13:36.969,28.5,30.06,30.18,29.43,11.12,28.92,928.1,24.1,-40.0,1.0,1.0,1.0,1.0,0.0,113.0
2026-07-21 16:13:37.170,28.5,30.06,30.18,29.43,11.12,28.92,928.1,24.1,-40.0,1.0,1.0,1.0,1.0,0.0,113.0
2026-07-21 16:13:37.369,28.5,30.06,30.18,29.43,11.12,28.92,928.1,24.1,-40.0,1.0,1.0,1.0,1.0,0.0,113.0
2026-07-21 16:13:37.569,28.5,30.06,30.18,29.43,11.12,28.93,928.1,24.2,-40.0,1.0,1.0,1.0,1.0,0.0,113.0
2026-07-21 16:13:37.769,28.5,30.06,30.18,29.5,11.0,28.93,928.1,24.2,-40.0,1.0,1.0,1.0,1.0,0.0,113.0
2026-07-21 16:13:37.970,28.5,30.06,30.18,29.5,11.0,28.92,928.2,24.2,-40.0,1.0,1.0,1.0,1.0,0.0,114.0
2026-07-21 16:13:38.169,28.5,30.06,30.18,29.5,11.0,28.92,928.2,24.2,-40.0,1.0,1.0,1.0,1.0,0.0,114.0
2026-07-21 16:13:38.369,28.5,30.06,30.18,29.5,11.0,28.92,928.2,24.2,-40.0,1.0,1.0,1.0,1.0,0.0,114.0
2026-07-21 16:13:38.569,28.5,30.06,30.18,29.5,11.0,28.92,928.1,24.3,-40.0,1.0,1.0,1.0,1.0,0.0,114.0
2026-07-21 16:13:38.769,28.43,30.06,30.18,29.43,10.81,28.92,928.1,24.3,-40.0,1.0,1.0,1.0,1.0,0.0,114.0
2026-07-21 16:13:38.973,28.43,30.06,30.18,29.43,10.81,28.92,928.1,24.2,-40.0,1.0,1.0,1.0,1.0,0.0,115.0
2026-07-21 16:13:39.170,28.43,30.06,30.18,29.43,10.81,28.92,928.1,24.2,-40.0,1.0,1.0,1.0,1.0,0.0,115.0
2026-07-21 16:13:39.369,28.43,30.06,30.18,29.43,10.81,28.92,928.1,24.2,-40.0,1.0,1.0,1.0,1.0,0.0,115.0
2026-07-21 16:13:39.569,28.43,30.06,30.18,29.43,10.81,28.9,928.1,24.4,-40.0,1.0,1.0,1.0,1.0,0.0,115.0
2026-07-21 16:13:39.769,28.37,30.06,30.25,29.5,10.75,28.9,928.1,24.4,-40.0,1.0,1.0,1.0,1.0,0.0,115.0
2026-07-21 16:13:39.969,28.37,30.06,30.25,29.5,10.75,28.92,928.2,24.2,-40.0,1.0,1.0,1.0,1.0,0.0,116.0
2026-07-21 16:13:40.169,28.37,30.06,30.25,29.5,10.75,28.92,928.2,24.2,-40.0,1.0,1.0,1.0,1.0,0.0,116.0
2026-07-21 16:13:40.369,28.37,30.06,30.25,29.5,10.75,28.92,928.2,24.2,-40.0,1.0,1.0,1.0,1.0,0.0,116.0
2026-07-21 16:13:40.569,28.37,30.06,30.25,29.5,10.75,28.92,928.2,24.0,-40.0,1.0,1.0,1.0,1.0,0.0,116.0
2026-07-21 16:13:40.769,28.37,30.06,30.18,29.5,10.56,28.92,928.2,24.0,-40.0,1.0,1.0,1.0,1.0,0.0,116.0
2026-07-21 16:13:40.970,28.37,30.06,30.18,29.5,10.56,28.93,928.1,24.5,-40.0,1.0,1.0,1.0,1.0,0.0,117.0
2026-07-21 16:13:41.172,28.37,30.06,30.18,29.5,10.56,28.93,928.1,24.5,-40.0,1.0,1.0,1.0,1.0,0.0,117.0
2026-07-21 16:13:41.369,28.37,30.06,30.18,29.5,10.56,28.93,928.1,24.5,-40.0,1.0,1.0,1.0,1.0,0.0,117.0
2026-07-21 16:13:41.570,28.37,30.06,30.18,29.5,10.56,28.93,928.2,24.1,-40.0,1.0,1.0,1.0,1.0,0.0,117.0
2026-07-21 16:13:41.769,28.37,30.0,30.18,29.5,10.5,28.93,928.2,24.1,-40.0,1.0,1.0,1.0,1.0,0.0,117.0
2026-07-21 16:13:41.969,28.37,30.0,30.18,29.5,10.5,28.92,928.2,24.2,-40.0,1.0,1.0,1.0,1.0,0.0,118.0
2026-07-21 16:13:42.169,28.37,30.0,30.18,29.5,10.5,28.92,928.2,24.2,-40.0,1.0,1.0,1.0,1.0,0.0,118.0
2026-07-21 16:13:42.369,28.37,30.0,30.18,29.5,10.5,28.92,928.2,24.2,-40.0,1.0,1.0,1.0,1.0,0.0,118.0
2026-07-21 16:13:42.569,28.37,30.0,30.18,29.5,10.5,28.92,928.1,24.1,-40.0,1.0,1.0,1.0,1.0,0.0,118.0
2026-07-21 16:13:42.769,28.31,30.06,30.25,29.5,10.37,28.92,928.1,24.1,-40.0,1.0,1.0,1.0,1.0,0.0,118.0
2026-07-21 16:13:42.969,28.31,30.06,30.25,29.5,10.37,28.9,928.1,24.2,-40.0,1.0,1.0,1.0,1.0,0.0,119.0
2026-07-21 16:13:43.168,28.31,30.06,30.25,29.5,10.37,28.9,928.1,24.2,-40.0,1.0,1.0,1.0,1.0,0.0,119.0
2026-07-21 16:13:43.369,28.31,30.06,30.25,29.5,10.37,28.9,928.1,24.2,-40.0,1.0,1.0,1.0,1.0,0.0,119.0
2026-07-21 16:13:43.569,28.31,30.06,30.25,29.5,10.37,28.9,928.2,24.1,-40.0,1.0,1.0,1.0,1.0,0.0,119.0
2026-07-21 16:13:43.770,28.31,30.0,30.18,29.5,10.25,28.9,928.2,24.1,-40.0,1.0,1.0,1.0,1.0,0.0,119.0
2026-07-21 16:13:43.969,28.31,30.0,30.18,29.5,10.25,28.9,928.1,24.2,-40.0,1.0,1.0,1.0,1.0,0.0,120.0
2026-07-21 16:13:44.169,28.31,30.0,30.18,29.5,10.25,28.9,928.1,24.2,-40.0,1.0,1.0,1.0,1.0,0.0,120.0
2026-07-21 16:13:44.370,28.31,30.0,30.18,29.5,10.25,28.9,928.1,24.2,-40.0,1.0,1.0,1.0,1.0,0.0,120.0
2026-07-21 16:13:44.569,28.31,30.0,30.18,29.5,10.25,28.9,928.1,24.5,-40.0,1.0,1.0,1.0,1.0,0.0,120.0
2026-07-21 16:13:44.773,28.25,30.0,30.18,29.5,10.12,28.9,928.1,24.5,-40.0,1.0,1.0,1.0,1.0,0.0,120.0
2026-07-21 16:13:44.970,28.25,30.0,30.18,29.5,10.12,28.92,928.2,24.4,-40.0,1.0,1.0,1.0,1.0,0.0,121.0
2026-07-21 16:13:45.169,28.25,30.0,30.18,29.5,10.12,28.92,928.2,24.4,-40.0,1.0,1.0,1.0,1.0,0.0,121.0
2026-07-21 16:13:45.368,28.25,30.0,30.18,29.5,10.12,28.92,928.2,24.4,-40.0,1.0,1.0,1.0,1.0,0.0,121.0
2026-07-21 16:13:45.570,28.25,30.0,30.18,29.5,10.12,28.9,928.2,24.2,-40.0,1.0,1.0,1.0,1.0,0.0,121.0
2026-07-21 16:13:45.768,28.25,30.0,30.25,29.43,10.0,28.9,928.2,24.2,-40.0,1.0,1.0,1.0,1.0,0.0,121.0
2026-07-21 16:13:45.969,28.25,30.0,30.25,29.43,10.0,28.9,928.1,24.3,-40.0,1.0,1.0,1.0,1.0,0.0,122.0
2026-07-21 16:13:46.169,28.25,30.0,30.25,29.43,10.0,28.9,928.1,24.3,-40.0,1.0,1.0,1.0,1.0,0.0,122.0
2026-07-21 16:13:46.369,28.25,30.0,30.25,29.43,10.0,28.9,928.1,24.3,-40.0,1.0,1.0,1.0,1.0,0.0,122.0
2026-07-21 16:13:46.569,28.25,30.0,30.25,29.43,10.0,28.9,928.2,24.2,-40.0,1.0,1.0,1.0,1.0,0.0,122.0
2026-07-21 16:13:46.771,28.18,30.0,30.25,29.5,9.87,28.9,928.2,24.2,-40.0,1.0,1.0,1.0,1.0,0.0,122.0
2026-07-21 16:13:46.969,28.18,30.0,30.25,29.5,9.87,28.9,928.1,24.1,-40.0,1.0,1.0,1.0,1.0,0.0,123.0
2026-07-21 16:13:47.169,28.18,30.0,30.25,29.5,9.87,28.9,928.1,24.1,-40.0,1.0,1.0,1.0,1.0,0.0,123.0
2026-07-21 16:13:47.377,28.18,30.0,30.25,29.5,9.87,28.9,928.1,24.1,-40.0,1.0,1.0,1.0,1.0,0.0,123.0
2026-07-21 16:13:47.569,28.18,30.0,30.25,29.5,9.87,28.89,928.2,24.7,-40.0,1.0,1.0,1.0,1.0,0.0,123.0
2026-07-21 16:13:47.769,28.18,30.0,30.18,29.5,9.81,28.89,928.2,24.7,-40.0,1.0,1.0,1.0,1.0,0.0,123.0
2026-07-21 16:13:47.969,28.18,30.0,30.18,29.5,9.81,28.9,928.2,24.1,-40.0,1.0,1.0,1.0,1.0,0.0,124.0
2026-07-21 16:13:48.169,28.18,30.0,30.18,29.5,9.81,28.9,928.2,24.1,-40.0,1.0,1.0,1.0,1.0,0.0,124.0
2026-07-21 16:13:48.369,28.18,30.0,30.18,29.5,9.81,28.9,928.2,24.1,-40.0,1.0,1.0,1.0,1.0,0.0,124.0
2026-07-21 16:13:48.570,28.18,30.0,30.18,29.5,9.81,28.9,928.1,24.2,-40.0,1.0,1.0,1.0,1.0,0.0,124.0
2026-07-21 16:13:48.769,28.18,30.0,30.18,29.43,9.68,28.9,928.1,24.2,-40.0,1.0,1.0,1.0,1.0,0.0,124.0
2026-07-21 16:13:48.969,28.18,30.0,30.18,29.43,9.68,28.9,928.2,24.5,-40.0,1.0,1.0,1.0,1.0,0.0,125.0
2026-07-21 16:13:49.169,28.18,30.0,30.18,29.43,9.68,28.9,928.2,24.5,-40.0,1.0,1.0,1.0,1.0,0.0,125.0
2026-07-21 16:13:49.374,28.18,30.0,30.18,29.43,9.68,28.9,928.2,24.5,-40.0,1.0,1.0,1.0,1.0,0.0,125.0
2026-07-21 16:13:49.569,28.18,30.0,30.18,29.43,9.68,28.89,928.2,24.2,-40.0,1.0,1.0,1.0,1.0,0.0,125.0
2026-07-21 16:13:49.769,28.12,30.0,30.18,29.5,9.56,28.89,928.2,24.2,-40.0,1.0,1.0,1.0,1.0,0.0,125.0
2026-07-21 16:13:49.969,28.12,30.0,30.18,29.5,9.56,28.89,928.1,24.2,-40.0,1.0,1.0,1.0,1.0,0.0,126.0
2026-07-21 16:13:50.168,28.12,30.0,30.18,29.5,9.56,28.89,928.1,24.2,-40.0,1.0,1.0,1.0,1.0,0.0,126.0
2026-07-21 16:13:50.384,28.12,30.0,30.18,29.5,9.56,28.89,928.1,24.2,-40.0,1.0,1.0,1.0,1.0,0.0,126.0
2026-07-21 16:13:50.570,28.12,30.0,30.18,29.5,9.56,28.88,928.1,24.4,-40.0,1.0,1.0,1.0,1.0,0.0,126.0
2026-07-21 16:13:50.769,28.06,30.0,30.25,29.5,9.5,28.88,928.1,24.4,-40.0,1.0,1.0,1.0,1.0,0.0,126.0
2026-07-21 16:13:50.969,28.06,30.0,30.25,29.5,9.5,28.89,928.1,24.2,-40.0,1.0,1.0,1.0,1.0,0.0,127.0
2026-07-21 16:13:51.169,28.06,30.0,30.25,29.5,9.5,28.89,928.1,24.2,-40.0,1.0,1.0,1.0,1.0,0.0,127.0
2026-07-21 16:13:51.369,28.06,30.0,30.25,29.5,9.5,28.89,928.1,24.2,-40.0,1.0,1.0,1.0,1.0,0.0,127.0
2026-07-21 16:13:51.577,28.06,30.0,30.25,29.5,9.5,28.9,928.2,24.2,-40.0,1.0,1.0,1.0,1.0,0.0,127.0
2026-07-21 16:13:51.769,28.0,30.0,30.18,29.43,9.37,28.9,928.2,24.2,-40.0,1.0,1.0,1.0,1.0,0.0,127.0
2026-07-21 16:13:51.969,28.0,30.0,30.18,29.43,9.37,28.89,928.1,24.1,-40.0,1.0,1.0,1.0,1.0,0.0,128.0
2026-07-21 16:13:52.169,28.0,30.0,30.18,29.43,9.37,28.89,928.1,24.1,-40.0,1.0,1.0,1.0,1.0,0.0,128.0
2026-07-21 16:13:52.369,28.0,30.0,30.18,29.43,9.37,28.89,928.1,24.1,-40.0,1.0,1.0,1.0,1.0,0.0,128.0
2026-07-21 16:13:52.569,28.0,30.0,30.18,29.43,9.37,28.89,928.2,24.3,-40.0,1.0,1.0,1.0,1.0,0.0,128.0
2026-07-21 16:13:52.769,28.0,30.0,30.18,29.43,9.25,28.89,928.2,24.3,-40.0,1.0,1.0,1.0,1.0,0.0,128.0
2026-07-21 16:13:52.969,28.0,30.0,30.18,29.43,9.25,28.89,928.1,24.2,-40.0,1.0,1.0,1.0,1.0,0.0,129.0
2026-07-21 16:13:53.169,28.0,30.0,30.18,29.43,9.25,28.89,928.1,24.2,-40.0,1.0,1.0,1.0,1.0,0.0,129.0
2026-07-21 16:13:53.369,28.0,30.0,30.18,29.43,9.25,28.89,928.1,24.2,-40.0,1.0,1.0,1.0,1.0,0.0,129.0
2026-07-21 16:13:53.569,28.0,30.0,30.18,29.43,9.25,28.9,928.2,24.2,-40.0,1.0,1.0,1.0,1.0,0.0,129.0
2026-07-21 16:13:53.769,28.0,30.0,30.18,29.43,9.18,28.9,928.2,24.2,-40.0,1.0,1.0,1.0,1.0,0.0,129.0
2026-07-21 16:13:53.968,28.0,30.0,30.18,29.43,9.18,28.89,928.1,24.3,-40.0,1.0,1.0,1.0,1.0,0.0,130.0
2026-07-21 16:13:54.169,28.0,30.0,30.18,29.43,9.18,28.89,928.1,24.3,-40.0,1.0,1.0,1.0,1.0,0.0,130.0
2026-07-21 16:13:54.368,28.0,30.0,30.18,29.43,9.18,28.89,928.1,24.3,-40.0,1.0,1.0,1.0,1.0,0.0,130.0
2026-07-21 16:13:54.595,28.0,30.0,30.18,29.43,9.18,28.88,928.1,24.2,-40.0,1.0,1.0,1.0,1.0,0.0,130.0
2026-07-21 16:13:54.768,27.93,30.0,30.18,29.43,9.06,28.88,928.1,24.2,-40.0,1.0,1.0,1.0,1.0,0.0,130.0
2026-07-21 16:13:54.969,27.93,30.0,30.18,29.43,9.06,28.88,928.2,24.1,-40.0,1.0,1.0,1.0,1.0,0.0,131.0
2026-07-21 16:13:55.169,27.93,30.0,30.18,29.43,9.06,28.88,928.2,24.1,-40.0,1.0,1.0,1.0,1.0,0.0,131.0
2026-07-21 16:13:55.369,27.93,30.0,30.18,29.43,9.06,28.88,928.2,24.1,-40.0,1.0,1.0,1.0,1.0,0.0,131.0
2026-07-21 16:13:55.569,27.93,30.0,30.18,29.43,9.06,28.88,928.1,24.2,-40.0,1.0,1.0,1.0,1.0,0.0,131.0
2026-07-21 16:13:55.769,27.93,29.93,30.18,29.5,9.0,28.88,928.1,24.2,-40.0,1.0,1.0,1.0,1.0,0.0,131.0
2026-07-21 16:13:55.970,27.93,29.93,30.18,29.5,9.0,28.88,928.1,24.1,-40.0,1.0,1.0,1.0,1.0,0.0,132.0
2026-07-21 16:13:56.170,27.93,29.93,30.18,29.5,9.0,28.88,928.1,24.1,-40.0,1.0,1.0,1.0,1.0,0.0,132.0
2026-07-21 16:13:56.368,27.93,29.93,30.18,29.5,9.0,28.88,928.1,24.1,-40.0,1.0,1.0,1.0,1.0,0.0,132.0
2026-07-21 16:13:56.569,27.93,29.93,30.18,29.5,9.0,28.88,928.1,24.0,-40.0,1.0,1.0,1.0,1.0,0.0,132.0
2026-07-21 16:13:56.769,27.87,30.0,30.18,29.5,8.93,28.88,928.1,24.0,-40.0,1.0,1.0,1.0,1.0,0.0,132.0
2026-07-21 16:13:56.969,27.87,30.0,30.18,29.5,8.93,28.87,928.1,24.3,-40.0,1.0,1.0,1.0,1.0,0.0,133.0
2026-07-21 16:13:57.169,27.87,30.0,30.18,29.5,8.93,28.87,928.1,24.3,-40.0,1.0,1.0,1.0,1.0,0.0,133.0
2026-07-21 16:13:57.370,27.87,30.0,30.18,29.5,8.93,28.87,928.1,24.3,-40.0,1.0,1.0,1.0,1.0,0.0,133.0
2026-07-21 16:13:57.569,27.87,30.0,30.18,29.5,8.93,28.88,928.2,23.9,-40.0,1.0,1.0,1.0,1.0,0.0,133.0
2026-07-21 16:13:57.768,27.87,30.0,30.18,29.5,8.81,28.88,928.2,23.9,-40.0,1.0,1.0,1.0,1.0,0.0,133.0
2026-07-21 16:13:57.969,27.87,30.0,30.18,29.5,8.81,28.88,928.3,24.5,-40.0,1.0,1.0,1.0,1.0,0.0,134.0
2026-07-21 16:13:58.168,27.87,30.0,30.18,29.5,8.81,28.88,928.3,24.5,-40.0,1.0,1.0,1.0,1.0,0.0,134.0
2026-07-21 16:13:58.369,27.87,30.0,30.18,29.5,8.81,28.88,928.3,24.5,-40.0,1.0,1.0,1.0,1.0,0.0,134.0
2026-07-21 16:13:58.569,27.87,30.0,30.18,29.5,8.81,28.88,928.2,24.4,-40.0,1.0,1.0,1.0,1.0,0.0,134.0
2026-07-21 16:13:58.769,27.81,29.93,30.25,29.43,8.75,28.88,928.2,24.4,-40.0,1.0,1.0,1.0,1.0,0.0,134.0
2026-07-21 16:13:58.969,27.81,29.93,30.25,29.43,8.75,28.88,928.2,24.2,-40.0,1.0,1.0,1.0,1.0,0.0,135.0
2026-07-21 16:13:59.172,27.81,29.93,30.25,29.43,8.75,28.88,928.2,24.2,-40.0,1.0,1.0,1.0,1.0,0.0,135.0
2026-07-21 16:13:59.369,27.81,29.93,30.25,29.43,8.75,28.88,928.2,24.2,-40.0,1.0,1.0,1.0,1.0,0.0,135.0
2026-07-21 16:13:59.569,27.81,29.93,30.25,29.43,8.75,28.88,928.2,24.2,-40.0,1.0,1.0,1.0,1.0,0.0,135.0
2026-07-21 16:13:59.769,27.81,30.0,30.25,29.5,8.68,28.88,928.2,24.2,-40.0,1.0,1.0,1.0,1.0,0.0,135.0
2026-07-21 16:13:59.969,27.81,30.0,30.25,29.5,8.68,28.88,928.2,24.3,-40.0,1.0,1.0,1.0,1.0,0.0,136.0
2026-07-21 16:14:00.176,27.81,30.0,30.25,29.5,8.68,28.88,928.2,24.3,-40.0,1.0,1.0,1.0,1.0,0.0,136.0
2026-07-21 16:14:00.369,27.81,30.0,30.25,29.5,8.68,28.88,928.2,24.3,-40.0,1.0,1.0,1.0,1.0,0.0,136.0
2026-07-21 16:14:00.569,27.81,30.0,30.25,29.5,8.68,28.88,928.2,24.1,-40.0,1.0,1.0,1.0,1.0,0.0,136.0
2026-07-21 16:14:00.769,27.75,29.93,30.18,29.5,8.56,28.88,928.2,24.1,-40.0,1.0,1.0,1.0,1.0,0.0,136.0
2026-07-21 16:14:00.969,27.75,29.93,30.18,29.5,8.56,28.88,928.3,24.1,-40.0,1.0,1.0,1.0,1.0,0.0,137.0
2026-07-21 16:14:01.168,27.75,29.93,30.18,29.5,8.56,28.88,928.3,24.1,-40.0,1.0,1.0,1.0,1.0,0.0,137.0
2026-07-21 16:14:01.369,27.75,29.93,30.18,29.5,8.56,28.88,928.3,24.1,-40.0,1.0,1.0,1.0,1.0,0.0,137.0
2026-07-21 16:14:01.570,27.75,29.93,30.18,29.5,8.56,28.88,928.1,24.3,-40.0,1.0,1.0,1.0,1.0,0.0,137.0
2026-07-21 16:14:01.769,27.75,30.0,30.18,29.5,8.5,28.88,928.1,24.3,-40.0,1.0,1.0,1.0,1.0,0.0,137.0
2026-07-21 16:14:01.970,27.75,30.0,30.18,29.5,8.5,28.87,928.1,23.8,-40.0,1.0,1.0,1.0,1.0,0.0,138.0
2026-07-21 16:14:02.176,27.75,30.0,30.18,29.5,8.5,28.87,928.1,23.8,-40.0,1.0,1.0,1.0,1.0,0.0,138.0
2026-07-21 16:14:02.369,27.75,30.0,30.18,29.5,8.5,28.87,928.1,23.8,-40.0,1.0,1.0,1.0,1.0,0.0,138.0
2026-07-21 16:14:02.569,27.75,30.0,30.18,29.5,8.5,28.87,928.1,24.5,-40.0,1.0,1.0,1.0,1.0,0.0,138.0
2026-07-21 16:14:02.768,27.68,30.0,30.18,29.5,8.43,28.87,928.1,24.5,-40.0,1.0,1.0,1.0,1.0,0.0,138.0
2026-07-21 16:14:02.969,27.68,30.0,30.18,29.5,8.43,28.87,928.2,23.8,-40.0,1.0,1.0,1.0,1.0,0.0,139.0
2026-07-21 16:14:03.175,27.68,30.0,30.18,29.5,8.43,28.87,928.2,23.8,-40.0,1.0,1.0,1.0,1.0,0.0,139.0
2026-07-21 16:14:03.370,27.68,30.0,30.18,29.5,8.43,28.87,928.2,23.8,-40.0,1.0,1.0,1.0,1.0,0.0,139.0
2026-07-21 16:14:03.569,27.68,30.0,30.18,29.5,8.43,28.87,928.1,24.4,-40.0,1.0,1.0,1.0,1.0,0.0,139.0
2026-07-21 16:14:03.789,27.68,30.0,30.18,29.5,8.37,28.87,928.1,24.4,-40.0,1.0,1.0,1.0,1.0,0.0,139.0
2026-07-21 16:14:03.968,27.68,30.0,30.18,29.5,8.37,28.87,928.2,24.1,-40.0,1.0,1.0,1.0,1.0,0.0,140.0
2026-07-21 16:14:04.169,27.68,30.0,30.18,29.5,8.37,28.87,928.2,24.1,-40.0,1.0,1.0,1.0,1.0,0.0,140.0
2026-07-21 16:14:04.370,27.68,30.0,30.18,29.5,8.37,28.87,928.2,24.1,-40.0,1.0,1.0,1.0,1.0,0.0,140.0
2026-07-21 16:14:04.569,27.68,30.0,30.18,29.5,8.37,28.87,928.2,24.1,-40.0,1.0,1.0,1.0,1.0,0.0,140.0
2026-07-21 16:14:04.769,27.62,29.93,30.18,29.5,8.31,28.87,928.2,24.1,-40.0,1.0,1.0,1.0,1.0,0.0,140.0
2026-07-21 16:14:04.969,27.62,29.93,30.18,29.5,8.31,28.87,928.2,24.1,-40.0,1.0,1.0,1.0,1.0,0.0,141.0
2026-07-21 16:14:05.168,27.62,29.93,30.18,29.5,8.31,28.87,928.2,24.1,-40.0,1.0,1.0,1.0,1.0,0.0,141.0
2026-07-21 16:14:05.371,27.62,29.93,30.18,29.5,8.31,28.87,928.2,24.1,-40.0,1.0,1.0,1.0,1.0,0.0,141.0
2026-07-21 16:14:05.569,27.62,29.93,30.18,29.5,8.31,28.87,928.2,23.9,-40.0,1.0,1.0,1.0,1.0,0.0,141.0
2026-07-21 16:14:05.769,27.62,30.0,30.18,29.5,8.18,28.87,928.2,23.9,-40.0,1.0,1.0,1.0,1.0,0.0,141.0
2026-07-21 16:14:05.969,27.62,30.0,30.18,29.5,8.18,28.87,928.1,24.3,-40.0,1.0,1.0,1.0,1.0,0.0,142.0
2026-07-21 16:14:06.168,27.62,30.0,30.18,29.5,8.18,28.87,928.1,24.3,-40.0,1.0,1.0,1.0,1.0,0.0,142.0
2026-07-21 16:14:06.369,27.62,30.0,30.18,29.5,8.18,28.87,928.1,24.3,-40.0,1.0,1.0,1.0,1.0,0.0,142.0
2026-07-21 16:14:06.569,27.62,30.0,30.18,29.5,8.18,28.87,928.2,24.2,-40.0,1.0,1.0,1.0,1.0,0.0,142.0
2026-07-21 16:14:06.769,27.62,30.0,30.18,29.43,8.12,28.87,928.2,24.2,-40.0,1.0,1.0,1.0,1.0,0.0,142.0
2026-07-21 16:14:06.970,27.62,30.0,30.18,29.43,8.12,28.87,928.2,24.2,-40.0,1.0,1.0,1.0,1.0,0.0,143.0
2026-07-21 16:14:07.169,27.62,30.0,30.18,29.43,8.12,28.87,928.2,24.2,-40.0,1.0,1.0,1.0,1.0,0.0,143.0
2026-07-21 16:14:07.369,27.62,30.0,30.18,29.43,8.12,28.87,928.2,24.2,-40.0,1.0,1.0,1.0,1.0,0.0,143.0
2026-07-21 16:14:07.569,27.62,30.0,30.18,29.43,8.12,28.87,928.2,24.2,-40.0,1.0,1.0,1.0,1.0,0.0,143.0
2026-07-21 16:14:07.768,27.56,29.93,30.25,29.5,8.06,28.87,928.2,24.2,-40.0,1.0,1.0,1.0,1.0,0.0,143.0
2026-07-21 16:14:07.986,27.56,29.93,30.25,29.5,8.06,28.87,928.2,24.3,-40.0,1.0,1.0,1.0,1.0,0.0,144.0
2026-07-21 16:14:08.168,27.56,29.93,30.25,29.5,8.06,28.87,928.2,24.3,-40.0,1.0,1.0,1.0,1.0,0.0,144.0
2026-07-21 16:14:08.368,27.56,29.93,30.25,29.5,8.06,28.87,928.2,24.3,-40.0,1.0,1.0,1.0,1.0,0.0,144.0
2026-07-21 16:14:08.569,27.56,29.93,30.25,29.5,8.06,28.87,928.2,24.2,-40.0,1.0,1.0,1.0,1.0,0.0,144.0
2026-07-21 16:14:08.769,27.56,29.93,30.18,29.5,8.0,28.87,928.2,24.2,-40.0,1.0,1.0,1.0,1.0,0.0,144.0
2026-07-21 16:14:08.969,27.56,29.93,30.18,29.5,8.0,28.87,928.2,24.1,-40.0,1.0,1.0,1.0,1.0,0.0,145.0
2026-07-21 16:14:09.169,27.56,29.93,30.18,29.5,8.0,28.87,928.2,24.1,-40.0,1.0,1.0,1.0,1.0,0.0,145.0
2026-07-21 16:14:09.369,27.56,29.93,30.18,29.5,8.0,28.87,928.2,24.1,-40.0,1.0,1.0,1.0,1.0,0.0,145.0
2026-07-21 16:14:09.569,27.56,29.93,30.18,29.5,8.0,28.87,928.2,24.0,-40.0,1.0,1.0,1.0,1.0,0.0,145.0
2026-07-21 16:14:09.769,27.56,30.0,30.18,29.5,7.93,28.87,928.2,24.0,-40.0,1.0,1.0,1.0,1.0,0.0,145.0
2026-07-21 16:14:09.968,27.56,30.0,30.18,29.5,7.93,28.86,928.1,24.4,-40.0,1.0,1.0,1.0,1.0,0.0,146.0
2026-07-21 16:14:10.169,27.56,30.0,30.18,29.5,7.93,28.86,928.1,24.4,-40.0,1.0,1.0,1.0,1.0,0.0,146.0
2026-07-21 16:14:10.369,27.56,30.0,30.18,29.5,7.93,28.86,928.1,24.4,-40.0,1.0,1.0,1.0,1.0,0.0,146.0
2026-07-21 16:14:10.569,27.56,30.0,30.18,29.5,7.93,28.87,928.2,24.5,-40.0,1.0,1.0,1.0,1.0,0.0,146.0
2026-07-21 16:14:10.769,27.56,29.93,30.18,29.5,7.81,28.87,928.2,24.5,-40.0,1.0,1.0,1.0,1.0,0.0,146.0
2026-07-21 16:14:10.969,27.56,29.93,30.18,29.5,7.81,28.87,928.2,24.0,-40.0,1.0,1.0,1.0,1.0,0.0,147.0
2026-07-21 16:14:11.169,27.56,29.93,30.18,29.5,7.81,28.87,928.2,24.0,-40.0,1.0,1.0,1.0,1.0,0.0,147.0
2026-07-21 16:14:11.369,27.56,29.93,30.18,29.5,7.81,28.87,928.2,24.0,-40.0,1.0,1.0,1.0,1.0,0.0,147.0
2026-07-21 16:14:11.569,27.56,29.93,30.18,29.5,7.81,28.87,928.1,24.0,-40.0,1.0,1.0,1.0,1.0,0.0,147.0
2026-07-21 16:14:11.769,27.5,30.0,30.18,29.5,7.75,28.87,928.1,24.0,-40.0,1.0,1.0,1.0,1.0,0.0,147.0
2026-07-21 16:14:11.968,27.5,30.0,30.18,29.5,7.75,28.87,928.2,24.1,-40.0,1.0,1.0,1.0,1.0,0.0,148.0
2026-07-21 16:14:12.169,27.5,30.0,30.18,29.5,7.75,28.87,928.2,24.1,-40.0,1.0,1.0,1.0,1.0,0.0,148.0
2026-07-21 16:14:12.390,27.5,30.0,30.18,29.5,7.75,28.87,928.2,24.1,-40.0,1.0,1.0,1.0,1.0,0.0,148.0
2026-07-21 16:14:12.569,27.5,30.0,30.18,29.5,7.75,28.87,928.2,24.2,-40.0,1.0,1.0,1.0,1.0,0.0,148.0
2026-07-21 16:14:12.769,27.5,29.93,30.18,29.5,7.75,28.87,928.2,24.2,-40.0,1.0,1.0,1.0,1.0,0.0,148.0
2026-07-21 16:14:12.969,27.5,29.93,30.18,29.5,7.75,28.87,928.1,24.3,-40.0,1.0,1.0,1.0,1.0,0.0,149.0
2026-07-21 16:14:13.168,27.5,29.93,30.18,29.5,7.75,28.87,928.1,24.3,-40.0,1.0,1.0,1.0,1.0,0.0,149.0
2026-07-21 16:14:13.368,27.5,29.93,30.18,29.5,7.75,28.87,928.1,24.3,-40.0,1.0,1.0,1.0,1.0,0.0,149.0
2026-07-21 16:14:13.572,27.5,29.93,30.18,29.5,7.75,28.87,928.2,24.3,-40.0,1.0,1.0,1.0,1.0,0.0,149.0
2026-07-21 16:14:13.768,27.43,29.93,30.18,29.5,7.68,28.87,928.2,24.3,-40.0,1.0,1.0,1.0,1.0,0.0,149.0
2026-07-21 16:14:13.997,27.43,29.93,30.18,29.5,7.68,28.87,928.1,24.2,-40.0,1.0,1.0,1.0,1.0,0.0,150.0
2026-07-21 16:14:14.168,27.43,29.93,30.18,29.5,7.68,28.87,928.1,24.2,-40.0,1.0,1.0,1.0,1.0,0.0,150.0
2026-07-21 16:14:14.369,27.43,29.93,30.18,29.5,7.68,28.87,928.1,24.2,-40.0,1.0,1.0,1.0,1.0,0.0,150.0
2026-07-21 16:14:14.569,27.43,29.93,30.18,29.5,7.68,28.87,928.2,24.4,-40.0,1.0,1.0,1.0,1.0,0.0,150.0
2026-07-21 16:14:14.768,27.43,29.93,30.18,29.5,7.56,28.87,928.2,24.4,-40.0,1.0,1.0,1.0,1.0,0.0,150.0
2026-07-21 16:14:14.968,27.43,29.93,30.18,29.5,7.56,28.86,928.2,24.1,-40.0,1.0,1.0,1.0,1.0,0.0,151.0
2026-07-21 16:14:15.168,27.43,29.93,30.18,29.5,7.56,28.86,928.2,24.1,-40.0,1.0,1.0,1.0,1.0,0.0,151.0
2026-07-21 16:14:15.369,27.43,29.93,30.18,29.5,7.56,28.86,928.2,24.1,-40.0,1.0,1.0,1.0,1.0,0.0,151.0
2026-07-21 16:14:15.581,27.43,29.93,30.18,29.5,7.56,28.86,928.1,24.0,-40.0,1.0,1.0,1.0,1.0,0.0,151.0
2026-07-21 16:14:15.769,27.43,29.93,30.18,29.5,7.56,28.86,928.1,24.0,-40.0,1.0,1.0,1.0,1.0,0.0,151.0
2026-07-21 16:14:15.969,27.43,29.93,30.18,29.5,7.56,28.86,928.1,24.8,-40.0,1.0,1.0,1.0,1.0,0.0,152.0
2026-07-21 16:14:16.169,27.43,29.93,30.18,29.5,7.56,28.86,928.1,24.8,-40.0,1.0,1.0,1.0,1.0,0.0,152.0
2026-07-21 16:14:16.368,27.43,29.93,30.18,29.5,7.56,28.86,928.1,24.8,-40.0,1.0,1.0,1.0,1.0,0.0,152.0
2026-07-21 16:14:16.569,27.43,29.93,30.18,29.5,7.56,28.87,928.2,24.1,-40.0,1.0,1.0,1.0,1.0,0.0,152.0
2026-07-21 16:14:16.769,27.43,29.93,30.18,29.5,7.5,28.87,928.2,24.1,-40.0,1.0,1.0,1.0,1.0,0.0,152.0
2026-07-21 16:14:16.969,27.43,29.93,30.18,29.5,7.5,28.87,928.2,24.2,-40.0,1.0,1.0,1.0,1.0,0.0,153.0
2026-07-21 16:14:17.168,27.43,29.93,30.18,29.5,7.5,28.87,928.2,24.2,-40.0,1.0,1.0,1.0,1.0,0.0,153.0
2026-07-21 16:14:17.369,27.43,29.93,30.18,29.5,7.5,28.87,928.2,24.2,-40.0,1.0,1.0,1.0,1.0,0.0,153.0
2026-07-21 16:14:17.569,27.43,29.93,30.18,29.5,7.5,28.87,928.1,24.4,-40.0,1.0,1.0,1.0,1.0,0.0,153.0
2026-07-21 16:14:17.768,27.37,29.87,30.18,29.5,7.43,28.87,928.1,24.4,-40.0,1.0,1.0,1.0,1.0,0.0,153.0
2026-07-21 16:14:17.968,27.37,29.87,30.18,29.5,7.43,28.86,928.2,24.3,-40.0,1.0,1.0,1.0,1.0,0.0,154.0
2026-07-21 16:14:18.168,27.37,29.87,30.18,29.5,7.43,28.86,928.2,24.3,-40.0,1.0,1.0,1.0,1.0,0.0,154.0
2026-07-21 16:14:18.369,27.37,29.87,30.18,29.5,7.43,28.86,928.2,24.3,-40.0,1.0,1.0,1.0,1.0,0.0,154.0
2026-07-21 16:14:18.569,27.37,29.87,30.18,29.5,7.43,28.86,928.2,24.6,-40.0,1.0,1.0,1.0,1.0,0.0,154.0
2026-07-21 16:14:18.768,27.37,29.93,30.18,29.5,7.37,28.86,928.2,24.6,-40.0,1.0,1.0,1.0,1.0,0.0,154.0
2026-07-21 16:14:18.969,27.37,29.93,30.18,29.5,7.37,28.86,928.1,24.7,-40.0,1.0,1.0,1.0,1.0,0.0,155.0
2026-07-21 16:14:19.168,27.37,29.93,30.18,29.5,7.37,28.86,928.1,24.7,-40.0,1.0,1.0,1.0,1.0,0.0,155.0
2026-07-21 16:14:19.369,27.37,29.93,30.18,29.5,7.37,28.86,928.1,24.7,-40.0,1.0,1.0,1.0,1.0,0.0,155.0
2026-07-21 16:14:19.569,27.37,29.93,30.18,29.5,7.37,28.87,928.1,24.2,-40.0,1.0,1.0,1.0,1.0,0.0,155.0
2026-07-21 16:14:19.768,27.31,29.87,30.18,29.5,7.31,28.87,928.1,24.2,-40.0,1.0,1.0,1.0,1.0,0.0,155.0
2026-07-21 16:14:19.968,27.31,29.87,30.18,29.5,7.31,28.87,928.1,24.1,-40.0,1.0,1.0,1.0,1.0,0.0,156.0
2026-07-21 16:14:20.168,27.31,29.87,30.18,29.5,7.31,28.87,928.1,24.1,-40.0,1.0,1.0,1.0,1.0,0.0,156.0
2026-07-21 16:14:20.368,27.31,29.87,30.18,29.5,7.31,28.87,928.1,24.1,-40.0,1.0,1.0,1.0,1.0,0.0,156.0
2026-07-21 16:14:20.568,27.31,29.87,30.18,29.5,7.31,28.86,928.2,24.2,-40.0,1.0,1.0,1.0,1.0,0.0,156.0
2026-07-21 16:14:20.768,27.31,29.87,30.18,29.5,7.25,28.86,928.2,24.2,-40.0,1.0,1.0,1.0,1.0,0.0,156.0
2026-07-21 16:14:20.968,27.31,29.87,30.18,29.5,7.25,28.86,928.1,24.3,-40.0,1.0,1.0,1.0,1.0,0.0,157.0
2026-07-21 16:14:21.177,27.31,29.87,30.18,29.5,7.25,28.86,928.1,24.3,-40.0,1.0,1.0,1.0,1.0,0.0,157.0
2026-07-21 16:14:21.368,27.31,29.87,30.18,29.5,7.25,28.86,928.1,24.3,-40.0,1.0,1.0,1.0,1.0,0.0,157.0
2026-07-21 16:14:21.568,27.31,29.87,30.18,29.5,7.25,28.87,928.1,24.1,-40.0,1.0,1.0,1.0,1.0,0.0,157.0
2026-07-21 16:14:21.768,27.25,29.87,30.18,29.5,7.18,28.87,928.1,24.1,-40.0,1.0,1.0,1.0,1.0,0.0,157.0
2026-07-21 16:14:21.968,27.25,29.87,30.18,29.5,7.18,28.87,928.1,24.5,-40.0,1.0,1.0,1.0,1.0,0.0,158.0
2026-07-21 16:14:22.169,27.25,29.87,30.18,29.5,7.18,28.87,928.1,24.5,-40.0,1.0,1.0,1.0,1.0,0.0,158.0
2026-07-21 16:14:22.368,27.25,29.87,30.18,29.5,7.18,28.87,928.1,24.5,-40.0,1.0,1.0,1.0,1.0,0.0,158.0
2026-07-21 16:14:22.569,27.25,29.87,30.18,29.5,7.18,28.86,928.1,24.0,-40.0,1.0,1.0,1.0,1.0,0.0,158.0
2026-07-21 16:14:22.768,27.31,29.87,30.18,29.5,7.12,28.86,928.1,24.0,-40.0,1.0,1.0,1.0,1.0,0.0,158.0
2026-07-21 16:14:22.968,27.31,29.87,30.18,29.5,7.12,28.87,928.1,24.2,-40.0,1.0,1.0,1.0,1.0,0.0,159.0
2026-07-21 16:14:23.168,27.31,29.87,30.18,29.5,7.12,28.87,928.1,24.2,-40.0,1.0,1.0,1.0,1.0,0.0,159.0
2026-07-21 16:14:23.368,27.31,29.87,30.18,29.5,7.12,28.87,928.1,24.2,-40.0,1.0,1.0,1.0,1.0,0.0,159.0
2026-07-21 16:14:23.568,27.31,29.87,30.18,29.5,7.12,28.85,928.1,24.0,-40.0,1.0,1.0,1.0,1.0,0.0,159.0
2026-07-21 16:14:23.780,27.25,29.87,30.18,29.56,7.06,28.85,928.1,24.0,-40.0,1.0,1.0,1.0,1.0,0.0,159.0
2026-07-21 16:14:23.969,27.25,29.87,30.18,29.56,7.06,28.86,928.2,24.2,-40.0,1.0,1.0,1.0,1.0,0.0,160.0
2026-07-21 16:14:24.169,27.25,29.87,30.18,29.56,7.06,28.86,928.2,24.2,-40.0,1.0,1.0,1.0,1.0,0.0,160.0
2026-07-21 16:14:24.368,27.25,29.87,30.18,29.56,7.06,28.86,928.2,24.2,-40.0,1.0,1.0,1.0,1.0,0.0,160.0
2026-07-21 16:14:24.568,27.25,29.87,30.18,29.56,7.06,28.86,928.1,24.2,-40.0,1.0,1.0,1.0,1.0,0.0,160.0
2026-07-21 16:14:24.768,27.25,29.87,30.18,29.5,7.06,28.86,928.1,24.2,-40.0,1.0,1.0,1.0,1.0,0.0,160.0
2026-07-21 16:14:24.968,27.25,29.87,30.18,29.5,7.06,28.86,928.2,24.2,-40.0,1.0,1.0,1.0,1.0,0.0,161.0
2026-07-21 16:14:25.168,27.25,29.87,30.18,29.5,7.06,28.86,928.2,24.2,-40.0,1.0,1.0,1.0,1.0,0.0,161.0
2026-07-21 16:14:25.368,27.25,29.87,30.18,29.5,7.06,28.86,928.2,24.2,-40.0,1.0,1.0,1.0,1.0,0.0,161.0
2026-07-21 16:14:25.568,27.25,29.87,30.18,29.5,7.06,28.86,928.2,24.1,-40.0,1.0,1.0,1.0,1.0,0.0,161.0
2026-07-21 16:14:25.768,27.25,29.87,30.18,29.5,7.0,28.86,928.2,24.1,-40.0,1.0,1.0,1.0,1.0,0.0,161.0
2026-07-21 16:14:25.968,27.25,29.87,30.18,29.5,7.0,28.86,928.1,23.9,-40.0,1.0,1.0,1.0,1.0,0.0,162.0
2026-07-21 16:14:26.168,27.25,29.87,30.18,29.5,7.0,28.86,928.1,23.9,-40.0,1.0,1.0,1.0,1.0,0.0,162.0
2026-07-21 16:14:26.368,27.25,29.87,30.18,29.5,7.0,28.86,928.1,23.9,-40.0,1.0,1.0,1.0,1.0,0.0,162.0
2026-07-21 16:14:26.568,27.25,29.87,30.18,29.5,7.0,28.86,928.2,24.2,-40.0,1.0,1.0,1.0,1.0,0.0,162.0
2026-07-21 16:14:26.768,27.25,29.87,30.18,29.5,6.93,28.86,928.2,24.2,-40.0,1.0,1.0,1.0,1.0,0.0,162.0
2026-07-21 16:14:26.968,27.25,29.87,30.18,29.5,6.93,28.86,928.2,24.2,-40.0,1.0,1.0,1.0,1.0,0.0,163.0
2026-07-21 16:14:27.168,27.25,29.87,30.18,29.5,6.93,28.86,928.2,24.2,-40.0,1.0,1.0,1.0,1.0,0.0,163.0
2026-07-21 16:14:27.381,27.25,29.87,30.18,29.5,6.93,28.86,928.2,24.2,-40.0,1.0,1.0,1.0,1.0,0.0,163.0
2026-07-21 16:14:27.568,27.25,29.87,30.18,29.5,6.93,28.86,928.2,24.1,-40.0,1.0,1.0,1.0,1.0,0.0,163.0
2026-07-21 16:14:27.768,27.18,29.87,30.18,29.5,6.87,28.86,928.2,24.1,-40.0,1.0,1.0,1.0,1.0,0.0,163.0
2026-07-21 16:14:27.974,27.18,29.87,30.18,29.5,6.87,28.86,928.1,24.2,-40.0,1.0,1.0,1.0,1.0,0.0,164.0
2026-07-21 16:14:28.168,27.18,29.87,30.18,29.5,6.87,28.86,928.1,24.2,-40.0,1.0,1.0,1.0,1.0,0.0,164.0
2026-07-21 16:14:28.369,27.18,29.87,30.18,29.5,6.87,28.86,928.1,24.2,-40.0,1.0,1.0,1.0,1.0,0.0,164.0
2026-07-21 16:14:28.568,27.18,29.87,30.18,29.5,6.87,28.85,928.1,24.2,-40.0,1.0,1.0,1.0,1.0,0.0,164.0
2026-07-21 16:14:28.768,27.18,29.87,30.18,29.5,6.87,28.85,928.1,24.2,-40.0,1.0,1.0,1.0,1.0,0.0,164.0
2026-07-21 16:14:28.968,27.18,29.87,30.18,29.5,6.87,28.86,928.2,24.4,-40.0,1.0,1.0,1.0,1.0,0.0,165.0
2026-07-21 16:14:29.168,27.18,29.87,30.18,29.5,6.87,28.86,928.2,24.4,-40.0,1.0,1.0,1.0,1.0,0.0,165.0
2026-07-21 16:14:29.368,27.18,29.87,30.18,29.5,6.87,28.86,928.2,24.4,-40.0,1.0,1.0,1.0,1.0,0.0,165.0
2026-07-21 16:14:29.578,27.18,29.87,30.18,29.5,6.87,28.86,928.1,24.3,-40.0,1.0,1.0,1.0,1.0,0.0,165.0
2026-07-21 16:14:29.768,27.18,29.87,30.18,29.5,6.81,28.86,928.1,24.3,-40.0,1.0,1.0,1.0,1.0,0.0,165.0
2026-07-21 16:14:29.968,27.18,29.87,30.18,29.5,6.81,28.85,928.1,24.2,-40.0,1.0,1.0,1.0,1.0,0.0,166.0
2026-07-21 16:14:30.168,27.18,29.87,30.18,29.5,6.81,28.85,928.1,24.2,-40.0,1.0,1.0,1.0,1.0,0.0,166.0
2026-07-21 16:14:30.368,27.18,29.87,30.18,29.5,6.81,28.85,928.1,24.2,-40.0,1.0,1.0,1.0,1.0,0.0,166.0
2026-07-21 16:14:30.596,27.18,29.87,30.18,29.5,6.81,28.84,928.1,24.4,-40.0,1.0,1.0,1.0,1.0,0.0,166.0
2026-07-21 16:14:30.768,27.12,29.87,30.18,29.5,6.75,28.84,928.1,24.4,-40.0,1.0,1.0,1.0,1.0,0.0,166.0
2026-07-21 16:14:30.968,27.12,29.87,30.18,29.5,6.75,28.85,928.2,24.3,-40.0,1.0,1.0,1.0,1.0,0.0,167.0
2026-07-21 16:14:31.168,27.12,29.87,30.18,29.5,6.75,28.85,928.2,24.3,-40.0,1.0,1.0,1.0,1.0,0.0,167.0
2026-07-21 16:14:31.367,27.12,29.87,30.18,29.5,6.75,28.85,928.2,24.3,-40.0,1.0,1.0,1.0,1.0,0.0,167.0
2026-07-21 16:14:31.568,27.12,29.87,30.18,29.5,6.75,28.86,928.2,24.1,-40.0,1.0,1.0,1.0,1.0,0.0,167.0
2026-07-21 16:14:31.768,27.12,29.81,30.18,29.5,6.68,28.86,928.2,24.1,-40.0,1.0,1.0,1.0,1.0,0.0,167.0
2026-07-21 16:14:31.968,27.12,29.81,30.18,29.5,6.68,28.85,928.1,24.4,-40.0,1.0,1.0,1.0,1.0,0.0,168.0
2026-07-21 16:14:32.167,27.12,29.81,30.18,29.5,6.68,28.85,928.1,24.4,-40.0,1.0,1.0,1.0,1.0,0.0,168.0
2026-07-21 16:14:32.367,27.12,29.81,30.18,29.5,6.68,28.85,928.1,24.4,-40.0,1.0,1.0,1.0,1.0,0.0,168.0
2026-07-21 16:14:32.568,27.12,29.81,30.18,29.5,6.68,28.86,928.1,24.8,-40.0,1.0,1.0,1.0,1.0,0.0,168.0
2026-07-21 16:14:32.767,27.12,29.87,30.18,29.5,6.68,28.86,928.1,24.8,-40.0,1.0,1.0,1.0,1.0,0.0,168.0
2026-07-21 16:14:32.968,27.12,29.87,30.18,29.5,6.68,28.85,928.2,24.5,-40.0,1.0,1.0,1.0,1.0,0.0,169.0
2026-07-21 16:14:33.168,27.12,29.87,30.18,29.5,6.68,28.85,928.2,24.5,-40.0,1.0,1.0,1.0,1.0,0.0,169.0
2026-07-21 16:14:33.368,27.12,29.87,30.18,29.5,6.68,28.85,928.2,24.5,-40.0,1.0,1.0,1.0,1.0,0.0,169.0
2026-07-21 16:14:33.568,27.12,29.87,30.18,29.5,6.68,28.85,928.2,24.3,-40.0,1.0,1.0,1.0,1.0,0.0,169.0
2026-07-21 16:14:33.768,27.12,29.87,30.18,29.5,6.62,28.85,928.2,24.3,-40.0,1.0,1.0,1.0,1.0,0.0,169.0
2026-07-21 16:14:33.969,27.12,29.87,30.18,29.5,6.62,28.85,928.2,24.0,-40.0,1.0,1.0,1.0,1.0,0.0,170.0
2026-07-21 16:14:34.168,27.12,29.87,30.18,29.5,6.62,28.85,928.2,24.0,-40.0,1.0,1.0,1.0,1.0,0.0,170.0
2026-07-21 16:14:34.367,27.12,29.87,30.18,29.5,6.62,28.85,928.2,24.0,-40.0,1.0,1.0,1.0,1.0,0.0,170.0
2026-07-21 16:14:34.568,27.12,29.87,30.18,29.5,6.62,28.85,928.1,24.3,-40.0,1.0,1.0,1.0,1.0,0.0,170.0
2026-07-21 16:14:34.768,27.06,29.81,30.18,29.5,6.56,28.85,928.1,24.3,-40.0,1.0,1.0,1.0,1.0,0.0,170.0
2026-07-21 16:14:34.969,27.06,29.81,30.18,29.5,6.56,28.84,928.2,24.3,-40.0,1.0,1.0,1.0,1.0,0.0,171.0
2026-07-21 16:14:35.168,27.06,29.81,30.18,29.5,6.56,28.84,928.2,24.3,-40.0,1.0,1.0,1.0,1.0,0.0,171.0
2026-07-21 16:14:35.367,27.06,29.81,30.18,29.5,6.56,28.84,928.2,24.3,-40.0,1.0,1.0,1.0,1.0,0.0,171.0
2026-07-21 16:14:35.568,27.06,29.81,30.18,29.5,6.56,28.85,928.2,24.6,-40.0,1.0,1.0,1.0,1.0,0.0,171.0
2026-07-21 16:14:35.768,27.06,29.81,30.18,29.5,6.56,28.85,928.2,24.6,-40.0,1.0,1.0,1.0,1.0,0.0,171.0
2026-07-21 16:14:35.968,27.06,29.81,30.18,29.5,6.56,28.85,928.2,24.9,-40.0,1.0,1.0,1.0,1.0,0.0,172.0
2026-07-21 16:14:36.168,27.06,29.81,30.18,29.5,6.56,28.85,928.2,24.9,-40.0,1.0,1.0,1.0,1.0,0.0,172.0
2026-07-21 16:14:36.368,27.06,29.81,30.18,29.5,6.56,28.85,928.2,24.9,-40.0,1.0,1.0,1.0,1.0,0.0,172.0
2026-07-21 16:14:36.569,27.06,29.81,30.18,29.5,6.56,28.85,928.2,24.5,-40.0,1.0,1.0,1.0,1.0,0.0,172.0
2026-07-21 16:14:36.768,27.06,29.81,30.25,29.5,6.5,28.85,928.2,24.5,-40.0,1.0,1.0,1.0,1.0,0.0,172.0
2026-07-21 16:14:36.967,27.06,29.81,30.25,29.5,6.5,28.85,928.2,24.2,-40.0,1.0,1.0,1.0,1.0,0.0,173.0
2026-07-21 16:14:37.168,27.06,29.81,30.25,29.5,6.5,28.85,928.2,24.2,-40.0,1.0,1.0,1.0,1.0,0.0,173.0
2026-07-21 16:14:37.367,27.06,29.81,30.25,29.5,6.5,28.85,928.2,24.2,-40.0,1.0,1.0,1.0,1.0,0.0,173.0
2026-07-21 16:14:37.568,27.06,29.81,30.25,29.5,6.5,28.84,928.1,24.6,-40.0,1.0,1.0,1.0,1.0,0.0,173.0
2026-07-21 16:14:37.767,27.06,29.81,30.18,29.5,6.43,28.84,928.1,24.6,-40.0,1.0,1.0,1.0,1.0,0.0,173.0
2026-07-21 16:14:37.967,27.06,29.81,30.18,29.5,6.43,28.84,928.1,24.4,-40.0,1.0,1.0,1.0,1.0,0.0,174.0
2026-07-21 16:14:38.168,27.06,29.81,30.18,29.5,6.43,28.84,928.1,24.4,-40.0,1.0,1.0,1.0,1.0,0.0,174.0
2026-07-21 16:14:38.367,27.06,29.81,30.18,29.5,6.43,28.84,928.1,24.4,-40.0,1.0,1.0,1.0,1.0,0.0,174.0
2026-07-21 16:14:38.568,27.06,29.81,30.18,29.5,6.43,28.86,928.2,24.2,-40.0,1.0,1.0,1.0,1.0,0.0,174.0
2026-07-21 16:14:38.768,27.0,29.75,30.18,29.5,6.43,28.86,928.2,24.2,-40.0,1.0,1.0,1.0,1.0,0.0,174.0
2026-07-21 16:14:38.968,27.0,29.75,30.18,29.5,6.43,28.84,928.1,24.4,-40.0,1.0,1.0,1.0,1.0,0.0,175.0
2026-07-21 16:14:39.167,27.0,29.75,30.18,29.5,6.43,28.84,928.1,24.4,-40.0,1.0,1.0,1.0,1.0,0.0,175.0
2026-07-21 16:14:39.368,27.0,29.75,30.18,29.5,6.43,28.84,928.1,24.4,-40.0,1.0,1.0,1.0,1.0,0.0,175.0
2026-07-21 16:14:39.569,27.0,29.75,30.18,29.5,6.43,28.85,928.2,24.4,-40.0,1.0,1.0,1.0,1.0,0.0,175.0
2026-07-21 16:14:39.768,27.0,29.81,30.18,29.5,6.37,28.85,928.2,24.4,-40.0,1.0,1.0,1.0,1.0,0.0,175.0
2026-07-21 16:14:39.968,27.0,29.81,30.18,29.5,6.37,28.84,928.2,24.1,-40.0,1.0,1.0,1.0,1.0,0.0,176.0
2026-07-21 16:14:40.167,27.0,29.81,30.18,29.5,6.37,28.84,928.2,24.1,-40.0,1.0,1.0,1.0,1.0,0.0,176.0
2026-07-21 16:14:40.367,27.0,29.81,30.18,29.5,6.37,28.84,928.2,24.1,-40.0,1.0,1.0,1.0,1.0,0.0,176.0
2026-07-21 16:14:40.568,27.0,29.81,30.18,29.5,6.37,28.85,928.1,24.1,-40.0,1.0,1.0,1.0,1.0,0.0,176.0
2026-07-21 16:14:40.767,27.0,29.81,30.18,29.5,6.31,28.85,928.1,24.1,-40.0,1.0,1.0,1.0,1.0,0.0,176.0
2026-07-21 16:14:40.968,27.0,29.81,30.18,29.5,6.31,28.85,928.1,24.5,-40.0,1.0,1.0,1.0,1.0,0.0,177.0
2026-07-21 16:14:41.168,27.0,29.81,30.18,29.5,6.31,28.85,928.1,24.5,-40.0,1.0,1.0,1.0,1.0,0.0,177.0
2026-07-21 16:14:41.367,27.0,29.81,30.18,29.5,6.31,28.85,928.1,24.5,-40.0,1.0,1.0,1.0,1.0,0.0,177.0
2026-07-21 16:14:41.568,27.0,29.81,30.18,29.5,6.31,28.85,928.2,24.4,-40.0,1.0,1.0,1.0,1.0,0.0,177.0
2026-07-21 16:14:41.767,27.0,29.81,30.18,29.5,6.31,28.85,928.2,24.4,-40.0,1.0,1.0,1.0,1.0,0.0,177.0
2026-07-21 16:14:41.968,27.0,29.81,30.18,29.5,6.31,28.84,928.1,24.4,-40.0,1.0,1.0,1.0,1.0,0.0,178.0
2026-07-21 16:14:42.167,27.0,29.81,30.18,29.5,6.31,28.84,928.1,24.4,-40.0,1.0,1.0,1.0,1.0,0.0,178.0
2026-07-21 16:14:42.368,27.0,29.81,30.18,29.5,6.31,28.84,928.1,24.4,-40.0,1.0,1.0,1.0,1.0,0.0,178.0
2026-07-21 16:14:42.568,27.0,29.81,30.18,29.5,6.31,28.84,928.2,24.6,-40.0,1.0,1.0,1.0,1.0,0.0,178.0
2026-07-21 16:14:42.768,27.0,29.75,30.18,29.5,6.25,28.84,928.2,24.6,-40.0,1.0,1.0,1.0,1.0,0.0,178.0
2026-07-21 16:14:42.968,27.0,29.75,30.18,29.5,6.25,28.84,928.2,24.2,-40.0,1.0,1.0,1.0,1.0,0.0,179.0
2026-07-21 16:14:43.167,27.0,29.75,30.18,29.5,6.25,28.84,928.2,24.2,-40.0,1.0,1.0,1.0,1.0,0.0,179.0
2026-07-21 16:14:43.367,27.0,29.75,30.18,29.5,6.25,28.84,928.2,24.2,-40.0,1.0,1.0,1.0,1.0,0.0,179.0
2026-07-21 16:14:43.567,27.0,29.75,30.18,29.5,6.25,28.84,928.1,24.4,-40.0,1.0,1.0,1.0,1.0,0.0,179.0
2026-07-21 16:14:43.767,26.93,29.75,30.18,29.5,6.18,28.84,928.1,24.4,-40.0,1.0,1.0,1.0,1.0,0.0,179.0
2026-07-21 16:14:43.967,26.93,29.75,30.18,29.5,6.18,28.84,928.2,24.3,-40.0,1.0,1.0,1.0,1.0,0.0,180.0
2026-07-21 16:14:44.168,26.93,29.75,30.18,29.5,6.18,28.84,928.2,24.3,-40.0,1.0,1.0,1.0,1.0,0.0,180.0
2026-07-21 16:14:44.367,26.93,29.75,30.18,29.5,6.18,28.84,928.2,24.3,-40.0,1.0,1.0,1.0,1.0,0.0,180.0
2026-07-21 16:14:44.568,26.93,29.75,30.18,29.5,6.18,28.84,928.2,24.5,-40.0,1.0,1.0,1.0,1.0,0.0,180.0
2026-07-21 16:14:44.768,26.93,29.81,30.18,29.5,6.18,28.84,928.2,24.5,-40.0,1.0,1.0,1.0,1.0,0.0,180.0
2026-07-21 16:14:44.968,26.93,29.81,30.18,29.5,6.18,28.85,928.1,24.0,-40.0,1.0,1.0,1.0,1.0,0.0,181.0
2026-07-21 16:14:45.167,26.93,29.81,30.18,29.5,6.18,28.85,928.1,24.0,-40.0,1.0,1.0,1.0,1.0,0.0,181.0
2026-07-21 16:14:45.367,26.93,29.81,30.18,29.5,6.18,28.85,928.1,24.0,-40.0,1.0,1.0,1.0,1.0,0.0,181.0
2026-07-21 16:14:45.568,26.93,29.81,30.18,29.5,6.18,28.84,928.1,24.6,-40.0,1.0,1.0,1.0,1.0,0.0,181.0
2026-07-21 16:14:45.768,26.87,29.75,30.18,29.5,6.18,28.84,928.1,24.6,-40.0,1.0,1.0,1.0,1.0,0.0,181.0
2026-07-21 16:14:45.968,26.87,29.75,30.18,29.5,6.18,28.82,928.2,24.4,-40.0,1.0,1.0,1.0,1.0,0.0,182.0
2026-07-21 16:14:46.167,26.87,29.75,30.18,29.5,6.18,28.82,928.2,24.4,-40.0,1.0,1.0,1.0,1.0,0.0,182.0
2026-07-21 16:14:46.368,26.87,29.75,30.18,29.5,6.18,28.82,928.2,24.4,-40.0,1.0,1.0,1.0,1.0,0.0,182.0
2026-07-21 16:14:46.568,26.87,29.75,30.18,29.5,6.18,28.84,928.1,24.5,-40.0,1.0,1.0,1.0,1.0,0.0,182.0
2026-07-21 16:14:46.768,26.87,29.75,30.18,29.5,6.12,28.84,928.1,24.5,-40.0,1.0,1.0,1.0,1.0,0.0,182.0
2026-07-21 16:14:46.968,26.87,29.75,30.18,29.5,6.12,28.82,928.1,24.5,-40.0,1.0,1.0,1.0,1.0,0.0,183.0
2026-07-21 16:14:47.168,26.87,29.75,30.18,29.5,6.12,28.82,928.1,24.5,-40.0,1.0,1.0,1.0,1.0,0.0,183.0
2026-07-21 16:14:47.368,26.87,29.75,30.18,29.5,6.12,28.82,928.1,24.5,-40.0,1.0,1.0,1.0,1.0,0.0,183.0
2026-07-21 16:14:47.604,26.87,29.75,30.18,29.5,6.12,28.84,928.1,24.1,-40.0,1.0,1.0,1.0,1.0,0.0,183.0
2026-07-21 16:14:47.768,26.87,29.75,30.18,29.5,6.06,28.84,928.1,24.1,-40.0,1.0,1.0,1.0,1.0,0.0,183.0
2026-07-21 16:14:47.968,26.87,29.75,30.18,29.5,6.06,28.84,928.1,24.6,-40.0,1.0,1.0,1.0,1.0,0.0,184.0
2026-07-21 16:14:48.168,26.87,29.75,30.18,29.5,6.06,28.84,928.1,24.6,-40.0,1.0,1.0,1.0,1.0,0.0,184.0
2026-07-21 16:14:48.367,26.87,29.75,30.18,29.5,6.06,28.84,928.1,24.6,-40.0,1.0,1.0,1.0,1.0,0.0,184.0
2026-07-21 16:14:48.568,26.87,29.75,30.18,29.5,6.06,28.85,928.2,24.6,-40.0,1.0,1.0,1.0,1.0,0.0,184.0
2026-07-21 16:14:48.767,26.87,29.75,30.18,29.5,6.06,28.85,928.2,24.6,-40.0,1.0,1.0,1.0,1.0,0.0,184.0
2026-07-21 16:14:48.968,26.87,29.75,30.18,29.5,6.06,28.84,928.2,24.4,-40.0,1.0,1.0,1.0,1.0,0.0,185.0
2026-07-21 16:14:49.168,26.87,29.75,30.18,29.5,6.06,28.84,928.2,24.4,-40.0,1.0,1.0,1.0,1.0,0.0,185.0
2026-07-21 16:14:49.368,26.87,29.75,30.18,29.5,6.06,28.84,928.2,24.4,-40.0,1.0,1.0,1.0,1.0,0.0,185.0
2026-07-21 16:14:49.599,26.87,29.75,30.18,29.5,6.06,28.84,928.1,24.4,-40.0,1.0,1.0,1.0,1.0,0.0,185.0
2026-07-21 16:14:49.768,26.81,29.68,30.12,29.5,6.0,28.84,928.1,24.4,-40.0,1.0,1.0,1.0,1.0,0.0,185.0
2026-07-21 16:14:49.968,26.81,29.68,30.12,29.5,6.0,28.82,928.1,24.4,-40.0,1.0,1.0,1.0,1.0,0.0,186.0
2026-07-21 16:14:50.174,26.81,29.68,30.12,29.5,6.0,28.82,928.1,24.4,-40.0,1.0,1.0,1.0,1.0,0.0,186.0
2026-07-21 16:14:50.368,26.81,29.68,30.12,29.5,6.0,28.82,928.1,24.4,-40.0,1.0,1.0,1.0,1.0,0.0,186.0
2026-07-21 16:14:50.568,26.81,29.68,30.12,29.5,6.0,28.82,928.1,24.6,-40.0,1.0,1.0,1.0,1.0,0.0,186.0
2026-07-21 16:14:50.786,26.81,29.68,30.18,29.56,5.93,28.82,928.1,24.6,-40.0,1.0,1.0,1.0,1.0,0.0,186.0
2026-07-21 16:14:50.968,26.81,29.68,30.18,29.56,5.93,28.82,928.1,24.5,-40.0,1.0,1.0,1.0,1.0,0.0,187.0
2026-07-21 16:14:51.167,26.81,29.68,30.18,29.56,5.93,28.82,928.1,24.5,-40.0,1.0,1.0,1.0,1.0,0.0,187.0
2026-07-21 16:14:51.367,26.81,29.68,30.18,29.56,5.93,28.82,928.1,24.5,-40.0,1.0,1.0,1.0,1.0,0.0,187.0
2026-07-21 16:14:51.568,26.81,29.68,30.18,29.56,5.93,28.82,928.2,24.6,-40.0,1.0,1.0,1.0,1.0,0.0,187.0
2026-07-21 16:14:51.767,26.81,29.68,30.18,29.56,5.93,28.82,928.2,24.6,-40.0,1.0,1.0,1.0,1.0,0.0,187.0
2026-07-21 16:14:51.967,26.81,29.68,30.18,29.56,5.93,28.81,928.2,24.3,-40.0,1.0,1.0,1.0,1.0,0.0,188.0
2026-07-21 16:14:52.168,26.81,29.68,30.18,29.56,5.93,28.81,928.2,24.3,-40.0,1.0,1.0,1.0,1.0,0.0,188.0
2026-07-21 16:14:52.367,26.81,29.68,30.18,29.56,5.93,28.81,928.2,24.3,-40.0,1.0,1.0,1.0,1.0,0.0,188.0
2026-07-21 16:14:52.568,26.81,29.68,30.18,29.56,5.93,28.82,928.2,24.5,-40.0,1.0,1.0,1.0,1.0,0.0,188.0
2026-07-21 16:14:52.767,26.81,29.68,30.18,29.5,5.87,28.82,928.2,24.5,-40.0,1.0,1.0,1.0,1.0,0.0,188.0
2026-07-21 16:14:52.968,26.81,29.68,30.18,29.5,5.87,28.82,928.1,24.2,-40.0,1.0,1.0,1.0,1.0,0.0,189.0
2026-07-21 16:14:53.168,26.81,29.68,30.18,29.5,5.87,28.82,928.1,24.2,-40.0,1.0,1.0,1.0,1.0,0.0,189.0
2026-07-21 16:14:53.368,26.81,29.68,30.18,29.5,5.87,28.82,928.1,24.2,-40.0,1.0,1.0,1.0,1.0,0.0,189.0
2026-07-21 16:14:53.568,26.81,29.68,30.18,29.5,5.87,28.82,928.2,24.2,-40.0,1.0,1.0,1.0,1.0,0.0,189.0
2026-07-21 16:14:53.767,26.75,29.68,30.18,29.5,5.87,28.82,928.2,24.2,-40.0,1.0,1.0,1.0,1.0,0.0,189.0
2026-07-21 16:14:53.968,26.75,29.68,30.18,29.5,5.87,28.81,928.2,24.4,-40.0,1.0,1.0,1.0,1.0,0.0,190.0
2026-07-21 16:14:54.168,26.75,29.68,30.18,29.5,5.87,28.81,928.2,24.4,-40.0,1.0,1.0,1.0,1.0,0.0,190.0
2026-07-21 16:14:54.367,26.75,29.68,30.18,29.5,5.87,28.81,928.2,24.4,-40.0,1.0,1.0,1.0,1.0,0.0,190.0
2026-07-21 16:14:54.568,26.75,29.68,30.18,29.5,5.87,28.82,928.2,24.5,-40.0,1.0,1.0,1.0,1.0,0.0,190.0
2026-07-21 16:14:54.768,26.75,29.68,30.18,29.5,5.87,28.82,928.2,24.5,-40.0,1.0,1.0,1.0,1.0,0.0,190.0
2026-07-21 16:14:54.968,26.75,29.68,30.18,29.5,5.87,28.81,928.2,24.7,-40.0,1.0,1.0,1.0,1.0,0.0,191.0
2026-07-21 16:14:55.167,26.75,29.68,30.18,29.5,5.87,28.81,928.2,24.7,-40.0,1.0,1.0,1.0,1.0,0.0,191.0
2026-07-21 16:14:55.367,26.75,29.68,30.18,29.5,5.87,28.81,928.2,24.7,-40.0,1.0,1.0,1.0,1.0,0.0,191.0
2026-07-21 16:14:55.584,26.75,29.68,30.18,29.5,5.87,28.84,928.2,24.3,-40.0,1.0,1.0,1.0,1.0,0.0,191.0
2026-07-21 16:14:55.767,26.68,29.68,30.18,29.5,5.81,28.84,928.2,24.3,-40.0,1.0,1.0,1.0,1.0,0.0,191.0
2026-07-21 16:14:55.967,26.68,29.68,30.18,29.5,5.81,28.81,928.2,24.4,-40.0,1.0,1.0,1.0,1.0,0.0,192.0
2026-07-21 16:14:56.167,26.68,29.68,30.18,29.5,5.81,28.81,928.2,24.4,-40.0,1.0,1.0,1.0,1.0,0.0,192.0
2026-07-21 16:14:56.367,26.68,29.68,30.18,29.5,5.81,28.81,928.2,24.4,-40.0,1.0,1.0,1.0,1.0,0.0,192.0
2026-07-21 16:14:56.568,26.68,29.68,30.18,29.5,5.81,28.81,928.2,24.6,-40.0,1.0,1.0,1.0,1.0,0.0,192.0
2026-07-21 16:14:56.767,26.68,29.68,30.18,29.5,5.75,28.81,928.2,24.6,-40.0,1.0,1.0,1.0,1.0,0.0,192.0
2026-07-21 16:14:56.967,26.68,29.68,30.18,29.5,5.75,28.82,928.1,24.5,-40.0,1.0,1.0,1.0,1.0,0.0,193.0
2026-07-21 16:14:57.172,26.68,29.68,30.18,29.5,5.75,28.82,928.1,24.5,-40.0,1.0,1.0,1.0,1.0,0.0,193.0
2026-07-21 16:14:57.367,26.68,29.68,30.18,29.5,5.75,28.82,928.1,24.5,-40.0,1.0,1.0,1.0,1.0,0.0,193.0
2026-07-21 16:14:57.568,26.68,29.68,30.18,29.5,5.75,28.82,928.2,24.5,-40.0,1.0,1.0,1.0,1.0,0.0,193.0
2026-07-21 16:14:57.767,26.68,29.68,30.18,29.5,5.75,28.82,928.2,24.5,-40.0,1.0,1.0,1.0,1.0,0.0,193.0
2026-07-21 16:14:57.967,26.68,29.68,30.18,29.5,5.75,28.81,928.2,24.2,-40.0,1.0,1.0,1.0,1.0,0.0,194.0
2026-07-21 16:14:58.167,26.68,29.68,30.18,29.5,5.75,28.81,928.2,24.2,-40.0,1.0,1.0,1.0,1.0,0.0,194.0
2026-07-21 16:14:58.367,26.68,29.68,30.18,29.5,5.75,28.81,928.2,24.2,-40.0,1.0,1.0,1.0,1.0,0.0,194.0
2026-07-21 16:14:58.567,26.68,29.68,30.18,29.5,5.75,28.82,928.2,24.3,-40.0,1.0,1.0,1.0,1.0,0.0,194.0
2026-07-21 16:14:58.767,26.62,29.68,30.18,29.5,5.68,28.82,928.2,24.3,-40.0,1.0,1.0,1.0,1.0,0.0,194.0
2026-07-21 16:14:58.968,26.62,29.68,30.18,29.5,5.68,28.82,928.1,24.1,-40.0,1.0,1.0,1.0,1.0,0.0,195.0
2026-07-21 16:14:59.167,26.62,29.68,30.18,29.5,5.68,28.82,928.1,24.1,-40.0,1.0,1.0,1.0,1.0,0.0,195.0
2026-07-21 16:14:59.397,26.62,29.68,30.18,29.5,5.68,28.82,928.1,24.1,-40.0,1.0,1.0,1.0,1.0,0.0,195.0
2026-07-21 16:14:59.568,26.62,29.68,30.18,29.5,5.68,28.81,928.1,24.3,-40.0,1.0,1.0,1.0,1.0,0.0,195.0
2026-07-21 16:14:59.767,26.62,29.68,30.18,29.5,5.68,28.81,928.1,24.3,-40.0,1.0,1.0,1.0,1.0,0.0,195.0
2026-07-21 16:14:59.997,26.62,29.68,30.18,29.5,5.68,28.81,928.1,24.7,-40.0,1.0,1.0,1.0,1.0,0.0,196.0
2026-07-21 16:15:00.168,26.62,29.68,30.18,29.5,5.68,28.81,928.1,24.7,-40.0,1.0,1.0,1.0,1.0,0.0,196.0
2026-07-21 16:15:00.367,26.62,29.68,30.18,29.5,5.68,28.81,928.1,24.7,-40.0,1.0,1.0,1.0,1.0,0.0,196.0
2026-07-21 16:15:00.567,26.62,29.68,30.18,29.5,5.68,28.81,928.2,24.7,-40.0,1.0,1.0,1.0,1.0,0.0,196.0
2026-07-21 16:15:00.767,26.56,29.68,30.18,29.5,5.68,28.81,928.2,24.7,-40.0,1.0,1.0,1.0,1.0,0.0,196.0
2026-07-21 16:15:00.968,26.56,29.68,30.18,29.5,5.68,28.81,928.2,24.6,-40.0,1.0,1.0,1.0,1.0,0.0,197.0
2026-07-21 16:15:01.168,26.56,29.68,30.18,29.5,5.68,28.81,928.2,24.6,-40.0,1.0,1.0,1.0,1.0,0.0,197.0
2026-07-21 16:15:01.367,26.56,29.68,30.18,29.5,5.68,28.81,928.2,24.6,-40.0,1.0,1.0,1.0,1.0,0.0,197.0
2026-07-21 16:15:01.567,26.56,29.68,30.18,29.5,5.68,28.81,928.1,24.3,-40.0,1.0,1.0,1.0,1.0,0.0,197.0
2026-07-21 16:15:01.767,26.56,29.62,30.18,29.5,5.62,28.81,928.1,24.3,-40.0,1.0,1.0,1.0,1.0,0.0,197.0
2026-07-21 16:15:01.968,26.56,29.62,30.18,29.5,5.62,28.81,928.1,24.4,-40.0,1.0,1.0,1.0,1.0,0.0,198.0
2026-07-21 16:15:02.167,26.56,29.62,30.18,29.5,5.62,28.81,928.1,24.4,-40.0,1.0,1.0,1.0,1.0,0.0,198.0
2026-07-21 16:15:02.367,26.56,29.62,30.18,29.5,5.62,28.81,928.1,24.4,-40.0,1.0,1.0,1.0,1.0,0.0,198.0
2026-07-21 16:15:02.568,26.56,29.62,30.18,29.5,5.62,28.81,928.1,24.6,-40.0,1.0,1.0,1.0,1.0,0.0,198.0
2026-07-21 16:15:02.768,26.5,29.62,30.12,29.5,5.62,28.81,928.1,24.6,-40.0,1.0,1.0,1.0,1.0,0.0,198.0
2026-07-21 16:15:02.968,26.5,29.62,30.12,29.5,5.62,28.82,928.1,24.2,-40.0,1.0,1.0,1.0,1.0,0.0,199.0
2026-07-21 16:15:03.168,26.5,29.62,30.12,29.5,5.62,28.82,928.1,24.2,-40.0,1.0,1.0,1.0,1.0,0.0,199.0
2026-07-21 16:15:03.367,26.5,29.62,30.12,29.5,5.62,28.82,928.1,24.2,-40.0,1.0,1.0,1.0,1.0,0.0,199.0
2026-07-21 16:15:03.567,26.5,29.62,30.12,29.5,5.62,28.8,928.1,24.4,-40.0,1.0,1.0,1.0,1.0,0.0,199.0
2026-07-21 16:15:03.767,26.5,29.62,30.12,29.5,5.56,28.8,928.1,24.4,-40.0,1.0,1.0,1.0,1.0,0.0,199.0
2026-07-21 16:15:03.968,26.5,29.62,30.12,29.5,5.56,28.81,928.1,24.2,-40.0,1.0,1.0,1.0,1.0,0.0,200.0
2026-07-21 16:15:04.168,26.5,29.62,30.12,29.5,5.56,28.81,928.1,24.2,-40.0,1.0,1.0,1.0,1.0,0.0,200.0
2026-07-21 16:15:04.367,26.5,29.62,30.12,29.5,5.56,28.81,928.1,24.2,-40.0,1.0,1.0,1.0,1.0,0.0,200.0
2026-07-21 16:15:04.568,26.5,29.62,30.12,29.5,5.56,28.81,928.1,24.3,-40.0,1.0,1.0,1.0,1.0,0.0,200.0
2026-07-21 16:15:04.768,26.5,29.62,30.18,29.5,5.56,28.81,928.1,24.3,-40.0,1.0,1.0,1.0,1.0,0.0,200.0
2026-07-21 16:15:04.967,26.5,29.62,30.18,29.5,5.56,28.81,928.1,24.1,-40.0,1.0,1.0,1.0,1.0,0.0,201.0
2026-07-21 16:15:05.168,26.5,29.62,30.18,29.5,5.56,28.81,928.1,24.1,-40.0,1.0,1.0,1.0,1.0,0.0,201.0
2026-07-21 16:15:05.367,26.5,29.62,30.18,29.5,5.56,28.81,928.1,24.1,-40.0,1.0,1.0,1.0,1.0,0.0,201.0
2026-07-21 16:15:05.568,26.5,29.62,30.18,29.5,5.56,28.81,928.2,24.3,-40.0,1.0,1.0,1.0,1.0,0.0,201.0
2026-07-21 16:15:05.767,26.43,29.62,30.12,29.5,5.5,28.81,928.2,24.3,-40.0,1.0,1.0,1.0,1.0,0.0,201.0
2026-07-21 16:15:05.967,26.43,29.62,30.12,29.5,5.5,28.81,928.2,24.5,-40.0,1.0,1.0,1.0,1.0,0.0,202.0
2026-07-21 16:15:06.203,26.43,29.62,30.12,29.5,5.5,28.81,928.2,24.5,-40.0,1.0,1.0,1.0,1.0,0.0,202.0
2026-07-21 16:15:06.367,26.43,29.62,30.12,29.5,5.5,28.81,928.2,24.5,-40.0,1.0,1.0,1.0,1.0,0.0,202.0
2026-07-21 16:15:06.568,26.43,29.62,30.12,29.5,5.5,28.81,928.2,24.5,-40.0,1.0,1.0,1.0,1.0,0.0,202.0
2026-07-21 16:15:06.789,26.43,29.62,30.18,29.5,5.5,28.81,928.2,24.5,-40.0,1.0,1.0,1.0,1.0,0.0,202.0
2026-07-21 16:15:06.968,26.43,29.62,30.18,29.5,5.5,28.81,928.2,24.3,-40.0,1.0,1.0,1.0,1.0,0.0,203.0
2026-07-21 16:15:07.167,26.43,29.62,30.18,29.5,5.5,28.81,928.2,24.3,-40.0,1.0,1.0,1.0,1.0,0.0,203.0
2026-07-21 16:15:07.367,26.43,29.62,30.18,29.5,5.5,28.81,928.2,24.3,-40.0,1.0,1.0,1.0,1.0,0.0,203.0
2026-07-21 16:15:07.567,26.43,29.62,30.18,29.5,5.5,28.8,928.2,24.5,-40.0,1.0,1.0,1.0,1.0,0.0,203.0
2026-07-21 16:15:07.767,26.37,29.62,30.12,29.5,5.43,28.8,928.2,24.5,-40.0,1.0,1.0,1.0,1.0,0.0,203.0
2026-07-21 16:15:07.967,26.37,29.62,30.12,29.5,5.43,28.82,928.1,24.5,-40.0,1.0,1.0,1.0,1.0,0.0,204.0
2026-07-21 16:15:08.167,26.37,29.62,30.12,29.5,5.43,28.82,928.1,24.5,-40.0,1.0,1.0,1.0,1.0,0.0,204.0
2026-07-21 16:15:08.384,26.37,29.62,30.12,29.5,5.43,28.82,928.1,24.5,-40.0,1.0,1.0,1.0,1.0,0.0,204.0
2026-07-21 16:15:08.567,26.37,29.62,30.12,29.5,5.43,28.81,928.2,24.6,-40.0,1.0,1.0,1.0,1.0,0.0,204.0
2026-07-21 16:15:08.792,26.37,29.62,30.18,29.5,5.43,28.81,928.2,24.6,-40.0,1.0,1.0,1.0,1.0,0.0,204.0
2026-07-21 16:15:08.968,26.37,29.62,30.18,29.5,5.43,28.8,928.1,24.2,-40.0,1.0,1.0,1.0,1.0,0.0,205.0
2026-07-21 16:15:09.167,26.37,29.62,30.18,29.5,5.43,28.8,928.1,24.2,-40.0,1.0,1.0,1.0,1.0,0.0,205.0
2026-07-21 16:15:09.390,26.37,29.62,30.18,29.5,5.43,28.8,928.1,24.2,-40.0,1.0,1.0,1.0,1.0,0.0,205.0
2026-07-21 16:15:09.568,26.37,29.62,30.18,29.5,5.43,28.81,928.2,24.1,-40.0,1.0,1.0,1.0,1.0,0.0,205.0
2026-07-21 16:15:09.767,26.31,29.62,30.18,29.5,5.43,28.81,928.2,24.1,-40.0,1.0,1.0,1.0,1.0,0.0,205.0
2026-07-21 16:15:09.987,26.31,29.62,30.18,29.5,5.43,28.81,928.2,24.4,-40.0,1.0,1.0,1.0,1.0,0.0,206.0
2026-07-21 16:15:10.167,26.31,29.62,30.18,29.5,5.43,28.81,928.2,24.4,-40.0,1.0,1.0,1.0,1.0,0.0,206.0
2026-07-21 16:15:10.368,26.31,29.62,30.18,29.5,5.43,28.81,928.2,24.4,-40.0,1.0,1.0,1.0,1.0,0.0,206.0
2026-07-21 16:15:10.568,26.31,29.62,30.18,29.5,5.43,28.8,928.1,24.1,-40.0,1.0,1.0,1.0,1.0,0.0,206.0
2026-07-21 16:15:10.767,26.31,29.62,30.18,29.5,5.37,28.8,928.1,24.1,-40.0,1.0,1.0,1.0,1.0,0.0,206.0
2026-07-21 16:15:10.998,26.31,29.62,30.18,29.5,5.37,28.81,928.1,24.2,-40.0,1.0,1.0,1.0,1.0,0.0,207.0
2026-07-21 16:15:11.167,26.31,29.62,30.18,29.5,5.37,28.81,928.1,24.2,-40.0,1.0,1.0,1.0,1.0,0.0,207.0
2026-07-21 16:15:11.367,26.31,29.62,30.18,29.5,5.37,28.81,928.1,24.2,-40.0,1.0,1.0,1.0,1.0,0.0,207.0
2026-07-21 16:15:11.567,26.31,29.62,30.18,29.5,5.37,28.8,928.1,24.1,-40.0,1.0,1.0,1.0,1.0,0.0,207.0
2026-07-21 16:15:11.768,26.31,29.56,30.12,29.5,5.37,28.8,928.1,24.1,-40.0,1.0,1.0,1.0,1.0,0.0,207.0
2026-07-21 16:15:11.993,26.31,29.56,30.12,29.5,5.37,28.8,928.1,24.2,-40.0,1.0,1.0,1.0,1.0,0.0,208.0
2026-07-21 16:15:12.168,26.31,29.56,30.12,29.5,5.37,28.8,928.1,24.2,-40.0,1.0,1.0,1.0,1.0,0.0,208.0
2026-07-21 16:15:12.367,26.31,29.56,30.12,29.5,5.37,28.8,928.1,24.2,-40.0,1.0,1.0,1.0,1.0,0.0,208.0
2026-07-21 16:15:12.577,26.31,29.56,30.12,29.5,5.37,28.8,928.1,24.5,-40.0,1.0,1.0,1.0,1.0,0.0,208.0
2026-07-21 16:15:12.767,26.25,29.62,30.18,29.5,5.31,28.8,928.1,24.5,-40.0,1.0,1.0,1.0,1.0,0.0,208.0
2026-07-21 16:15:12.967,26.25,29.62,30.18,29.5,5.31,28.8,928.1,24.4,-40.0,1.0,1.0,1.0,1.0,0.0,209.0
2026-07-21 16:15:13.167,26.25,29.62,30.18,29.5,5.31,28.8,928.1,24.4,-40.0,1.0,1.0,1.0,1.0,0.0,209.0
2026-07-21 16:15:13.367,26.25,29.62,30.18,29.5,5.31,28.8,928.1,24.4,-40.0,1.0,1.0,1.0,1.0,0.0,209.0
2026-07-21 16:15:13.567,26.25,29.62,30.18,29.5,5.31,28.81,928.1,24.1,-40.0,1.0,1.0,1.0,1.0,0.0,209.0
2026-07-21 16:15:13.767,26.25,29.56,30.18,29.5,5.31,28.81,928.1,24.1,-40.0,1.0,1.0,1.0,1.0,0.0,209.0
2026-07-21 16:15:13.967,26.25,29.56,30.18,29.5,5.31,28.8,928.2,24.3,-40.0,1.0,1.0,1.0,1.0,0.0,210.0
2026-07-21 16:15:14.167,26.25,29.56,30.18,29.5,5.31,28.8,928.2,24.3,-40.0,1.0,1.0,1.0,1.0,0.0,210.0
2026-07-21 16:15:14.367,26.25,29.56,30.18,29.5,5.31,28.8,928.2,24.3,-40.0,1.0,1.0,1.0,1.0,0.0,210.0
2026-07-21 16:15:14.567,26.25,29.56,30.18,29.5,5.31,28.81,928.1,24.5,-40.0,1.0,1.0,1.0,1.0,0.0,210.0
2026-07-21 16:15:14.767,26.25,29.56,30.12,29.5,5.25,28.81,928.1,24.5,-40.0,1.0,1.0,1.0,1.0,0.0,210.0
2026-07-21 16:15:14.967,26.25,29.56,30.12,29.5,5.25,28.81,928.2,24.6,-40.0,1.0,1.0,1.0,1.0,0.0,211.0
2026-07-21 16:15:15.167,26.25,29.56,30.12,29.5,5.25,28.81,928.2,24.6,-40.0,1.0,1.0,1.0,1.0,0.0,211.0
2026-07-21 16:15:15.366,26.25,29.56,30.12,29.5,5.25,28.81,928.2,24.6,-40.0,1.0,1.0,1.0,1.0,0.0,211.0
2026-07-21 16:15:15.567,26.25,29.56,30.12,29.5,5.25,28.81,928.1,24.2,-40.0,1.0,1.0,1.0,1.0,0.0,211.0
2026-07-21 16:15:15.772,26.18,29.56,30.18,29.5,5.25,28.81,928.1,24.2,-40.0,1.0,1.0,1.0,1.0,0.0,211.0
2026-07-21 16:15:15.967,26.18,29.56,30.18,29.5,5.25,28.8,928.1,24.5,-40.0,1.0,1.0,1.0,1.0,0.0,212.0
2026-07-21 16:15:16.167,26.18,29.56,30.18,29.5,5.25,28.8,928.1,24.5,-40.0,1.0,1.0,1.0,1.0,0.0,212.0
2026-07-21 16:15:16.366,26.18,29.56,30.18,29.5,5.25,28.8,928.1,24.5,-40.0,1.0,1.0,1.0,1.0,0.0,212.0
2026-07-21 16:15:16.568,26.18,29.56,30.18,29.5,5.25,28.81,928.2,24.2,-40.0,1.0,1.0,1.0,1.0,0.0,212.0
2026-07-21 16:15:16.767,26.18,29.56,30.12,29.5,5.18,28.81,928.2,24.2,-40.0,1.0,1.0,1.0,1.0,0.0,212.0
2026-07-21 16:15:16.967,26.18,29.56,30.12,29.5,5.18,28.8,928.1,24.3,-40.0,1.0,1.0,1.0,1.0,0.0,213.0
2026-07-21 16:15:17.167,26.18,29.56,30.12,29.5,5.18,28.8,928.1,24.3,-40.0,1.0,1.0,1.0,1.0,0.0,213.0
2026-07-21 16:15:17.367,26.18,29.56,30.12,29.5,5.18,28.8,928.1,24.3,-40.0,1.0,1.0,1.0,1.0,0.0,213.0
2026-07-21 16:15:17.567,26.18,29.56,30.12,29.5,5.18,28.81,928.1,24.3,-40.0,1.0,1.0,1.0,1.0,0.0,213.0
2026-07-21 16:15:17.767,26.18,29.56,30.18,29.5,5.25,28.81,928.1,24.3,-40.0,1.0,1.0,1.0,1.0,0.0,213.0
2026-07-21 16:15:17.968,26.18,29.56,30.18,29.5,5.25,28.8,928.2,24.5,-40.0,1.0,1.0,1.0,1.0,0.0,214.0
2026-07-21 16:15:18.167,26.18,29.56,30.18,29.5,5.25,28.8,928.2,24.5,-40.0,1.0,1.0,1.0,1.0,0.0,214.0
2026-07-21 16:15:18.367,26.18,29.56,30.18,29.5,5.25,28.8,928.2,24.5,-40.0,1.0,1.0,1.0,1.0,0.0,214.0
2026-07-21 16:15:18.567,26.18,29.56,30.18,29.5,5.25,28.8,928.1,24.4,-40.0,1.0,1.0,1.0,1.0,0.0,214.0
2026-07-21 16:15:18.767,26.12,29.56,30.12,29.5,5.18,28.8,928.1,24.4,-40.0,1.0,1.0,1.0,1.0,0.0,214.0
2026-07-21 16:15:18.967,26.12,29.56,30.12,29.5,5.18,28.8,928.1,24.5,-40.0,1.0,1.0,1.0,1.0,0.0,215.0
2026-07-21 16:15:19.167,26.12,29.56,30.12,29.5,5.18,28.8,928.1,24.5,-40.0,1.0,1.0,1.0,1.0,0.0,215.0
2026-07-21 16:15:19.367,26.12,29.56,30.12,29.5,5.18,28.8,928.1,24.5,-40.0,1.0,1.0,1.0,1.0,0.0,215.0
2026-07-21 16:15:19.567,26.12,29.56,30.12,29.5,5.18,28.79,928.1,24.5,-40.0,1.0,1.0,1.0,1.0,0.0,215.0
2026-07-21 16:15:19.767,26.18,29.56,30.12,29.5,5.18,28.79,928.1,24.5,-40.0,1.0,1.0,1.0,1.0,0.0,215.0
2026-07-21 16:15:19.967,26.18,29.56,30.12,29.5,5.18,28.8,928.1,24.0,-40.0,1.0,1.0,1.0,1.0,0.0,216.0
2026-07-21 16:15:20.166,26.18,29.56,30.12,29.5,5.18,28.8,928.1,24.0,-40.0,1.0,1.0,1.0,1.0,0.0,216.0
2026-07-21 16:15:20.368,26.18,29.56,30.12,29.5,5.18,28.8,928.1,24.0,-40.0,1.0,1.0,1.0,1.0,0.0,216.0
2026-07-21 16:15:20.588,26.18,29.56,30.12,29.5,5.18,28.8,928.2,24.7,-40.0,1.0,1.0,1.0,1.0,0.0,216.0
2026-07-21 16:15:20.767,26.12,29.5,30.18,29.56,5.12,28.8,928.2,24.7,-40.0,1.0,1.0,1.0,1.0,0.0,216.0
2026-07-21 16:15:20.967,26.12,29.5,30.18,29.56,5.12,28.8,928.1,24.2,-40.0,1.0,1.0,1.0,1.0,0.0,217.0
2026-07-21 16:15:21.167,26.12,29.5,30.18,29.56,5.12,28.8,928.1,24.2,-40.0,1.0,1.0,1.0,1.0,0.0,217.0
2026-07-21 16:15:21.366,26.12,29.5,30.18,29.56,5.12,28.8,928.1,24.2,-40.0,1.0,1.0,1.0,1.0,0.0,217.0
2026-07-21 16:15:21.566,26.12,29.5,30.18,29.56,5.12,28.8,928.1,24.0,-40.0,1.0,1.0,1.0,1.0,0.0,217.0
2026-07-21 16:15:21.767,26.12,29.56,30.18,29.56,5.12,28.8,928.1,24.0,-40.0,1.0,1.0,1.0,1.0,0.0,217.0
2026-07-21 16:15:21.967,26.12,29.56,30.18,29.56,5.12,28.8,928.2,24.4,-40.0,1.0,1.0,1.0,1.0,0.0,218.0
2026-07-21 16:15:22.168,26.12,29.56,30.18,29.56,5.12,28.8,928.2,24.4,-40.0,1.0,1.0,1.0,1.0,0.0,218.0
2026-07-21 16:15:22.367,26.12,29.56,30.18,29.56,5.12,28.8,928.2,24.4,-40.0,1.0,1.0,1.0,1.0,0.0,218.0
2026-07-21 16:15:22.567,26.12,29.56,30.18,29.56,5.12,28.8,928.2,24.6,-40.0,1.0,1.0,1.0,1.0,0.0,218.0
2026-07-21 16:15:22.791,26.12,29.5,30.18,29.56,5.12,28.8,928.2,24.6,-40.0,1.0,1.0,1.0,1.0,0.0,218.0
2026-07-21 16:15:22.967,26.12,29.5,30.18,29.56,5.12,28.8,928.2,24.2,-40.0,1.0,1.0,1.0,1.0,0.0,219.0
2026-07-21 16:15:23.167,26.12,29.5,30.18,29.56,5.12,28.8,928.2,24.2,-40.0,1.0,1.0,1.0,1.0,0.0,219.0
2026-07-21 16:15:23.381,26.12,29.5,30.18,29.56,5.12,28.8,928.2,24.2,-40.0,1.0,1.0,1.0,1.0,0.0,219.0
2026-07-21 16:15:23.568,26.12,29.5,30.18,29.56,5.12,28.8,928.1,24.3,-40.0,1.0,1.0,1.0,1.0,0.0,219.0
2026-07-21 16:15:23.767,26.12,29.56,30.18,29.5,5.06,28.8,928.1,24.3,-40.0,1.0,1.0,1.0,1.0,0.0,219.0
2026-07-21 16:15:23.998,26.12,29.56,30.18,29.5,5.06,28.81,928.2,24.1,-40.0,1.0,1.0,1.0,1.0,0.0,220.0
2026-07-21 16:15:24.167,26.12,29.56,30.18,29.5,5.06,28.81,928.2,24.1,-40.0,1.0,1.0,1.0,1.0,0.0,220.0
2026-07-21 16:15:24.367,26.12,29.56,30.18,29.5,5.06,28.81,928.2,24.1,-40.0,1.0,1.0,1.0,1.0,0.0,220.0
2026-07-21 16:15:24.591,26.12,29.56,30.18,29.5,5.06,28.8,928.1,24.5,-40.0,1.0,1.0,1.0,1.0,0.0,220.0
2026-07-21 16:15:24.767,26.06,29.56,30.18,29.5,5.06,28.8,928.1,24.5,-40.0,1.0,1.0,1.0,1.0,0.0,220.0
2026-07-21 16:15:24.966,26.06,29.56,30.18,29.5,5.06,28.8,928.2,24.3,-40.0,1.0,1.0,1.0,1.0,0.0,221.0
2026-07-21 16:15:25.167,26.06,29.56,30.18,29.5,5.06,28.8,928.2,24.3,-40.0,1.0,1.0,1.0,1.0,0.0,221.0
2026-07-21 16:15:25.367,26.06,29.56,30.18,29.5,5.06,28.8,928.2,24.3,-40.0,1.0,1.0,1.0,1.0,0.0,221.0
2026-07-21 16:15:25.567,26.06,29.56,30.18,29.5,5.06,28.8,928.1,24.6,-40.0,1.0,1.0,1.0,1.0,0.0,221.0
2026-07-21 16:15:25.768,26.12,29.5,30.18,29.5,5.06,28.8,928.1,24.6,-40.0,1.0,1.0,1.0,1.0,0.0,221.0
2026-07-21 16:15:25.967,26.12,29.5,30.18,29.5,5.06,28.8,928.1,24.3,-40.0,1.0,1.0,1.0,1.0,0.0,222.0
2026-07-21 16:15:26.167,26.12,29.5,30.18,29.5,5.06,28.8,928.1,24.3,-40.0,1.0,1.0,1.0,1.0,0.0,222.0
2026-07-21 16:15:26.367,26.12,29.5,30.18,29.5,5.06,28.8,928.1,24.3,-40.0,1.0,1.0,1.0,1.0,0.0,222.0
2026-07-21 16:15:26.567,26.12,29.5,30.18,29.5,5.06,28.81,928.2,24.4,-40.0,1.0,1.0,1.0,1.0,0.0,222.0
2026-07-21 16:15:26.767,26.12,29.5,30.18,29.5,5.0,28.81,928.2,24.4,-40.0,1.0,1.0,1.0,1.0,0.0,222.0
2026-07-21 16:15:26.967,26.12,29.5,30.18,29.5,5.0,28.8,928.1,24.1,-40.0,1.0,1.0,1.0,1.0,0.0,223.0
2026-07-21 16:15:27.167,26.12,29.5,30.18,29.5,5.0,28.8,928.1,24.1,-40.0,1.0,1.0,1.0,1.0,0.0,223.0
2026-07-21 16:15:27.375,26.12,29.5,30.18,29.5,5.0,28.8,928.1,24.1,-40.0,1.0,1.0,1.0,1.0,0.0,223.0
2026-07-21 16:15:27.567,26.12,29.5,30.18,29.5,5.0,28.8,928.2,24.2,-40.0,1.0,1.0,1.0,1.0,0.0,223.0
2026-07-21 16:15:27.766,26.06,29.5,30.18,29.5,5.0,28.8,928.2,24.2,-40.0,1.0,1.0,1.0,1.0,0.0,223.0
2026-07-21 16:15:27.968,26.06,29.5,30.18,29.5,5.0,28.8,928.1,24.1,-40.0,1.0,1.0,1.0,1.0,0.0,224.0
2026-07-21 16:15:28.167,26.06,29.5,30.18,29.5,5.0,28.8,928.1,24.1,-40.0,1.0,1.0,1.0,1.0,0.0,224.0
2026-07-21 16:15:28.366,26.06,29.5,30.18,29.5,5.0,28.8,928.1,24.1,-40.0,1.0,1.0,1.0,1.0,0.0,224.0
2026-07-21 16:15:28.567,26.06,29.5,30.18,29.5,5.0,28.8,928.1,24.0,-40.0,1.0,1.0,1.0,1.0,0.0,224.0
2026-07-21 16:15:28.767,26.06,29.5,30.18,29.5,4.93,28.8,928.1,24.0,-40.0,1.0,1.0,1.0,1.0,0.0,224.0
2026-07-21 16:15:28.967,26.06,29.5,30.18,29.5,4.93,28.8,928.1,24.6,-40.0,1.0,1.0,1.0,1.0,0.0,225.0
2026-07-21 16:15:29.167,26.06,29.5,30.18,29.5,4.93,28.8,928.1,24.6,-40.0,1.0,1.0,1.0,1.0,0.0,225.0
2026-07-21 16:15:29.366,26.06,29.5,30.18,29.5,4.93,28.8,928.1,24.6,-40.0,1.0,1.0,1.0,1.0,0.0,225.0
2026-07-21 16:15:29.586,26.06,29.5,30.18,29.5,4.93,28.8,928.1,24.0,-40.0,1.0,1.0,1.0,1.0,0.0,225.0
2026-07-21 16:15:29.767,26.06,29.5,30.18,29.56,4.93,28.8,928.1,24.0,-40.0,1.0,1.0,1.0,1.0,0.0,225.0
2026-07-21 16:15:29.967,26.06,29.5,30.18,29.56,4.93,28.8,928.2,24.5,-40.0,1.0,1.0,1.0,1.0,0.0,226.0
2026-07-21 16:15:30.168,26.06,29.5,30.18,29.56,4.93,28.8,928.2,24.5,-40.0,1.0,1.0,1.0,1.0,0.0,226.0
2026-07-21 16:15:30.366,26.06,29.5,30.18,29.56,4.93,28.8,928.2,24.5,-40.0,1.0,1.0,1.0,1.0,0.0,226.0
2026-07-21 16:15:30.567,26.06,29.5,30.18,29.56,4.93,28.79,928.2,24.2,-40.0,1.0,1.0,1.0,1.0,0.0,226.0
2026-07-21 16:15:30.766,26.0,29.5,30.18,29.56,4.93,28.79,928.2,24.2,-40.0,1.0,1.0,1.0,1.0,0.0,226.0
2026-07-21 16:15:30.967,26.0,29.5,30.18,29.56,4.93,28.79,928.1,24.2,-40.0,1.0,1.0,1.0,1.0,0.0,227.0
2026-07-21 16:15:31.166,26.0,29.5,30.18,29.56,4.93,28.79,928.1,24.2,-40.0,1.0,1.0,1.0,1.0,0.0,227.0
2026-07-21 16:15:31.366,26.0,29.5,30.18,29.56,4.93,28.79,928.1,24.2,-40.0,1.0,1.0,1.0,1.0,0.0,227.0
2026-07-21 16:15:31.567,26.0,29.5,30.18,29.56,4.93,28.79,928.2,24.4,-40.0,1.0,1.0,1.0,1.0,0.0,227.0
2026-07-21 16:15:31.767,26.0,29.5,30.18,29.56,4.93,28.79,928.2,24.4,-40.0,1.0,1.0,1.0,1.0,0.0,227.0
2026-07-21 16:15:31.967,26.0,29.5,30.18,29.56,4.93,28.8,928.2,24.2,-40.0,1.0,1.0,1.0,1.0,0.0,228.0
2026-07-21 16:15:32.167,26.0,29.5,30.18,29.56,4.93,28.8,928.2,24.2,-40.0,1.0,1.0,1.0,1.0,0.0,228.0
2026-07-21 16:15:32.367,26.0,29.5,30.18,29.56,4.93,28.8,928.2,24.2,-40.0,1.0,1.0,1.0,1.0,0.0,228.0
2026-07-21 16:15:32.567,26.0,29.5,30.18,29.56,4.93,28.79,928.1,24.5,-40.0,1.0,1.0,1.0,1.0,0.0,228.0
2026-07-21 16:15:32.767,26.0,29.5,30.18,29.56,4.87,28.79,928.1,24.5,-40.0,1.0,1.0,1.0,1.0,0.0,228.0
2026-07-21 16:15:32.981,26.0,29.5,30.18,29.56,4.87,28.8,928.1,24.2,-40.0,1.0,1.0,1.0,1.0,0.0,229.0
2026-07-21 16:15:33.167,26.0,29.5,30.18,29.56,4.87,28.8,928.1,24.2,-40.0,1.0,1.0,1.0,1.0,0.0,229.0
2026-07-21 16:15:33.367,26.0,29.5,30.18,29.56,4.87,28.8,928.1,24.2,-40.0,1.0,1.0,1.0,1.0,0.0,229.0
2026-07-21 16:15:33.567,26.0,29.5,30.18,29.56,4.87,28.79,928.2,24.2,-40.0,1.0,1.0,1.0,1.0,0.0,229.0
2026-07-21 16:15:33.767,26.0,29.43,30.18,29.56,4.87,28.79,928.2,24.2,-40.0,1.0,1.0,1.0,1.0,0.0,229.0
2026-07-21 16:15:33.967,26.0,29.43,30.18,29.56,4.87,28.79,928.2,24.2,-40.0,1.0,1.0,1.0,1.0,0.0,230.0
2026-07-21 16:15:34.167,26.0,29.43,30.18,29.56,4.87,28.79,928.2,24.2,-40.0,1.0,1.0,1.0,1.0,0.0,230.0
2026-07-21 16:15:34.367,26.0,29.43,30.18,29.56,4.87,28.79,928.2,24.2,-40.0,1.0,1.0,1.0,1.0,0.0,230.0
2026-07-21 16:15:34.567,26.0,29.43,30.18,29.56,4.87,28.79,928.2,24.6,-40.0,1.0,1.0,1.0,1.0,0.0,230.0
2026-07-21 16:15:34.767,25.93,29.43,30.18,29.5,4.87,28.79,928.2,24.6,-40.0,1.0,1.0,1.0,1.0,0.0,230.0
2026-07-21 16:15:34.967,25.93,29.43,30.18,29.5,4.87,28.79,928.2,24.0,-40.0,1.0,1.0,1.0,1.0,0.0,231.0
2026-07-21 16:15:35.192,25.93,29.43,30.18,29.5,4.87,28.79,928.2,24.0,-40.0,1.0,1.0,1.0,1.0,0.0,231.0
2026-07-21 16:15:35.367,25.93,29.43,30.18,29.5,4.87,28.79,928.2,24.0,-40.0,1.0,1.0,1.0,1.0,0.0,231.0
2026-07-21 16:15:35.566,25.93,29.43,30.18,29.5,4.87,28.79,928.2,24.2,-40.0,1.0,1.0,1.0,1.0,0.0,231.0
2026-07-21 16:15:35.796,25.93,29.5,30.18,29.5,4.81,28.79,928.2,24.2,-40.0,1.0,1.0,1.0,1.0,0.0,231.0
2026-07-21 16:15:35.967,25.93,29.5,30.18,29.5,4.81,28.79,928.1,24.6,-40.0,1.0,1.0,1.0,1.0,0.0,232.0
2026-07-21 16:15:36.167,25.93,29.5,30.18,29.5,4.81,28.79,928.1,24.6,-40.0,1.0,1.0,1.0,1.0,0.0,232.0
2026-07-21 16:15:36.379,25.93,29.5,30.18,29.5,4.81,28.79,928.1,24.6,-40.0,1.0,1.0,1.0,1.0,0.0,232.0
2026-07-21 16:15:36.567,25.93,29.5,30.18,29.5,4.81,28.79,928.1,24.2,-40.0,1.0,1.0,1.0,1.0,0.0,232.0
2026-07-21 16:15:36.766,25.93,29.43,30.18,29.5,4.81,28.79,928.1,24.2,-40.0,1.0,1.0,1.0,1.0,0.0,232.0
2026-07-21 16:15:36.967,25.93,29.43,30.18,29.5,4.81,28.79,928.1,24.6,-40.0,1.0,1.0,1.0,1.0,0.0,233.0
2026-07-21 16:15:37.167,25.93,29.43,30.18,29.5,4.81,28.79,928.1,24.6,-40.0,1.0,1.0,1.0,1.0,0.0,233.0
2026-07-21 16:15:37.366,25.93,29.43,30.18,29.5,4.81,28.79,928.1,24.6,-40.0,1.0,1.0,1.0,1.0,0.0,233.0
2026-07-21 16:15:37.567,25.93,29.43,30.18,29.5,4.81,28.79,928.1,24.2,-40.0,1.0,1.0,1.0,1.0,0.0,233.0
2026-07-21 16:15:37.766,25.93,29.37,30.18,29.5,4.81,28.79,928.1,24.2,-40.0,1.0,1.0,1.0,1.0,0.0,233.0
2026-07-21 16:15:37.966,25.93,29.37,30.18,29.5,4.81,28.79,928.2,24.1,-40.0,1.0,1.0,1.0,1.0,0.0,234.0
2026-07-21 16:15:38.166,25.93,29.37,30.18,29.5,4.81,28.79,928.2,24.1,-40.0,1.0,1.0,1.0,1.0,0.0,234.0
2026-07-21 16:15:38.366,25.93,29.37,30.18,29.5,4.81,28.79,928.2,24.1,-40.0,1.0,1.0,1.0,1.0,0.0,234.0
2026-07-21 16:15:38.566,25.93,29.37,30.18,29.5,4.81,28.79,928.2,24.1,-40.0,1.0,1.0,1.0,1.0,0.0,234.0
2026-07-21 16:15:38.766,25.93,29.43,30.18,29.5,4.75,28.79,928.2,24.1,-40.0,1.0,1.0,1.0,1.0,0.0,234.0
2026-07-21 16:15:38.967,25.93,29.43,30.18,29.5,4.75,28.79,928.2,24.3,-40.0,1.0,1.0,1.0,1.0,0.0,235.0
2026-07-21 16:15:39.166,25.93,29.43,30.18,29.5,4.75,28.79,928.2,24.3,-40.0,1.0,1.0,1.0,1.0,0.0,235.0
2026-07-21 16:15:39.367,25.93,29.43,30.18,29.5,4.75,28.79,928.2,24.3,-40.0,1.0,1.0,1.0,1.0,0.0,235.0
2026-07-21 16:15:39.595,25.93,29.43,30.18,29.5,4.75,28.79,928.1,24.6,-40.0,1.0,1.0,1.0,1.0,0.0,235.0
2026-07-21 16:15:39.767,25.87,29.43,30.18,29.5,4.75,28.79,928.1,24.6,-40.0,1.0,1.0,1.0,1.0,0.0,235.0
2026-07-21 16:15:39.967,25.87,29.43,30.18,29.5,4.75,28.79,928.1,24.3,-40.0,1.0,1.0,1.0,1.0,0.0,236.0
2026-07-21 16:15:40.188,25.87,29.43,30.18,29.5,4.75,28.79,928.1,24.3,-40.0,1.0,1.0,1.0,1.0,0.0,236.0
2026-07-21 16:15:40.366,25.87,29.43,30.18,29.5,4.75,28.79,928.1,24.3,-40.0,1.0,1.0,1.0,1.0,0.0,236.0
2026-07-21 16:15:40.567,25.87,29.43,30.18,29.5,4.75,28.79,928.2,24.4,-40.0,1.0,1.0,1.0,1.0,0.0,236.0
2026-07-21 16:15:40.806,25.87,29.43,30.18,29.5,4.75,28.79,928.2,24.4,-40.0,1.0,1.0,1.0,1.0,0.0,236.0
2026-07-21 16:15:40.966,25.87,29.43,30.18,29.5,4.75,28.79,928.1,24.0,-40.0,1.0,1.0,1.0,1.0,0.0,237.0
2026-07-21 16:15:41.202,25.87,29.43,30.18,29.5,4.75,28.79,928.1,24.0,-40.0,1.0,1.0,1.0,1.0,0.0,237.0
2026-07-21 16:15:41.366,25.87,29.43,30.18,29.5,4.75,28.79,928.1,24.0,-40.0,1.0,1.0,1.0,1.0,0.0,237.0
2026-07-21 16:15:41.566,25.87,29.43,30.18,29.5,4.75,28.79,928.2,24.4,-40.0,1.0,1.0,1.0,1.0,0.0,237.0
2026-07-21 16:15:41.784,25.87,29.37,30.12,29.5,4.75,28.79,928.2,24.4,-40.0,1.0,1.0,1.0,1.0,0.0,237.0
2026-07-21 16:15:41.967,25.87,29.37,30.12,29.5,4.75,28.79,928.2,24.3,-40.0,1.0,1.0,1.0,1.0,0.0,238.0
2026-07-21 16:15:42.166,25.87,29.37,30.12,29.5,4.75,28.79,928.2,24.3,-40.0,1.0,1.0,1.0,1.0,0.0,238.0
2026-07-21 16:15:42.380,25.87,29.37,30.12,29.5,4.75,28.79,928.2,24.3,-40.0,1.0,1.0,1.0,1.0,0.0,238.0
2026-07-21 16:15:42.566,25.87,29.37,30.12,29.5,4.75,28.79,928.2,24.2,-40.0,1.0,1.0,1.0,1.0,0.0,238.0
2026-07-21 16:15:42.767,25.87,29.43,30.18,29.5,4.68,28.79,928.2,24.2,-40.0,1.0,1.0,1.0,1.0,0.0,238.0
2026-07-21 16:15:42.966,25.87,29.43,30.18,29.5,4.68,28.79,928.1,24.2,-40.0,1.0,1.0,1.0,1.0,0.0,239.0
2026-07-21 16:15:43.166,25.87,29.43,30.18,29.5,4.68,28.79,928.1,24.2,-40.0,1.0,1.0,1.0,1.0,0.0,239.0
2026-07-21 16:15:43.366,25.87,29.43,30.18,29.5,4.68,28.79,928.1,24.2,-40.0,1.0,1.0,1.0,1.0,0.0,239.0
2026-07-21 16:15:43.566,25.87,29.43,30.18,29.5,4.68,28.79,928.2,25.0,-40.0,1.0,1.0,1.0,1.0,0.0,239.0
2026-07-21 16:15:43.767,25.81,29.37,30.18,29.5,4.68,28.79,928.2,25.0,-40.0,1.0,1.0,1.0,1.0,0.0,239.0
2026-07-21 16:15:43.966,25.81,29.37,30.18,29.5,4.68,28.79,928.1,24.4,-40.0,1.0,1.0,1.0,1.0,0.0,240.0
2026-07-21 16:15:44.166,25.81,29.37,30.18,29.5,4.68,28.79,928.1,24.4,-40.0,1.0,1.0,1.0,1.0,0.0,240.0
2026-07-21 16:15:44.366,25.81,29.37,30.18,29.5,4.68,28.79,928.1,24.4,-40.0,1.0,1.0,1.0,1.0,0.0,240.0
2026-07-21 16:15:44.592,25.81,29.37,30.18,29.5,4.68,28.8,928.2,24.7,-40.0,1.0,1.0,1.0,1.0,0.0,240.0
2026-07-21 16:15:44.767,25.81,29.43,30.18,29.5,4.68,28.8,928.2,24.7,-40.0,1.0,1.0,1.0,1.0,0.0,240.0
2026-07-21 16:15:44.966,25.81,29.43,30.18,29.5,4.68,28.79,928.1,24.3,-40.0,1.0,1.0,1.0,1.0,0.0,241.0
2026-07-21 16:15:45.206,25.81,29.43,30.18,29.5,4.68,28.79,928.1,24.3,-40.0,1.0,1.0,1.0,1.0,0.0,241.0
2026-07-21 16:15:45.365,25.81,29.43,30.18,29.5,4.68,28.79,928.1,24.3,-40.0,1.0,1.0,1.0,1.0,0.0,241.0
2026-07-21 16:15:45.567,25.81,29.43,30.18,29.5,4.68,28.79,928.1,23.9,-40.0,1.0,1.0,1.0,1.0,0.0,241.0
2026-07-21 16:15:45.766,25.81,29.37,30.12,29.5,4.62,28.79,928.1,23.9,-40.0,1.0,1.0,1.0,1.0,0.0,241.0
2026-07-21 16:15:45.967,25.81,29.37,30.12,29.5,4.62,28.79,928.2,24.1,-40.0,1.0,1.0,1.0,1.0,0.0,242.0
2026-07-21 16:15:46.166,25.81,29.37,30.12,29.5,4.62,28.79,928.2,24.1,-40.0,1.0,1.0,1.0,1.0,0.0,242.0
2026-07-21 16:15:46.366,25.81,29.37,30.12,29.5,4.62,28.79,928.2,24.1,-40.0,1.0,1.0,1.0,1.0,0.0,242.0
2026-07-21 16:15:46.567,25.81,29.37,30.12,29.5,4.62,28.79,928.2,24.3,-40.0,1.0,1.0,1.0,1.0,0.0,242.0
2026-07-21 16:15:46.773,25.81,29.37,30.18,29.5,4.62,28.79,928.2,24.3,-40.0,1.0,1.0,1.0,1.0,0.0,242.0
2026-07-21 16:15:46.966,25.81,29.37,30.18,29.5,4.62,28.79,928.2,24.1,-40.0,1.0,1.0,1.0,1.0,0.0,243.0
2026-07-21 16:15:47.167,25.81,29.37,30.18,29.5,4.62,28.79,928.2,24.1,-40.0,1.0,1.0,1.0,1.0,0.0,243.0
2026-07-21 16:15:47.366,25.81,29.37,30.18,29.5,4.62,28.79,928.2,24.1,-40.0,1.0,1.0,1.0,1.0,0.0,243.0
2026-07-21 16:15:47.567,25.81,29.37,30.18,29.5,4.62,28.79,928.2,24.2,-40.0,1.0,1.0,1.0,1.0,0.0,243.0
2026-07-21 16:15:47.766,25.81,29.37,30.12,29.5,4.62,28.79,928.2,24.2,-40.0,1.0,1.0,1.0,1.0,0.0,243.0
2026-07-21 16:15:47.967,25.81,29.37,30.12,29.5,4.62,28.79,928.2,24.7,-40.0,1.0,1.0,1.0,1.0,0.0,244.0
2026-07-21 16:15:48.166,25.81,29.37,30.12,29.5,4.62,28.79,928.2,24.7,-40.0,1.0,1.0,1.0,1.0,0.0,244.0
2026-07-21 16:15:48.367,25.81,29.37,30.12,29.5,4.62,28.79,928.2,24.7,-40.0,1.0,1.0,1.0,1.0,0.0,244.0
2026-07-21 16:15:48.566,25.81,29.37,30.12,29.5,4.62,28.79,928.2,24.5,-40.0,1.0,1.0,1.0,1.0,0.0,244.0
2026-07-21 16:15:48.767,25.75,29.37,30.12,29.5,4.62,28.79,928.2,24.5,-40.0,1.0,1.0,1.0,1.0,0.0,244.0
2026-07-21 16:15:48.966,25.75,29.37,30.12,29.5,4.62,28.79,928.2,24.8,-40.0,1.0,1.0,1.0,1.0,0.0,245.0
2026-07-21 16:15:49.181,25.75,29.37,30.12,29.5,4.62,28.79,928.2,24.8,-40.0,1.0,1.0,1.0,1.0,0.0,245.0
2026-07-21 16:15:49.366,25.75,29.37,30.12,29.5,4.62,28.79,928.2,24.8,-40.0,1.0,1.0,1.0,1.0,0.0,245.0
2026-07-21 16:15:49.567,25.75,29.37,30.12,29.5,4.62,28.79,928.2,24.7,-40.0,1.0,1.0,1.0,1.0,0.0,245.0
2026-07-21 16:15:49.770,25.75,29.37,30.12,29.56,4.62,28.79,928.2,24.7,-40.0,1.0,1.0,1.0,1.0,0.0,245.0
2026-07-21 16:15:49.966,25.75,29.37,30.12,29.56,4.62,28.79,928.2,24.3,-40.0,1.0,1.0,1.0,1.0,0.0,246.0
2026-07-21 16:15:50.166,25.75,29.37,30.12,29.56,4.62,28.79,928.2,24.3,-40.0,1.0,1.0,1.0,1.0,0.0,246.0
2026-07-21 16:15:50.381,25.75,29.37,30.12,29.56,4.62,28.79,928.2,24.3,-40.0,1.0,1.0,1.0,1.0,0.0,246.0
2026-07-21 16:15:50.566,25.75,29.37,30.12,29.56,4.62,28.79,928.2,24.1,-40.0,1.0,1.0,1.0,1.0,0.0,246.0
2026-07-21 16:15:50.766,25.75,29.31,30.12,29.56,4.56,28.79,928.2,24.1,-40.0,1.0,1.0,1.0,1.0,0.0,246.0
2026-07-21 16:15:50.966,25.75,29.31,30.12,29.56,4.56,28.79,928.2,24.3,-40.0,1.0,1.0,1.0,1.0,0.0,247.0
2026-07-21 16:15:51.166,25.75,29.31,30.12,29.56,4.56,28.79,928.2,24.3,-40.0,1.0,1.0,1.0,1.0,0.0,247.0
2026-07-21 16:15:51.366,25.75,29.31,30.12,29.56,4.56,28.79,928.2,24.3,-40.0,1.0,1.0,1.0,1.0,0.0,247.0
2026-07-21 16:15:51.567,25.75,29.31,30.12,29.56,4.56,28.79,928.2,24.4,-40.0,1.0,1.0,1.0,1.0,0.0,247.0
2026-07-21 16:15:51.767,25.75,29.31,30.18,29.56,4.56,28.79,928.2,24.4,-40.0,1.0,1.0,1.0,1.0,0.0,247.0
2026-07-21 16:15:51.967,25.75,29.31,30.18,29.56,4.56,28.79,928.1,24.4,-40.0,1.0,1.0,1.0,1.0,0.0,248.0
2026-07-21 16:15:52.200,25.75,29.31,30.18,29.56,4.56,28.79,928.1,24.4,-40.0,1.0,1.0,1.0,1.0,0.0,248.0
2026-07-21 16:15:52.366,25.75,29.31,30.18,29.56,4.56,28.79,928.1,24.4,-40.0,1.0,1.0,1.0,1.0,0.0,248.0
2026-07-21 16:15:52.595,25.75,29.31,30.18,29.56,4.56,28.79,928.2,24.2,-40.0,1.0,1.0,1.0,1.0,0.0,248.0
2026-07-21 16:15:52.766,25.75,29.31,30.12,29.56,4.56,28.79,928.2,24.2,-40.0,1.0,1.0,1.0,1.0,0.0,248.0
2026-07-21 16:15:52.966,25.75,29.31,30.12,29.56,4.56,28.79,928.2,24.5,-40.0,1.0,1.0,1.0,1.0,0.0,249.0
2026-07-21 16:15:53.166,25.75,29.31,30.12,29.56,4.56,28.79,928.2,24.5,-40.0,1.0,1.0,1.0,1.0,0.0,249.0
2026-07-21 16:15:53.366,25.75,29.31,30.12,29.56,4.56,28.79,928.2,24.5,-40.0,1.0,1.0,1.0,1.0,0.0,249.0
2026-07-21 16:15:53.600,25.75,29.31,30.12,29.56,4.56,28.79,928.2,24.2,-40.0,1.0,1.0,1.0,1.0,0.0,249.0
2026-07-21 16:15:53.766,25.68,29.37,30.12,29.5,4.56,28.79,928.2,24.2,-40.0,1.0,1.0,1.0,1.0,0.0,249.0
2026-07-21 16:15:53.966,25.68,29.37,30.12,29.5,4.56,28.79,928.2,24.1,-40.0,1.0,1.0,1.0,1.0,0.0,250.0
2026-07-21 16:15:54.200,25.68,29.37,30.12,29.5,4.56,28.79,928.2,24.1,-40.0,1.0,1.0,1.0,1.0,0.0,250.0
2026-07-21 16:15:54.366,25.68,29.37,30.12,29.5,4.56,28.79,928.2,24.1,-40.0,1.0,1.0,1.0,1.0,0.0,250.0
2026-07-21 16:15:54.566,25.68,29.37,30.12,29.5,4.56,28.79,928.2,24.4,-40.0,1.0,1.0,1.0,1.0,0.0,250.0
2026-07-21 16:15:54.766,25.68,29.37,30.12,29.5,4.56,28.79,928.2,24.4,-40.0,1.0,1.0,1.0,1.0,0.0,250.0
2026-07-21 16:15:54.966,25.68,29.37,30.12,29.5,4.56,28.79,928.2,24.0,-40.0,1.0,1.0,1.0,1.0,0.0,251.0
2026-07-21 16:15:55.212,25.68,29.37,30.12,29.5,4.56,28.79,928.2,24.0,-40.0,1.0,1.0,1.0,1.0,0.0,251.0
2026-07-21 16:15:55.366,25.68,29.37,30.12,29.5,4.56,28.79,928.2,24.0,-40.0,1.0,1.0,1.0,1.0,0.0,251.0
2026-07-21 16:15:55.607,25.68,29.37,30.12,29.5,4.56,28.79,928.2,24.7,-40.0,1.0,1.0,1.0,1.0,0.0,251.0
2026-07-21 16:15:55.766,25.68,29.31,30.18,29.56,4.5,28.79,928.2,24.7,-40.0,1.0,1.0,1.0,1.0,0.0,251.0
2026-07-21 16:15:55.966,25.68,29.31,30.18,29.56,4.5,28.79,928.2,24.7,-40.0,1.0,1.0,1.0,1.0,0.0,252.0
2026-07-21 16:15:56.166,25.68,29.31,30.18,29.56,4.5,28.79,928.2,24.7,-40.0,1.0,1.0,1.0,1.0,0.0,252.0
2026-07-21 16:15:56.366,25.68,29.31,30.18,29.56,4.5,28.79,928.2,24.7,-40.0,1.0,1.0,1.0,1.0,0.0,252.0
2026-07-21 16:15:56.608,25.68,29.31,30.18,29.56,4.5,28.79,928.2,24.6,-40.0,1.0,1.0,1.0,1.0,0.0,252.0
2026-07-21 16:15:56.766,25.68,29.31,30.12,29.56,4.5,28.79,928.2,24.6,-40.0,1.0,1.0,1.0,1.0,0.0,252.0
2026-07-21 16:15:56.966,25.68,29.31,30.12,29.56,4.5,28.79,928.1,24.3,-40.0,1.0,1.0,1.0,1.0,0.0,253.0
2026-07-21 16:15:57.166,25.68,29.31,30.12,29.56,4.5,28.79,928.1,24.3,-40.0,1.0,1.0,1.0,1.0,0.0,253.0
2026-07-21 16:15:57.366,25.68,29.31,30.12,29.56,4.5,28.79,928.1,24.3,-40.0,1.0,1.0,1.0,1.0,0.0,253.0
2026-07-21 16:15:57.566,25.68,29.31,30.12,29.56,4.5,28.79,928.1,24.6,-40.0,1.0,1.0,1.0,1.0,0.0,253.0
2026-07-21 16:15:57.766,25.68,29.31,30.12,29.5,4.5,28.79,928.1,24.6,-40.0,1.0,1.0,1.0,1.0,0.0,253.0
2026-07-21 16:15:57.965,25.68,29.31,30.12,29.5,4.5,28.79,928.2,24.9,-40.0,1.0,1.0,1.0,1.0,0.0,254.0
2026-07-21 16:15:58.166,25.68,29.31,30.12,29.5,4.5,28.79,928.2,24.9,-40.0,1.0,1.0,1.0,1.0,0.0,254.0
2026-07-21 16:15:58.366,25.68,29.31,30.12,29.5,4.5,28.79,928.2,24.9,-40.0,1.0,1.0,1.0,1.0,0.0,254.0
2026-07-21 16:15:58.567,25.68,29.31,30.12,29.5,4.5,28.79,928.1,25.0,-40.0,1.0,1.0,1.0,1.0,0.0,254.0
2026-07-21 16:15:58.767,25.62,29.31,30.18,29.5,4.43,28.79,928.1,25.0,-40.0,1.0,1.0,1.0,1.0,0.0,254.0
2026-07-21 16:15:58.967,25.62,29.31,30.18,29.5,4.43,28.79,928.2,24.7,-40.0,1.0,1.0,1.0,1.0,0.0,255.0
2026-07-21 16:15:59.166,25.62,29.31,30.18,29.5,4.43,28.79,928.2,24.7,-40.0,1.0,1.0,1.0,1.0,0.0,255.0
2026-07-21 16:15:59.366,25.62,29.31,30.18,29.5,4.43,28.79,928.2,24.7,-40.0,1.0,1.0,1.0,1.0,0.0,255.0
2026-07-21 16:15:59.566,25.62,29.31,30.18,29.5,4.43,28.79,928.2,24.9,-40.0,1.0,1.0,1.0,1.0,0.0,255.0
2026-07-21 16:15:59.779,25.62,29.31,30.12,29.5,4.43,28.79,928.2,24.9,-40.0,1.0,1.0,1.0,1.0,0.0,255.0
2026-07-21 16:15:59.966,25.62,29.31,30.12,29.5,4.43,28.79,928.1,24.9,-40.0,1.0,1.0,1.0,1.0,0.0,256.0
2026-07-21 16:16:00.173,25.62,29.31,30.12,29.5,4.43,28.79,928.1,24.9,-40.0,1.0,1.0,1.0,1.0,0.0,256.0
2026-07-21 16:16:00.366,25.62,29.31,30.12,29.5,4.43,28.79,928.1,24.9,-40.0,1.0,1.0,1.0,1.0,0.0,256.0
2026-07-21 16:16:00.566,25.62,29.31,30.12,29.5,4.43,28.79,928.2,24.7,-40.0,1.0,1.0,1.0,1.0,0.0,256.0
2026-07-21 16:16:00.766,25.62,29.31,30.12,29.5,4.43,28.79,928.2,24.7,-40.0,1.0,1.0,1.0,1.0,0.0,256.0
2026-07-21 16:16:00.967,25.62,29.31,30.12,29.5,4.43,28.79,928.2,25.1,-40.0,1.0,1.0,1.0,1.0,0.0,257.0
2026-07-21 16:16:01.166,25.62,29.31,30.12,29.5,4.43,28.79,928.2,25.1,-40.0,1.0,1.0,1.0,1.0,0.0,257.0
2026-07-21 16:16:01.390,25.62,29.31,30.12,29.5,4.43,28.79,928.2,25.1,-40.0,1.0,1.0,1.0,1.0,0.0,257.0
2026-07-21 16:16:01.567,25.62,29.31,30.12,29.5,4.43,28.79,928.2,24.7,-40.0,1.0,1.0,1.0,1.0,0.0,257.0
2026-07-21 16:16:01.766,25.62,29.31,30.12,29.5,4.43,28.79,928.2,24.7,-40.0,1.0,1.0,1.0,1.0,0.0,257.0
2026-07-21 16:16:01.992,25.62,29.31,30.12,29.5,4.43,28.79,928.2,25.2,-40.0,1.0,1.0,1.0,1.0,0.0,258.0
2026-07-21 16:16:02.165,25.62,29.31,30.12,29.5,4.43,28.79,928.2,25.2,-40.0,1.0,1.0,1.0,1.0,0.0,258.0
2026-07-21 16:16:02.366,25.62,29.31,30.12,29.5,4.43,28.79,928.2,25.2,-40.0,1.0,1.0,1.0,1.0,0.0,258.0
2026-07-21 16:16:02.566,25.62,29.31,30.12,29.5,4.43,28.79,928.2,24.8,-40.0,1.0,1.0,1.0,1.0,0.0,258.0
2026-07-21 16:16:02.766,25.62,29.31,30.12,29.5,4.43,28.79,928.2,24.8,-40.0,1.0,1.0,1.0,1.0,0.0,258.0
2026-07-21 16:16:02.966,25.62,29.31,30.12,29.5,4.43,28.79,928.2,24.9,-40.0,1.0,1.0,1.0,1.0,0.0,259.0
2026-07-21 16:16:03.166,25.62,29.31,30.12,29.5,4.43,28.79,928.2,24.9,-40.0,1.0,1.0,1.0,1.0,0.0,259.0
2026-07-21 16:16:03.384,25.62,29.31,30.12,29.5,4.43,28.79,928.2,24.9,-40.0,1.0,1.0,1.0,1.0,0.0,259.0
2026-07-21 16:16:03.567,25.62,29.31,30.12,29.5,4.43,28.79,928.2,24.8,-40.0,1.0,1.0,1.0,1.0,0.0,259.0
2026-07-21 16:16:03.766,25.62,29.31,30.12,29.5,4.43,28.79,928.2,24.8,-40.0,1.0,1.0,1.0,1.0,0.0,259.0
2026-07-21 16:16:03.993,25.62,29.31,30.12,29.5,4.43,28.79,928.2,25.1,-40.0,1.0,1.0,1.0,1.0,0.0,260.0
2026-07-21 16:16:04.166,25.62,29.31,30.12,29.5,4.43,28.79,928.2,25.1,-40.0,1.0,1.0,1.0,1.0,0.0,260.0
2026-07-21 16:16:04.388,25.62,29.31,30.12,29.5,4.43,28.79,928.2,25.1,-40.0,1.0,1.0,1.0,1.0,0.0,260.0
2026-07-21 16:16:04.566,25.62,29.31,30.12,29.5,4.43,28.79,928.2,24.9,-40.0,1.0,1.0,1.0,1.0,0.0,260.0
2026-07-21 16:16:04.780,25.56,29.31,30.12,29.5,4.37,28.79,928.2,24.9,-40.0,1.0,1.0,1.0,1.0,0.0,260.0
2026-07-21 16:16:05.008,25.56,29.31,30.12,29.5,4.37,28.79,928.1,24.7,-40.0,1.0,1.0,1.0,1.0,0.0,261.0
2026-07-21 16:16:05.166,25.56,29.31,30.12,29.5,4.37,28.79,928.1,24.7,-40.0,1.0,1.0,1.0,1.0,0.0,261.0
2026-07-21 16:16:05.365,25.56,29.31,30.12,29.5,4.37,28.79,928.1,24.7,-40.0,1.0,1.0,1.0,1.0,0.0,261.0
2026-07-21 16:16:05.565,25.56,29.31,30.12,29.5,4.37,28.79,928.2,24.9,-40.0,1.0,1.0,1.0,1.0,0.0,261.0
2026-07-21 16:16:05.765,25.56,29.31,30.12,29.5,4.37,28.79,928.2,24.9,-40.0,1.0,1.0,1.0,1.0,0.0,261.0
2026-07-21 16:16:05.966,25.56,29.31,30.12,29.5,4.37,28.79,928.2,24.5,-40.0,1.0,1.0,1.0,1.0,0.0,262.0
2026-07-21 16:16:06.193,25.56,29.31,30.12,29.5,4.37,28.79,928.2,24.5,-40.0,1.0,1.0,1.0,1.0,0.0,262.0
2026-07-21 16:16:06.366,25.56,29.31,30.12,29.5,4.37,28.79,928.2,24.5,-40.0,1.0,1.0,1.0,1.0,0.0,262.0
2026-07-21 16:16:06.566,25.56,29.31,30.12,29.5,4.37,28.79,928.2,24.7,-40.0,1.0,1.0,1.0,1.0,0.0,262.0
2026-07-21 16:16:06.765,25.56,29.25,30.18,29.5,4.37,28.79,928.2,24.7,-40.0,1.0,1.0,1.0,1.0,0.0,262.0
2026-07-21 16:16:06.965,25.56,29.25,30.18,29.5,4.37,28.79,928.2,24.5,-40.0,1.0,1.0,1.0,1.0,0.0,263.0
2026-07-21 16:16:07.176,25.56,29.25,30.18,29.5,4.37,28.79,928.2,24.5,-40.0,1.0,1.0,1.0,1.0,0.0,263.0
2026-07-21 16:16:07.396,25.56,29.25,30.18,29.5,4.37,28.79,928.2,24.5,-40.0,1.0,1.0,1.0,1.0,0.0,263.0
2026-07-21 16:16:07.565,25.56,29.25,30.18,29.5,4.37,28.79,928.2,24.5,-40.0,1.0,1.0,1.0,1.0,0.0,263.0
2026-07-21 16:16:07.765,25.56,29.31,30.18,29.5,4.31,28.79,928.2,24.5,-40.0,1.0,1.0,1.0,1.0,0.0,263.0
2026-07-21 16:16:07.966,25.56,29.31,30.18,29.5,4.31,28.79,928.2,24.1,-40.0,1.0,1.0,1.0,1.0,0.0,264.0
2026-07-21 16:16:08.165,25.56,29.31,30.18,29.5,4.31,28.79,928.2,24.1,-40.0,1.0,1.0,1.0,1.0,0.0,264.0
2026-07-21 16:16:08.366,25.56,29.31,30.18,29.5,4.31,28.79,928.2,24.1,-40.0,1.0,1.0,1.0,1.0,0.0,264.0
2026-07-21 16:16:08.566,25.56,29.31,30.18,29.5,4.31,28.79,928.2,24.6,-40.0,1.0,1.0,1.0,1.0,0.0,264.0
2026-07-21 16:16:08.778,25.56,29.25,30.18,29.5,4.31,28.79,928.2,24.6,-40.0,1.0,1.0,1.0,1.0,0.0,264.0
2026-07-21 16:16:08.971,25.56,29.25,30.18,29.5,4.31,28.79,928.2,24.5,-40.0,1.0,1.0,1.0,1.0,0.0,265.0
2026-07-21 16:16:09.166,25.56,29.25,30.18,29.5,4.31,28.79,928.2,24.5,-40.0,1.0,1.0,1.0,1.0,0.0,265.0
2026-07-21 16:16:09.366,25.56,29.25,30.18,29.5,4.31,28.79,928.2,24.5,-40.0,1.0,1.0,1.0,1.0,0.0,265.0
2026-07-21 16:16:09.566,25.56,29.25,30.18,29.5,4.31,28.79,928.2,24.3,-40.0,1.0,1.0,1.0,1.0,0.0,265.0
2026-07-21 16:16:09.766,25.5,29.25,30.18,29.5,4.31,28.79,928.2,24.3,-40.0,1.0,1.0,1.0,1.0,0.0,265.0
2026-07-21 16:16:09.966,25.5,29.25,30.18,29.5,4.31,28.79,928.2,24.4,-40.0,1.0,1.0,1.0,1.0,0.0,266.0
2026-07-21 16:16:10.166,25.5,29.25,30.18,29.5,4.31,28.79,928.2,24.4,-40.0,1.0,1.0,1.0,1.0,0.0,266.0
2026-07-21 16:16:10.366,25.5,29.25,30.18,29.5,4.31,28.79,928.2,24.4,-40.0,1.0,1.0,1.0,1.0,0.0,266.0
2026-07-21 16:16:10.567,25.5,29.25,30.18,29.5,4.31,28.79,928.2,24.4,-40.0,1.0,1.0,1.0,1.0,0.0,266.0
2026-07-21 16:16:10.766,25.5,29.25,30.12,29.5,4.31,28.79,928.2,24.4,-40.0,1.0,1.0,1.0,1.0,0.0,266.0
2026-07-21 16:16:10.966,25.5,29.25,30.12,29.5,4.31,28.79,928.1,24.2,-40.0,1.0,1.0,1.0,1.0,0.0,267.0
2026-07-21 16:16:11.166,25.5,29.25,30.12,29.5,4.31,28.79,928.1,24.2,-40.0,1.0,1.0,1.0,1.0,0.0,267.0
2026-07-21 16:16:11.366,25.5,29.25,30.12,29.5,4.31,28.79,928.1,24.2,-40.0,1.0,1.0,1.0,1.0,0.0,267.0
2026-07-21 16:16:11.567,25.5,29.25,30.12,29.5,4.31,28.79,928.2,24.3,-40.0,1.0,1.0,1.0,1.0,0.0,267.0
2026-07-21 16:16:11.765,25.5,29.18,30.12,29.5,4.31,28.79,928.2,24.3,-40.0,1.0,1.0,1.0,1.0,0.0,267.0
2026-07-21 16:16:11.968,25.5,29.18,30.12,29.5,4.31,28.79,928.1,24.3,-40.0,1.0,1.0,1.0,1.0,0.0,268.0
2026-07-21 16:16:12.166,25.5,29.18,30.12,29.5,4.31,28.79,928.1,24.3,-40.0,1.0,1.0,1.0,1.0,0.0,268.0
2026-07-21 16:16:12.366,25.5,29.18,30.12,29.5,4.31,28.79,928.1,24.3,-40.0,1.0,1.0,1.0,1.0,0.0,268.0
2026-07-21 16:16:12.566,25.5,29.18,30.12,29.5,4.31,28.79,928.2,24.6,-40.0,1.0,1.0,1.0,1.0,0.0,268.0
2026-07-21 16:16:12.766,25.5,29.25,30.12,29.5,4.31,28.79,928.2,24.6,-40.0,1.0,1.0,1.0,1.0,0.0,268.0
2026-07-21 16:16:12.966,25.5,29.25,30.12,29.5,4.31,28.79,928.1,24.4,-40.0,1.0,1.0,1.0,1.0,0.0,269.0
2026-07-21 16:16:13.165,25.5,29.25,30.12,29.5,4.31,28.79,928.1,24.4,-40.0,1.0,1.0,1.0,1.0,0.0,269.0
2026-07-21 16:16:13.366,25.5,29.25,30.12,29.5,4.31,28.79,928.1,24.4,-40.0,1.0,1.0,1.0,1.0,0.0,269.0
2026-07-21 16:16:13.566,25.5,29.25,30.12,29.5,4.31,28.79,928.2,24.4,-40.0,1.0,1.0,1.0,1.0,0.0,269.0
2026-07-21 16:16:13.765,25.5,29.25,30.18,29.5,4.25,28.79,928.2,24.4,-40.0,1.0,1.0,1.0,1.0,0.0,269.0
2026-07-21 16:16:13.966,25.5,29.25,30.18,29.5,4.25,28.79,928.2,24.3,-40.0,1.0,1.0,1.0,1.0,0.0,270.0
2026-07-21 16:16:14.165,25.5,29.25,30.18,29.5,4.25,28.79,928.2,24.3,-40.0,1.0,1.0,1.0,1.0,0.0,270.0
2026-07-21 16:16:14.365,25.5,29.25,30.18,29.5,4.25,28.79,928.2,24.3,-40.0,1.0,1.0,1.0,1.0,0.0,270.0
2026-07-21 16:16:14.566,25.5,29.25,30.18,29.5,4.25,28.79,928.2,24.5,-40.0,1.0,1.0,1.0,1.0,0.0,270.0
2026-07-21 16:16:14.766,25.43,29.18,30.18,29.5,4.25,28.79,928.2,24.5,-40.0,1.0,1.0,1.0,1.0,0.0,270.0
2026-07-21 16:16:14.966,25.43,29.18,30.18,29.5,4.25,28.79,928.2,24.4,-40.0,1.0,1.0,1.0,1.0,0.0,271.0
2026-07-21 16:16:15.165,25.43,29.18,30.18,29.5,4.25,28.79,928.2,24.4,-40.0,1.0,1.0,1.0,1.0,0.0,271.0
2026-07-21 16:16:15.365,25.43,29.18,30.18,29.5,4.25,28.79,928.2,24.4,-40.0,1.0,1.0,1.0,1.0,0.0,271.0
2026-07-21 16:16:15.566,25.43,29.18,30.18,29.5,4.25,28.79,928.2,24.3,-40.0,1.0,1.0,1.0,1.0,0.0,271.0
2026-07-21 16:16:15.765,25.43,29.25,30.12,29.5,4.25,28.79,928.2,24.3,-40.0,1.0,1.0,1.0,1.0,0.0,271.0
2026-07-21 16:16:15.966,25.43,29.25,30.12,29.5,4.25,28.78,928.2,24.2,-40.0,1.0,1.0,1.0,1.0,0.0,272.0
2026-07-21 16:16:16.166,25.43,29.25,30.12,29.5,4.25,28.78,928.2,24.2,-40.0,1.0,1.0,1.0,1.0,0.0,272.0
2026-07-21 16:16:16.365,25.43,29.25,30.12,29.5,4.25,28.78,928.2,24.2,-40.0,1.0,1.0,1.0,1.0,0.0,272.0
2026-07-21 16:16:16.565,25.43,29.25,30.12,29.5,4.25,28.79,928.2,24.4,-40.0,1.0,1.0,1.0,1.0,0.0,272.0
2026-07-21 16:16:16.766,25.37,29.25,30.12,29.5,4.25,28.79,928.2,24.4,-40.0,1.0,1.0,1.0,1.0,0.0,272.0
2026-07-21 16:16:16.966,25.37,29.25,30.12,29.5,4.25,28.79,928.2,24.5,-40.0,1.0,1.0,1.0,1.0,0.0,273.0
2026-07-21 16:16:17.165,25.37,29.25,30.12,29.5,4.25,28.79,928.2,24.5,-40.0,1.0,1.0,1.0,1.0,0.0,273.0
2026-07-21 16:16:17.365,25.37,29.25,30.12,29.5,4.25,28.79,928.2,24.5,-40.0,1.0,1.0,1.0,1.0,0.0,273.0
2026-07-21 16:16:17.565,25.37,29.25,30.12,29.5,4.25,28.79,928.2,24.6,-40.0,1.0,1.0,1.0,1.0,0.0,273.0
2026-07-21 16:16:17.766,25.37,29.18,30.12,29.5,4.25,28.79,928.2,24.6,-40.0,1.0,1.0,1.0,1.0,0.0,273.0
2026-07-21 16:16:17.966,25.37,29.18,30.12,29.5,4.25,28.79,928.2,24.5,-40.0,1.0,1.0,1.0,1.0,0.0,274.0
2026-07-21 16:16:18.166,25.37,29.18,30.12,29.5,4.25,28.79,928.2,24.5,-40.0,1.0,1.0,1.0,1.0,0.0,274.0
2026-07-21 16:16:18.365,25.37,29.18,30.12,29.5,4.25,28.79,928.2,24.5,-40.0,1.0,1.0,1.0,1.0,0.0,274.0
2026-07-21 16:16:18.566,25.37,29.18,30.12,29.5,4.25,28.79,928.2,24.4,-40.0,1.0,1.0,1.0,1.0,0.0,274.0
2026-07-21 16:16:18.766,25.37,29.25,30.18,29.5,4.25,28.79,928.2,24.4,-40.0,1.0,1.0,1.0,1.0,0.0,274.0
2026-07-21 16:16:18.966,25.37,29.25,30.18,29.5,4.25,28.79,928.2,24.5,-40.0,1.0,1.0,1.0,1.0,0.0,275.0
2026-07-21 16:16:19.165,25.37,29.25,30.18,29.5,4.25,28.79,928.2,24.5,-40.0,1.0,1.0,1.0,1.0,0.0,275.0
2026-07-21 16:16:19.365,25.37,29.25,30.18,29.5,4.25,28.79,928.2,24.5,-40.0,1.0,1.0,1.0,1.0,0.0,275.0
2026-07-21 16:16:19.565,25.37,29.25,30.18,29.5,4.25,28.79,928.2,24.4,-40.0,1.0,1.0,1.0,1.0,0.0,275.0
2026-07-21 16:16:19.765,25.37,29.18,30.12,29.5,4.18,28.79,928.2,24.4,-40.0,1.0,1.0,1.0,1.0,0.0,275.0
2026-07-21 16:16:19.966,25.37,29.18,30.12,29.5,4.18,28.79,928.2,24.4,-40.0,1.0,1.0,1.0,1.0,0.0,276.0
2026-07-21 16:16:20.165,25.37,29.18,30.12,29.5,4.18,28.79,928.2,24.4,-40.0,1.0,1.0,1.0,1.0,0.0,276.0
2026-07-21 16:16:20.366,25.37,29.18,30.12,29.5,4.18,28.79,928.2,24.4,-40.0,1.0,1.0,1.0,1.0,0.0,276.0
2026-07-21 16:16:20.565,25.37,29.18,30.12,29.5,4.18,28.79,928.1,24.6,-40.0,1.0,1.0,1.0,1.0,0.0,276.0
2026-07-21 16:16:20.766,25.31,29.18,30.18,29.5,4.18,28.79,928.1,24.6,-40.0,1.0,1.0,1.0,1.0,0.0,276.0
2026-07-21 16:16:20.966,25.31,29.18,30.18,29.5,4.18,28.79,928.2,23.9,-40.0,1.0,1.0,1.0,1.0,0.0,277.0
2026-07-21 16:16:21.165,25.31,29.18,30.18,29.5,4.18,28.79,928.2,23.9,-40.0,1.0,1.0,1.0,1.0,0.0,277.0
2026-07-21 16:16:21.365,25.31,29.18,30.18,29.5,4.18,28.79,928.2,23.9,-40.0,1.0,1.0,1.0,1.0,0.0,277.0
2026-07-21 16:16:21.565,25.31,29.18,30.18,29.5,4.18,28.79,928.2,24.4,-40.0,1.0,1.0,1.0,1.0,0.0,277.0
2026-07-21 16:16:21.765,25.31,29.18,30.18,29.5,4.18,28.79,928.2,24.4,-40.0,1.0,1.0,1.0,1.0,0.0,277.0
2026-07-21 16:16:21.965,25.31,29.18,30.18,29.5,4.18,28.78,928.2,24.5,-40.0,1.0,1.0,1.0,1.0,0.0,278.0
2026-07-21 16:16:22.166,25.31,29.18,30.18,29.5,4.18,28.78,928.2,24.5,-40.0,1.0,1.0,1.0,1.0,0.0,278.0
2026-07-21 16:16:22.366,25.31,29.18,30.18,29.5,4.18,28.78,928.2,24.5,-40.0,1.0,1.0,1.0,1.0,0.0,278.0
2026-07-21 16:16:22.566,25.31,29.18,30.18,29.5,4.18,28.79,928.2,24.3,-40.0,1.0,1.0,1.0,1.0,0.0,278.0
2026-07-21 16:16:22.779,25.31,29.18,30.12,29.5,4.18,28.79,928.2,24.3,-40.0,1.0,1.0,1.0,1.0,0.0,278.0
2026-07-21 16:16:22.965,25.31,29.18,30.12,29.5,4.18,28.79,928.2,24.5,-40.0,1.0,1.0,1.0,1.0,0.0,279.0
2026-07-21 16:16:23.166,25.31,29.18,30.12,29.5,4.18,28.79,928.2,24.5,-40.0,1.0,1.0,1.0,1.0,0.0,279.0
2026-07-21 16:16:23.381,25.31,29.18,30.12,29.5,4.18,28.79,928.2,24.5,-40.0,1.0,1.0,1.0,1.0,0.0,279.0
2026-07-21 16:16:23.566,25.31,29.18,30.12,29.5,4.18,28.78,928.2,24.5,-40.0,1.0,1.0,1.0,1.0,0.0,279.0
2026-07-21 16:16:23.768,25.31,29.18,30.18,29.5,4.18,28.78,928.2,24.5,-40.0,1.0,1.0,1.0,1.0,0.0,279.0
2026-07-21 16:16:23.997,25.31,29.18,30.18,29.5,4.18,28.78,928.2,24.7,-40.0,1.0,1.0,1.0,1.0,0.0,280.0
2026-07-21 16:16:24.165,25.31,29.18,30.18,29.5,4.18,28.78,928.2,24.7,-40.0,1.0,1.0,1.0,1.0,0.0,280.0
2026-07-21 16:16:24.366,25.31,29.18,30.18,29.5,4.18,28.78,928.2,24.7,-40.0,1.0,1.0,1.0,1.0,0.0,280.0
2026-07-21 16:16:24.565,25.31,29.18,30.18,29.5,4.18,28.79,928.2,24.3,-40.0,1.0,1.0,1.0,1.0,0.0,280.0
2026-07-21 16:16:24.766,25.31,29.18,30.12,29.5,4.12,28.79,928.2,24.3,-40.0,1.0,1.0,1.0,1.0,0.0,280.0
2026-07-21 16:16:24.966,25.31,29.18,30.12,29.5,4.12,28.79,928.2,24.5,-40.0,1.0,1.0,1.0,1.0,0.0,281.0
2026-07-21 16:16:25.165,25.31,29.18,30.12,29.5,4.12,28.79,928.2,24.5,-40.0,1.0,1.0,1.0,1.0,0.0,281.0
2026-07-21 16:16:25.365,25.31,29.18,30.12,29.5,4.12,28.79,928.2,24.5,-40.0,1.0,1.0,1.0,1.0,0.0,281.0
2026-07-21 16:16:25.565,25.31,29.18,30.12,29.5,4.12,28.79,928.1,24.4,-40.0,1.0,1.0,1.0,1.0,0.0,281.0
2026-07-21 16:16:25.765,25.25,29.18,30.12,29.5,4.12,28.79,928.1,24.4,-40.0,1.0,1.0,1.0,1.0,0.0,281.0
2026-07-21 16:16:25.966,25.25,29.18,30.12,29.5,4.12,28.79,928.2,24.5,-40.0,1.0,1.0,1.0,1.0,0.0,282.0
2026-07-21 16:16:26.165,25.25,29.18,30.12,29.5,4.12,28.79,928.2,24.5,-40.0,1.0,1.0,1.0,1.0,0.0,282.0
2026-07-21 16:16:26.367,25.25,29.18,30.12,29.5,4.12,28.79,928.2,24.5,-40.0,1.0,1.0,1.0,1.0,0.0,282.0
2026-07-21 16:16:26.565,25.25,29.18,30.12,29.5,4.12,28.79,928.2,24.4,-40.0,1.0,1.0,1.0,1.0,0.0,282.0
2026-07-21 16:16:26.765,25.25,29.18,30.12,29.5,4.12,28.79,928.2,24.4,-40.0,1.0,1.0,1.0,1.0,0.0,282.0
2026-07-21 16:16:26.965,25.25,29.18,30.12,29.5,4.12,28.78,928.2,23.9,-40.0,1.0,1.0,1.0,1.0,0.0,283.0
2026-07-21 16:16:27.165,25.25,29.18,30.12,29.5,4.12,28.78,928.2,23.9,-40.0,1.0,1.0,1.0,1.0,0.0,283.0
2026-07-21 16:16:27.365,25.25,29.18,30.12,29.5,4.12,28.78,928.2,23.9,-40.0,1.0,1.0,1.0,1.0,0.0,283.0
2026-07-21 16:16:27.565,25.25,29.18,30.12,29.5,4.12,28.78,928.2,24.6,-40.0,1.0,1.0,1.0,1.0,0.0,283.0
2026-07-21 16:16:27.765,25.18,29.18,30.12,29.5,4.12,28.78,928.2,24.6,-40.0,1.0,1.0,1.0,1.0,0.0,283.0
2026-07-21 16:16:27.965,25.18,29.18,30.12,29.5,4.12,28.79,928.2,24.4,-40.0,1.0,1.0,1.0,1.0,0.0,284.0
2026-07-21 16:16:28.165,25.18,29.18,30.12,29.5,4.12,28.79,928.2,24.4,-40.0,1.0,1.0,1.0,1.0,0.0,284.0
2026-07-21 16:16:28.365,25.18,29.18,30.12,29.5,4.12,28.79,928.2,24.4,-40.0,1.0,1.0,1.0,1.0,0.0,284.0
2026-07-21 16:16:28.565,25.18,29.18,30.12,29.5,4.12,28.79,928.2,24.4,-40.0,1.0,1.0,1.0,1.0,0.0,284.0
2026-07-21 16:16:28.765,25.25,29.12,30.12,29.5,4.12,28.79,928.2,24.4,-40.0,1.0,1.0,1.0,1.0,0.0,284.0
2026-07-21 16:16:28.965,25.25,29.12,30.12,29.5,4.12,28.79,928.2,24.5,-40.0,1.0,1.0,1.0,1.0,0.0,285.0
2026-07-21 16:16:29.165,25.25,29.12,30.12,29.5,4.12,28.79,928.2,24.5,-40.0,1.0,1.0,1.0,1.0,0.0,285.0
2026-07-21 16:16:29.364,25.25,29.12,30.12,29.5,4.12,28.79,928.2,24.5,-40.0,1.0,1.0,1.0,1.0,0.0,285.0
2026-07-21 16:16:29.565,25.25,29.12,30.12,29.5,4.12,28.79,928.1,24.7,-40.0,1.0,1.0,1.0,1.0,0.0,285.0
2026-07-21 16:16:29.765,25.18,29.18,30.12,29.5,4.06,28.79,928.1,24.7,-40.0,1.0,1.0,1.0,1.0,0.0,285.0
2026-07-21 16:16:29.965,25.18,29.18,30.12,29.5,4.06,28.78,928.2,24.5,-40.0,1.0,1.0,1.0,1.0,0.0,286.0
2026-07-21 16:16:30.165,25.18,29.18,30.12,29.5,4.06,28.78,928.2,24.5,-40.0,1.0,1.0,1.0,1.0,0.0,286.0
2026-07-21 16:16:30.365,25.18,29.18,30.12,29.5,4.06,28.78,928.2,24.5,-40.0,1.0,1.0,1.0,1.0,0.0,286.0
2026-07-21 16:16:30.566,25.18,29.18,30.12,29.5,4.06,28.79,928.2,24.4,-40.0,1.0,1.0,1.0,1.0,0.0,286.0
2026-07-21 16:16:30.765,25.18,29.12,30.12,29.5,4.06,28.79,928.2,24.4,-40.0,1.0,1.0,1.0,1.0,0.0,286.0
2026-07-21 16:16:30.965,25.18,29.12,30.12,29.5,4.06,28.79,928.1,24.4,-40.0,1.0,1.0,1.0,1.0,0.0,287.0
2026-07-21 16:16:31.165,25.18,29.12,30.12,29.5,4.06,28.79,928.1,24.4,-40.0,1.0,1.0,1.0,1.0,0.0,287.0
2026-07-21 16:16:31.365,25.18,29.12,30.12,29.5,4.06,28.79,928.1,24.4,-40.0,1.0,1.0,1.0,1.0,0.0,287.0
2026-07-21 16:16:31.564,25.18,29.12,30.12,29.5,4.06,28.79,928.2,24.4,-40.0,1.0,1.0,1.0,1.0,0.0,287.0
2026-07-21 16:16:31.765,25.18,29.12,30.12,29.5,4.06,28.79,928.2,24.4,-40.0,1.0,1.0,1.0,1.0,0.0,287.0
2026-07-21 16:16:31.966,25.18,29.12,30.12,29.5,4.06,28.79,928.2,24.4,-40.0,1.0,1.0,1.0,1.0,0.0,288.0
2026-07-21 16:16:32.165,25.18,29.12,30.12,29.5,4.06,28.79,928.2,24.4,-40.0,1.0,1.0,1.0,1.0,0.0,288.0
2026-07-21 16:16:32.365,25.18,29.12,30.12,29.5,4.06,28.79,928.2,24.4,-40.0,1.0,1.0,1.0,1.0,0.0,288.0
2026-07-21 16:16:32.566,25.18,29.12,30.12,29.5,4.06,28.79,928.2,24.4,-40.0,1.0,1.0,1.0,1.0,0.0,288.0
2026-07-21 16:16:32.772,25.18,29.06,30.12,29.5,4.06,28.79,928.2,24.4,-40.0,1.0,1.0,1.0,1.0,0.0,288.0
2026-07-21 16:16:32.967,25.18,29.06,30.12,29.5,4.06,28.79,928.2,24.4,-40.0,1.0,1.0,1.0,1.0,0.0,289.0
2026-07-21 16:16:33.165,25.18,29.06,30.12,29.5,4.06,28.79,928.2,24.4,-40.0,1.0,1.0,1.0,1.0,0.0,289.0
2026-07-21 16:16:33.365,25.18,29.06,30.12,29.5,4.06,28.79,928.2,24.4,-40.0,1.0,1.0,1.0,1.0,0.0,289.0
2026-07-21 16:16:33.565,25.18,29.06,30.12,29.5,4.06,28.79,928.2,24.6,-40.0,1.0,1.0,1.0,1.0,0.0,289.0
2026-07-21 16:16:33.765,25.12,29.12,30.12,29.5,4.06,28.79,928.2,24.6,-40.0,1.0,1.0,1.0,1.0,0.0,289.0
2026-07-21 16:16:33.964,25.12,29.12,30.12,29.5,4.06,28.79,928.2,24.6,-40.0,1.0,1.0,1.0,1.0,0.0,290.0
2026-07-21 16:16:34.164,25.12,29.12,30.12,29.5,4.06,28.79,928.2,24.6,-40.0,1.0,1.0,1.0,1.0,0.0,290.0
2026-07-21 16:16:34.381,25.12,29.12,30.12,29.5,4.06,28.79,928.2,24.6,-40.0,1.0,1.0,1.0,1.0,0.0,290.0
2026-07-21 16:16:34.565,25.12,29.12,30.12,29.5,4.06,28.79,928.2,24.2,-40.0,1.0,1.0,1.0,1.0,0.0,290.0
2026-07-21 16:16:34.765,25.12,29.12,30.18,29.5,4.06,28.79,928.2,24.2,-40.0,1.0,1.0,1.0,1.0,0.0,290.0
2026-07-21 16:16:34.964,25.12,29.12,30.18,29.5,4.06,28.79,928.2,24.6,-40.0,1.0,1.0,1.0,1.0,0.0,291.0
2026-07-21 16:16:35.165,25.12,29.12,30.18,29.5,4.06,28.79,928.2,24.6,-40.0,1.0,1.0,1.0,1.0,0.0,291.0
2026-07-21 16:16:35.365,25.12,29.12,30.18,29.5,4.06,28.79,928.2,24.6,-40.0,1.0,1.0,1.0,1.0,0.0,291.0
2026-07-21 16:16:35.565,25.12,29.12,30.18,29.5,4.06,28.79,928.2,24.8,-40.0,1.0,1.0,1.0,1.0,0.0,291.0
2026-07-21 16:16:35.765,25.12,29.12,30.18,29.5,4.06,28.79,928.2,24.8,-40.0,1.0,1.0,1.0,1.0,0.0,291.0
2026-07-21 16:16:35.964,25.12,29.12,30.18,29.5,4.06,28.78,928.2,24.2,-40.0,1.0,1.0,1.0,1.0,0.0,292.0
2026-07-21 16:16:36.165,25.12,29.12,30.18,29.5,4.06,28.78,928.2,24.2,-40.0,1.0,1.0,1.0,1.0,0.0,292.0
2026-07-21 16:16:36.365,25.12,29.12,30.18,29.5,4.06,28.78,928.2,24.2,-40.0,1.0,1.0,1.0,1.0,0.0,292.0
2026-07-21 16:16:36.565,25.12,29.12,30.18,29.5,4.06,28.79,928.2,24.7,-40.0,1.0,1.0,1.0,1.0,0.0,292.0
2026-07-21 16:16:36.765,25.12,29.12,30.18,29.5,4.0,28.79,928.2,24.7,-40.0,1.0,1.0,1.0,1.0,0.0,292.0
2026-07-21 16:16:36.965,25.12,29.12,30.18,29.5,4.0,28.79,928.2,24.5,-40.0,1.0,1.0,1.0,1.0,0.0,293.0
2026-07-21 16:16:37.164,25.12,29.12,30.18,29.5,4.0,28.79,928.2,24.5,-40.0,1.0,1.0,1.0,1.0,0.0,293.0
2026-07-21 16:16:37.364,25.12,29.12,30.18,29.5,4.0,28.79,928.2,24.5,-40.0,1.0,1.0,1.0,1.0,0.0,293.0
2026-07-21 16:16:37.565,25.12,29.12,30.18,29.5,4.0,28.79,928.2,24.3,-40.0,1.0,1.0,1.0,1.0,0.0,293.0
2026-07-21 16:16:37.765,25.12,29.12,30.12,29.5,4.0,28.79,928.2,24.3,-40.0,1.0,1.0,1.0,1.0,0.0,293.0
2026-07-21 16:16:37.965,25.12,29.12,30.12,29.5,4.0,28.79,928.2,24.6,-40.0,1.0,1.0,1.0,1.0,0.0,294.0
2026-07-21 16:16:38.165,25.12,29.12,30.12,29.5,4.0,28.79,928.2,24.6,-40.0,1.0,1.0,1.0,1.0,0.0,294.0
2026-07-21 16:16:38.365,25.12,29.12,30.12,29.5,4.0,28.79,928.2,24.6,-40.0,1.0,1.0,1.0,1.0,0.0,294.0
2026-07-21 16:16:38.565,25.12,29.12,30.12,29.5,4.0,28.79,928.2,24.4,-40.0,1.0,1.0,1.0,1.0,0.0,294.0
2026-07-21 16:16:38.765,25.06,29.06,30.12,29.5,4.0,28.79,928.2,24.4,-40.0,1.0,1.0,1.0,1.0,0.0,294.0
2026-07-21 16:16:38.965,25.06,29.06,30.12,29.5,4.0,28.79,928.2,24.5,-40.0,1.0,1.0,1.0,1.0,0.0,295.0
2026-07-21 16:16:39.165,25.06,29.06,30.12,29.5,4.0,28.79,928.2,24.5,-40.0,1.0,1.0,1.0,1.0,0.0,295.0
2026-07-21 16:16:39.365,25.06,29.06,30.12,29.5,4.0,28.79,928.2,24.5,-40.0,1.0,1.0,1.0,1.0,0.0,295.0
2026-07-21 16:16:39.565,25.06,29.06,30.12,29.5,4.0,28.79,928.3,24.2,-40.0,1.0,1.0,1.0,1.0,0.0,295.0
2026-07-21 16:16:39.764,25.06,29.06,30.12,29.5,4.0,28.79,928.3,24.2,-40.0,1.0,1.0,1.0,1.0,0.0,295.0
2026-07-21 16:16:39.965,25.06,29.06,30.12,29.5,4.0,28.79,928.2,24.5,-40.0,1.0,1.0,1.0,1.0,0.0,296.0
2026-07-21 16:16:40.166,25.06,29.06,30.12,29.5,4.0,28.79,928.2,24.5,-40.0,1.0,1.0,1.0,1.0,0.0,296.0
2026-07-21 16:16:40.365,25.06,29.06,30.12,29.5,4.0,28.79,928.2,24.5,-40.0,1.0,1.0,1.0,1.0,0.0,296.0
2026-07-21 16:16:40.565,25.06,29.06,30.12,29.5,4.0,28.79,928.2,24.5,-40.0,1.0,1.0,1.0,1.0,0.0,296.0
2026-07-21 16:16:40.765,25.06,29.12,30.12,29.5,4.0,28.79,928.2,24.5,-40.0,1.0,1.0,1.0,1.0,0.0,296.0
2026-07-21 16:16:40.965,25.06,29.12,30.12,29.5,4.0,28.79,928.2,24.3,-40.0,1.0,1.0,1.0,1.0,0.0,297.0
2026-07-21 16:16:41.165,25.06,29.12,30.12,29.5,4.0,28.79,928.2,24.3,-40.0,1.0,1.0,1.0,1.0,0.0,297.0
2026-07-21 16:16:41.365,25.06,29.12,30.12,29.5,4.0,28.79,928.2,24.3,-40.0,1.0,1.0,1.0,1.0,0.0,297.0
2026-07-21 16:16:41.565,25.06,29.12,30.12,29.5,4.0,28.79,928.3,24.5,-40.0,1.0,1.0,1.0,1.0,0.0,297.0
2026-07-21 16:16:41.765,25.06,29.12,30.18,29.5,4.0,28.79,928.3,24.5,-40.0,1.0,1.0,1.0,1.0,0.0,297.0
2026-07-21 16:16:41.965,25.06,29.12,30.18,29.5,4.0,28.79,928.2,24.3,-40.0,1.0,1.0,1.0,1.0,0.0,298.0
2026-07-21 16:16:42.165,25.06,29.12,30.18,29.5,4.0,28.79,928.2,24.3,-40.0,1.0,1.0,1.0,1.0,0.0,298.0
2026-07-21 16:16:42.364,25.06,29.12,30.18,29.5,4.0,28.79,928.2,24.3,-40.0,1.0,1.0,1.0,1.0,0.0,298.0
2026-07-21 16:16:42.566,25.06,29.12,30.18,29.5,4.0,28.79,928.3,24.5,-40.0,1.0,1.0,1.0,1.0,0.0,298.0
2026-07-21 16:16:42.765,25.06,29.12,30.12,29.5,4.0,28.79,928.3,24.5,-40.0,1.0,1.0,1.0,1.0,0.0,298.0
2026-07-21 16:16:42.966,25.06,29.12,30.12,29.5,4.0,28.79,928.2,24.3,-40.0,1.0,1.0,1.0,1.0,0.0,299.0
2026-07-21 16:16:43.165,25.06,29.12,30.12,29.5,4.0,28.79,928.2,24.3,-40.0,1.0,1.0,1.0,1.0,0.0,299.0
2026-07-21 16:16:43.365,25.06,29.12,30.12,29.5,4.0,28.79,928.2,24.3,-40.0,1.0,1.0,1.0,1.0,0.0,299.0
2026-07-21 16:16:43.566,25.06,29.12,30.12,29.5,4.0,28.79,928.3,24.4,-40.0,1.0,1.0,1.0,1.0,0.0,299.0
2026-07-21 16:16:43.765,25.06,29.12,30.12,29.5,3.93,28.79,928.3,24.4,-40.0,1.0,1.0,1.0,1.0,0.0,299.0
2026-07-21 16:16:43.964,25.06,29.12,30.12,29.5,3.93,28.79,928.2,24.3,-40.0,1.0,1.0,1.0,1.0,0.0,300.0
2026-07-21 16:16:44.165,25.06,29.12,30.12,29.5,3.93,28.79,928.2,24.3,-40.0,1.0,1.0,1.0,1.0,0.0,300.0
2026-07-21 16:16:44.364,25.06,29.12,30.12,29.5,3.93,28.79,928.2,24.3,-40.0,1.0,1.0,1.0,1.0,0.0,300.0
2026-07-21 16:16:44.565,25.06,29.12,30.12,29.5,3.93,28.78,928.2,24.1,-40.0,1.0,1.0,1.0,1.0,0.0,300.0
2026-07-21 16:16:44.766,25.06,29.12,30.12,29.5,3.93,28.78,928.2,24.1,-40.0,1.0,1.0,1.0,1.0,0.0,300.0
2026-07-21 16:16:44.965,25.06,29.12,30.12,29.5,3.93,28.79,928.2,24.4,-40.0,1.0,1.0,1.0,1.0,0.0,301.0
2026-07-21 16:16:45.164,25.06,29.12,30.12,29.5,3.93,28.79,928.2,24.4,-40.0,1.0,1.0,1.0,1.0,0.0,301.0
2026-07-21 16:16:45.364,25.06,29.12,30.12,29.5,3.93,28.79,928.2,24.4,-40.0,1.0,1.0,1.0,1.0,0.0,301.0
2026-07-21 16:16:45.565,25.06,29.12,30.12,29.5,3.93,28.79,928.2,24.4,-40.0,1.0,1.0,1.0,1.0,0.0,301.0
2026-07-21 16:16:45.764,25.06,29.12,30.12,29.56,3.93,28.79,928.2,24.4,-40.0,1.0,1.0,1.0,1.0,0.0,301.0
2026-07-21 16:16:45.965,25.06,29.12,30.12,29.56,3.93,28.79,928.2,24.6,-40.0,1.0,1.0,1.0,1.0,0.0,302.0
2026-07-21 16:16:46.170,25.06,29.12,30.12,29.56,3.93,28.79,928.2,24.6,-40.0,1.0,1.0,1.0,1.0,0.0,302.0
2026-07-21 16:16:46.364,25.06,29.12,30.12,29.56,3.93,28.79,928.2,24.6,-40.0,1.0,1.0,1.0,1.0,0.0,302.0
2026-07-21 16:16:46.565,25.06,29.12,30.12,29.56,3.93,28.79,928.2,24.5,-40.0,1.0,1.0,1.0,1.0,0.0,302.0
2026-07-21 16:16:46.764,25.06,29.12,30.12,29.5,3.93,28.79,928.2,24.5,-40.0,1.0,1.0,1.0,1.0,0.0,302.0
2026-07-21 16:16:46.965,25.06,29.12,30.12,29.5,3.93,28.79,928.2,24.6,-40.0,1.0,1.0,1.0,1.0,0.0,303.0
2026-07-21 16:16:47.165,25.06,29.12,30.12,29.5,3.93,28.79,928.2,24.6,-40.0,1.0,1.0,1.0,1.0,0.0,303.0
2026-07-21 16:16:47.365,25.06,29.12,30.12,29.5,3.93,28.79,928.2,24.6,-40.0,1.0,1.0,1.0,1.0,0.0,303.0
2026-07-21 16:16:47.565,25.06,29.12,30.12,29.5,3.93,28.79,928.2,24.4,-40.0,1.0,1.0,1.0,1.0,0.0,303.0
2026-07-21 16:16:47.764,25.06,29.12,30.18,29.5,3.93,28.79,928.2,24.4,-40.0,1.0,1.0,1.0,1.0,0.0,303.0
2026-07-21 16:16:47.964,25.06,29.12,30.18,29.5,3.93,28.79,928.2,24.6,-40.0,1.0,1.0,1.0,1.0,0.0,304.0
2026-07-21 16:16:48.164,25.06,29.12,30.18,29.5,3.93,28.79,928.2,24.6,-40.0,1.0,1.0,1.0,1.0,0.0,304.0
2026-07-21 16:16:48.365,25.06,29.12,30.18,29.5,3.93,28.79,928.2,24.6,-40.0,1.0,1.0,1.0,1.0,0.0,304.0
2026-07-21 16:16:48.565,25.06,29.12,30.18,29.5,3.93,28.79,928.2,24.3,-40.0,1.0,1.0,1.0,1.0,0.0,304.0
2026-07-21 16:16:48.786,25.12,29.12,30.18,29.5,3.87,28.79,928.2,24.3,-40.0,1.0,1.0,1.0,1.0,0.0,304.0
2026-07-21 16:16:48.964,25.12,29.12,30.18,29.5,3.87,28.79,928.2,24.5,-40.0,1.0,1.0,1.0,1.0,0.0,305.0
2026-07-21 16:16:49.165,25.12,29.12,30.18,29.5,3.87,28.79,928.2,24.5,-40.0,1.0,1.0,1.0,1.0,0.0,305.0
2026-07-21 16:16:49.364,25.12,29.12,30.18,29.5,3.87,28.79,928.2,24.5,-40.0,1.0,1.0,1.0,1.0,0.0,305.0
2026-07-21 16:16:49.565,25.12,29.12,30.18,29.5,3.87,28.79,928.2,24.4,-40.0,1.0,1.0,1.0,1.0,0.0,305.0
2026-07-21 16:16:49.764,25.12,29.12,30.12,29.5,3.87,28.79,928.2,24.4,-40.0,1.0,1.0,1.0,1.0,0.0,305.0
2026-07-21 16:16:49.964,25.12,29.12,30.12,29.5,3.87,28.79,928.3,24.1,-40.0,1.0,1.0,1.0,1.0,0.0,306.0
2026-07-21 16:16:50.165,25.12,29.12,30.12,29.5,3.87,28.79,928.3,24.1,-40.0,1.0,1.0,1.0,1.0,0.0,306.0
2026-07-21 16:16:50.364,25.12,29.12,30.12,29.5,3.87,28.79,928.3,24.1,-40.0,1.0,1.0,1.0,1.0,0.0,306.0
2026-07-21 16:16:50.564,25.12,29.12,30.12,29.5,3.87,28.79,928.3,24.1,-40.0,1.0,1.0,1.0,1.0,0.0,306.0
2026-07-21 16:16:50.764,25.12,29.12,30.12,29.56,3.87,28.79,928.3,24.1,-40.0,1.0,1.0,1.0,1.0,0.0,306.0
2026-07-21 16:16:50.965,25.12,29.12,30.12,29.56,3.87,28.79,928.2,24.5,-40.0,1.0,1.0,1.0,1.0,0.0,307.0
2026-07-21 16:16:51.165,25.12,29.12,30.12,29.56,3.87,28.79,928.2,24.5,-40.0,1.0,1.0,1.0,1.0,0.0,307.0
2026-07-21 16:16:51.365,25.12,29.12,30.12,29.56,3.87,28.79,928.2,24.5,-40.0,1.0,1.0,1.0,1.0,0.0,307.0
2026-07-21 16:16:51.565,25.12,29.12,30.12,29.56,3.87,28.79,928.2,23.9,-40.0,1.0,1.0,1.0,1.0,0.0,307.0
2026-07-21 16:16:51.764,25.12,29.12,30.12,29.5,3.87,28.79,928.2,23.9,-40.0,1.0,1.0,1.0,1.0,0.0,307.0
2026-07-21 16:16:51.965,25.12,29.12,30.12,29.5,3.87,28.79,928.2,24.2,-40.0,1.0,1.0,1.0,1.0,0.0,308.0
2026-07-21 16:16:52.164,25.12,29.12,30.12,29.5,3.87,28.79,928.2,24.2,-40.0,1.0,1.0,1.0,1.0,0.0,308.0
2026-07-21 16:16:52.364,25.12,29.12,30.12,29.5,3.87,28.79,928.2,24.2,-40.0,1.0,1.0,1.0,1.0,0.0,308.0
2026-07-21 16:16:52.564,25.12,29.12,30.12,29.5,3.87,28.79,928.2,24.6,-40.0,1.0,1.0,1.0,1.0,0.0,308.0
2026-07-21 16:16:52.764,25.12,29.12,30.12,29.5,3.87,28.79,928.2,24.6,-40.0,1.0,1.0,1.0,1.0,0.0,308.0
2026-07-21 16:16:52.964,25.12,29.12,30.12,29.5,3.87,28.79,928.2,24.7,-40.0,1.0,1.0,1.0,1.0,0.0,309.0
2026-07-21 16:16:53.165,25.12,29.12,30.12,29.5,3.87,28.79,928.2,24.7,-40.0,1.0,1.0,1.0,1.0,0.0,309.0
2026-07-21 16:16:53.364,25.12,29.12,30.12,29.5,3.87,28.79,928.2,24.7,-40.0,1.0,1.0,1.0,1.0,0.0,309.0
2026-07-21 16:16:53.565,25.12,29.12,30.12,29.5,3.87,28.8,928.3,24.9,-40.0,1.0,1.0,1.0,1.0,0.0,309.0
2026-07-21 16:16:53.765,25.12,29.12,30.12,29.5,3.87,28.8,928.3,24.9,-40.0,1.0,1.0,1.0,1.0,0.0,309.0
2026-07-21 16:16:53.964,25.12,29.12,30.12,29.5,3.87,28.79,928.2,25.0,-40.0,1.0,1.0,1.0,1.0,0.0,310.0
2026-07-21 16:16:54.164,25.12,29.12,30.12,29.5,3.87,28.79,928.2,25.0,-40.0,1.0,1.0,1.0,1.0,0.0,310.0
2026-07-21 16:16:54.364,25.12,29.12,30.12,29.5,3.87,28.79,928.2,25.0,-40.0,1.0,1.0,1.0,1.0,0.0,310.0
2026-07-21 16:16:54.564,25.12,29.12,30.12,29.5,3.87,28.79,928.2,25.3,-40.0,1.0,1.0,1.0,1.0,0.0,310.0
2026-07-21 16:16:54.764,25.18,29.12,30.12,29.5,3.87,28.79,928.2,25.3,-40.0,1.0,1.0,1.0,1.0,0.0,310.0
2026-07-21 16:16:54.965,25.18,29.12,30.12,29.5,3.87,28.8,928.2,25.3,-40.0,1.0,1.0,1.0,1.0,0.0,311.0
2026-07-21 16:16:55.164,25.18,29.12,30.12,29.5,3.87,28.8,928.2,25.3,-40.0,1.0,1.0,1.0,1.0,0.0,311.0
2026-07-21 16:16:55.365,25.18,29.12,30.12,29.5,3.87,28.8,928.2,25.3,-40.0,1.0,1.0,1.0,1.0,0.0,311.0
2026-07-21 16:16:55.565,25.18,29.12,30.12,29.5,3.87,28.79,928.2,24.9,-40.0,1.0,1.0,1.0,1.0,0.0,311.0
2026-07-21 16:16:55.764,25.18,29.06,30.12,29.5,3.87,28.79,928.2,24.9,-40.0,1.0,1.0,1.0,1.0,0.0,311.0
2026-07-21 16:16:55.965,25.18,29.06,30.12,29.5,3.87,28.79,928.2,25.3,-40.0,1.0,1.0,1.0,1.0,0.0,312.0
2026-07-21 16:16:56.164,25.18,29.06,30.12,29.5,3.87,28.79,928.2,25.3,-40.0,1.0,1.0,1.0,1.0,0.0,312.0
2026-07-21 16:16:56.364,25.18,29.06,30.12,29.5,3.87,28.79,928.2,25.3,-40.0,1.0,1.0,1.0,1.0,0.0,312.0
2026-07-21 16:16:56.564,25.18,29.06,30.12,29.5,3.87,28.8,928.2,25.1,-40.0,1.0,1.0,1.0,1.0,0.0,312.0
2026-07-21 16:16:56.764,25.18,29.06,30.12,29.5,3.87,28.8,928.2,25.1,-40.0,1.0,1.0,1.0,1.0,0.0,312.0
2026-07-21 16:16:56.964,25.18,29.06,30.12,29.5,3.87,28.79,928.2,25.2,-40.0,1.0,1.0,1.0,1.0,0.0,313.0
2026-07-21 16:16:57.178,25.18,29.06,30.12,29.5,3.87,28.79,928.2,25.2,-40.0,1.0,1.0,1.0,1.0,0.0,313.0
2026-07-21 16:16:57.365,25.18,29.06,30.12,29.5,3.87,28.79,928.2,25.2,-40.0,1.0,1.0,1.0,1.0,0.0,313.0
2026-07-21 16:16:57.566,25.18,29.06,30.12,29.5,3.87,28.79,928.2,25.2,-40.0,1.0,1.0,1.0,1.0,0.0,313.0
2026-07-21 16:16:57.764,25.25,29.06,30.12,29.5,3.81,28.79,928.2,25.2,-40.0,1.0,1.0,1.0,1.0,0.0,313.0
2026-07-21 16:16:57.964,25.25,29.06,30.12,29.5,3.81,28.79,928.2,25.3,-40.0,1.0,1.0,1.0,1.0,0.0,314.0
2026-07-21 16:16:58.164,25.25,29.06,30.12,29.5,3.81,28.79,928.2,25.3,-40.0,1.0,1.0,0.0,0.0,0.0,314.0
2026-07-21 16:16:58.364,25.25,29.06,30.12,29.5,3.81,28.79,928.2,25.3,-40.0,1.0,1.0,0.0,0.0,0.0,314.0
2026-07-21 16:16:58.564,25.25,29.06,30.12,29.5,3.81,28.79,928.2,24.6,-40.0,1.0,1.0,0.0,0.0,0.0,314.0
2026-07-21 16:16:58.764,25.25,29.06,30.12,29.5,3.81,28.79,928.2,24.6,-40.0,1.0,1.0,0.0,0.0,0.0,314.0
2026-07-21 16:16:58.965,25.25,29.06,30.12,29.5,3.81,28.79,928.2,24.8,-40.0,1.0,1.0,0.0,0.0,0.0,315.0
2026-07-21 16:16:59.164,25.25,29.06,30.12,29.5,3.81,28.79,928.2,24.8,-40.0,1.0,1.0,0.0,0.0,0.0,315.0
2026-07-21 16:16:59.366,25.25,29.06,30.12,29.5,3.81,28.79,928.2,24.8,-40.0,1.0,1.0,0.0,0.0,0.0,315.0
2026-07-21 16:16:59.564,25.25,29.06,30.12,29.5,3.81,28.79,928.2,25.1,-40.0,1.0,1.0,0.0,0.0,0.0,315.0
2026-07-21 16:16:59.764,25.25,29.06,30.12,29.5,3.81,28.79,928.2,25.1,-40.0,1.0,1.0,0.0,0.0,0.0,315.0
2026-07-21 16:16:59.965,25.25,29.06,30.12,29.5,3.81,28.79,928.2,24.7,-40.0,1.0,1.0,0.0,0.0,0.0,316.0
2026-07-21 16:17:00.164,25.25,29.06,30.12,29.5,3.81,28.79,928.2,24.7,-40.0,0.0,1.0,0.0,0.0,0.0,316.0
2026-07-21 16:17:00.364,25.25,29.06,30.12,29.5,3.81,28.79,928.2,24.7,-40.0,0.0,1.0,0.0,0.0,0.0,316.0
2026-07-21 16:17:00.564,25.25,29.06,30.12,29.5,3.81,28.79,928.3,24.6,-40.0,0.0,1.0,0.0,0.0,0.0,316.0
2026-07-21 16:17:00.764,25.25,29.12,30.12,29.5,3.81,28.79,928.3,24.6,-40.0,0.0,1.0,0.0,0.0,0.0,316.0
2026-07-21 16:17:00.964,25.25,29.12,30.12,29.5,3.81,28.79,928.2,24.5,-40.0,0.0,1.0,0.0,0.0,0.0,317.0
2026-07-21 16:17:01.164,25.25,29.12,30.12,29.5,3.81,28.79,928.2,24.5,-40.0,0.0,1.0,0.0,0.0,0.0,317.0
2026-07-21 16:17:01.364,25.25,29.12,30.12,29.5,3.81,28.79,928.2,24.5,-40.0,0.0,1.0,0.0,0.0,0.0,317.0
2026-07-21 16:17:01.565,25.25,29.12,30.12,29.5,3.81,28.79,928.1,24.5,-40.0,0.0,1.0,0.0,0.0,0.0,317.0
2026-07-21 16:17:01.764,25.31,29.06,30.12,29.5,3.81,28.79,928.1,24.5,-40.0,0.0,1.0,0.0,0.0,0.0,317.0
2026-07-21 16:17:01.964,25.31,29.06,30.12,29.5,3.81,28.79,928.2,24.4,-40.0,0.0,1.0,0.0,0.0,0.0,318.0
2026-07-21 16:17:02.164,25.31,29.06,30.12,29.5,3.81,28.79,928.2,24.4,-40.0,0.0,1.0,0.0,0.0,0.0,318.0
2026-07-21 16:17:02.364,25.31,29.06,30.12,29.5,3.81,28.79,928.2,24.4,-40.0,0.0,1.0,0.0,0.0,0.0,318.0
2026-07-21 16:17:02.564,25.31,29.06,30.12,29.5,3.81,28.79,928.1,24.2,-40.0,0.0,1.0,0.0,0.0,0.0,318.0
2026-07-21 16:17:02.764,25.43,29.06,30.12,29.5,3.81,28.79,928.1,24.2,-40.0,0.0,1.0,0.0,0.0,0.0,318.0
2026-07-21 16:17:02.994,25.43,29.06,30.12,29.5,3.81,28.79,928.2,24.8,-40.0,0.0,1.0,0.0,0.0,0.0,319.0
2026-07-21 16:17:03.164,25.43,29.06,30.12,29.5,3.81,28.79,928.2,24.8,-40.0,0.0,1.0,0.0,0.0,0.0,319.0
2026-07-21 16:17:03.364,25.43,29.06,30.12,29.5,3.81,28.79,928.2,24.8,-40.0,0.0,1.0,0.0,0.0,0.0,319.0
2026-07-21 16:17:03.564,25.43,29.06,30.12,29.5,3.81,28.79,928.2,24.7,-40.0,0.0,1.0,0.0,0.0,0.0,319.0
2026-07-21 16:17:03.764,25.43,29.06,30.12,29.5,3.81,28.79,928.2,24.7,-40.0,0.0,1.0,0.0,0.0,0.0,319.0
2026-07-21 16:17:03.965,25.43,29.06,30.12,29.5,3.81,28.79,928.2,24.5,-40.0,0.0,1.0,0.0,0.0,0.0,320.0
2026-07-21 16:17:04.164,25.43,29.06,30.12,29.5,3.81,28.79,928.2,24.5,-40.0,0.0,1.0,0.0,0.0,0.0,320.0
2026-07-21 16:17:04.363,25.43,29.06,30.12,29.5,3.81,28.79,928.2,24.5,-40.0,0.0,1.0,0.0,0.0,0.0,320.0
2026-07-21 16:17:04.564,25.43,29.06,30.12,29.5,3.81,28.79,928.2,24.4,-40.0,0.0,1.0,0.0,0.0,0.0,320.0
2026-07-21 16:17:04.764,25.5,29.06,30.12,29.5,3.81,28.79,928.2,24.4,-40.0,0.0,1.0,0.0,0.0,0.0,320.0
2026-07-21 16:17:04.965,25.5,29.06,30.12,29.5,3.81,28.8,928.2,24.3,-40.0,0.0,1.0,0.0,0.0,0.0,321.0
2026-07-21 16:17:05.164,25.5,29.06,30.12,29.5,3.81,28.8,928.2,24.3,-40.0,0.0,1.0,0.0,0.0,0.0,321.0
2026-07-21 16:17:05.364,25.5,29.06,30.12,29.5,3.81,28.8,928.2,24.3,-40.0,0.0,1.0,0.0,0.0,0.0,321.0
2026-07-21 16:17:05.564,25.5,29.06,30.12,29.5,3.81,28.79,928.2,24.4,-40.0,0.0,1.0,0.0,0.0,0.0,321.0
2026-07-21 16:17:05.763,25.5,29.06,30.12,29.5,3.81,28.79,928.2,24.4,-40.0,0.0,1.0,0.0,0.0,0.0,321.0
2026-07-21 16:17:05.964,25.5,29.06,30.12,29.5,3.81,28.79,928.2,24.2,-40.0,0.0,1.0,0.0,0.0,0.0,322.0
2026-07-21 16:17:06.163,25.5,29.06,30.12,29.5,3.81,28.79,928.2,24.2,-40.0,0.0,1.0,0.0,0.0,0.0,322.0
2026-07-21 16:17:06.364,25.5,29.06,30.12,29.5,3.81,28.79,928.2,24.2,-40.0,0.0,1.0,0.0,0.0,0.0,322.0
2026-07-21 16:17:06.564,25.5,29.06,30.12,29.5,3.81,28.79,928.2,24.3,-40.0,0.0,1.0,0.0,0.0,0.0,322.0
2026-07-21 16:17:06.764,25.62,29.06,30.18,29.5,3.75,28.79,928.2,24.3,-40.0,0.0,1.0,0.0,0.0,0.0,322.0
2026-07-21 16:17:06.964,25.62,29.06,30.18,29.5,3.75,28.79,928.2,24.7,-40.0,0.0,1.0,0.0,0.0,0.0,323.0
2026-07-21 16:17:07.194,25.62,29.06,30.18,29.5,3.75,28.79,928.2,24.7,-40.0,0.0,1.0,0.0,0.0,0.0,323.0
2026-07-21 16:17:07.364,25.62,29.06,30.18,29.5,3.75,28.79,928.2,24.7,-40.0,0.0,1.0,0.0,0.0,0.0,323.0
2026-07-21 16:17:07.564,25.62,29.06,30.18,29.5,3.75,28.79,928.1,24.1,-40.0,0.0,1.0,0.0,0.0,0.0,323.0
2026-07-21 16:17:07.779,25.68,29.06,30.12,29.5,3.75,28.79,928.1,24.1,-40.0,0.0,1.0,0.0,0.0,0.0,323.0
2026-07-21 16:17:07.964,25.68,29.06,30.12,29.5,3.75,28.79,928.2,24.5,-40.0,0.0,1.0,0.0,0.0,0.0,324.0
2026-07-21 16:17:08.165,25.68,29.06,30.12,29.5,3.75,28.79,928.2,24.5,-40.0,0.0,1.0,0.0,0.0,0.0,324.0
2026-07-21 16:17:08.364,25.68,29.06,30.12,29.5,3.75,28.79,928.2,24.5,-40.0,0.0,1.0,0.0,0.0,0.0,324.0
2026-07-21 16:17:08.564,25.68,29.06,30.12,29.5,3.75,28.79,928.2,24.4,-40.0,0.0,1.0,0.0,0.0,0.0,324.0
2026-07-21 16:17:08.764,25.75,29.06,30.12,29.5,3.75,28.79,928.2,24.4,-40.0,0.0,1.0,0.0,0.0,0.0,324.0
2026-07-21 16:17:08.964,25.75,29.06,30.12,29.5,3.75,28.79,928.2,24.2,-40.0,0.0,1.0,0.0,0.0,0.0,325.0
2026-07-21 16:17:09.164,25.75,29.06,30.12,29.5,3.75,28.79,928.2,24.2,-40.0,0.0,1.0,0.0,0.0,0.0,325.0
2026-07-21 16:17:09.364,25.75,29.06,30.12,29.5,3.75,28.79,928.2,24.2,-40.0,0.0,1.0,0.0,0.0,0.0,325.0
2026-07-21 16:17:09.564,25.75,29.06,30.12,29.5,3.75,28.79,928.2,24.3,-40.0,0.0,1.0,0.0,0.0,0.0,325.0
2026-07-21 16:17:09.763,25.81,29.06,30.12,29.5,3.75,28.79,928.2,24.3,-40.0,0.0,1.0,0.0,0.0,0.0,325.0
2026-07-21 16:17:09.964,25.81,29.06,30.12,29.5,3.75,28.79,928.1,24.8,-40.0,0.0,1.0,0.0,0.0,0.0,326.0
2026-07-21 16:17:10.164,25.81,29.06,30.12,29.5,3.75,28.79,928.1,24.8,-40.0,0.0,1.0,0.0,0.0,0.0,326.0
2026-07-21 16:17:10.364,25.81,29.06,30.12,29.5,3.75,28.79,928.1,24.8,-40.0,0.0,1.0,0.0,0.0,0.0,326.0
2026-07-21 16:17:10.564,25.81,29.06,30.12,29.5,3.75,28.79,928.1,24.5,-40.0,0.0,1.0,0.0,0.0,0.0,326.0
2026-07-21 16:17:10.764,25.93,29.06,30.12,29.5,3.75,28.79,928.1,24.5,-40.0,0.0,0.0,0.0,1.0,0.0,326.0
2026-07-21 16:17:10.979,25.93,29.06,30.12,29.5,3.75,28.79,928.2,24.2,-40.0,0.0,0.0,0.0,1.0,0.0,327.0
2026-07-21 16:17:11.178,25.93,29.06,30.12,29.5,3.75,28.79,928.2,24.2,-40.0,0.0,0.0,0.0,1.0,0.0,327.0
2026-07-21 16:17:11.377,25.93,29.06,30.12,29.5,3.75,28.79,928.2,24.2,-40.0,0.0,0.0,0.0,1.0,0.0,327.0
2026-07-21 16:17:11.577,25.93,29.06,30.12,29.5,3.75,28.79,928.1,24.6,-40.0,0.0,0.0,0.0,1.0,0.0,327.0
2026-07-21 16:17:11.777,26.0,29.06,30.12,29.5,3.75,28.79,928.1,24.6,-40.0,0.0,0.0,0.0,1.0,0.0,327.0
2026-07-21 16:17:11.977,26.0,29.06,30.12,29.5,3.75,28.79,928.1,24.7,-40.0,0.0,0.0,0.0,1.0,0.0,328.0
2026-07-21 16:17:12.177,26.0,29.06,30.12,29.5,3.75,28.79,928.1,24.7,-40.0,0.0,0.0,0.0,1.0,0.0,328.0
2026-07-21 16:17:12.378,26.0,29.06,30.12,29.5,3.75,28.79,928.1,24.7,-40.0,0.0,0.0,0.0,1.0,0.0,328.0
2026-07-21 16:17:12.577,26.0,29.06,30.12,29.5,3.75,28.79,928.1,24.2,-40.0,0.0,0.0,0.0,1.0,0.0,328.0
2026-07-21 16:17:12.777,26.06,29.0,30.12,29.5,3.75,28.79,928.1,24.2,-40.0,0.0,0.0,0.0,1.0,0.0,328.0
2026-07-21 16:17:12.977,26.06,29.0,30.12,29.5,3.75,28.79,928.2,24.5,-40.0,0.0,0.0,0.0,1.0,0.0,329.0
2026-07-21 16:17:13.177,26.06,29.0,30.12,29.5,3.75,28.79,928.2,24.5,-40.0,0.0,0.0,0.0,1.0,0.0,329.0
2026-07-21 16:17:13.376,26.06,29.0,30.12,29.5,3.75,28.79,928.2,24.5,-40.0,0.0,0.0,0.0,1.0,0.0,329.0
2026-07-21 16:17:13.577,26.06,29.0,30.12,29.5,3.75,28.79,928.1,24.5,-40.0,0.0,0.0,0.0,1.0,0.0,329.0
2026-07-21 16:17:13.776,26.12,29.06,30.18,29.5,3.75,28.79,928.1,24.5,-40.0,0.0,0.0,0.0,1.0,0.0,329.0
2026-07-21 16:17:13.978,26.12,29.06,30.18,29.5,3.75,28.79,928.1,24.3,-40.0,0.0,0.0,0.0,1.0,0.0,330.0
2026-07-21 16:17:14.176,26.12,29.06,30.18,29.5,3.75,28.79,928.1,24.3,-40.0,0.0,0.0,0.0,1.0,0.0,330.0
2026-07-21 16:17:14.377,26.12,29.06,30.18,29.5,3.75,28.79,928.1,24.3,-40.0,0.0,0.0,0.0,1.0,0.0,330.0
2026-07-21 16:17:14.577,26.12,29.06,30.18,29.5,3.75,28.79,928.2,24.1,-40.0,0.0,0.0,0.0,1.0,0.0,330.0
2026-07-21 16:17:14.777,26.25,29.06,30.18,29.5,3.75,28.79,928.2,24.1,-40.0,0.0,0.0,0.0,1.0,0.0,330.0
2026-07-21 16:17:14.977,26.25,29.06,30.18,29.5,3.75,28.79,928.2,24.1,-40.0,0.0,0.0,0.0,1.0,0.0,331.0
2026-07-21 16:17:15.177,26.25,29.06,30.18,29.5,3.75,28.79,928.2,24.1,-40.0,0.0,0.0,0.0,1.0,0.0,331.0
2026-07-21 16:17:15.377,26.25,29.06,30.18,29.5,3.75,28.79,928.2,24.1,-40.0,0.0,0.0,0.0,1.0,0.0,331.0
2026-07-21 16:17:15.576,26.25,29.06,30.18,29.5,3.75,28.79,928.1,24.5,-40.0,0.0,0.0,0.0,1.0,0.0,331.0
2026-07-21 16:17:15.777,26.37,29.0,30.12,29.5,3.75,28.79,928.1,24.5,-40.0,0.0,0.0,0.0,1.0,0.0,331.0
2026-07-21 16:17:15.977,26.37,29.0,30.12,29.5,3.75,28.79,928.2,24.7,-40.0,0.0,0.0,0.0,1.0,0.0,332.0
2026-07-21 16:17:16.177,26.37,29.0,30.12,29.5,3.75,28.79,928.2,24.7,-40.0,0.0,0.0,0.0,1.0,0.0,332.0
2026-07-21 16:17:16.377,26.37,29.0,30.12,29.5,3.75,28.79,928.2,24.7,-40.0,0.0,0.0,0.0,1.0,0.0,332.0
2026-07-21 16:17:16.576,26.37,29.0,30.12,29.5,3.75,28.79,928.2,24.3,-40.0,0.0,0.0,0.0,1.0,0.0,332.0
2026-07-21 16:17:16.777,26.43,29.06,30.12,29.5,3.75,28.79,928.2,24.3,-40.0,0.0,0.0,0.0,1.0,0.0,332.0
2026-07-21 16:17:16.977,26.43,29.06,30.12,29.5,3.75,28.79,928.2,24.5,-40.0,0.0,0.0,0.0,1.0,0.0,333.0
2026-07-21 16:17:17.177,26.43,29.06,30.12,29.5,3.75,28.79,928.2,24.5,-40.0,0.0,0.0,0.0,1.0,0.0,333.0
2026-07-21 16:17:17.377,26.43,29.06,30.12,29.5,3.75,28.79,928.2,24.5,-40.0,0.0,0.0,0.0,1.0,0.0,333.0
2026-07-21 16:17:17.576,26.43,29.06,30.12,29.5,3.75,28.79,928.2,24.3,-40.0,0.0,0.0,0.0,1.0,0.0,333.0
2026-07-21 16:17:17.777,26.5,29.06,30.12,29.5,3.75,28.79,928.2,24.3,-40.0,0.0,0.0,0.0,1.0,0.0,333.0
2026-07-21 16:17:17.977,26.5,29.06,30.12,29.5,3.75,28.78,928.2,24.5,-40.0,0.0,0.0,0.0,1.0,0.0,334.0
2026-07-21 16:17:18.177,26.5,29.06,30.12,29.5,3.75,28.78,928.2,24.5,-40.0,0.0,0.0,0.0,1.0,0.0,334.0
2026-07-21 16:17:18.376,26.5,29.06,30.12,29.5,3.75,28.78,928.2,24.5,-40.0,0.0,0.0,0.0,1.0,0.0,334.0
2026-07-21 16:17:18.576,26.5,29.06,30.12,29.5,3.75,28.79,928.2,24.1,-40.0,0.0,0.0,0.0,1.0,0.0,334.0
2026-07-21 16:17:18.777,26.62,29.06,30.12,29.43,3.68,28.79,928.2,24.1,-40.0,1.0,1.0,0.0,1.0,0.0,334.0
2026-07-21 16:17:18.984,26.62,29.06,30.12,29.43,3.68,28.79,928.2,24.6,-40.0,1.0,1.0,0.0,1.0,0.0,335.0
2026-07-21 16:17:19.183,26.62,29.06,30.12,29.43,3.68,28.79,928.2,24.6,-40.0,1.0,1.0,0.0,1.0,0.0,335.0
2026-07-21 16:17:19.382,26.62,29.06,30.12,29.43,3.68,28.79,928.2,24.6,-40.0,1.0,1.0,0.0,1.0,0.0,335.0
2026-07-21 16:17:19.583,26.62,29.06,30.12,29.43,3.68,28.79,928.2,24.6,-40.0,1.0,1.0,0.0,1.0,0.0,335.0
2026-07-21 16:17:19.783,26.68,29.06,30.12,29.5,3.68,28.79,928.2,24.6,-40.0,1.0,1.0,0.0,1.0,0.0,335.0
2026-07-21 16:17:19.983,26.68,29.06,30.12,29.5,3.68,28.79,928.2,24.6,-40.0,1.0,1.0,0.0,1.0,0.0,336.0
2026-07-21 16:17:20.182,26.68,29.06,30.12,29.5,3.68,28.79,928.2,24.6,-40.0,1.0,1.0,0.0,1.0,0.0,336.0
2026-07-21 16:17:20.382,26.68,29.06,30.12,29.5,3.68,28.79,928.2,24.6,-40.0,1.0,1.0,0.0,1.0,0.0,336.0
2026-07-21 16:17:20.583,26.68,29.06,30.12,29.5,3.68,28.78,928.2,24.5,-40.0,1.0,1.0,0.0,1.0,0.0,336.0
2026-07-21 16:17:20.783,26.75,29.06,30.12,29.5,3.75,28.78,928.2,24.5,-40.0,1.0,1.0,0.0,1.0,0.0,336.0
2026-07-21 16:17:20.983,26.75,29.06,30.12,29.5,3.75,28.78,928.2,24.2,-40.0,1.0,1.0,0.0,1.0,0.0,337.0
2026-07-21 16:17:21.183,26.75,29.06,30.12,29.5,3.75,28.78,928.2,24.2,-40.0,1.0,1.0,0.0,1.0,0.0,337.0
2026-07-21 16:17:21.383,26.75,29.06,30.12,29.5,3.75,28.78,928.2,24.2,-40.0,1.0,1.0,0.0,1.0,0.0,337.0
2026-07-21 16:17:21.582,26.75,29.06,30.12,29.5,3.75,28.79,928.1,24.1,-40.0,1.0,1.0,0.0,1.0,0.0,337.0
2026-07-21 16:17:21.783,26.81,29.0,30.12,29.5,3.68,28.79,928.1,24.1,-40.0,1.0,1.0,0.0,1.0,0.0,337.0
2026-07-21 16:17:21.983,26.81,29.0,30.12,29.5,3.68,28.79,928.2,24.3,-40.0,1.0,1.0,0.0,1.0,0.0,338.0
2026-07-21 16:17:22.182,26.81,29.0,30.12,29.5,3.68,28.79,928.2,24.3,-40.0,1.0,1.0,0.0,1.0,0.0,338.0
2026-07-21 16:17:22.400,26.81,29.0,30.12,29.5,3.68,28.79,928.2,24.3,-40.0,1.0,1.0,0.0,1.0,0.0,338.0
2026-07-21 16:17:22.583,26.81,29.0,30.12,29.5,3.68,28.79,928.2,24.5,-40.0,1.0,1.0,0.0,1.0,0.0,338.0
2026-07-21 16:17:22.783,26.87,29.0,30.12,29.5,3.68,28.79,928.2,24.5,-40.0,1.0,1.0,0.0,1.0,0.0,338.0
2026-07-21 16:17:22.984,26.87,29.0,30.12,29.5,3.68,28.78,928.2,24.1,-40.0,1.0,1.0,0.0,1.0,0.0,339.0
2026-07-21 16:17:23.183,26.87,29.0,30.12,29.5,3.68,28.78,928.2,24.1,-40.0,1.0,1.0,0.0,1.0,0.0,339.0
2026-07-21 16:17:23.383,26.87,29.0,30.12,29.5,3.68,28.78,928.2,24.1,-40.0,1.0,1.0,0.0,1.0,0.0,339.0
2026-07-21 16:17:23.583,26.87,29.0,30.12,29.5,3.68,28.79,928.2,24.5,-40.0,1.0,1.0,0.0,1.0,0.0,339.0
2026-07-21 16:17:23.783,26.93,29.0,30.12,29.5,3.68,28.79,928.2,24.5,-40.0,1.0,1.0,0.0,1.0,0.0,339.0
2026-07-21 16:17:24.001,26.93,29.0,30.12,29.5,3.68,28.79,928.2,24.3,-40.0,1.0,1.0,0.0,1.0,0.0,340.0
2026-07-21 16:17:24.182,26.93,29.0,30.12,29.5,3.68,28.79,928.2,24.3,-40.0,1.0,1.0,0.0,1.0,0.0,340.0
2026-07-21 16:17:24.383,26.93,29.0,30.12,29.5,3.68,28.79,928.2,24.3,-40.0,1.0,1.0,0.0,1.0,0.0,340.0
2026-07-21 16:17:24.583,26.93,29.0,30.12,29.5,3.68,28.79,928.2,24.3,-40.0,1.0,1.0,0.0,1.0,0.0,340.0
2026-07-21 16:17:24.782,26.93,29.0,30.12,29.43,3.68,28.79,928.2,24.3,-40.0,1.0,1.0,0.0,1.0,0.0,340.0
2026-07-21 16:17:24.983,26.93,29.0,30.12,29.43,3.68,28.79,928.2,24.5,-40.0,1.0,1.0,0.0,1.0,0.0,341.0
2026-07-21 16:17:25.183,26.93,29.0,30.12,29.43,3.68,28.79,928.2,24.5,-40.0,1.0,1.0,0.0,1.0,0.0,341.0
2026-07-21 16:17:25.382,26.93,29.0,30.12,29.43,3.68,28.79,928.2,24.5,-40.0,1.0,1.0,0.0,1.0,0.0,341.0
2026-07-21 16:17:25.582,26.93,29.0,30.12,29.43,3.68,28.78,928.1,24.4,-40.0,1.0,1.0,0.0,1.0,0.0,341.0
2026-07-21 16:17:25.783,27.06,29.0,30.12,29.43,3.68,28.78,928.1,24.4,-40.0,1.0,1.0,0.0,1.0,0.0,341.0
2026-07-21 16:17:25.983,27.06,29.0,30.12,29.43,3.68,28.79,928.2,24.1,-40.0,1.0,1.0,0.0,1.0,0.0,342.0
2026-07-21 16:17:26.183,27.06,29.0,30.12,29.43,3.68,28.79,928.2,24.1,-40.0,1.0,1.0,0.0,1.0,0.0,342.0
2026-07-21 16:17:26.382,27.06,29.0,30.12,29.43,3.68,28.79,928.2,24.1,-40.0,1.0,1.0,0.0,1.0,0.0,342.0
2026-07-21 16:17:26.584,27.06,29.0,30.12,29.43,3.68,28.79,928.2,24.8,-40.0,1.0,1.0,0.0,1.0,0.0,342.0
2026-07-21 16:17:26.783,27.12,29.0,30.12,29.5,3.68,28.79,928.2,24.8,-40.0,1.0,1.0,0.0,1.0,0.0,342.0
2026-07-21 16:17:26.983,27.12,29.0,30.12,29.5,3.68,28.78,928.2,24.3,-40.0,1.0,1.0,0.0,1.0,0.0,343.0
2026-07-21 16:17:27.182,27.12,29.0,30.12,29.5,3.68,28.78,928.2,24.3,-40.0,1.0,1.0,0.0,1.0,0.0,343.0
2026-07-21 16:17:27.383,27.12,29.0,30.12,29.5,3.68,28.78,928.2,24.3,-40.0,1.0,1.0,0.0,1.0,0.0,343.0
2026-07-21 16:17:27.583,27.12,29.0,30.12,29.5,3.68,28.78,928.2,24.5,-40.0,1.0,1.0,0.0,1.0,0.0,343.0
2026-07-21 16:17:27.793,27.18,29.0,30.12,29.43,3.68,28.78,928.2,24.5,-40.0,1.0,1.0,0.0,1.0,0.0,343.0
2026-07-21 16:17:27.983,27.18,29.0,30.12,29.43,3.68,28.78,928.2,24.2,-40.0,1.0,1.0,0.0,1.0,0.0,344.0
2026-07-21 16:17:28.183,27.18,29.0,30.12,29.43,3.68,28.78,928.2,24.2,-40.0,1.0,1.0,0.0,1.0,0.0,344.0
2026-07-21 16:17:28.382,27.18,29.0,30.12,29.43,3.68,28.78,928.2,24.2,-40.0,1.0,1.0,0.0,1.0,0.0,344.0
2026-07-21 16:17:28.583,27.18,29.0,30.12,29.43,3.68,28.79,928.2,24.7,-40.0,1.0,1.0,0.0,1.0,0.0,344.0
2026-07-21 16:17:28.783,27.25,29.0,30.12,29.43,3.68,28.79,928.2,24.7,-40.0,1.0,1.0,0.0,1.0,0.0,344.0
2026-07-21 16:17:28.983,27.25,29.0,30.12,29.43,3.68,28.78,928.2,24.4,-40.0,1.0,1.0,0.0,1.0,0.0,345.0
2026-07-21 16:17:29.184,27.25,29.0,30.12,29.43,3.68,28.78,928.2,24.4,-40.0,1.0,1.0,0.0,1.0,0.0,345.0
2026-07-21 16:17:29.383,27.25,29.0,30.12,29.43,3.68,28.78,928.2,24.4,-40.0,1.0,1.0,0.0,1.0,0.0,345.0
2026-07-21 16:17:29.584,27.25,29.0,30.12,29.43,3.68,28.78,928.2,24.7,-40.0,1.0,1.0,0.0,1.0,0.0,345.0
2026-07-21 16:17:29.783,27.25,29.0,30.12,29.43,3.62,28.78,928.2,24.7,-40.0,1.0,1.0,0.0,1.0,0.0,345.0
2026-07-21 16:17:29.983,27.25,29.0,30.12,29.43,3.62,28.78,928.1,24.4,-40.0,1.0,1.0,0.0,1.0,0.0,346.0
2026-07-21 16:17:30.182,27.25,29.0,30.12,29.43,3.62,28.78,928.1,24.4,-40.0,1.0,1.0,0.0,1.0,0.0,346.0
2026-07-21 16:17:30.387,27.25,29.0,30.12,29.43,3.62,28.78,928.1,24.4,-40.0,1.0,1.0,0.0,1.0,0.0,346.0
2026-07-21 16:17:30.583,27.25,29.0,30.12,29.43,3.62,28.77,928.1,24.3,-40.0,1.0,1.0,0.0,1.0,0.0,346.0
2026-07-21 16:17:30.782,27.31,29.0,30.12,29.43,3.68,28.77,928.1,24.3,-40.0,1.0,1.0,0.0,1.0,0.0,346.0
2026-07-21 16:17:30.983,27.31,29.0,30.12,29.43,3.68,28.78,928.2,24.2,-40.0,1.0,1.0,0.0,1.0,0.0,347.0
2026-07-21 16:17:31.182,27.31,29.0,30.12,29.43,3.68,28.78,928.2,24.2,-40.0,1.0,1.0,0.0,1.0,0.0,347.0
2026-07-21 16:17:31.383,27.31,29.0,30.12,29.43,3.68,28.78,928.2,24.2,-40.0,1.0,1.0,0.0,1.0,0.0,347.0
2026-07-21 16:17:31.582,27.31,29.0,30.12,29.43,3.68,28.78,928.2,24.6,-40.0,1.0,1.0,0.0,1.0,0.0,347.0
2026-07-21 16:17:31.782,27.37,29.0,30.12,29.5,3.68,28.78,928.2,24.6,-40.0,1.0,1.0,0.0,1.0,0.0,347.0
2026-07-21 16:17:31.982,27.37,29.0,30.12,29.5,3.68,28.78,928.1,24.8,-40.0,1.0,1.0,0.0,1.0,0.0,348.0
2026-07-21 16:17:32.183,27.37,29.0,30.12,29.5,3.68,28.78,928.1,24.8,-40.0,1.0,1.0,0.0,1.0,0.0,348.0
2026-07-21 16:17:32.392,27.37,29.0,30.12,29.5,3.68,28.78,928.1,24.8,-40.0,1.0,1.0,0.0,1.0,0.0,348.0
2026-07-21 16:17:32.583,27.37,29.0,30.12,29.5,3.68,28.78,928.2,24.4,-40.0,1.0,1.0,0.0,1.0,0.0,348.0
2026-07-21 16:17:32.782,27.43,29.0,30.12,29.5,3.68,28.78,928.2,24.4,-40.0,1.0,1.0,0.0,1.0,0.0,348.0
2026-07-21 16:17:32.982,27.43,29.0,30.12,29.5,3.68,28.78,928.1,24.4,-40.0,1.0,1.0,0.0,1.0,0.0,349.0
2026-07-21 16:17:33.183,27.43,29.0,30.12,29.5,3.68,28.78,928.1,24.4,-40.0,1.0,1.0,0.0,1.0,0.0,349.0
2026-07-21 16:17:33.396,27.43,29.0,30.12,29.5,3.68,28.78,928.1,24.4,-40.0,1.0,1.0,0.0,1.0,0.0,349.0
2026-07-21 16:17:33.583,27.43,29.0,30.12,29.5,3.68,28.78,928.1,24.2,-40.0,1.0,1.0,0.0,1.0,0.0,349.0
2026-07-21 16:17:33.783,27.43,29.0,30.12,29.5,3.68,28.78,928.1,24.2,-40.0,1.0,1.0,0.0,1.0,0.0,349.0
2026-07-21 16:17:33.982,27.43,29.0,30.12,29.5,3.68,28.79,928.2,24.3,-40.0,1.0,1.0,0.0,1.0,0.0,350.0
2026-07-21 16:17:34.183,27.43,29.0,30.12,29.5,3.68,28.79,928.2,24.3,-40.0,1.0,1.0,0.0,1.0,0.0,350.0
2026-07-21 16:17:34.382,27.43,29.0,30.12,29.5,3.68,28.79,928.2,24.3,-40.0,1.0,1.0,0.0,1.0,0.0,350.0
2026-07-21 16:17:34.583,27.43,29.0,30.12,29.5,3.68,28.78,928.2,24.7,-40.0,1.0,1.0,0.0,1.0,0.0,350.0
2026-07-21 16:17:34.783,27.5,28.93,30.18,29.5,3.62,28.78,928.2,24.7,-40.0,1.0,1.0,0.0,1.0,0.0,350.0
2026-07-21 16:17:34.984,27.5,28.93,30.18,29.5,3.62,28.79,928.2,24.4,-40.0,1.0,1.0,0.0,1.0,0.0,351.0
2026-07-21 16:17:35.183,27.5,28.93,30.18,29.5,3.62,28.79,928.2,24.4,-40.0,1.0,1.0,0.0,1.0,0.0,351.0
2026-07-21 16:17:35.383,27.5,28.93,30.18,29.5,3.62,28.79,928.2,24.4,-40.0,1.0,1.0,0.0,1.0,0.0,351.0
2026-07-21 16:17:35.583,27.5,28.93,30.18,29.5,3.62,28.78,928.2,24.6,-40.0,1.0,1.0,0.0,1.0,0.0,351.0
2026-07-21 16:17:35.784,27.56,29.0,30.12,29.5,3.68,28.78,928.2,24.6,-40.0,1.0,1.0,0.0,1.0,0.0,351.0
2026-07-21 16:17:35.982,27.56,29.0,30.12,29.5,3.68,28.78,928.2,24.5,-40.0,1.0,1.0,0.0,1.0,0.0,352.0
2026-07-21 16:17:36.183,27.56,29.0,30.12,29.5,3.68,28.78,928.2,24.5,-40.0,1.0,1.0,0.0,1.0,0.0,352.0
2026-07-21 16:17:36.382,27.56,29.0,30.12,29.5,3.68,28.78,928.2,24.5,-40.0,1.0,1.0,0.0,1.0,0.0,352.0
2026-07-21 16:17:36.582,27.56,29.0,30.12,29.5,3.68,28.78,928.3,24.5,-40.0,1.0,1.0,0.0,1.0,0.0,352.0
2026-07-21 16:17:36.784,27.62,29.0,30.12,29.43,3.62,28.78,928.3,24.5,-40.0,1.0,1.0,0.0,1.0,0.0,352.0
2026-07-21 16:17:36.983,27.62,29.0,30.12,29.43,3.62,28.78,928.1,24.5,-40.0,1.0,1.0,0.0,1.0,0.0,353.0
2026-07-21 16:17:37.183,27.62,29.0,30.12,29.43,3.62,28.78,928.1,24.5,-40.0,1.0,1.0,0.0,1.0,0.0,353.0
2026-07-21 16:17:37.382,27.62,29.0,30.12,29.43,3.62,28.78,928.1,24.5,-40.0,1.0,1.0,0.0,1.0,0.0,353.0
2026-07-21 16:17:37.583,27.62,29.0,30.12,29.43,3.62,28.78,928.2,24.5,-40.0,1.0,1.0,0.0,1.0,0.0,353.0
2026-07-21 16:17:37.782,27.68,28.93,30.12,29.5,3.68,28.78,928.2,24.5,-40.0,1.0,1.0,0.0,1.0,0.0,353.0
2026-07-21 16:17:37.983,27.68,28.93,30.12,29.5,3.68,28.77,928.2,24.5,-40.0,1.0,1.0,0.0,1.0,0.0,354.0
2026-07-21 16:17:38.182,27.68,28.93,30.12,29.5,3.68,28.77,928.2,24.5,-40.0,1.0,1.0,0.0,1.0,0.0,354.0
2026-07-21 16:17:38.384,27.68,28.93,30.12,29.5,3.68,28.77,928.2,24.5,-40.0,1.0,1.0,0.0,1.0,0.0,354.0
2026-07-21 16:17:38.583,27.68,28.93,30.12,29.5,3.68,28.78,928.1,24.5,-40.0,1.0,1.0,0.0,1.0,0.0,354.0
2026-07-21 16:17:38.783,27.68,29.0,30.12,29.43,3.62,28.78,928.1,24.5,-40.0,1.0,1.0,0.0,1.0,0.0,354.0
2026-07-21 16:17:38.983,27.68,29.0,30.12,29.43,3.62,28.78,928.2,24.7,-40.0,1.0,1.0,0.0,1.0,0.0,355.0
2026-07-21 16:17:39.182,27.68,29.0,30.12,29.43,3.62,28.78,928.2,24.7,-40.0,1.0,1.0,0.0,1.0,0.0,355.0
2026-07-21 16:17:39.382,27.68,29.0,30.12,29.43,3.62,28.78,928.2,24.7,-40.0,1.0,1.0,0.0,1.0,0.0,355.0
2026-07-21 16:17:39.595,27.68,29.0,30.12,29.43,3.62,28.78,928.2,24.5,-40.0,1.0,1.0,0.0,1.0,0.0,355.0
2026-07-21 16:17:39.783,27.75,29.0,30.12,29.5,3.68,28.78,928.2,24.5,-40.0,1.0,1.0,0.0,1.0,0.0,355.0
2026-07-21 16:17:39.983,27.75,29.0,30.12,29.5,3.68,28.78,928.2,24.4,-40.0,1.0,1.0,0.0,1.0,0.0,356.0
2026-07-21 16:17:40.182,27.75,29.0,30.12,29.5,3.68,28.78,928.2,24.4,-40.0,1.0,1.0,0.0,1.0,0.0,356.0
2026-07-21 16:17:40.383,27.75,29.0,30.12,29.5,3.68,28.78,928.2,24.4,-40.0,1.0,1.0,0.0,1.0,0.0,356.0
2026-07-21 16:17:40.583,27.75,29.0,30.12,29.5,3.68,28.78,928.2,24.3,-40.0,1.0,1.0,0.0,1.0,0.0,356.0
2026-07-21 16:17:40.783,27.81,28.93,30.12,29.43,3.68,28.78,928.2,24.3,-40.0,1.0,1.0,0.0,1.0,0.0,356.0
2026-07-21 16:17:40.982,27.81,28.93,30.12,29.43,3.68,28.78,928.2,24.9,-40.0,1.0,1.0,0.0,1.0,0.0,357.0
2026-07-21 16:17:41.183,27.81,28.93,30.12,29.43,3.68,28.78,928.2,24.9,-40.0,1.0,1.0,0.0,1.0,0.0,357.0
2026-07-21 16:17:41.382,27.81,28.93,30.12,29.43,3.68,28.78,928.2,24.9,-40.0,1.0,1.0,0.0,1.0,0.0,357.0
2026-07-21 16:17:41.583,27.81,28.93,30.12,29.43,3.68,28.78,928.2,24.2,-40.0,1.0,1.0,0.0,1.0,0.0,357.0
2026-07-21 16:17:41.783,27.81,28.93,30.12,29.5,3.62,28.78,928.2,24.2,-40.0,1.0,1.0,0.0,1.0,0.0,357.0
2026-07-21 16:17:41.983,27.81,28.93,30.12,29.5,3.62,28.77,928.2,24.6,-40.0,1.0,1.0,0.0,1.0,0.0,358.0
2026-07-21 16:17:42.184,27.81,28.93,30.12,29.5,3.62,28.77,928.2,24.6,-40.0,1.0,1.0,0.0,1.0,0.0,358.0
2026-07-21 16:17:42.383,27.81,28.93,30.12,29.5,3.62,28.77,928.2,24.6,-40.0,1.0,1.0,0.0,1.0,0.0,358.0
2026-07-21 16:17:42.583,27.81,28.93,30.12,29.5,3.62,28.79,928.2,24.4,-40.0,1.0,1.0,0.0,1.0,0.0,358.0
2026-07-21 16:17:42.783,27.81,29.0,30.12,29.5,3.68,28.79,928.2,24.4,-40.0,1.0,1.0,0.0,1.0,0.0,358.0
2026-07-21 16:17:42.984,27.81,29.0,30.12,29.5,3.68,28.78,928.2,24.6,-40.0,1.0,1.0,0.0,1.0,0.0,359.0
2026-07-21 16:17:43.184,27.81,29.0,30.12,29.5,3.68,28.78,928.2,24.6,-40.0,1.0,1.0,0.0,1.0,0.0,359.0
2026-07-21 16:17:43.383,27.81,29.0,30.12,29.5,3.68,28.78,928.2,24.6,-40.0,1.0,1.0,0.0,1.0,0.0,359.0
2026-07-21 16:17:43.582,27.81,29.0,30.12,29.5,3.68,28.78,928.2,24.4,-40.0,1.0,1.0,0.0,1.0,0.0,359.0
2026-07-21 16:17:43.783,27.87,28.93,30.12,29.43,3.68,28.78,928.2,24.4,-40.0,1.0,1.0,0.0,1.0,0.0,359.0
2026-07-21 16:17:43.983,27.87,28.93,30.12,29.43,3.68,28.77,928.2,24.1,-40.0,1.0,1.0,0.0,1.0,0.0,360.0
2026-07-21 16:17:44.183,27.87,28.93,30.12,29.43,3.68,28.77,928.2,24.1,-40.0,1.0,1.0,0.0,1.0,0.0,360.0
2026-07-21 16:17:44.382,27.87,28.93,30.12,29.43,3.68,28.77,928.2,24.1,-40.0,1.0,1.0,0.0,1.0,0.0,360.0
2026-07-21 16:17:44.582,27.87,28.93,30.12,29.43,3.68,28.78,928.2,24.3,-40.0,1.0,1.0,0.0,1.0,0.0,360.0
2026-07-21 16:17:44.789,27.93,29.0,30.12,29.43,3.62,28.78,928.2,24.3,-40.0,1.0,1.0,0.0,1.0,0.0,360.0
2026-07-21 16:17:44.983,27.93,29.0,30.12,29.43,3.62,28.78,928.2,24.7,-40.0,1.0,1.0,0.0,1.0,0.0,361.0
2026-07-21 16:17:45.183,27.93,29.0,30.12,29.43,3.62,28.78,928.2,24.7,-40.0,1.0,1.0,0.0,1.0,0.0,361.0
2026-07-21 16:17:45.382,27.93,29.0,30.12,29.43,3.62,28.78,928.2,24.7,-40.0,1.0,1.0,0.0,1.0,0.0,361.0
2026-07-21 16:17:45.584,27.93,29.0,30.12,29.43,3.62,28.78,928.2,24.4,-40.0,1.0,1.0,0.0,1.0,0.0,361.0
2026-07-21 16:17:45.783,27.93,28.93,30.12,29.5,3.68,28.78,928.2,24.4,-40.0,1.0,1.0,0.0,1.0,0.0,361.0
2026-07-21 16:17:45.983,27.93,28.93,30.12,29.5,3.68,28.78,928.2,24.5,-40.0,1.0,1.0,0.0,1.0,0.0,362.0
2026-07-21 16:17:46.183,27.93,28.93,30.12,29.5,3.68,28.78,928.2,24.5,-40.0,1.0,1.0,0.0,1.0,0.0,362.0
2026-07-21 16:17:46.382,27.93,28.93,30.12,29.5,3.68,28.78,928.2,24.5,-40.0,1.0,1.0,0.0,1.0,0.0,362.0
2026-07-21 16:17:46.582,27.93,28.93,30.12,29.5,3.68,28.77,928.2,24.8,-40.0,1.0,1.0,0.0,1.0,0.0,362.0
2026-07-21 16:17:46.782,28.0,28.93,30.12,29.5,3.68,28.77,928.2,24.8,-40.0,1.0,1.0,0.0,1.0,0.0,362.0
2026-07-21 16:17:46.982,28.0,28.93,30.12,29.5,3.68,28.78,928.2,24.3,-40.0,1.0,1.0,0.0,1.0,0.0,363.0
2026-07-21 16:17:47.184,28.0,28.93,30.12,29.5,3.68,28.78,928.2,24.3,-40.0,1.0,1.0,0.0,1.0,0.0,363.0
2026-07-21 16:17:47.382,28.0,28.93,30.12,29.5,3.68,28.78,928.2,24.3,-40.0,1.0,1.0,0.0,1.0,0.0,363.0
2026-07-21 16:17:47.583,28.0,28.93,30.12,29.5,3.68,28.78,928.1,24.3,-40.0,1.0,1.0,0.0,1.0,0.0,363.0
2026-07-21 16:17:47.782,28.0,28.93,30.12,29.43,3.68,28.78,928.1,24.3,-40.0,1.0,1.0,0.0,1.0,0.0,363.0
2026-07-21 16:17:47.983,28.0,28.93,30.12,29.43,3.68,28.78,928.3,24.5,-40.0,1.0,1.0,0.0,1.0,0.0,364.0
2026-07-21 16:17:48.185,28.0,28.93,30.12,29.43,3.68,28.78,928.3,24.5,-40.0,1.0,1.0,0.0,1.0,0.0,364.0
2026-07-21 16:17:48.382,28.0,28.93,30.12,29.43,3.68,28.78,928.3,24.5,-40.0,1.0,1.0,0.0,1.0,0.0,364.0
2026-07-21 16:17:48.583,28.0,28.93,30.12,29.43,3.68,28.78,928.2,24.3,-40.0,1.0,1.0,0.0,1.0,0.0,364.0
2026-07-21 16:17:48.782,28.0,28.93,30.12,29.43,3.68,28.78,928.2,24.3,-40.0,1.0,1.0,0.0,1.0,0.0,364.0
2026-07-21 16:17:48.982,28.0,28.93,30.12,29.43,3.68,28.78,928.2,24.4,-40.0,1.0,1.0,0.0,1.0,0.0,365.0
2026-07-21 16:17:49.182,28.0,28.93,30.12,29.43,3.68,28.78,928.2,24.4,-40.0,1.0,1.0,0.0,1.0,0.0,365.0
2026-07-21 16:17:49.382,28.0,28.93,30.12,29.43,3.68,28.78,928.2,24.4,-40.0,1.0,1.0,0.0,1.0,0.0,365.0
2026-07-21 16:17:49.582,28.0,28.93,30.12,29.43,3.68,28.77,928.1,24.7,-40.0,1.0,1.0,0.0,1.0,0.0,365.0
2026-07-21 16:17:49.783,28.0,28.93,30.12,29.43,3.68,28.77,928.1,24.7,-40.0,1.0,1.0,0.0,1.0,0.0,365.0
2026-07-21 16:17:49.983,28.0,28.93,30.12,29.43,3.68,28.77,928.2,24.0,-40.0,1.0,1.0,0.0,1.0,0.0,366.0
2026-07-21 16:17:50.182,28.0,28.93,30.12,29.43,3.68,28.77,928.2,24.0,-40.0,1.0,1.0,0.0,1.0,0.0,366.0
2026-07-21 16:17:50.382,28.0,28.93,30.12,29.43,3.68,28.77,928.2,24.0,-40.0,1.0,1.0,0.0,1.0,0.0,366.0
2026-07-21 16:17:50.583,28.0,28.93,30.12,29.43,3.68,28.77,928.2,24.6,-40.0,1.0,1.0,0.0,1.0,0.0,366.0
2026-07-21 16:17:50.782,28.0,28.87,30.12,29.43,3.68,28.77,928.2,24.6,-40.0,1.0,1.0,0.0,1.0,0.0,366.0
2026-07-21 16:17:50.984,28.0,28.87,30.12,29.43,3.68,28.77,928.2,24.4,-40.0,1.0,1.0,0.0,1.0,0.0,367.0
2026-07-21 16:17:51.183,28.0,28.87,30.12,29.43,3.68,28.77,928.2,24.4,-40.0,1.0,1.0,0.0,1.0,0.0,367.0
2026-07-21 16:17:51.384,28.0,28.87,30.12,29.43,3.68,28.77,928.2,24.4,-40.0,1.0,1.0,0.0,1.0,0.0,367.0
2026-07-21 16:17:51.583,28.0,28.87,30.12,29.43,3.68,28.77,928.2,24.2,-40.0,1.0,1.0,0.0,1.0,0.0,367.0
2026-07-21 16:17:51.783,28.0,28.93,30.12,29.43,3.68,28.77,928.2,24.2,-40.0,1.0,1.0,0.0,1.0,0.0,367.0
2026-07-21 16:17:51.982,28.0,28.93,30.12,29.43,3.68,28.77,928.2,24.6,-40.0,1.0,1.0,0.0,1.0,0.0,368.0
2026-07-21 16:17:52.183,28.0,28.93,30.12,29.43,3.68,28.77,928.2,24.6,-40.0,1.0,1.0,0.0,1.0,0.0,368.0
2026-07-21 16:17:52.382,28.0,28.93,30.12,29.43,3.68,28.77,928.2,24.6,-40.0,1.0,1.0,0.0,1.0,0.0,368.0
2026-07-21 16:17:52.582,28.0,28.93,30.12,29.43,3.68,28.77,928.1,24.3,-40.0,1.0,1.0,0.0,1.0,0.0,368.0
2026-07-21 16:17:52.782,28.0,28.93,30.12,29.43,3.68,28.77,928.1,24.3,-40.0,1.0,1.0,0.0,1.0,0.0,368.0
2026-07-21 16:17:52.983,28.0,28.93,30.12,29.43,3.68,28.77,928.2,24.1,-40.0,1.0,1.0,0.0,1.0,0.0,369.0
2026-07-21 16:17:53.184,28.0,28.93,30.12,29.43,3.68,28.77,928.2,24.1,-40.0,1.0,1.0,0.0,1.0,0.0,369.0
2026-07-21 16:17:53.387,28.0,28.93,30.12,29.43,3.68,28.77,928.2,24.1,-40.0,1.0,1.0,0.0,1.0,0.0,369.0
2026-07-21 16:17:53.582,28.0,28.93,30.12,29.43,3.68,28.77,928.2,24.6,-40.0,1.0,1.0,0.0,1.0,0.0,369.0
2026-07-21 16:17:53.784,27.93,28.93,30.12,29.43,3.68,28.77,928.2,24.6,-40.0,1.0,1.0,0.0,1.0,0.0,369.0
2026-07-21 16:17:53.982,27.93,28.93,30.12,29.43,3.68,28.77,928.2,24.4,-40.0,1.0,1.0,0.0,1.0,0.0,370.0
2026-07-21 16:17:54.182,27.93,28.93,30.12,29.43,3.68,28.77,928.2,24.4,-40.0,1.0,1.0,0.0,1.0,0.0,370.0
2026-07-21 16:17:54.382,27.93,28.93,30.12,29.43,3.68,28.77,928.2,24.4,-40.0,1.0,1.0,0.0,1.0,0.0,370.0
2026-07-21 16:17:54.582,27.93,28.93,30.12,29.43,3.68,28.77,928.2,24.7,-40.0,1.0,1.0,0.0,1.0,0.0,370.0
2026-07-21 16:17:54.782,27.93,28.93,30.12,29.43,3.68,28.77,928.2,24.7,-40.0,1.0,1.0,0.0,1.0,0.0,370.0
2026-07-21 16:17:54.982,27.93,28.93,30.12,29.43,3.68,28.76,928.2,24.4,-40.0,1.0,1.0,0.0,1.0,0.0,371.0
2026-07-21 16:17:55.181,27.93,28.93,30.12,29.43,3.68,28.76,928.2,24.4,-40.0,1.0,1.0,0.0,1.0,0.0,371.0
2026-07-21 16:17:55.382,27.93,28.93,30.12,29.43,3.68,28.76,928.2,24.4,-40.0,1.0,1.0,0.0,1.0,0.0,371.0
2026-07-21 16:17:55.583,27.93,28.93,30.12,29.43,3.68,28.77,928.2,24.3,-40.0,1.0,1.0,0.0,1.0,0.0,371.0
2026-07-21 16:17:55.790,27.87,28.93,30.12,29.43,3.68,28.77,928.2,24.3,-40.0,1.0,1.0,0.0,1.0,0.0,371.0
2026-07-21 16:17:56.012,27.87,28.93,30.12,29.43,3.68,28.77,928.2,24.4,-40.0,1.0,1.0,0.0,1.0,0.0,372.0
2026-07-21 16:17:56.182,27.87,28.93,30.12,29.43,3.68,28.77,928.2,24.4,-40.0,1.0,1.0,0.0,1.0,0.0,372.0
2026-07-21 16:17:56.384,27.87,28.93,30.12,29.43,3.68,28.77,928.2,24.4,-40.0,1.0,1.0,0.0,1.0,0.0,372.0
2026-07-21 16:17:56.587,27.87,28.93,30.12,29.43,3.68,28.77,928.2,24.4,-40.0,1.0,1.0,0.0,1.0,0.0,372.0
2026-07-21 16:17:56.783,27.87,28.93,30.18,29.5,3.68,28.77,928.2,24.4,-40.0,1.0,1.0,0.0,1.0,0.0,372.0
2026-07-21 16:17:56.982,27.87,28.93,30.18,29.5,3.68,28.77,928.2,24.5,-40.0,1.0,1.0,0.0,1.0,0.0,373.0
2026-07-21 16:17:57.189,27.87,28.93,30.18,29.5,3.68,28.77,928.2,24.5,-40.0,1.0,1.0,0.0,1.0,0.0,373.0
2026-07-21 16:17:57.382,27.87,28.93,30.18,29.5,3.68,28.77,928.2,24.5,-40.0,1.0,1.0,0.0,1.0,0.0,373.0
2026-07-21 16:17:57.582,27.87,28.93,30.18,29.5,3.68,28.77,928.1,24.8,-40.0,1.0,1.0,0.0,1.0,0.0,373.0
2026-07-21 16:17:57.793,27.81,28.93,30.12,29.43,3.68,28.77,928.1,24.8,-40.0,1.0,1.0,0.0,1.0,0.0,373.0
2026-07-21 16:17:57.984,27.81,28.93,30.12,29.43,3.68,28.76,928.2,24.1,-40.0,1.0,1.0,0.0,1.0,0.0,374.0
2026-07-21 16:17:58.182,27.81,28.93,30.12,29.43,3.68,28.76,928.2,24.1,-40.0,1.0,1.0,0.0,1.0,0.0,374.0
2026-07-21 16:17:58.382,27.81,28.93,30.12,29.43,3.68,28.76,928.2,24.1,-40.0,1.0,1.0,0.0,1.0,0.0,374.0
2026-07-21 16:17:58.583,27.81,28.93,30.12,29.43,3.68,28.77,928.2,24.5,-40.0,1.0,1.0,0.0,1.0,0.0,374.0
2026-07-21 16:17:58.783,27.75,28.87,30.12,29.43,3.75,28.77,928.2,24.5,-40.0,1.0,1.0,0.0,1.0,0.0,374.0
2026-07-21 16:17:58.982,27.75,28.87,30.12,29.43,3.75,28.76,928.1,24.6,-40.0,1.0,1.0,0.0,1.0,0.0,375.0
2026-07-21 16:17:59.183,27.75,28.87,30.12,29.43,3.75,28.76,928.1,24.6,-40.0,1.0,1.0,0.0,1.0,0.0,375.0
2026-07-21 16:17:59.382,27.75,28.87,30.12,29.43,3.75,28.76,928.1,24.6,-40.0,1.0,1.0,0.0,1.0,0.0,375.0
2026-07-21 16:17:59.583,27.75,28.87,30.12,29.43,3.75,28.76,928.2,24.3,-40.0,1.0,1.0,0.0,1.0,0.0,375.0
2026-07-21 16:17:59.782,27.75,28.93,30.12,29.43,3.68,28.76,928.2,24.3,-40.0,1.0,1.0,0.0,1.0,0.0,375.0
2026-07-21 16:17:59.982,27.75,28.93,30.12,29.43,3.68,28.76,928.2,24.1,-40.0,1.0,1.0,0.0,1.0,0.0,376.0
2026-07-21 16:18:00.182,27.75,28.93,30.12,29.43,3.68,28.76,928.2,24.1,-40.0,1.0,1.0,0.0,1.0,0.0,376.0
2026-07-21 16:18:00.383,27.75,28.93,30.12,29.43,3.68,28.76,928.2,24.1,-40.0,1.0,1.0,0.0,1.0,0.0,376.0
2026-07-21 16:18:00.583,27.75,28.93,30.12,29.43,3.68,28.77,928.2,24.9,-40.0,1.0,1.0,0.0,1.0,0.0,376.0
2026-07-21 16:18:00.782,27.68,28.93,30.12,29.43,3.68,28.77,928.2,24.9,-40.0,1.0,1.0,0.0,1.0,0.0,376.0
2026-07-21 16:18:00.982,27.68,28.93,30.12,29.43,3.68,28.77,928.2,24.4,-40.0,1.0,1.0,0.0,1.0,0.0,377.0
2026-07-21 16:18:01.184,27.68,28.93,30.12,29.43,3.68,28.77,928.2,24.4,-40.0,1.0,1.0,0.0,1.0,0.0,377.0
2026-07-21 16:18:01.385,27.68,28.93,30.12,29.43,3.68,28.77,928.2,24.4,-40.0,1.0,1.0,0.0,1.0,0.0,377.0
2026-07-21 16:18:01.584,27.68,28.93,30.12,29.43,3.68,28.76,928.2,24.6,-40.0,1.0,1.0,0.0,1.0,0.0,377.0
2026-07-21 16:18:01.782,27.62,28.93,30.12,29.43,3.68,28.76,928.2,24.6,-40.0,1.0,1.0,0.0,1.0,0.0,377.0
2026-07-21 16:18:01.982,27.62,28.93,30.12,29.43,3.68,28.77,928.2,24.4,-40.0,1.0,1.0,0.0,1.0,0.0,378.0
2026-07-21 16:18:02.184,27.62,28.93,30.12,29.43,3.68,28.77,928.2,24.4,-40.0,1.0,1.0,0.0,1.0,0.0,378.0
2026-07-21 16:18:02.382,27.62,28.93,30.12,29.43,3.68,28.77,928.2,24.4,-40.0,1.0,1.0,0.0,1.0,0.0,378.0
2026-07-21 16:18:02.583,27.62,28.93,30.12,29.43,3.68,28.77,928.3,24.4,-40.0,1.0,1.0,0.0,1.0,0.0,378.0
2026-07-21 16:18:02.783,27.62,28.93,30.12,29.43,3.68,28.77,928.3,24.4,-40.0,1.0,1.0,0.0,1.0,0.0,378.0
2026-07-21 16:18:02.982,27.62,28.93,30.12,29.43,3.68,28.77,928.2,24.5,-40.0,1.0,1.0,0.0,1.0,0.0,379.0
2026-07-21 16:18:03.183,27.62,28.93,30.12,29.43,3.68,28.77,928.2,24.5,-40.0,1.0,1.0,0.0,1.0,0.0,379.0
2026-07-21 16:18:03.409,27.62,28.93,30.12,29.43,3.68,28.77,928.2,24.5,-40.0,1.0,1.0,0.0,1.0,0.0,379.0
2026-07-21 16:18:03.583,27.62,28.93,30.12,29.43,3.68,28.77,928.2,24.4,-40.0,1.0,1.0,0.0,1.0,0.0,379.0
2026-07-21 16:18:03.782,27.56,28.87,30.12,29.43,3.68,28.77,928.2,24.4,-40.0,1.0,1.0,0.0,1.0,0.0,379.0
2026-07-21 16:18:03.984,27.56,28.87,30.12,29.43,3.68,28.77,928.2,24.2,-40.0,1.0,1.0,0.0,1.0,0.0,380.0
2026-07-21 16:18:04.182,27.56,28.87,30.12,29.43,3.68,28.77,928.2,24.2,-40.0,1.0,1.0,0.0,1.0,0.0,380.0
2026-07-21 16:18:04.383,27.56,28.87,30.12,29.43,3.68,28.77,928.2,24.2,-40.0,1.0,1.0,0.0,1.0,0.0,380.0
2026-07-21 16:18:04.583,27.56,28.87,30.12,29.43,3.68,28.76,928.2,24.6,-40.0,1.0,1.0,0.0,1.0,0.0,380.0
2026-07-21 16:18:04.782,27.56,28.93,30.12,29.43,3.68,28.76,928.2,24.6,-40.0,1.0,1.0,0.0,1.0,0.0,380.0
2026-07-21 16:18:04.983,27.56,28.93,30.12,29.43,3.68,28.77,928.2,24.4,-40.0,1.0,1.0,0.0,1.0,0.0,381.0
2026-07-21 16:18:05.183,27.56,28.93,30.12,29.43,3.68,28.77,928.2,24.4,-40.0,1.0,1.0,0.0,1.0,0.0,381.0
2026-07-21 16:18:05.392,27.56,28.93,30.12,29.43,3.68,28.77,928.2,24.4,-40.0,1.0,1.0,0.0,1.0,0.0,381.0
2026-07-21 16:18:05.583,27.56,28.93,30.12,29.43,3.68,28.76,928.3,24.3,-40.0,1.0,1.0,0.0,1.0,0.0,381.0
2026-07-21 16:18:05.783,27.5,28.87,30.12,29.43,3.68,28.76,928.3,24.3,-40.0,1.0,1.0,0.0,1.0,0.0,381.0
2026-07-21 16:18:05.984,27.5,28.87,30.12,29.43,3.68,28.77,928.2,24.2,-40.0,1.0,1.0,0.0,1.0,0.0,382.0
2026-07-21 16:18:06.182,27.5,28.87,30.12,29.43,3.68,28.77,928.2,24.2,-40.0,1.0,1.0,0.0,1.0,0.0,382.0
2026-07-21 16:18:06.384,27.5,28.87,30.12,29.43,3.68,28.77,928.2,24.2,-40.0,1.0,1.0,0.0,1.0,0.0,382.0
2026-07-21 16:18:06.584,27.5,28.87,30.12,29.43,3.68,28.77,928.2,24.3,-40.0,1.0,1.0,0.0,1.0,0.0,382.0
2026-07-21 16:18:06.782,27.43,28.93,30.12,29.5,3.68,28.77,928.2,24.3,-40.0,1.0,1.0,0.0,1.0,0.0,382.0
2026-07-21 16:18:06.983,27.43,28.93,30.12,29.5,3.68,28.76,928.2,24.5,-40.0,1.0,1.0,0.0,1.0,0.0,383.0
2026-07-21 16:18:07.183,27.43,28.93,30.12,29.5,3.68,28.76,928.2,24.5,-40.0,1.0,1.0,0.0,1.0,0.0,383.0
2026-07-21 16:18:07.383,27.43,28.93,30.12,29.5,3.68,28.76,928.2,24.5,-40.0,1.0,1.0,0.0,1.0,0.0,383.0
2026-07-21 16:18:07.583,27.43,28.93,30.12,29.5,3.68,28.77,928.2,24.3,-40.0,1.0,1.0,0.0,1.0,0.0,383.0
2026-07-21 16:18:07.782,27.43,28.93,30.12,29.43,3.68,28.77,928.2,24.3,-40.0,1.0,1.0,0.0,1.0,0.0,383.0
2026-07-21 16:18:07.995,27.43,28.93,30.12,29.43,3.68,28.76,928.1,24.3,-40.0,1.0,1.0,0.0,1.0,0.0,384.0
2026-07-21 16:18:08.182,27.43,28.93,30.12,29.43,3.68,28.76,928.1,24.3,-40.0,1.0,1.0,0.0,1.0,0.0,384.0
2026-07-21 16:18:08.382,27.43,28.93,30.12,29.43,3.68,28.76,928.1,24.3,-40.0,1.0,1.0,0.0,1.0,0.0,384.0
2026-07-21 16:18:08.582,27.43,28.93,30.12,29.43,3.68,28.76,928.1,24.5,-40.0,1.0,1.0,0.0,1.0,0.0,384.0
2026-07-21 16:18:08.783,27.37,28.87,30.12,29.43,3.68,28.76,928.1,24.5,-40.0,1.0,1.0,0.0,1.0,0.0,384.0
2026-07-21 16:18:08.983,27.37,28.87,30.12,29.43,3.68,28.76,928.2,24.9,-40.0,1.0,1.0,0.0,1.0,0.0,385.0
2026-07-21 16:18:09.182,27.37,28.87,30.12,29.43,3.68,28.76,928.2,24.9,-40.0,1.0,1.0,0.0,1.0,0.0,385.0
2026-07-21 16:18:09.382,27.37,28.87,30.12,29.43,3.68,28.76,928.2,24.9,-40.0,1.0,1.0,0.0,1.0,0.0,385.0
2026-07-21 16:18:09.582,27.37,28.87,30.12,29.43,3.68,28.75,928.2,24.3,-40.0,1.0,1.0,0.0,1.0,0.0,385.0
2026-07-21 16:18:09.782,27.37,28.87,30.12,29.43,3.68,28.75,928.2,24.3,-40.0,1.0,1.0,0.0,1.0,0.0,385.0
2026-07-21 16:18:09.983,27.37,28.87,30.12,29.43,3.68,28.76,928.1,24.3,-40.0,1.0,1.0,0.0,1.0,0.0,386.0
2026-07-21 16:18:10.183,27.37,28.87,30.12,29.43,3.68,28.76,928.1,24.3,-40.0,1.0,1.0,0.0,1.0,0.0,386.0
2026-07-21 16:18:10.383,27.37,28.87,30.12,29.43,3.68,28.76,928.1,24.3,-40.0,1.0,1.0,0.0,1.0,0.0,386.0
2026-07-21 16:18:10.583,27.37,28.87,30.12,29.43,3.68,28.77,928.2,24.2,-40.0,1.0,1.0,0.0,1.0,0.0,386.0
2026-07-21 16:18:10.783,27.31,28.87,30.12,29.43,3.68,28.77,928.2,24.2,-40.0,1.0,1.0,0.0,1.0,0.0,386.0
2026-07-21 16:18:10.983,27.31,28.87,30.12,29.43,3.68,28.76,928.1,24.5,-40.0,1.0,1.0,0.0,1.0,0.0,387.0
2026-07-21 16:18:11.182,27.31,28.87,30.12,29.43,3.68,28.76,928.1,24.5,-40.0,1.0,1.0,0.0,1.0,0.0,387.0
2026-07-21 16:18:11.382,27.31,28.87,30.12,29.43,3.68,28.76,928.1,24.5,-40.0,1.0,1.0,0.0,1.0,0.0,387.0
2026-07-21 16:18:11.582,27.31,28.87,30.12,29.43,3.68,28.76,928.2,24.3,-40.0,1.0,1.0,0.0,1.0,0.0,387.0
2026-07-21 16:18:11.783,27.25,28.87,30.12,29.43,3.68,28.76,928.2,24.3,-40.0,1.0,1.0,0.0,1.0,0.0,387.0
2026-07-21 16:18:11.983,27.25,28.87,30.12,29.43,3.68,28.76,928.2,24.2,-40.0,1.0,1.0,0.0,1.0,0.0,388.0
2026-07-21 16:18:12.183,27.25,28.87,30.12,29.43,3.68,28.76,928.2,24.2,-40.0,1.0,1.0,0.0,1.0,0.0,388.0
2026-07-21 16:18:12.382,27.25,28.87,30.12,29.43,3.68,28.76,928.2,24.2,-40.0,1.0,1.0,0.0,1.0,0.0,388.0
2026-07-21 16:18:12.582,27.25,28.87,30.12,29.43,3.68,28.76,928.2,25.0,-40.0,0.0,0.0,0.0,1.0,0.0,388.0
2026-07-21 16:18:12.782,27.18,28.87,30.18,29.43,3.68,28.76,928.2,25.0,-40.0,0.0,0.0,0.0,1.0,0.0,388.0
2026-07-21 16:18:12.992,27.18,28.87,30.18,29.43,3.68,28.76,928.2,24.1,-40.0,0.0,0.0,0.0,1.0,0.0,389.0
2026-07-21 16:18:13.182,27.18,28.87,30.18,29.43,3.68,28.76,928.2,24.1,-40.0,0.0,0.0,0.0,1.0,0.0,389.0
2026-07-21 16:18:13.382,27.18,28.87,30.18,29.43,3.68,28.76,928.2,24.1,-40.0,0.0,0.0,0.0,1.0,0.0,389.0
2026-07-21 16:18:13.582,27.18,28.87,30.18,29.43,3.68,28.76,928.2,24.6,-40.0,0.0,0.0,0.0,1.0,0.0,389.0
2026-07-21 16:18:13.782,27.18,28.87,30.12,29.43,3.68,28.76,928.2,24.6,-40.0,0.0,0.0,0.0,1.0,0.0,389.0
2026-07-21 16:18:13.982,27.18,28.87,30.12,29.43,3.68,28.77,928.2,24.7,-40.0,0.0,0.0,0.0,1.0,0.0,390.0
2026-07-21 16:18:14.181,27.18,28.87,30.12,29.43,3.68,28.77,928.2,24.7,-40.0,0.0,0.0,0.0,1.0,0.0,390.0
2026-07-21 16:18:14.382,27.18,28.87,30.12,29.43,3.68,28.77,928.2,24.7,-40.0,0.0,0.0,0.0,1.0,0.0,390.0
2026-07-21 16:18:14.582,27.18,28.87,30.12,29.43,3.68,28.76,928.2,24.8,-40.0,0.0,0.0,0.0,1.0,0.0,390.0
2026-07-21 16:18:14.783,27.12,28.87,30.12,29.43,3.68,28.76,928.2,24.8,-40.0,0.0,0.0,0.0,1.0,0.0,390.0
2026-07-21 16:18:14.984,27.12,28.87,30.12,29.43,3.68,28.76,928.2,24.9,-40.0,0.0,0.0,0.0,1.0,0.0,391.0
2026-07-21 16:18:15.182,27.12,28.87,30.12,29.43,3.68,28.76,928.2,24.9,-40.0,0.0,0.0,0.0,1.0,0.0,391.0
2026-07-21 16:18:15.382,27.12,28.87,30.12,29.43,3.68,28.76,928.2,24.9,-40.0,0.0,0.0,0.0,1.0,0.0,391.0
2026-07-21 16:18:15.583,27.12,28.87,30.12,29.43,3.68,28.76,928.1,24.5,-40.0,0.0,0.0,0.0,1.0,0.0,391.0
2026-07-21 16:18:15.783,27.12,28.87,30.12,29.43,3.68,28.76,928.1,24.5,-40.0,0.0,0.0,0.0,1.0,0.0,391.0
2026-07-21 16:18:15.982,27.12,28.87,30.12,29.43,3.68,28.76,928.2,24.4,-40.0,0.0,0.0,0.0,1.0,0.0,392.0
2026-07-21 16:18:16.182,27.12,28.87,30.12,29.43,3.68,28.76,928.2,24.4,-40.0,0.0,0.0,0.0,1.0,0.0,392.0
2026-07-21 16:18:16.384,27.12,28.87,30.12,29.43,3.68,28.76,928.2,24.4,-40.0,0.0,0.0,0.0,1.0,0.0,392.0
2026-07-21 16:18:16.585,27.12,28.87,30.12,29.43,3.68,28.75,928.2,24.4,-40.0,0.0,0.0,0.0,1.0,0.0,392.0
2026-07-21 16:18:16.784,27.06,28.87,30.12,29.43,3.68,28.75,928.2,24.4,-40.0,0.0,0.0,0.0,1.0,0.0,392.0
2026-07-21 16:18:16.982,27.06,28.87,30.12,29.43,3.68,28.76,928.2,24.5,-40.0,0.0,0.0,0.0,1.0,0.0,393.0
2026-07-21 16:18:17.183,27.06,28.87,30.12,29.43,3.68,28.76,928.2,24.5,-40.0,0.0,0.0,0.0,1.0,0.0,393.0
2026-07-21 16:18:17.383,27.06,28.87,30.12,29.43,3.68,28.76,928.2,24.5,-40.0,0.0,0.0,0.0,1.0,0.0,393.0
2026-07-21 16:18:17.582,27.06,28.87,30.12,29.43,3.68,28.76,928.2,24.6,-40.0,0.0,0.0,0.0,1.0,0.0,393.0
2026-07-21 16:18:17.782,27.0,28.87,30.12,29.43,3.68,28.76,928.2,24.6,-40.0,0.0,0.0,0.0,1.0,0.0,393.0
2026-07-21 16:18:17.982,27.0,28.87,30.12,29.43,3.68,28.76,928.1,24.2,-40.0,0.0,0.0,0.0,1.0,0.0,394.0
2026-07-21 16:18:18.182,27.0,28.87,30.12,29.43,3.68,28.76,928.1,24.2,-40.0,0.0,0.0,0.0,1.0,0.0,394.0
2026-07-21 16:18:18.381,27.0,28.87,30.12,29.43,3.68,28.76,928.1,24.2,-40.0,0.0,0.0,0.0,1.0,0.0,394.0
2026-07-21 16:18:18.583,27.0,28.87,30.12,29.43,3.68,28.76,928.2,24.4,-40.0,0.0,0.0,0.0,1.0,0.0,394.0
2026-07-21 16:18:18.782,27.0,28.81,30.12,29.43,3.68,28.76,928.2,24.4,-40.0,0.0,0.0,0.0,1.0,0.0,394.0
2026-07-21 16:18:18.983,27.0,28.81,30.12,29.43,3.68,28.76,928.2,25.0,-40.0,0.0,0.0,0.0,1.0,0.0,395.0
2026-07-21 16:18:19.182,27.0,28.81,30.12,29.43,3.68,28.76,928.2,25.0,-40.0,0.0,0.0,0.0,1.0,0.0,395.0
2026-07-21 16:18:19.382,27.0,28.81,30.12,29.43,3.68,28.76,928.2,25.0,-40.0,0.0,0.0,0.0,1.0,0.0,395.0
2026-07-21 16:18:19.643,27.0,28.81,30.12,29.43,3.68,28.76,928.2,24.3,-40.0,0.0,0.0,0.0,1.0,0.0,395.0
2026-07-21 16:18:19.782,26.93,28.81,30.12,29.43,3.68,28.76,928.2,24.3,-40.0,0.0,0.0,0.0,1.0,0.0,395.0
2026-07-21 16:18:19.983,26.93,28.81,30.12,29.43,3.68,28.76,928.2,24.2,-40.0,0.0,0.0,0.0,1.0,0.0,396.0
2026-07-21 16:18:20.182,26.93,28.81,30.12,29.43,3.68,28.76,928.2,24.2,-40.0,0.0,0.0,0.0,1.0,0.0,396.0
2026-07-21 16:18:20.384,26.93,28.81,30.12,29.43,3.68,28.76,928.2,24.2,-40.0,0.0,0.0,0.0,1.0,0.0,396.0
2026-07-21 16:18:20.600,26.93,28.81,30.12,29.43,3.68,28.76,928.2,24.8,-40.0,0.0,0.0,0.0,1.0,0.0,396.0
2026-07-21 16:18:20.783,26.93,28.87,30.12,29.43,3.68,28.76,928.2,24.8,-40.0,0.0,0.0,0.0,1.0,0.0,396.0
2026-07-21 16:18:20.983,26.93,28.87,30.12,29.43,3.68,28.77,928.1,24.8,-40.0,0.0,0.0,0.0,1.0,0.0,397.0
2026-07-21 16:18:21.182,26.93,28.87,30.12,29.43,3.68,28.77,928.1,24.8,-40.0,0.0,0.0,0.0,1.0,0.0,397.0
2026-07-21 16:18:21.383,26.93,28.87,30.12,29.43,3.68,28.77,928.1,24.8,-40.0,0.0,0.0,0.0,1.0,0.0,397.0
2026-07-21 16:18:21.582,26.93,28.87,30.12,29.43,3.68,28.76,928.1,25.0,-40.0,0.0,0.0,0.0,1.0,0.0,397.0
2026-07-21 16:18:21.783,26.87,28.81,30.18,29.43,3.68,28.76,928.1,25.0,-40.0,0.0,0.0,0.0,1.0,0.0,397.0
2026-07-21 16:18:21.983,26.87,28.81,30.18,29.43,3.68,28.76,928.1,24.4,-40.0,0.0,0.0,0.0,1.0,0.0,398.0
2026-07-21 16:18:22.185,26.87,28.81,30.18,29.43,3.68,28.76,928.1,24.4,-40.0,0.0,0.0,0.0,1.0,0.0,398.0
2026-07-21 16:18:22.382,26.87,28.81,30.18,29.43,3.68,28.76,928.1,24.4,-40.0,0.0,0.0,0.0,1.0,0.0,398.0
2026-07-21 16:18:22.582,26.87,28.81,30.18,29.43,3.68,28.76,928.2,24.3,-40.0,0.0,0.0,0.0,1.0,0.0,398.0
2026-07-21 16:18:22.782,26.81,28.81,30.12,29.43,3.68,28.76,928.2,24.3,-40.0,0.0,0.0,0.0,1.0,0.0,398.0
2026-07-21 16:18:22.982,26.81,28.81,30.12,29.43,3.68,28.76,928.2,24.3,-40.0,0.0,0.0,0.0,1.0,0.0,399.0
2026-07-21 16:18:23.189,26.81,28.81,30.12,29.43,3.68,28.76,928.2,24.3,-40.0,0.0,0.0,0.0,1.0,0.0,399.0
2026-07-21 16:18:23.382,26.81,28.81,30.12,29.43,3.68,28.76,928.2,24.3,-40.0,0.0,0.0,0.0,1.0,0.0,399.0
2026-07-21 16:18:23.582,26.81,28.81,30.12,29.43,3.68,28.76,928.2,24.8,-40.0,0.0,0.0,0.0,1.0,0.0,399.0
2026-07-21 16:18:23.783,26.81,28.81,30.18,29.43,3.62,28.76,928.2,24.8,-40.0,0.0,0.0,0.0,1.0,0.0,399.0
2026-07-21 16:18:23.983,26.81,28.81,30.18,29.43,3.62,28.76,928.1,24.4,-40.0,0.0,0.0,0.0,1.0,0.0,400.0
2026-07-21 16:18:24.185,26.81,28.81,30.18,29.43,3.62,28.76,928.1,24.4,-40.0,0.0,0.0,0.0,1.0,0.0,400.0
2026-07-21 16:18:24.382,26.81,28.81,30.18,29.43,3.62,28.76,928.1,24.4,-40.0,0.0,0.0,0.0,1.0,0.0,400.0
2026-07-21 16:18:24.583,26.81,28.81,30.18,29.43,3.62,28.76,928.2,24.4,-40.0,0.0,0.0,0.0,1.0,0.0,400.0
2026-07-21 16:18:24.783,26.81,28.81,30.12,29.43,3.62,28.76,928.2,24.4,-40.0,0.0,0.0,0.0,1.0,0.0,400.0
2026-07-21 16:18:24.983,26.81,28.81,30.12,29.43,3.62,28.76,928.1,24.3,-40.0,0.0,0.0,0.0,1.0,0.0,401.0
2026-07-21 16:18:25.188,26.81,28.81,30.12,29.43,3.62,28.76,928.1,24.3,-40.0,0.0,0.0,0.0,1.0,0.0,401.0
2026-07-21 16:18:25.382,26.81,28.81,30.12,29.43,3.62,28.76,928.1,24.3,-40.0,0.0,0.0,0.0,1.0,0.0,401.0
2026-07-21 16:18:25.582,26.81,28.81,30.12,29.43,3.62,28.77,928.2,24.6,-40.0,0.0,0.0,0.0,1.0,0.0,401.0
2026-07-21 16:18:25.781,26.75,28.81,30.12,29.43,3.68,28.77,928.2,24.6,-40.0,0.0,0.0,0.0,1.0,0.0,401.0
2026-07-21 16:18:25.982,26.75,28.81,30.12,29.43,3.68,28.76,928.1,24.2,-40.0,0.0,0.0,0.0,1.0,0.0,402.0
2026-07-21 16:18:26.186,26.75,28.81,30.12,29.43,3.68,28.76,928.1,24.2,-40.0,0.0,0.0,0.0,1.0,0.0,402.0
2026-07-21 16:18:26.399,26.75,28.81,30.12,29.43,3.68,28.76,928.1,24.2,-40.0,0.0,0.0,0.0,1.0,0.0,402.0
2026-07-21 16:18:26.582,26.75,28.81,30.12,29.43,3.68,28.76,928.1,24.3,-40.0,0.0,0.0,0.0,1.0,0.0,402.0
2026-07-21 16:18:26.783,26.75,28.81,30.12,29.43,3.68,28.76,928.1,24.3,-40.0,0.0,0.0,0.0,1.0,0.0,402.0
2026-07-21 16:18:26.985,26.75,28.81,30.12,29.43,3.68,28.76,928.1,24.2,-40.0,0.0,0.0,0.0,1.0,0.0,403.0
2026-07-21 16:18:27.182,26.75,28.81,30.12,29.43,3.68,28.76,928.1,24.2,-40.0,0.0,0.0,0.0,1.0,0.0,403.0
2026-07-21 16:18:27.382,26.75,28.81,30.12,29.43,3.68,28.76,928.1,24.2,-40.0,0.0,0.0,0.0,1.0,0.0,403.0
2026-07-21 16:18:27.583,26.75,28.81,30.12,29.43,3.68,28.76,928.2,24.2,-40.0,0.0,0.0,0.0,1.0,0.0,403.0
2026-07-21 16:18:27.783,26.68,28.81,30.12,29.43,3.68,28.76,928.2,24.2,-40.0,0.0,0.0,0.0,1.0,0.0,403.0
2026-07-21 16:18:27.982,26.68,28.81,30.12,29.43,3.68,28.76,928.2,24.4,-40.0,0.0,0.0,0.0,1.0,0.0,404.0
2026-07-21 16:18:28.182,26.68,28.81,30.12,29.43,3.68,28.76,928.2,24.4,-40.0,0.0,0.0,0.0,1.0,0.0,404.0
2026-07-21 16:18:28.381,26.68,28.81,30.12,29.43,3.68,28.76,928.2,24.4,-40.0,0.0,0.0,0.0,1.0,0.0,404.0
2026-07-21 16:18:28.583,26.68,28.81,30.12,29.43,3.68,28.76,928.1,24.3,-40.0,0.0,0.0,0.0,1.0,0.0,404.0
2026-07-21 16:18:28.782,26.68,28.81,30.12,29.43,3.68,28.76,928.1,24.3,-40.0,0.0,0.0,0.0,1.0,0.0,404.0
2026-07-21 16:18:28.982,26.68,28.81,30.12,29.43,3.68,28.76,928.1,24.4,-40.0,0.0,0.0,0.0,1.0,0.0,405.0
2026-07-21 16:18:29.182,26.68,28.81,30.12,29.43,3.68,28.76,928.1,24.4,-40.0,0.0,0.0,0.0,1.0,0.0,405.0
2026-07-21 16:18:29.381,26.68,28.81,30.12,29.43,3.68,28.76,928.1,24.4,-40.0,0.0,0.0,0.0,1.0,0.0,405.0
2026-07-21 16:18:29.582,26.68,28.81,30.12,29.43,3.68,28.76,928.2,24.3,-40.0,0.0,0.0,0.0,1.0,0.0,405.0
2026-07-21 16:18:29.782,26.68,28.81,30.12,29.43,3.68,28.76,928.2,24.3,-40.0,0.0,0.0,0.0,1.0,0.0,405.0
2026-07-21 16:18:29.982,26.68,28.81,30.12,29.43,3.68,28.77,928.2,24.3,-40.0,0.0,0.0,0.0,1.0,0.0,406.0
2026-07-21 16:18:30.182,26.68,28.81,30.12,29.43,3.68,28.77,928.2,24.3,-40.0,0.0,0.0,0.0,1.0,0.0,406.0
2026-07-21 16:18:30.382,26.68,28.81,30.12,29.43,3.68,28.77,928.2,24.3,-40.0,0.0,0.0,0.0,1.0,0.0,406.0
2026-07-21 16:18:30.582,26.68,28.81,30.12,29.43,3.68,28.77,928.2,24.5,-40.0,0.0,0.0,0.0,1.0,0.0,406.0
2026-07-21 16:18:30.782,26.62,28.81,30.12,29.43,3.68,28.77,928.2,24.5,-40.0,0.0,0.0,0.0,1.0,0.0,406.0
2026-07-21 16:18:30.982,26.62,28.81,30.12,29.43,3.68,28.76,928.1,24.3,-40.0,0.0,0.0,0.0,1.0,0.0,407.0
2026-07-21 16:18:31.182,26.62,28.81,30.12,29.43,3.68,28.76,928.1,24.3,-40.0,0.0,0.0,0.0,1.0,0.0,407.0
2026-07-21 16:18:31.382,26.62,28.81,30.12,29.43,3.68,28.76,928.1,24.3,-40.0,0.0,0.0,0.0,1.0,0.0,407.0
2026-07-21 16:18:31.582,26.62,28.81,30.12,29.43,3.68,28.76,928.2,24.3,-40.0,0.0,0.0,0.0,1.0,0.0,407.0
2026-07-21 16:18:31.782,26.62,28.81,30.12,29.43,3.68,28.76,928.2,24.3,-40.0,0.0,0.0,0.0,1.0,0.0,407.0
2026-07-21 16:18:31.982,26.62,28.81,30.12,29.43,3.68,28.76,928.2,24.5,-40.0,0.0,0.0,0.0,1.0,0.0,408.0
2026-07-21 16:18:32.183,26.62,28.81,30.12,29.43,3.68,28.76,928.2,24.5,-40.0,0.0,0.0,0.0,1.0,0.0,408.0
2026-07-21 16:18:32.382,26.62,28.81,30.12,29.43,3.68,28.76,928.2,24.5,-40.0,0.0,0.0,0.0,1.0,0.0,408.0
2026-07-21 16:18:32.582,26.62,28.81,30.12,29.43,3.68,28.76,928.2,24.4,-40.0,0.0,0.0,0.0,1.0,0.0,408.0
2026-07-21 16:18:32.782,26.56,28.81,30.12,29.43,3.62,28.76,928.2,24.4,-40.0,0.0,0.0,0.0,1.0,0.0,408.0
2026-07-21 16:18:32.981,26.56,28.81,30.12,29.43,3.62,28.76,928.1,24.8,-40.0,0.0,0.0,0.0,1.0,0.0,409.0
2026-07-21 16:18:33.181,26.56,28.81,30.12,29.43,3.62,28.76,928.1,24.8,-40.0,0.0,0.0,0.0,1.0,0.0,409.0
2026-07-21 16:18:33.382,26.56,28.81,30.12,29.43,3.62,28.76,928.1,24.8,-40.0,0.0,0.0,0.0,1.0,0.0,409.0
2026-07-21 16:18:33.583,26.56,28.81,30.12,29.43,3.62,28.77,928.2,24.3,-40.0,0.0,0.0,0.0,1.0,0.0,409.0
2026-07-21 16:18:33.784,26.56,28.81,30.12,29.43,3.62,28.77,928.2,24.3,-40.0,0.0,0.0,0.0,1.0,0.0,409.0
2026-07-21 16:18:33.983,26.56,28.81,30.12,29.43,3.62,28.76,928.1,24.8,-40.0,0.0,0.0,0.0,1.0,0.0,410.0
2026-07-21 16:18:34.182,26.56,28.81,30.12,29.43,3.62,28.76,928.1,24.8,-40.0,0.0,0.0,0.0,1.0,0.0,410.0
2026-07-21 16:18:34.383,26.56,28.81,30.12,29.43,3.62,28.76,928.1,24.8,-40.0,0.0,0.0,0.0,1.0,0.0,410.0
2026-07-21 16:18:34.582,26.56,28.81,30.12,29.43,3.62,28.77,928.2,24.1,-40.0,0.0,0.0,0.0,1.0,0.0,410.0
2026-07-21 16:18:34.782,26.56,28.81,30.12,29.43,3.62,28.77,928.2,24.1,-40.0,0.0,0.0,0.0,1.0,0.0,410.0
2026-07-21 16:18:34.982,26.56,28.81,30.12,29.43,3.62,28.77,928.2,24.5,-40.0,0.0,0.0,0.0,1.0,0.0,411.0
2026-07-21 16:18:35.183,26.56,28.81,30.12,29.43,3.62,28.77,928.2,24.5,-40.0,0.0,0.0,0.0,1.0,0.0,411.0
2026-07-21 16:18:35.383,26.56,28.81,30.12,29.43,3.62,28.77,928.2,24.5,-40.0,0.0,0.0,0.0,1.0,0.0,411.0
2026-07-21 16:18:35.581,26.56,28.81,30.12,29.43,3.62,28.76,928.2,24.3,-40.0,0.0,0.0,0.0,1.0,0.0,411.0
2026-07-21 16:18:35.782,26.56,28.81,30.12,29.43,3.62,28.76,928.2,24.3,-40.0,0.0,0.0,0.0,1.0,0.0,411.0
2026-07-21 16:18:35.982,26.56,28.81,30.12,29.43,3.62,28.76,928.2,24.9,-40.0,0.0,0.0,0.0,1.0,0.0,412.0
2026-07-21 16:18:36.181,26.56,28.81,30.12,29.43,3.62,28.76,928.2,24.9,-40.0,0.0,0.0,0.0,1.0,0.0,412.0
2026-07-21 16:18:36.382,26.56,28.81,30.12,29.43,3.62,28.76,928.2,24.9,-40.0,0.0,0.0,0.0,1.0,0.0,412.0
2026-07-21 16:18:36.582,26.56,28.81,30.12,29.43,3.62,28.77,928.2,24.4,-40.0,0.0,0.0,0.0,1.0,0.0,412.0
2026-07-21 16:18:36.782,26.56,28.81,30.12,29.43,3.68,28.77,928.2,24.4,-40.0,0.0,0.0,0.0,1.0,0.0,412.0
2026-07-21 16:18:36.982,26.56,28.81,30.12,29.43,3.68,28.76,928.2,24.4,-40.0,0.0,0.0,0.0,1.0,0.0,413.0
2026-07-21 16:18:37.181,26.56,28.81,30.12,29.43,3.68,28.76,928.2,24.4,-40.0,0.0,0.0,0.0,1.0,0.0,413.0
2026-07-21 16:18:37.382,26.56,28.81,30.12,29.43,3.68,28.76,928.2,24.4,-40.0,0.0,0.0,0.0,1.0,0.0,413.0
2026-07-21 16:18:37.582,26.56,28.81,30.12,29.43,3.68,28.76,928.2,24.9,-40.0,0.0,0.0,0.0,1.0,0.0,413.0
2026-07-21 16:18:37.782,26.56,28.81,30.12,29.43,3.62,28.76,928.2,24.9,-40.0,0.0,0.0,0.0,1.0,0.0,413.0
2026-07-21 16:18:37.982,26.56,28.81,30.12,29.43,3.62,28.76,928.2,24.5,-40.0,0.0,0.0,0.0,1.0,0.0,414.0
2026-07-21 16:18:38.182,26.56,28.81,30.12,29.43,3.62,28.76,928.2,24.5,-40.0,0.0,0.0,0.0,1.0,0.0,414.0
2026-07-21 16:18:38.382,26.56,28.81,30.12,29.43,3.62,28.76,928.2,24.5,-40.0,0.0,0.0,0.0,1.0,0.0,414.0
2026-07-21 16:18:38.582,26.56,28.81,30.12,29.43,3.62,28.77,928.2,24.5,-40.0,0.0,0.0,0.0,1.0,0.0,414.0
2026-07-21 16:18:38.782,26.56,28.81,30.12,29.43,3.62,28.77,928.2,24.5,-40.0,0.0,0.0,0.0,1.0,0.0,414.0
2026-07-21 16:18:38.983,26.56,28.81,30.12,29.43,3.62,28.76,928.1,24.1,-40.0,0.0,0.0,0.0,1.0,0.0,415.0
2026-07-21 16:18:39.182,26.56,28.81,30.12,29.43,3.62,28.76,928.1,24.1,-40.0,0.0,0.0,0.0,1.0,0.0,415.0
2026-07-21 16:18:39.383,26.56,28.81,30.12,29.43,3.62,28.76,928.1,24.1,-40.0,0.0,0.0,0.0,1.0,0.0,415.0
2026-07-21 16:18:39.581,26.56,28.81,30.12,29.43,3.62,28.76,928.2,24.2,-40.0,0.0,0.0,0.0,1.0,0.0,415.0
2026-07-21 16:18:39.782,26.5,28.75,30.12,29.43,3.62,28.76,928.2,24.2,-40.0,0.0,0.0,0.0,1.0,0.0,415.0
2026-07-21 16:18:39.983,26.5,28.75,30.12,29.43,3.62,28.76,928.2,24.5,-40.0,0.0,0.0,0.0,1.0,0.0,416.0
2026-07-21 16:18:40.182,26.5,28.75,30.12,29.43,3.62,28.76,928.2,24.5,-40.0,0.0,0.0,0.0,1.0,0.0,416.0
2026-07-21 16:18:40.382,26.5,28.75,30.12,29.43,3.62,28.76,928.2,24.5,-40.0,0.0,0.0,0.0,1.0,0.0,416.0
2026-07-21 16:18:40.582,26.5,28.75,30.12,29.43,3.62,28.76,928.1,24.5,-40.0,0.0,0.0,0.0,1.0,0.0,416.0
2026-07-21 16:18:40.782,26.5,28.75,30.12,29.37,3.68,28.76,928.1,24.5,-40.0,0.0,0.0,0.0,1.0,0.0,416.0
2026-07-21 16:18:40.982,26.5,28.75,30.12,29.37,3.68,28.76,928.2,24.1,-40.0,0.0,0.0,0.0,1.0,0.0,417.0
2026-07-21 16:18:41.182,26.5,28.75,30.12,29.37,3.68,28.76,928.2,24.1,-40.0,0.0,0.0,0.0,1.0,0.0,417.0
2026-07-21 16:18:41.382,26.5,28.75,30.12,29.37,3.68,28.76,928.2,24.1,-40.0,0.0,0.0,0.0,1.0,0.0,417.0
2026-07-21 16:18:41.583,26.5,28.75,30.12,29.37,3.68,28.77,928.2,24.9,-40.0,0.0,0.0,0.0,1.0,0.0,417.0
2026-07-21 16:18:41.782,26.5,28.75,30.12,29.43,3.62,28.77,928.2,24.9,-40.0,0.0,0.0,0.0,1.0,0.0,417.0
2026-07-21 16:18:41.984,26.5,28.75,30.12,29.43,3.62,28.76,928.2,24.2,-40.0,0.0,0.0,0.0,1.0,0.0,418.0
2026-07-21 16:18:42.182,26.5,28.75,30.12,29.43,3.62,28.76,928.2,24.2,-40.0,0.0,0.0,0.0,1.0,0.0,418.0
2026-07-21 16:18:42.382,26.5,28.75,30.12,29.43,3.62,28.76,928.2,24.2,-40.0,0.0,0.0,0.0,1.0,0.0,418.0
2026-07-21 16:18:42.581,26.5,28.75,30.12,29.43,3.62,28.76,928.2,24.8,-40.0,0.0,0.0,0.0,1.0,0.0,418.0
2026-07-21 16:18:42.783,26.5,28.75,30.12,29.43,3.62,28.76,928.2,24.8,-40.0,0.0,0.0,0.0,1.0,0.0,418.0
2026-07-21 16:18:42.982,26.5,28.75,30.12,29.43,3.62,28.76,928.2,24.6,-40.0,0.0,0.0,0.0,1.0,0.0,419.0
2026-07-21 16:18:43.182,26.5,28.75,30.12,29.43,3.62,28.76,928.2,24.6,-40.0,0.0,0.0,0.0,1.0,0.0,419.0
2026-07-21 16:18:43.381,26.5,28.75,30.12,29.43,3.62,28.76,928.2,24.6,-40.0,0.0,0.0,0.0,1.0,0.0,419.0
2026-07-21 16:18:43.581,26.5,28.75,30.12,29.43,3.62,28.76,928.2,24.2,-40.0,0.0,0.0,0.0,1.0,0.0,419.0
2026-07-21 16:18:43.781,26.43,28.75,30.12,29.43,3.62,28.76,928.2,24.2,-40.0,0.0,0.0,0.0,1.0,0.0,419.0
2026-07-21 16:18:43.982,26.43,28.75,30.12,29.43,3.62,28.77,928.2,24.3,-40.0,0.0,0.0,0.0,1.0,0.0,420.0
2026-07-21 16:18:44.181,26.43,28.75,30.12,29.43,3.62,28.77,928.2,24.3,-40.0,0.0,0.0,0.0,1.0,0.0,420.0
2026-07-21 16:18:44.382,26.43,28.75,30.12,29.43,3.62,28.77,928.2,24.3,-40.0,0.0,0.0,0.0,1.0,0.0,420.0
2026-07-21 16:18:44.582,26.43,28.75,30.12,29.43,3.62,28.76,928.3,24.9,-40.0,0.0,0.0,0.0,1.0,0.0,420.0
2026-07-21 16:18:44.782,26.37,28.75,30.12,29.43,3.62,28.76,928.3,24.9,-40.0,0.0,0.0,0.0,1.0,0.0,420.0
2026-07-21 16:18:44.982,26.37,28.75,30.12,29.43,3.62,28.76,928.2,24.4,-40.0,0.0,0.0,0.0,1.0,0.0,421.0
2026-07-21 16:18:45.181,26.37,28.75,30.12,29.43,3.62,28.76,928.2,24.4,-40.0,0.0,0.0,0.0,1.0,0.0,421.0
2026-07-21 16:18:45.381,26.37,28.75,30.12,29.43,3.62,28.76,928.2,24.4,-40.0,0.0,0.0,0.0,1.0,0.0,421.0
2026-07-21 16:18:45.584,26.37,28.75,30.12,29.43,3.62,28.76,928.2,24.3,-40.0,0.0,0.0,0.0,1.0,0.0,421.0
2026-07-21 16:18:45.782,26.37,28.75,30.12,29.43,3.62,28.76,928.2,24.3,-40.0,0.0,0.0,0.0,1.0,0.0,421.0
2026-07-21 16:18:45.982,26.37,28.75,30.12,29.43,3.62,28.76,928.2,24.3,-40.0,0.0,0.0,0.0,1.0,0.0,422.0
2026-07-21 16:18:46.182,26.37,28.75,30.12,29.43,3.62,28.76,928.2,24.3,-40.0,0.0,0.0,0.0,1.0,0.0,422.0
2026-07-21 16:18:46.382,26.37,28.75,30.12,29.43,3.62,28.76,928.2,24.3,-40.0,0.0,0.0,0.0,1.0,0.0,422.0
2026-07-21 16:18:46.581,26.37,28.75,30.12,29.43,3.62,28.77,928.2,25.0,-40.0,0.0,0.0,0.0,1.0,0.0,422.0
2026-07-21 16:18:46.785,26.37,28.75,30.12,29.43,3.62,28.77,928.2,25.0,-40.0,0.0,0.0,0.0,1.0,0.0,422.0
2026-07-21 16:18:46.981,26.37,28.75,30.12,29.43,3.62,28.76,928.2,24.4,-40.0,0.0,0.0,0.0,1.0,0.0,423.0
2026-07-21 16:18:47.181,26.37,28.75,30.12,29.43,3.62,28.76,928.2,24.4,-40.0,0.0,0.0,0.0,1.0,0.0,423.0
2026-07-21 16:18:47.380,26.37,28.75,30.12,29.43,3.62,28.76,928.2,24.4,-40.0,0.0,0.0,0.0,1.0,0.0,423.0
2026-07-21 16:18:47.581,26.37,28.75,30.12,29.43,3.62,28.76,928.3,24.5,-40.0,0.0,0.0,0.0,1.0,0.0,423.0
2026-07-21 16:18:47.781,26.31,28.75,30.12,29.43,3.68,28.76,928.3,24.5,-40.0,0.0,0.0,0.0,1.0,0.0,423.0
2026-07-21 16:18:47.981,26.31,28.75,30.12,29.43,3.68,28.77,928.2,24.0,-40.0,0.0,0.0,0.0,1.0,0.0,424.0
2026-07-21 16:18:48.181,26.31,28.75,30.12,29.43,3.68,28.77,928.2,24.0,-40.0,0.0,0.0,0.0,1.0,0.0,424.0
2026-07-21 16:18:48.402,26.31,28.75,30.12,29.43,3.68,28.77,928.2,24.0,-40.0,0.0,0.0,0.0,1.0,0.0,424.0
2026-07-21 16:18:48.581,26.31,28.75,30.12,29.43,3.68,28.76,928.2,24.9,-40.0,0.0,0.0,0.0,1.0,0.0,424.0
2026-07-21 16:18:48.782,26.31,28.81,30.12,29.43,3.62,28.76,928.2,24.9,-40.0,0.0,0.0,0.0,1.0,0.0,424.0
2026-07-21 16:18:48.981,26.31,28.81,30.12,29.43,3.62,28.76,928.2,24.4,-40.0,0.0,0.0,0.0,1.0,0.0,425.0
2026-07-21 16:18:49.181,26.31,28.81,30.12,29.43,3.62,28.76,928.2,24.4,-40.0,0.0,0.0,0.0,1.0,0.0,425.0
2026-07-21 16:18:49.385,26.31,28.81,30.12,29.43,3.62,28.76,928.2,24.4,-40.0,0.0,0.0,0.0,1.0,0.0,425.0
2026-07-21 16:18:49.581,26.31,28.81,30.12,29.43,3.62,28.77,928.2,24.2,-40.0,0.0,0.0,0.0,1.0,0.0,425.0
2026-07-21 16:18:49.781,26.31,28.75,30.18,29.43,3.62,28.77,928.2,24.2,-40.0,0.0,0.0,0.0,1.0,0.0,425.0
2026-07-21 16:18:49.982,26.31,28.75,30.18,29.43,3.62,28.77,928.2,25.1,-40.0,0.0,0.0,0.0,1.0,0.0,426.0
2026-07-21 16:18:50.181,26.31,28.75,30.18,29.43,3.62,28.77,928.2,25.1,-40.0,0.0,0.0,0.0,1.0,0.0,426.0
2026-07-21 16:18:50.381,26.31,28.75,30.18,29.43,3.62,28.77,928.2,25.1,-40.0,0.0,0.0,0.0,1.0,0.0,426.0
2026-07-21 16:18:50.583,26.31,28.75,30.18,29.43,3.62,28.76,928.2,24.9,-40.0,0.0,0.0,0.0,1.0,0.0,426.0
2026-07-21 16:18:50.781,26.25,28.75,30.12,29.43,3.62,28.76,928.2,24.9,-40.0,0.0,0.0,0.0,1.0,0.0,426.0
2026-07-21 16:18:50.981,26.25,28.75,30.12,29.43,3.62,28.76,928.3,24.7,-40.0,0.0,0.0,0.0,1.0,0.0,427.0
2026-07-21 16:18:51.181,26.25,28.75,30.12,29.43,3.62,28.76,928.3,24.7,-40.0,0.0,0.0,0.0,1.0,0.0,427.0
2026-07-21 16:18:51.381,26.25,28.75,30.12,29.43,3.62,28.76,928.3,24.7,-40.0,0.0,0.0,0.0,1.0,0.0,427.0
2026-07-21 16:18:51.582,26.25,28.75,30.12,29.43,3.62,28.77,928.2,24.0,-40.0,0.0,0.0,0.0,1.0,0.0,427.0
2026-07-21 16:18:51.782,26.25,28.75,30.12,29.43,3.62,28.77,928.2,24.0,-40.0,0.0,0.0,0.0,1.0,0.0,427.0
2026-07-21 16:18:51.981,26.25,28.75,30.12,29.43,3.62,28.76,928.2,24.3,-40.0,0.0,0.0,0.0,1.0,0.0,428.0
2026-07-21 16:18:52.181,26.25,28.75,30.12,29.43,3.62,28.76,928.2,24.3,-40.0,0.0,0.0,0.0,1.0,0.0,428.0
2026-07-21 16:18:52.382,26.25,28.75,30.12,29.43,3.62,28.76,928.2,24.3,-40.0,0.0,0.0,0.0,1.0,0.0,428.0
2026-07-21 16:18:52.583,26.25,28.75,30.12,29.43,3.62,28.76,928.1,24.8,-40.0,0.0,0.0,0.0,1.0,0.0,428.0
2026-07-21 16:18:52.782,26.18,28.75,30.12,29.43,3.62,28.76,928.1,24.8,-40.0,0.0,0.0,0.0,1.0,0.0,428.0
2026-07-21 16:18:52.982,26.18,28.75,30.12,29.43,3.62,28.76,928.2,24.2,-40.0,0.0,0.0,0.0,1.0,0.0,429.0
2026-07-21 16:18:53.182,26.18,28.75,30.12,29.43,3.62,28.76,928.2,24.2,-40.0,0.0,0.0,0.0,1.0,0.0,429.0
2026-07-21 16:18:53.381,26.18,28.75,30.12,29.43,3.62,28.76,928.2,24.2,-40.0,0.0,0.0,0.0,1.0,0.0,429.0
2026-07-21 16:18:53.582,26.18,28.75,30.12,29.43,3.62,28.76,928.2,24.8,-40.0,0.0,0.0,0.0,1.0,0.0,429.0
2026-07-21 16:18:53.781,26.18,28.75,30.12,29.37,3.62,28.76,928.2,24.8,-40.0,0.0,0.0,0.0,1.0,0.0,429.0
2026-07-21 16:18:53.981,26.18,28.75,30.12,29.37,3.62,28.76,928.1,24.6,-40.0,0.0,0.0,0.0,1.0,0.0,430.0
2026-07-21 16:18:54.181,26.18,28.75,30.12,29.37,3.62,28.76,928.1,24.6,-40.0,0.0,0.0,0.0,1.0,0.0,430.0
2026-07-21 16:18:54.382,26.18,28.75,30.12,29.37,3.62,28.76,928.1,24.6,-40.0,0.0,0.0,0.0,1.0,0.0,430.0
2026-07-21 16:18:54.581,26.18,28.75,30.12,29.37,3.62,28.76,928.2,24.1,-40.0,0.0,0.0,0.0,1.0,0.0,430.0
2026-07-21 16:18:54.795,26.18,28.75,30.12,29.43,3.62,28.76,928.2,24.1,-40.0,0.0,0.0,0.0,1.0,0.0,430.0
2026-07-21 16:18:54.982,26.18,28.75,30.12,29.43,3.62,28.75,928.2,24.7,-40.0,0.0,0.0,0.0,1.0,0.0,431.0
2026-07-21 16:18:55.181,26.18,28.75,30.12,29.43,3.62,28.75,928.2,24.7,-40.0,0.0,0.0,0.0,1.0,0.0,431.0
2026-07-21 16:18:55.381,26.18,28.75,30.12,29.43,3.62,28.75,928.2,24.7,-40.0,0.0,0.0,0.0,1.0,0.0,431.0
2026-07-21 16:18:55.582,26.18,28.75,30.12,29.43,3.62,28.76,928.2,24.7,-40.0,0.0,0.0,0.0,1.0,0.0,431.0
2026-07-21 16:18:55.782,26.18,28.75,30.12,29.43,3.62,28.76,928.2,24.7,-40.0,0.0,0.0,0.0,1.0,0.0,431.0
2026-07-21 16:18:55.981,26.18,28.75,30.12,29.43,3.62,28.75,928.2,24.3,-40.0,0.0,0.0,0.0,1.0,0.0,432.0
2026-07-21 16:18:56.181,26.18,28.75,30.12,29.43,3.62,28.75,928.2,24.3,-40.0,0.0,0.0,0.0,1.0,0.0,432.0
2026-07-21 16:18:56.380,26.18,28.75,30.12,29.43,3.62,28.75,928.2,24.3,-40.0,0.0,0.0,0.0,1.0,0.0,432.0
2026-07-21 16:18:56.582,26.18,28.75,30.12,29.43,3.62,28.76,928.2,24.9,-40.0,0.0,0.0,0.0,1.0,0.0,432.0
2026-07-21 16:18:56.782,26.12,28.75,30.12,29.43,3.62,28.76,928.2,24.9,-40.0,0.0,0.0,0.0,1.0,0.0,432.0
2026-07-21 16:18:56.982,26.12,28.75,30.12,29.43,3.62,28.77,928.2,24.9,-40.0,0.0,0.0,0.0,1.0,0.0,433.0
2026-07-21 16:18:57.182,26.12,28.75,30.12,29.43,3.62,28.77,928.2,24.9,-40.0,0.0,0.0,0.0,1.0,0.0,433.0
2026-07-21 16:18:57.381,26.12,28.75,30.12,29.43,3.62,28.77,928.2,24.9,-40.0,0.0,0.0,0.0,1.0,0.0,433.0
2026-07-21 16:18:57.581,26.12,28.75,30.12,29.43,3.62,28.77,928.2,25.0,-40.0,0.0,0.0,0.0,1.0,0.0,433.0
2026-07-21 16:18:57.780,26.12,28.75,30.12,29.43,3.62,28.77,928.2,25.0,-40.0,0.0,0.0,0.0,1.0,0.0,433.0
2026-07-21 16:18:57.980,26.12,28.75,30.12,29.43,3.62,28.76,928.1,24.3,-40.0,0.0,0.0,0.0,1.0,0.0,434.0
2026-07-21 16:18:58.181,26.12,28.75,30.12,29.43,3.62,28.76,928.1,24.3,-40.0,0.0,0.0,0.0,1.0,0.0,434.0
2026-07-21 16:18:58.381,26.12,28.75,30.12,29.43,3.62,28.76,928.1,24.3,-40.0,0.0,0.0,0.0,1.0,0.0,434.0
2026-07-21 16:18:58.581,26.12,28.75,30.12,29.43,3.62,28.77,928.2,25.1,-40.0,0.0,0.0,0.0,1.0,0.0,434.0
2026-07-21 16:18:58.781,26.06,28.75,30.12,29.43,3.62,28.77,928.2,25.1,-40.0,0.0,0.0,0.0,1.0,0.0,434.0
2026-07-21 16:18:58.992,26.06,28.75,30.12,29.43,3.62,28.77,928.2,24.9,-40.0,0.0,0.0,0.0,1.0,0.0,435.0
2026-07-21 16:18:59.182,26.06,28.75,30.12,29.43,3.62,28.77,928.2,24.9,-40.0,0.0,0.0,0.0,1.0,0.0,435.0
2026-07-21 16:18:59.380,26.06,28.75,30.12,29.43,3.62,28.77,928.2,24.9,-40.0,0.0,0.0,0.0,1.0,0.0,435.0
2026-07-21 16:18:59.582,26.06,28.75,30.12,29.43,3.62,28.76,928.2,24.3,-40.0,0.0,0.0,0.0,1.0,0.0,435.0
2026-07-21 16:18:59.781,26.06,28.75,30.12,29.43,3.62,28.76,928.2,24.3,-40.0,0.0,0.0,0.0,1.0,0.0,435.0
2026-07-21 16:18:59.982,26.06,28.75,30.12,29.43,3.62,28.77,928.2,24.3,-40.0,0.0,0.0,0.0,1.0,0.0,436.0
2026-07-21 16:19:00.182,26.06,28.75,30.12,29.43,3.62,28.77,928.2,24.3,-40.0,0.0,0.0,0.0,1.0,0.0,436.0
2026-07-21 16:19:00.381,26.06,28.75,30.12,29.43,3.62,28.77,928.2,24.3,-40.0,0.0,0.0,0.0,1.0,0.0,436.0
2026-07-21 16:19:00.581,26.06,28.75,30.12,29.43,3.62,28.76,928.1,24.9,-40.0,0.0,0.0,0.0,1.0,0.0,436.0
2026-07-21 16:19:00.780,26.06,28.75,30.12,29.37,3.62,28.76,928.1,24.9,-40.0,0.0,0.0,0.0,1.0,0.0,436.0
2026-07-21 16:19:00.981,26.06,28.75,30.12,29.37,3.62,28.77,928.2,24.5,-40.0,0.0,0.0,0.0,1.0,0.0,437.0
2026-07-21 16:19:01.182,26.06,28.75,30.12,29.37,3.62,28.77,928.2,24.5,-40.0,0.0,0.0,0.0,1.0,0.0,437.0
2026-07-21 16:19:01.381,26.06,28.75,30.12,29.37,3.62,28.77,928.2,24.5,-40.0,0.0,0.0,0.0,1.0,0.0,437.0
2026-07-21 16:19:01.582,26.06,28.75,30.12,29.37,3.62,28.76,928.2,24.6,-40.0,0.0,0.0,0.0,1.0,0.0,437.0
2026-07-21 16:19:01.781,26.0,28.68,30.12,29.43,3.62,28.76,928.2,24.6,-40.0,0.0,0.0,0.0,1.0,0.0,437.0
2026-07-21 16:19:01.981,26.0,28.68,30.12,29.43,3.62,28.77,928.2,24.5,-40.0,0.0,0.0,0.0,1.0,0.0,438.0
2026-07-21 16:19:02.181,26.0,28.68,30.12,29.43,3.62,28.77,928.2,24.5,-40.0,0.0,0.0,0.0,1.0,0.0,438.0
2026-07-21 16:19:02.381,26.0,28.68,30.12,29.43,3.62,28.77,928.2,24.5,-40.0,0.0,0.0,0.0,1.0,0.0,438.0
2026-07-21 16:19:02.581,26.0,28.68,30.12,29.43,3.62,28.77,928.2,24.8,-40.0,0.0,0.0,0.0,1.0,0.0,438.0
2026-07-21 16:19:02.781,26.0,28.75,30.12,29.43,3.62,28.77,928.2,24.8,-40.0,0.0,0.0,0.0,1.0,0.0,438.0
2026-07-21 16:19:02.982,26.0,28.75,30.12,29.43,3.62,28.77,928.2,24.9,-40.0,0.0,0.0,0.0,1.0,0.0,439.0
2026-07-21 16:19:03.183,26.0,28.75,30.12,29.43,3.62,28.77,928.2,24.9,-40.0,0.0,0.0,0.0,1.0,0.0,439.0
2026-07-21 16:19:03.381,26.0,28.75,30.12,29.43,3.62,28.77,928.2,24.9,-40.0,0.0,0.0,0.0,1.0,0.0,439.0
2026-07-21 16:19:03.581,26.0,28.75,30.12,29.43,3.62,28.77,928.2,24.6,-40.0,0.0,0.0,0.0,1.0,0.0,439.0
2026-07-21 16:19:03.780,25.93,28.68,30.12,29.43,3.56,28.77,928.2,24.6,-40.0,0.0,0.0,0.0,1.0,0.0,439.0
2026-07-21 16:19:03.982,25.93,28.68,30.12,29.43,3.56,28.76,928.2,24.3,-40.0,0.0,0.0,0.0,1.0,0.0,440.0
2026-07-21 16:19:04.181,25.93,28.68,30.12,29.43,3.56,28.76,928.2,24.3,-40.0,0.0,0.0,0.0,1.0,0.0,440.0
2026-07-21 16:19:04.381,25.93,28.68,30.12,29.43,3.56,28.76,928.2,24.3,-40.0,0.0,0.0,0.0,1.0,0.0,440.0
2026-07-21 16:19:04.581,25.93,28.68,30.12,29.43,3.56,28.76,928.2,24.3,-40.0,0.0,0.0,0.0,1.0,0.0,440.0
2026-07-21 16:19:04.782,25.93,28.68,30.12,29.43,3.56,28.76,928.2,24.3,-40.0,0.0,0.0,0.0,1.0,0.0,440.0
2026-07-21 16:19:04.981,25.93,28.68,30.12,29.43,3.56,28.77,928.2,24.6,-40.0,0.0,0.0,0.0,1.0,0.0,441.0
2026-07-21 16:19:05.180,25.93,28.68,30.12,29.43,3.56,28.77,928.2,24.6,-40.0,0.0,0.0,0.0,1.0,0.0,441.0
2026-07-21 16:19:05.382,25.93,28.68,30.12,29.43,3.56,28.77,928.2,24.6,-40.0,0.0,0.0,0.0,1.0,0.0,441.0
2026-07-21 16:19:05.581,25.93,28.68,30.12,29.43,3.56,28.76,928.2,24.6,-40.0,0.0,0.0,0.0,1.0,0.0,441.0
2026-07-21 16:19:05.782,25.93,28.75,30.12,29.43,3.56,28.76,928.2,24.6,-40.0,0.0,0.0,0.0,1.0,0.0,441.0
2026-07-21 16:19:05.981,25.93,28.75,30.12,29.43,3.56,28.76,928.2,24.5,-40.0,0.0,0.0,0.0,1.0,0.0,442.0
2026-07-21 16:19:06.180,25.93,28.75,30.12,29.43,3.56,28.76,928.2,24.5,-40.0,0.0,0.0,0.0,1.0,0.0,442.0
2026-07-21 16:19:06.381,25.93,28.75,30.12,29.43,3.56,28.76,928.2,24.5,-40.0,0.0,0.0,0.0,1.0,0.0,442.0
2026-07-21 16:19:06.580,25.93,28.75,30.12,29.43,3.56,28.77,928.2,25.2,-40.0,0.0,0.0,0.0,1.0,0.0,442.0
2026-07-21 16:19:06.781,25.87,28.68,30.12,29.43,3.62,28.77,928.2,25.2,-40.0,0.0,0.0,0.0,1.0,0.0,442.0
2026-07-21 16:19:06.980,25.87,28.68,30.12,29.43,3.62,28.76,928.2,24.7,-40.0,0.0,0.0,0.0,1.0,0.0,443.0
2026-07-21 16:19:07.181,25.87,28.68,30.12,29.43,3.62,28.76,928.2,24.7,-40.0,0.0,0.0,0.0,1.0,0.0,443.0
2026-07-21 16:19:07.381,25.87,28.68,30.12,29.43,3.62,28.76,928.2,24.7,-40.0,0.0,0.0,0.0,1.0,0.0,443.0
2026-07-21 16:19:07.581,25.87,28.68,30.12,29.43,3.62,28.76,928.2,24.7,-40.0,0.0,0.0,0.0,1.0,0.0,443.0
2026-07-21 16:19:07.780,25.87,28.75,30.12,29.43,3.56,28.76,928.2,24.7,-40.0,0.0,0.0,0.0,1.0,0.0,443.0
2026-07-21 16:19:07.981,25.87,28.75,30.12,29.43,3.56,28.76,928.1,24.4,-40.0,0.0,0.0,0.0,1.0,0.0,444.0
2026-07-21 16:19:08.180,25.87,28.75,30.12,29.43,3.56,28.76,928.1,24.4,-40.0,0.0,0.0,0.0,1.0,0.0,444.0
2026-07-21 16:19:08.381,25.87,28.75,30.12,29.43,3.56,28.76,928.1,24.4,-40.0,0.0,0.0,0.0,1.0,0.0,444.0
2026-07-21 16:19:08.580,25.87,28.75,30.12,29.43,3.56,28.77,928.2,24.3,-40.0,0.0,0.0,0.0,1.0,0.0,444.0
2026-07-21 16:19:08.781,25.81,28.68,30.12,29.43,3.62,28.77,928.2,24.3,-40.0,0.0,0.0,0.0,1.0,0.0,444.0
2026-07-21 16:19:08.981,25.81,28.68,30.12,29.43,3.62,28.76,928.2,24.6,-40.0,0.0,0.0,0.0,1.0,0.0,445.0
2026-07-21 16:19:09.180,25.81,28.68,30.12,29.43,3.62,28.76,928.2,24.6,-40.0,0.0,0.0,0.0,1.0,0.0,445.0
2026-07-21 16:19:09.381,25.81,28.68,30.12,29.43,3.62,28.76,928.2,24.6,-40.0,0.0,0.0,0.0,1.0,0.0,445.0
2026-07-21 16:19:09.581,25.81,28.68,30.12,29.43,3.62,28.76,928.2,24.7,-40.0,0.0,0.0,0.0,1.0,0.0,445.0
2026-07-21 16:19:09.780,25.81,28.75,30.18,29.43,3.56,28.76,928.2,24.7,-40.0,0.0,0.0,0.0,1.0,0.0,445.0
2026-07-21 16:19:09.981,25.81,28.75,30.18,29.43,3.56,28.76,928.1,24.4,-40.0,0.0,0.0,0.0,1.0,0.0,446.0
2026-07-21 16:19:10.183,25.81,28.75,30.18,29.43,3.56,28.76,928.1,24.4,-40.0,0.0,0.0,0.0,1.0,0.0,446.0
2026-07-21 16:19:10.380,25.81,28.75,30.18,29.43,3.56,28.76,928.1,24.4,-40.0,0.0,0.0,0.0,1.0,0.0,446.0
2026-07-21 16:19:10.582,25.81,28.75,30.18,29.43,3.56,28.76,928.2,25.1,-40.0,0.0,0.0,0.0,1.0,0.0,446.0
2026-07-21 16:19:10.781,25.81,28.68,30.12,29.43,3.56,28.76,928.2,25.1,-40.0,0.0,0.0,0.0,1.0,0.0,446.0
2026-07-21 16:19:10.981,25.81,28.68,30.12,29.43,3.56,28.77,928.2,24.5,-40.0,0.0,0.0,0.0,1.0,0.0,447.0
2026-07-21 16:19:11.181,25.81,28.68,30.12,29.43,3.56,28.77,928.2,24.5,-40.0,0.0,0.0,0.0,1.0,0.0,447.0
2026-07-21 16:19:11.380,25.81,28.68,30.12,29.43,3.56,28.77,928.2,24.5,-40.0,0.0,0.0,0.0,1.0,0.0,447.0
2026-07-21 16:19:11.580,25.81,28.68,30.12,29.43,3.56,28.77,928.2,24.7,-40.0,0.0,0.0,0.0,1.0,0.0,447.0
2026-07-21 16:19:11.781,25.81,28.68,30.12,29.43,3.56,28.77,928.2,24.7,-40.0,0.0,0.0,0.0,1.0,0.0,447.0
2026-07-21 16:19:11.985,25.81,28.68,30.12,29.43,3.56,28.77,928.2,24.3,-40.0,0.0,0.0,0.0,1.0,0.0,448.0
2026-07-21 16:19:12.180,25.81,28.68,30.12,29.43,3.56,28.77,928.2,24.3,-40.0,0.0,0.0,0.0,1.0,0.0,448.0
2026-07-21 16:19:12.380,25.81,28.68,30.12,29.43,3.56,28.77,928.2,24.3,-40.0,0.0,0.0,0.0,1.0,0.0,448.0
2026-07-21 16:19:12.581,25.81,28.68,30.12,29.43,3.56,28.77,928.2,24.9,-40.0,0.0,0.0,0.0,1.0,0.0,448.0
2026-07-21 16:19:12.781,25.75,28.68,30.12,29.43,3.62,28.77,928.2,24.9,-40.0,0.0,0.0,0.0,1.0,0.0,448.0
2026-07-21 16:19:12.980,25.75,28.68,30.12,29.43,3.62,28.77,928.2,24.7,-40.0,0.0,0.0,0.0,1.0,0.0,449.0
2026-07-21 16:19:13.181,25.75,28.68,30.12,29.43,3.62,28.77,928.2,24.7,-40.0,0.0,0.0,0.0,1.0,0.0,449.0
2026-07-21 16:19:13.380,25.75,28.68,30.12,29.43,3.62,28.77,928.2,24.7,-40.0,0.0,0.0,0.0,1.0,0.0,449.0
2026-07-21 16:19:13.585,25.75,28.68,30.12,29.43,3.62,28.77,928.2,24.6,-40.0,0.0,0.0,0.0,1.0,0.0,449.0
2026-07-21 16:19:13.782,25.75,28.68,30.12,29.37,3.56,28.77,928.2,24.6,-40.0,0.0,0.0,0.0,1.0,0.0,449.0
2026-07-21 16:19:13.982,25.75,28.68,30.12,29.37,3.56,28.77,928.2,24.7,-40.0,0.0,0.0,0.0,1.0,0.0,450.0
2026-07-21 16:19:14.181,25.75,28.68,30.12,29.37,3.56,28.77,928.2,24.7,-40.0,0.0,0.0,0.0,1.0,0.0,450.0
2026-07-21 16:19:14.383,25.75,28.68,30.12,29.37,3.56,28.77,928.2,24.7,-40.0,0.0,0.0,0.0,1.0,0.0,450.0
2026-07-21 16:19:14.607,25.75,28.68,30.12,29.37,3.56,28.77,928.2,24.6,-40.0,0.0,0.0,0.0,1.0,0.0,450.0
2026-07-21 16:19:14.781,25.75,28.68,30.12,29.43,3.56,28.77,928.2,24.6,-40.0,0.0,0.0,0.0,1.0,0.0,450.0
2026-07-21 16:19:14.981,25.75,28.68,30.12,29.43,3.56,28.77,928.2,24.4,-40.0,0.0,0.0,0.0,1.0,0.0,451.0
2026-07-21 16:19:15.180,25.75,28.68,30.12,29.43,3.56,28.77,928.2,24.4,-40.0,0.0,0.0,0.0,1.0,0.0,451.0
2026-07-21 16:19:15.381,25.75,28.68,30.12,29.43,3.56,28.77,928.2,24.4,-40.0,0.0,0.0,0.0,1.0,0.0,451.0
2026-07-21 16:19:15.608,25.75,28.68,30.12,29.43,3.56,28.77,928.2,24.8,-40.0,0.0,0.0,0.0,1.0,0.0,451.0
2026-07-21 16:19:15.780,25.75,28.68,30.12,29.43,3.56,28.77,928.2,24.8,-40.0,0.0,0.0,0.0,1.0,0.0,451.0
2026-07-21 16:19:15.980,25.75,28.68,30.12,29.43,3.56,28.77,928.1,25.1,-40.0,0.0,0.0,0.0,1.0,0.0,452.0
2026-07-21 16:19:16.180,25.75,28.68,30.12,29.43,3.56,28.77,928.1,25.1,-40.0,0.0,0.0,0.0,1.0,0.0,452.0
2026-07-21 16:19:16.380,25.75,28.68,30.12,29.43,3.56,28.77,928.1,25.1,-40.0,0.0,0.0,0.0,1.0,0.0,452.0
2026-07-21 16:19:16.580,25.75,28.68,30.12,29.43,3.56,28.77,928.2,24.9,-40.0,0.0,0.0,0.0,1.0,0.0,452.0
2026-07-21 16:19:16.780,25.68,28.68,30.12,29.37,3.56,28.77,928.2,24.9,-40.0,0.0,0.0,0.0,1.0,0.0,452.0
2026-07-21 16:19:16.980,25.68,28.68,30.12,29.37,3.56,28.77,928.2,24.4,-40.0,0.0,0.0,0.0,1.0,0.0,453.0
2026-07-21 16:19:17.181,25.68,28.68,30.12,29.37,3.56,28.77,928.2,24.4,-40.0,0.0,0.0,0.0,1.0,0.0,453.0
2026-07-21 16:19:17.380,25.68,28.68,30.12,29.37,3.56,28.77,928.2,24.4,-40.0,0.0,0.0,0.0,1.0,0.0,453.0
2026-07-21 16:19:17.581,25.68,28.68,30.12,29.37,3.56,28.77,928.2,24.4,-40.0,0.0,0.0,0.0,1.0,0.0,453.0
2026-07-21 16:19:17.780,25.68,28.68,30.12,29.43,3.56,28.77,928.2,24.4,-40.0,0.0,0.0,0.0,1.0,0.0,453.0
2026-07-21 16:19:17.981,25.68,28.68,30.12,29.43,3.56,28.76,928.2,24.7,-40.0,0.0,0.0,0.0,1.0,0.0,454.0
2026-07-21 16:19:18.180,25.68,28.68,30.12,29.43,3.56,28.76,928.2,24.7,-40.0,0.0,0.0,0.0,1.0,0.0,454.0
2026-07-21 16:19:18.381,25.68,28.68,30.12,29.43,3.56,28.76,928.2,24.7,-40.0,0.0,0.0,0.0,1.0,0.0,454.0
2026-07-21 16:19:18.580,25.68,28.68,30.12,29.43,3.56,28.78,928.3,24.9,-40.0,0.0,0.0,0.0,1.0,0.0,454.0
2026-07-21 16:19:18.781,25.68,28.62,30.12,29.37,3.56,28.78,928.3,24.9,-40.0,0.0,0.0,0.0,1.0,0.0,454.0
2026-07-21 16:19:18.980,25.68,28.62,30.12,29.37,3.56,28.78,928.2,24.7,-40.0,0.0,0.0,0.0,1.0,0.0,455.0
2026-07-21 16:19:19.180,25.68,28.62,30.12,29.37,3.56,28.78,928.2,24.7,-40.0,0.0,0.0,0.0,1.0,0.0,455.0
2026-07-21 16:19:19.381,25.68,28.62,30.12,29.37,3.56,28.78,928.2,24.7,-40.0,0.0,0.0,0.0,1.0,0.0,455.0
2026-07-21 16:19:19.582,25.68,28.62,30.12,29.37,3.56,28.76,928.2,24.6,-40.0,0.0,0.0,0.0,1.0,0.0,455.0
2026-07-21 16:19:19.780,25.68,28.68,30.12,29.43,3.56,28.76,928.2,24.6,-40.0,0.0,0.0,0.0,1.0,0.0,455.0
2026-07-21 16:19:19.980,25.68,28.68,30.12,29.43,3.56,28.77,928.2,24.5,-40.0,0.0,0.0,0.0,1.0,0.0,456.0
2026-07-21 16:19:20.180,25.68,28.68,30.12,29.43,3.56,28.77,928.2,24.5,-40.0,0.0,0.0,0.0,1.0,0.0,456.0
2026-07-21 16:19:20.380,25.68,28.68,30.12,29.43,3.56,28.77,928.2,24.5,-40.0,0.0,0.0,0.0,1.0,0.0,456.0
2026-07-21 16:19:20.584,25.68,28.68,30.12,29.43,3.56,28.77,928.2,24.7,-40.0,0.0,0.0,0.0,1.0,0.0,456.0
2026-07-21 16:19:20.780,25.68,28.68,30.12,29.43,3.56,28.77,928.2,24.7,-40.0,0.0,0.0,0.0,1.0,0.0,456.0
2026-07-21 16:19:20.982,25.68,28.68,30.12,29.43,3.56,28.77,928.2,24.4,-40.0,0.0,0.0,0.0,1.0,0.0,457.0
2026-07-21 16:19:21.180,25.68,28.68,30.12,29.43,3.56,28.77,928.2,24.4,-40.0,0.0,0.0,0.0,1.0,0.0,457.0
2026-07-21 16:19:21.381,25.68,28.68,30.12,29.43,3.56,28.77,928.2,24.4,-40.0,0.0,0.0,0.0,1.0,0.0,457.0
2026-07-21 16:19:21.582,25.68,28.68,30.12,29.43,3.56,28.77,928.2,24.7,-40.0,0.0,0.0,0.0,1.0,0.0,457.0
2026-07-21 16:19:21.781,25.68,28.68,30.12,29.43,3.56,28.77,928.2,24.7,-40.0,0.0,0.0,0.0,1.0,0.0,457.0
2026-07-21 16:19:21.980,25.68,28.68,30.12,29.43,3.56,28.77,928.2,24.4,-40.0,0.0,0.0,0.0,1.0,0.0,458.0
2026-07-21 16:19:22.179,25.68,28.68,30.12,29.43,3.56,28.77,928.2,24.4,-40.0,0.0,0.0,0.0,1.0,0.0,458.0
2026-07-21 16:19:22.380,25.68,28.68,30.12,29.43,3.56,28.77,928.2,24.4,-40.0,0.0,0.0,0.0,1.0,0.0,458.0
2026-07-21 16:19:22.610,25.68,28.68,30.12,29.43,3.56,28.77,928.2,24.3,-40.0,0.0,0.0,0.0,1.0,0.0,458.0
2026-07-21 16:19:22.780,25.62,28.62,30.12,29.43,3.56,28.77,928.2,24.3,-40.0,0.0,0.0,0.0,1.0,0.0,458.0
2026-07-21 16:19:22.980,25.62,28.62,30.12,29.43,3.56,28.78,928.2,24.3,-40.0,0.0,0.0,0.0,1.0,0.0,459.0
2026-07-21 16:19:23.181,25.62,28.62,30.12,29.43,3.56,28.78,928.2,24.3,-40.0,0.0,0.0,0.0,1.0,0.0,459.0
2026-07-21 16:19:23.381,25.62,28.62,30.12,29.43,3.56,28.78,928.2,24.3,-40.0,0.0,0.0,0.0,1.0,0.0,459.0
2026-07-21 16:19:23.581,25.62,28.62,30.12,29.43,3.56,28.77,928.2,24.5,-40.0,0.0,0.0,0.0,1.0,0.0,459.0
2026-07-21 16:19:23.780,25.62,28.62,30.12,29.43,3.56,28.77,928.2,24.5,-40.0,0.0,0.0,0.0,1.0,0.0,459.0
2026-07-21 16:19:23.980,25.62,28.62,30.12,29.43,3.56,28.77,928.2,24.9,-40.0,0.0,0.0,0.0,1.0,0.0,460.0
2026-07-21 16:19:24.181,25.62,28.62,30.12,29.43,3.56,28.77,928.2,24.9,-40.0,0.0,0.0,0.0,1.0,0.0,460.0
2026-07-21 16:19:24.382,25.62,28.62,30.12,29.43,3.56,28.77,928.2,24.9,-40.0,0.0,0.0,0.0,1.0,0.0,460.0
2026-07-21 16:19:24.580,25.62,28.62,30.12,29.43,3.56,28.77,928.2,24.7,-40.0,0.0,0.0,0.0,1.0,0.0,460.0
2026-07-21 16:19:24.782,25.62,28.62,30.12,29.43,3.56,28.77,928.2,24.7,-40.0,0.0,0.0,0.0,1.0,0.0,460.0
2026-07-21 16:19:24.981,25.62,28.62,30.12,29.43,3.56,28.77,928.2,24.6,-40.0,0.0,0.0,0.0,1.0,0.0,461.0
2026-07-21 16:19:25.180,25.62,28.62,30.12,29.43,3.56,28.77,928.2,24.6,-40.0,0.0,0.0,0.0,1.0,0.0,461.0
2026-07-21 16:19:25.381,25.62,28.62,30.12,29.43,3.56,28.77,928.2,24.6,-40.0,0.0,0.0,0.0,1.0,0.0,461.0
2026-07-21 16:19:25.581,25.62,28.62,30.12,29.43,3.56,28.77,928.1,24.6,-40.0,0.0,0.0,0.0,1.0,0.0,461.0
2026-07-21 16:19:25.780,25.62,28.62,30.12,29.43,3.56,28.77,928.1,24.6,-40.0,0.0,0.0,0.0,1.0,0.0,461.0
2026-07-21 16:19:25.981,25.62,28.62,30.12,29.43,3.56,28.78,928.2,24.9,-40.0,0.0,0.0,0.0,1.0,0.0,462.0
2026-07-21 16:19:26.182,25.62,28.62,30.12,29.43,3.56,28.78,928.2,24.9,-40.0,0.0,0.0,0.0,1.0,0.0,462.0
2026-07-21 16:19:26.380,25.62,28.62,30.12,29.43,3.56,28.78,928.2,24.9,-40.0,0.0,0.0,0.0,1.0,0.0,462.0
2026-07-21 16:19:26.581,25.62,28.62,30.12,29.43,3.56,28.77,928.2,24.6,-40.0,0.0,0.0,0.0,1.0,0.0,462.0
2026-07-21 16:19:26.781,25.62,28.62,30.12,29.43,3.56,28.77,928.2,24.6,-40.0,0.0,0.0,0.0,1.0,0.0,462.0
2026-07-21 16:19:26.981,25.62,28.62,30.12,29.43,3.56,28.77,928.2,24.4,-40.0,0.0,0.0,0.0,1.0,0.0,463.0
2026-07-21 16:19:27.180,25.62,28.62,30.12,29.43,3.56,28.77,928.2,24.4,-40.0,0.0,0.0,0.0,1.0,0.0,463.0
2026-07-21 16:19:27.381,25.62,28.62,30.12,29.43,3.56,28.77,928.2,24.4,-40.0,0.0,0.0,0.0,1.0,0.0,463.0
2026-07-21 16:19:27.581,25.62,28.62,30.12,29.43,3.56,28.78,928.2,24.6,-40.0,0.0,0.0,0.0,1.0,0.0,463.0
2026-07-21 16:19:27.780,25.56,28.62,30.12,29.37,3.56,28.78,928.2,24.6,-40.0,0.0,0.0,0.0,1.0,0.0,463.0
2026-07-21 16:19:27.981,25.56,28.62,30.12,29.37,3.56,28.77,928.2,24.6,-40.0,0.0,0.0,0.0,1.0,0.0,464.0
2026-07-21 16:19:28.180,25.56,28.62,30.12,29.37,3.56,28.77,928.2,24.6,-40.0,0.0,0.0,0.0,1.0,0.0,464.0
2026-07-21 16:19:28.380,25.56,28.62,30.12,29.37,3.56,28.77,928.2,24.6,-40.0,0.0,0.0,0.0,1.0,0.0,464.0
2026-07-21 16:19:28.580,25.56,28.62,30.12,29.37,3.56,28.77,928.2,24.4,-40.0,0.0,0.0,0.0,1.0,0.0,464.0
2026-07-21 16:19:28.780,25.56,28.62,30.12,29.43,3.56,28.77,928.2,24.4,-40.0,0.0,0.0,0.0,1.0,0.0,464.0
2026-07-21 16:19:28.980,25.56,28.62,30.12,29.43,3.56,28.78,928.2,24.9,-40.0,0.0,0.0,0.0,1.0,0.0,465.0
2026-07-21 16:19:29.179,25.56,28.62,30.12,29.43,3.56,28.78,928.2,24.9,-40.0,0.0,0.0,0.0,1.0,0.0,465.0
2026-07-21 16:19:29.380,25.56,28.62,30.12,29.43,3.56,28.78,928.2,24.9,-40.0,0.0,0.0,0.0,1.0,0.0,465.0
2026-07-21 16:19:29.580,25.56,28.62,30.12,29.43,3.56,28.78,928.2,24.4,-40.0,0.0,0.0,0.0,1.0,0.0,465.0
2026-07-21 16:19:29.780,25.56,28.62,30.12,29.43,3.56,28.78,928.2,24.4,-40.0,0.0,0.0,0.0,1.0,0.0,465.0
2026-07-21 16:19:29.980,25.56,28.62,30.12,29.43,3.56,28.78,928.3,24.5,-40.0,0.0,0.0,0.0,1.0,0.0,466.0
2026-07-21 16:19:30.179,25.56,28.62,30.12,29.43,3.56,28.78,928.3,24.5,-40.0,0.0,0.0,0.0,1.0,0.0,466.0
2026-07-21 16:19:30.379,25.56,28.62,30.12,29.43,3.56,28.78,928.3,24.5,-40.0,0.0,0.0,0.0,1.0,0.0,466.0
2026-07-21 16:19:30.579,25.56,28.62,30.12,29.43,3.56,28.77,928.2,24.4,-40.0,0.0,0.0,0.0,1.0,0.0,466.0
2026-07-21 16:19:30.780,25.56,28.62,30.12,29.43,3.56,28.77,928.2,24.4,-40.0,0.0,0.0,0.0,1.0,0.0,466.0
2026-07-21 16:19:30.980,25.56,28.62,30.12,29.43,3.56,28.76,928.1,24.6,-40.0,0.0,0.0,0.0,1.0,0.0,467.0
2026-07-21 16:19:31.180,25.56,28.62,30.12,29.43,3.56,28.76,928.1,24.6,-40.0,0.0,0.0,0.0,1.0,0.0,467.0
2026-07-21 16:19:31.380,25.56,28.62,30.12,29.43,3.56,28.76,928.1,24.6,-40.0,0.0,0.0,0.0,1.0,0.0,467.0
2026-07-21 16:19:31.580,25.56,28.62,30.12,29.43,3.56,28.77,928.2,24.1,-40.0,0.0,0.0,0.0,1.0,0.0,467.0
2026-07-21 16:19:31.780,25.56,28.62,30.12,29.43,3.56,28.77,928.2,24.1,-40.0,0.0,0.0,0.0,1.0,0.0,467.0
2026-07-21 16:19:31.980,25.56,28.62,30.12,29.43,3.56,28.77,928.2,24.7,-40.0,0.0,0.0,0.0,1.0,0.0,468.0
2026-07-21 16:19:32.179,25.56,28.62,30.12,29.43,3.56,28.77,928.2,24.7,-40.0,0.0,0.0,0.0,1.0,0.0,468.0
2026-07-21 16:19:32.381,25.56,28.62,30.12,29.43,3.56,28.77,928.2,24.7,-40.0,0.0,0.0,0.0,1.0,0.0,468.0
2026-07-21 16:19:32.610,25.56,28.62,30.12,29.43,3.56,28.77,928.2,24.3,-40.0,0.0,0.0,0.0,1.0,0.0,468.0
2026-07-21 16:19:32.779,25.56,28.62,30.12,29.43,3.56,28.77,928.2,24.3,-40.0,0.0,0.0,0.0,1.0,0.0,468.0
2026-07-21 16:19:32.979,25.56,28.62,30.12,29.43,3.56,28.77,928.2,24.6,-40.0,0.0,0.0,0.0,1.0,0.0,469.0
2026-07-21 16:19:33.184,25.56,28.62,30.12,29.43,3.56,28.77,928.2,24.6,-40.0,0.0,0.0,0.0,1.0,0.0,469.0
2026-07-21 16:19:33.379,25.56,28.62,30.12,29.43,3.56,28.77,928.2,24.6,-40.0,0.0,0.0,0.0,1.0,0.0,469.0
2026-07-21 16:19:33.580,25.56,28.62,30.12,29.43,3.56,28.77,928.2,24.4,-40.0,0.0,0.0,0.0,1.0,0.0,469.0
2026-07-21 16:19:33.779,25.5,28.62,30.12,29.43,3.56,28.77,928.2,24.4,-40.0,0.0,0.0,0.0,1.0,0.0,469.0
2026-07-21 16:19:33.980,25.5,28.62,30.12,29.43,3.56,28.77,928.2,24.7,-40.0,0.0,0.0,0.0,1.0,0.0,470.0
2026-07-21 16:19:34.180,25.5,28.62,30.12,29.43,3.56,28.77,928.2,24.7,-40.0,0.0,0.0,0.0,1.0,0.0,470.0
2026-07-21 16:19:34.380,25.5,28.62,30.12,29.43,3.56,28.77,928.2,24.7,-40.0,0.0,0.0,0.0,1.0,0.0,470.0
2026-07-21 16:19:34.580,25.5,28.62,30.12,29.43,3.56,28.77,928.2,25.2,-40.0,0.0,0.0,0.0,1.0,0.0,470.0
2026-07-21 16:19:34.780,25.5,28.62,30.06,29.43,3.56,28.77,928.2,25.2,-40.0,0.0,0.0,0.0,1.0,0.0,470.0
2026-07-21 16:19:34.979,25.5,28.62,30.06,29.43,3.56,28.77,928.2,24.7,-40.0,0.0,0.0,0.0,1.0,0.0,471.0
2026-07-21 16:19:35.180,25.5,28.62,30.06,29.43,3.56,28.77,928.2,24.7,-40.0,0.0,0.0,0.0,1.0,0.0,471.0
2026-07-21 16:19:35.379,25.5,28.62,30.06,29.43,3.56,28.77,928.2,24.7,-40.0,0.0,0.0,0.0,1.0,0.0,471.0
2026-07-21 16:19:35.580,25.5,28.62,30.06,29.43,3.56,28.78,928.2,25.0,-40.0,0.0,0.0,0.0,1.0,0.0,471.0
2026-07-21 16:19:35.780,25.5,28.62,30.12,29.43,3.56,28.78,928.2,25.0,-40.0,0.0,0.0,0.0,1.0,0.0,471.0
2026-07-21 16:19:35.980,25.5,28.62,30.12,29.43,3.56,28.77,928.2,24.9,-40.0,0.0,0.0,0.0,1.0,0.0,472.0
2026-07-21 16:19:36.181,25.5,28.62,30.12,29.43,3.56,28.77,928.2,24.9,-40.0,0.0,0.0,0.0,1.0,0.0,472.0
2026-07-21 16:19:36.380,25.5,28.62,30.12,29.43,3.56,28.77,928.2,24.9,-40.0,0.0,0.0,0.0,1.0,0.0,472.0
2026-07-21 16:19:36.581,25.5,28.62,30.12,29.43,3.56,28.77,928.2,24.7,-40.0,0.0,0.0,0.0,1.0,0.0,472.0
2026-07-21 16:19:36.779,25.5,28.62,30.12,29.43,3.56,28.77,928.2,24.7,-40.0,0.0,0.0,0.0,1.0,0.0,472.0
2026-07-21 16:19:36.979,25.5,28.62,30.12,29.43,3.56,28.78,928.2,25.0,-40.0,0.0,0.0,0.0,1.0,0.0,473.0
2026-07-21 16:19:37.180,25.5,28.62,30.12,29.43,3.56,28.78,928.2,25.0,-40.0,0.0,0.0,0.0,1.0,0.0,473.0
2026-07-21 16:19:37.380,25.5,28.62,30.12,29.43,3.56,28.78,928.2,25.0,-40.0,0.0,0.0,0.0,1.0,0.0,473.0
2026-07-21 16:19:37.579,25.5,28.62,30.12,29.43,3.56,28.78,928.2,25.5,-40.0,0.0,0.0,0.0,1.0,0.0,473.0
2026-07-21 16:19:37.781,25.5,28.62,30.12,29.43,3.56,28.78,928.2,25.5,-40.0,0.0,0.0,0.0,1.0,0.0,473.0
2026-07-21 16:19:37.980,25.5,28.62,30.12,29.43,3.56,28.78,928.2,25.8,-40.0,0.0,0.0,0.0,1.0,0.0,474.0
2026-07-21 16:19:38.181,25.5,28.62,30.12,29.43,3.56,28.78,928.2,25.8,-40.0,0.0,0.0,0.0,1.0,0.0,474.0
2026-07-21 16:19:38.383,25.5,28.62,30.12,29.43,3.56,28.78,928.2,25.8,-40.0,0.0,0.0,0.0,1.0,0.0,474.0
2026-07-21 16:19:38.580,25.5,28.62,30.12,29.43,3.56,28.79,928.2,26.0,-40.0,0.0,0.0,0.0,1.0,0.0,474.0
2026-07-21 16:19:38.780,25.43,28.56,30.12,29.43,3.56,28.79,928.2,26.0,-40.0,0.0,0.0,0.0,1.0,0.0,474.0
2026-07-21 16:19:38.981,25.43,28.56,30.12,29.43,3.56,28.77,928.2,26.0,-40.0,0.0,0.0,0.0,1.0,0.0,475.0
2026-07-21 16:19:39.180,25.43,28.56,30.12,29.43,3.56,28.77,928.2,26.0,-40.0,0.0,0.0,0.0,1.0,0.0,475.0
2026-07-21 16:19:39.380,25.43,28.56,30.12,29.43,3.56,28.77,928.2,26.0,-40.0,0.0,0.0,0.0,1.0,0.0,475.0
2026-07-21 16:19:39.580,25.43,28.56,30.12,29.43,3.56,28.78,928.3,26.4,-40.0,0.0,0.0,0.0,1.0,0.0,475.0
2026-07-21 16:19:39.779,25.43,28.62,30.06,29.43,3.56,28.78,928.3,26.4,-40.0,0.0,0.0,0.0,1.0,0.0,475.0
2026-07-21 16:19:39.980,25.43,28.62,30.06,29.43,3.56,28.78,928.2,26.3,-40.0,0.0,0.0,0.0,1.0,0.0,476.0
2026-07-21 16:19:40.180,25.43,28.62,30.06,29.43,3.56,28.78,928.2,26.3,-40.0,0.0,0.0,0.0,1.0,0.0,476.0
2026-07-21 16:19:40.380,25.43,28.62,30.06,29.43,3.56,28.78,928.2,26.3,-40.0,0.0,0.0,0.0,1.0,0.0,476.0
2026-07-21 16:19:40.579,25.43,28.62,30.06,29.43,3.56,28.78,928.2,26.8,-40.0,0.0,0.0,0.0,1.0,0.0,476.0
2026-07-21 16:19:40.779,25.43,28.62,30.12,29.43,3.56,28.78,928.2,26.8,-40.0,0.0,0.0,0.0,1.0,0.0,476.0
2026-07-21 16:19:40.983,25.43,28.62,30.12,29.43,3.56,28.78,928.2,26.7,-40.0,0.0,0.0,0.0,1.0,0.0,477.0
2026-07-21 16:19:41.181,25.43,28.62,30.12,29.43,3.56,28.78,928.2,26.7,-40.0,0.0,0.0,0.0,1.0,0.0,477.0
2026-07-21 16:19:41.379,25.43,28.62,30.12,29.43,3.56,28.78,928.2,26.7,-40.0,0.0,0.0,0.0,1.0,0.0,477.0
2026-07-21 16:19:41.580,25.43,28.62,30.12,29.43,3.56,28.78,928.2,26.6,-40.0,0.0,0.0,0.0,1.0,0.0,477.0
2026-07-21 16:19:41.779,25.43,28.62,30.12,29.43,3.56,28.78,928.2,26.6,-40.0,0.0,0.0,0.0,1.0,0.0,477.0
2026-07-21 16:19:41.981,25.43,28.62,30.12,29.43,3.56,28.78,928.2,26.5,-40.0,0.0,0.0,0.0,1.0,0.0,478.0
2026-07-21 16:19:42.180,25.43,28.62,30.12,29.43,3.56,28.78,928.2,26.5,-40.0,0.0,0.0,0.0,1.0,0.0,478.0
2026-07-21 16:19:42.380,25.43,28.62,30.12,29.43,3.56,28.78,928.2,26.5,-40.0,0.0,0.0,0.0,1.0,0.0,478.0
2026-07-21 16:19:42.580,25.43,28.62,30.12,29.43,3.56,28.78,928.2,26.8,-40.0,0.0,0.0,0.0,1.0,0.0,478.0
2026-07-21 16:19:42.780,25.43,28.62,30.12,29.43,3.56,28.78,928.2,26.8,-40.0,0.0,0.0,0.0,1.0,0.0,478.0
2026-07-21 16:19:42.980,25.43,28.62,30.12,29.43,3.56,28.78,928.2,26.5,-40.0,0.0,0.0,0.0,1.0,0.0,479.0
2026-07-21 16:19:43.179,25.43,28.62,30.12,29.43,3.56,28.78,928.2,26.5,-40.0,0.0,0.0,0.0,1.0,0.0,479.0
2026-07-21 16:19:43.380,25.43,28.62,30.12,29.43,3.56,28.78,928.2,26.5,-40.0,0.0,0.0,0.0,1.0,0.0,479.0
2026-07-21 16:19:43.580,25.43,28.62,30.12,29.43,3.56,28.78,928.2,26.5,-40.0,0.0,0.0,0.0,1.0,0.0,479.0
2026-07-21 16:19:43.780,25.37,28.62,30.12,29.43,3.56,28.78,928.2,26.5,-40.0,0.0,0.0,0.0,1.0,0.0,479.0
2026-07-21 16:19:43.980,25.37,28.62,30.12,29.43,3.56,28.78,928.2,26.6,-40.0,0.0,0.0,0.0,1.0,0.0,480.0
2026-07-21 16:19:44.179,25.37,28.62,30.12,29.43,3.56,28.78,928.2,26.6,-40.0,0.0,0.0,0.0,1.0,0.0,480.0
2026-07-21 16:19:44.380,25.37,28.62,30.12,29.43,3.56,28.78,928.2,26.6,-40.0,0.0,0.0,0.0,1.0,0.0,480.0
2026-07-21 16:19:44.581,25.37,28.62,30.12,29.43,3.56,28.78,928.2,26.1,-40.0,0.0,0.0,0.0,1.0,0.0,480.0
2026-07-21 16:19:44.779,25.37,28.62,30.12,29.43,3.5,28.78,928.2,26.1,-40.0,0.0,0.0,0.0,1.0,0.0,480.0
2026-07-21 16:19:44.980,25.37,28.62,30.12,29.43,3.5,28.79,928.2,25.8,-40.0,0.0,0.0,0.0,1.0,0.0,481.0
2026-07-21 16:19:45.179,25.37,28.62,30.12,29.43,3.5,28.79,928.2,25.8,-40.0,0.0,0.0,0.0,1.0,0.0,481.0
2026-07-21 16:19:45.379,25.37,28.62,30.12,29.43,3.5,28.79,928.2,25.8,-40.0,0.0,0.0,0.0,1.0,0.0,481.0
2026-07-21 16:19:45.580,25.37,28.62,30.12,29.43,3.5,28.78,928.2,26.1,-40.0,0.0,0.0,0.0,1.0,0.0,481.0
2026-07-21 16:19:45.779,25.37,28.62,30.12,29.43,3.56,28.78,928.2,26.1,-40.0,0.0,0.0,0.0,1.0,0.0,481.0
2026-07-21 16:19:45.980,25.37,28.62,30.12,29.43,3.56,28.78,928.1,25.9,-40.0,0.0,0.0,0.0,1.0,0.0,482.0
2026-07-21 16:19:46.180,25.37,28.62,30.12,29.43,3.56,28.78,928.1,25.9,-40.0,0.0,0.0,0.0,1.0,0.0,482.0
2026-07-21 16:19:46.380,25.37,28.62,30.12,29.43,3.56,28.78,928.1,25.9,-40.0,0.0,0.0,0.0,1.0,0.0,482.0
2026-07-21 16:19:46.580,25.37,28.62,30.12,29.43,3.56,28.79,928.2,25.7,-40.0,0.0,0.0,0.0,1.0,0.0,482.0
2026-07-21 16:19:46.779,25.31,28.56,30.12,29.43,3.56,28.79,928.2,25.7,-40.0,0.0,0.0,0.0,1.0,0.0,482.0
2026-07-21 16:19:46.979,25.31,28.56,30.12,29.43,3.56,28.79,928.2,25.7,-40.0,0.0,0.0,0.0,1.0,0.0,483.0
2026-07-21 16:19:47.180,25.31,28.56,30.12,29.43,3.56,28.79,928.2,25.7,-40.0,0.0,0.0,0.0,1.0,0.0,483.0
2026-07-21 16:19:47.380,25.31,28.56,30.12,29.43,3.56,28.79,928.2,25.7,-40.0,0.0,0.0,0.0,1.0,0.0,483.0
2026-07-21 16:19:47.579,25.31,28.56,30.12,29.43,3.56,28.78,928.1,25.5,-40.0,0.0,0.0,0.0,1.0,0.0,483.0
2026-07-21 16:19:47.779,25.31,28.62,30.12,29.43,3.56,28.78,928.1,25.5,-40.0,0.0,0.0,0.0,1.0,0.0,483.0
2026-07-21 16:19:47.979,25.31,28.62,30.12,29.43,3.56,28.78,928.2,25.4,-40.0,0.0,0.0,0.0,1.0,0.0,484.0
2026-07-21 16:19:48.179,25.31,28.62,30.12,29.43,3.56,28.78,928.2,25.4,-40.0,0.0,0.0,0.0,1.0,0.0,484.0
2026-07-21 16:19:48.380,25.31,28.62,30.12,29.43,3.56,28.78,928.2,25.4,-40.0,0.0,0.0,0.0,1.0,0.0,484.0
2026-07-21 16:19:48.580,25.31,28.62,30.12,29.43,3.56,28.78,928.2,25.3,-40.0,0.0,0.0,0.0,1.0,0.0,484.0
2026-07-21 16:19:48.780,25.31,28.62,30.06,29.43,3.56,28.78,928.2,25.3,-40.0,0.0,0.0,0.0,1.0,0.0,484.0
2026-07-21 16:19:48.980,25.31,28.62,30.06,29.43,3.56,28.79,928.1,25.0,-40.0,0.0,0.0,0.0,1.0,0.0,485.0
2026-07-21 16:19:49.180,25.31,28.62,30.06,29.43,3.56,28.79,928.1,25.0,-40.0,0.0,0.0,0.0,1.0,0.0,485.0
2026-07-21 16:19:49.379,25.31,28.62,30.06,29.43,3.56,28.79,928.1,25.0,-40.0,0.0,0.0,0.0,1.0,0.0,485.0
2026-07-21 16:19:49.580,25.31,28.62,30.06,29.43,3.56,28.78,928.2,25.6,-40.0,0.0,0.0,0.0,1.0,0.0,485.0
2026-07-21 16:19:49.809,25.31,28.62,30.12,29.43,3.56,28.78,928.2,25.6,-40.0,0.0,0.0,0.0,1.0,0.0,485.0
2026-07-21 16:19:49.979,25.31,28.62,30.12,29.43,3.56,28.78,928.2,25.2,-40.0,0.0,0.0,0.0,1.0,0.0,486.0
2026-07-21 16:19:50.180,25.31,28.62,30.12,29.43,3.56,28.78,928.2,25.2,-40.0,0.0,0.0,0.0,1.0,0.0,486.0
2026-07-21 16:19:50.417,25.31,28.62,30.12,29.43,3.56,28.78,928.2,25.2,-40.0,0.0,0.0,0.0,1.0,0.0,486.0
2026-07-21 16:19:50.579,25.31,28.62,30.12,29.43,3.56,28.78,928.2,25.5,-40.0,0.0,0.0,0.0,1.0,0.0,486.0
2026-07-21 16:19:50.779,25.31,28.56,30.12,29.43,3.5,28.78,928.2,25.5,-40.0,0.0,0.0,0.0,1.0,0.0,486.0
2026-07-21 16:19:50.980,25.31,28.56,30.12,29.43,3.5,28.78,928.2,25.7,-40.0,0.0,0.0,0.0,1.0,0.0,487.0
2026-07-21 16:19:51.179,25.31,28.56,30.12,29.43,3.5,28.78,928.2,25.7,-40.0,0.0,0.0,0.0,1.0,0.0,487.0
2026-07-21 16:19:51.379,25.31,28.56,30.12,29.43,3.5,28.78,928.2,25.7,-40.0,0.0,0.0,0.0,1.0,0.0,487.0
2026-07-21 16:19:51.579,25.31,28.56,30.12,29.43,3.5,28.78,928.2,25.4,-40.0,0.0,0.0,0.0,1.0,0.0,487.0
2026-07-21 16:19:51.779,25.31,28.56,30.12,29.43,3.5,28.78,928.2,25.4,-40.0,0.0,0.0,0.0,1.0,0.0,487.0
2026-07-21 16:19:51.979,25.31,28.56,30.12,29.43,3.5,28.79,928.2,25.7,-40.0,0.0,0.0,0.0,1.0,0.0,488.0
2026-07-21 16:19:52.179,25.31,28.56,30.12,29.43,3.5,28.79,928.2,25.7,-40.0,0.0,0.0,0.0,1.0,0.0,488.0
2026-07-21 16:19:52.380,25.31,28.56,30.12,29.43,3.5,28.79,928.2,25.7,-40.0,0.0,0.0,0.0,1.0,0.0,488.0
2026-07-21 16:19:52.579,25.31,28.56,30.12,29.43,3.5,28.78,928.2,26.0,-40.0,0.0,0.0,0.0,1.0,0.0,488.0
2026-07-21 16:19:52.779,25.31,28.56,30.06,29.43,3.56,28.78,928.2,26.0,-40.0,0.0,0.0,0.0,1.0,0.0,488.0
2026-07-21 16:19:52.979,25.31,28.56,30.06,29.43,3.56,28.79,928.2,25.6,-40.0,0.0,0.0,0.0,1.0,0.0,489.0
2026-07-21 16:19:53.179,25.31,28.56,30.06,29.43,3.56,28.79,928.2,25.6,-40.0,0.0,0.0,0.0,1.0,0.0,489.0
2026-07-21 16:19:53.380,25.31,28.56,30.06,29.43,3.56,28.79,928.2,25.6,-40.0,0.0,0.0,0.0,1.0,0.0,489.0
2026-07-21 16:19:53.579,25.31,28.56,30.06,29.43,3.56,28.79,928.2,25.7,-40.0,0.0,0.0,0.0,1.0,0.0,489.0
2026-07-21 16:19:53.779,25.31,28.56,30.12,29.43,3.56,28.79,928.2,25.7,-40.0,0.0,0.0,0.0,1.0,0.0,489.0
2026-07-21 16:19:53.979,25.31,28.56,30.12,29.43,3.56,28.78,928.2,25.9,-40.0,0.0,0.0,0.0,1.0,0.0,490.0
2026-07-21 16:19:54.178,25.31,28.56,30.12,29.43,3.56,28.78,928.2,25.9,-40.0,0.0,0.0,0.0,1.0,0.0,490.0
2026-07-21 16:19:54.379,25.31,28.56,30.12,29.43,3.56,28.78,928.2,25.9,-40.0,0.0,0.0,0.0,1.0,0.0,490.0
2026-07-21 16:19:54.579,25.31,28.56,30.12,29.43,3.56,28.79,928.2,26.0,-40.0,0.0,0.0,0.0,1.0,0.0,490.0
2026-07-21 16:19:54.779,25.31,28.56,30.12,29.43,3.56,28.79,928.2,26.0,-40.0,0.0,0.0,0.0,1.0,0.0,490.0
2026-07-21 16:19:54.979,25.31,28.56,30.12,29.43,3.56,28.78,928.2,26.0,-40.0,0.0,0.0,0.0,1.0,0.0,491.0
2026-07-21 16:19:55.179,25.31,28.56,30.12,29.43,3.56,28.78,928.2,26.0,-40.0,0.0,0.0,0.0,1.0,0.0,491.0
2026-07-21 16:19:55.379,25.31,28.56,30.12,29.43,3.56,28.78,928.2,26.0,-40.0,0.0,0.0,0.0,1.0,0.0,491.0
2026-07-21 16:19:55.579,25.31,28.56,30.12,29.43,3.56,28.79,928.2,25.5,-40.0,0.0,0.0,0.0,1.0,0.0,491.0
2026-07-21 16:19:55.779,25.31,28.56,30.12,29.43,3.56,28.79,928.2,25.5,-40.0,0.0,0.0,0.0,1.0,0.0,491.0
2026-07-21 16:19:55.979,25.31,28.56,30.12,29.43,3.56,28.79,928.2,25.7,-40.0,0.0,0.0,0.0,1.0,0.0,492.0
2026-07-21 16:19:56.179,25.31,28.56,30.12,29.43,3.56,28.79,928.2,25.7,-40.0,0.0,0.0,0.0,1.0,0.0,492.0
2026-07-21 16:19:56.380,25.31,28.56,30.12,29.43,3.56,28.79,928.2,25.7,-40.0,0.0,0.0,0.0,1.0,0.0,492.0
2026-07-21 16:19:56.581,25.31,28.56,30.12,29.43,3.56,28.78,928.2,25.5,-40.0,0.0,0.0,0.0,1.0,0.0,492.0
2026-07-21 16:19:56.781,25.31,28.56,30.12,29.43,3.56,28.78,928.2,25.5,-40.0,0.0,0.0,0.0,1.0,0.0,492.0
2026-07-21 16:19:56.979,25.31,28.56,30.12,29.43,3.56,28.79,928.2,25.4,-40.0,0.0,0.0,0.0,1.0,0.0,493.0
2026-07-21 16:19:57.178,25.31,28.56,30.12,29.43,3.56,28.79,928.2,25.4,-40.0,0.0,0.0,0.0,1.0,0.0,493.0
2026-07-21 16:19:57.380,25.31,28.56,30.12,29.43,3.56,28.79,928.2,25.4,-40.0,0.0,0.0,0.0,1.0,0.0,493.0
2026-07-21 16:19:57.579,25.31,28.56,30.12,29.43,3.56,28.79,928.3,25.3,-40.0,0.0,0.0,0.0,1.0,0.0,493.0
2026-07-21 16:19:57.779,25.31,28.56,30.12,29.43,3.56,28.79,928.3,25.3,-40.0,0.0,0.0,0.0,1.0,0.0,493.0
2026-07-21 16:19:57.980,25.31,28.56,30.12,29.43,3.56,28.79,928.2,25.6,-40.0,0.0,0.0,0.0,1.0,0.0,494.0
2026-07-21 16:19:58.178,25.31,28.56,30.12,29.43,3.56,28.79,928.2,25.6,-40.0,0.0,0.0,0.0,1.0,0.0,494.0
2026-07-21 16:19:58.384,25.31,28.56,30.12,29.43,3.56,28.79,928.2,25.6,-40.0,0.0,0.0,0.0,1.0,0.0,494.0
2026-07-21 16:19:58.581,25.31,28.56,30.12,29.43,3.56,28.79,928.2,25.4,-40.0,0.0,0.0,0.0,1.0,0.0,494.0
2026-07-21 16:19:58.778,25.31,28.56,30.12,29.43,3.5,28.79,928.2,25.4,-40.0,0.0,0.0,0.0,1.0,0.0,494.0
2026-07-21 16:19:58.979,25.31,28.56,30.12,29.43,3.5,28.78,928.2,25.1,-40.0,0.0,0.0,0.0,1.0,0.0,495.0
2026-07-21 16:19:59.179,25.31,28.56,30.12,29.43,3.5,28.78,928.2,25.1,-40.0,0.0,0.0,0.0,1.0,0.0,495.0
2026-07-21 16:19:59.380,25.31,28.56,30.12,29.43,3.5,28.78,928.2,25.1,-40.0,0.0,0.0,0.0,1.0,0.0,495.0
2026-07-21 16:19:59.580,25.31,28.56,30.12,29.43,3.5,28.78,928.2,25.2,-40.0,0.0,0.0,0.0,1.0,0.0,495.0
2026-07-21 16:19:59.779,25.31,28.56,30.12,29.43,3.5,28.78,928.2,25.2,-40.0,0.0,0.0,0.0,1.0,0.0,495.0
2026-07-21 16:19:59.979,25.31,28.56,30.12,29.43,3.5,28.79,928.2,25.1,-40.0,0.0,0.0,0.0,1.0,0.0,496.0
2026-07-21 16:20:00.178,25.31,28.56,30.12,29.43,3.5,28.79,928.2,25.1,-40.0,0.0,0.0,0.0,1.0,0.0,496.0
2026-07-21 16:20:00.396,25.31,28.56,30.12,29.43,3.5,28.79,928.2,25.1,-40.0,0.0,0.0,0.0,1.0,0.0,496.0
2026-07-21 16:20:00.579,25.31,28.56,30.12,29.43,3.5,28.79,928.2,25.4,-40.0,0.0,0.0,0.0,1.0,0.0,496.0
2026-07-21 16:20:00.778,25.31,28.56,30.06,29.43,3.5,28.79,928.2,25.4,-40.0,0.0,0.0,0.0,1.0,0.0,496.0
2026-07-21 16:20:00.979,25.31,28.56,30.06,29.43,3.5,28.78,928.2,25.1,-40.0,0.0,0.0,0.0,1.0,0.0,497.0
2026-07-21 16:20:01.178,25.31,28.56,30.06,29.43,3.5,28.78,928.2,25.1,-40.0,0.0,0.0,0.0,1.0,0.0,497.0
2026-07-21 16:20:01.379,25.31,28.56,30.06,29.43,3.5,28.78,928.2,25.1,-40.0,0.0,0.0,0.0,1.0,0.0,497.0
2026-07-21 16:20:01.578,25.31,28.56,30.06,29.43,3.5,28.79,928.2,25.2,-40.0,0.0,0.0,0.0,1.0,0.0,497.0
2026-07-21 16:20:01.779,25.31,28.56,30.06,29.43,3.5,28.79,928.2,25.2,-40.0,0.0,0.0,0.0,1.0,0.0,497.0
2026-07-21 16:20:01.980,25.31,28.56,30.06,29.43,3.5,28.78,928.2,25.2,-40.0,0.0,0.0,0.0,1.0,0.0,498.0
2026-07-21 16:20:02.178,25.31,28.56,30.06,29.43,3.5,28.78,928.2,25.2,-40.0,0.0,0.0,0.0,1.0,0.0,498.0
2026-07-21 16:20:02.408,25.31,28.56,30.06,29.43,3.5,28.78,928.2,25.2,-40.0,0.0,0.0,0.0,1.0,0.0,498.0
2026-07-21 16:20:02.579,25.31,28.56,30.06,29.43,3.5,28.79,928.2,24.9,-40.0,0.0,0.0,0.0,1.0,0.0,498.0
2026-07-21 16:20:02.779,25.31,28.56,30.06,29.43,3.5,28.79,928.2,24.9,-40.0,0.0,0.0,0.0,1.0,0.0,498.0
2026-07-21 16:20:02.980,25.31,28.56,30.06,29.43,3.5,28.78,928.2,25.1,-40.0,0.0,0.0,0.0,1.0,0.0,499.0
2026-07-21 16:20:03.179,25.31,28.56,30.06,29.43,3.5,28.78,928.2,25.1,-40.0,0.0,0.0,0.0,1.0,0.0,499.0
2026-07-21 16:20:03.380,25.31,28.56,30.06,29.43,3.5,28.78,928.2,25.1,-40.0,0.0,0.0,0.0,1.0,0.0,499.0
2026-07-21 16:20:03.578,25.31,28.56,30.06,29.43,3.5,28.78,928.2,25.2,-40.0,0.0,0.0,0.0,1.0,0.0,499.0
2026-07-21 16:20:03.779,25.31,28.56,30.06,29.43,3.5,28.78,928.2,25.2,-40.0,0.0,0.0,0.0,1.0,0.0,499.0
2026-07-21 16:20:03.979,25.31,28.56,30.06,29.43,3.5,28.79,928.1,25.2,-40.0,0.0,0.0,0.0,1.0,0.0,500.0
2026-07-21 16:20:04.179,25.31,28.56,30.06,29.43,3.5,28.79,928.1,25.2,-40.0,0.0,0.0,0.0,1.0,0.0,500.0
2026-07-21 16:20:04.378,25.31,28.56,30.06,29.43,3.5,28.79,928.1,25.2,-40.0,0.0,0.0,0.0,1.0,0.0,500.0
2026-07-21 16:20:04.579,25.31,28.56,30.06,29.43,3.5,28.79,928.2,25.0,-40.0,0.0,0.0,0.0,1.0,0.0,500.0
2026-07-21 16:20:04.779,25.25,28.56,30.06,29.43,3.56,28.79,928.2,25.0,-40.0,0.0,0.0,0.0,1.0,0.0,500.0
2026-07-21 16:20:04.980,25.25,28.56,30.06,29.43,3.56,28.79,928.2,25.5,-40.0,0.0,0.0,0.0,1.0,0.0,501.0
2026-07-21 16:20:05.188,25.25,28.56,30.06,29.43,3.56,28.79,928.2,25.5,-40.0,0.0,0.0,0.0,1.0,0.0,501.0
2026-07-21 16:20:05.379,25.25,28.56,30.06,29.43,3.56,28.79,928.2,25.5,-40.0,0.0,0.0,0.0,1.0,0.0,501.0
2026-07-21 16:20:05.579,25.25,28.56,30.06,29.43,3.56,28.79,928.2,25.4,-40.0,0.0,0.0,0.0,1.0,0.0,501.0
2026-07-21 16:20:05.779,25.31,28.56,30.06,29.43,3.5,28.79,928.2,25.4,-40.0,0.0,0.0,0.0,1.0,0.0,501.0
2026-07-21 16:20:05.979,25.31,28.56,30.06,29.43,3.5,28.79,928.2,25.2,-40.0,0.0,0.0,0.0,1.0,0.0,502.0
2026-07-21 16:20:06.179,25.31,28.56,30.06,29.43,3.5,28.79,928.2,25.2,-40.0,0.0,0.0,0.0,1.0,0.0,502.0
2026-07-21 16:20:06.378,25.31,28.56,30.06,29.43,3.5,28.79,928.2,25.2,-40.0,0.0,0.0,0.0,1.0,0.0,502.0
2026-07-21 16:20:06.579,25.31,28.56,30.06,29.43,3.5,28.79,928.3,25.1,-40.0,0.0,0.0,0.0,1.0,0.0,502.0
2026-07-21 16:20:06.779,25.25,28.56,30.12,29.43,3.5,28.79,928.3,25.1,-40.0,0.0,0.0,0.0,1.0,0.0,502.0
2026-07-21 16:20:06.979,25.25,28.56,30.12,29.43,3.5,28.79,928.1,25.1,-40.0,0.0,0.0,0.0,1.0,0.0,503.0
2026-07-21 16:20:07.178,25.25,28.56,30.12,29.43,3.5,28.79,928.1,25.1,-40.0,0.0,0.0,0.0,1.0,0.0,503.0
2026-07-21 16:20:07.379,25.25,28.56,30.12,29.43,3.5,28.79,928.1,25.1,-40.0,0.0,0.0,0.0,1.0,0.0,503.0
2026-07-21 16:20:07.579,25.25,28.56,30.12,29.43,3.5,28.79,928.2,25.2,-40.0,0.0,0.0,0.0,1.0,0.0,503.0
2026-07-21 16:20:07.778,25.25,28.56,30.12,29.43,3.5,28.79,928.2,25.2,-40.0,0.0,0.0,0.0,1.0,0.0,503.0
2026-07-21 16:20:07.979,25.25,28.56,30.12,29.43,3.5,28.79,928.2,25.1,-40.0,0.0,0.0,0.0,1.0,0.0,504.0
2026-07-21 16:20:08.178,25.25,28.56,30.12,29.43,3.5,28.79,928.2,25.1,-40.0,0.0,0.0,0.0,1.0,0.0,504.0
2026-07-21 16:20:08.378,25.25,28.56,30.12,29.43,3.5,28.79,928.2,25.1,-40.0,0.0,0.0,0.0,1.0,0.0,504.0
2026-07-21 16:20:08.579,25.25,28.56,30.12,29.43,3.5,28.79,928.2,24.9,-40.0,0.0,0.0,0.0,1.0,0.0,504.0
2026-07-21 16:20:08.778,25.25,28.56,30.12,29.43,3.5,28.79,928.2,24.9,-40.0,0.0,0.0,0.0,1.0,0.0,504.0
2026-07-21 16:20:08.978,25.25,28.56,30.12,29.43,3.5,28.79,928.2,25.2,-40.0,0.0,0.0,0.0,1.0,0.0,505.0
2026-07-21 16:20:09.179,25.25,28.56,30.12,29.43,3.5,28.79,928.2,25.2,-40.0,0.0,0.0,0.0,1.0,0.0,505.0
2026-07-21 16:20:09.378,25.25,28.56,30.12,29.43,3.5,28.79,928.2,25.2,-40.0,0.0,0.0,0.0,1.0,0.0,505.0
2026-07-21 16:20:09.579,25.25,28.56,30.12,29.43,3.5,28.78,928.2,25.1,-40.0,0.0,0.0,0.0,1.0,0.0,505.0
2026-07-21 16:20:09.778,25.25,28.5,30.06,29.43,3.5,28.78,928.2,25.1,-40.0,0.0,0.0,0.0,1.0,0.0,505.0
2026-07-21 16:20:09.978,25.25,28.5,30.06,29.43,3.5,28.78,928.2,24.7,-40.0,0.0,0.0,0.0,1.0,0.0,506.0
2026-07-21 16:20:10.179,25.25,28.5,30.06,29.43,3.5,28.78,928.2,24.7,-40.0,0.0,0.0,0.0,1.0,0.0,506.0
2026-07-21 16:20:10.378,25.25,28.5,30.06,29.43,3.5,28.78,928.2,24.7,-40.0,0.0,0.0,0.0,1.0,0.0,506.0
2026-07-21 16:20:10.579,25.25,28.5,30.06,29.43,3.5,28.79,928.2,24.9,-40.0,0.0,0.0,0.0,1.0,0.0,506.0
2026-07-21 16:20:10.778,25.25,28.5,30.12,29.43,3.5,28.79,928.2,24.9,-40.0,0.0,0.0,0.0,1.0,0.0,506.0
2026-07-21 16:20:10.979,25.25,28.5,30.12,29.43,3.5,28.79,928.2,25.1,-40.0,0.0,0.0,0.0,1.0,0.0,507.0
2026-07-21 16:20:11.178,25.25,28.5,30.12,29.43,3.5,28.79,928.2,25.1,-40.0,0.0,0.0,0.0,1.0,0.0,507.0
2026-07-21 16:20:11.378,25.25,28.5,30.12,29.43,3.5,28.79,928.2,25.1,-40.0,0.0,0.0,0.0,1.0,0.0,507.0
2026-07-21 16:20:11.579,25.25,28.5,30.12,29.43,3.5,28.79,928.2,25.0,-40.0,0.0,0.0,0.0,1.0,0.0,507.0
2026-07-21 16:20:11.779,25.18,28.56,30.12,29.43,3.56,28.79,928.2,25.0,-40.0,0.0,0.0,0.0,1.0,0.0,507.0
2026-07-21 16:20:11.978,25.18,28.56,30.12,29.43,3.56,28.79,928.2,24.8,-40.0,0.0,0.0,0.0,1.0,0.0,508.0
2026-07-21 16:20:12.178,25.18,28.56,30.12,29.43,3.56,28.79,928.2,24.8,-40.0,0.0,0.0,0.0,1.0,0.0,508.0
2026-07-21 16:20:12.379,25.18,28.56,30.12,29.43,3.56,28.79,928.2,24.8,-40.0,0.0,0.0,0.0,1.0,0.0,508.0
2026-07-21 16:20:12.578,25.18,28.56,30.12,29.43,3.56,28.79,928.2,25.0,-40.0,0.0,0.0,0.0,1.0,0.0,508.0
2026-07-21 16:20:12.778,25.18,28.5,30.12,29.43,3.5,28.79,928.2,25.0,-40.0,0.0,0.0,0.0,1.0,0.0,508.0
2026-07-21 16:20:12.979,25.18,28.5,30.12,29.43,3.5,28.79,928.2,24.9,-40.0,0.0,0.0,0.0,1.0,0.0,509.0
2026-07-21 16:20:13.178,25.18,28.5,30.12,29.43,3.5,28.79,928.2,24.9,-40.0,0.0,0.0,0.0,1.0,0.0,509.0
2026-07-21 16:20:13.396,25.18,28.5,30.12,29.43,3.5,28.79,928.2,24.9,-40.0,0.0,0.0,0.0,1.0,0.0,509.0
2026-07-21 16:20:13.579,25.18,28.5,30.12,29.43,3.5,28.79,928.2,24.9,-40.0,0.0,0.0,0.0,1.0,0.0,509.0
2026-07-21 16:20:13.778,25.18,28.5,30.12,29.43,3.5,28.79,928.2,24.9,-40.0,0.0,0.0,0.0,1.0,0.0,509.0
2026-07-21 16:20:13.978,25.18,28.5,30.12,29.43,3.5,28.78,928.2,24.9,-40.0,0.0,0.0,0.0,1.0,0.0,510.0
2026-07-21 16:20:14.178,25.18,28.5,30.12,29.43,3.5,28.78,928.2,24.9,-40.0,0.0,0.0,0.0,1.0,0.0,510.0
2026-07-21 16:20:14.379,25.18,28.5,30.12,29.43,3.5,28.78,928.2,24.9,-40.0,0.0,0.0,0.0,1.0,0.0,510.0
2026-07-21 16:20:14.579,25.18,28.5,30.12,29.43,3.5,28.79,928.2,24.8,-40.0,0.0,0.0,0.0,1.0,0.0,510.0
2026-07-21 16:20:14.779,25.18,28.5,30.12,29.43,3.5,28.79,928.2,24.8,-40.0,0.0,0.0,0.0,1.0,0.0,510.0
2026-07-21 16:20:14.979,25.18,28.5,30.12,29.43,3.5,28.79,928.2,25.0,-40.0,0.0,0.0,0.0,1.0,0.0,511.0
2026-07-21 16:20:15.178,25.18,28.5,30.12,29.43,3.5,28.79,928.2,25.0,-40.0,0.0,0.0,0.0,1.0,0.0,511.0
2026-07-21 16:20:15.399,25.18,28.5,30.12,29.43,3.5,28.79,928.2,25.0,-40.0,0.0,0.0,0.0,1.0,0.0,511.0
2026-07-21 16:20:15.578,25.18,28.5,30.12,29.43,3.5,28.78,928.1,25.1,-40.0,0.0,0.0,0.0,1.0,0.0,511.0
2026-07-21 16:20:15.779,25.12,28.5,30.12,29.43,3.5,28.78,928.1,25.1,-40.0,0.0,0.0,0.0,1.0,0.0,511.0
2026-07-21 16:20:15.993,25.12,28.5,30.12,29.43,3.5,28.79,928.2,25.1,-40.0,0.0,0.0,0.0,1.0,0.0,512.0
2026-07-21 16:20:16.178,25.12,28.5,30.12,29.43,3.5,28.79,928.2,25.1,-40.0,0.0,0.0,0.0,1.0,0.0,512.0
2026-07-21 16:20:16.379,25.12,28.5,30.12,29.43,3.5,28.79,928.2,25.1,-40.0,0.0,0.0,0.0,1.0,0.0,512.0
2026-07-21 16:20:16.579,25.12,28.5,30.12,29.43,3.5,28.79,928.1,25.0,-40.0,0.0,0.0,0.0,1.0,0.0,512.0
2026-07-21 16:20:16.778,25.12,28.56,30.12,29.43,3.5,28.79,928.1,25.0,-40.0,0.0,0.0,0.0,1.0,0.0,512.0
2026-07-21 16:20:16.978,25.12,28.56,30.12,29.43,3.5,28.79,928.1,25.0,-40.0,0.0,0.0,0.0,1.0,0.0,513.0
2026-07-21 16:20:17.178,25.12,28.56,30.12,29.43,3.5,28.79,928.1,25.0,-40.0,0.0,0.0,0.0,1.0,0.0,513.0
2026-07-21 16:20:17.379,25.12,28.56,30.12,29.43,3.5,28.79,928.1,25.0,-40.0,0.0,0.0,0.0,1.0,0.0,513.0
2026-07-21 16:20:17.579,25.12,28.56,30.12,29.43,3.5,28.79,928.2,24.5,-40.0,0.0,0.0,0.0,1.0,0.0,513.0
2026-07-21 16:20:17.779,25.12,28.56,30.12,29.43,3.5,28.79,928.2,24.5,-40.0,0.0,0.0,0.0,1.0,0.0,513.0
2026-07-21 16:20:17.978,25.12,28.56,30.12,29.43,3.5,28.79,928.2,24.9,-40.0,0.0,0.0,0.0,1.0,0.0,514.0
2026-07-21 16:20:18.179,25.12,28.56,30.12,29.43,3.5,28.79,928.2,24.9,-40.0,0.0,0.0,0.0,1.0,0.0,514.0
2026-07-21 16:20:18.379,25.12,28.56,30.12,29.43,3.5,28.79,928.2,24.9,-40.0,0.0,0.0,0.0,1.0,0.0,514.0
2026-07-21 16:20:18.579,25.12,28.56,30.12,29.43,3.5,28.79,928.2,25.0,-40.0,0.0,0.0,0.0,1.0,0.0,514.0
2026-07-21 16:20:18.779,25.06,28.56,30.12,29.43,3.5,28.79,928.2,25.0,-40.0,0.0,0.0,0.0,1.0,0.0,514.0
2026-07-21 16:20:18.979,25.06,28.56,30.12,29.43,3.5,28.79,928.2,25.0,-40.0,0.0,0.0,0.0,1.0,0.0,515.0
2026-07-21 16:20:19.179,25.06,28.56,30.12,29.43,3.5,28.79,928.2,25.0,-40.0,0.0,0.0,0.0,1.0,0.0,515.0
2026-07-21 16:20:19.379,25.06,28.56,30.12,29.43,3.5,28.79,928.2,25.0,-40.0,0.0,0.0,0.0,1.0,0.0,515.0
2026-07-21 16:20:19.579,25.06,28.56,30.12,29.43,3.5,28.79,928.2,24.6,-40.0,0.0,0.0,0.0,1.0,0.0,515.0
2026-07-21 16:20:19.779,25.06,28.56,30.12,29.43,3.5,28.79,928.2,24.6,-40.0,0.0,0.0,0.0,1.0,0.0,515.0
2026-07-21 16:20:19.979,25.06,28.56,30.12,29.43,3.5,28.79,928.2,24.6,-40.0,0.0,0.0,0.0,1.0,0.0,516.0
2026-07-21 16:20:20.178,25.06,28.56,30.12,29.43,3.5,28.79,928.2,24.6,-40.0,0.0,0.0,0.0,1.0,0.0,516.0
2026-07-21 16:20:20.378,25.06,28.56,30.12,29.43,3.5,28.79,928.2,24.6,-40.0,0.0,0.0,0.0,1.0,0.0,516.0
2026-07-21 16:20:20.579,25.06,28.56,30.12,29.43,3.5,28.79,928.2,24.7,-40.0,0.0,0.0,0.0,1.0,0.0,516.0
2026-07-21 16:20:20.779,25.06,28.5,30.06,29.43,3.5,28.79,928.2,24.7,-40.0,0.0,0.0,0.0,1.0,0.0,516.0
2026-07-21 16:20:20.979,25.06,28.5,30.06,29.43,3.5,28.79,928.2,24.7,-40.0,0.0,0.0,0.0,1.0,0.0,517.0
2026-07-21 16:20:21.178,25.06,28.5,30.06,29.43,3.5,28.79,928.2,24.7,-40.0,0.0,0.0,0.0,1.0,0.0,517.0
2026-07-21 16:20:21.378,25.06,28.5,30.06,29.43,3.5,28.79,928.2,24.7,-40.0,0.0,0.0,0.0,1.0,0.0,517.0
2026-07-21 16:20:21.579,25.06,28.5,30.06,29.43,3.5,28.79,928.2,24.6,-40.0,0.0,0.0,0.0,1.0,0.0,517.0
2026-07-21 16:20:21.779,25.06,28.56,30.06,29.43,3.5,28.79,928.2,24.6,-40.0,0.0,0.0,0.0,1.0,0.0,517.0
2026-07-21 16:20:21.978,25.06,28.56,30.06,29.43,3.5,28.79,928.2,24.5,-40.0,0.0,0.0,0.0,1.0,0.0,518.0
2026-07-21 16:20:22.178,25.06,28.56,30.06,29.43,3.5,28.79,928.2,24.5,-40.0,0.0,0.0,0.0,1.0,0.0,518.0
2026-07-21 16:20:22.378,25.06,28.56,30.06,29.43,3.5,28.79,928.2,24.5,-40.0,0.0,0.0,0.0,1.0,0.0,518.0
2026-07-21 16:20:22.579,25.06,28.56,30.06,29.43,3.5,28.79,928.2,24.5,-40.0,0.0,0.0,0.0,1.0,0.0,518.0
2026-07-21 16:20:22.778,25.0,28.56,30.12,29.43,3.5,28.79,928.2,24.5,-40.0,0.0,0.0,0.0,1.0,0.0,518.0
2026-07-21 16:20:22.979,25.0,28.56,30.12,29.43,3.5,28.79,928.1,24.4,-40.0,0.0,0.0,0.0,1.0,0.0,519.0
2026-07-21 16:20:23.178,25.0,28.56,30.12,29.43,3.5,28.79,928.1,24.4,-40.0,0.0,0.0,0.0,1.0,0.0,519.0
2026-07-21 16:20:23.378,25.0,28.56,30.12,29.43,3.5,28.79,928.1,24.4,-40.0,0.0,0.0,0.0,1.0,0.0,519.0
2026-07-21 16:20:23.578,25.0,28.56,30.12,29.43,3.5,28.79,928.1,24.4,-40.0,0.0,0.0,0.0,1.0,0.0,519.0
2026-07-21 16:20:23.778,25.06,28.5,30.12,29.43,3.5,28.79,928.1,24.4,-40.0,0.0,0.0,0.0,1.0,0.0,519.0
2026-07-21 16:20:23.978,25.06,28.5,30.12,29.43,3.5,28.79,928.2,24.4,-40.0,0.0,0.0,0.0,1.0,0.0,520.0
2026-07-21 16:20:24.178,25.06,28.5,30.12,29.43,3.5,28.79,928.2,24.4,-40.0,0.0,0.0,0.0,1.0,0.0,520.0
2026-07-21 16:20:24.429,25.06,28.5,30.12,29.43,3.5,28.79,928.2,24.4,-40.0,0.0,0.0,0.0,1.0,0.0,520.0
2026-07-21 16:20:24.579,25.06,28.5,30.12,29.43,3.5,28.79,928.2,24.4,-40.0,0.0,0.0,0.0,1.0,0.0,520.0
2026-07-21 16:20:24.778,25.06,28.5,30.12,29.43,3.5,28.79,928.2,24.4,-40.0,0.0,0.0,0.0,1.0,0.0,520.0
2026-07-21 16:20:24.979,25.06,28.5,30.12,29.43,3.5,28.79,928.2,24.8,-40.0,0.0,0.0,0.0,1.0,0.0,521.0
2026-07-21 16:20:25.178,25.06,28.5,30.12,29.43,3.5,28.79,928.2,24.8,-40.0,0.0,0.0,0.0,1.0,0.0,521.0
2026-07-21 16:20:25.378,25.06,28.5,30.12,29.43,3.5,28.79,928.2,24.8,-40.0,0.0,0.0,0.0,1.0,0.0,521.0
2026-07-21 16:20:25.579,25.06,28.5,30.12,29.43,3.5,28.79,928.2,24.7,-40.0,0.0,0.0,0.0,1.0,0.0,521.0
2026-07-21 16:20:25.778,25.0,28.5,30.12,29.43,3.5,28.79,928.2,24.7,-40.0,0.0,0.0,0.0,1.0,0.0,521.0
2026-07-21 16:20:25.980,25.0,28.5,30.12,29.43,3.5,28.79,928.2,24.6,-40.0,0.0,0.0,0.0,1.0,0.0,522.0
2026-07-21 16:20:26.179,25.0,28.5,30.12,29.43,3.5,28.79,928.2,24.6,-40.0,0.0,0.0,0.0,1.0,0.0,522.0
2026-07-21 16:20:26.384,25.0,28.5,30.12,29.43,3.5,28.79,928.2,24.6,-40.0,0.0,0.0,0.0,1.0,0.0,522.0
2026-07-21 16:20:26.579,25.0,28.5,30.12,29.43,3.5,28.79,928.2,24.6,-40.0,0.0,0.0,0.0,1.0,0.0,522.0
2026-07-21 16:20:26.778,25.0,28.56,30.06,29.43,3.5,28.79,928.2,24.6,-40.0,0.0,0.0,0.0,1.0,0.0,522.0
2026-07-21 16:20:26.979,25.0,28.56,30.06,29.43,3.5,28.79,928.2,24.7,-40.0,0.0,0.0,0.0,1.0,0.0,523.0
2026-07-21 16:20:27.178,25.0,28.56,30.06,29.43,3.5,28.79,928.2,24.7,-40.0,0.0,0.0,0.0,1.0,0.0,523.0
2026-07-21 16:20:27.381,25.0,28.56,30.06,29.43,3.5,28.79,928.2,24.7,-40.0,0.0,0.0,0.0,1.0,0.0,523.0
2026-07-21 16:20:27.579,25.0,28.56,30.06,29.43,3.5,28.79,928.2,24.7,-40.0,0.0,0.0,0.0,1.0,0.0,523.0
2026-07-21 16:20:27.779,25.0,28.56,30.06,29.43,3.5,28.79,928.2,24.7,-40.0,0.0,0.0,0.0,1.0,0.0,523.0
2026-07-21 16:20:27.978,25.0,28.56,30.06,29.43,3.5,28.79,928.1,25.0,-40.0,0.0,0.0,0.0,1.0,0.0,524.0
2026-07-21 16:20:28.178,25.0,28.56,30.06,29.43,3.5,28.79,928.1,25.0,-40.0,0.0,0.0,0.0,1.0,0.0,524.0
2026-07-21 16:20:28.377,25.0,28.56,30.06,29.43,3.5,28.79,928.1,25.0,-40.0,0.0,0.0,0.0,1.0,0.0,524.0
2026-07-21 16:20:28.579,25.0,28.56,30.06,29.43,3.5,28.79,928.1,24.7,-40.0,0.0,0.0,0.0,1.0,0.0,524.0
2026-07-21 16:20:28.778,24.93,28.56,30.12,29.43,3.5,28.79,928.1,24.7,-40.0,0.0,0.0,0.0,1.0,0.0,524.0
2026-07-21 16:20:28.978,24.93,28.56,30.12,29.43,3.5,28.79,928.2,24.6,-40.0,0.0,0.0,0.0,1.0,0.0,525.0
2026-07-21 16:20:29.177,24.93,28.56,30.12,29.43,3.5,28.79,928.2,24.6,-40.0,0.0,0.0,0.0,1.0,0.0,525.0
2026-07-21 16:20:29.377,24.93,28.56,30.12,29.43,3.5,28.79,928.2,24.6,-40.0,0.0,0.0,0.0,1.0,0.0,525.0
2026-07-21 16:20:29.578,24.93,28.56,30.12,29.43,3.5,28.79,928.1,24.6,-40.0,0.0,0.0,0.0,1.0,0.0,525.0
2026-07-21 16:20:29.779,24.93,28.56,30.12,29.43,3.5,28.79,928.1,24.6,-40.0,0.0,0.0,0.0,1.0,0.0,525.0
2026-07-21 16:20:29.978,24.93,28.56,30.12,29.43,3.5,28.79,928.2,24.8,-40.0,0.0,0.0,0.0,1.0,0.0,526.0
2026-07-21 16:20:30.178,24.93,28.56,30.12,29.43,3.5,28.79,928.2,24.8,-40.0,0.0,0.0,0.0,1.0,0.0,526.0
2026-07-21 16:20:30.378,24.93,28.56,30.12,29.43,3.5,28.79,928.2,24.8,-40.0,0.0,0.0,0.0,1.0,0.0,526.0
2026-07-21 16:20:30.578,24.93,28.56,30.12,29.43,3.5,28.79,928.2,24.9,-40.0,0.0,0.0,0.0,1.0,0.0,526.0
2026-07-21 16:20:30.778,24.93,28.56,30.12,29.43,3.5,28.79,928.2,24.9,-40.0,0.0,0.0,0.0,1.0,0.0,526.0
2026-07-21 16:20:30.978,24.93,28.56,30.12,29.43,3.5,28.79,928.2,24.4,-40.0,0.0,0.0,0.0,1.0,0.0,527.0
2026-07-21 16:20:31.178,24.93,28.56,30.12,29.43,3.5,28.79,928.2,24.4,-40.0,0.0,0.0,0.0,1.0,0.0,527.0
2026-07-21 16:20:31.378,24.93,28.56,30.12,29.43,3.5,28.79,928.2,24.4,-40.0,0.0,0.0,0.0,1.0,0.0,527.0
2026-07-21 16:20:31.578,24.93,28.56,30.12,29.43,3.5,28.79,928.1,24.5,-40.0,0.0,0.0,0.0,1.0,0.0,527.0
2026-07-21 16:20:31.778,24.93,28.5,30.12,29.43,3.5,28.79,928.1,24.5,-40.0,0.0,0.0,0.0,1.0,0.0,527.0
2026-07-21 16:20:31.979,24.93,28.5,30.12,29.43,3.5,28.79,928.2,24.3,-40.0,0.0,0.0,0.0,1.0,0.0,528.0
2026-07-21 16:20:32.177,24.93,28.5,30.12,29.43,3.5,28.79,928.2,24.3,-40.0,0.0,0.0,0.0,1.0,0.0,528.0
2026-07-21 16:20:32.387,24.93,28.5,30.12,29.43,3.5,28.79,928.2,24.3,-40.0,0.0,0.0,0.0,1.0,0.0,528.0
2026-07-21 16:20:32.578,24.93,28.5,30.12,29.43,3.5,28.79,928.2,25.4,-40.0,0.0,0.0,0.0,1.0,0.0,528.0
2026-07-21 16:20:32.778,24.93,28.5,30.12,29.43,3.5,28.79,928.2,25.4,-40.0,0.0,0.0,0.0,1.0,0.0,528.0
2026-07-21 16:20:32.978,24.93,28.5,30.12,29.43,3.5,28.79,928.2,24.6,-40.0,0.0,0.0,0.0,1.0,0.0,529.0
2026-07-21 16:20:33.178,24.93,28.5,30.12,29.43,3.5,28.79,928.2,24.6,-40.0,0.0,0.0,0.0,1.0,0.0,529.0
2026-07-21 16:20:33.380,24.93,28.5,30.12,29.43,3.5,28.79,928.2,24.6,-40.0,0.0,0.0,0.0,1.0,0.0,529.0
2026-07-21 16:20:33.578,24.93,28.5,30.12,29.43,3.5,28.79,928.2,24.7,-40.0,0.0,0.0,0.0,1.0,0.0,529.0
2026-07-21 16:20:33.778,24.93,28.5,30.12,29.43,3.5,28.79,928.2,24.7,-40.0,0.0,0.0,0.0,1.0,0.0,529.0
2026-07-21 16:20:33.978,24.93,28.5,30.12,29.43,3.5,28.79,928.1,24.6,-40.0,0.0,0.0,0.0,1.0,0.0,530.0
2026-07-21 16:20:34.178,24.93,28.5,30.12,29.43,3.5,28.79,928.1,24.6,-40.0,0.0,0.0,0.0,1.0,0.0,530.0
2026-07-21 16:20:34.378,24.93,28.5,30.12,29.43,3.5,28.79,928.1,24.6,-40.0,0.0,0.0,0.0,1.0,0.0,530.0
2026-07-21 16:20:34.578,24.93,28.5,30.12,29.43,3.5,28.79,928.1,24.6,-40.0,0.0,0.0,0.0,1.0,0.0,530.0
2026-07-21 16:20:34.778,24.93,28.56,30.12,29.43,3.5,28.79,928.1,24.6,-40.0,0.0,0.0,0.0,1.0,0.0,530.0
2026-07-21 16:20:34.977,24.93,28.56,30.12,29.43,3.5,28.79,928.2,24.9,-40.0,0.0,0.0,0.0,1.0,0.0,531.0
2026-07-21 16:20:35.178,24.93,28.56,30.12,29.43,3.5,28.79,928.2,24.9,-40.0,0.0,0.0,0.0,1.0,0.0,531.0
2026-07-21 16:20:35.396,24.93,28.56,30.12,29.43,3.5,28.79,928.2,24.9,-40.0,0.0,0.0,0.0,1.0,0.0,531.0
2026-07-21 16:20:35.579,24.93,28.56,30.12,29.43,3.5,28.79,928.1,24.8,-40.0,0.0,0.0,0.0,1.0,0.0,531.0
2026-07-21 16:20:35.778,24.93,28.56,30.12,29.43,3.5,28.79,928.1,24.8,-40.0,0.0,0.0,0.0,1.0,0.0,531.0
2026-07-21 16:20:35.978,24.93,28.56,30.12,29.43,3.5,28.79,928.2,24.9,-40.0,0.0,0.0,0.0,1.0,0.0,532.0
2026-07-21 16:20:36.178,24.93,28.56,30.12,29.43,3.5,28.79,928.2,24.9,-40.0,0.0,0.0,0.0,1.0,0.0,532.0
2026-07-21 16:20:36.378,24.93,28.56,30.12,29.43,3.5,28.79,928.2,24.9,-40.0,0.0,0.0,0.0,1.0,0.0,532.0
2026-07-21 16:20:36.578,24.93,28.56,30.12,29.43,3.5,28.79,928.2,25.0,-40.0,0.0,0.0,0.0,1.0,0.0,532.0
2026-07-21 16:20:36.778,24.93,28.5,30.12,29.43,3.5,28.79,928.2,25.0,-40.0,0.0,0.0,0.0,1.0,0.0,532.0
2026-07-21 16:20:36.978,24.93,28.5,30.12,29.43,3.5,28.79,928.2,24.8,-40.0,0.0,0.0,0.0,1.0,0.0,533.0
2026-07-21 16:20:37.178,24.93,28.5,30.12,29.43,3.5,28.79,928.2,24.8,-40.0,0.0,0.0,0.0,1.0,0.0,533.0
2026-07-21 16:20:37.377,24.93,28.5,30.12,29.43,3.5,28.79,928.2,24.8,-40.0,0.0,0.0,0.0,1.0,0.0,533.0
2026-07-21 16:20:37.578,24.93,28.5,30.12,29.43,3.5,28.79,928.1,24.7,-40.0,0.0,0.0,0.0,1.0,0.0,533.0
2026-07-21 16:20:37.778,24.93,28.56,30.12,29.5,3.5,28.79,928.1,24.7,-40.0,0.0,0.0,0.0,1.0,0.0,533.0
2026-07-21 16:20:37.978,24.93,28.56,30.12,29.5,3.5,28.79,928.1,25.0,-40.0,0.0,0.0,0.0,1.0,0.0,534.0
2026-07-21 16:20:38.178,24.93,28.56,30.12,29.5,3.5,28.79,928.1,25.0,-40.0,0.0,0.0,0.0,1.0,0.0,534.0
2026-07-21 16:20:38.394,24.93,28.56,30.12,29.5,3.5,28.79,928.1,25.0,-40.0,0.0,0.0,0.0,1.0,0.0,534.0
2026-07-21 16:20:38.578,24.93,28.56,30.12,29.5,3.5,28.79,928.1,25.3,-40.0,0.0,0.0,0.0,1.0,0.0,534.0
2026-07-21 16:20:38.777,24.87,28.56,30.06,29.43,3.5,28.79,928.1,25.3,-40.0,0.0,0.0,0.0,1.0,0.0,534.0
2026-07-21 16:20:38.978,24.87,28.56,30.06,29.43,3.5,28.79,928.2,25.5,-40.0,0.0,0.0,0.0,1.0,0.0,535.0
2026-07-21 16:20:39.177,24.87,28.56,30.06,29.43,3.5,28.79,928.2,25.5,-40.0,0.0,0.0,0.0,1.0,0.0,535.0
2026-07-21 16:20:39.395,24.87,28.56,30.06,29.43,3.5,28.79,928.2,25.5,-40.0,0.0,0.0,0.0,1.0,0.0,535.0
2026-07-21 16:20:39.578,24.87,28.56,30.06,29.43,3.5,28.79,928.2,25.2,-40.0,0.0,0.0,0.0,1.0,0.0,535.0
2026-07-21 16:20:39.778,24.87,28.5,30.06,29.43,3.5,28.79,928.2,25.2,-40.0,0.0,0.0,0.0,1.0,0.0,535.0
2026-07-21 16:20:39.978,24.87,28.5,30.06,29.43,3.5,28.79,928.1,25.1,-40.0,0.0,0.0,0.0,1.0,0.0,536.0
2026-07-21 16:20:40.178,24.87,28.5,30.06,29.43,3.5,28.79,928.1,25.1,-40.0,0.0,0.0,0.0,1.0,0.0,536.0
2026-07-21 16:20:40.396,24.87,28.5,30.06,29.43,3.5,28.79,928.1,25.1,-40.0,0.0,0.0,0.0,1.0,0.0,536.0
2026-07-21 16:20:40.578,24.87,28.5,30.06,29.43,3.5,28.79,928.2,24.8,-40.0,0.0,0.0,0.0,1.0,0.0,536.0
2026-07-21 16:20:40.779,24.87,28.56,30.12,29.43,3.5,28.79,928.2,24.8,-40.0,0.0,0.0,0.0,1.0,0.0,536.0
2026-07-21 16:20:40.979,24.87,28.56,30.12,29.43,3.5,28.79,928.2,25.1,-40.0,0.0,0.0,0.0,1.0,0.0,537.0
2026-07-21 16:20:41.178,24.87,28.56,30.12,29.43,3.5,28.79,928.2,25.1,-40.0,0.0,0.0,0.0,1.0,0.0,537.0
2026-07-21 16:20:41.378,24.87,28.56,30.12,29.43,3.5,28.79,928.2,25.1,-40.0,0.0,0.0,0.0,1.0,0.0,537.0
2026-07-21 16:20:41.577,24.87,28.56,30.12,29.43,3.5,28.79,928.2,25.0,-40.0,0.0,0.0,0.0,1.0,0.0,537.0
2026-07-21 16:20:41.778,24.87,28.5,30.12,29.43,3.5,28.79,928.2,25.0,-40.0,0.0,0.0,0.0,1.0,0.0,537.0
2026-07-21 16:20:42.002,24.87,28.5,30.12,29.43,3.5,28.8,928.1,25.2,-40.0,0.0,0.0,0.0,1.0,0.0,538.0
2026-07-21 16:20:42.177,24.87,28.5,30.12,29.43,3.5,28.8,928.1,25.2,-40.0,0.0,0.0,0.0,1.0,0.0,538.0
2026-07-21 16:20:42.377,24.87,28.5,30.12,29.43,3.5,28.8,928.1,25.2,-40.0,0.0,0.0,0.0,1.0,0.0,538.0
2026-07-21 16:20:42.607,24.87,28.5,30.12,29.43,3.5,28.79,928.2,25.1,-40.0,0.0,0.0,0.0,1.0,0.0,538.0
2026-07-21 16:20:42.778,24.81,28.5,30.12,29.43,3.5,28.79,928.2,25.1,-40.0,0.0,0.0,0.0,1.0,0.0,538.0
2026-07-21 16:20:42.978,24.81,28.5,30.12,29.43,3.5,28.79,928.2,25.0,-40.0,0.0,0.0,0.0,1.0,0.0,539.0
2026-07-21 16:20:43.178,24.81,28.5,30.12,29.43,3.5,28.79,928.2,25.0,-40.0,0.0,0.0,0.0,1.0,0.0,539.0
2026-07-21 16:20:43.377,24.81,28.5,30.12,29.43,3.5,28.79,928.2,25.0,-40.0,0.0,0.0,0.0,1.0,0.0,539.0
2026-07-21 16:20:43.577,24.81,28.5,30.12,29.43,3.5,28.79,928.2,24.9,-40.0,0.0,0.0,0.0,1.0,0.0,539.0
2026-07-21 16:20:43.778,24.81,28.56,30.12,29.5,3.5,28.79,928.2,24.9,-40.0,0.0,0.0,0.0,1.0,0.0,539.0
2026-07-21 16:20:43.978,24.81,28.56,30.12,29.5,3.5,28.79,928.2,24.9,-40.0,0.0,0.0,0.0,1.0,0.0,540.0
2026-07-21 16:20:44.178,24.81,28.56,30.12,29.5,3.5,28.79,928.2,24.9,-40.0,0.0,0.0,0.0,1.0,0.0,540.0
2026-07-21 16:20:44.378,24.81,28.56,30.12,29.5,3.5,28.79,928.2,24.9,-40.0,0.0,0.0,0.0,1.0,0.0,540.0
2026-07-21 16:20:44.593,24.81,28.56,30.12,29.5,3.5,28.79,928.2,24.7,-40.0,0.0,0.0,0.0,1.0,0.0,540.0
2026-07-21 16:20:44.778,24.81,28.5,30.12,29.43,3.5,28.79,928.2,24.7,-40.0,0.0,0.0,0.0,1.0,0.0,540.0
2026-07-21 16:20:44.977,24.81,28.5,30.12,29.43,3.5,28.79,928.1,24.5,-40.0,0.0,0.0,0.0,1.0,0.0,541.0
2026-07-21 16:20:45.178,24.81,28.5,30.12,29.43,3.5,28.79,928.1,24.5,-40.0,0.0,0.0,0.0,1.0,0.0,541.0
2026-07-21 16:20:45.377,24.81,28.5,30.12,29.43,3.5,28.79,928.1,24.5,-40.0,0.0,0.0,0.0,1.0,0.0,541.0
2026-07-21 16:20:45.603,24.81,28.5,30.12,29.43,3.5,28.79,928.2,25.0,-40.0,0.0,0.0,0.0,1.0,0.0,541.0
2026-07-21 16:20:45.777,24.75,28.5,30.12,29.5,3.43,28.79,928.2,25.0,-40.0,0.0,0.0,0.0,1.0,0.0,541.0
2026-07-21 16:20:45.978,24.75,28.5,30.12,29.5,3.43,28.79,928.1,25.1,-40.0,0.0,0.0,0.0,1.0,0.0,542.0
2026-07-21 16:20:46.177,24.75,28.5,30.12,29.5,3.43,28.79,928.1,25.1,-40.0,0.0,0.0,0.0,1.0,0.0,542.0
2026-07-21 16:20:46.377,24.75,28.5,30.12,29.5,3.43,28.79,928.1,25.1,-40.0,0.0,0.0,0.0,1.0,0.0,542.0
2026-07-21 16:20:46.578,24.75,28.5,30.12,29.5,3.43,28.79,928.2,24.6,-40.0,0.0,0.0,0.0,1.0,0.0,542.0
2026-07-21 16:20:46.778,24.75,28.5,30.18,29.5,3.5,28.79,928.2,24.6,-40.0,0.0,0.0,0.0,1.0,0.0,542.0
2026-07-21 16:20:46.978,24.75,28.5,30.18,29.5,3.5,28.79,928.2,24.9,-40.0,0.0,0.0,0.0,1.0,0.0,543.0
2026-07-21 16:20:47.177,24.75,28.5,30.18,29.5,3.5,28.79,928.2,24.9,-40.0,0.0,0.0,0.0,1.0,0.0,543.0
2026-07-21 16:20:47.378,24.75,28.5,30.18,29.5,3.5,28.79,928.2,24.9,-40.0,0.0,0.0,0.0,1.0,0.0,543.0
2026-07-21 16:20:47.581,24.75,28.5,30.18,29.5,3.5,28.79,928.2,24.9,-40.0,0.0,0.0,0.0,1.0,0.0,543.0
2026-07-21 16:20:47.777,24.68,28.5,30.06,29.5,3.5,28.79,928.2,24.9,-40.0,0.0,0.0,0.0,1.0,0.0,543.0
2026-07-21 16:20:47.978,24.68,28.5,30.06,29.5,3.5,28.79,928.2,24.8,-40.0,0.0,0.0,0.0,1.0,0.0,544.0
2026-07-21 16:20:48.178,24.68,28.5,30.06,29.5,3.5,28.79,928.2,24.8,-40.0,0.0,0.0,0.0,1.0,0.0,544.0
2026-07-21 16:20:48.378,24.68,28.5,30.06,29.5,3.5,28.79,928.2,24.8,-40.0,0.0,0.0,0.0,1.0,0.0,544.0
2026-07-21 16:20:48.578,24.68,28.5,30.06,29.5,3.5,28.79,928.2,24.7,-40.0,0.0,0.0,0.0,1.0,0.0,544.0
2026-07-21 16:20:48.778,24.68,28.56,30.06,29.43,3.5,28.79,928.2,24.7,-40.0,0.0,0.0,0.0,1.0,0.0,544.0
2026-07-21 16:20:48.978,24.68,28.56,30.06,29.43,3.5,28.79,928.2,24.7,-40.0,0.0,0.0,0.0,1.0,0.0,545.0
2026-07-21 16:20:49.178,24.68,28.56,30.06,29.43,3.5,28.79,928.2,24.7,-40.0,0.0,0.0,0.0,1.0,0.0,545.0
2026-07-21 16:20:49.377,24.68,28.56,30.06,29.43,3.5,28.79,928.2,24.7,-40.0,0.0,0.0,0.0,1.0,0.0,545.0
2026-07-21 16:20:49.578,24.68,28.56,30.06,29.43,3.5,28.79,928.2,24.7,-40.0,0.0,0.0,0.0,1.0,0.0,545.0
2026-07-21 16:20:49.778,24.68,28.5,30.12,29.43,3.5,28.79,928.2,24.7,-40.0,0.0,0.0,0.0,1.0,0.0,545.0
2026-07-21 16:20:49.978,24.68,28.5,30.12,29.43,3.5,28.79,928.2,24.8,-40.0,0.0,0.0,0.0,1.0,0.0,546.0
2026-07-21 16:20:50.178,24.68,28.5,30.12,29.43,3.5,28.79,928.2,24.8,-40.0,0.0,0.0,0.0,1.0,0.0,546.0
2026-07-21 16:20:50.378,24.68,28.5,30.12,29.43,3.5,28.79,928.2,24.8,-40.0,0.0,0.0,0.0,1.0,0.0,546.0
2026-07-21 16:20:50.578,24.68,28.5,30.12,29.43,3.5,28.79,928.2,24.5,-40.0,0.0,0.0,0.0,1.0,0.0,546.0
2026-07-21 16:20:50.777,24.68,28.5,30.12,29.43,3.5,28.79,928.2,24.5,-40.0,0.0,0.0,0.0,1.0,0.0,546.0
2026-07-21 16:20:50.978,24.68,28.5,30.12,29.43,3.5,28.79,928.2,24.5,-40.0,0.0,0.0,0.0,1.0,0.0,547.0
2026-07-21 16:20:51.178,24.68,28.5,30.12,29.43,3.5,28.79,928.2,24.5,-40.0,0.0,0.0,0.0,1.0,0.0,547.0
2026-07-21 16:20:51.378,24.68,28.5,30.12,29.43,3.5,28.79,928.2,24.5,-40.0,0.0,0.0,0.0,1.0,0.0,547.0
2026-07-21 16:20:51.600,24.68,28.5,30.12,29.43,3.5,28.8,928.2,24.4,-40.0,0.0,0.0,0.0,1.0,0.0,547.0
2026-07-21 16:20:51.777,24.62,28.5,30.12,29.43,3.5,28.8,928.2,24.4,-40.0,0.0,0.0,0.0,1.0,0.0,547.0
2026-07-21 16:20:51.978,24.62,28.5,30.12,29.43,3.5,28.79,928.2,24.4,-40.0,0.0,0.0,0.0,1.0,0.0,548.0
2026-07-21 16:20:52.178,24.62,28.5,30.12,29.43,3.5,28.79,928.2,24.4,-40.0,0.0,0.0,0.0,1.0,0.0,548.0
2026-07-21 16:20:52.378,24.62,28.5,30.12,29.43,3.5,28.79,928.2,24.4,-40.0,0.0,0.0,0.0,1.0,0.0,548.0
2026-07-21 16:20:52.579,24.62,28.5,30.12,29.43,3.5,28.79,928.2,24.6,-40.0,0.0,0.0,0.0,1.0,0.0,548.0
2026-07-21 16:20:52.778,24.62,28.56,30.06,29.5,3.5,28.79,928.2,24.6,-40.0,0.0,0.0,0.0,1.0,0.0,548.0
2026-07-21 16:20:52.978,24.62,28.56,30.06,29.5,3.5,28.8,928.2,24.7,-40.0,0.0,0.0,0.0,1.0,0.0,549.0
2026-07-21 16:20:53.211,24.62,28.56,30.06,29.5,3.5,28.8,928.2,24.7,-40.0,0.0,0.0,0.0,1.0,0.0,549.0
2026-07-21 16:20:53.377,24.62,28.56,30.06,29.5,3.5,28.8,928.2,24.7,-40.0,0.0,0.0,0.0,1.0,0.0,549.0
2026-07-21 16:20:53.578,24.62,28.56,30.06,29.5,3.5,28.79,928.2,24.6,-40.0,0.0,0.0,0.0,1.0,0.0,549.0
2026-07-21 16:20:53.778,24.62,28.5,30.12,29.5,3.5,28.79,928.2,24.6,-40.0,0.0,0.0,0.0,1.0,0.0,549.0
2026-07-21 16:20:53.978,24.62,28.5,30.12,29.5,3.5,28.79,928.2,25.0,-40.0,0.0,0.0,0.0,1.0,0.0,550.0
2026-07-21 16:20:54.178,24.62,28.5,30.12,29.5,3.5,28.79,928.2,25.0,-40.0,0.0,0.0,0.0,1.0,0.0,550.0
2026-07-21 16:20:54.378,24.62,28.5,30.12,29.5,3.5,28.79,928.2,25.0,-40.0,0.0,0.0,0.0,1.0,0.0,550.0
2026-07-21 16:20:54.578,24.62,28.5,30.12,29.5,3.5,28.79,928.2,24.7,-40.0,0.0,0.0,0.0,1.0,0.0,550.0
2026-07-21 16:20:54.810,24.62,28.56,30.12,29.5,3.5,28.79,928.2,24.7,-40.0,0.0,0.0,0.0,1.0,0.0,550.0
2026-07-21 16:20:54.978,24.62,28.56,30.12,29.5,3.5,28.8,928.2,24.3,-40.0,0.0,0.0,0.0,1.0,0.0,551.0
2026-07-21 16:20:55.178,24.62,28.56,30.12,29.5,3.5,28.8,928.2,24.3,-40.0,0.0,0.0,0.0,1.0,0.0,551.0
2026-07-21 16:20:55.384,24.62,28.56,30.12,29.5,3.5,28.8,928.2,24.3,-40.0,0.0,0.0,0.0,1.0,0.0,551.0
2026-07-21 16:20:55.578,24.62,28.56,30.12,29.5,3.5,28.8,928.1,25.1,-40.0,0.0,0.0,0.0,1.0,0.0,551.0
2026-07-21 16:20:55.778,24.56,28.56,30.12,29.5,3.5,28.8,928.1,25.1,-40.0,0.0,0.0,0.0,1.0,0.0,551.0
2026-07-21 16:20:55.988,24.56,28.56,30.12,29.5,3.5,28.8,928.1,24.3,-40.0,0.0,0.0,0.0,1.0,0.0,552.0
2026-07-21 16:20:56.178,24.56,28.56,30.12,29.5,3.5,28.8,928.1,24.3,-40.0,0.0,0.0,0.0,1.0,0.0,552.0
2026-07-21 16:20:56.378,24.56,28.56,30.12,29.5,3.5,28.8,928.1,24.3,-40.0,0.0,0.0,0.0,1.0,0.0,552.0
2026-07-21 16:20:56.578,24.56,28.56,30.12,29.5,3.5,28.8,928.1,24.4,-40.0,0.0,0.0,0.0,1.0,0.0,552.0
2026-07-21 16:20:56.777,24.56,28.56,30.12,29.43,3.5,28.8,928.1,24.4,-40.0,0.0,0.0,0.0,1.0,0.0,552.0
2026-07-21 16:20:56.978,24.56,28.56,30.12,29.43,3.5,28.79,928.2,24.5,-40.0,0.0,0.0,0.0,1.0,0.0,553.0
2026-07-21 16:20:57.178,24.56,28.56,30.12,29.43,3.5,28.79,928.2,24.5,-40.0,0.0,0.0,0.0,1.0,0.0,553.0
2026-07-21 16:20:57.378,24.56,28.56,30.12,29.43,3.5,28.79,928.2,24.5,-40.0,0.0,0.0,0.0,1.0,0.0,553.0
2026-07-21 16:20:57.578,24.56,28.56,30.12,29.43,3.5,28.8,928.2,24.8,-40.0,0.0,0.0,0.0,1.0,0.0,553.0
2026-07-21 16:20:57.777,24.56,28.56,30.12,29.43,3.43,28.8,928.2,24.8,-40.0,0.0,0.0,0.0,1.0,0.0,553.0
2026-07-21 16:20:57.978,24.56,28.56,30.12,29.43,3.43,28.79,928.2,24.5,-40.0,0.0,0.0,0.0,1.0,0.0,554.0
2026-07-21 16:20:58.178,24.56,28.56,30.12,29.43,3.43,28.79,928.2,24.5,-40.0,0.0,0.0,0.0,1.0,0.0,554.0
2026-07-21 16:20:58.378,24.56,28.56,30.12,29.43,3.43,28.79,928.2,24.5,-40.0,0.0,0.0,0.0,1.0,0.0,554.0
2026-07-21 16:20:58.580,24.56,28.56,30.12,29.43,3.43,28.8,928.1,24.1,-40.0,0.0,0.0,0.0,1.0,0.0,554.0
2026-07-21 16:20:58.778,24.56,28.5,30.12,29.5,3.5,28.8,928.1,24.1,-40.0,0.0,0.0,0.0,1.0,0.0,554.0
2026-07-21 16:20:58.978,24.56,28.5,30.12,29.5,3.5,28.8,928.2,24.5,-40.0,0.0,0.0,0.0,1.0,0.0,555.0
2026-07-21 16:20:59.178,24.56,28.5,30.12,29.5,3.5,28.8,928.2,24.5,-40.0,0.0,0.0,0.0,1.0,0.0,555.0
2026-07-21 16:20:59.416,24.56,28.5,30.12,29.5,3.5,28.8,928.2,24.5,-40.0,0.0,0.0,0.0,1.0,0.0,555.0
2026-07-21 16:20:59.578,24.56,28.5,30.12,29.5,3.5,28.8,928.2,24.5,-40.0,0.0,0.0,0.0,1.0,0.0,555.0
2026-07-21 16:20:59.790,24.56,28.56,30.12,29.43,3.5,28.8,928.2,24.5,-40.0,0.0,0.0,0.0,1.0,0.0,555.0
2026-07-21 16:20:59.978,24.56,28.56,30.12,29.43,3.5,28.79,928.2,24.4,-40.0,0.0,0.0,0.0,1.0,0.0,556.0
2026-07-21 16:21:00.177,24.56,28.56,30.12,29.43,3.5,28.79,928.2,24.4,-40.0,0.0,0.0,0.0,1.0,0.0,556.0
2026-07-21 16:21:00.384,24.56,28.56,30.12,29.43,3.5,28.79,928.2,24.4,-40.0,0.0,0.0,0.0,1.0,0.0,556.0
2026-07-21 16:21:00.578,24.56,28.56,30.12,29.43,3.5,28.8,928.1,24.2,-40.0,0.0,0.0,0.0,1.0,0.0,556.0
2026-07-21 16:21:00.777,24.5,28.5,30.06,29.5,3.5,28.8,928.1,24.2,-40.0,0.0,0.0,0.0,1.0,0.0,556.0
2026-07-21 16:21:01.010,24.5,28.5,30.06,29.5,3.5,28.8,928.2,24.6,-40.0,0.0,0.0,0.0,1.0,0.0,557.0
2026-07-21 16:21:01.177,24.5,28.5,30.06,29.5,3.5,28.8,928.2,24.6,-40.0,0.0,0.0,0.0,1.0,0.0,557.0
2026-07-21 16:21:01.377,24.5,28.5,30.06,29.5,3.5,28.8,928.2,24.6,-40.0,0.0,0.0,0.0,1.0,0.0,557.0
2026-07-21 16:21:01.617,24.5,28.5,30.06,29.5,3.5,28.79,928.2,24.7,-40.0,0.0,0.0,0.0,1.0,0.0,557.0
2026-07-21 16:21:01.778,24.5,28.5,30.06,29.5,3.5,28.79,928.2,24.7,-40.0,0.0,0.0,0.0,1.0,0.0,557.0
2026-07-21 16:21:02.020,24.5,28.5,30.06,29.5,3.5,28.79,928.1,24.3,-40.0,0.0,0.0,0.0,1.0,0.0,558.0
2026-07-21 16:21:02.177,24.5,28.5,30.06,29.5,3.5,28.79,928.1,24.3,-40.0,0.0,0.0,0.0,1.0,0.0,558.0
2026-07-21 16:21:02.377,24.5,28.5,30.06,29.5,3.5,28.79,928.1,24.3,-40.0,0.0,0.0,0.0,1.0,0.0,558.0
2026-07-21 16:21:02.592,24.5,28.5,30.06,29.5,3.5,28.8,928.2,24.7,-40.0,0.0,0.0,0.0,1.0,0.0,558.0
2026-07-21 16:21:02.778,24.5,28.5,30.06,29.5,3.43,28.8,928.2,24.7,-40.0,0.0,0.0,0.0,1.0,0.0,558.0
2026-07-21 16:21:02.977,24.5,28.5,30.06,29.5,3.43,28.8,928.2,24.6,-40.0,0.0,0.0,0.0,1.0,0.0,559.0
2026-07-21 16:21:03.178,24.5,28.5,30.06,29.5,3.43,28.8,928.2,24.6,-40.0,0.0,0.0,0.0,1.0,0.0,559.0
2026-07-21 16:21:03.377,24.5,28.5,30.06,29.5,3.43,28.8,928.2,24.6,-40.0,0.0,0.0,0.0,1.0,0.0,559.0
2026-07-21 16:21:03.577,24.5,28.5,30.06,29.5,3.43,28.8,928.2,24.8,-40.0,0.0,0.0,0.0,1.0,0.0,559.0
2026-07-21 16:21:03.778,24.5,28.56,30.12,29.43,3.5,28.8,928.2,24.8,-40.0,0.0,0.0,0.0,1.0,0.0,559.0
2026-07-21 16:21:03.977,24.5,28.56,30.12,29.43,3.5,28.8,928.2,24.7,-40.0,0.0,0.0,0.0,1.0,0.0,560.0
2026-07-21 16:21:04.181,24.5,28.56,30.12,29.43,3.5,28.8,928.2,24.7,-40.0,0.0,0.0,0.0,1.0,0.0,560.0
2026-07-21 16:21:04.378,24.5,28.56,30.12,29.43,3.5,28.8,928.2,24.7,-40.0,0.0,0.0,0.0,1.0,0.0,560.0
2026-07-21 16:21:04.577,24.5,28.56,30.12,29.43,3.5,28.8,928.2,24.8,-40.0,0.0,0.0,0.0,1.0,0.0,560.0
2026-07-21 16:21:04.777,24.5,28.56,30.12,29.43,3.5,28.8,928.2,24.8,-40.0,0.0,0.0,0.0,1.0,0.0,560.0
2026-07-21 16:21:04.978,24.5,28.56,30.12,29.43,3.5,28.79,928.2,24.7,-40.0,0.0,0.0,0.0,1.0,0.0,561.0
2026-07-21 16:21:05.178,24.5,28.56,30.12,29.43,3.5,28.79,928.2,24.7,-40.0,0.0,0.0,0.0,1.0,0.0,561.0
2026-07-21 16:21:05.377,24.5,28.56,30.12,29.43,3.5,28.79,928.2,24.7,-40.0,0.0,0.0,0.0,1.0,0.0,561.0
2026-07-21 16:21:05.578,24.5,28.56,30.12,29.43,3.5,28.8,928.2,24.3,-40.0,0.0,0.0,0.0,1.0,0.0,561.0
2026-07-21 16:21:05.778,24.5,28.5,30.12,29.43,3.5,28.8,928.2,24.3,-40.0,0.0,0.0,0.0,1.0,0.0,561.0
2026-07-21 16:21:05.978,24.5,28.5,30.12,29.43,3.5,28.79,928.2,24.7,-40.0,0.0,0.0,0.0,1.0,0.0,562.0
2026-07-21 16:21:06.177,24.5,28.5,30.12,29.43,3.5,28.79,928.2,24.7,-40.0,0.0,0.0,0.0,1.0,0.0,562.0
2026-07-21 16:21:06.377,24.5,28.5,30.12,29.43,3.5,28.79,928.2,24.7,-40.0,0.0,0.0,0.0,1.0,0.0,562.0
2026-07-21 16:21:06.578,24.5,28.5,30.12,29.43,3.5,28.8,928.1,24.4,-40.0,0.0,0.0,0.0,1.0,0.0,562.0
2026-07-21 16:21:06.777,24.43,28.56,30.12,29.5,3.5,28.8,928.1,24.4,-40.0,0.0,0.0,0.0,1.0,0.0,562.0
2026-07-21 16:21:06.978,24.43,28.56,30.12,29.5,3.5,28.8,928.1,24.6,-40.0,0.0,0.0,0.0,1.0,0.0,563.0
2026-07-21 16:21:07.177,24.43,28.56,30.12,29.5,3.5,28.8,928.1,24.6,-40.0,0.0,0.0,0.0,1.0,0.0,563.0
2026-07-21 16:21:07.403,24.43,28.56,30.12,29.5,3.5,28.8,928.1,24.6,-40.0,0.0,0.0,0.0,1.0,0.0,563.0
2026-07-21 16:21:07.577,24.43,28.56,30.12,29.5,3.5,28.8,928.2,24.6,-40.0,0.0,0.0,0.0,1.0,0.0,563.0
2026-07-21 16:21:07.778,24.43,28.56,30.12,29.5,3.5,28.8,928.2,24.6,-40.0,0.0,0.0,0.0,1.0,0.0,563.0
2026-07-21 16:21:07.978,24.43,28.56,30.12,29.5,3.5,28.8,928.2,24.8,-40.0,0.0,0.0,0.0,1.0,0.0,564.0
2026-07-21 16:21:08.178,24.43,28.56,30.12,29.5,3.5,28.8,928.2,24.8,-40.0,0.0,0.0,0.0,1.0,0.0,564.0
2026-07-21 16:21:08.376,24.43,28.56,30.12,29.5,3.5,28.8,928.2,24.8,-40.0,0.0,0.0,0.0,1.0,0.0,564.0
2026-07-21 16:21:08.577,24.43,28.56,30.12,29.5,3.5,28.81,928.2,24.7,-40.0,0.0,0.0,0.0,1.0,0.0,564.0
2026-07-21 16:21:08.777,24.43,28.5,30.12,29.5,3.5,28.81,928.2,24.7,-40.0,0.0,0.0,0.0,1.0,0.0,564.0
2026-07-21 16:21:08.978,24.43,28.5,30.12,29.5,3.5,28.8,928.1,24.9,-40.0,0.0,0.0,0.0,1.0,0.0,565.0
2026-07-21 16:21:09.177,24.43,28.5,30.12,29.5,3.5,28.8,928.1,24.9,-40.0,0.0,0.0,0.0,1.0,0.0,565.0
2026-07-21 16:21:09.378,24.43,28.5,30.12,29.5,3.5,28.8,928.1,24.9,-40.0,0.0,0.0,0.0,1.0,0.0,565.0
2026-07-21 16:21:09.579,24.43,28.5,30.12,29.5,3.5,28.81,928.2,25.2,-40.0,0.0,0.0,0.0,1.0,0.0,565.0
2026-07-21 16:21:09.777,24.37,28.5,30.12,29.5,3.5,28.81,928.2,25.2,-40.0,0.0,0.0,0.0,1.0,0.0,565.0
2026-07-21 16:21:09.977,24.37,28.5,30.12,29.5,3.5,28.81,928.2,25.0,-40.0,0.0,0.0,0.0,1.0,0.0,566.0
2026-07-21 16:21:10.177,24.37,28.5,30.12,29.5,3.5,28.81,928.2,25.0,-40.0,0.0,0.0,0.0,1.0,0.0,566.0
2026-07-21 16:21:10.400,24.37,28.5,30.12,29.5,3.5,28.81,928.2,25.0,-40.0,0.0,0.0,0.0,1.0,0.0,566.0
2026-07-21 16:21:10.577,24.37,28.5,30.12,29.5,3.5,28.81,928.2,25.1,-40.0,0.0,0.0,0.0,1.0,0.0,566.0
2026-07-21 16:21:10.777,24.37,28.56,30.12,29.5,3.5,28.81,928.2,25.1,-40.0,0.0,0.0,0.0,1.0,0.0,566.0
2026-07-21 16:21:10.977,24.37,28.56,30.12,29.5,3.5,28.8,928.2,24.9,-40.0,0.0,0.0,0.0,1.0,0.0,567.0
2026-07-21 16:21:11.176,24.37,28.56,30.12,29.5,3.5,28.8,928.2,24.9,-40.0,0.0,0.0,0.0,1.0,0.0,567.0
2026-07-21 16:21:11.376,24.37,28.56,30.12,29.5,3.5,28.8,928.2,24.9,-40.0,0.0,0.0,0.0,1.0,0.0,567.0
2026-07-21 16:21:11.577,24.37,28.56,30.12,29.5,3.5,28.8,928.1,25.1,-40.0,0.0,0.0,0.0,1.0,0.0,567.0
2026-07-21 16:21:11.777,24.37,28.5,30.12,29.5,3.5,28.8,928.1,25.1,-40.0,0.0,0.0,0.0,1.0,0.0,567.0
2026-07-21 16:21:11.977,24.37,28.5,30.12,29.5,3.5,28.82,928.2,25.1,-40.0,0.0,0.0,0.0,1.0,0.0,568.0
2026-07-21 16:21:12.177,24.37,28.5,30.12,29.5,3.5,28.82,928.2,25.1,-40.0,0.0,0.0,0.0,1.0,0.0,568.0
2026-07-21 16:21:12.376,24.37,28.5,30.12,29.5,3.5,28.82,928.2,25.1,-40.0,0.0,0.0,0.0,1.0,0.0,568.0
2026-07-21 16:21:12.576,24.37,28.5,30.12,29.5,3.5,28.81,928.2,25.3,-40.0,0.0,0.0,0.0,1.0,0.0,568.0
2026-07-21 16:21:12.777,24.37,28.5,30.12,29.5,3.43,28.81,928.2,25.3,-40.0,0.0,0.0,0.0,1.0,0.0,568.0
2026-07-21 16:21:12.977,24.37,28.5,30.12,29.5,3.43,28.81,928.3,25.3,-40.0,0.0,0.0,0.0,1.0,0.0,569.0
2026-07-21 16:21:13.177,24.37,28.5,30.12,29.5,3.43,28.81,928.3,25.3,-40.0,0.0,0.0,0.0,1.0,0.0,569.0
2026-07-21 16:21:13.378,24.37,28.5,30.12,29.5,3.43,28.81,928.3,25.3,-40.0,0.0,0.0,0.0,1.0,0.0,569.0
2026-07-21 16:21:13.599,24.37,28.5,30.12,29.5,3.43,28.8,928.2,25.1,-40.0,0.0,0.0,0.0,1.0,0.0,569.0
2026-07-21 16:21:13.777,24.37,28.5,30.12,29.5,3.5,28.8,928.2,25.1,-40.0,0.0,0.0,0.0,1.0,0.0,569.0
2026-07-21 16:21:13.977,24.37,28.5,30.12,29.5,3.5,28.81,928.2,25.1,-40.0,0.0,0.0,0.0,1.0,0.0,570.0
2026-07-21 16:21:14.177,24.37,28.5,30.12,29.5,3.5,28.81,928.2,25.1,-40.0,0.0,0.0,0.0,1.0,0.0,570.0
2026-07-21 16:21:14.377,24.37,28.5,30.12,29.5,3.5,28.81,928.2,25.1,-40.0,0.0,0.0,0.0,1.0,0.0,570.0
2026-07-21 16:21:14.577,24.37,28.5,30.12,29.5,3.5,28.81,928.2,25.0,-40.0,0.0,0.0,0.0,1.0,0.0,570.0
2026-07-21 16:21:14.777,24.37,28.5,30.12,29.5,3.5,28.81,928.2,25.0,-40.0,0.0,0.0,0.0,1.0,0.0,570.0
2026-07-21 16:21:14.977,24.37,28.5,30.12,29.5,3.5,28.81,928.2,25.0,-40.0,0.0,0.0,0.0,1.0,0.0,571.0
2026-07-21 16:21:15.177,24.37,28.5,30.12,29.5,3.5,28.81,928.2,25.0,-40.0,0.0,0.0,0.0,1.0,0.0,571.0
2026-07-21 16:21:15.377,24.37,28.5,30.12,29.5,3.5,28.81,928.2,25.0,-40.0,0.0,0.0,0.0,1.0,0.0,571.0
2026-07-21 16:21:15.577,24.37,28.5,30.12,29.5,3.5,28.81,928.2,25.0,-40.0,0.0,0.0,0.0,1.0,0.0,571.0
2026-07-21 16:21:15.804,24.37,28.5,30.12,29.5,3.43,28.81,928.2,25.0,-40.0,0.0,0.0,0.0,1.0,0.0,571.0
2026-07-21 16:21:15.977,24.37,28.5,30.12,29.5,3.43,28.8,928.2,25.1,-40.0,0.0,0.0,0.0,1.0,0.0,572.0
2026-07-21 16:21:16.177,24.37,28.5,30.12,29.5,3.43,28.8,928.2,25.1,-40.0,0.0,0.0,0.0,1.0,0.0,572.0
2026-07-21 16:21:16.377,24.37,28.5,30.12,29.5,3.43,28.8,928.2,25.1,-40.0,0.0,0.0,0.0,1.0,0.0,572.0
2026-07-21 16:21:16.577,24.37,28.5,30.12,29.5,3.43,28.81,928.2,24.9,-40.0,0.0,0.0,0.0,1.0,0.0,572.0
2026-07-21 16:21:16.787,24.37,28.56,30.12,29.5,3.5,28.81,928.2,24.9,-40.0,0.0,0.0,0.0,1.0,0.0,572.0
2026-07-21 16:21:16.978,24.37,28.56,30.12,29.5,3.5,28.81,928.2,25.1,-40.0,0.0,0.0,0.0,1.0,0.0,573.0
2026-07-21 16:21:17.178,24.37,28.56,30.12,29.5,3.5,28.81,928.2,25.1,-40.0,0.0,0.0,0.0,1.0,0.0,573.0
2026-07-21 16:21:17.377,24.37,28.56,30.12,29.5,3.5,28.81,928.2,25.1,-40.0,0.0,0.0,0.0,1.0,0.0,573.0
2026-07-21 16:21:17.577,24.37,28.56,30.12,29.5,3.5,28.81,928.2,24.9,-40.0,0.0,0.0,0.0,1.0,0.0,573.0
2026-07-21 16:21:17.777,24.31,28.5,30.12,29.43,3.5,28.81,928.2,24.9,-40.0,0.0,0.0,0.0,1.0,0.0,573.0
2026-07-21 16:21:17.977,24.31,28.5,30.12,29.43,3.5,28.82,928.2,25.2,-40.0,0.0,0.0,0.0,1.0,0.0,574.0
2026-07-21 16:21:18.177,24.31,28.5,30.12,29.43,3.5,28.82,928.2,25.2,-40.0,0.0,0.0,0.0,1.0,0.0,574.0
2026-07-21 16:21:18.400,24.31,28.5,30.12,29.43,3.5,28.82,928.2,25.2,-40.0,0.0,0.0,0.0,1.0,0.0,574.0
2026-07-21 16:21:18.577,24.31,28.5,30.12,29.43,3.5,28.81,928.2,24.9,-40.0,0.0,0.0,0.0,1.0,0.0,574.0
2026-07-21 16:21:18.777,24.31,28.5,30.12,29.5,3.5,28.81,928.2,24.9,-40.0,0.0,0.0,0.0,1.0,0.0,574.0
2026-07-21 16:21:19.001,24.31,28.5,30.12,29.5,3.5,28.82,928.2,24.8,-40.0,0.0,0.0,0.0,1.0,0.0,575.0
2026-07-21 16:21:19.177,24.31,28.5,30.12,29.5,3.5,28.82,928.2,24.8,-40.0,0.0,0.0,0.0,1.0,0.0,575.0
2026-07-21 16:21:19.377,24.31,28.5,30.12,29.5,3.5,28.82,928.2,24.8,-40.0,0.0,0.0,0.0,1.0,0.0,575.0
2026-07-21 16:21:19.578,24.31,28.5,30.12,29.5,3.5,28.81,928.2,25.0,-40.0,0.0,0.0,0.0,1.0,0.0,575.0
2026-07-21 16:21:19.777,24.31,28.5,30.12,29.5,3.43,28.81,928.2,25.0,-40.0,0.0,0.0,0.0,1.0,0.0,575.0
2026-07-21 16:21:19.977,24.31,28.5,30.12,29.5,3.43,28.8,928.2,25.0,-40.0,0.0,0.0,0.0,1.0,0.0,576.0
2026-07-21 16:21:20.177,24.31,28.5,30.12,29.5,3.43,28.8,928.2,25.0,-40.0,0.0,0.0,0.0,1.0,0.0,576.0
2026-07-21 16:21:20.376,24.31,28.5,30.12,29.5,3.43,28.8,928.2,25.0,-40.0,0.0,0.0,0.0,1.0,0.0,576.0
2026-07-21 16:21:20.577,24.31,28.5,30.12,29.5,3.43,28.81,928.2,24.8,-40.0,0.0,0.0,0.0,1.0,0.0,576.0
2026-07-21 16:21:20.777,24.31,28.5,30.12,29.5,3.43,28.81,928.2,24.8,-40.0,0.0,0.0,0.0,1.0,0.0,576.0
2026-07-21 16:21:20.978,24.31,28.5,30.12,29.5,3.43,28.8,928.2,25.0,-40.0,0.0,0.0,0.0,1.0,0.0,577.0
2026-07-21 16:21:21.177,24.31,28.5,30.12,29.5,3.43,28.8,928.2,25.0,-40.0,0.0,0.0,0.0,1.0,0.0,577.0
2026-07-21 16:21:21.377,24.31,28.5,30.12,29.5,3.43,28.8,928.2,25.0,-40.0,0.0,0.0,0.0,1.0,0.0,577.0
2026-07-21 16:21:21.578,24.31,28.5,30.12,29.5,3.43,28.81,928.1,25.0,-40.0,0.0,0.0,0.0,1.0,0.0,577.0
2026-07-21 16:21:21.777,24.31,28.5,30.12,29.43,3.43,28.81,928.1,25.0,-40.0,0.0,0.0,0.0,1.0,0.0,577.0
2026-07-21 16:21:21.986,24.31,28.5,30.12,29.43,3.43,28.81,928.2,25.0,-40.0,0.0,0.0,0.0,1.0,0.0,578.0
2026-07-21 16:21:22.177,24.31,28.5,30.12,29.43,3.43,28.81,928.2,25.0,-40.0,0.0,0.0,0.0,1.0,0.0,578.0
2026-07-21 16:21:22.403,24.31,28.5,30.12,29.43,3.43,28.81,928.2,25.0,-40.0,0.0,0.0,0.0,1.0,0.0,578.0
2026-07-21 16:21:22.577,24.31,28.5,30.12,29.43,3.43,28.82,928.2,25.1,-40.0,0.0,0.0,0.0,1.0,0.0,578.0
2026-07-21 16:21:22.777,24.31,28.5,30.12,29.43,3.43,28.82,928.2,25.1,-40.0,0.0,0.0,0.0,1.0,0.0,578.0
2026-07-21 16:21:23.019,24.31,28.5,30.12,29.43,3.43,28.81,928.2,25.5,-40.0,0.0,0.0,0.0,1.0,0.0,579.0
2026-07-21 16:21:23.177,24.31,28.5,30.12,29.43,3.43,28.81,928.2,25.5,-40.0,0.0,0.0,0.0,1.0,0.0,579.0
2026-07-21 16:21:23.377,24.31,28.5,30.12,29.43,3.43,28.81,928.2,25.5,-40.0,0.0,0.0,0.0,1.0,0.0,579.0
2026-07-21 16:21:23.577,24.31,28.5,30.12,29.43,3.43,28.81,928.1,25.4,-40.0,0.0,0.0,0.0,1.0,0.0,579.0
2026-07-21 16:21:23.776,24.25,28.5,30.12,29.43,3.43,28.81,928.1,25.4,-40.0,0.0,0.0,0.0,1.0,0.0,579.0
2026-07-21 16:21:23.979,24.25,28.5,30.12,29.43,3.43,28.8,928.2,25.2,-40.0,0.0,0.0,0.0,1.0,0.0,580.0
2026-07-21 16:21:24.176,24.25,28.5,30.12,29.43,3.43,28.8,928.2,25.2,-40.0,0.0,0.0,0.0,1.0,0.0,580.0
2026-07-21 16:21:24.377,24.25,28.5,30.12,29.43,3.43,28.8,928.2,25.2,-40.0,0.0,0.0,0.0,1.0,0.0,580.0
2026-07-21 16:21:24.609,24.25,28.5,30.12,29.43,3.43,28.81,928.2,25.3,-40.0,0.0,0.0,0.0,1.0,0.0,580.0
2026-07-21 16:21:24.777,24.25,28.5,30.12,29.5,3.43,28.81,928.2,25.3,-40.0,0.0,0.0,0.0,1.0,0.0,580.0
2026-07-21 16:21:24.977,24.25,28.5,30.12,29.5,3.43,28.81,928.2,25.6,-40.0,0.0,0.0,0.0,1.0,0.0,581.0
2026-07-21 16:21:25.199,24.25,28.5,30.12,29.5,3.43,28.81,928.2,25.6,-40.0,0.0,0.0,0.0,1.0,0.0,581.0
2026-07-21 16:21:25.377,24.25,28.5,30.12,29.5,3.43,28.81,928.2,25.6,-40.0,0.0,0.0,0.0,1.0,0.0,581.0
2026-07-21 16:21:25.576,24.25,28.5,30.12,29.5,3.43,28.81,928.2,25.4,-40.0,0.0,0.0,0.0,1.0,0.0,581.0
2026-07-21 16:21:25.793,24.31,28.43,30.12,29.5,3.5,28.81,928.2,25.4,-40.0,0.0,0.0,0.0,1.0,0.0,581.0
2026-07-21 16:21:25.977,24.31,28.43,30.12,29.5,3.5,28.81,928.2,25.0,-40.0,0.0,0.0,0.0,1.0,0.0,582.0
2026-07-21 16:21:26.177,24.31,28.43,30.12,29.5,3.5,28.81,928.2,25.0,-40.0,0.0,0.0,0.0,1.0,0.0,582.0
2026-07-21 16:21:26.399,24.31,28.43,30.12,29.5,3.5,28.81,928.2,25.0,-40.0,0.0,0.0,0.0,1.0,0.0,582.0
2026-07-21 16:21:26.577,24.31,28.43,30.12,29.5,3.5,28.82,928.2,25.0,-40.0,0.0,0.0,0.0,1.0,0.0,582.0
2026-07-21 16:21:26.777,24.25,28.5,30.12,29.5,3.5,28.82,928.2,25.0,-40.0,0.0,0.0,0.0,1.0,0.0,582.0
2026-07-21 16:21:26.976,24.25,28.5,30.12,29.5,3.5,28.82,928.2,25.2,-40.0,0.0,0.0,0.0,1.0,0.0,583.0
2026-07-21 16:21:27.177,24.25,28.5,30.12,29.5,3.5,28.82,928.2,25.2,-40.0,0.0,0.0,0.0,1.0,0.0,583.0
2026-07-21 16:21:27.376,24.25,28.5,30.12,29.5,3.5,28.82,928.2,25.2,-40.0,0.0,0.0,0.0,1.0,0.0,583.0
2026-07-21 16:21:27.577,24.25,28.5,30.12,29.5,3.5,28.82,928.2,25.2,-40.0,0.0,0.0,0.0,1.0,0.0,583.0
2026-07-21 16:21:27.801,24.31,28.5,30.12,29.5,3.43,28.82,928.2,25.2,-40.0,0.0,0.0,0.0,1.0,0.0,583.0
2026-07-21 16:21:28.009,24.31,28.5,30.12,29.5,3.43,28.82,928.1,24.9,-40.0,0.0,0.0,0.0,1.0,0.0,584.0
2026-07-21 16:21:28.177,24.31,28.5,30.12,29.5,3.43,28.82,928.1,24.9,-40.0,0.0,0.0,0.0,1.0,0.0,584.0
2026-07-21 16:21:28.377,24.31,28.5,30.12,29.5,3.43,28.82,928.1,24.9,-40.0,0.0,0.0,0.0,1.0,0.0,584.0
2026-07-21 16:21:28.596,24.31,28.5,30.12,29.5,3.43,28.82,928.2,25.3,-40.0,0.0,0.0,0.0,1.0,0.0,584.0
2026-07-21 16:21:28.777,24.31,28.43,30.12,29.43,3.43,28.82,928.2,25.3,-40.0,0.0,0.0,0.0,1.0,0.0,584.0
2026-07-21 16:21:28.977,24.31,28.43,30.12,29.43,3.43,28.82,928.1,25.0,-40.0,0.0,0.0,0.0,1.0,0.0,585.0
2026-07-21 16:21:29.177,24.31,28.43,30.12,29.43,3.43,28.82,928.1,25.0,-40.0,0.0,0.0,0.0,1.0,0.0,585.0
2026-07-21 16:21:29.378,24.31,28.43,30.12,29.43,3.43,28.82,928.1,25.0,-40.0,0.0,0.0,0.0,1.0,0.0,585.0
2026-07-21 16:21:29.606,24.31,28.43,30.12,29.43,3.43,28.81,928.2,25.0,-40.0,0.0,0.0,0.0,1.0,0.0,585.0
2026-07-21 16:21:29.777,24.31,28.43,30.12,29.43,3.43,28.81,928.2,25.0,-40.0,0.0,0.0,0.0,1.0,0.0,585.0
2026-07-21 16:21:29.978,24.31,28.43,30.12,29.43,3.43,28.82,928.2,25.0,-40.0,0.0,0.0,0.0,1.0,0.0,586.0
2026-07-21 16:21:30.198,24.31,28.43,30.12,29.43,3.43,28.82,928.2,25.0,-40.0,0.0,0.0,0.0,1.0,0.0,586.0
2026-07-21 16:21:30.397,24.31,28.43,30.12,29.43,3.43,28.82,928.2,25.0,-40.0,0.0,0.0,0.0,1.0,0.0,586.0
2026-07-21 16:21:30.577,24.31,28.43,30.12,29.43,3.43,28.82,928.1,25.0,-40.0,0.0,0.0,0.0,1.0,0.0,586.0
2026-07-21 16:21:30.816,24.31,28.43,30.12,29.5,3.43,28.82,928.1,25.0,-40.0,0.0,0.0,0.0,1.0,0.0,586.0
2026-07-21 16:21:30.977,24.31,28.43,30.12,29.5,3.43,28.82,928.2,25.0,-40.0,0.0,0.0,0.0,1.0,0.0,587.0
2026-07-21 16:21:31.177,24.31,28.43,30.12,29.5,3.43,28.82,928.2,25.0,-40.0,0.0,0.0,0.0,1.0,0.0,587.0
2026-07-21 16:21:31.377,24.31,28.43,30.12,29.5,3.43,28.82,928.2,25.0,-40.0,0.0,0.0,0.0,1.0,0.0,587.0
2026-07-21 16:21:31.577,24.31,28.43,30.12,29.5,3.43,28.84,928.2,24.9,-40.0,0.0,0.0,0.0,1.0,0.0,587.0
2026-07-21 16:21:31.805,24.31,28.5,30.12,29.43,3.5,28.84,928.2,24.9,-40.0,0.0,0.0,0.0,1.0,0.0,587.0
2026-07-21 16:21:31.977,24.31,28.5,30.12,29.43,3.5,28.84,928.2,24.9,-40.0,0.0,0.0,0.0,1.0,0.0,588.0
2026-07-21 16:21:32.177,24.31,28.5,30.12,29.43,3.5,28.84,928.2,24.9,-40.0,0.0,0.0,0.0,1.0,0.0,588.0
2026-07-21 16:21:32.411,24.31,28.5,30.12,29.43,3.5,28.84,928.2,24.9,-40.0,0.0,0.0,0.0,1.0,0.0,588.0
2026-07-21 16:21:32.577,24.31,28.5,30.12,29.43,3.5,28.84,928.2,24.9,-40.0,0.0,0.0,0.0,1.0,0.0,588.0
2026-07-21 16:21:32.777,24.31,28.43,30.12,29.5,3.43,28.84,928.2,24.9,-40.0,0.0,0.0,0.0,1.0,0.0,588.0
2026-07-21 16:21:33.012,24.31,28.43,30.12,29.5,3.43,28.82,928.1,24.8,-40.0,0.0,0.0,0.0,1.0,0.0,589.0
2026-07-21 16:21:33.177,24.31,28.43,30.12,29.5,3.43,28.82,928.1,24.8,-40.0,0.0,0.0,0.0,1.0,0.0,589.0
2026-07-21 16:21:33.377,24.31,28.43,30.12,29.5,3.43,28.82,928.1,24.8,-40.0,0.0,0.0,0.0,1.0,0.0,589.0
2026-07-21 16:21:33.577,24.31,28.43,30.12,29.5,3.43,28.84,928.1,25.0,-40.0,0.0,0.0,0.0,1.0,0.0,589.0
2026-07-21 16:21:33.777,24.31,28.5,30.12,29.43,3.43,28.84,928.1,25.0,-40.0,0.0,0.0,0.0,1.0,0.0,589.0
2026-07-21 16:21:33.976,24.31,28.5,30.12,29.43,3.43,28.82,928.1,24.8,-40.0,0.0,0.0,0.0,1.0,0.0,590.0
2026-07-21 16:21:34.177,24.31,28.5,30.12,29.43,3.43,28.82,928.1,24.8,-40.0,0.0,0.0,0.0,1.0,0.0,590.0
2026-07-21 16:21:34.377,24.31,28.5,30.12,29.43,3.43,28.82,928.1,24.8,-40.0,0.0,0.0,0.0,1.0,0.0,590.0
2026-07-21 16:21:34.616,24.31,28.5,30.12,29.43,3.43,28.82,928.2,24.7,-40.0,0.0,0.0,0.0,1.0,0.0,590.0
2026-07-21 16:21:34.777,24.31,28.5,30.12,29.5,3.43,28.82,928.2,24.7,-40.0,0.0,0.0,0.0,1.0,0.0,590.0
2026-07-21 16:21:34.977,24.31,28.5,30.12,29.5,3.43,28.84,928.2,24.7,-40.0,0.0,0.0,0.0,1.0,0.0,591.0
2026-07-21 16:21:35.177,24.31,28.5,30.12,29.5,3.43,28.84,928.2,24.7,-40.0,0.0,0.0,0.0,1.0,0.0,591.0
2026-07-21 16:21:35.377,24.31,28.5,30.12,29.5,3.43,28.84,928.2,24.7,-40.0,0.0,0.0,0.0,1.0,0.0,591.0
2026-07-21 16:21:35.577,24.31,28.5,30.12,29.5,3.43,28.82,928.1,24.6,-40.0,0.0,0.0,0.0,1.0,0.0,591.0
2026-07-21 16:21:35.777,24.31,28.5,30.12,29.5,3.43,28.82,928.1,24.6,-40.0,0.0,0.0,0.0,1.0,0.0,591.0
2026-07-21 16:21:35.976,24.31,28.5,30.12,29.5,3.43,28.85,928.2,24.5,-40.0,0.0,0.0,0.0,1.0,0.0,592.0
2026-07-21 16:21:36.176,24.31,28.5,30.12,29.5,3.43,28.85,928.2,24.5,-40.0,0.0,0.0,0.0,1.0,0.0,592.0
2026-07-21 16:21:36.376,24.31,28.5,30.12,29.5,3.43,28.85,928.2,24.5,-40.0,0.0,0.0,0.0,1.0,0.0,592.0
2026-07-21 16:21:36.577,24.31,28.5,30.12,29.5,3.43,28.84,928.2,24.4,-40.0,0.0,0.0,0.0,1.0,0.0,592.0
2026-07-21 16:21:36.812,24.31,28.5,30.12,29.5,3.43,28.84,928.2,24.4,-40.0,0.0,0.0,0.0,1.0,0.0,592.0
2026-07-21 16:21:36.977,24.31,28.5,30.12,29.5,3.43,28.85,928.2,24.5,-40.0,0.0,0.0,0.0,1.0,0.0,593.0
2026-07-21 16:21:37.177,24.31,28.5,30.12,29.5,3.43,28.85,928.2,24.5,-40.0,0.0,0.0,0.0,1.0,0.0,593.0
2026-07-21 16:21:37.413,24.31,28.5,30.12,29.5,3.43,28.85,928.2,24.5,-40.0,0.0,0.0,0.0,1.0,0.0,593.0
2026-07-21 16:21:37.577,24.31,28.5,30.12,29.5,3.43,28.84,928.2,24.6,-40.0,0.0,0.0,0.0,1.0,0.0,593.0
2026-07-21 16:21:37.777,24.31,28.43,30.12,29.5,3.43,28.84,928.2,24.6,-40.0,0.0,0.0,0.0,1.0,0.0,593.0
2026-07-21 16:21:38.019,24.31,28.43,30.12,29.5,3.43,28.82,928.1,24.8,-40.0,0.0,0.0,0.0,1.0,0.0,594.0
2026-07-21 16:21:38.177,24.31,28.43,30.12,29.5,3.43,28.82,928.1,24.8,-40.0,0.0,0.0,0.0,1.0,0.0,594.0
2026-07-21 16:21:38.377,24.31,28.43,30.12,29.5,3.43,28.82,928.1,24.8,-40.0,0.0,0.0,0.0,1.0,0.0,594.0
2026-07-21 16:21:38.601,24.31,28.43,30.12,29.5,3.43,28.85,928.2,24.7,-40.0,0.0,0.0,0.0,1.0,0.0,594.0
2026-07-21 16:21:38.777,24.31,28.5,30.12,29.5,3.43,28.85,928.2,24.7,-40.0,0.0,0.0,0.0,1.0,0.0,594.0
2026-07-21 16:21:38.977,24.31,28.5,30.12,29.5,3.43,28.82,928.1,24.7,-40.0,0.0,0.0,0.0,1.0,0.0,595.0
2026-07-21 16:21:39.184,24.31,28.5,30.12,29.5,3.43,28.82,928.1,24.7,-40.0,0.0,0.0,0.0,1.0,0.0,595.0
2026-07-21 16:21:39.376,24.31,28.5,30.12,29.5,3.43,28.82,928.1,24.7,-40.0,0.0,0.0,0.0,1.0,0.0,595.0
2026-07-21 16:21:39.583,24.31,28.5,30.12,29.5,3.43,28.84,928.2,24.8,-40.0,0.0,0.0,0.0,1.0,0.0,595.0
2026-07-21 16:21:39.776,24.37,28.43,30.12,29.43,3.5,28.84,928.2,24.8,-40.0,0.0,0.0,0.0,1.0,0.0,595.0
2026-07-21 16:21:39.977,24.37,28.43,30.12,29.43,3.5,28.84,928.2,24.6,-40.0,0.0,0.0,0.0,1.0,0.0,596.0
2026-07-21 16:21:40.177,24.37,28.43,30.12,29.43,3.5,28.84,928.2,24.6,-40.0,0.0,0.0,0.0,1.0,0.0,596.0
2026-07-21 16:21:40.377,24.37,28.43,30.12,29.43,3.5,28.84,928.2,24.6,-40.0,0.0,0.0,0.0,1.0,0.0,596.0
2026-07-21 16:21:40.577,24.37,28.43,30.12,29.43,3.5,28.85,928.2,24.4,-40.0,0.0,0.0,0.0,1.0,0.0,596.0
2026-07-21 16:21:40.778,24.37,28.5,30.12,29.43,3.43,28.85,928.2,24.4,-40.0,0.0,0.0,0.0,1.0,0.0,596.0
2026-07-21 16:21:40.976,24.37,28.5,30.12,29.43,3.43,28.82,928.2,24.7,-40.0,0.0,0.0,0.0,1.0,0.0,597.0
2026-07-21 16:21:41.177,24.37,28.5,30.12,29.43,3.43,28.82,928.2,24.7,-40.0,0.0,0.0,0.0,1.0,0.0,597.0
2026-07-21 16:21:41.376,24.37,28.5,30.12,29.43,3.43,28.82,928.2,24.7,-40.0,0.0,0.0,0.0,1.0,0.0,597.0
2026-07-21 16:21:41.597,24.37,28.5,30.12,29.43,3.43,28.84,928.2,24.5,-40.0,0.0,0.0,0.0,1.0,0.0,597.0
2026-07-21 16:21:41.777,24.37,28.43,30.12,29.43,3.43,28.84,928.2,24.5,-40.0,0.0,0.0,0.0,1.0,0.0,597.0
2026-07-21 16:21:41.978,24.37,28.43,30.12,29.43,3.43,28.82,928.2,24.4,-40.0,0.0,0.0,0.0,1.0,0.0,598.0
2026-07-21 16:21:42.176,24.37,28.43,30.12,29.43,3.43,28.82,928.2,24.4,-40.0,0.0,0.0,0.0,1.0,0.0,598.0
2026-07-21 16:21:42.376,24.37,28.43,30.12,29.43,3.43,28.82,928.2,24.4,-40.0,0.0,0.0,0.0,1.0,0.0,598.0
2026-07-21 16:21:42.577,24.37,28.43,30.12,29.43,3.43,28.85,928.2,24.7,-40.0,0.0,0.0,0.0,1.0,0.0,598.0
2026-07-21 16:21:42.777,24.37,28.43,30.12,29.43,3.43,28.85,928.2,24.7,-40.0,0.0,0.0,0.0,1.0,0.0,598.0
2026-07-21 16:21:42.977,24.37,28.43,30.12,29.43,3.43,28.82,928.2,24.6,-40.0,0.0,0.0,0.0,1.0,0.0,599.0
2026-07-21 16:21:43.176,24.37,28.43,30.12,29.43,3.43,28.82,928.2,24.6,-40.0,0.0,0.0,0.0,1.0,0.0,599.0
2026-07-21 16:21:43.377,24.37,28.43,30.12,29.43,3.43,28.82,928.2,24.6,-40.0,0.0,0.0,0.0,1.0,0.0,599.0
2026-07-21 16:21:43.591,24.37,28.43,30.12,29.43,3.43,28.85,928.2,24.4,-40.0,0.0,0.0,0.0,1.0,0.0,599.0
2026-07-21 16:21:43.777,24.37,28.5,30.12,29.5,3.43,28.85,928.2,24.4,-40.0,0.0,0.0,0.0,1.0,0.0,599.0
2026-07-21 16:21:43.977,24.37,28.5,30.12,29.5,3.43,28.85,928.2,24.7,-40.0,0.0,0.0,0.0,1.0,0.0,600.0
2026-07-21 16:21:44.184,24.37,28.5,30.12,29.5,3.43,28.85,928.2,24.7,-40.0,0.0,0.0,0.0,1.0,0.0,600.0
2026-07-21 16:21:44.376,24.37,28.5,30.12,29.5,3.43,28.85,928.2,24.7,-40.0,0.0,0.0,0.0,1.0,0.0,600.0
2026-07-21 16:21:44.576,24.37,28.5,30.12,29.5,3.43,28.84,928.1,24.3,-40.0,0.0,0.0,0.0,1.0,0.0,600.0
2026-07-21 16:21:44.776,24.37,28.5,30.12,29.5,3.43,28.84,928.1,24.3,-40.0,0.0,0.0,0.0,1.0,0.0,600.0
2026-07-21 16:21:44.976,24.37,28.5,30.12,29.5,3.43,28.85,928.2,24.6,-40.0,0.0,0.0,0.0,1.0,0.0,601.0
2026-07-21 16:21:45.176,24.37,28.5,30.12,29.5,3.43,28.85,928.2,24.6,-40.0,0.0,0.0,0.0,1.0,0.0,601.0
2026-07-21 16:21:45.376,24.37,28.5,30.12,29.5,3.43,28.85,928.2,24.6,-40.0,0.0,0.0,0.0,1.0,0.0,601.0
2026-07-21 16:21:45.577,24.37,28.5,30.12,29.5,3.43,28.84,928.2,24.4,-40.0,0.0,0.0,0.0,1.0,0.0,601.0
2026-07-21 16:21:45.793,24.37,28.43,30.12,29.5,3.5,28.84,928.2,24.4,-40.0,0.0,0.0,0.0,1.0,0.0,601.0
2026-07-21 16:21:45.977,24.37,28.43,30.12,29.5,3.5,28.85,928.2,24.2,-40.0,0.0,0.0,0.0,1.0,0.0,602.0
2026-07-21 16:21:46.176,24.37,28.43,30.12,29.5,3.5,28.85,928.2,24.2,-40.0,0.0,0.0,0.0,1.0,0.0,602.0
2026-07-21 16:21:46.375,24.37,28.43,30.12,29.5,3.5,28.85,928.2,24.2,-40.0,0.0,0.0,0.0,1.0,0.0,602.0
2026-07-21 16:21:46.576,24.37,28.43,30.12,29.5,3.5,28.85,928.2,24.4,-40.0,0.0,0.0,0.0,1.0,0.0,602.0
2026-07-21 16:21:46.776,24.31,28.5,30.12,29.43,3.43,28.85,928.2,24.4,-40.0,0.0,0.0,0.0,1.0,0.0,602.0
2026-07-21 16:21:46.977,24.31,28.5,30.12,29.43,3.43,28.85,928.2,24.2,-40.0,0.0,0.0,0.0,1.0,0.0,603.0
2026-07-21 16:21:47.176,24.31,28.5,30.12,29.43,3.43,28.85,928.2,24.2,-40.0,0.0,0.0,0.0,1.0,0.0,603.0
2026-07-21 16:21:47.376,24.31,28.5,30.12,29.43,3.43,28.85,928.2,24.2,-40.0,0.0,0.0,0.0,1.0,0.0,603.0
2026-07-21 16:21:47.576,24.31,28.5,30.12,29.43,3.43,28.85,928.2,24.8,-40.0,0.0,0.0,0.0,1.0,0.0,603.0
2026-07-21 16:21:47.776,24.31,28.5,30.12,29.5,3.5,28.85,928.2,24.8,-40.0,0.0,0.0,0.0,1.0,0.0,603.0
2026-07-21 16:21:47.985,24.31,28.5,30.12,29.5,3.5,28.85,928.2,24.5,-40.0,0.0,0.0,0.0,1.0,0.0,604.0
2026-07-21 16:21:48.176,24.31,28.5,30.12,29.5,3.5,28.85,928.2,24.5,-40.0,0.0,0.0,0.0,1.0,0.0,604.0
2026-07-21 16:21:48.380,24.31,28.5,30.12,29.5,3.5,28.85,928.2,24.5,-40.0,0.0,0.0,0.0,1.0,0.0,604.0
2026-07-21 16:21:48.577,24.31,28.5,30.12,29.5,3.5,28.84,928.2,24.6,-40.0,0.0,0.0,0.0,1.0,0.0,604.0
2026-07-21 16:21:48.776,24.31,28.43,30.12,29.43,3.43,28.84,928.2,24.6,-40.0,0.0,0.0,0.0,1.0,0.0,604.0
2026-07-21 16:21:48.976,24.31,28.43,30.12,29.43,3.43,28.84,928.2,24.2,-40.0,0.0,0.0,0.0,1.0,0.0,605.0
2026-07-21 16:21:49.176,24.31,28.43,30.12,29.43,3.43,28.84,928.2,24.2,-40.0,0.0,0.0,0.0,1.0,0.0,605.0
2026-07-21 16:21:49.377,24.31,28.43,30.12,29.43,3.43,28.84,928.2,24.2,-40.0,0.0,0.0,0.0,1.0,0.0,605.0
2026-07-21 16:21:49.576,24.31,28.43,30.12,29.43,3.43,28.86,928.1,24.5,-40.0,0.0,0.0,0.0,1.0,0.0,605.0
2026-07-21 16:21:49.776,24.37,28.5,30.12,29.43,3.43,28.86,928.1,24.5,-40.0,0.0,0.0,0.0,1.0,0.0,605.0
2026-07-21 16:21:49.976,24.37,28.5,30.12,29.43,3.43,28.85,928.1,24.2,-40.0,0.0,0.0,0.0,1.0,0.0,606.0
2026-07-21 16:21:50.177,24.37,28.5,30.12,29.43,3.43,28.85,928.1,24.2,-40.0,0.0,0.0,0.0,1.0,0.0,606.0
2026-07-21 16:21:50.376,24.37,28.5,30.12,29.43,3.43,28.85,928.1,24.2,-40.0,0.0,0.0,0.0,1.0,0.0,606.0
2026-07-21 16:21:50.600,24.37,28.5,30.12,29.43,3.43,28.84,928.2,24.3,-40.0,0.0,0.0,0.0,1.0,0.0,606.0
2026-07-21 16:21:50.776,24.31,28.5,30.12,29.43,3.5,28.84,928.2,24.3,-40.0,0.0,0.0,0.0,1.0,0.0,606.0
2026-07-21 16:21:50.976,24.31,28.5,30.12,29.43,3.5,28.84,928.2,24.5,-40.0,0.0,0.0,0.0,1.0,0.0,607.0
2026-07-21 16:21:51.176,24.31,28.5,30.12,29.43,3.5,28.84,928.2,24.5,-40.0,0.0,0.0,0.0,1.0,0.0,607.0
2026-07-21 16:21:51.376,24.31,28.5,30.12,29.43,3.5,28.84,928.2,24.5,-40.0,0.0,0.0,0.0,1.0,0.0,607.0
2026-07-21 16:21:51.576,24.31,28.5,30.12,29.43,3.5,28.84,928.2,24.0,-40.0,0.0,0.0,0.0,1.0,0.0,607.0
2026-07-21 16:21:51.777,24.31,28.43,30.12,29.43,3.5,28.84,928.2,24.0,-40.0,0.0,0.0,0.0,1.0,0.0,607.0
2026-07-21 16:21:51.976,24.31,28.43,30.12,29.43,3.5,28.84,928.2,24.7,-40.0,0.0,0.0,0.0,1.0,0.0,608.0
2026-07-21 16:21:52.177,24.31,28.43,30.12,29.43,3.5,28.84,928.2,24.7,-40.0,0.0,0.0,0.0,1.0,0.0,608.0
2026-07-21 16:21:52.376,24.31,28.43,30.12,29.43,3.5,28.84,928.2,24.7,-40.0,0.0,0.0,0.0,1.0,0.0,608.0
2026-07-21 16:21:52.577,24.31,28.43,30.12,29.43,3.5,28.84,928.2,24.1,-40.0,0.0,0.0,0.0,1.0,0.0,608.0
2026-07-21 16:21:52.776,24.31,28.5,30.12,29.43,3.62,28.84,928.2,24.1,-40.0,0.0,0.0,0.0,1.0,0.0,608.0
2026-07-21 16:21:52.976,24.31,28.5,30.12,29.43,3.62,28.85,928.1,24.1,-40.0,0.0,0.0,0.0,1.0,0.0,609.0
2026-07-21 16:21:53.176,24.31,28.5,30.12,29.43,3.62,28.85,928.1,24.1,-40.0,0.0,0.0,0.0,1.0,0.0,609.0
2026-07-21 16:21:53.376,24.31,28.5,30.12,29.43,3.62,28.85,928.1,24.1,-40.0,0.0,0.0,0.0,1.0,0.0,609.0
2026-07-21 16:21:53.577,24.31,28.5,30.12,29.43,3.62,28.85,928.2,24.5,-40.0,0.0,0.0,0.0,1.0,0.0,609.0
2026-07-21 16:21:53.776,24.31,28.43,30.12,29.43,3.68,28.85,928.2,24.5,-40.0,0.0,0.0,0.0,1.0,0.0,609.0
2026-07-21 16:21:53.977,24.31,28.43,30.12,29.43,3.68,28.85,928.2,24.5,-40.0,0.0,0.0,0.0,1.0,0.0,610.0
2026-07-21 16:21:54.176,24.31,28.43,30.12,29.43,3.68,28.85,928.2,24.5,-40.0,0.0,0.0,0.0,1.0,0.0,610.0
2026-07-21 16:21:54.376,24.31,28.43,30.12,29.43,3.68,28.85,928.2,24.5,-40.0,0.0,0.0,0.0,1.0,0.0,610.0
2026-07-21 16:21:54.576,24.31,28.43,30.12,29.43,3.68,28.85,928.2,24.2,-40.0,0.0,0.0,0.0,1.0,0.0,610.0
2026-07-21 16:21:54.777,24.37,28.5,30.12,29.43,3.75,28.85,928.2,24.2,-40.0,0.0,0.0,0.0,1.0,0.0,610.0
2026-07-21 16:21:54.976,24.37,28.5,30.12,29.43,3.75,28.85,928.1,24.5,-40.0,0.0,0.0,0.0,1.0,0.0,611.0
2026-07-21 16:21:55.217,24.37,28.5,30.12,29.43,3.75,28.85,928.1,24.5,-40.0,0.0,0.0,0.0,1.0,0.0,611.0
2026-07-21 16:21:55.375,24.37,28.5,30.12,29.43,3.75,28.85,928.1,24.5,-40.0,0.0,0.0,0.0,1.0,0.0,611.0
2026-07-21 16:21:55.577,24.37,28.5,30.12,29.43,3.75,28.86,928.2,24.3,-40.0,0.0,0.0,0.0,1.0,0.0,611.0
2026-07-21 16:21:55.819,24.37,28.43,30.12,29.43,3.81,28.86,928.2,24.3,-40.0,0.0,0.0,0.0,1.0,0.0,611.0
2026-07-21 16:21:55.976,24.37,28.43,30.12,29.43,3.81,28.86,928.2,24.2,-40.0,0.0,0.0,0.0,1.0,0.0,612.0
2026-07-21 16:21:56.177,24.37,28.43,30.12,29.43,3.81,28.86,928.2,24.2,-40.0,0.0,0.0,0.0,1.0,0.0,612.0
2026-07-21 16:21:56.419,24.37,28.43,30.12,29.43,3.81,28.86,928.2,24.2,-40.0,0.0,0.0,0.0,1.0,0.0,612.0
2026-07-21 16:21:56.577,24.37,28.43,30.12,29.43,3.81,28.84,928.2,24.2,-40.0,0.0,0.0,0.0,1.0,0.0,612.0
2026-07-21 16:21:56.776,24.37,28.43,30.12,29.43,3.93,28.84,928.2,24.2,-40.0,0.0,0.0,0.0,1.0,0.0,612.0
2026-07-21 16:21:56.983,24.37,28.43,30.12,29.43,3.93,28.86,928.2,24.1,-40.0,0.0,0.0,0.0,1.0,0.0,613.0
2026-07-21 16:21:57.176,24.37,28.43,30.12,29.43,3.93,28.86,928.2,24.1,-40.0,0.0,0.0,0.0,1.0,0.0,613.0
2026-07-21 16:21:57.420,24.37,28.43,30.12,29.43,3.93,28.86,928.2,24.1,-40.0,0.0,0.0,0.0,1.0,0.0,613.0
2026-07-21 16:21:57.576,24.37,28.43,30.12,29.43,3.93,28.85,928.2,24.4,-40.0,0.0,0.0,0.0,1.0,0.0,613.0
2026-07-21 16:21:57.776,24.37,28.5,30.18,29.43,4.06,28.85,928.2,24.4,-40.0,0.0,0.0,0.0,1.0,0.0,613.0
2026-07-21 16:21:58.017,24.37,28.5,30.18,29.43,4.06,28.86,928.2,24.2,-40.0,0.0,0.0,0.0,1.0,0.0,614.0
2026-07-21 16:21:58.176,24.37,28.5,30.18,29.43,4.06,28.86,928.2,24.2,-40.0,0.0,0.0,0.0,1.0,0.0,614.0
2026-07-21 16:21:58.376,24.37,28.5,30.18,29.43,4.06,28.86,928.2,24.2,-40.0,0.0,0.0,0.0,1.0,0.0,614.0
2026-07-21 16:21:58.612,24.37,28.5,30.18,29.43,4.06,28.85,928.2,24.7,-40.0,0.0,0.0,0.0,1.0,0.0,614.0
2026-07-21 16:21:58.777,24.37,28.5,30.12,29.43,4.18,28.85,928.2,24.7,-40.0,0.0,0.0,0.0,1.0,0.0,614.0
2026-07-21 16:21:58.976,24.37,28.5,30.12,29.43,4.18,28.86,928.2,24.6,-40.0,0.0,0.0,0.0,1.0,0.0,615.0
2026-07-21 16:21:59.192,24.37,28.5,30.12,29.43,4.18,28.86,928.2,24.6,-40.0,0.0,0.0,0.0,1.0,0.0,615.0
2026-07-21 16:21:59.376,24.37,28.5,30.12,29.43,4.18,28.86,928.2,24.6,-40.0,0.0,0.0,0.0,1.0,0.0,615.0
2026-07-21 16:21:59.576,24.37,28.5,30.12,29.43,4.18,28.86,928.2,23.9,-40.0,0.0,0.0,0.0,1.0,0.0,615.0
2026-07-21 16:21:59.776,24.37,28.43,30.12,29.43,4.31,28.86,928.2,23.9,-40.0,0.0,0.0,0.0,1.0,0.0,615.0
2026-07-21 16:21:59.976,24.37,28.43,30.12,29.43,4.31,28.86,928.1,24.2,-40.0,0.0,0.0,0.0,1.0,0.0,616.0
2026-07-21 16:22:00.177,24.37,28.43,30.12,29.43,4.31,28.86,928.1,24.2,-40.0,0.0,0.0,0.0,1.0,0.0,616.0
2026-07-21 16:22:00.377,24.37,28.43,30.12,29.43,4.31,28.86,928.1,24.2,-40.0,0.0,0.0,0.0,1.0,0.0,616.0
2026-07-21 16:22:00.576,24.37,28.43,30.12,29.43,4.31,28.85,928.2,24.9,-40.0,0.0,0.0,0.0,1.0,0.0,616.0
2026-07-21 16:22:00.776,24.37,28.5,30.12,29.43,4.37,28.85,928.2,24.9,-40.0,0.0,0.0,0.0,1.0,0.0,616.0
2026-07-21 16:22:00.976,24.37,28.5,30.12,29.43,4.37,28.86,928.2,24.3,-40.0,0.0,0.0,0.0,1.0,0.0,617.0
2026-07-21 16:22:01.176,24.37,28.5,30.12,29.43,4.37,28.86,928.2,24.3,-40.0,0.0,0.0,0.0,1.0,0.0,617.0
2026-07-21 16:22:01.427,24.37,28.5,30.12,29.43,4.37,28.86,928.2,24.3,-40.0,0.0,0.0,0.0,1.0,0.0,617.0
2026-07-21 16:22:01.576,24.37,28.5,30.12,29.43,4.37,28.85,928.2,24.1,-40.0,0.0,0.0,0.0,1.0,0.0,617.0
2026-07-21 16:22:01.776,24.37,28.5,30.12,29.43,4.5,28.85,928.2,24.1,-40.0,0.0,0.0,0.0,1.0,0.0,617.0
2026-07-21 16:22:02.012,24.37,28.5,30.12,29.43,4.5,28.84,928.2,24.5,-40.0,0.0,0.0,0.0,1.0,0.0,618.0
2026-07-21 16:22:02.176,24.37,28.5,30.12,29.43,4.5,28.84,928.2,24.5,-40.0,0.0,0.0,0.0,1.0,0.0,618.0
2026-07-21 16:22:02.376,24.37,28.5,30.12,29.43,4.5,28.84,928.2,24.5,-40.0,0.0,0.0,0.0,1.0,0.0,618.0
2026-07-21 16:22:02.621,24.37,28.5,30.12,29.43,4.5,28.85,928.2,24.0,-40.0,0.0,0.0,0.0,1.0,0.0,618.0
2026-07-21 16:22:02.776,24.43,28.5,30.12,29.43,4.62,28.85,928.2,24.0,-40.0,0.0,0.0,0.0,1.0,0.0,618.0
2026-07-21 16:22:02.976,24.43,28.5,30.12,29.43,4.62,28.85,928.2,24.4,-40.0,0.0,0.0,0.0,1.0,0.0,619.0
2026-07-21 16:22:03.176,24.43,28.5,30.12,29.43,4.62,28.85,928.2,24.4,-40.0,0.0,0.0,0.0,1.0,0.0,619.0
2026-07-21 16:22:03.376,24.43,28.5,30.12,29.43,4.62,28.85,928.2,24.4,-40.0,0.0,0.0,0.0,1.0,0.0,619.0
2026-07-21 16:22:03.611,24.43,28.5,30.12,29.43,4.62,28.86,928.2,24.1,-40.0,0.0,0.0,0.0,1.0,0.0,619.0
2026-07-21 16:22:03.776,24.43,28.5,30.12,29.43,4.75,28.86,928.2,24.1,-40.0,0.0,0.0,0.0,1.0,0.0,619.0
2026-07-21 16:22:03.976,24.43,28.5,30.12,29.43,4.75,28.85,928.2,23.9,-40.0,0.0,0.0,0.0,1.0,0.0,620.0
2026-07-21 16:22:04.215,24.43,28.5,30.12,29.43,4.75,28.85,928.2,23.9,-40.0,0.0,0.0,0.0,1.0,0.0,620.0
2026-07-21 16:22:04.375,24.43,28.5,30.12,29.43,4.75,28.85,928.2,23.9,-40.0,0.0,0.0,0.0,1.0,0.0,620.0
2026-07-21 16:22:04.577,24.43,28.5,30.12,29.43,4.75,28.85,928.2,24.6,-40.0,0.0,0.0,0.0,1.0,0.0,620.0
2026-07-21 16:22:04.786,24.43,28.5,30.12,29.43,4.87,28.85,928.2,24.6,-40.0,0.0,0.0,0.0,1.0,0.0,620.0
2026-07-21 16:22:04.977,24.43,28.5,30.12,29.43,4.87,28.86,928.2,24.3,-40.0,0.0,0.0,0.0,1.0,0.0,621.0
2026-07-21 16:22:05.176,24.43,28.5,30.12,29.43,4.87,28.86,928.2,24.3,-40.0,0.0,0.0,0.0,1.0,0.0,621.0
2026-07-21 16:22:05.385,24.43,28.5,30.12,29.43,4.87,28.86,928.2,24.3,-40.0,0.0,0.0,0.0,1.0,0.0,621.0
2026-07-21 16:22:05.576,24.43,28.5,30.12,29.43,4.87,28.85,928.2,24.6,-40.0,0.0,0.0,0.0,1.0,0.0,621.0
2026-07-21 16:22:05.776,24.43,28.5,30.12,29.5,5.0,28.85,928.2,24.6,-40.0,0.0,0.0,0.0,1.0,0.0,621.0
2026-07-21 16:22:05.976,24.43,28.5,30.12,29.5,5.0,28.86,928.2,24.6,-40.0,0.0,0.0,0.0,1.0,0.0,622.0
2026-07-21 16:22:06.176,24.43,28.5,30.12,29.5,5.0,28.86,928.2,24.6,-40.0,0.0,0.0,0.0,1.0,0.0,622.0
2026-07-21 16:22:06.376,24.43,28.5,30.12,29.5,5.0,28.86,928.2,24.6,-40.0,0.0,0.0,0.0,1.0,0.0,622.0
2026-07-21 16:22:06.590,24.43,28.5,30.12,29.5,5.0,28.86,928.2,24.3,-40.0,0.0,0.0,0.0,1.0,0.0,622.0
2026-07-21 16:22:06.777,24.43,28.5,30.12,29.43,5.12,28.86,928.2,24.3,-40.0,0.0,0.0,0.0,1.0,0.0,622.0
2026-07-21 16:22:06.976,24.43,28.5,30.12,29.43,5.12,28.86,928.2,24.8,-40.0,0.0,0.0,0.0,1.0,0.0,623.0
2026-07-21 16:22:07.208,24.43,28.5,30.12,29.43,5.12,28.86,928.2,24.8,-40.0,0.0,0.0,0.0,1.0,0.0,623.0
2026-07-21 16:22:07.376,24.43,28.5,30.12,29.43,5.12,28.86,928.2,24.8,-40.0,0.0,0.0,0.0,1.0,0.0,623.0
2026-07-21 16:22:07.607,24.43,28.5,30.12,29.43,5.12,28.85,928.2,23.9,-40.0,0.0,0.0,0.0,1.0,0.0,623.0
2026-07-21 16:22:07.776,24.43,28.5,30.18,29.43,5.25,28.85,928.2,23.9,-40.0,0.0,0.0,0.0,1.0,0.0,623.0
2026-07-21 16:22:07.976,24.43,28.5,30.18,29.43,5.25,28.86,928.2,24.4,-40.0,0.0,0.0,0.0,1.0,0.0,624.0
2026-07-21 16:22:08.177,24.43,28.5,30.18,29.43,5.25,28.86,928.2,24.4,-40.0,0.0,0.0,0.0,1.0,0.0,624.0
2026-07-21 16:22:08.376,24.43,28.5,30.18,29.43,5.25,28.86,928.2,24.4,-40.0,0.0,0.0,0.0,1.0,0.0,624.0
2026-07-21 16:22:08.576,24.43,28.5,30.18,29.43,5.25,28.85,928.2,24.6,-40.0,0.0,0.0,0.0,1.0,0.0,624.0
2026-07-21 16:22:08.777,24.5,28.5,30.12,29.43,5.37,28.85,928.2,24.6,-40.0,0.0,0.0,0.0,1.0,0.0,624.0
2026-07-21 16:22:08.977,24.5,28.5,30.12,29.43,5.37,28.86,928.2,24.2,-40.0,0.0,0.0,0.0,1.0,0.0,625.0
2026-07-21 16:22:09.176,24.5,28.5,30.12,29.43,5.37,28.86,928.2,24.2,-40.0,0.0,0.0,0.0,1.0,0.0,625.0
2026-07-21 16:22:09.377,24.5,28.5,30.12,29.43,5.37,28.86,928.2,24.2,-40.0,0.0,0.0,0.0,1.0,0.0,625.0
2026-07-21 16:22:09.576,24.5,28.5,30.12,29.43,5.37,28.85,928.2,24.1,-40.0,0.0,0.0,0.0,1.0,0.0,625.0
2026-07-21 16:22:09.776,24.5,28.5,30.12,29.5,5.5,28.85,928.2,24.1,-40.0,0.0,0.0,0.0,1.0,0.0,625.0
2026-07-21 16:22:09.976,24.5,28.5,30.12,29.5,5.5,28.85,928.2,24.4,-40.0,0.0,0.0,0.0,1.0,0.0,626.0
2026-07-21 16:22:10.175,24.5,28.5,30.12,29.5,5.5,28.85,928.2,24.4,-40.0,0.0,0.0,0.0,1.0,0.0,626.0
2026-07-21 16:22:10.375,24.5,28.5,30.12,29.5,5.5,28.85,928.2,24.4,-40.0,0.0,0.0,0.0,1.0,0.0,626.0
2026-07-21 16:22:10.576,24.5,28.5,30.12,29.5,5.5,28.86,928.2,24.2,-40.0,0.0,0.0,0.0,1.0,0.0,626.0
2026-07-21 16:22:10.776,24.5,28.5,30.12,29.43,5.62,28.86,928.2,24.2,-40.0,0.0,0.0,0.0,1.0,0.0,626.0
2026-07-21 16:22:10.976,24.5,28.5,30.12,29.43,5.62,28.84,928.1,24.1,-40.0,0.0,0.0,0.0,1.0,0.0,627.0
2026-07-21 16:22:11.175,24.5,28.5,30.12,29.43,5.62,28.84,928.1,24.1,-40.0,0.0,0.0,0.0,1.0,0.0,627.0
2026-07-21 16:22:11.376,24.5,28.5,30.12,29.43,5.62,28.84,928.1,24.1,-40.0,0.0,0.0,0.0,1.0,0.0,627.0
2026-07-21 16:22:11.576,24.5,28.5,30.12,29.43,5.62,28.86,928.2,24.2,-40.0,0.0,0.0,0.0,1.0,0.0,627.0
2026-07-21 16:22:11.776,24.5,28.5,30.12,29.43,5.68,28.86,928.2,24.2,-40.0,0.0,0.0,0.0,1.0,0.0,627.0
2026-07-21 16:22:11.976,24.5,28.5,30.12,29.43,5.68,28.85,928.2,24.2,-40.0,0.0,0.0,0.0,1.0,0.0,628.0
2026-07-21 16:22:12.176,24.5,28.5,30.12,29.43,5.68,28.85,928.2,24.2,-40.0,0.0,0.0,0.0,1.0,0.0,628.0
2026-07-21 16:22:12.376,24.5,28.5,30.12,29.43,5.68,28.85,928.2,24.2,-40.0,0.0,0.0,0.0,1.0,0.0,628.0
2026-07-21 16:22:12.576,24.5,28.5,30.12,29.43,5.68,28.85,928.2,24.3,-40.0,0.0,0.0,0.0,1.0,0.0,628.0
2026-07-21 16:22:12.776,24.5,28.5,30.12,29.43,5.81,28.85,928.2,24.3,-40.0,0.0,0.0,0.0,1.0,0.0,628.0
2026-07-21 16:22:12.976,24.5,28.5,30.12,29.43,5.81,28.86,928.1,24.2,-40.0,0.0,0.0,0.0,1.0,0.0,629.0
2026-07-21 16:22:13.272,24.5,28.5,30.12,29.43,5.81,28.86,928.1,24.2,-40.0,0.0,0.0,0.0,1.0,0.0,629.0
2026-07-21 16:22:13.377,24.5,28.5,30.12,29.43,5.81,28.86,928.1,24.2,-40.0,0.0,0.0,0.0,1.0,0.0,629.0
2026-07-21 16:22:13.576,24.5,28.5,30.12,29.43,5.81,28.86,928.2,24.3,-40.0,0.0,0.0,0.0,1.0,0.0,629.0
2026-07-21 16:22:13.776,24.56,28.5,30.12,29.43,6.0,28.86,928.2,24.3,-40.0,0.0,0.0,0.0,1.0,0.0,629.0
2026-07-21 16:22:13.976,24.56,28.5,30.12,29.43,6.0,28.86,928.2,23.8,-40.0,0.0,0.0,0.0,1.0,0.0,630.0
2026-07-21 16:22:14.214,24.56,28.5,30.12,29.43,6.0,28.86,928.2,23.8,-40.0,0.0,0.0,0.0,1.0,0.0,630.0
2026-07-21 16:22:14.375,24.56,28.5,30.12,29.43,6.0,28.86,928.2,23.8,-40.0,0.0,0.0,0.0,1.0,0.0,630.0
2026-07-21 16:22:14.617,24.56,28.5,30.12,29.43,6.0,28.86,928.1,24.2,-40.0,0.0,0.0,0.0,1.0,0.0,630.0
2026-07-21 16:22:14.775,24.56,28.5,30.12,29.43,6.06,28.86,928.1,24.2,-40.0,0.0,0.0,0.0,1.0,0.0,630.0
2026-07-21 16:22:14.977,24.56,28.5,30.12,29.43,6.06,28.86,928.2,24.7,-40.0,0.0,0.0,0.0,1.0,0.0,631.0
2026-07-21 16:22:15.176,24.56,28.5,30.12,29.43,6.06,28.86,928.2,24.7,-40.0,0.0,0.0,0.0,1.0,0.0,631.0
2026-07-21 16:22:15.376,24.56,28.5,30.12,29.43,6.06,28.86,928.2,24.7,-40.0,0.0,0.0,0.0,1.0,0.0,631.0
2026-07-21 16:22:15.576,24.56,28.5,30.12,29.43,6.06,28.87,928.1,24.7,-40.0,0.0,0.0,0.0,1.0,0.0,631.0
2026-07-21 16:22:15.778,24.56,28.5,30.12,29.43,6.18,28.87,928.1,24.7,-40.0,0.0,0.0,0.0,1.0,0.0,631.0
2026-07-21 16:22:15.975,24.56,28.5,30.12,29.43,6.18,28.85,928.2,24.1,-40.0,0.0,0.0,0.0,1.0,0.0,632.0
2026-07-21 16:22:16.175,24.56,28.5,30.12,29.43,6.18,28.85,928.2,24.1,-40.0,0.0,0.0,0.0,1.0,0.0,632.0
2026-07-21 16:22:16.375,24.56,28.5,30.12,29.43,6.18,28.85,928.2,24.1,-40.0,0.0,0.0,0.0,1.0,0.0,632.0
2026-07-21 16:22:16.575,24.56,28.5,30.12,29.43,6.18,28.85,928.1,24.2,-40.0,0.0,0.0,0.0,1.0,0.0,632.0
2026-07-21 16:22:16.775,24.56,28.5,30.18,29.43,6.31,28.85,928.1,24.2,-40.0,0.0,0.0,0.0,1.0,0.0,632.0
2026-07-21 16:22:16.975,24.56,28.5,30.18,29.43,6.31,28.85,928.2,24.5,-40.0,0.0,0.0,0.0,1.0,0.0,633.0
2026-07-21 16:22:17.175,24.56,28.5,30.18,29.43,6.31,28.85,928.2,24.5,-40.0,0.0,0.0,0.0,1.0,0.0,633.0
2026-07-21 16:22:17.399,24.56,28.5,30.18,29.43,6.31,28.85,928.2,24.5,-40.0,0.0,0.0,0.0,1.0,0.0,633.0
2026-07-21 16:22:17.575,24.56,28.5,30.18,29.43,6.31,28.85,928.2,24.2,-40.0,0.0,0.0,0.0,1.0,0.0,633.0
2026-07-21 16:22:17.775,24.56,28.56,30.12,29.43,6.43,28.85,928.2,24.2,-40.0,0.0,0.0,0.0,1.0,0.0,633.0
2026-07-21 16:22:17.986,24.56,28.56,30.12,29.43,6.43,28.86,928.2,24.4,-40.0,0.0,0.0,0.0,1.0,0.0,634.0
2026-07-21 16:22:18.176,24.56,28.56,30.12,29.43,6.43,28.86,928.2,24.4,-40.0,0.0,0.0,0.0,1.0,0.0,634.0
