timestamp,ds0_c,ds1_c,ds2_c,ds3_c,ds4_c,bme_t_c,bme_p_hpa,bme_h_pct,target_c,comp,comp_allowed,hv,iso_duty,safe,up_s
2026-07-21 16:32:47.209,27.68,29.62,30.0,29.31,24.68,28.87,928.2,24.5,-40.0,0.0,0.0,0.0,0.0,0.0,7.0
2026-07-21 16:32:47.409,27.68,29.62,30.0,29.31,24.68,28.87,928.2,24.5,-40.0,0.0,0.0,0.0,0.0,0.0,7.0
2026-07-21 16:32:47.611,27.68,29.62,30.0,29.31,24.68,28.86,928.2,25.0,-40.0,0.0,0.0,0.0,0.0,0.0,7.0
2026-07-21 16:32:47.893,27.68,29.62,30.0,29.31,24.68,28.86,928.2,25.0,-40.0,0.0,0.0,0.0,0.0,0.0,7.0
2026-07-21 16:32:48.010,27.68,29.62,30.0,29.31,24.68,28.87,928.1,24.6,-40.0,0.0,0.0,0.0,0.0,0.0,8.0
2026-07-21 16:32:48.209,27.68,29.62,30.0,29.31,24.68,28.87,928.1,24.6,-40.0,0.0,0.0,0.0,0.0,0.0,8.0
2026-07-21 16:32:48.409,27.68,29.62,30.0,29.31,24.68,28.87,928.1,24.6,-40.0,0.0,0.0,0.0,0.0,0.0,8.0
2026-07-21 16:32:48.609,27.68,29.62,30.0,29.31,24.68,28.87,928.1,24.6,-40.0,0.0,0.0,0.0,0.0,0.0,8.0
2026-07-21 16:32:48.825,27.68,29.56,30.0,29.31,24.68,28.87,928.1,24.6,-40.0,0.0,0.0,0.0,0.0,0.0,8.0
2026-07-21 16:32:49.009,27.68,29.56,30.0,29.31,24.68,28.87,928.2,24.8,-40.0,0.0,0.0,0.0,0.0,0.0,9.0
2026-07-21 16:32:49.226,27.68,29.56,30.0,29.31,24.68,28.87,928.2,24.8,-40.0,0.0,0.0,0.0,0.0,0.0,9.0
2026-07-21 16:32:49.409,27.68,29.56,30.0,29.31,24.68,28.87,928.2,24.8,-40.0,0.0,0.0,0.0,0.0,0.0,9.0
2026-07-21 16:32:49.609,27.68,29.56,30.0,29.31,24.68,28.86,928.2,25.0,-40.0,0.0,0.0,0.0,0.0,0.0,9.0
2026-07-21 16:32:49.830,27.68,29.62,30.0,29.31,24.68,28.86,928.2,25.0,-40.0,0.0,0.0,0.0,0.0,0.0,9.0
2026-07-21 16:32:50.010,27.68,29.62,30.0,29.31,24.68,28.87,928.2,24.9,-40.0,0.0,0.0,0.0,0.0,0.0,10.0
2026-07-21 16:32:50.209,27.68,29.62,30.0,29.31,24.68,28.87,928.2,24.9,-40.0,0.0,0.0,0.0,0.0,0.0,10.0
2026-07-21 16:32:50.409,27.68,29.62,30.0,29.31,24.68,28.87,928.2,24.9,-40.0,0.0,0.0,0.0,0.0,0.0,10.0
2026-07-21 16:32:50.609,27.68,29.62,30.0,29.31,24.68,28.87,928.2,24.6,-40.0,0.0,0.0,0.0,0.0,0.0,10.0
2026-07-21 16:32:50.808,27.68,29.62,30.0,29.31,24.68,28.87,928.2,24.6,-40.0,0.0,0.0,0.0,0.0,0.0,10.0
2026-07-21 16:32:51.009,27.68,29.62,30.0,29.31,24.68,28.87,928.2,24.4,-40.0,0.0,0.0,0.0,0.0,0.0,11.0
2026-07-21 16:32:51.210,27.68,29.62,30.0,29.31,24.68,28.87,928.2,24.4,-40.0,0.0,0.0,0.0,0.0,0.0,11.0
2026-07-21 16:32:51.408,27.68,29.62,30.0,29.31,24.68,28.87,928.2,24.4,-40.0,0.0,0.0,0.0,0.0,0.0,11.0
2026-07-21 16:32:51.609,27.68,29.62,30.0,29.31,24.68,28.87,928.2,25.2,-40.0,0.0,0.0,0.0,0.0,0.0,11.0
2026-07-21 16:32:51.823,27.68,29.62,30.0,29.31,24.75,28.87,928.2,25.2,-40.0,0.0,0.0,0.0,0.0,0.0,11.0
2026-07-21 16:32:52.010,27.68,29.62,30.0,29.31,24.75,28.87,928.2,24.3,-40.0,0.0,0.0,0.0,0.0,0.0,12.0
2026-07-21 16:32:52.208,27.68,29.62,30.0,29.31,24.75,28.87,928.2,24.3,-40.0,0.0,0.0,0.0,0.0,0.0,12.0
2026-07-21 16:32:52.409,27.68,29.62,30.0,29.31,24.75,28.87,928.2,24.3,-40.0,0.0,0.0,0.0,0.0,0.0,12.0
2026-07-21 16:32:52.609,27.68,29.62,30.0,29.31,24.75,28.87,928.2,24.7,-40.0,0.0,0.0,0.0,0.0,0.0,12.0
2026-07-21 16:32:52.808,27.68,29.56,30.0,29.31,24.75,28.87,928.2,24.7,-40.0,0.0,0.0,0.0,0.0,0.0,12.0
2026-07-21 16:32:53.009,27.68,29.56,30.0,29.31,24.75,28.87,928.2,24.4,-40.0,0.0,0.0,0.0,0.0,0.0,13.0
2026-07-21 16:32:53.210,27.68,29.56,30.0,29.31,24.75,28.87,928.2,24.4,-40.0,0.0,0.0,0.0,0.0,0.0,13.0
2026-07-21 16:32:53.426,27.68,29.56,30.0,29.31,24.75,28.87,928.2,24.4,-40.0,0.0,0.0,0.0,0.0,0.0,13.0
2026-07-21 16:32:53.609,27.68,29.56,30.0,29.31,24.75,28.87,928.2,24.2,-40.0,0.0,0.0,0.0,0.0,0.0,13.0
2026-07-21 16:32:53.808,27.68,29.62,30.0,29.31,24.75,28.87,928.2,24.2,-40.0,0.0,0.0,0.0,0.0,0.0,13.0
2026-07-21 16:32:54.009,27.68,29.62,30.0,29.31,24.75,28.87,928.2,24.9,-40.0,0.0,0.0,0.0,0.0,0.0,14.0
2026-07-21 16:32:54.208,27.68,29.62,30.0,29.31,24.75,28.87,928.2,24.9,-40.0,0.0,0.0,0.0,0.0,0.0,14.0
2026-07-21 16:32:54.409,27.68,29.62,30.0,29.31,24.75,28.87,928.2,24.9,-40.0,0.0,0.0,0.0,0.0,0.0,14.0
2026-07-21 16:32:54.609,27.68,29.62,30.0,29.31,24.75,28.86,928.2,24.5,-40.0,0.0,0.0,0.0,0.0,0.0,14.0
2026-07-21 16:32:54.808,27.68,29.62,30.0,29.31,24.75,28.86,928.2,24.5,-40.0,0.0,0.0,0.0,0.0,0.0,14.0
2026-07-21 16:32:55.009,27.68,29.62,30.0,29.31,24.75,28.87,928.2,24.7,-40.0,0.0,0.0,0.0,0.0,0.0,15.0
2026-07-21 16:32:55.209,27.68,29.62,30.0,29.31,24.75,28.87,928.2,24.7,-40.0,0.0,0.0,0.0,0.0,0.0,15.0
2026-07-21 16:32:55.409,27.68,29.62,30.0,29.31,24.75,28.87,928.2,24.7,-40.0,0.0,0.0,0.0,0.0,0.0,15.0
2026-07-21 16:32:55.630,27.68,29.62,30.0,29.31,24.75,28.87,928.2,24.9,-40.0,0.0,0.0,0.0,0.0,0.0,15.0
2026-07-21 16:32:55.808,27.68,29.62,30.0,29.31,24.81,28.87,928.2,24.9,-40.0,0.0,0.0,0.0,0.0,0.0,15.0
2026-07-21 16:32:56.009,27.68,29.62,30.0,29.31,24.81,28.87,928.1,24.7,-40.0,0.0,0.0,0.0,0.0,0.0,16.0
2026-07-21 16:32:56.209,27.68,29.62,30.0,29.31,24.81,28.87,928.1,24.7,-40.0,0.0,0.0,0.0,0.0,0.0,16.0
2026-07-21 16:32:56.409,27.68,29.62,30.0,29.31,24.81,28.87,928.1,24.7,-40.0,0.0,0.0,0.0,0.0,0.0,16.0
2026-07-21 16:32:56.609,27.68,29.62,30.0,29.31,24.81,28.87,928.2,24.8,-40.0,0.0,0.0,0.0,0.0,0.0,16.0
2026-07-21 16:32:56.808,27.68,29.62,30.0,29.31,24.87,28.87,928.2,24.8,-40.0,0.0,0.0,0.0,0.0,0.0,16.0
2026-07-21 16:32:57.009,27.68,29.62,30.0,29.31,24.87,28.87,928.2,24.9,-40.0,0.0,0.0,0.0,0.0,0.0,17.0
2026-07-21 16:32:57.209,27.68,29.62,30.0,29.31,24.87,28.87,928.2,24.9,-40.0,0.0,0.0,0.0,0.0,0.0,17.0
2026-07-21 16:32:57.409,27.68,29.62,30.0,29.31,24.87,28.87,928.2,24.9,-40.0,0.0,0.0,0.0,0.0,0.0,17.0
2026-07-21 16:32:57.609,27.68,29.62,30.0,29.31,24.87,28.87,928.2,24.9,-40.0,0.0,0.0,0.0,0.0,0.0,17.0
2026-07-21 16:32:57.808,27.68,29.62,30.0,29.31,24.93,28.87,928.2,24.9,-40.0,0.0,0.0,0.0,0.0,0.0,17.0
2026-07-21 16:32:58.009,27.68,29.62,30.0,29.31,24.93,28.87,928.2,24.8,-40.0,0.0,0.0,0.0,0.0,0.0,18.0
2026-07-21 16:32:58.208,27.68,29.62,30.0,29.31,24.93,28.87,928.2,24.8,-40.0,0.0,0.0,0.0,0.0,0.0,18.0
2026-07-21 16:32:58.409,27.68,29.62,30.0,29.31,24.93,28.87,928.2,24.8,-40.0,0.0,0.0,0.0,0.0,0.0,18.0
2026-07-21 16:32:58.608,27.68,29.62,30.0,29.31,24.93,28.87,928.2,24.9,-40.0,0.0,0.0,0.0,0.0,0.0,18.0
2026-07-21 16:32:58.808,27.68,29.56,30.0,29.31,24.93,28.87,928.2,24.9,-40.0,0.0,0.0,0.0,0.0,0.0,18.0
2026-07-21 16:32:59.010,27.68,29.56,30.0,29.31,24.93,28.87,928.1,24.7,-40.0,0.0,0.0,0.0,0.0,0.0,19.0
2026-07-21 16:32:59.208,27.68,29.56,30.0,29.31,24.93,28.87,928.1,24.7,-40.0,0.0,0.0,0.0,0.0,0.0,19.0
2026-07-21 16:32:59.408,27.68,29.56,30.0,29.31,24.93,28.87,928.1,24.7,-40.0,0.0,0.0,0.0,0.0,0.0,19.0
2026-07-21 16:32:59.610,27.68,29.56,30.0,29.31,24.93,28.87,928.2,24.9,-40.0,0.0,0.0,0.0,0.0,0.0,19.0
2026-07-21 16:32:59.808,27.68,29.56,30.0,29.31,25.06,28.87,928.2,24.9,-40.0,0.0,0.0,0.0,0.0,0.0,19.0
2026-07-21 16:33:00.010,27.68,29.56,30.0,29.31,25.06,28.87,928.2,24.6,-40.0,0.0,0.0,0.0,0.0,0.0,20.0
2026-07-21 16:33:00.208,27.68,29.56,30.0,29.31,25.06,28.87,928.2,24.6,-40.0,0.0,0.0,0.0,0.0,0.0,20.0
2026-07-21 16:33:00.416,27.68,29.56,30.0,29.31,25.06,28.87,928.2,24.6,-40.0,0.0,0.0,0.0,0.0,0.0,20.0
2026-07-21 16:33:00.608,27.68,29.56,30.0,29.31,25.06,28.87,928.2,24.5,-40.0,0.0,0.0,0.0,0.0,0.0,20.0
2026-07-21 16:33:00.808,27.68,29.56,30.0,29.31,25.06,28.87,928.2,24.5,-40.0,0.0,0.0,0.0,0.0,0.0,20.0
2026-07-21 16:33:01.010,27.68,29.56,30.0,29.31,25.06,28.87,928.2,24.9,-40.0,0.0,0.0,0.0,0.0,0.0,21.0
2026-07-21 16:33:01.208,27.68,29.56,30.0,29.31,25.06,28.87,928.2,24.9,-40.0,0.0,0.0,0.0,0.0,0.0,21.0
2026-07-21 16:33:01.409,27.68,29.56,30.0,29.31,25.06,28.87,928.2,24.9,-40.0,0.0,0.0,0.0,0.0,0.0,21.0
2026-07-21 16:33:01.609,27.68,29.56,30.0,29.31,25.06,28.87,928.2,24.8,-40.0,0.0,0.0,0.0,0.0,0.0,21.0
2026-07-21 16:33:01.808,27.68,29.62,29.93,29.31,25.12,28.87,928.2,24.8,-40.0,0.0,0.0,0.0,0.0,0.0,21.0
2026-07-21 16:33:02.041,27.68,29.62,29.93,29.31,25.12,28.86,928.2,25.0,-40.0,0.0,0.0,0.0,0.0,0.0,22.0
2026-07-21 16:33:02.208,27.68,29.62,29.93,29.31,25.12,28.86,928.2,25.0,-40.0,0.0,0.0,0.0,0.0,0.0,22.0
2026-07-21 16:33:02.409,27.68,29.62,29.93,29.31,25.12,28.86,928.2,25.0,-40.0,0.0,0.0,0.0,0.0,0.0,22.0
2026-07-21 16:33:02.622,27.68,29.62,29.93,29.31,25.12,28.87,928.1,25.0,-40.0,0.0,0.0,0.0,0.0,0.0,22.0
2026-07-21 16:33:02.808,27.68,29.62,30.0,29.31,25.12,28.87,928.1,25.0,-40.0,0.0,0.0,0.0,0.0,0.0,22.0
2026-07-21 16:33:03.010,27.68,29.62,30.0,29.31,25.12,28.87,928.2,24.3,-40.0,0.0,0.0,0.0,0.0,0.0,23.0
2026-07-21 16:33:03.209,27.68,29.62,30.0,29.31,25.12,28.87,928.2,24.3,-40.0,0.0,0.0,0.0,0.0,0.0,23.0
2026-07-21 16:33:03.408,27.68,29.62,30.0,29.31,25.12,28.87,928.2,24.3,-40.0,0.0,0.0,0.0,0.0,0.0,23.0
2026-07-21 16:33:03.609,27.68,29.62,30.0,29.31,25.12,28.87,928.2,24.9,-40.0,0.0,0.0,0.0,0.0,0.0,23.0
2026-07-21 16:33:03.808,27.68,29.56,30.0,29.31,25.18,28.87,928.2,24.9,-40.0,0.0,0.0,0.0,0.0,0.0,23.0
2026-07-21 16:33:04.010,27.68,29.56,30.0,29.31,25.18,28.88,928.1,25.0,-40.0,0.0,0.0,0.0,0.0,0.0,24.0
2026-07-21 16:33:04.208,27.68,29.56,30.0,29.31,25.18,28.88,928.1,25.0,-40.0,0.0,0.0,0.0,0.0,0.0,24.0
2026-07-21 16:33:04.409,27.68,29.56,30.0,29.31,25.18,28.88,928.1,25.0,-40.0,0.0,0.0,0.0,0.0,0.0,24.0
2026-07-21 16:33:04.609,27.68,29.56,30.0,29.31,25.18,28.87,928.2,24.2,-40.0,0.0,0.0,0.0,0.0,0.0,24.0
2026-07-21 16:33:04.807,27.75,29.56,29.93,29.31,25.18,28.87,928.2,24.2,-40.0,0.0,0.0,0.0,0.0,0.0,24.0
2026-07-21 16:33:05.019,27.75,29.56,29.93,29.31,25.18,28.87,928.2,25.0,-40.0,0.0,0.0,0.0,0.0,0.0,25.0
2026-07-21 16:33:05.209,27.75,29.56,29.93,29.31,25.18,28.87,928.2,25.0,-40.0,0.0,0.0,0.0,0.0,0.0,25.0
2026-07-21 16:33:05.409,27.75,29.56,29.93,29.31,25.18,28.87,928.2,25.0,-40.0,0.0,0.0,0.0,0.0,0.0,25.0
2026-07-21 16:33:05.609,27.75,29.56,29.93,29.31,25.18,28.87,928.1,25.1,-40.0,0.0,0.0,0.0,0.0,0.0,25.0
2026-07-21 16:33:05.809,27.68,29.56,30.0,29.31,25.18,28.87,928.1,25.1,-40.0,0.0,0.0,0.0,0.0,0.0,25.0
2026-07-21 16:33:06.010,27.68,29.56,30.0,29.31,25.18,28.87,928.2,24.6,-40.0,0.0,0.0,0.0,0.0,0.0,26.0
2026-07-21 16:33:06.209,27.68,29.56,30.0,29.31,25.18,28.87,928.2,24.6,-40.0,0.0,0.0,0.0,0.0,0.0,26.0
2026-07-21 16:33:06.409,27.68,29.56,30.0,29.31,25.18,28.87,928.2,24.6,-40.0,0.0,0.0,0.0,0.0,0.0,26.0
2026-07-21 16:33:06.640,27.68,29.56,30.0,29.31,25.18,28.87,928.2,25.0,-40.0,0.0,0.0,0.0,0.0,0.0,26.0
2026-07-21 16:33:06.808,27.75,29.62,30.0,29.31,25.25,28.87,928.2,25.0,-40.0,0.0,0.0,0.0,0.0,0.0,26.0
2026-07-21 16:33:07.010,27.75,29.62,30.0,29.31,25.25,28.87,928.2,24.5,-40.0,0.0,0.0,0.0,0.0,0.0,27.0
2026-07-21 16:33:07.234,27.75,29.62,30.0,29.31,25.25,28.87,928.2,24.5,-40.0,0.0,0.0,0.0,0.0,0.0,27.0
2026-07-21 16:33:07.409,27.75,29.62,30.0,29.31,25.25,28.87,928.2,24.5,-40.0,0.0,0.0,0.0,0.0,0.0,27.0
2026-07-21 16:33:07.609,27.75,29.62,30.0,29.31,25.25,28.87,928.1,24.9,-40.0,0.0,0.0,0.0,0.0,0.0,27.0
2026-07-21 16:33:07.808,27.68,29.62,30.0,29.31,25.25,28.87,928.1,24.9,-40.0,0.0,0.0,0.0,0.0,0.0,27.0
2026-07-21 16:33:08.010,27.68,29.62,30.0,29.31,25.25,28.87,928.1,24.5,-40.0,0.0,0.0,0.0,0.0,0.0,28.0
2026-07-21 16:33:08.209,27.68,29.62,30.0,29.31,25.25,28.87,928.1,24.5,-40.0,0.0,0.0,0.0,0.0,0.0,28.0
2026-07-21 16:33:08.409,27.68,29.62,30.0,29.31,25.25,28.87,928.1,24.5,-40.0,0.0,0.0,0.0,0.0,0.0,28.0
2026-07-21 16:33:08.608,27.68,29.62,30.0,29.31,25.25,28.87,928.2,24.7,-40.0,0.0,0.0,0.0,0.0,0.0,28.0
2026-07-21 16:33:08.808,27.68,29.62,30.0,29.37,25.25,28.87,928.2,24.7,-40.0,0.0,0.0,0.0,0.0,0.0,28.0
2026-07-21 16:33:09.010,27.68,29.62,30.0,29.37,25.25,28.87,928.2,25.0,-40.0,0.0,0.0,0.0,0.0,0.0,29.0
2026-07-21 16:33:09.209,27.68,29.62,30.0,29.37,25.25,28.87,928.2,25.0,-40.0,0.0,0.0,0.0,0.0,0.0,29.0
2026-07-21 16:33:09.409,27.68,29.62,30.0,29.37,25.25,28.87,928.2,25.0,-40.0,0.0,0.0,0.0,0.0,0.0,29.0
2026-07-21 16:33:09.610,27.68,29.62,30.0,29.37,25.25,28.87,928.2,25.0,-40.0,0.0,0.0,0.0,0.0,0.0,29.0
2026-07-21 16:33:09.819,27.68,29.62,30.06,29.31,25.25,28.87,928.2,25.0,-40.0,0.0,0.0,0.0,0.0,0.0,29.0
2026-07-21 16:33:10.009,27.68,29.62,30.06,29.31,25.25,28.87,928.2,24.5,-40.0,0.0,0.0,0.0,0.0,0.0,30.0
2026-07-21 16:33:10.209,27.68,29.62,30.06,29.31,25.25,28.87,928.2,24.5,-40.0,0.0,0.0,0.0,0.0,0.0,30.0
2026-07-21 16:33:10.408,27.68,29.62,30.06,29.31,25.25,28.87,928.2,24.5,-40.0,0.0,0.0,0.0,0.0,0.0,30.0
2026-07-21 16:33:10.609,27.68,29.62,30.06,29.31,25.25,28.87,928.2,25.1,-40.0,0.0,0.0,0.0,0.0,0.0,30.0
2026-07-21 16:33:10.807,27.75,29.62,30.0,29.31,25.25,28.87,928.2,25.1,-40.0,0.0,0.0,0.0,0.0,0.0,30.0
2026-07-21 16:33:11.010,27.75,29.62,30.0,29.31,25.25,28.87,928.2,25.0,-40.0,0.0,0.0,0.0,0.0,0.0,31.0
2026-07-21 16:33:11.208,27.75,29.62,30.0,29.31,25.25,28.87,928.2,25.0,-40.0,0.0,0.0,0.0,0.0,0.0,31.0
2026-07-21 16:33:11.409,27.75,29.62,30.0,29.31,25.25,28.87,928.2,25.0,-40.0,0.0,0.0,0.0,0.0,0.0,31.0
2026-07-21 16:33:11.609,27.75,29.62,30.0,29.31,25.25,28.87,928.2,25.1,-40.0,0.0,0.0,0.0,0.0,0.0,31.0
2026-07-21 16:33:11.808,27.68,29.62,30.0,29.31,25.25,28.87,928.2,25.1,-40.0,0.0,0.0,0.0,0.0,0.0,31.0
2026-07-21 16:33:12.010,27.68,29.62,30.0,29.31,25.25,28.87,928.2,24.9,-40.0,0.0,0.0,0.0,0.0,0.0,32.0
2026-07-21 16:33:12.208,27.68,29.62,30.0,29.31,25.25,28.87,928.2,24.9,-40.0,0.0,0.0,0.0,0.0,0.0,32.0
2026-07-21 16:33:12.412,27.68,29.62,30.0,29.31,25.25,28.87,928.2,24.9,-40.0,0.0,0.0,0.0,0.0,0.0,32.0
2026-07-21 16:33:12.608,27.68,29.62,30.0,29.31,25.25,28.87,928.1,25.1,-40.0,0.0,0.0,0.0,0.0,0.0,32.0
2026-07-21 16:33:12.808,27.75,29.62,30.0,29.31,25.31,28.87,928.1,25.1,-40.0,0.0,0.0,0.0,0.0,0.0,32.0
2026-07-21 16:33:13.017,27.75,29.62,30.0,29.31,25.31,28.87,928.1,25.3,-40.0,0.0,0.0,0.0,0.0,0.0,33.0
2026-07-21 16:33:13.209,27.75,29.62,30.0,29.31,25.31,28.87,928.1,25.3,-40.0,0.0,0.0,0.0,0.0,0.0,33.0
2026-07-21 16:33:13.409,27.75,29.62,30.0,29.31,25.31,28.87,928.1,25.3,-40.0,0.0,0.0,0.0,0.0,0.0,33.0
2026-07-21 16:33:13.609,27.75,29.62,30.0,29.31,25.31,28.87,928.1,25.1,-40.0,0.0,0.0,0.0,0.0,0.0,33.0
2026-07-21 16:33:13.808,27.75,29.62,30.0,29.31,25.25,28.87,928.1,25.1,-40.0,0.0,0.0,0.0,0.0,0.0,33.0
2026-07-21 16:33:14.010,27.75,29.62,30.0,29.31,25.25,28.87,928.2,25.0,-40.0,0.0,0.0,0.0,0.0,0.0,34.0
2026-07-21 16:33:14.208,27.75,29.62,30.0,29.31,25.25,28.87,928.2,25.0,-40.0,0.0,0.0,0.0,0.0,0.0,34.0
2026-07-21 16:33:14.409,27.75,29.62,30.0,29.31,25.25,28.87,928.2,25.0,-40.0,0.0,0.0,0.0,0.0,0.0,34.0
2026-07-21 16:33:14.628,27.75,29.62,30.0,29.31,25.25,28.87,928.2,25.4,-40.0,0.0,0.0,0.0,0.0,0.0,34.0
2026-07-21 16:33:14.808,27.75,29.62,30.0,29.31,25.31,28.87,928.2,25.4,-40.0,0.0,0.0,0.0,0.0,0.0,34.0
2026-07-21 16:33:15.010,27.75,29.62,30.0,29.31,25.31,28.87,928.2,24.8,-40.0,0.0,0.0,0.0,0.0,0.0,35.0
2026-07-21 16:33:15.209,27.75,29.62,30.0,29.31,25.31,28.87,928.2,24.8,-40.0,0.0,0.0,0.0,0.0,0.0,35.0
2026-07-21 16:33:15.410,27.75,29.62,30.0,29.31,25.31,28.87,928.2,24.8,-40.0,0.0,0.0,0.0,0.0,0.0,35.0
2026-07-21 16:33:15.609,27.75,29.62,30.0,29.31,25.31,28.87,928.1,25.0,-40.0,0.0,0.0,0.0,0.0,0.0,35.0
2026-07-21 16:33:15.808,27.75,29.62,30.0,29.31,25.31,28.87,928.1,25.0,-40.0,0.0,0.0,0.0,0.0,0.0,35.0
2026-07-21 16:33:16.009,27.75,29.62,30.0,29.31,25.31,28.87,928.2,24.7,-40.0,0.0,0.0,0.0,0.0,0.0,36.0
2026-07-21 16:33:16.233,27.75,29.62,30.0,29.31,25.31,28.87,928.2,24.7,-40.0,0.0,0.0,0.0,0.0,0.0,36.0
2026-07-21 16:33:16.409,27.75,29.62,30.0,29.31,25.31,28.87,928.2,24.7,-40.0,0.0,0.0,0.0,0.0,0.0,36.0
2026-07-21 16:33:16.609,27.75,29.62,30.0,29.31,25.31,28.87,928.2,25.0,-40.0,0.0,0.0,0.0,0.0,0.0,36.0
2026-07-21 16:33:16.812,27.75,29.62,30.0,29.37,25.31,28.87,928.2,25.0,-40.0,0.0,0.0,0.0,0.0,0.0,36.0
2026-07-21 16:33:17.009,27.75,29.62,30.0,29.37,25.31,28.87,928.2,24.4,-40.0,0.0,0.0,0.0,0.0,0.0,37.0
2026-07-21 16:33:17.208,27.75,29.62,30.0,29.37,25.31,28.87,928.2,24.4,-40.0,0.0,0.0,0.0,0.0,0.0,37.0
2026-07-21 16:33:17.408,27.75,29.62,30.0,29.37,25.31,28.87,928.2,24.4,-40.0,0.0,0.0,0.0,0.0,0.0,37.0
2026-07-21 16:33:17.608,27.75,29.62,30.0,29.37,25.31,28.87,928.2,24.9,-40.0,0.0,0.0,0.0,0.0,0.0,37.0
2026-07-21 16:33:17.808,27.75,29.62,30.0,29.31,25.31,28.87,928.2,24.9,-40.0,0.0,0.0,0.0,0.0,0.0,37.0
2026-07-21 16:33:18.010,27.75,29.62,30.0,29.31,25.31,28.87,928.2,24.7,-40.0,0.0,0.0,0.0,0.0,0.0,38.0
2026-07-21 16:33:18.208,27.75,29.62,30.0,29.31,25.31,28.87,928.2,24.7,-40.0,0.0,0.0,0.0,0.0,0.0,38.0
2026-07-21 16:33:18.408,27.75,29.62,30.0,29.31,25.31,28.87,928.2,24.7,-40.0,0.0,0.0,0.0,0.0,0.0,38.0
2026-07-21 16:33:18.610,27.75,29.62,30.0,29.31,25.31,28.87,928.2,25.0,-40.0,0.0,0.0,0.0,0.0,0.0,38.0
2026-07-21 16:33:18.808,27.75,29.62,30.0,29.31,25.31,28.87,928.2,25.0,-40.0,0.0,0.0,0.0,0.0,0.0,38.0
2026-07-21 16:33:19.010,27.75,29.62,30.0,29.31,25.31,28.87,928.2,24.8,-40.0,0.0,0.0,0.0,0.0,0.0,39.0
2026-07-21 16:33:19.209,27.75,29.62,30.0,29.31,25.31,28.87,928.2,24.8,-40.0,0.0,0.0,0.0,0.0,0.0,39.0
2026-07-21 16:33:19.420,27.75,29.62,30.0,29.31,25.31,28.87,928.2,24.8,-40.0,0.0,0.0,0.0,0.0,0.0,39.0
2026-07-21 16:33:19.609,27.75,29.62,30.0,29.31,25.31,28.87,928.2,24.9,-40.0,0.0,0.0,0.0,0.0,0.0,39.0
2026-07-21 16:33:19.808,27.75,29.62,30.0,29.31,25.31,28.87,928.2,24.9,-40.0,0.0,0.0,0.0,0.0,0.0,39.0
2026-07-21 16:33:20.009,27.75,29.62,30.0,29.31,25.31,28.87,928.2,24.9,-40.0,0.0,0.0,0.0,0.0,0.0,40.0
2026-07-21 16:33:20.208,27.75,29.62,30.0,29.31,25.31,28.87,928.2,24.9,-40.0,0.0,0.0,0.0,0.0,0.0,40.0
2026-07-21 16:33:20.408,27.75,29.62,30.0,29.31,25.31,28.87,928.2,24.9,-40.0,0.0,0.0,0.0,0.0,0.0,40.0
2026-07-21 16:33:20.608,27.75,29.62,30.0,29.31,25.31,28.87,928.2,24.8,-40.0,0.0,0.0,0.0,0.0,0.0,40.0
2026-07-21 16:33:20.808,27.75,29.62,30.0,29.31,25.31,28.87,928.2,24.8,-40.0,0.0,0.0,0.0,0.0,0.0,40.0
2026-07-21 16:33:21.010,27.75,29.62,30.0,29.31,25.31,28.87,928.2,25.3,-40.0,0.0,0.0,0.0,0.0,0.0,41.0
2026-07-21 16:33:21.208,27.75,29.62,30.0,29.31,25.31,28.87,928.2,25.3,-40.0,0.0,0.0,0.0,0.0,0.0,41.0
2026-07-21 16:33:21.409,27.75,29.62,30.0,29.31,25.31,28.87,928.2,25.3,-40.0,0.0,0.0,0.0,0.0,0.0,41.0
2026-07-21 16:33:21.609,27.75,29.62,30.0,29.31,25.31,28.87,928.2,24.6,-40.0,0.0,0.0,0.0,0.0,0.0,41.0
2026-07-21 16:33:21.808,27.75,29.62,30.0,29.31,25.31,28.87,928.2,24.6,-40.0,0.0,0.0,0.0,0.0,0.0,41.0
2026-07-21 16:33:22.009,27.75,29.62,30.0,29.31,25.31,28.87,928.2,24.8,-40.0,0.0,0.0,0.0,0.0,0.0,42.0
2026-07-21 16:33:22.208,27.75,29.62,30.0,29.31,25.31,28.87,928.2,24.8,-40.0,0.0,0.0,0.0,0.0,0.0,42.0
2026-07-21 16:33:22.408,27.75,29.62,30.0,29.31,25.31,28.87,928.2,24.8,-40.0,0.0,0.0,0.0,0.0,0.0,42.0
2026-07-21 16:33:22.609,27.75,29.62,30.0,29.31,25.31,28.87,928.2,25.3,-40.0,0.0,0.0,0.0,0.0,0.0,42.0
2026-07-21 16:33:22.808,27.75,29.62,30.0,29.31,25.31,28.87,928.2,25.3,-40.0,0.0,0.0,0.0,0.0,0.0,42.0
2026-07-21 16:33:23.009,27.75,29.62,30.0,29.31,25.31,28.87,928.2,24.6,-40.0,0.0,0.0,0.0,0.0,0.0,43.0
2026-07-21 16:33:23.230,27.75,29.62,30.0,29.31,25.31,28.87,928.2,24.6,-40.0,0.0,0.0,0.0,0.0,0.0,43.0
2026-07-21 16:33:23.409,27.75,29.62,30.0,29.31,25.31,28.87,928.2,24.6,-40.0,0.0,0.0,0.0,0.0,0.0,43.0
2026-07-21 16:33:23.609,27.75,29.62,30.0,29.31,25.31,28.87,928.2,25.3,-40.0,0.0,0.0,0.0,0.0,0.0,43.0
2026-07-21 16:33:23.808,27.75,29.56,30.0,29.31,25.31,28.87,928.2,25.3,-40.0,0.0,0.0,0.0,0.0,0.0,43.0
2026-07-21 16:33:24.010,27.75,29.56,30.0,29.31,25.31,28.87,928.2,24.7,-40.0,0.0,0.0,0.0,0.0,0.0,44.0
2026-07-21 16:33:24.209,27.75,29.56,30.0,29.31,25.31,28.87,928.2,24.7,-40.0,0.0,0.0,0.0,0.0,0.0,44.0
2026-07-21 16:33:24.408,27.75,29.56,30.0,29.31,25.31,28.87,928.2,24.7,-40.0,0.0,0.0,0.0,0.0,0.0,44.0
2026-07-21 16:33:24.608,27.75,29.56,30.0,29.31,25.31,28.87,928.2,24.8,-40.0,0.0,0.0,0.0,0.0,0.0,44.0
2026-07-21 16:33:24.814,27.75,29.62,30.0,29.31,25.31,28.87,928.2,24.8,-40.0,0.0,0.0,0.0,0.0,0.0,44.0
2026-07-21 16:33:25.009,27.75,29.62,30.0,29.31,25.31,28.87,928.2,24.6,-40.0,0.0,0.0,0.0,0.0,0.0,45.0
2026-07-21 16:33:25.208,27.75,29.62,30.0,29.31,25.31,28.87,928.2,24.6,-40.0,0.0,0.0,0.0,0.0,0.0,45.0
2026-07-21 16:33:25.409,27.75,29.62,30.0,29.31,25.31,28.87,928.2,24.6,-40.0,0.0,0.0,0.0,0.0,0.0,45.0
2026-07-21 16:33:25.609,27.75,29.62,30.0,29.31,25.31,28.87,928.2,25.4,-40.0,0.0,0.0,0.0,0.0,0.0,45.0
2026-07-21 16:33:25.808,27.75,29.62,30.0,29.31,25.31,28.87,928.2,25.4,-40.0,0.0,0.0,0.0,0.0,0.0,45.0
2026-07-21 16:33:26.010,27.75,29.62,30.0,29.31,25.31,28.87,928.2,24.4,-40.0,0.0,0.0,0.0,0.0,0.0,46.0
2026-07-21 16:33:26.207,27.75,29.62,30.0,29.31,25.31,28.87,928.2,24.4,-40.0,0.0,0.0,0.0,0.0,0.0,46.0
2026-07-21 16:33:26.408,27.75,29.62,30.0,29.31,25.31,28.87,928.2,24.4,-40.0,0.0,0.0,0.0,0.0,0.0,46.0
2026-07-21 16:33:26.609,27.75,29.62,30.0,29.31,25.31,28.87,928.2,24.3,-40.0,0.0,0.0,0.0,0.0,0.0,46.0
2026-07-21 16:33:26.807,27.75,29.62,30.0,29.25,25.31,28.87,928.2,24.3,-40.0,0.0,0.0,0.0,0.0,0.0,46.0
2026-07-21 16:33:27.012,27.75,29.62,30.0,29.25,25.31,28.87,928.2,24.6,-40.0,0.0,0.0,0.0,0.0,0.0,47.0
2026-07-21 16:33:27.208,27.75,29.62,30.0,29.25,25.31,28.87,928.2,24.6,-40.0,0.0,0.0,0.0,0.0,0.0,47.0
2026-07-21 16:33:27.408,27.75,29.62,30.0,29.25,25.31,28.87,928.2,24.6,-40.0,0.0,0.0,0.0,0.0,0.0,47.0
2026-07-21 16:33:27.608,27.75,29.62,30.0,29.25,25.31,28.87,928.2,25.0,-40.0,0.0,0.0,0.0,0.0,0.0,47.0
2026-07-21 16:33:27.808,27.75,29.62,30.0,29.31,25.31,28.87,928.2,25.0,-40.0,0.0,0.0,0.0,0.0,0.0,47.0
2026-07-21 16:33:28.046,27.75,29.62,30.0,29.31,25.31,28.87,928.2,24.7,-40.0,0.0,0.0,0.0,0.0,0.0,48.0
2026-07-21 16:33:28.208,27.75,29.62,30.0,29.31,25.31,28.87,928.2,24.7,-40.0,0.0,0.0,0.0,0.0,0.0,48.0
2026-07-21 16:33:28.408,27.75,29.62,30.0,29.31,25.31,28.87,928.2,24.7,-40.0,0.0,0.0,0.0,0.0,0.0,48.0
2026-07-21 16:33:28.608,27.75,29.62,30.0,29.31,25.31,28.88,928.3,24.9,-40.0,0.0,0.0,0.0,0.0,0.0,48.0
2026-07-21 16:33:28.808,27.75,29.62,30.0,29.31,25.31,28.88,928.3,24.9,-40.0,0.0,0.0,0.0,0.0,0.0,48.0
2026-07-21 16:33:29.009,27.75,29.62,30.0,29.31,25.31,28.87,928.2,24.6,-40.0,0.0,0.0,0.0,0.0,0.0,49.0
2026-07-21 16:33:29.208,27.75,29.62,30.0,29.31,25.31,28.87,928.2,24.6,-40.0,0.0,0.0,0.0,0.0,0.0,49.0
2026-07-21 16:33:29.408,27.75,29.62,30.0,29.31,25.31,28.87,928.2,24.6,-40.0,0.0,0.0,0.0,0.0,0.0,49.0
2026-07-21 16:33:29.608,27.75,29.62,30.0,29.31,25.31,28.87,928.2,24.7,-40.0,0.0,0.0,0.0,0.0,0.0,49.0
2026-07-21 16:33:29.807,27.75,29.62,30.0,29.31,25.31,28.87,928.2,24.7,-40.0,0.0,0.0,0.0,0.0,0.0,49.0
2026-07-21 16:33:30.009,27.75,29.62,30.0,29.31,25.31,28.87,928.2,24.3,-40.0,0.0,0.0,0.0,0.0,0.0,50.0
2026-07-21 16:33:30.208,27.75,29.62,30.0,29.31,25.31,28.87,928.2,24.3,-40.0,0.0,0.0,0.0,0.0,0.0,50.0
2026-07-21 16:33:30.408,27.75,29.62,30.0,29.31,25.31,28.87,928.2,24.3,-40.0,0.0,0.0,0.0,0.0,0.0,50.0
2026-07-21 16:33:30.608,27.75,29.62,30.0,29.31,25.31,28.87,928.2,25.0,-40.0,0.0,0.0,0.0,0.0,0.0,50.0
2026-07-21 16:33:30.807,27.75,29.62,30.0,29.31,25.31,28.87,928.2,25.0,-40.0,0.0,0.0,0.0,0.0,0.0,50.0
2026-07-21 16:33:31.009,27.75,29.62,30.0,29.31,25.31,28.87,928.2,24.7,-40.0,0.0,0.0,0.0,0.0,0.0,51.0
2026-07-21 16:33:31.208,27.75,29.62,30.0,29.31,25.31,28.87,928.2,24.7,-40.0,0.0,0.0,0.0,0.0,0.0,51.0
2026-07-21 16:33:31.408,27.75,29.62,30.0,29.31,25.31,28.87,928.2,24.7,-40.0,0.0,0.0,0.0,0.0,0.0,51.0
2026-07-21 16:33:31.609,27.75,29.62,30.0,29.31,25.31,28.87,928.2,24.7,-40.0,0.0,0.0,0.0,0.0,0.0,51.0
2026-07-21 16:33:31.808,27.75,29.62,30.0,29.31,25.31,28.87,928.2,24.7,-40.0,0.0,0.0,0.0,0.0,0.0,51.0
2026-07-21 16:33:32.024,27.75,29.62,30.0,29.31,25.31,28.87,928.1,24.7,-40.0,0.0,0.0,0.0,0.0,0.0,52.0
2026-07-21 16:33:32.208,27.75,29.62,30.0,29.31,25.31,28.87,928.1,24.7,-40.0,0.0,0.0,0.0,0.0,0.0,52.0
2026-07-21 16:33:32.408,27.75,29.62,30.0,29.31,25.31,28.87,928.1,24.7,-40.0,0.0,0.0,0.0,0.0,0.0,52.0
2026-07-21 16:33:32.608,27.75,29.62,30.0,29.31,25.31,28.87,928.2,25.1,-40.0,0.0,0.0,0.0,0.0,0.0,52.0
2026-07-21 16:33:32.808,27.75,29.62,30.0,29.31,25.31,28.87,928.2,25.1,-40.0,0.0,0.0,0.0,0.0,0.0,52.0
2026-07-21 16:33:33.009,27.75,29.62,30.0,29.31,25.31,28.87,928.1,24.7,-40.0,0.0,0.0,0.0,0.0,0.0,53.0
2026-07-21 16:33:33.208,27.75,29.62,30.0,29.31,25.31,28.87,928.1,24.7,-40.0,0.0,0.0,0.0,0.0,0.0,53.0
2026-07-21 16:33:33.408,27.75,29.62,30.0,29.31,25.31,28.87,928.1,24.7,-40.0,0.0,0.0,0.0,0.0,0.0,53.0
2026-07-21 16:33:33.608,27.75,29.62,30.0,29.31,25.31,28.87,928.2,24.8,-40.0,0.0,0.0,0.0,0.0,0.0,53.0
2026-07-21 16:33:33.807,27.75,29.62,30.0,29.31,25.31,28.87,928.2,24.8,-40.0,0.0,0.0,0.0,0.0,0.0,53.0
2026-07-21 16:33:34.009,27.75,29.62,30.0,29.31,25.31,28.87,928.2,24.9,-40.0,0.0,0.0,0.0,0.0,0.0,54.0
2026-07-21 16:33:34.210,27.75,29.62,30.0,29.31,25.31,28.87,928.2,24.9,-40.0,0.0,0.0,0.0,0.0,0.0,54.0
2026-07-21 16:33:34.407,27.75,29.62,30.0,29.31,25.31,28.87,928.2,24.9,-40.0,0.0,0.0,0.0,0.0,0.0,54.0
2026-07-21 16:33:34.618,27.75,29.62,30.0,29.31,25.31,28.87,928.2,24.8,-40.0,0.0,0.0,0.0,0.0,0.0,54.0
2026-07-21 16:33:34.808,27.75,29.62,30.0,29.31,25.31,28.87,928.2,24.8,-40.0,0.0,0.0,0.0,0.0,0.0,54.0
2026-07-21 16:33:35.009,27.75,29.62,30.0,29.31,25.31,28.87,928.2,24.8,-40.0,0.0,0.0,0.0,0.0,0.0,55.0
2026-07-21 16:33:35.208,27.75,29.62,30.0,29.31,25.31,28.87,928.2,24.8,-40.0,0.0,0.0,0.0,0.0,0.0,55.0
2026-07-21 16:33:35.407,27.75,29.62,30.0,29.31,25.31,28.87,928.2,24.8,-40.0,0.0,0.0,0.0,0.0,0.0,55.0
2026-07-21 16:33:35.608,27.75,29.62,30.0,29.31,25.31,28.87,928.2,24.7,-40.0,0.0,0.0,0.0,0.0,0.0,55.0
2026-07-21 16:33:35.807,27.75,29.62,30.0,29.31,25.31,28.87,928.2,24.7,-40.0,0.0,0.0,0.0,0.0,0.0,55.0
2026-07-21 16:33:36.009,27.75,29.62,30.0,29.31,25.31,28.87,928.2,25.1,-40.0,0.0,0.0,0.0,0.0,0.0,56.0
2026-07-21 16:33:36.210,27.75,29.62,30.0,29.31,25.31,28.87,928.2,25.1,-40.0,0.0,0.0,0.0,0.0,0.0,56.0
2026-07-21 16:33:36.408,27.75,29.62,30.0,29.31,25.31,28.87,928.2,25.1,-40.0,0.0,0.0,0.0,0.0,0.0,56.0
2026-07-21 16:33:36.608,27.75,29.62,30.0,29.31,25.31,28.87,928.2,25.0,-40.0,0.0,0.0,0.0,0.0,0.0,56.0
2026-07-21 16:33:36.809,27.75,29.62,30.0,29.31,25.31,28.87,928.2,25.0,-40.0,0.0,0.0,0.0,0.0,0.0,56.0
2026-07-21 16:33:37.010,27.75,29.62,30.0,29.31,25.31,28.87,928.2,24.8,-40.0,0.0,0.0,0.0,0.0,0.0,57.0
2026-07-21 16:33:37.224,27.75,29.62,30.0,29.31,25.31,28.87,928.2,24.8,-40.0,0.0,0.0,0.0,0.0,0.0,57.0
2026-07-21 16:33:37.408,27.75,29.62,30.0,29.31,25.31,28.87,928.2,24.8,-40.0,0.0,0.0,0.0,0.0,0.0,57.0
2026-07-21 16:33:37.608,27.75,29.62,30.0,29.31,25.31,28.87,928.2,24.2,-40.0,0.0,0.0,0.0,0.0,0.0,57.0
2026-07-21 16:33:37.808,27.75,29.62,30.0,29.31,25.31,28.87,928.2,24.2,-40.0,0.0,0.0,0.0,0.0,0.0,57.0
2026-07-21 16:33:38.009,27.75,29.62,30.0,29.31,25.31,28.87,928.2,24.7,-40.0,0.0,0.0,0.0,0.0,0.0,58.0
2026-07-21 16:33:38.209,27.75,29.62,30.0,29.31,25.31,28.87,928.2,24.7,-40.0,0.0,0.0,0.0,0.0,0.0,58.0
2026-07-21 16:33:38.408,27.75,29.62,30.0,29.31,25.31,28.87,928.2,24.7,-40.0,0.0,0.0,0.0,0.0,0.0,58.0
2026-07-21 16:33:38.608,27.75,29.62,30.0,29.31,25.31,28.87,928.2,25.1,-40.0,0.0,0.0,0.0,0.0,0.0,58.0
2026-07-21 16:33:38.814,27.75,29.62,30.0,29.31,25.31,28.87,928.2,25.1,-40.0,0.0,0.0,0.0,0.0,0.0,58.0
2026-07-21 16:33:39.009,27.75,29.62,30.0,29.31,25.31,28.87,928.2,24.7,-40.0,0.0,0.0,0.0,0.0,0.0,59.0
2026-07-21 16:33:39.208,27.75,29.62,30.0,29.31,25.31,28.87,928.2,24.7,-40.0,0.0,0.0,0.0,0.0,0.0,59.0
2026-07-21 16:33:39.407,27.75,29.62,30.0,29.31,25.31,28.87,928.2,24.7,-40.0,0.0,0.0,0.0,0.0,0.0,59.0
2026-07-21 16:33:39.607,27.75,29.62,30.0,29.31,25.31,28.87,928.2,24.3,-40.0,0.0,0.0,0.0,0.0,0.0,59.0
2026-07-21 16:33:39.808,27.75,29.68,30.0,29.31,25.31,28.87,928.2,24.3,-40.0,0.0,0.0,0.0,0.0,0.0,59.0
2026-07-21 16:33:40.009,27.75,29.68,30.0,29.31,25.31,28.87,928.2,24.9,-40.0,0.0,0.0,0.0,0.0,0.0,60.0
2026-07-21 16:33:40.208,27.75,29.68,30.0,29.31,25.31,28.87,928.2,24.9,-40.0,0.0,0.0,0.0,0.0,0.0,60.0
2026-07-21 16:33:40.438,27.75,29.68,30.0,29.31,25.31,28.87,928.2,24.9,-40.0,0.0,0.0,0.0,0.0,0.0,60.0
2026-07-21 16:33:40.608,27.75,29.68,30.0,29.31,25.31,28.87,928.2,24.6,-40.0,0.0,0.0,0.0,0.0,0.0,60.0
2026-07-21 16:33:40.833,27.75,29.62,30.0,29.31,25.31,28.87,928.2,24.6,-40.0,0.0,0.0,0.0,0.0,0.0,60.0
2026-07-21 16:33:41.033,27.75,29.62,30.0,29.31,25.31,28.87,928.2,25.0,-40.0,0.0,0.0,0.0,0.0,0.0,61.0
2026-07-21 16:33:41.233,27.75,29.62,30.0,29.31,25.31,28.87,928.2,25.0,-40.0,0.0,0.0,0.0,0.0,0.0,61.0
2026-07-21 16:33:41.432,27.75,29.62,30.0,29.31,25.31,28.87,928.2,25.0,-40.0,0.0,0.0,0.0,0.0,0.0,61.0
2026-07-21 16:33:41.632,27.75,29.62,30.0,29.31,25.31,28.87,928.2,24.7,-40.0,0.0,0.0,0.0,0.0,0.0,61.0
2026-07-21 16:33:41.832,27.75,29.62,30.0,29.31,25.37,28.87,928.2,24.7,-40.0,0.0,0.0,0.0,0.0,0.0,61.0
2026-07-21 16:33:42.033,27.75,29.62,30.0,29.31,25.37,28.87,928.2,24.8,-40.0,0.0,0.0,0.0,0.0,0.0,62.0
2026-07-21 16:33:42.232,27.75,29.62,30.0,29.31,25.37,28.87,928.2,24.8,-40.0,0.0,0.0,0.0,0.0,0.0,62.0
2026-07-21 16:33:42.432,27.75,29.62,30.0,29.31,25.37,28.87,928.2,24.8,-40.0,0.0,0.0,0.0,0.0,0.0,62.0
2026-07-21 16:33:42.632,27.75,29.62,30.0,29.31,25.37,28.87,928.2,24.6,-40.0,0.0,0.0,0.0,0.0,0.0,62.0
2026-07-21 16:33:42.832,27.75,29.62,29.93,29.31,25.37,28.87,928.2,24.6,-40.0,0.0,0.0,0.0,0.0,0.0,62.0
2026-07-21 16:33:43.033,27.75,29.62,29.93,29.31,25.37,28.87,928.2,25.0,-40.0,0.0,0.0,0.0,0.0,0.0,63.0
2026-07-21 16:33:43.233,27.75,29.62,29.93,29.31,25.37,28.87,928.2,25.0,-40.0,0.0,0.0,0.0,0.0,0.0,63.0
2026-07-21 16:33:43.433,27.75,29.62,29.93,29.31,25.37,28.87,928.2,25.0,-40.0,0.0,0.0,0.0,0.0,0.0,63.0
2026-07-21 16:33:43.647,27.75,29.62,29.93,29.31,25.37,28.87,928.2,25.0,-40.0,0.0,0.0,0.0,0.0,0.0,63.0
2026-07-21 16:33:43.831,27.75,29.62,30.0,29.31,25.31,28.87,928.2,25.0,-40.0,0.0,0.0,0.0,0.0,0.0,63.0
2026-07-21 16:33:44.032,27.75,29.62,30.0,29.31,25.31,28.87,928.2,25.0,-40.0,0.0,0.0,0.0,0.0,0.0,64.0
2026-07-21 16:33:44.232,27.75,29.62,30.0,29.31,25.31,28.87,928.2,25.0,-40.0,0.0,0.0,0.0,0.0,0.0,64.0
2026-07-21 16:33:44.432,27.75,29.62,30.0,29.31,25.31,28.87,928.2,25.0,-40.0,0.0,0.0,0.0,0.0,0.0,64.0
2026-07-21 16:33:44.632,27.75,29.62,30.0,29.31,25.31,28.87,928.2,24.9,-40.0,0.0,0.0,0.0,0.0,0.0,64.0
2026-07-21 16:33:44.832,27.81,29.62,30.0,29.31,25.37,28.87,928.2,24.9,-40.0,0.0,0.0,0.0,0.0,0.0,64.0
2026-07-21 16:33:45.033,27.81,29.62,30.0,29.31,25.37,28.87,928.3,24.8,-40.0,0.0,0.0,0.0,0.0,0.0,65.0
2026-07-21 16:33:45.253,27.81,29.62,30.0,29.31,25.37,28.87,928.3,24.8,-40.0,0.0,0.0,0.0,0.0,0.0,65.0
2026-07-21 16:33:45.432,27.81,29.62,30.0,29.31,25.37,28.87,928.3,24.8,-40.0,0.0,0.0,0.0,0.0,0.0,65.0
2026-07-21 16:33:45.632,27.81,29.62,30.0,29.31,25.37,28.87,928.2,25.2,-40.0,0.0,0.0,0.0,0.0,0.0,65.0
2026-07-21 16:33:45.832,27.81,29.62,30.0,29.31,25.31,28.87,928.2,25.2,-40.0,0.0,0.0,0.0,0.0,0.0,65.0
2026-07-21 16:33:46.033,27.81,29.62,30.0,29.31,25.31,28.87,928.2,24.9,-40.0,0.0,0.0,0.0,0.0,0.0,66.0
2026-07-21 16:33:46.232,27.81,29.62,30.0,29.31,25.31,28.87,928.2,24.9,-40.0,0.0,0.0,0.0,0.0,0.0,66.0
2026-07-21 16:33:46.432,27.81,29.62,30.0,29.31,25.31,28.87,928.2,24.9,-40.0,0.0,0.0,0.0,0.0,0.0,66.0
2026-07-21 16:33:46.632,27.81,29.62,30.0,29.31,25.31,28.87,928.2,25.0,-40.0,0.0,0.0,0.0,0.0,0.0,66.0
2026-07-21 16:33:46.850,27.75,29.68,30.0,29.31,25.37,28.87,928.2,25.0,-40.0,0.0,0.0,0.0,0.0,0.0,66.0
2026-07-21 16:33:47.032,27.75,29.68,30.0,29.31,25.37,28.87,928.2,24.6,-40.0,0.0,0.0,0.0,0.0,0.0,67.0
2026-07-21 16:33:47.231,27.75,29.68,30.0,29.31,25.37,28.87,928.2,24.6,-40.0,0.0,0.0,0.0,0.0,0.0,67.0
2026-07-21 16:33:47.447,27.75,29.68,30.0,29.31,25.37,28.87,928.2,24.6,-40.0,0.0,0.0,0.0,0.0,0.0,67.0
2026-07-21 16:33:47.633,27.75,29.68,30.0,29.31,25.37,28.87,928.2,24.3,-40.0,0.0,0.0,0.0,0.0,0.0,67.0
2026-07-21 16:33:47.832,27.75,29.68,29.93,29.31,25.37,28.87,928.2,24.3,-40.0,0.0,0.0,0.0,0.0,0.0,67.0
2026-07-21 16:33:48.050,27.75,29.68,29.93,29.31,25.37,28.87,928.2,24.5,-40.0,0.0,0.0,0.0,0.0,0.0,68.0
2026-07-21 16:33:48.232,27.75,29.68,29.93,29.31,25.37,28.87,928.2,24.5,-40.0,0.0,0.0,0.0,0.0,0.0,68.0
2026-07-21 16:33:48.432,27.75,29.68,29.93,29.31,25.37,28.87,928.2,24.5,-40.0,0.0,0.0,0.0,0.0,0.0,68.0
2026-07-21 16:33:48.632,27.75,29.68,29.93,29.31,25.37,28.87,928.2,25.1,-40.0,0.0,0.0,0.0,0.0,0.0,68.0
2026-07-21 16:33:48.832,27.81,29.62,29.93,29.31,25.37,28.87,928.2,25.1,-40.0,0.0,0.0,0.0,0.0,0.0,68.0
2026-07-21 16:33:49.032,27.81,29.62,29.93,29.31,25.37,28.87,928.2,25.0,-40.0,0.0,0.0,0.0,0.0,0.0,69.0
2026-07-21 16:33:49.232,27.81,29.62,29.93,29.31,25.37,28.87,928.2,25.0,-40.0,0.0,0.0,0.0,0.0,0.0,69.0
2026-07-21 16:33:49.432,27.81,29.62,29.93,29.31,25.37,28.87,928.2,25.0,-40.0,0.0,0.0,0.0,0.0,0.0,69.0
2026-07-21 16:33:49.633,27.81,29.62,29.93,29.31,25.37,28.87,928.2,25.1,-40.0,0.0,0.0,0.0,0.0,0.0,69.0
2026-07-21 16:33:49.832,27.81,29.68,30.0,29.31,25.37,28.87,928.2,25.1,-40.0,0.0,0.0,0.0,0.0,0.0,69.0
2026-07-21 16:33:50.032,27.81,29.68,30.0,29.31,25.37,28.87,928.2,25.0,-40.0,0.0,0.0,0.0,0.0,0.0,70.0
2026-07-21 16:33:50.232,27.81,29.68,30.0,29.31,25.37,28.87,928.2,25.0,-40.0,0.0,0.0,0.0,0.0,0.0,70.0
2026-07-21 16:33:50.432,27.81,29.68,30.0,29.31,25.37,28.87,928.2,25.0,-40.0,0.0,0.0,0.0,0.0,0.0,70.0
2026-07-21 16:33:50.632,27.81,29.68,30.0,29.31,25.37,28.87,928.2,25.0,-40.0,0.0,0.0,0.0,0.0,0.0,70.0
2026-07-21 16:33:50.832,27.75,29.62,30.0,29.31,25.37,28.87,928.2,25.0,-40.0,0.0,0.0,0.0,0.0,0.0,70.0
2026-07-21 16:33:51.032,27.75,29.62,30.0,29.31,25.37,28.87,928.2,24.9,-40.0,0.0,0.0,0.0,0.0,0.0,71.0
2026-07-21 16:33:51.232,27.75,29.62,30.0,29.31,25.37,28.87,928.2,24.9,-40.0,0.0,0.0,0.0,0.0,0.0,71.0
2026-07-21 16:33:51.431,27.75,29.62,30.0,29.31,25.37,28.87,928.2,24.9,-40.0,0.0,0.0,0.0,0.0,0.0,71.0
2026-07-21 16:33:51.638,27.75,29.62,30.0,29.31,25.37,28.87,928.2,24.9,-40.0,0.0,0.0,0.0,0.0,0.0,71.0
2026-07-21 16:33:51.832,27.75,29.62,30.0,29.31,25.37,28.87,928.2,24.9,-40.0,0.0,0.0,0.0,0.0,0.0,71.0
2026-07-21 16:33:52.032,27.75,29.62,30.0,29.31,25.37,28.87,928.2,24.8,-40.0,0.0,0.0,0.0,0.0,0.0,72.0
2026-07-21 16:33:52.232,27.75,29.62,30.0,29.31,25.37,28.87,928.2,24.8,-40.0,0.0,0.0,0.0,0.0,0.0,72.0
2026-07-21 16:33:52.432,27.75,29.62,30.0,29.31,25.37,28.87,928.2,24.8,-40.0,0.0,0.0,0.0,0.0,0.0,72.0
2026-07-21 16:33:52.633,27.75,29.62,30.0,29.31,25.37,28.87,928.2,25.1,-40.0,0.0,0.0,0.0,0.0,0.0,72.0
2026-07-21 16:33:52.832,27.75,29.62,29.93,29.31,25.37,28.87,928.2,25.1,-40.0,0.0,0.0,0.0,0.0,0.0,72.0
2026-07-21 16:33:53.032,27.75,29.62,29.93,29.31,25.37,28.87,928.2,25.0,-40.0,0.0,0.0,0.0,0.0,0.0,73.0
2026-07-21 16:33:53.231,27.75,29.62,29.93,29.31,25.37,28.87,928.2,25.0,-40.0,0.0,0.0,0.0,0.0,0.0,73.0
2026-07-21 16:33:53.432,27.75,29.62,29.93,29.31,25.37,28.87,928.2,25.0,-40.0,0.0,0.0,0.0,0.0,0.0,73.0
2026-07-21 16:33:53.632,27.75,29.62,29.93,29.31,25.37,28.87,928.1,24.9,-40.0,0.0,0.0,0.0,0.0,0.0,73.0
2026-07-21 16:33:53.881,27.81,29.62,30.0,29.25,25.37,28.87,928.1,24.9,-40.0,0.0,0.0,0.0,0.0,0.0,73.0
2026-07-21 16:33:54.031,27.81,29.62,30.0,29.25,25.37,28.87,928.2,24.5,-40.0,0.0,0.0,0.0,0.0,0.0,74.0
2026-07-21 16:33:54.232,27.81,29.62,30.0,29.25,25.37,28.87,928.2,24.5,-40.0,0.0,0.0,0.0,0.0,0.0,74.0
2026-07-21 16:33:54.432,27.81,29.62,30.0,29.25,25.37,28.87,928.2,24.5,-40.0,0.0,0.0,0.0,0.0,0.0,74.0
2026-07-21 16:33:54.632,27.81,29.62,30.0,29.25,25.37,28.88,928.2,24.9,-40.0,0.0,0.0,0.0,0.0,0.0,74.0
2026-07-21 16:33:54.832,27.81,29.68,29.93,29.31,25.37,28.88,928.2,24.9,-40.0,0.0,0.0,0.0,0.0,0.0,74.0
2026-07-21 16:33:55.032,27.81,29.68,29.93,29.31,25.37,28.87,928.2,24.6,-40.0,0.0,0.0,0.0,0.0,0.0,75.0
2026-07-21 16:33:55.232,27.81,29.68,29.93,29.31,25.37,28.87,928.2,24.6,-40.0,0.0,0.0,0.0,0.0,0.0,75.0
2026-07-21 16:33:55.447,27.81,29.68,29.93,29.31,25.37,28.87,928.2,24.6,-40.0,0.0,0.0,0.0,0.0,0.0,75.0
2026-07-21 16:33:55.631,27.81,29.68,29.93,29.31,25.37,28.88,928.2,24.2,-40.0,0.0,0.0,0.0,0.0,0.0,75.0
2026-07-21 16:33:55.832,27.81,29.68,29.93,29.31,25.37,28.88,928.2,24.2,-40.0,0.0,0.0,0.0,0.0,0.0,75.0
2026-07-21 16:33:56.032,27.81,29.68,29.93,29.31,25.37,28.87,928.2,24.6,-40.0,0.0,0.0,0.0,0.0,0.0,76.0
2026-07-21 16:33:56.232,27.81,29.68,29.93,29.31,25.37,28.87,928.2,24.6,-40.0,0.0,0.0,0.0,0.0,0.0,76.0
2026-07-21 16:33:56.455,27.81,29.68,29.93,29.31,25.37,28.87,928.2,24.6,-40.0,0.0,0.0,0.0,0.0,0.0,76.0
2026-07-21 16:33:56.632,27.81,29.68,29.93,29.31,25.37,28.88,928.2,24.8,-40.0,0.0,0.0,0.0,0.0,0.0,76.0
2026-07-21 16:33:56.832,27.81,29.62,29.93,29.31,25.37,28.88,928.2,24.8,-40.0,0.0,0.0,0.0,0.0,0.0,76.0
2026-07-21 16:33:57.032,27.81,29.62,29.93,29.31,25.37,28.87,928.2,24.5,-40.0,0.0,0.0,0.0,0.0,0.0,77.0
2026-07-21 16:33:57.232,27.81,29.62,29.93,29.31,25.37,28.87,928.2,24.5,-40.0,0.0,0.0,0.0,0.0,0.0,77.0
2026-07-21 16:33:57.432,27.81,29.62,29.93,29.31,25.37,28.87,928.2,24.5,-40.0,0.0,0.0,0.0,0.0,0.0,77.0
2026-07-21 16:33:57.631,27.81,29.62,29.93,29.31,25.37,28.87,928.2,25.0,-40.0,0.0,0.0,0.0,0.0,0.0,77.0
2026-07-21 16:33:57.832,27.81,29.68,30.0,29.31,25.37,28.87,928.2,25.0,-40.0,0.0,0.0,0.0,0.0,0.0,77.0
2026-07-21 16:33:58.032,27.81,29.68,30.0,29.31,25.37,28.87,928.2,24.8,-40.0,0.0,0.0,0.0,0.0,0.0,78.0
2026-07-21 16:33:58.232,27.81,29.68,30.0,29.31,25.37,28.87,928.2,24.8,-40.0,0.0,0.0,0.0,0.0,0.0,78.0
2026-07-21 16:33:58.432,27.81,29.68,30.0,29.31,25.37,28.87,928.2,24.8,-40.0,0.0,0.0,0.0,0.0,0.0,78.0
2026-07-21 16:33:58.633,27.81,29.68,30.0,29.31,25.37,28.87,928.2,24.8,-40.0,0.0,0.0,0.0,0.0,0.0,78.0
2026-07-21 16:33:58.833,27.81,29.62,29.93,29.31,25.37,28.87,928.2,24.8,-40.0,0.0,0.0,0.0,0.0,0.0,78.0
2026-07-21 16:33:59.032,27.81,29.62,29.93,29.31,25.37,28.88,928.2,25.3,-40.0,0.0,0.0,0.0,0.0,0.0,79.0
2026-07-21 16:33:59.232,27.81,29.62,29.93,29.31,25.37,28.88,928.2,25.3,-40.0,0.0,0.0,0.0,0.0,0.0,79.0
2026-07-21 16:33:59.432,27.81,29.62,29.93,29.31,25.37,28.88,928.2,25.3,-40.0,0.0,0.0,0.0,0.0,0.0,79.0
2026-07-21 16:33:59.641,27.81,29.62,29.93,29.31,25.37,28.88,928.2,24.7,-40.0,0.0,0.0,0.0,0.0,0.0,79.0
2026-07-21 16:33:59.832,27.81,29.62,30.0,29.31,25.37,28.88,928.2,24.7,-40.0,0.0,0.0,0.0,0.0,0.0,79.0
2026-07-21 16:34:00.032,27.81,29.62,30.0,29.31,25.37,28.87,928.2,25.0,-40.0,0.0,0.0,0.0,0.0,0.0,80.0
2026-07-21 16:34:00.231,27.81,29.62,30.0,29.31,25.37,28.87,928.2,25.0,-40.0,0.0,0.0,0.0,0.0,0.0,80.0
2026-07-21 16:34:00.431,27.81,29.62,30.0,29.31,25.37,28.87,928.2,25.0,-40.0,0.0,0.0,0.0,0.0,0.0,80.0
2026-07-21 16:34:00.632,27.81,29.62,30.0,29.31,25.37,28.87,928.2,25.1,-40.0,0.0,0.0,0.0,0.0,0.0,80.0
2026-07-21 16:34:00.831,27.81,29.68,30.0,29.31,25.37,28.87,928.2,25.1,-40.0,0.0,0.0,0.0,0.0,0.0,80.0
2026-07-21 16:34:01.031,27.81,29.68,30.0,29.31,25.37,28.88,928.2,25.0,-40.0,0.0,0.0,0.0,0.0,0.0,81.0
2026-07-21 16:34:01.232,27.81,29.68,30.0,29.31,25.37,28.88,928.2,25.0,-40.0,0.0,0.0,0.0,0.0,0.0,81.0
2026-07-21 16:34:01.432,27.81,29.68,30.0,29.31,25.37,28.88,928.2,25.0,-40.0,0.0,0.0,0.0,0.0,0.0,81.0
2026-07-21 16:34:01.631,27.81,29.68,30.0,29.31,25.37,28.87,928.2,25.0,-40.0,0.0,0.0,0.0,0.0,0.0,81.0
2026-07-21 16:34:01.832,27.75,29.62,30.0,29.31,25.43,28.87,928.2,25.0,-40.0,0.0,0.0,0.0,0.0,0.0,81.0
2026-07-21 16:34:02.031,27.75,29.62,30.0,29.31,25.43,28.87,928.2,25.0,-40.0,0.0,0.0,0.0,0.0,0.0,82.0
2026-07-21 16:34:02.232,27.75,29.62,30.0,29.31,25.43,28.87,928.2,25.0,-40.0,0.0,0.0,0.0,0.0,0.0,82.0
2026-07-21 16:34:02.431,27.75,29.62,30.0,29.31,25.43,28.87,928.2,25.0,-40.0,0.0,0.0,0.0,0.0,0.0,82.0
2026-07-21 16:34:02.631,27.75,29.62,30.0,29.31,25.43,28.87,928.2,25.0,-40.0,0.0,0.0,0.0,0.0,0.0,82.0
2026-07-21 16:34:02.832,27.81,29.68,29.93,29.31,25.37,28.87,928.2,25.0,-40.0,0.0,0.0,0.0,0.0,0.0,82.0
2026-07-21 16:34:03.052,27.81,29.68,29.93,29.31,25.37,28.87,928.1,25.1,-40.0,1.0,1.0,0.0,0.0,0.0,83.0
2026-07-21 16:34:03.250,27.81,29.68,29.93,29.31,25.37,28.87,928.1,25.1,-40.0,1.0,1.0,0.0,0.0,0.0,83.0
2026-07-21 16:34:03.450,27.81,29.68,29.93,29.31,25.37,28.87,928.1,25.1,-40.0,1.0,1.0,0.0,0.0,0.0,83.0
2026-07-21 16:34:03.649,27.81,29.68,29.93,29.31,25.37,28.88,928.2,25.0,-40.0,1.0,1.0,0.0,0.0,0.0,83.0
2026-07-21 16:34:03.851,27.81,29.68,29.93,29.31,25.43,28.88,928.2,25.0,-40.0,1.0,1.0,0.0,0.0,0.0,83.0
2026-07-21 16:34:04.050,27.81,29.68,29.93,29.31,25.43,28.88,928.2,24.7,-40.0,1.0,1.0,0.0,0.0,0.0,84.0
2026-07-21 16:34:04.251,27.81,29.68,29.93,29.31,25.43,28.88,928.2,24.7,-40.0,1.0,1.0,0.0,0.0,0.0,84.0
2026-07-21 16:34:04.449,27.81,29.68,29.93,29.31,25.43,28.88,928.2,24.7,-40.0,1.0,1.0,0.0,0.0,0.0,84.0
2026-07-21 16:34:04.649,27.81,29.68,29.93,29.31,25.43,28.88,928.2,25.0,-40.0,1.0,1.0,0.0,0.0,0.0,84.0
2026-07-21 16:34:04.849,27.81,29.62,29.93,29.31,25.43,28.88,928.2,25.0,-40.0,1.0,1.0,0.0,0.0,0.0,84.0
2026-07-21 16:34:05.050,27.81,29.62,29.93,29.31,25.43,28.88,928.2,24.8,-40.0,1.0,1.0,0.0,0.0,0.0,85.0
2026-07-21 16:34:05.250,27.81,29.62,29.93,29.31,25.43,28.88,928.2,24.8,-40.0,1.0,1.0,0.0,0.0,0.0,85.0
2026-07-21 16:34:05.449,27.81,29.62,29.93,29.31,25.43,28.88,928.2,24.8,-40.0,1.0,1.0,0.0,0.0,0.0,85.0
2026-07-21 16:34:05.650,27.81,29.62,29.93,29.31,25.43,28.88,928.2,24.6,-40.0,1.0,1.0,0.0,0.0,0.0,85.0
2026-07-21 16:34:05.849,27.81,29.68,30.0,29.31,25.43,28.88,928.2,24.6,-40.0,1.0,1.0,0.0,0.0,0.0,85.0
2026-07-21 16:34:06.050,27.81,29.68,30.0,29.31,25.43,28.88,928.1,24.8,-40.0,1.0,1.0,0.0,0.0,0.0,86.0
2026-07-21 16:34:06.249,27.81,29.68,30.0,29.31,25.43,28.88,928.1,24.8,-40.0,1.0,1.0,0.0,0.0,0.0,86.0
2026-07-21 16:34:06.469,27.81,29.68,30.0,29.31,25.43,28.88,928.1,24.8,-40.0,1.0,1.0,0.0,0.0,0.0,86.0
2026-07-21 16:34:06.650,27.81,29.68,30.0,29.31,25.43,28.88,928.2,24.9,-40.0,1.0,1.0,0.0,0.0,0.0,86.0
2026-07-21 16:34:06.849,27.81,29.62,29.93,29.31,25.43,28.88,928.2,24.9,-40.0,1.0,1.0,0.0,0.0,0.0,86.0
2026-07-21 16:34:07.050,27.81,29.62,29.93,29.31,25.43,28.88,928.2,25.0,-40.0,1.0,1.0,0.0,0.0,0.0,87.0
2026-07-21 16:34:07.249,27.81,29.62,29.93,29.31,25.43,28.88,928.2,25.0,-40.0,1.0,1.0,0.0,0.0,0.0,87.0
2026-07-21 16:34:07.449,27.81,29.62,29.93,29.31,25.43,28.88,928.2,25.0,-40.0,1.0,1.0,0.0,0.0,0.0,87.0
2026-07-21 16:34:07.650,27.81,29.62,29.93,29.31,25.43,28.88,928.2,24.8,-40.0,1.0,1.0,0.0,0.0,0.0,87.0
2026-07-21 16:34:07.849,27.81,29.62,29.93,29.31,25.43,28.88,928.2,24.8,-40.0,1.0,1.0,0.0,0.0,0.0,87.0
2026-07-21 16:34:08.050,27.81,29.62,29.93,29.31,25.43,28.88,928.3,25.0,-40.0,1.0,1.0,0.0,0.0,0.0,88.0
2026-07-21 16:34:08.250,27.81,29.62,29.93,29.31,25.43,28.88,928.3,25.0,-40.0,1.0,1.0,0.0,0.0,0.0,88.0
2026-07-21 16:34:08.449,27.81,29.62,29.93,29.31,25.43,28.88,928.3,25.0,-40.0,1.0,1.0,0.0,0.0,0.0,88.0
2026-07-21 16:34:08.650,27.81,29.62,29.93,29.31,25.43,28.88,928.2,25.0,-40.0,1.0,1.0,0.0,0.0,0.0,88.0
2026-07-21 16:34:08.850,27.81,29.68,30.06,29.31,25.43,28.88,928.2,25.0,-40.0,1.0,1.0,0.0,0.0,0.0,88.0
2026-07-21 16:34:09.054,27.81,29.68,30.06,29.31,25.43,28.87,928.2,24.9,-40.0,1.0,1.0,0.0,0.0,0.0,89.0
2026-07-21 16:34:09.249,27.81,29.68,30.06,29.31,25.43,28.87,928.2,24.9,-40.0,1.0,1.0,0.0,0.0,0.0,89.0
2026-07-21 16:34:09.449,27.81,29.68,30.06,29.31,25.43,28.87,928.2,24.9,-40.0,1.0,1.0,0.0,0.0,0.0,89.0
2026-07-21 16:34:09.649,27.81,29.68,30.06,29.31,25.43,28.89,928.2,24.8,-40.0,1.0,1.0,0.0,0.0,0.0,89.0
2026-07-21 16:34:09.849,27.81,29.68,29.93,29.31,25.43,28.89,928.2,24.8,-40.0,1.0,1.0,0.0,0.0,0.0,89.0
2026-07-21 16:34:10.050,27.81,29.68,29.93,29.31,25.43,28.88,928.2,24.9,-40.0,1.0,1.0,0.0,0.0,0.0,90.0
2026-07-21 16:34:10.250,27.81,29.68,29.93,29.31,25.43,28.88,928.2,24.9,-40.0,1.0,1.0,0.0,0.0,0.0,90.0
2026-07-21 16:34:10.449,27.81,29.68,29.93,29.31,25.43,28.88,928.2,24.9,-40.0,1.0,1.0,0.0,0.0,0.0,90.0
2026-07-21 16:34:10.650,27.81,29.68,29.93,29.31,25.43,28.88,928.2,25.0,-40.0,1.0,1.0,0.0,0.0,0.0,90.0
2026-07-21 16:34:10.849,27.81,29.62,30.0,29.31,25.43,28.88,928.2,25.0,-40.0,1.0,1.0,0.0,0.0,0.0,90.0
2026-07-21 16:34:11.050,27.81,29.62,30.0,29.31,25.43,28.88,928.2,24.8,-40.0,1.0,1.0,0.0,0.0,0.0,91.0
2026-07-21 16:34:11.249,27.81,29.62,30.0,29.31,25.43,28.88,928.2,24.8,-40.0,1.0,1.0,0.0,0.0,0.0,91.0
2026-07-21 16:34:11.449,27.81,29.62,30.0,29.31,25.43,28.88,928.2,24.8,-40.0,1.0,1.0,0.0,0.0,0.0,91.0
2026-07-21 16:34:11.649,27.81,29.62,30.0,29.31,25.43,28.88,928.2,24.8,-40.0,1.0,1.0,0.0,0.0,0.0,91.0
2026-07-21 16:34:11.849,27.81,29.68,30.0,29.31,25.43,28.88,928.2,24.8,-40.0,1.0,1.0,0.0,0.0,0.0,91.0
2026-07-21 16:34:12.049,27.81,29.68,30.0,29.31,25.43,28.88,928.3,24.9,-40.0,1.0,1.0,0.0,0.0,0.0,92.0
2026-07-21 16:34:12.249,27.81,29.68,30.0,29.31,25.43,28.88,928.3,24.9,-40.0,1.0,1.0,0.0,0.0,0.0,92.0
2026-07-21 16:34:12.449,27.81,29.68,30.0,29.31,25.43,28.88,928.3,24.9,-40.0,1.0,1.0,0.0,0.0,0.0,92.0
2026-07-21 16:34:12.649,27.81,29.68,30.0,29.31,25.43,28.89,928.2,24.9,-40.0,1.0,1.0,0.0,0.0,0.0,92.0
2026-07-21 16:34:12.849,27.81,29.62,30.0,29.31,25.43,28.89,928.2,24.9,-40.0,1.0,1.0,0.0,0.0,0.0,92.0
2026-07-21 16:34:13.050,27.81,29.62,30.0,29.31,25.43,28.88,928.2,24.8,-40.0,1.0,1.0,0.0,0.0,0.0,93.0
2026-07-21 16:34:13.249,27.81,29.62,30.0,29.31,25.43,28.88,928.2,24.8,-40.0,1.0,1.0,0.0,0.0,0.0,93.0
2026-07-21 16:34:13.449,27.81,29.62,30.0,29.31,25.43,28.88,928.2,24.8,-40.0,1.0,1.0,0.0,0.0,0.0,93.0
2026-07-21 16:34:13.649,27.81,29.62,30.0,29.31,25.43,28.88,928.2,24.4,-40.0,1.0,1.0,0.0,0.0,0.0,93.0
2026-07-21 16:34:13.849,27.81,29.62,29.93,29.31,25.5,28.88,928.2,24.4,-40.0,1.0,1.0,0.0,0.0,0.0,93.0
2026-07-21 16:34:14.050,27.81,29.62,29.93,29.31,25.5,28.88,928.2,24.7,-40.0,1.0,1.0,0.0,0.0,0.0,94.0
2026-07-21 16:34:14.249,27.81,29.62,29.93,29.31,25.5,28.88,928.2,24.7,-40.0,1.0,1.0,0.0,0.0,0.0,94.0
2026-07-21 16:34:14.449,27.81,29.62,29.93,29.31,25.5,28.88,928.2,24.7,-40.0,1.0,1.0,0.0,0.0,0.0,94.0
2026-07-21 16:34:14.649,27.81,29.62,29.93,29.31,25.5,28.88,928.2,25.1,-40.0,1.0,1.0,0.0,0.0,0.0,94.0
2026-07-21 16:34:14.849,27.81,29.62,30.0,29.31,25.5,28.88,928.2,25.1,-40.0,1.0,1.0,0.0,0.0,0.0,94.0
2026-07-21 16:34:15.049,27.81,29.62,30.0,29.31,25.5,28.88,928.2,24.8,-40.0,1.0,1.0,0.0,0.0,0.0,95.0
2026-07-21 16:34:15.249,27.81,29.62,30.0,29.31,25.5,28.88,928.2,24.8,-40.0,1.0,1.0,0.0,0.0,0.0,95.0
2026-07-21 16:34:15.449,27.81,29.62,30.0,29.31,25.5,28.88,928.2,24.8,-40.0,1.0,1.0,0.0,0.0,0.0,95.0
2026-07-21 16:34:15.649,27.81,29.62,30.0,29.31,25.5,28.88,928.2,25.1,-40.0,1.0,1.0,0.0,0.0,0.0,95.0
2026-07-21 16:34:15.849,27.81,29.68,30.0,29.25,25.5,28.88,928.2,25.1,-40.0,1.0,1.0,0.0,0.0,0.0,95.0
2026-07-21 16:34:16.049,27.81,29.68,30.0,29.25,25.5,28.88,928.2,24.9,-40.0,1.0,1.0,0.0,0.0,0.0,96.0
2026-07-21 16:34:16.249,27.81,29.68,30.0,29.25,25.5,28.88,928.2,24.9,-40.0,1.0,1.0,0.0,0.0,0.0,96.0
2026-07-21 16:34:16.453,27.81,29.68,30.0,29.25,25.5,28.88,928.2,24.9,-40.0,1.0,1.0,0.0,0.0,0.0,96.0
2026-07-21 16:34:16.650,27.81,29.68,30.0,29.25,25.5,28.89,928.2,24.9,-40.0,1.0,1.0,0.0,0.0,0.0,96.0
2026-07-21 16:34:16.850,27.81,29.62,30.0,29.25,25.5,28.89,928.2,24.9,-40.0,1.0,1.0,0.0,0.0,0.0,96.0
2026-07-21 16:34:17.050,27.81,29.62,30.0,29.25,25.5,28.89,928.2,24.6,-40.0,1.0,1.0,0.0,0.0,0.0,97.0
2026-07-21 16:34:17.249,27.81,29.62,30.0,29.25,25.5,28.89,928.2,24.6,-40.0,1.0,1.0,0.0,0.0,0.0,97.0
2026-07-21 16:34:17.472,27.81,29.62,30.0,29.25,25.5,28.89,928.2,24.6,-40.0,1.0,1.0,0.0,0.0,0.0,97.0
2026-07-21 16:34:17.649,27.81,29.62,30.0,29.25,25.5,28.89,928.2,24.7,-40.0,1.0,1.0,0.0,0.0,0.0,97.0
2026-07-21 16:34:17.849,27.81,29.68,30.0,29.25,25.5,28.89,928.2,24.7,-40.0,1.0,1.0,0.0,0.0,0.0,97.0
2026-07-21 16:34:18.050,27.81,29.68,30.0,29.25,25.5,28.88,928.1,24.5,-40.0,1.0,1.0,0.0,0.0,0.0,98.0
2026-07-21 16:34:18.249,27.81,29.68,30.0,29.25,25.5,28.88,928.1,24.5,-40.0,1.0,1.0,0.0,0.0,0.0,98.0
2026-07-21 16:34:18.450,27.81,29.68,30.0,29.25,25.5,28.88,928.1,24.5,-40.0,1.0,1.0,0.0,0.0,0.0,98.0
2026-07-21 16:34:18.650,27.81,29.68,30.0,29.25,25.5,28.89,928.2,24.8,-40.0,1.0,1.0,0.0,0.0,0.0,98.0
2026-07-21 16:34:18.849,27.81,29.68,29.93,29.31,25.5,28.89,928.2,24.8,-40.0,1.0,1.0,0.0,0.0,0.0,98.0
2026-07-21 16:34:19.050,27.81,29.68,29.93,29.31,25.5,28.89,928.2,24.4,-40.0,1.0,1.0,0.0,0.0,0.0,99.0
2026-07-21 16:34:19.250,27.81,29.68,29.93,29.31,25.5,28.89,928.2,24.4,-40.0,1.0,1.0,0.0,0.0,0.0,99.0
2026-07-21 16:34:19.449,27.81,29.68,29.93,29.31,25.5,28.89,928.2,24.4,-40.0,1.0,1.0,0.0,0.0,0.0,99.0
2026-07-21 16:34:19.650,27.81,29.68,29.93,29.31,25.5,28.89,928.2,24.9,-40.0,1.0,1.0,0.0,0.0,0.0,99.0
2026-07-21 16:34:19.849,27.81,29.62,30.0,29.25,25.5,28.89,928.2,24.9,-40.0,1.0,1.0,0.0,0.0,0.0,99.0
2026-07-21 16:34:20.067,27.81,29.62,30.0,29.25,25.5,28.89,928.2,24.7,-40.0,1.0,1.0,0.0,0.0,0.0,100.0
2026-07-21 16:34:20.250,27.81,29.62,30.0,29.25,25.5,28.89,928.2,24.7,-40.0,1.0,1.0,0.0,0.0,0.0,100.0
2026-07-21 16:34:20.449,27.81,29.62,30.0,29.25,25.5,28.89,928.2,24.7,-40.0,1.0,1.0,0.0,0.0,0.0,100.0
2026-07-21 16:34:20.657,27.81,29.62,30.0,29.25,25.5,28.89,928.2,24.7,-40.0,1.0,1.0,0.0,0.0,0.0,100.0
2026-07-21 16:34:20.850,27.81,29.68,30.0,29.31,25.5,28.89,928.2,24.7,-40.0,1.0,1.0,0.0,0.0,0.0,100.0
2026-07-21 16:34:21.050,27.81,29.68,30.0,29.31,25.5,28.88,928.2,24.8,-40.0,1.0,1.0,0.0,0.0,0.0,101.0
2026-07-21 16:34:21.248,27.81,29.68,30.0,29.31,25.5,28.88,928.2,24.8,-40.0,1.0,1.0,0.0,0.0,0.0,101.0
2026-07-21 16:34:21.449,27.81,29.68,30.0,29.31,25.5,28.88,928.2,24.8,-40.0,1.0,1.0,0.0,0.0,0.0,101.0
2026-07-21 16:34:21.655,27.81,29.68,30.0,29.31,25.5,28.89,928.2,24.8,-40.0,1.0,1.0,0.0,0.0,0.0,101.0
2026-07-21 16:34:21.849,27.87,29.68,30.0,29.25,25.56,28.89,928.2,24.8,-40.0,1.0,1.0,0.0,0.0,0.0,101.0
2026-07-21 16:34:22.049,27.87,29.68,30.0,29.25,25.56,28.88,928.2,24.6,-40.0,1.0,1.0,0.0,0.0,0.0,102.0
2026-07-21 16:34:22.249,27.87,29.68,30.0,29.25,25.56,28.88,928.2,24.6,-40.0,1.0,1.0,0.0,0.0,0.0,102.0
2026-07-21 16:34:22.449,27.87,29.68,30.0,29.25,25.56,28.88,928.2,24.6,-40.0,1.0,1.0,0.0,0.0,0.0,102.0
2026-07-21 16:34:22.649,27.87,29.68,30.0,29.25,25.56,28.88,928.2,24.7,-40.0,1.0,1.0,0.0,0.0,0.0,102.0
2026-07-21 16:34:22.849,27.87,29.68,30.0,29.25,25.56,28.88,928.2,24.7,-40.0,1.0,1.0,0.0,0.0,0.0,102.0
2026-07-21 16:34:23.049,27.87,29.68,30.0,29.25,25.56,28.89,928.2,24.5,-40.0,1.0,1.0,0.0,0.0,0.0,103.0
2026-07-21 16:34:23.248,27.87,29.68,30.0,29.25,25.56,28.89,928.2,24.5,-40.0,1.0,1.0,0.0,0.0,0.0,103.0
2026-07-21 16:34:23.449,27.87,29.68,30.0,29.25,25.56,28.89,928.2,24.5,-40.0,1.0,1.0,0.0,0.0,0.0,103.0
2026-07-21 16:34:23.649,27.87,29.68,30.0,29.25,25.56,28.89,928.1,24.7,-40.0,1.0,1.0,0.0,0.0,0.0,103.0
2026-07-21 16:34:23.849,27.87,29.62,30.0,29.25,25.56,28.89,928.1,24.7,-40.0,1.0,1.0,0.0,0.0,0.0,103.0
2026-07-21 16:34:24.050,27.87,29.62,30.0,29.25,25.56,28.89,928.2,24.3,-40.0,1.0,1.0,0.0,0.0,0.0,104.0
2026-07-21 16:34:24.249,27.87,29.62,30.0,29.25,25.56,28.89,928.2,24.3,-40.0,1.0,1.0,0.0,0.0,0.0,104.0
2026-07-21 16:34:24.450,27.87,29.62,30.0,29.25,25.56,28.89,928.2,24.3,-40.0,1.0,1.0,0.0,0.0,0.0,104.0
2026-07-21 16:34:24.649,27.87,29.62,30.0,29.25,25.56,28.89,928.2,24.5,-40.0,1.0,1.0,0.0,0.0,0.0,104.0
2026-07-21 16:34:24.849,27.87,29.62,30.0,29.25,25.56,28.89,928.2,24.5,-40.0,1.0,1.0,0.0,0.0,0.0,104.0
2026-07-21 16:34:25.049,27.87,29.62,30.0,29.25,25.56,28.89,928.3,24.5,-40.0,1.0,1.0,0.0,0.0,0.0,105.0
2026-07-21 16:34:25.249,27.87,29.62,30.0,29.25,25.56,28.89,928.3,24.5,-40.0,1.0,1.0,0.0,0.0,0.0,105.0
2026-07-21 16:34:25.448,27.87,29.62,30.0,29.25,25.56,28.89,928.3,24.5,-40.0,1.0,1.0,0.0,0.0,0.0,105.0
2026-07-21 16:34:25.649,27.87,29.62,30.0,29.25,25.56,28.9,928.2,24.6,-40.0,1.0,1.0,0.0,0.0,0.0,105.0
2026-07-21 16:34:25.849,28.06,29.62,30.0,29.25,25.56,28.9,928.2,24.6,-40.0,1.0,1.0,0.0,0.0,0.0,105.0
2026-07-21 16:34:26.049,28.06,29.62,30.0,29.25,25.56,28.89,928.2,24.5,-40.0,1.0,1.0,0.0,0.0,0.0,106.0
2026-07-21 16:34:26.249,28.06,29.62,30.0,29.25,25.56,28.89,928.2,24.5,-40.0,1.0,1.0,0.0,0.0,0.0,106.0
2026-07-21 16:34:26.452,28.06,29.62,30.0,29.25,25.56,28.89,928.2,24.5,-40.0,1.0,1.0,0.0,0.0,0.0,106.0
2026-07-21 16:34:26.649,28.06,29.62,30.0,29.25,25.56,28.89,928.2,24.6,-40.0,1.0,1.0,0.0,0.0,0.0,106.0
2026-07-21 16:34:26.849,28.18,29.68,29.93,29.25,25.56,28.89,928.2,24.6,-40.0,1.0,1.0,0.0,0.0,0.0,106.0
2026-07-21 16:34:27.049,28.18,29.68,29.93,29.25,25.56,28.89,928.2,24.7,-40.0,1.0,1.0,0.0,0.0,0.0,107.0
2026-07-21 16:34:27.248,28.18,29.68,29.93,29.25,25.56,28.89,928.2,24.7,-40.0,1.0,1.0,0.0,0.0,0.0,107.0
2026-07-21 16:34:27.449,28.18,29.68,29.93,29.25,25.56,28.89,928.2,24.7,-40.0,1.0,1.0,0.0,0.0,0.0,107.0
2026-07-21 16:34:27.649,28.18,29.68,29.93,29.25,25.56,28.89,928.2,24.6,-40.0,1.0,1.0,0.0,0.0,0.0,107.0
2026-07-21 16:34:27.849,28.31,29.68,30.0,29.25,25.56,28.89,928.2,24.6,-40.0,1.0,1.0,0.0,0.0,0.0,107.0
2026-07-21 16:34:28.049,28.31,29.68,30.0,29.25,25.56,28.89,928.2,24.5,-40.0,1.0,1.0,0.0,0.0,0.0,108.0
2026-07-21 16:34:28.248,28.31,29.68,30.0,29.25,25.56,28.89,928.2,24.5,-40.0,1.0,1.0,0.0,0.0,0.0,108.0
2026-07-21 16:34:28.449,28.31,29.68,30.0,29.25,25.56,28.89,928.2,24.5,-40.0,1.0,1.0,0.0,0.0,0.0,108.0
2026-07-21 16:34:28.649,28.31,29.68,30.0,29.25,25.56,28.89,928.2,24.4,-40.0,1.0,1.0,0.0,0.0,0.0,108.0
2026-07-21 16:34:28.849,28.5,29.68,30.0,29.25,25.62,28.89,928.2,24.4,-40.0,1.0,1.0,0.0,0.0,0.0,108.0
2026-07-21 16:34:29.074,28.5,29.68,30.0,29.25,25.62,28.89,928.1,24.2,-40.0,1.0,1.0,0.0,0.0,0.0,109.0
2026-07-21 16:34:29.249,28.5,29.68,30.0,29.25,25.62,28.89,928.1,24.2,-40.0,1.0,1.0,0.0,0.0,0.0,109.0
2026-07-21 16:34:29.448,28.5,29.68,30.0,29.25,25.62,28.89,928.1,24.2,-40.0,1.0,1.0,0.0,0.0,0.0,109.0
2026-07-21 16:34:29.648,28.5,29.68,30.0,29.25,25.62,28.9,928.2,24.4,-40.0,1.0,1.0,0.0,0.0,0.0,109.0
2026-07-21 16:34:29.849,28.68,29.68,30.0,29.25,25.56,28.9,928.2,24.4,-40.0,1.0,1.0,0.0,0.0,0.0,109.0
2026-07-21 16:34:30.048,28.68,29.68,30.0,29.25,25.56,28.89,928.2,24.5,-40.0,1.0,1.0,0.0,0.0,0.0,110.0
2026-07-21 16:34:30.249,28.68,29.68,30.0,29.25,25.56,28.89,928.2,24.5,-40.0,1.0,1.0,0.0,0.0,0.0,110.0
2026-07-21 16:34:30.449,28.68,29.68,30.0,29.25,25.56,28.89,928.2,24.5,-40.0,1.0,1.0,0.0,0.0,0.0,110.0
2026-07-21 16:34:30.649,28.68,29.68,30.0,29.25,25.56,28.9,928.2,24.7,-40.0,1.0,1.0,0.0,0.0,0.0,110.0
2026-07-21 16:34:30.849,28.81,29.68,30.0,29.25,25.62,28.9,928.2,24.7,-40.0,1.0,1.0,0.0,0.0,0.0,110.0
2026-07-21 16:34:31.049,28.81,29.68,30.0,29.25,25.62,28.89,928.2,24.7,-40.0,1.0,1.0,0.0,0.0,0.0,111.0
2026-07-21 16:34:31.248,28.81,29.68,30.0,29.25,25.62,28.89,928.2,24.7,-40.0,1.0,1.0,0.0,0.0,0.0,111.0
2026-07-21 16:34:31.448,28.81,29.68,30.0,29.25,25.62,28.89,928.2,24.7,-40.0,1.0,1.0,0.0,0.0,0.0,111.0
2026-07-21 16:34:31.649,28.81,29.68,30.0,29.25,25.62,28.89,928.2,24.2,-40.0,1.0,1.0,0.0,0.0,0.0,111.0
2026-07-21 16:34:31.849,28.93,29.68,30.0,29.25,25.62,28.89,928.2,24.2,-40.0,1.0,1.0,0.0,0.0,0.0,111.0
2026-07-21 16:34:32.048,28.93,29.68,30.0,29.25,25.62,28.89,928.2,24.8,-40.0,1.0,1.0,0.0,0.0,0.0,112.0
2026-07-21 16:34:32.260,28.93,29.68,30.0,29.25,25.62,28.89,928.2,24.8,-40.0,1.0,1.0,0.0,0.0,0.0,112.0
2026-07-21 16:34:32.449,28.93,29.68,30.0,29.25,25.62,28.89,928.2,24.8,-40.0,1.0,1.0,0.0,0.0,0.0,112.0
2026-07-21 16:34:32.648,28.93,29.68,30.0,29.25,25.62,28.89,928.2,24.4,-40.0,1.0,1.0,0.0,0.0,0.0,112.0
2026-07-21 16:34:32.849,29.12,29.68,30.0,29.25,25.62,28.89,928.2,24.4,-40.0,1.0,1.0,0.0,0.0,0.0,112.0
2026-07-21 16:34:33.049,29.12,29.68,30.0,29.25,25.62,28.89,928.3,24.5,-40.0,1.0,1.0,0.0,0.0,0.0,113.0
2026-07-21 16:34:33.248,29.12,29.68,30.0,29.25,25.62,28.89,928.3,24.5,-40.0,1.0,1.0,0.0,0.0,0.0,113.0
2026-07-21 16:34:33.448,29.12,29.68,30.0,29.25,25.62,28.89,928.3,24.5,-40.0,1.0,1.0,0.0,0.0,0.0,113.0
2026-07-21 16:34:33.648,29.12,29.68,30.0,29.25,25.62,28.89,928.2,24.7,-40.0,1.0,1.0,0.0,0.0,0.0,113.0
2026-07-21 16:34:33.848,29.31,29.68,30.0,29.25,25.62,28.89,928.2,24.7,-40.0,1.0,1.0,0.0,0.0,0.0,113.0
2026-07-21 16:34:34.049,29.31,29.68,30.0,29.25,25.62,28.89,928.1,24.6,-40.0,1.0,1.0,0.0,0.0,0.0,114.0
2026-07-21 16:34:34.249,29.31,29.68,30.0,29.25,25.62,28.89,928.1,24.6,-40.0,1.0,1.0,0.0,0.0,0.0,114.0
2026-07-21 16:34:34.448,29.31,29.68,30.0,29.25,25.62,28.89,928.1,24.6,-40.0,1.0,1.0,0.0,0.0,0.0,114.0
2026-07-21 16:34:34.649,29.31,29.68,30.0,29.25,25.62,28.89,928.2,24.3,-40.0,1.0,1.0,0.0,0.0,0.0,114.0
2026-07-21 16:34:34.849,29.43,29.68,30.0,29.25,25.62,28.89,928.2,24.3,-40.0,1.0,1.0,0.0,0.0,0.0,114.0
2026-07-21 16:34:35.048,29.43,29.68,30.0,29.25,25.62,28.88,928.2,24.7,-40.0,1.0,1.0,0.0,0.0,0.0,115.0
2026-07-21 16:34:35.248,29.43,29.68,30.0,29.25,25.62,28.88,928.2,24.7,-40.0,1.0,1.0,0.0,0.0,0.0,115.0
2026-07-21 16:34:35.454,29.43,29.68,30.0,29.25,25.62,28.88,928.2,24.7,-40.0,1.0,1.0,0.0,0.0,0.0,115.0
2026-07-21 16:34:35.649,29.43,29.68,30.0,29.25,25.62,28.89,928.2,24.6,-40.0,1.0,1.0,0.0,0.0,0.0,115.0
2026-07-21 16:34:35.848,29.62,29.68,30.0,29.25,25.62,28.89,928.2,24.6,-40.0,1.0,1.0,0.0,0.0,0.0,115.0
2026-07-21 16:34:36.048,29.62,29.68,30.0,29.25,25.62,28.89,928.2,24.4,-40.0,1.0,1.0,0.0,0.0,0.0,116.0
2026-07-21 16:34:36.248,29.62,29.68,30.0,29.25,25.62,28.89,928.2,24.4,-40.0,1.0,1.0,0.0,0.0,0.0,116.0
2026-07-21 16:34:36.448,29.62,29.68,30.0,29.25,25.62,28.89,928.2,24.4,-40.0,1.0,1.0,0.0,0.0,0.0,116.0
2026-07-21 16:34:36.648,29.62,29.68,30.0,29.25,25.62,28.89,928.2,24.8,-40.0,1.0,1.0,0.0,0.0,0.0,116.0
2026-07-21 16:34:36.850,29.75,29.68,29.93,29.25,25.62,28.89,928.2,24.8,-40.0,1.0,1.0,0.0,0.0,0.0,116.0
2026-07-21 16:34:37.048,29.75,29.68,29.93,29.25,25.62,28.89,928.1,24.7,-40.0,1.0,1.0,0.0,0.0,0.0,117.0
2026-07-21 16:34:37.248,29.75,29.68,29.93,29.25,25.62,28.89,928.1,24.7,-40.0,1.0,1.0,0.0,0.0,0.0,117.0
2026-07-21 16:34:37.448,29.75,29.68,29.93,29.25,25.62,28.89,928.1,24.7,-40.0,1.0,1.0,0.0,0.0,0.0,117.0
2026-07-21 16:34:37.648,29.75,29.68,29.93,29.25,25.62,28.89,928.2,24.4,-40.0,1.0,1.0,0.0,0.0,0.0,117.0
2026-07-21 16:34:37.849,29.87,29.68,30.0,29.25,25.62,28.89,928.2,24.4,-40.0,1.0,1.0,0.0,0.0,0.0,117.0
2026-07-21 16:34:38.049,29.87,29.68,30.0,29.25,25.62,28.89,928.2,24.4,-40.0,1.0,1.0,0.0,0.0,0.0,118.0
2026-07-21 16:34:38.248,29.87,29.68,30.0,29.25,25.62,28.89,928.2,24.4,-40.0,1.0,1.0,0.0,0.0,0.0,118.0
2026-07-21 16:34:38.448,29.87,29.68,30.0,29.25,25.62,28.89,928.2,24.4,-40.0,1.0,1.0,0.0,0.0,0.0,118.0
2026-07-21 16:34:38.664,29.87,29.68,30.0,29.25,25.62,28.89,928.1,24.6,-40.0,1.0,1.0,0.0,0.0,0.0,118.0
2026-07-21 16:34:38.849,29.93,29.68,29.93,29.25,25.62,28.89,928.1,24.6,-40.0,1.0,1.0,0.0,0.0,0.0,118.0
2026-07-21 16:34:39.049,29.93,29.68,29.93,29.25,25.62,28.89,928.2,24.2,-40.0,1.0,1.0,0.0,0.0,0.0,119.0
2026-07-21 16:34:39.249,29.93,29.68,29.93,29.25,25.62,28.89,928.2,24.2,-40.0,1.0,1.0,0.0,0.0,0.0,119.0
2026-07-21 16:34:39.448,29.93,29.68,29.93,29.25,25.62,28.89,928.2,24.2,-40.0,1.0,1.0,0.0,0.0,0.0,119.0
2026-07-21 16:34:39.648,29.93,29.68,29.93,29.25,25.62,28.88,928.2,24.2,-40.0,1.0,1.0,0.0,0.0,0.0,119.0
2026-07-21 16:34:39.849,30.06,29.68,29.93,29.25,25.62,28.88,928.2,24.2,-40.0,1.0,1.0,0.0,0.0,0.0,119.0
2026-07-21 16:34:40.049,30.06,29.68,29.93,29.25,25.62,28.89,928.3,24.6,-40.0,0.0,0.0,0.0,0.0,1.0,120.0
2026-07-21 16:34:40.272,30.06,29.68,29.93,29.25,25.62,28.89,928.3,24.6,-40.0,0.0,0.0,0.0,0.0,1.0,120.0
2026-07-21 16:34:40.448,30.06,29.68,29.93,29.25,25.62,28.89,928.3,24.6,-40.0,0.0,0.0,0.0,0.0,1.0,120.0
2026-07-21 16:34:40.649,30.06,29.68,29.93,29.25,25.62,28.89,928.2,24.7,-40.0,0.0,0.0,0.0,0.0,1.0,120.0
2026-07-21 16:34:40.849,30.25,29.68,30.0,29.18,25.62,28.89,928.2,24.7,-40.0,0.0,0.0,0.0,0.0,1.0,120.0
2026-07-21 16:34:41.049,30.25,29.68,30.0,29.18,25.62,28.88,928.2,24.8,-40.0,0.0,0.0,0.0,0.0,1.0,121.0
2026-07-21 16:34:41.248,30.25,29.68,30.0,29.18,25.62,28.88,928.2,24.8,-40.0,0.0,0.0,0.0,0.0,1.0,121.0
2026-07-21 16:34:41.448,30.25,29.68,30.0,29.18,25.62,28.88,928.2,24.8,-40.0,0.0,0.0,0.0,0.0,1.0,121.0
2026-07-21 16:34:41.649,30.25,29.68,30.0,29.18,25.62,28.89,928.2,24.7,-40.0,0.0,0.0,0.0,0.0,1.0,121.0
2026-07-21 16:34:41.848,30.43,29.68,29.93,29.25,25.68,28.89,928.2,24.7,-40.0,0.0,0.0,0.0,0.0,1.0,121.0
2026-07-21 16:34:42.048,30.43,29.68,29.93,29.25,25.68,28.88,928.2,24.5,-40.0,0.0,0.0,0.0,0.0,1.0,122.0
2026-07-21 16:34:42.249,30.43,29.68,29.93,29.25,25.68,28.88,928.2,24.5,-40.0,0.0,0.0,0.0,0.0,1.0,122.0
2026-07-21 16:34:42.448,30.43,29.68,29.93,29.25,25.68,28.88,928.2,24.5,-40.0,0.0,0.0,0.0,0.0,1.0,122.0
2026-07-21 16:34:42.648,30.43,29.68,29.93,29.25,25.68,28.88,928.2,24.3,-40.0,0.0,0.0,0.0,0.0,1.0,122.0
2026-07-21 16:34:42.849,30.62,29.68,30.0,29.25,25.62,28.88,928.2,24.3,-40.0,0.0,0.0,0.0,0.0,1.0,122.0
2026-07-21 16:34:43.049,30.62,29.68,30.0,29.25,25.62,28.88,928.2,24.9,-40.0,0.0,0.0,0.0,0.0,1.0,123.0
2026-07-21 16:34:43.248,30.62,29.68,30.0,29.25,25.62,28.88,928.2,24.9,-40.0,0.0,0.0,0.0,0.0,1.0,123.0
2026-07-21 16:34:43.454,30.62,29.68,30.0,29.25,25.62,28.88,928.2,24.9,-40.0,0.0,0.0,0.0,0.0,1.0,123.0
2026-07-21 16:34:43.648,30.62,29.68,30.0,29.25,25.62,28.88,928.2,24.6,-40.0,0.0,0.0,0.0,0.0,1.0,123.0
2026-07-21 16:34:43.848,30.75,29.62,30.0,29.25,25.68,28.88,928.2,24.6,-40.0,0.0,0.0,0.0,0.0,1.0,123.0
2026-07-21 16:34:44.048,30.75,29.62,30.0,29.25,25.68,28.88,928.2,24.7,-40.0,0.0,0.0,0.0,0.0,1.0,124.0
2026-07-21 16:34:44.249,30.75,29.62,30.0,29.25,25.68,28.88,928.2,24.7,-40.0,0.0,0.0,0.0,0.0,1.0,124.0
2026-07-21 16:34:44.448,30.75,29.62,30.0,29.25,25.68,28.88,928.2,24.7,-40.0,0.0,0.0,0.0,0.0,1.0,124.0
2026-07-21 16:34:44.650,30.75,29.62,30.0,29.25,25.68,28.88,928.2,24.7,-40.0,0.0,0.0,0.0,0.0,1.0,124.0
2026-07-21 16:34:44.849,30.81,29.68,30.0,29.25,25.68,28.88,928.2,24.7,-40.0,0.0,0.0,0.0,0.0,1.0,124.0
2026-07-21 16:34:45.049,30.81,29.68,30.0,29.25,25.68,28.88,928.2,24.9,-40.0,0.0,0.0,0.0,0.0,1.0,125.0
2026-07-21 16:34:45.248,30.81,29.68,30.0,29.25,25.68,28.88,928.2,24.9,-40.0,0.0,0.0,0.0,0.0,1.0,125.0
2026-07-21 16:34:45.448,30.81,29.68,30.0,29.25,25.68,28.88,928.2,24.9,-40.0,0.0,0.0,0.0,0.0,1.0,125.0
2026-07-21 16:34:45.648,30.81,29.68,30.0,29.25,25.68,28.88,928.2,24.5,-40.0,0.0,0.0,0.0,0.0,1.0,125.0
2026-07-21 16:34:45.848,30.93,29.68,29.93,29.25,25.68,28.88,928.2,24.5,-40.0,0.0,0.0,0.0,0.0,1.0,125.0
2026-07-21 16:34:46.048,30.93,29.68,29.93,29.25,25.68,28.87,928.2,24.4,-40.0,0.0,0.0,0.0,0.0,1.0,126.0
2026-07-21 16:34:46.248,30.93,29.68,29.93,29.25,25.68,28.87,928.2,24.4,-40.0,0.0,0.0,0.0,0.0,1.0,126.0
2026-07-21 16:34:46.448,30.93,29.68,29.93,29.25,25.68,28.87,928.2,24.4,-40.0,0.0,0.0,0.0,0.0,1.0,126.0
2026-07-21 16:34:46.648,30.93,29.68,29.93,29.25,25.68,28.88,928.2,24.6,-40.0,0.0,0.0,0.0,0.0,1.0,126.0
2026-07-21 16:34:46.849,31.0,29.68,29.93,29.25,25.68,28.88,928.2,24.6,-40.0,0.0,0.0,0.0,0.0,1.0,126.0
2026-07-21 16:34:47.048,31.0,29.68,29.93,29.25,25.68,28.88,928.2,24.3,-40.0,0.0,0.0,0.0,0.0,1.0,127.0
2026-07-21 16:34:47.248,31.0,29.68,29.93,29.25,25.68,28.88,928.2,24.3,-40.0,0.0,0.0,0.0,0.0,1.0,127.0
2026-07-21 16:34:47.449,31.0,29.68,29.93,29.25,25.68,28.88,928.2,24.3,-40.0,0.0,0.0,0.0,0.0,1.0,127.0
2026-07-21 16:34:47.649,31.0,29.68,29.93,29.25,25.68,28.89,928.2,24.7,-40.0,0.0,0.0,0.0,0.0,1.0,127.0
2026-07-21 16:34:47.849,31.06,29.68,30.0,29.18,25.68,28.89,928.2,24.7,-40.0,0.0,0.0,0.0,0.0,1.0,127.0
2026-07-21 16:34:48.048,31.06,29.68,30.0,29.18,25.68,28.88,928.1,24.3,-40.0,0.0,0.0,0.0,0.0,1.0,128.0
2026-07-21 16:34:48.248,31.06,29.68,30.0,29.18,25.68,28.88,928.1,24.3,-40.0,0.0,0.0,0.0,0.0,1.0,128.0
2026-07-21 16:34:48.449,31.06,29.68,30.0,29.18,25.68,28.88,928.1,24.3,-40.0,0.0,0.0,0.0,0.0,1.0,128.0
2026-07-21 16:34:48.650,31.06,29.68,30.0,29.18,25.68,28.88,928.2,24.7,-40.0,0.0,0.0,0.0,0.0,1.0,128.0
2026-07-21 16:34:48.855,31.12,29.68,29.93,29.18,25.68,28.88,928.2,24.7,-40.0,0.0,0.0,0.0,0.0,1.0,128.0
2026-07-21 16:34:49.048,31.12,29.68,29.93,29.18,25.68,28.88,928.2,24.6,-40.0,0.0,0.0,0.0,0.0,1.0,129.0
2026-07-21 16:34:49.248,31.12,29.68,29.93,29.18,25.68,28.88,928.2,24.6,-40.0,0.0,0.0,0.0,0.0,1.0,129.0
2026-07-21 16:34:49.448,31.12,29.68,29.93,29.18,25.68,28.88,928.2,24.6,-40.0,0.0,0.0,0.0,0.0,1.0,129.0
2026-07-21 16:34:49.648,31.12,29.68,29.93,29.18,25.68,28.87,928.2,24.2,-40.0,0.0,0.0,0.0,0.0,1.0,129.0
2026-07-21 16:34:49.849,31.18,29.68,30.0,29.25,25.68,28.87,928.2,24.2,-40.0,0.0,0.0,0.0,0.0,1.0,129.0
2026-07-21 16:34:50.049,31.18,29.68,30.0,29.25,25.68,28.88,928.2,24.2,-40.0,0.0,0.0,0.0,0.0,1.0,130.0
2026-07-21 16:34:50.248,31.18,29.68,30.0,29.25,25.68,28.88,928.2,24.2,-40.0,0.0,0.0,0.0,0.0,1.0,130.0
2026-07-21 16:34:50.449,31.18,29.68,30.0,29.25,25.68,28.88,928.2,24.2,-40.0,0.0,0.0,0.0,0.0,1.0,130.0
2026-07-21 16:34:50.648,31.18,29.68,30.0,29.25,25.68,28.88,928.2,24.4,-40.0,0.0,0.0,0.0,0.0,1.0,130.0
2026-07-21 16:34:50.849,31.25,29.68,30.0,29.25,25.68,28.88,928.2,24.4,-40.0,0.0,0.0,0.0,0.0,1.0,130.0
2026-07-21 16:34:51.075,31.25,29.68,30.0,29.25,25.68,28.88,928.1,24.7,-40.0,0.0,0.0,0.0,0.0,1.0,131.0
2026-07-21 16:34:51.248,31.25,29.68,30.0,29.25,25.68,28.88,928.1,24.7,-40.0,0.0,0.0,0.0,0.0,1.0,131.0
2026-07-21 16:34:51.468,31.25,29.68,30.0,29.25,25.68,28.88,928.1,24.7,-40.0,0.0,0.0,0.0,0.0,1.0,131.0
2026-07-21 16:34:51.648,31.25,29.68,30.0,29.25,25.68,28.87,928.2,24.6,-40.0,0.0,0.0,0.0,0.0,1.0,131.0
2026-07-21 16:34:51.848,31.31,29.68,29.93,29.25,25.68,28.87,928.2,24.6,-40.0,0.0,0.0,0.0,0.0,1.0,131.0
2026-07-21 16:34:52.056,31.31,29.68,29.93,29.25,25.68,28.88,928.2,24.1,-40.0,0.0,0.0,0.0,0.0,1.0,132.0
2026-07-21 16:34:52.248,31.31,29.68,29.93,29.25,25.68,28.88,928.2,24.1,-40.0,0.0,0.0,0.0,0.0,1.0,132.0
2026-07-21 16:34:52.449,31.31,29.68,29.93,29.25,25.68,28.88,928.2,24.1,-40.0,0.0,0.0,0.0,0.0,1.0,132.0
2026-07-21 16:34:52.649,31.31,29.68,29.93,29.25,25.68,28.88,928.2,24.6,-40.0,0.0,0.0,0.0,0.0,1.0,132.0
2026-07-21 16:34:52.849,31.37,29.68,29.93,29.25,25.68,28.88,928.2,24.6,-40.0,0.0,0.0,0.0,0.0,1.0,132.0
2026-07-21 16:34:53.049,31.37,29.68,29.93,29.25,25.68,28.87,928.1,24.7,-40.0,0.0,0.0,0.0,0.0,1.0,133.0
2026-07-21 16:34:53.248,31.37,29.68,29.93,29.25,25.68,28.87,928.1,24.7,-40.0,0.0,0.0,0.0,0.0,1.0,133.0
2026-07-21 16:34:53.448,31.37,29.68,29.93,29.25,25.68,28.87,928.1,24.7,-40.0,0.0,0.0,0.0,0.0,1.0,133.0
2026-07-21 16:34:53.649,31.37,29.68,29.93,29.25,25.68,28.88,928.1,24.5,-40.0,0.0,0.0,0.0,0.0,1.0,133.0
2026-07-21 16:34:53.848,31.43,29.68,30.0,29.25,25.68,28.88,928.1,24.5,-40.0,0.0,0.0,0.0,0.0,1.0,133.0
2026-07-21 16:34:54.048,31.43,29.68,30.0,29.25,25.68,28.88,928.2,24.5,-40.0,0.0,0.0,0.0,0.0,1.0,134.0
2026-07-21 16:34:54.248,31.43,29.68,30.0,29.25,25.68,28.88,928.2,24.5,-40.0,0.0,0.0,0.0,0.0,1.0,134.0
2026-07-21 16:34:54.449,31.43,29.68,30.0,29.25,25.68,28.88,928.2,24.5,-40.0,0.0,0.0,0.0,0.0,1.0,134.0
2026-07-21 16:34:54.648,31.43,29.68,30.0,29.25,25.68,28.87,928.2,25.0,-40.0,0.0,0.0,0.0,0.0,1.0,134.0
2026-07-21 16:34:54.849,31.43,29.68,29.93,29.25,25.68,28.87,928.2,25.0,-40.0,0.0,0.0,0.0,0.0,1.0,134.0
2026-07-21 16:34:55.049,31.43,29.68,29.93,29.25,25.68,28.87,928.2,24.8,-40.0,0.0,0.0,0.0,0.0,1.0,135.0
2026-07-21 16:34:55.248,31.43,29.68,29.93,29.25,25.68,28.87,928.2,24.8,-40.0,0.0,0.0,0.0,0.0,1.0,135.0
2026-07-21 16:34:55.448,31.43,29.68,29.93,29.25,25.68,28.87,928.2,24.8,-40.0,0.0,0.0,0.0,0.0,1.0,135.0
2026-07-21 16:34:55.648,31.43,29.68,29.93,29.25,25.68,28.87,928.2,24.7,-40.0,0.0,0.0,0.0,0.0,1.0,135.0
2026-07-21 16:34:55.848,31.5,29.68,29.93,29.25,25.75,28.87,928.2,24.7,-40.0,0.0,0.0,0.0,0.0,1.0,135.0
2026-07-21 16:34:56.049,31.5,29.68,29.93,29.25,25.75,28.87,928.1,24.1,-40.0,0.0,0.0,0.0,0.0,1.0,136.0
2026-07-21 16:34:56.249,31.5,29.68,29.93,29.25,25.75,28.87,928.1,24.1,-40.0,0.0,0.0,0.0,0.0,1.0,136.0
2026-07-21 16:34:56.449,31.5,29.68,29.93,29.25,25.75,28.87,928.1,24.1,-40.0,0.0,0.0,0.0,0.0,1.0,136.0
2026-07-21 16:34:56.648,31.5,29.68,29.93,29.25,25.75,28.87,928.2,24.8,-40.0,0.0,0.0,0.0,0.0,1.0,136.0
2026-07-21 16:34:56.848,31.56,29.68,29.93,29.25,25.75,28.87,928.2,24.8,-40.0,0.0,0.0,0.0,0.0,1.0,136.0
2026-07-21 16:34:57.048,31.56,29.68,29.93,29.25,25.75,28.87,928.2,24.1,-40.0,0.0,0.0,0.0,0.0,1.0,137.0
2026-07-21 16:34:57.261,31.56,29.68,29.93,29.25,25.75,28.87,928.2,24.1,-40.0,0.0,0.0,0.0,0.0,1.0,137.0
2026-07-21 16:34:57.448,31.56,29.68,29.93,29.25,25.75,28.87,928.2,24.1,-40.0,0.0,0.0,0.0,0.0,1.0,137.0
2026-07-21 16:34:57.649,31.56,29.68,29.93,29.25,25.75,28.87,928.2,24.4,-40.0,0.0,0.0,0.0,0.0,1.0,137.0
2026-07-21 16:34:57.849,31.62,29.68,29.93,29.25,25.68,28.87,928.2,24.4,-40.0,0.0,0.0,0.0,0.0,1.0,137.0
2026-07-21 16:34:58.049,31.62,29.68,29.93,29.25,25.68,28.87,928.2,24.9,-40.0,0.0,0.0,0.0,0.0,1.0,138.0
2026-07-21 16:34:58.248,31.62,29.68,29.93,29.25,25.68,28.87,928.2,24.9,-40.0,0.0,0.0,0.0,0.0,1.0,138.0
2026-07-21 16:34:58.449,31.62,29.68,29.93,29.25,25.68,28.87,928.2,24.9,-40.0,0.0,0.0,0.0,0.0,1.0,138.0
2026-07-21 16:34:58.648,31.62,29.68,29.93,29.25,25.68,28.88,928.2,24.8,-40.0,0.0,0.0,0.0,0.0,1.0,138.0
2026-07-21 16:34:58.848,31.68,29.68,29.93,29.25,25.75,28.88,928.2,24.8,-40.0,0.0,0.0,0.0,0.0,1.0,138.0
2026-07-21 16:34:59.049,31.68,29.68,29.93,29.25,25.75,28.87,928.2,24.8,-40.0,0.0,0.0,0.0,0.0,1.0,139.0
2026-07-21 16:34:59.248,31.68,29.68,29.93,29.25,25.75,28.87,928.2,24.8,-40.0,0.0,0.0,0.0,0.0,1.0,139.0
2026-07-21 16:34:59.449,31.68,29.68,29.93,29.25,25.75,28.87,928.2,24.8,-40.0,0.0,0.0,0.0,0.0,1.0,139.0
2026-07-21 16:34:59.649,31.68,29.68,29.93,29.25,25.75,28.87,928.1,24.5,-40.0,0.0,0.0,0.0,0.0,1.0,139.0
2026-07-21 16:34:59.848,31.68,29.75,30.0,29.25,25.75,28.87,928.1,24.5,-40.0,0.0,0.0,0.0,0.0,1.0,139.0
2026-07-21 16:35:00.049,31.68,29.75,30.0,29.25,25.75,28.87,928.2,24.3,-40.0,0.0,0.0,0.0,0.0,1.0,140.0
2026-07-21 16:35:00.248,31.68,29.75,30.0,29.25,25.75,28.87,928.2,24.3,-40.0,0.0,0.0,0.0,0.0,1.0,140.0
2026-07-21 16:35:00.448,31.68,29.75,30.0,29.25,25.75,28.87,928.2,24.3,-40.0,0.0,0.0,0.0,0.0,1.0,140.0
2026-07-21 16:35:00.649,31.68,29.75,30.0,29.25,25.75,28.87,928.2,24.9,-40.0,0.0,0.0,0.0,0.0,1.0,140.0
2026-07-21 16:35:00.848,31.68,29.75,29.93,29.25,25.75,28.87,928.2,24.9,-40.0,0.0,0.0,0.0,0.0,1.0,140.0
2026-07-21 16:35:01.048,31.68,29.75,29.93,29.25,25.75,28.87,928.2,24.8,-40.0,0.0,0.0,0.0,0.0,1.0,141.0
2026-07-21 16:35:01.248,31.68,29.75,29.93,29.25,25.75,28.87,928.2,24.8,-40.0,0.0,0.0,0.0,0.0,1.0,141.0
2026-07-21 16:35:01.448,31.68,29.75,29.93,29.25,25.75,28.87,928.2,24.8,-40.0,0.0,0.0,0.0,0.0,1.0,141.0
2026-07-21 16:35:01.649,31.68,29.75,29.93,29.25,25.75,28.87,928.2,24.9,-40.0,0.0,0.0,0.0,0.0,1.0,141.0
2026-07-21 16:35:01.848,31.68,29.75,29.93,29.25,25.75,28.87,928.2,24.9,-40.0,0.0,0.0,0.0,0.0,1.0,141.0
2026-07-21 16:35:02.049,31.68,29.75,29.93,29.25,25.75,28.87,928.2,24.4,-40.0,0.0,0.0,0.0,0.0,1.0,142.0
2026-07-21 16:35:02.248,31.68,29.75,29.93,29.25,25.75,28.87,928.2,24.4,-40.0,0.0,0.0,0.0,0.0,1.0,142.0
2026-07-21 16:35:02.448,31.68,29.75,29.93,29.25,25.75,28.87,928.2,24.4,-40.0,0.0,0.0,0.0,0.0,1.0,142.0
2026-07-21 16:35:02.649,31.68,29.75,29.93,29.25,25.75,28.87,928.2,25.0,-40.0,0.0,0.0,0.0,0.0,1.0,142.0
2026-07-21 16:35:02.848,31.68,29.68,29.93,29.25,25.75,28.87,928.2,25.0,-40.0,0.0,0.0,0.0,0.0,1.0,142.0
2026-07-21 16:35:03.049,31.68,29.68,29.93,29.25,25.75,28.87,928.2,24.8,-40.0,0.0,0.0,0.0,0.0,1.0,143.0
2026-07-21 16:35:03.249,31.68,29.68,29.93,29.25,25.75,28.87,928.2,24.8,-40.0,0.0,0.0,0.0,0.0,1.0,143.0
2026-07-21 16:35:03.449,31.68,29.68,29.93,29.25,25.75,28.87,928.2,24.8,-40.0,0.0,0.0,0.0,0.0,1.0,143.0
2026-07-21 16:35:03.649,31.68,29.68,29.93,29.25,25.75,28.87,928.2,24.8,-40.0,0.0,0.0,0.0,0.0,1.0,143.0
2026-07-21 16:35:03.849,31.75,29.75,29.93,29.25,25.75,28.87,928.2,24.8,-40.0,0.0,0.0,0.0,0.0,1.0,143.0
2026-07-21 16:35:04.048,31.75,29.75,29.93,29.25,25.75,28.87,928.1,24.7,-40.0,0.0,0.0,0.0,0.0,1.0,144.0
2026-07-21 16:35:04.249,31.75,29.75,29.93,29.25,25.75,28.87,928.1,24.7,-40.0,0.0,0.0,0.0,0.0,1.0,144.0
2026-07-21 16:35:04.448,31.75,29.75,29.93,29.25,25.75,28.87,928.1,24.7,-40.0,0.0,0.0,0.0,0.0,1.0,144.0
2026-07-21 16:35:04.649,31.75,29.75,29.93,29.25,25.75,28.87,928.2,24.5,-40.0,0.0,0.0,0.0,0.0,1.0,144.0
2026-07-21 16:35:04.849,31.68,29.75,29.93,29.18,25.75,28.87,928.2,24.5,-40.0,0.0,0.0,0.0,0.0,1.0,144.0
2026-07-21 16:35:05.049,31.68,29.75,29.93,29.18,25.75,28.87,928.2,25.0,-40.0,0.0,0.0,0.0,0.0,1.0,145.0
2026-07-21 16:35:05.248,31.68,29.75,29.93,29.18,25.75,28.87,928.2,25.0,-40.0,0.0,0.0,0.0,0.0,1.0,145.0
2026-07-21 16:35:05.448,31.68,29.75,29.93,29.18,25.75,28.87,928.2,25.0,-40.0,0.0,0.0,0.0,0.0,1.0,145.0
2026-07-21 16:35:05.648,31.68,29.75,29.93,29.18,25.75,28.87,928.2,24.2,-40.0,0.0,0.0,0.0,0.0,1.0,145.0
2026-07-21 16:35:05.848,31.68,29.75,29.93,29.25,25.75,28.87,928.2,24.2,-40.0,0.0,0.0,0.0,0.0,1.0,145.0
2026-07-21 16:35:06.049,31.68,29.75,29.93,29.25,25.75,28.87,928.1,25.1,-40.0,0.0,0.0,0.0,0.0,1.0,146.0
2026-07-21 16:35:06.248,31.68,29.75,29.93,29.25,25.75,28.87,928.1,25.1,-40.0,0.0,0.0,0.0,0.0,1.0,146.0
2026-07-21 16:35:06.448,31.68,29.75,29.93,29.25,25.75,28.87,928.1,25.1,-40.0,0.0,0.0,0.0,0.0,1.0,146.0
2026-07-21 16:35:06.648,31.68,29.75,29.93,29.25,25.75,28.86,928.2,24.8,-40.0,0.0,0.0,0.0,0.0,1.0,146.0
2026-07-21 16:35:06.852,31.68,29.75,29.93,29.18,25.75,28.86,928.2,24.8,-40.0,0.0,0.0,0.0,0.0,1.0,146.0
2026-07-21 16:35:07.049,31.68,29.75,29.93,29.18,25.75,28.86,928.1,24.9,-40.0,0.0,0.0,0.0,0.0,1.0,147.0
2026-07-21 16:35:07.249,31.68,29.75,29.93,29.18,25.75,28.86,928.1,24.9,-40.0,0.0,0.0,0.0,0.0,1.0,147.0
2026-07-21 16:35:07.448,31.68,29.75,29.93,29.18,25.75,28.86,928.1,24.9,-40.0,0.0,0.0,0.0,0.0,1.0,147.0
2026-07-21 16:35:07.649,31.68,29.75,29.93,29.18,25.75,28.87,928.2,24.8,-40.0,0.0,0.0,0.0,0.0,1.0,147.0
2026-07-21 16:35:07.873,31.68,29.75,29.93,29.25,25.81,28.87,928.2,24.8,-40.0,0.0,0.0,0.0,0.0,1.0,147.0
2026-07-21 16:35:08.048,31.68,29.75,29.93,29.25,25.81,28.87,928.2,24.8,-40.0,0.0,0.0,0.0,0.0,1.0,148.0
2026-07-21 16:35:08.248,31.68,29.75,29.93,29.25,25.81,28.87,928.2,24.8,-40.0,0.0,0.0,0.0,0.0,1.0,148.0
2026-07-21 16:35:08.448,31.68,29.75,29.93,29.25,25.81,28.87,928.2,24.8,-40.0,0.0,0.0,0.0,0.0,1.0,148.0
2026-07-21 16:35:08.648,31.68,29.75,29.93,29.25,25.81,28.86,928.2,24.7,-40.0,0.0,0.0,0.0,0.0,1.0,148.0
2026-07-21 16:35:08.848,31.68,29.75,29.93,29.25,25.75,28.86,928.2,24.7,-40.0,0.0,0.0,0.0,0.0,1.0,148.0
2026-07-21 16:35:09.048,31.68,29.75,29.93,29.25,25.75,28.87,928.2,24.9,-40.0,0.0,0.0,0.0,0.0,1.0,149.0
2026-07-21 16:35:09.247,31.68,29.75,29.93,29.25,25.75,28.87,928.2,24.9,-40.0,0.0,0.0,0.0,0.0,1.0,149.0
2026-07-21 16:35:09.448,31.68,29.75,29.93,29.25,25.75,28.87,928.2,24.9,-40.0,0.0,0.0,0.0,0.0,1.0,149.0
2026-07-21 16:35:09.649,31.68,29.75,29.93,29.25,25.75,28.86,928.2,24.8,-40.0,0.0,0.0,0.0,0.0,1.0,149.0
2026-07-21 16:35:09.849,31.68,29.75,30.0,29.25,25.81,28.86,928.2,24.8,-40.0,0.0,0.0,0.0,0.0,1.0,149.0
2026-07-21 16:35:10.063,31.68,29.75,30.0,29.25,25.81,28.87,928.3,24.7,-40.0,0.0,0.0,0.0,0.0,1.0,150.0
2026-07-21 16:35:10.249,31.68,29.75,30.0,29.25,25.81,28.87,928.3,24.7,-40.0,0.0,0.0,0.0,0.0,1.0,150.0
2026-07-21 16:35:10.448,31.68,29.75,30.0,29.25,25.81,28.87,928.3,24.7,-40.0,0.0,0.0,0.0,0.0,1.0,150.0
2026-07-21 16:35:10.653,31.68,29.75,30.0,29.25,25.81,28.87,928.2,24.7,-40.0,0.0,0.0,0.0,0.0,1.0,150.0
2026-07-21 16:35:10.849,31.62,29.75,30.0,29.25,25.81,28.87,928.2,24.7,-40.0,0.0,0.0,0.0,0.0,1.0,150.0
2026-07-21 16:35:11.049,31.62,29.75,30.0,29.25,25.81,28.87,928.3,24.3,-40.0,0.0,0.0,0.0,0.0,1.0,151.0
2026-07-21 16:35:11.249,31.62,29.75,30.0,29.25,25.81,28.87,928.3,24.3,-40.0,0.0,0.0,0.0,0.0,1.0,151.0
2026-07-21 16:35:11.448,31.62,29.75,30.0,29.25,25.81,28.87,928.3,24.3,-40.0,0.0,0.0,0.0,0.0,1.0,151.0
2026-07-21 16:35:11.648,31.62,29.75,30.0,29.25,25.81,28.87,928.2,24.6,-40.0,0.0,0.0,0.0,0.0,1.0,151.0
2026-07-21 16:35:11.848,31.62,29.75,30.0,29.25,25.81,28.87,928.2,24.6,-40.0,0.0,0.0,0.0,0.0,1.0,151.0
2026-07-21 16:35:12.048,31.62,29.75,30.0,29.25,25.81,28.87,928.2,24.3,-40.0,0.0,0.0,0.0,0.0,1.0,152.0
2026-07-21 16:35:12.249,31.62,29.75,30.0,29.25,25.81,28.87,928.2,24.3,-40.0,0.0,0.0,0.0,0.0,1.0,152.0
2026-07-21 16:35:12.449,31.62,29.75,30.0,29.25,25.81,28.87,928.2,24.3,-40.0,0.0,0.0,0.0,0.0,1.0,152.0
2026-07-21 16:35:12.655,31.62,29.75,30.0,29.25,25.81,28.87,928.2,24.8,-40.0,0.0,0.0,0.0,0.0,1.0,152.0
2026-07-21 16:35:12.848,31.62,29.75,29.93,29.25,25.81,28.87,928.2,24.8,-40.0,0.0,0.0,0.0,0.0,1.0,152.0
2026-07-21 16:35:13.049,31.62,29.75,29.93,29.25,25.81,28.87,928.2,24.6,-40.0,0.0,0.0,0.0,0.0,1.0,153.0
2026-07-21 16:35:13.248,31.62,29.75,29.93,29.25,25.81,28.87,928.2,24.6,-40.0,0.0,0.0,0.0,0.0,1.0,153.0
2026-07-21 16:35:13.448,31.62,29.75,29.93,29.25,25.81,28.87,928.2,24.6,-40.0,0.0,0.0,0.0,0.0,1.0,153.0
2026-07-21 16:35:13.649,31.62,29.75,29.93,29.25,25.81,28.87,928.2,24.5,-40.0,0.0,0.0,0.0,0.0,1.0,153.0
2026-07-21 16:35:13.849,31.56,29.75,30.0,29.25,25.81,28.87,928.2,24.5,-40.0,0.0,0.0,0.0,0.0,1.0,153.0
2026-07-21 16:35:14.048,31.56,29.75,30.0,29.25,25.81,28.87,928.3,24.3,-40.0,0.0,0.0,0.0,0.0,1.0,154.0
2026-07-21 16:35:14.254,31.56,29.75,30.0,29.25,25.81,28.87,928.3,24.3,-40.0,0.0,0.0,0.0,0.0,1.0,154.0
2026-07-21 16:35:14.448,31.56,29.75,30.0,29.25,25.81,28.87,928.3,24.3,-40.0,0.0,0.0,0.0,0.0,1.0,154.0
2026-07-21 16:35:14.648,31.56,29.75,30.0,29.25,25.81,28.87,928.2,24.5,-40.0,0.0,0.0,0.0,0.0,1.0,154.0
2026-07-21 16:35:14.867,31.56,29.75,29.93,29.25,25.81,28.87,928.2,24.5,-40.0,0.0,0.0,0.0,0.0,1.0,154.0
2026-07-21 16:35:15.048,31.56,29.75,29.93,29.25,25.81,28.87,928.2,24.3,-40.0,0.0,0.0,0.0,0.0,1.0,155.0
2026-07-21 16:35:15.248,31.56,29.75,29.93,29.25,25.81,28.87,928.2,24.3,-40.0,0.0,0.0,0.0,0.0,1.0,155.0
2026-07-21 16:35:15.450,31.56,29.75,29.93,29.25,25.81,28.87,928.2,24.3,-40.0,0.0,0.0,0.0,0.0,1.0,155.0
2026-07-21 16:35:15.649,31.56,29.75,29.93,29.25,25.81,28.86,928.2,24.5,-40.0,0.0,0.0,0.0,0.0,1.0,155.0
2026-07-21 16:35:15.850,31.5,29.75,30.0,29.25,25.81,28.86,928.2,24.5,-40.0,0.0,0.0,0.0,0.0,1.0,155.0
2026-07-21 16:35:16.065,31.5,29.75,30.0,29.25,25.81,28.87,928.2,24.2,-40.0,0.0,0.0,0.0,0.0,1.0,156.0
2026-07-21 16:35:16.247,31.5,29.75,30.0,29.25,25.81,28.87,928.2,24.2,-40.0,0.0,0.0,0.0,0.0,1.0,156.0
2026-07-21 16:35:16.448,31.5,29.75,30.0,29.25,25.81,28.87,928.2,24.2,-40.0,0.0,0.0,0.0,0.0,1.0,156.0
2026-07-21 16:35:16.648,31.5,29.75,30.0,29.25,25.81,28.87,928.2,24.8,-40.0,0.0,0.0,0.0,0.0,1.0,156.0
2026-07-21 16:35:16.848,31.43,29.75,29.93,29.25,25.81,28.87,928.2,24.8,-40.0,0.0,0.0,0.0,0.0,1.0,156.0
2026-07-21 16:35:17.048,31.43,29.75,29.93,29.25,25.81,28.86,928.2,24.5,-40.0,0.0,0.0,0.0,0.0,1.0,157.0
2026-07-21 16:35:17.247,31.43,29.75,29.93,29.25,25.81,28.86,928.2,24.5,-40.0,0.0,0.0,0.0,0.0,1.0,157.0
2026-07-21 16:35:17.447,31.43,29.75,29.93,29.25,25.81,28.86,928.2,24.5,-40.0,0.0,0.0,0.0,0.0,1.0,157.0
2026-07-21 16:35:17.648,31.43,29.75,29.93,29.25,25.81,28.87,928.2,25.0,-40.0,0.0,0.0,0.0,0.0,1.0,157.0
2026-07-21 16:35:17.848,31.43,29.75,29.93,29.25,25.87,28.87,928.2,25.0,-40.0,0.0,0.0,0.0,0.0,1.0,157.0
2026-07-21 16:35:18.048,31.43,29.75,29.93,29.25,25.87,28.86,928.1,24.8,-40.0,0.0,0.0,0.0,0.0,1.0,158.0
2026-07-21 16:35:18.248,31.43,29.75,29.93,29.25,25.87,28.86,928.1,24.8,-40.0,0.0,0.0,0.0,0.0,1.0,158.0
2026-07-21 16:35:18.447,31.43,29.75,29.93,29.25,25.87,28.86,928.1,24.8,-40.0,0.0,0.0,0.0,0.0,1.0,158.0
2026-07-21 16:35:18.648,31.43,29.75,29.93,29.25,25.87,28.87,928.2,24.7,-40.0,0.0,0.0,0.0,0.0,1.0,158.0
2026-07-21 16:35:18.847,31.37,29.75,29.93,29.25,25.87,28.87,928.2,24.7,-40.0,0.0,0.0,0.0,0.0,1.0,158.0
2026-07-21 16:35:19.077,31.37,29.75,29.93,29.25,25.87,28.87,928.2,24.2,-40.0,0.0,0.0,0.0,0.0,1.0,159.0
2026-07-21 16:35:19.247,31.37,29.75,29.93,29.25,25.87,28.87,928.2,24.2,-40.0,0.0,0.0,0.0,0.0,1.0,159.0
2026-07-21 16:35:19.447,31.37,29.75,29.93,29.25,25.87,28.87,928.2,24.2,-40.0,0.0,0.0,0.0,0.0,1.0,159.0
2026-07-21 16:35:19.648,31.37,29.75,29.93,29.25,25.87,28.86,928.2,24.7,-40.0,0.0,0.0,0.0,0.0,1.0,159.0
2026-07-21 16:35:19.848,31.37,29.75,30.0,29.25,25.87,28.86,928.2,24.7,-40.0,0.0,0.0,0.0,0.0,1.0,159.0
2026-07-21 16:35:20.048,31.37,29.75,30.0,29.25,25.87,28.86,928.2,24.8,-40.0,0.0,0.0,0.0,0.0,1.0,160.0
2026-07-21 16:35:20.247,31.37,29.75,30.0,29.25,25.87,28.86,928.2,24.8,-40.0,0.0,0.0,0.0,0.0,1.0,160.0
2026-07-21 16:35:20.447,31.37,29.75,30.0,29.25,25.87,28.86,928.2,24.8,-40.0,0.0,0.0,0.0,0.0,1.0,160.0
2026-07-21 16:35:20.647,31.37,29.75,30.0,29.25,25.87,28.85,928.2,24.9,-40.0,0.0,0.0,0.0,0.0,1.0,160.0
2026-07-21 16:35:20.848,31.31,29.75,29.93,29.25,25.87,28.85,928.2,24.9,-40.0,0.0,0.0,0.0,0.0,1.0,160.0
2026-07-21 16:35:21.049,31.31,29.75,29.93,29.25,25.87,28.86,928.2,24.3,-40.0,0.0,0.0,0.0,0.0,1.0,161.0
2026-07-21 16:35:21.248,31.31,29.75,29.93,29.25,25.87,28.86,928.2,24.3,-40.0,0.0,0.0,0.0,0.0,1.0,161.0
2026-07-21 16:35:21.447,31.31,29.75,29.93,29.25,25.87,28.86,928.2,24.3,-40.0,0.0,0.0,0.0,0.0,1.0,161.0
2026-07-21 16:35:21.652,31.31,29.75,29.93,29.25,25.87,28.85,928.1,24.8,-40.0,0.0,0.0,0.0,0.0,1.0,161.0
2026-07-21 16:35:21.847,31.25,29.75,30.0,29.25,25.87,28.85,928.1,24.8,-40.0,0.0,0.0,0.0,0.0,1.0,161.0
2026-07-21 16:35:22.048,31.25,29.75,30.0,29.25,25.87,28.86,928.2,24.5,-40.0,0.0,0.0,0.0,0.0,1.0,162.0
2026-07-21 16:35:22.247,31.25,29.75,30.0,29.25,25.87,28.86,928.2,24.5,-40.0,0.0,0.0,0.0,0.0,1.0,162.0
2026-07-21 16:35:22.447,31.25,29.75,30.0,29.25,25.87,28.86,928.2,24.5,-40.0,0.0,0.0,0.0,0.0,1.0,162.0
2026-07-21 16:35:22.648,31.25,29.75,30.0,29.25,25.87,28.86,928.2,24.7,-40.0,0.0,0.0,0.0,0.0,1.0,162.0
2026-07-21 16:35:22.848,31.25,29.75,29.93,29.25,25.87,28.86,928.2,24.7,-40.0,0.0,0.0,0.0,0.0,1.0,162.0
2026-07-21 16:35:23.048,31.25,29.75,29.93,29.25,25.87,28.86,928.1,24.1,-40.0,0.0,0.0,0.0,0.0,1.0,163.0
2026-07-21 16:35:23.248,31.25,29.75,29.93,29.25,25.87,28.86,928.1,24.1,-40.0,0.0,0.0,0.0,0.0,1.0,163.0
2026-07-21 16:35:23.447,31.25,29.75,29.93,29.25,25.87,28.86,928.1,24.1,-40.0,0.0,0.0,0.0,0.0,1.0,163.0
2026-07-21 16:35:23.648,31.25,29.75,29.93,29.25,25.87,28.86,928.2,24.6,-40.0,0.0,0.0,0.0,0.0,1.0,163.0
2026-07-21 16:35:23.848,31.18,29.75,30.0,29.18,25.87,28.86,928.2,24.6,-40.0,0.0,0.0,0.0,0.0,1.0,163.0
2026-07-21 16:35:24.048,31.18,29.75,30.0,29.18,25.87,28.86,928.2,24.6,-40.0,0.0,0.0,0.0,0.0,1.0,164.0
2026-07-21 16:35:24.247,31.18,29.75,30.0,29.18,25.87,28.86,928.2,24.6,-40.0,0.0,0.0,0.0,0.0,1.0,164.0
2026-07-21 16:35:24.448,31.18,29.75,30.0,29.18,25.87,28.86,928.2,24.6,-40.0,0.0,0.0,0.0,0.0,1.0,164.0
2026-07-21 16:35:24.648,31.18,29.75,30.0,29.18,25.87,28.86,928.2,24.7,-40.0,0.0,0.0,0.0,0.0,1.0,164.0
2026-07-21 16:35:24.848,31.18,29.75,30.0,29.18,25.87,28.86,928.2,24.7,-40.0,0.0,0.0,0.0,0.0,1.0,164.0
2026-07-21 16:35:25.047,31.18,29.75,30.0,29.18,25.87,28.86,928.2,24.9,-40.0,0.0,0.0,0.0,0.0,1.0,165.0
2026-07-21 16:35:25.251,31.18,29.75,30.0,29.18,25.87,28.86,928.2,24.9,-40.0,0.0,0.0,0.0,0.0,1.0,165.0
2026-07-21 16:35:25.447,31.18,29.75,30.0,29.18,25.87,28.86,928.2,24.9,-40.0,0.0,0.0,0.0,0.0,1.0,165.0
2026-07-21 16:35:25.648,31.18,29.75,30.0,29.18,25.87,28.86,928.2,24.5,-40.0,0.0,0.0,0.0,0.0,1.0,165.0
2026-07-21 16:35:25.855,31.12,29.81,30.0,29.18,25.87,28.86,928.2,24.5,-40.0,0.0,0.0,0.0,0.0,1.0,165.0
2026-07-21 16:35:26.048,31.12,29.81,30.0,29.18,25.87,28.87,928.3,24.6,-40.0,0.0,0.0,0.0,0.0,1.0,166.0
2026-07-21 16:35:26.247,31.12,29.81,30.0,29.18,25.87,28.87,928.3,24.6,-40.0,0.0,0.0,0.0,0.0,1.0,166.0
2026-07-21 16:35:26.448,31.12,29.81,30.0,29.18,25.87,28.87,928.3,24.6,-40.0,0.0,0.0,0.0,0.0,1.0,166.0
2026-07-21 16:35:26.648,31.12,29.81,30.0,29.18,25.87,28.85,928.2,24.9,-40.0,0.0,0.0,0.0,0.0,1.0,166.0
2026-07-21 16:35:26.848,31.12,29.81,29.93,29.18,25.87,28.85,928.2,24.9,-40.0,0.0,0.0,0.0,0.0,1.0,166.0
2026-07-21 16:35:27.048,31.12,29.81,29.93,29.18,25.87,28.86,928.2,24.6,-40.0,0.0,0.0,0.0,0.0,1.0,167.0
2026-07-21 16:35:27.247,31.12,29.81,29.93,29.18,25.87,28.86,928.2,24.6,-40.0,0.0,0.0,0.0,0.0,1.0,167.0
2026-07-21 16:35:27.447,31.12,29.81,29.93,29.18,25.87,28.86,928.2,24.6,-40.0,0.0,0.0,0.0,0.0,1.0,167.0
2026-07-21 16:35:27.648,31.12,29.81,29.93,29.18,25.87,28.86,928.2,24.2,-40.0,0.0,0.0,0.0,0.0,1.0,167.0
2026-07-21 16:35:27.847,31.06,29.75,30.0,29.18,25.93,28.86,928.2,24.2,-40.0,0.0,0.0,0.0,0.0,1.0,167.0
2026-07-21 16:35:28.084,31.06,29.75,30.0,29.18,25.93,28.85,928.2,24.8,-40.0,0.0,0.0,0.0,0.0,1.0,168.0
2026-07-21 16:35:28.248,31.06,29.75,30.0,29.18,25.93,28.85,928.2,24.8,-40.0,0.0,0.0,0.0,0.0,1.0,168.0
2026-07-21 16:35:28.449,31.06,29.75,30.0,29.18,25.93,28.85,928.2,24.8,-40.0,0.0,0.0,0.0,0.0,1.0,168.0
2026-07-21 16:35:28.685,31.06,29.75,30.0,29.18,25.93,28.85,928.1,24.5,-40.0,0.0,0.0,0.0,0.0,1.0,168.0
2026-07-21 16:35:28.848,31.06,29.81,30.0,29.25,25.87,28.85,928.1,24.5,-40.0,0.0,0.0,0.0,0.0,1.0,168.0
2026-07-21 16:35:29.048,31.06,29.81,30.0,29.25,25.87,28.85,928.2,24.7,-40.0,0.0,0.0,0.0,0.0,1.0,169.0
2026-07-21 16:35:29.269,31.06,29.81,30.0,29.25,25.87,28.85,928.2,24.7,-40.0,0.0,0.0,0.0,0.0,1.0,169.0
2026-07-21 16:35:29.447,31.06,29.81,30.0,29.25,25.87,28.85,928.2,24.7,-40.0,0.0,0.0,0.0,0.0,1.0,169.0
2026-07-21 16:35:29.648,31.06,29.81,30.0,29.25,25.87,28.85,928.1,24.8,-40.0,0.0,0.0,0.0,0.0,1.0,169.0
2026-07-21 16:35:29.863,31.06,29.81,30.0,29.18,25.87,28.85,928.1,24.8,-40.0,0.0,0.0,0.0,0.0,1.0,169.0
2026-07-21 16:35:30.048,31.06,29.81,30.0,29.18,25.87,28.86,928.2,24.5,-40.0,0.0,0.0,0.0,0.0,1.0,170.0
2026-07-21 16:35:30.248,31.06,29.81,30.0,29.18,25.87,28.86,928.2,24.5,-40.0,0.0,0.0,0.0,0.0,1.0,170.0
2026-07-21 16:35:30.448,31.06,29.81,30.0,29.18,25.87,28.86,928.2,24.5,-40.0,0.0,0.0,0.0,0.0,1.0,170.0
2026-07-21 16:35:30.648,31.06,29.81,30.0,29.18,25.87,28.85,928.2,24.5,-40.0,0.0,0.0,0.0,0.0,1.0,170.0
2026-07-21 16:35:30.848,31.0,29.81,30.0,29.25,25.93,28.85,928.2,24.5,-40.0,0.0,0.0,0.0,0.0,1.0,170.0
2026-07-21 16:35:31.048,31.0,29.81,30.0,29.25,25.93,28.85,928.2,24.6,-40.0,0.0,0.0,0.0,0.0,1.0,171.0
2026-07-21 16:35:31.248,31.0,29.81,30.0,29.25,25.93,28.85,928.2,24.6,-40.0,0.0,0.0,0.0,0.0,1.0,171.0
2026-07-21 16:35:31.448,31.0,29.81,30.0,29.25,25.93,28.85,928.2,24.6,-40.0,0.0,0.0,0.0,0.0,1.0,171.0
2026-07-21 16:35:31.648,31.0,29.81,30.0,29.25,25.93,28.86,928.2,24.7,-40.0,0.0,0.0,0.0,0.0,1.0,171.0
2026-07-21 16:35:31.847,30.93,29.81,30.0,29.18,25.93,28.86,928.2,24.7,-40.0,0.0,0.0,0.0,0.0,1.0,171.0
2026-07-21 16:35:32.051,30.93,29.81,30.0,29.18,25.93,28.86,928.2,24.5,-40.0,0.0,0.0,0.0,0.0,1.0,172.0
2026-07-21 16:35:32.247,30.93,29.81,30.0,29.18,25.93,28.86,928.2,24.5,-40.0,0.0,0.0,0.0,0.0,1.0,172.0
2026-07-21 16:35:32.448,30.93,29.81,30.0,29.18,25.93,28.86,928.2,24.5,-40.0,0.0,0.0,0.0,0.0,1.0,172.0
2026-07-21 16:35:32.648,30.93,29.81,30.0,29.18,25.93,28.85,928.2,24.7,-40.0,0.0,0.0,0.0,0.0,1.0,172.0
2026-07-21 16:35:32.848,30.93,29.81,29.93,29.18,25.93,28.85,928.2,24.7,-40.0,0.0,0.0,0.0,0.0,1.0,172.0
2026-07-21 16:35:33.078,30.93,29.81,29.93,29.18,25.93,28.85,928.2,24.4,-40.0,0.0,0.0,0.0,0.0,1.0,173.0
2026-07-21 16:35:33.247,30.93,29.81,29.93,29.18,25.93,28.85,928.2,24.4,-40.0,0.0,0.0,0.0,0.0,1.0,173.0
2026-07-21 16:35:33.448,30.93,29.81,29.93,29.18,25.93,28.85,928.2,24.4,-40.0,0.0,0.0,0.0,0.0,1.0,173.0
2026-07-21 16:35:33.665,30.93,29.81,29.93,29.18,25.93,28.85,928.2,24.5,-40.0,0.0,0.0,0.0,0.0,1.0,173.0
2026-07-21 16:35:33.848,30.93,29.81,30.0,29.18,25.93,28.85,928.2,24.5,-40.0,0.0,0.0,0.0,0.0,1.0,173.0
2026-07-21 16:35:34.048,30.93,29.81,30.0,29.18,25.93,28.84,928.1,24.7,-40.0,0.0,0.0,0.0,0.0,1.0,174.0
2026-07-21 16:35:34.248,30.93,29.81,30.0,29.18,25.93,28.84,928.1,24.7,-40.0,0.0,0.0,0.0,0.0,1.0,174.0
2026-07-21 16:35:34.448,30.93,29.81,30.0,29.18,25.93,28.84,928.1,24.7,-40.0,0.0,0.0,0.0,0.0,1.0,174.0
2026-07-21 16:35:34.649,30.93,29.81,30.0,29.18,25.93,28.85,928.2,24.5,-40.0,0.0,0.0,0.0,0.0,1.0,174.0
2026-07-21 16:35:34.847,30.87,29.81,30.0,29.18,25.93,28.85,928.2,24.5,-40.0,0.0,0.0,0.0,0.0,1.0,174.0
2026-07-21 16:35:35.048,30.87,29.81,30.0,29.18,25.93,28.85,928.2,24.2,-40.0,0.0,0.0,0.0,0.0,1.0,175.0
2026-07-21 16:35:35.253,30.87,29.81,30.0,29.18,25.93,28.85,928.2,24.2,-40.0,0.0,0.0,0.0,0.0,1.0,175.0
2026-07-21 16:35:35.448,30.87,29.81,30.0,29.18,25.93,28.85,928.2,24.2,-40.0,0.0,0.0,0.0,0.0,1.0,175.0
2026-07-21 16:35:35.649,30.87,29.81,30.0,29.18,25.93,28.84,928.2,24.6,-40.0,0.0,0.0,0.0,0.0,1.0,175.0
2026-07-21 16:35:35.848,30.87,29.81,30.0,29.18,25.93,28.84,928.2,24.6,-40.0,0.0,0.0,0.0,0.0,1.0,175.0
2026-07-21 16:35:36.048,30.87,29.81,30.0,29.18,25.93,28.85,928.2,25.0,-40.0,0.0,0.0,0.0,0.0,1.0,176.0
2026-07-21 16:35:36.249,30.87,29.81,30.0,29.18,25.93,28.85,928.2,25.0,-40.0,0.0,0.0,0.0,0.0,1.0,176.0
2026-07-21 16:35:36.448,30.87,29.81,30.0,29.18,25.93,28.85,928.2,25.0,-40.0,0.0,0.0,0.0,0.0,1.0,176.0
2026-07-21 16:35:36.648,30.87,29.81,30.0,29.18,25.93,28.85,928.2,24.6,-40.0,0.0,0.0,0.0,0.0,1.0,176.0
2026-07-21 16:35:36.847,30.81,29.81,29.93,29.18,25.93,28.85,928.2,24.6,-40.0,0.0,0.0,0.0,0.0,1.0,176.0
2026-07-21 16:35:37.048,30.81,29.81,29.93,29.18,25.93,28.85,928.1,24.3,-40.0,0.0,0.0,0.0,0.0,1.0,177.0
2026-07-21 16:35:37.248,30.81,29.81,29.93,29.18,25.93,28.85,928.1,24.3,-40.0,0.0,0.0,0.0,0.0,1.0,177.0
2026-07-21 16:35:37.448,30.81,29.81,29.93,29.18,25.93,28.85,928.1,24.3,-40.0,0.0,0.0,0.0,0.0,1.0,177.0
2026-07-21 16:35:37.648,30.81,29.81,29.93,29.18,25.93,28.84,928.2,24.7,-40.0,0.0,0.0,0.0,0.0,1.0,177.0
2026-07-21 16:35:37.873,30.81,29.81,29.93,29.18,25.93,28.84,928.2,24.7,-40.0,0.0,0.0,0.0,0.0,1.0,177.0
2026-07-21 16:35:38.048,30.81,29.81,29.93,29.18,25.93,28.84,928.2,24.8,-40.0,0.0,0.0,0.0,0.0,1.0,178.0
2026-07-21 16:35:38.248,30.81,29.81,29.93,29.18,25.93,28.84,928.2,24.8,-40.0,0.0,0.0,0.0,0.0,1.0,178.0
2026-07-21 16:35:38.449,30.81,29.81,29.93,29.18,25.93,28.84,928.2,24.8,-40.0,0.0,0.0,0.0,0.0,1.0,178.0
2026-07-21 16:35:38.648,30.81,29.81,29.93,29.18,25.93,28.84,928.2,24.6,-40.0,0.0,0.0,0.0,0.0,1.0,178.0
2026-07-21 16:35:38.848,30.75,29.81,29.93,29.18,25.93,28.84,928.2,24.6,-40.0,0.0,0.0,0.0,0.0,1.0,178.0
2026-07-21 16:35:39.048,30.75,29.81,29.93,29.18,25.93,28.85,928.2,24.8,-40.0,0.0,0.0,0.0,0.0,1.0,179.0
2026-07-21 16:35:39.247,30.75,29.81,29.93,29.18,25.93,28.85,928.2,24.8,-40.0,0.0,0.0,0.0,0.0,1.0,179.0
2026-07-21 16:35:39.463,30.75,29.81,29.93,29.18,25.93,28.85,928.2,24.8,-40.0,0.0,0.0,0.0,0.0,1.0,179.0
2026-07-21 16:35:39.648,30.75,29.81,29.93,29.18,25.93,28.84,928.2,24.2,-40.0,0.0,0.0,0.0,0.0,1.0,179.0
2026-07-21 16:35:39.848,30.68,29.81,29.93,29.18,25.93,28.84,928.2,24.2,-40.0,0.0,0.0,0.0,0.0,1.0,179.0
2026-07-21 16:35:40.048,30.68,29.81,29.93,29.18,25.93,28.84,928.2,24.7,-40.0,0.0,0.0,0.0,0.0,1.0,180.0
2026-07-21 16:35:40.248,30.68,29.81,29.93,29.18,25.93,28.84,928.2,24.7,-40.0,0.0,0.0,0.0,0.0,1.0,180.0
2026-07-21 16:35:40.473,30.68,29.81,29.93,29.18,25.93,28.84,928.2,24.7,-40.0,0.0,0.0,0.0,0.0,1.0,180.0
2026-07-21 16:35:40.648,30.68,29.81,29.93,29.18,25.93,28.84,928.2,24.4,-40.0,0.0,0.0,0.0,0.0,1.0,180.0
2026-07-21 16:35:40.848,30.68,29.81,29.93,29.18,25.93,28.84,928.2,24.4,-40.0,0.0,0.0,0.0,0.0,1.0,180.0
2026-07-21 16:35:41.048,30.68,29.81,29.93,29.18,25.93,28.84,928.2,25.0,-40.0,0.0,0.0,0.0,0.0,1.0,181.0
2026-07-21 16:35:41.248,30.68,29.81,29.93,29.18,25.93,28.84,928.2,25.0,-40.0,0.0,0.0,0.0,0.0,1.0,181.0
2026-07-21 16:35:41.448,30.68,29.81,29.93,29.18,25.93,28.84,928.2,25.0,-40.0,0.0,0.0,0.0,0.0,1.0,181.0
2026-07-21 16:35:41.647,30.68,29.81,29.93,29.18,25.93,28.85,928.2,24.4,-40.0,0.0,0.0,0.0,0.0,1.0,181.0
2026-07-21 16:35:41.848,30.68,29.81,29.93,29.18,25.93,28.85,928.2,24.4,-40.0,0.0,0.0,0.0,0.0,1.0,181.0
2026-07-21 16:35:42.048,30.68,29.81,29.93,29.18,25.93,28.84,928.1,24.4,-40.0,0.0,0.0,0.0,0.0,1.0,182.0
2026-07-21 16:35:42.247,30.68,29.81,29.93,29.18,25.93,28.84,928.1,24.4,-40.0,0.0,0.0,0.0,0.0,1.0,182.0
2026-07-21 16:35:42.448,30.68,29.81,29.93,29.18,25.93,28.84,928.1,24.4,-40.0,0.0,0.0,0.0,0.0,1.0,182.0
2026-07-21 16:35:42.647,30.68,29.81,29.93,29.18,25.93,28.85,928.2,24.8,-40.0,0.0,0.0,0.0,0.0,1.0,182.0
2026-07-21 16:35:42.848,30.68,29.81,29.93,29.18,25.93,28.85,928.2,24.8,-40.0,0.0,0.0,0.0,0.0,1.0,182.0
2026-07-21 16:35:43.056,30.68,29.81,29.93,29.18,25.93,28.84,928.2,24.3,-40.0,0.0,0.0,0.0,0.0,1.0,183.0
2026-07-21 16:35:43.247,30.68,29.81,29.93,29.18,25.93,28.84,928.2,24.3,-40.0,0.0,0.0,0.0,0.0,1.0,183.0
2026-07-21 16:35:43.448,30.68,29.81,29.93,29.18,25.93,28.84,928.2,24.3,-40.0,0.0,0.0,0.0,0.0,1.0,183.0
2026-07-21 16:35:43.658,30.68,29.81,29.93,29.18,25.93,28.84,928.2,24.7,-40.0,0.0,0.0,0.0,0.0,1.0,183.0
2026-07-21 16:35:43.847,30.68,29.81,29.93,29.18,25.93,28.84,928.2,24.7,-40.0,0.0,0.0,0.0,0.0,1.0,183.0
2026-07-21 16:35:44.048,30.68,29.81,29.93,29.18,25.93,28.85,928.2,24.7,-40.0,0.0,0.0,0.0,0.0,1.0,184.0
2026-07-21 16:35:44.247,30.68,29.81,29.93,29.18,25.93,28.85,928.2,24.7,-40.0,0.0,0.0,0.0,0.0,1.0,184.0
2026-07-21 16:35:44.447,30.68,29.81,29.93,29.18,25.93,28.85,928.2,24.7,-40.0,0.0,0.0,0.0,0.0,1.0,184.0
2026-07-21 16:35:44.655,30.68,29.81,29.93,29.18,25.93,28.84,928.2,24.7,-40.0,0.0,0.0,0.0,0.0,1.0,184.0
2026-07-21 16:35:44.847,30.62,29.81,29.93,29.25,26.0,28.84,928.2,24.7,-40.0,0.0,0.0,0.0,0.0,1.0,184.0
2026-07-21 16:35:45.049,30.62,29.81,29.93,29.25,26.0,28.84,928.2,25.1,-40.0,0.0,0.0,0.0,0.0,1.0,185.0
2026-07-21 16:35:45.248,30.62,29.81,29.93,29.25,26.0,28.84,928.2,25.1,-40.0,0.0,0.0,0.0,0.0,1.0,185.0
2026-07-21 16:35:45.447,30.62,29.81,29.93,29.25,26.0,28.84,928.2,25.1,-40.0,0.0,0.0,0.0,0.0,1.0,185.0
2026-07-21 16:35:45.647,30.62,29.81,29.93,29.25,26.0,28.84,928.2,24.4,-40.0,0.0,0.0,0.0,0.0,1.0,185.0
2026-07-21 16:35:45.847,30.68,29.81,29.93,29.25,26.0,28.84,928.2,24.4,-40.0,0.0,0.0,0.0,0.0,1.0,185.0
2026-07-21 16:35:46.048,30.68,29.81,29.93,29.25,26.0,28.84,928.2,24.1,-40.0,0.0,0.0,0.0,0.0,1.0,186.0
2026-07-21 16:35:46.248,30.68,29.81,29.93,29.25,26.0,28.84,928.2,24.1,-40.0,0.0,0.0,0.0,0.0,1.0,186.0
2026-07-21 16:35:46.447,30.68,29.81,29.93,29.25,26.0,28.84,928.2,24.1,-40.0,0.0,0.0,0.0,0.0,1.0,186.0
2026-07-21 16:35:46.648,30.68,29.81,29.93,29.25,26.0,28.82,928.2,24.7,-40.0,0.0,0.0,0.0,0.0,1.0,186.0
2026-07-21 16:35:46.851,30.68,29.81,29.93,29.25,26.0,28.82,928.2,24.7,-40.0,0.0,0.0,0.0,0.0,1.0,186.0
2026-07-21 16:35:47.048,30.68,29.81,29.93,29.25,26.0,28.82,928.1,24.5,-40.0,0.0,0.0,0.0,0.0,1.0,187.0
2026-07-21 16:35:47.247,30.68,29.81,29.93,29.25,26.0,28.82,928.1,24.5,-40.0,0.0,0.0,0.0,0.0,1.0,187.0
2026-07-21 16:35:47.448,30.68,29.81,29.93,29.25,26.0,28.82,928.1,24.5,-40.0,0.0,0.0,0.0,0.0,1.0,187.0
2026-07-21 16:35:47.648,30.68,29.81,29.93,29.25,26.0,28.85,928.2,24.6,-40.0,0.0,0.0,0.0,0.0,1.0,187.0
2026-07-21 16:35:47.847,30.62,29.81,29.93,29.25,26.0,28.85,928.2,24.6,-40.0,0.0,0.0,0.0,0.0,1.0,187.0
2026-07-21 16:35:48.048,30.62,29.81,29.93,29.25,26.0,28.84,928.2,25.1,-40.0,0.0,0.0,0.0,0.0,1.0,188.0
2026-07-21 16:35:48.247,30.62,29.81,29.93,29.25,26.0,28.84,928.2,25.1,-40.0,0.0,0.0,0.0,0.0,1.0,188.0
2026-07-21 16:35:48.448,30.62,29.81,29.93,29.25,26.0,28.84,928.2,25.1,-40.0,0.0,0.0,0.0,0.0,1.0,188.0
2026-07-21 16:35:48.647,30.62,29.81,29.93,29.25,26.0,28.84,928.2,24.9,-40.0,0.0,0.0,0.0,0.0,1.0,188.0
2026-07-21 16:35:48.848,30.68,29.81,30.0,29.25,26.0,28.84,928.2,24.9,-40.0,0.0,0.0,0.0,0.0,1.0,188.0
2026-07-21 16:35:49.048,30.68,29.81,30.0,29.25,26.0,28.84,928.2,24.6,-40.0,0.0,0.0,0.0,0.0,1.0,189.0
2026-07-21 16:35:49.247,30.68,29.81,30.0,29.25,26.0,28.84,928.2,24.6,-40.0,0.0,0.0,0.0,0.0,1.0,189.0
2026-07-21 16:35:49.448,30.68,29.81,30.0,29.25,26.0,28.84,928.2,24.6,-40.0,0.0,0.0,0.0,0.0,1.0,189.0
2026-07-21 16:35:49.647,30.68,29.81,30.0,29.25,26.0,28.82,928.2,25.3,-40.0,0.0,0.0,0.0,0.0,1.0,189.0
2026-07-21 16:35:49.848,30.68,29.81,29.93,29.25,26.0,28.82,928.2,25.3,-40.0,0.0,0.0,0.0,0.0,1.0,189.0
2026-07-21 16:35:50.060,30.68,29.81,29.93,29.25,26.0,28.84,928.1,24.5,-40.0,0.0,0.0,0.0,0.0,1.0,190.0
2026-07-21 16:35:50.247,30.68,29.81,29.93,29.25,26.0,28.84,928.1,24.5,-40.0,0.0,0.0,0.0,0.0,1.0,190.0
2026-07-21 16:35:50.448,30.68,29.81,29.93,29.25,26.0,28.84,928.1,24.5,-40.0,0.0,0.0,0.0,0.0,1.0,190.0
2026-07-21 16:35:50.660,30.68,29.81,29.93,29.25,26.0,28.84,928.2,24.7,-40.0,0.0,0.0,0.0,0.0,1.0,190.0
2026-07-21 16:35:50.847,30.75,29.81,29.93,29.25,26.0,28.84,928.2,24.7,-40.0,0.0,0.0,0.0,0.0,1.0,190.0
2026-07-21 16:35:51.047,30.75,29.81,29.93,29.25,26.0,28.85,928.2,24.6,-40.0,0.0,0.0,0.0,0.0,1.0,191.0
2026-07-21 16:35:51.260,30.75,29.81,29.93,29.25,26.0,28.85,928.2,24.6,-40.0,0.0,0.0,0.0,0.0,1.0,191.0
2026-07-21 16:35:51.448,30.75,29.81,29.93,29.25,26.0,28.85,928.2,24.6,-40.0,0.0,0.0,0.0,0.0,1.0,191.0
2026-07-21 16:35:51.647,30.75,29.81,29.93,29.25,26.0,28.84,928.2,24.8,-40.0,0.0,0.0,0.0,0.0,1.0,191.0
2026-07-21 16:35:51.847,30.75,29.75,29.93,29.25,26.0,28.84,928.2,24.8,-40.0,0.0,0.0,0.0,0.0,1.0,191.0
2026-07-21 16:35:52.049,30.75,29.75,29.93,29.25,26.0,28.85,928.2,24.8,-40.0,0.0,0.0,0.0,0.0,1.0,192.0
2026-07-21 16:35:52.260,30.75,29.75,29.93,29.25,26.0,28.85,928.2,24.8,-40.0,0.0,0.0,0.0,0.0,1.0,192.0
2026-07-21 16:35:52.447,30.75,29.75,29.93,29.25,26.0,28.85,928.2,24.8,-40.0,0.0,0.0,0.0,0.0,1.0,192.0
2026-07-21 16:35:52.647,30.75,29.75,29.93,29.25,26.0,28.81,928.2,24.7,-40.0,0.0,0.0,0.0,0.0,1.0,192.0
2026-07-21 16:35:52.847,30.75,29.75,29.93,29.25,26.0,28.81,928.2,24.7,-40.0,0.0,0.0,0.0,0.0,1.0,192.0
2026-07-21 16:35:53.048,30.75,29.75,29.93,29.25,26.0,28.84,928.2,24.6,-40.0,0.0,0.0,0.0,0.0,1.0,193.0
2026-07-21 16:35:53.247,30.75,29.75,29.93,29.25,26.0,28.84,928.2,24.6,-40.0,0.0,0.0,0.0,0.0,1.0,193.0
2026-07-21 16:35:53.446,30.75,29.75,29.93,29.25,26.0,28.84,928.2,24.6,-40.0,0.0,0.0,0.0,0.0,1.0,193.0
2026-07-21 16:35:53.647,30.75,29.75,29.93,29.25,26.0,28.82,928.1,25.0,-40.0,0.0,0.0,0.0,0.0,1.0,193.0
2026-07-21 16:35:53.847,30.75,29.75,29.93,29.25,26.06,28.82,928.1,25.0,-40.0,0.0,0.0,0.0,0.0,1.0,193.0
2026-07-21 16:35:54.047,30.75,29.75,29.93,29.25,26.06,28.82,928.1,24.5,-40.0,0.0,0.0,0.0,0.0,1.0,194.0
2026-07-21 16:35:54.247,30.75,29.75,29.93,29.25,26.06,28.82,928.1,24.5,-40.0,0.0,0.0,0.0,0.0,1.0,194.0
2026-07-21 16:35:54.447,30.75,29.75,29.93,29.25,26.06,28.82,928.1,24.5,-40.0,0.0,0.0,0.0,0.0,1.0,194.0
2026-07-21 16:35:54.647,30.75,29.75,29.93,29.25,26.06,28.82,928.2,24.4,-40.0,0.0,0.0,0.0,0.0,1.0,194.0
2026-07-21 16:35:54.868,30.75,29.75,29.93,29.18,26.0,28.82,928.2,24.4,-40.0,0.0,0.0,0.0,0.0,1.0,194.0
2026-07-21 16:35:55.047,30.75,29.75,29.93,29.18,26.0,28.82,928.1,24.6,-40.0,0.0,0.0,0.0,0.0,1.0,195.0
2026-07-21 16:35:55.247,30.75,29.75,29.93,29.18,26.0,28.82,928.1,24.6,-40.0,0.0,0.0,0.0,0.0,1.0,195.0
2026-07-21 16:35:55.448,30.75,29.75,29.93,29.18,26.0,28.82,928.1,24.6,-40.0,0.0,0.0,0.0,0.0,1.0,195.0
2026-07-21 16:35:55.647,30.75,29.75,29.93,29.18,26.0,28.84,928.2,24.5,-40.0,0.0,0.0,0.0,0.0,1.0,195.0
2026-07-21 16:35:55.848,30.81,29.75,29.93,29.18,26.06,28.84,928.2,24.5,-40.0,0.0,0.0,0.0,0.0,1.0,195.0
2026-07-21 16:35:56.047,30.81,29.75,29.93,29.18,26.06,28.82,928.2,24.5,-40.0,0.0,0.0,0.0,0.0,1.0,196.0
2026-07-21 16:35:56.247,30.81,29.75,29.93,29.18,26.06,28.82,928.2,24.5,-40.0,0.0,0.0,0.0,0.0,1.0,196.0
2026-07-21 16:35:56.458,30.81,29.75,29.93,29.18,26.06,28.82,928.2,24.5,-40.0,0.0,0.0,0.0,0.0,1.0,196.0
2026-07-21 16:35:56.648,30.81,29.75,29.93,29.18,26.06,28.85,928.2,24.5,-40.0,0.0,0.0,0.0,0.0,1.0,196.0
2026-07-21 16:35:56.847,30.81,29.75,30.0,29.18,26.06,28.85,928.2,24.5,-40.0,0.0,0.0,0.0,0.0,1.0,196.0
2026-07-21 16:35:57.048,30.81,29.75,30.0,29.18,26.06,28.82,928.2,24.6,-40.0,0.0,0.0,0.0,0.0,1.0,197.0
2026-07-21 16:35:57.247,30.81,29.75,30.0,29.18,26.06,28.82,928.2,24.6,-40.0,0.0,0.0,0.0,0.0,1.0,197.0
2026-07-21 16:35:57.447,30.81,29.75,30.0,29.18,26.06,28.82,928.2,24.6,-40.0,0.0,0.0,0.0,0.0,1.0,197.0
2026-07-21 16:35:57.648,30.81,29.75,30.0,29.18,26.06,28.84,928.2,24.6,-40.0,0.0,0.0,0.0,0.0,1.0,197.0
2026-07-21 16:35:57.847,30.81,29.75,29.93,29.25,26.0,28.84,928.2,24.6,-40.0,0.0,0.0,0.0,0.0,1.0,197.0
2026-07-21 16:35:58.055,30.81,29.75,29.93,29.25,26.0,28.84,928.2,24.1,-40.0,0.0,0.0,0.0,0.0,1.0,198.0
2026-07-21 16:35:58.247,30.81,29.75,29.93,29.25,26.0,28.84,928.2,24.1,-40.0,0.0,0.0,0.0,0.0,1.0,198.0
2026-07-21 16:35:58.447,30.81,29.75,29.93,29.25,26.0,28.84,928.2,24.1,-40.0,0.0,0.0,0.0,0.0,1.0,198.0
2026-07-21 16:35:58.651,30.81,29.75,29.93,29.25,26.0,28.84,928.2,24.5,-40.0,0.0,0.0,0.0,0.0,1.0,198.0
2026-07-21 16:35:58.847,30.81,29.68,29.93,29.18,26.06,28.84,928.2,24.5,-40.0,0.0,0.0,0.0,0.0,1.0,198.0
2026-07-21 16:35:59.047,30.81,29.68,29.93,29.18,26.06,28.82,928.1,24.7,-40.0,0.0,0.0,0.0,0.0,1.0,199.0
2026-07-21 16:35:59.247,30.81,29.68,29.93,29.18,26.06,28.82,928.1,24.7,-40.0,0.0,0.0,0.0,0.0,1.0,199.0
2026-07-21 16:35:59.448,30.81,29.68,29.93,29.18,26.06,28.82,928.1,24.7,-40.0,0.0,0.0,0.0,0.0,1.0,199.0
2026-07-21 16:35:59.678,30.81,29.68,29.93,29.18,26.06,28.82,928.1,24.8,-40.0,0.0,0.0,0.0,0.0,1.0,199.0
2026-07-21 16:35:59.847,30.87,29.75,29.93,29.18,26.06,28.82,928.1,24.8,-40.0,0.0,0.0,0.0,0.0,1.0,199.0
2026-07-21 16:36:00.047,30.87,29.75,29.93,29.18,26.06,28.82,928.2,24.7,-40.0,0.0,0.0,0.0,0.0,1.0,200.0
2026-07-21 16:36:00.270,30.87,29.75,29.93,29.18,26.06,28.82,928.2,24.7,-40.0,0.0,0.0,0.0,0.0,1.0,200.0
2026-07-21 16:36:00.447,30.87,29.75,29.93,29.18,26.06,28.82,928.2,24.7,-40.0,0.0,0.0,0.0,0.0,1.0,200.0
2026-07-21 16:36:00.647,30.87,29.75,29.93,29.18,26.06,28.82,928.2,24.7,-40.0,0.0,0.0,0.0,0.0,1.0,200.0
2026-07-21 16:36:00.855,30.87,29.68,29.93,29.25,26.06,28.82,928.2,24.7,-40.0,0.0,0.0,0.0,0.0,1.0,200.0
2026-07-21 16:36:01.047,30.87,29.68,29.93,29.25,26.06,28.84,928.2,24.7,-40.0,0.0,0.0,0.0,0.0,1.0,201.0
2026-07-21 16:36:01.247,30.87,29.68,29.93,29.25,26.06,28.84,928.2,24.7,-40.0,0.0,0.0,0.0,0.0,1.0,201.0
2026-07-21 16:36:01.447,30.87,29.68,29.93,29.25,26.06,28.84,928.2,24.7,-40.0,0.0,0.0,0.0,0.0,1.0,201.0
2026-07-21 16:36:01.647,30.87,29.68,29.93,29.25,26.06,28.82,928.2,24.7,-40.0,0.0,0.0,0.0,0.0,1.0,201.0
2026-07-21 16:36:01.847,30.81,29.68,29.93,29.25,26.06,28.82,928.2,24.7,-40.0,0.0,0.0,0.0,0.0,1.0,201.0
2026-07-21 16:36:02.048,30.81,29.68,29.93,29.25,26.06,28.81,928.1,24.5,-40.0,0.0,0.0,0.0,0.0,1.0,202.0
2026-07-21 16:36:02.247,30.81,29.68,29.93,29.25,26.06,28.81,928.1,24.5,-40.0,0.0,0.0,0.0,0.0,1.0,202.0
2026-07-21 16:36:02.466,30.81,29.68,29.93,29.25,26.06,28.81,928.1,24.5,-40.0,0.0,0.0,0.0,0.0,1.0,202.0
2026-07-21 16:36:02.647,30.81,29.68,29.93,29.25,26.06,28.84,928.2,24.9,-40.0,0.0,0.0,0.0,0.0,1.0,202.0
2026-07-21 16:36:02.847,30.87,29.75,29.93,29.25,26.06,28.84,928.2,24.9,-40.0,0.0,0.0,0.0,0.0,1.0,202.0
2026-07-21 16:36:03.048,30.87,29.75,29.93,29.25,26.06,28.82,928.2,24.9,-40.0,0.0,0.0,0.0,0.0,1.0,203.0
2026-07-21 16:36:03.247,30.87,29.75,29.93,29.25,26.06,28.82,928.2,24.9,-40.0,0.0,0.0,0.0,0.0,1.0,203.0
2026-07-21 16:36:03.447,30.87,29.75,29.93,29.25,26.06,28.82,928.2,24.9,-40.0,0.0,0.0,0.0,0.0,1.0,203.0
2026-07-21 16:36:03.647,30.87,29.75,29.93,29.25,26.06,28.81,928.2,24.6,-40.0,0.0,0.0,0.0,0.0,1.0,203.0
2026-07-21 16:36:03.847,30.87,29.68,29.93,29.18,26.06,28.81,928.2,24.6,-40.0,0.0,0.0,0.0,0.0,1.0,203.0
2026-07-21 16:36:04.047,30.87,29.68,29.93,29.18,26.06,28.82,928.2,24.2,-40.0,0.0,0.0,0.0,0.0,1.0,204.0
2026-07-21 16:36:04.247,30.87,29.68,29.93,29.18,26.06,28.82,928.2,24.2,-40.0,0.0,0.0,0.0,0.0,1.0,204.0
2026-07-21 16:36:04.447,30.87,29.68,29.93,29.18,26.06,28.82,928.2,24.2,-40.0,0.0,0.0,0.0,0.0,1.0,204.0
2026-07-21 16:36:04.647,30.87,29.68,29.93,29.18,26.06,28.82,928.2,24.4,-40.0,0.0,0.0,0.0,0.0,1.0,204.0
2026-07-21 16:36:04.848,30.87,29.75,30.0,29.25,26.06,28.82,928.2,24.4,-40.0,0.0,0.0,0.0,0.0,1.0,204.0
2026-07-21 16:36:05.047,30.87,29.75,30.0,29.25,26.06,28.82,928.1,24.2,-40.0,0.0,0.0,0.0,0.0,1.0,205.0
2026-07-21 16:36:05.265,30.87,29.75,30.0,29.25,26.06,28.82,928.1,24.2,-40.0,0.0,0.0,0.0,0.0,1.0,205.0
2026-07-21 16:36:05.447,30.87,29.75,30.0,29.25,26.06,28.82,928.1,24.2,-40.0,0.0,0.0,0.0,0.0,1.0,205.0
2026-07-21 16:36:05.648,30.87,29.75,30.0,29.25,26.06,28.82,928.2,24.5,-40.0,0.0,0.0,0.0,0.0,1.0,205.0
2026-07-21 16:36:05.847,30.87,29.68,29.93,29.18,26.12,28.82,928.2,24.5,-40.0,0.0,0.0,0.0,0.0,1.0,205.0
2026-07-21 16:36:06.047,30.87,29.68,29.93,29.18,26.12,28.82,928.2,24.5,-40.0,0.0,0.0,0.0,0.0,1.0,206.0
2026-07-21 16:36:06.247,30.87,29.68,29.93,29.18,26.12,28.82,928.2,24.5,-40.0,0.0,0.0,0.0,0.0,1.0,206.0
2026-07-21 16:36:06.450,30.87,29.68,29.93,29.18,26.12,28.82,928.2,24.5,-40.0,0.0,0.0,0.0,0.0,1.0,206.0
2026-07-21 16:36:06.646,30.87,29.68,29.93,29.18,26.12,28.82,928.2,24.8,-40.0,0.0,0.0,0.0,0.0,1.0,206.0
2026-07-21 16:36:06.848,30.81,29.75,29.93,29.18,26.12,28.82,928.2,24.8,-40.0,0.0,0.0,0.0,0.0,1.0,206.0
2026-07-21 16:36:07.047,30.81,29.75,29.93,29.18,26.12,28.84,928.2,24.6,-40.0,0.0,0.0,0.0,0.0,1.0,207.0
2026-07-21 16:36:07.247,30.81,29.75,29.93,29.18,26.12,28.84,928.2,24.6,-40.0,0.0,0.0,0.0,0.0,1.0,207.0
2026-07-21 16:36:07.465,30.81,29.75,29.93,29.18,26.12,28.84,928.2,24.6,-40.0,0.0,0.0,0.0,0.0,1.0,207.0
2026-07-21 16:36:07.648,30.81,29.75,29.93,29.18,26.12,28.84,928.2,24.6,-40.0,0.0,0.0,0.0,0.0,1.0,207.0
2026-07-21 16:36:07.847,30.81,29.75,29.93,29.25,26.12,28.84,928.2,24.6,-40.0,0.0,0.0,0.0,0.0,1.0,207.0
2026-07-21 16:36:08.048,30.81,29.75,29.93,29.25,26.12,28.82,928.2,24.5,-40.0,0.0,0.0,0.0,0.0,1.0,208.0
2026-07-21 16:36:08.247,30.81,29.75,29.93,29.25,26.12,28.82,928.2,24.5,-40.0,0.0,0.0,0.0,0.0,1.0,208.0
2026-07-21 16:36:08.452,30.81,29.75,29.93,29.25,26.12,28.82,928.2,24.5,-40.0,0.0,0.0,0.0,0.0,1.0,208.0
2026-07-21 16:36:08.647,30.81,29.75,29.93,29.25,26.12,28.82,928.1,24.4,-40.0,0.0,0.0,0.0,0.0,1.0,208.0
2026-07-21 16:36:08.847,30.81,29.68,29.93,29.18,26.12,28.82,928.1,24.4,-40.0,0.0,0.0,0.0,0.0,1.0,208.0
2026-07-21 16:36:09.047,30.81,29.68,29.93,29.18,26.12,28.82,928.1,24.5,-40.0,0.0,0.0,0.0,0.0,1.0,209.0
2026-07-21 16:36:09.247,30.81,29.68,29.93,29.18,26.12,28.82,928.1,24.5,-40.0,0.0,0.0,0.0,0.0,1.0,209.0
2026-07-21 16:36:09.446,30.81,29.68,29.93,29.18,26.12,28.82,928.1,24.5,-40.0,0.0,0.0,0.0,0.0,1.0,209.0
2026-07-21 16:36:09.647,30.81,29.68,29.93,29.18,26.12,28.82,928.2,24.3,-40.0,0.0,0.0,0.0,0.0,1.0,209.0
2026-07-21 16:36:09.848,30.81,29.68,29.93,29.25,26.12,28.82,928.2,24.3,-40.0,0.0,0.0,0.0,0.0,1.0,209.0
2026-07-21 16:36:10.047,30.81,29.68,29.93,29.25,26.12,28.84,928.2,24.3,-40.0,0.0,0.0,0.0,0.0,1.0,210.0
2026-07-21 16:36:10.247,30.81,29.68,29.93,29.25,26.12,28.84,928.2,24.3,-40.0,0.0,0.0,0.0,0.0,1.0,210.0
2026-07-21 16:36:10.447,30.81,29.68,29.93,29.25,26.12,28.84,928.2,24.3,-40.0,0.0,0.0,0.0,0.0,1.0,210.0
2026-07-21 16:36:10.647,30.81,29.68,29.93,29.25,26.12,28.84,928.1,24.7,-40.0,0.0,0.0,0.0,0.0,1.0,210.0
2026-07-21 16:36:10.847,30.75,29.68,29.93,29.18,26.12,28.84,928.1,24.7,-40.0,0.0,0.0,0.0,0.0,1.0,210.0
2026-07-21 16:36:11.046,30.75,29.68,29.93,29.18,26.12,28.84,928.1,24.6,-40.0,0.0,0.0,0.0,0.0,1.0,211.0
2026-07-21 16:36:11.247,30.75,29.68,29.93,29.18,26.12,28.84,928.1,24.6,-40.0,0.0,0.0,0.0,0.0,1.0,211.0
2026-07-21 16:36:11.447,30.75,29.68,29.93,29.18,26.12,28.84,928.1,24.6,-40.0,0.0,0.0,0.0,0.0,1.0,211.0
2026-07-21 16:36:11.669,30.75,29.68,29.93,29.18,26.12,28.82,928.2,24.5,-40.0,0.0,0.0,0.0,0.0,1.0,211.0
2026-07-21 16:36:11.847,30.75,29.68,29.93,29.18,26.12,28.82,928.2,24.5,-40.0,0.0,0.0,0.0,0.0,1.0,211.0
2026-07-21 16:36:12.047,30.75,29.68,29.93,29.18,26.12,28.82,928.2,24.4,-40.0,0.0,0.0,0.0,0.0,1.0,212.0
2026-07-21 16:36:12.257,30.75,29.68,29.93,29.18,26.12,28.82,928.2,24.4,-40.0,0.0,0.0,0.0,0.0,1.0,212.0
2026-07-21 16:36:12.447,30.75,29.68,29.93,29.18,26.12,28.82,928.2,24.4,-40.0,0.0,0.0,0.0,0.0,1.0,212.0
2026-07-21 16:36:12.648,30.75,29.68,29.93,29.18,26.12,28.82,928.2,24.5,-40.0,0.0,0.0,0.0,0.0,1.0,212.0
2026-07-21 16:36:12.847,30.75,29.68,29.93,29.18,26.12,28.82,928.2,24.5,-40.0,0.0,0.0,0.0,0.0,1.0,212.0
2026-07-21 16:36:13.048,30.75,29.68,29.93,29.18,26.12,28.82,928.1,24.3,-40.0,0.0,0.0,0.0,0.0,1.0,213.0
2026-07-21 16:36:13.248,30.75,29.68,29.93,29.18,26.12,28.82,928.1,24.3,-40.0,0.0,0.0,0.0,0.0,1.0,213.0
2026-07-21 16:36:13.447,30.75,29.68,29.93,29.18,26.12,28.82,928.1,24.3,-40.0,0.0,0.0,0.0,0.0,1.0,213.0
2026-07-21 16:36:13.647,30.75,29.68,29.93,29.18,26.12,28.85,928.1,24.5,-40.0,0.0,0.0,0.0,0.0,1.0,213.0
2026-07-21 16:36:13.846,30.75,29.68,29.93,29.18,26.12,28.85,928.1,24.5,-40.0,0.0,0.0,0.0,0.0,1.0,213.0
2026-07-21 16:36:14.048,30.75,29.68,29.93,29.18,26.12,28.82,928.1,24.5,-40.0,0.0,0.0,0.0,0.0,1.0,214.0
2026-07-21 16:36:14.247,30.75,29.68,29.93,29.18,26.12,28.82,928.1,24.5,-40.0,0.0,0.0,0.0,0.0,1.0,214.0
2026-07-21 16:36:14.446,30.75,29.68,29.93,29.18,26.12,28.82,928.1,24.5,-40.0,0.0,0.0,0.0,0.0,1.0,214.0
2026-07-21 16:36:14.647,30.75,29.68,29.93,29.18,26.12,28.82,928.1,24.4,-40.0,0.0,0.0,0.0,0.0,1.0,214.0
2026-07-21 16:36:14.847,30.68,29.68,29.93,29.18,26.12,28.82,928.1,24.4,-40.0,0.0,0.0,0.0,0.0,1.0,214.0
2026-07-21 16:36:15.047,30.68,29.68,29.93,29.18,26.12,28.84,928.2,24.7,-40.0,0.0,0.0,0.0,0.0,1.0,215.0
2026-07-21 16:36:15.246,30.68,29.68,29.93,29.18,26.12,28.84,928.2,24.7,-40.0,0.0,0.0,0.0,0.0,1.0,215.0
2026-07-21 16:36:15.447,30.68,29.68,29.93,29.18,26.12,28.84,928.2,24.7,-40.0,0.0,0.0,0.0,0.0,1.0,215.0
2026-07-21 16:36:15.647,30.68,29.68,29.93,29.18,26.12,28.82,928.1,24.2,-40.0,0.0,0.0,0.0,0.0,1.0,215.0
2026-07-21 16:36:15.847,30.68,29.68,29.93,29.25,26.12,28.82,928.1,24.2,-40.0,0.0,0.0,0.0,0.0,1.0,215.0
2026-07-21 16:36:16.048,30.68,29.68,29.93,29.25,26.12,28.84,928.2,24.6,-40.0,0.0,0.0,0.0,0.0,1.0,216.0
2026-07-21 16:36:16.247,30.68,29.68,29.93,29.25,26.12,28.84,928.2,24.6,-40.0,0.0,0.0,0.0,0.0,1.0,216.0
2026-07-21 16:36:16.451,30.68,29.68,29.93,29.25,26.12,28.84,928.2,24.6,-40.0,0.0,0.0,0.0,0.0,1.0,216.0
2026-07-21 16:36:16.647,30.68,29.68,29.93,29.25,26.12,28.82,928.1,24.6,-40.0,0.0,0.0,0.0,0.0,1.0,216.0
2026-07-21 16:36:16.847,30.62,29.68,29.93,29.25,26.12,28.82,928.1,24.6,-40.0,0.0,0.0,0.0,0.0,1.0,216.0
2026-07-21 16:36:17.047,30.62,29.68,29.93,29.25,26.12,28.82,928.1,24.3,-40.0,0.0,0.0,0.0,0.0,1.0,217.0
2026-07-21 16:36:17.247,30.62,29.68,29.93,29.25,26.12,28.82,928.1,24.3,-40.0,0.0,0.0,0.0,0.0,1.0,217.0
2026-07-21 16:36:17.446,30.62,29.68,29.93,29.25,26.12,28.82,928.1,24.3,-40.0,0.0,0.0,0.0,0.0,1.0,217.0
2026-07-21 16:36:17.647,30.62,29.68,29.93,29.25,26.12,28.81,928.2,24.7,-40.0,0.0,0.0,0.0,0.0,1.0,217.0
2026-07-21 16:36:17.847,30.68,29.68,29.93,29.25,26.18,28.81,928.2,24.7,-40.0,0.0,0.0,0.0,0.0,1.0,217.0
2026-07-21 16:36:18.047,30.68,29.68,29.93,29.25,26.18,28.82,928.1,24.7,-40.0,0.0,0.0,0.0,0.0,1.0,218.0
2026-07-21 16:36:18.247,30.68,29.68,29.93,29.25,26.18,28.82,928.1,24.7,-40.0,0.0,0.0,0.0,0.0,1.0,218.0
2026-07-21 16:36:18.446,30.68,29.68,29.93,29.25,26.18,28.82,928.1,24.7,-40.0,0.0,0.0,0.0,0.0,1.0,218.0
2026-07-21 16:36:18.647,30.68,29.68,29.93,29.25,26.18,28.82,928.2,24.4,-40.0,0.0,0.0,0.0,0.0,1.0,218.0
2026-07-21 16:36:18.847,30.62,29.68,29.93,29.18,26.12,28.82,928.2,24.4,-40.0,0.0,0.0,0.0,0.0,1.0,218.0
2026-07-21 16:36:19.071,30.62,29.68,29.93,29.18,26.12,28.82,928.2,24.4,-40.0,0.0,0.0,0.0,0.0,1.0,219.0
2026-07-21 16:36:19.247,30.62,29.68,29.93,29.18,26.12,28.82,928.2,24.4,-40.0,0.0,0.0,0.0,0.0,1.0,219.0
2026-07-21 16:36:19.448,30.62,29.68,29.93,29.18,26.12,28.82,928.2,24.4,-40.0,0.0,0.0,0.0,0.0,1.0,219.0
2026-07-21 16:36:19.647,30.62,29.68,29.93,29.18,26.12,28.82,928.2,24.2,-40.0,0.0,0.0,0.0,0.0,1.0,219.0
2026-07-21 16:36:19.847,30.56,29.68,29.93,29.18,26.18,28.82,928.2,24.2,-40.0,0.0,0.0,0.0,0.0,1.0,219.0
2026-07-21 16:36:20.048,30.56,29.68,29.93,29.18,26.18,28.82,928.2,24.5,-40.0,0.0,0.0,0.0,0.0,1.0,220.0
2026-07-21 16:36:20.246,30.56,29.68,29.93,29.18,26.18,28.82,928.2,24.5,-40.0,0.0,0.0,0.0,0.0,1.0,220.0
2026-07-21 16:36:20.447,30.56,29.68,29.93,29.18,26.18,28.82,928.2,24.5,-40.0,0.0,0.0,0.0,0.0,1.0,220.0
2026-07-21 16:36:20.649,30.56,29.68,29.93,29.18,26.18,28.82,928.1,24.4,-40.0,0.0,0.0,0.0,0.0,1.0,220.0
2026-07-21 16:36:20.848,30.56,29.68,29.93,29.18,26.18,28.82,928.1,24.4,-40.0,0.0,0.0,0.0,0.0,1.0,220.0
2026-07-21 16:36:21.047,30.56,29.68,29.93,29.18,26.18,28.82,928.1,24.8,-40.0,0.0,0.0,0.0,0.0,1.0,221.0
2026-07-21 16:36:21.246,30.56,29.68,29.93,29.18,26.18,28.82,928.1,24.8,-40.0,0.0,0.0,0.0,0.0,1.0,221.0
2026-07-21 16:36:21.447,30.56,29.68,29.93,29.18,26.18,28.82,928.1,24.8,-40.0,0.0,0.0,0.0,0.0,1.0,221.0
2026-07-21 16:36:21.646,30.56,29.68,29.93,29.18,26.18,28.82,928.2,24.1,-40.0,0.0,0.0,0.0,0.0,1.0,221.0
2026-07-21 16:36:21.846,30.56,29.62,29.93,29.18,26.18,28.82,928.2,24.1,-40.0,0.0,0.0,0.0,0.0,1.0,221.0
2026-07-21 16:36:22.047,30.56,29.62,29.93,29.18,26.18,28.82,928.1,24.5,-40.0,0.0,0.0,0.0,0.0,1.0,222.0
2026-07-21 16:36:22.247,30.56,29.62,29.93,29.18,26.18,28.82,928.1,24.5,-40.0,0.0,0.0,0.0,0.0,1.0,222.0
2026-07-21 16:36:22.446,30.56,29.62,29.93,29.18,26.18,28.82,928.1,24.5,-40.0,0.0,0.0,0.0,0.0,1.0,222.0
2026-07-21 16:36:22.646,30.56,29.62,29.93,29.18,26.18,28.82,928.1,24.4,-40.0,0.0,0.0,0.0,0.0,1.0,222.0
2026-07-21 16:36:22.847,30.56,29.68,29.93,29.18,26.18,28.82,928.1,24.4,-40.0,0.0,0.0,0.0,0.0,1.0,222.0
2026-07-21 16:36:23.047,30.56,29.68,29.93,29.18,26.18,28.82,928.1,24.6,-40.0,0.0,0.0,0.0,0.0,1.0,223.0
2026-07-21 16:36:23.246,30.56,29.68,29.93,29.18,26.18,28.82,928.1,24.6,-40.0,0.0,0.0,0.0,0.0,1.0,223.0
2026-07-21 16:36:23.447,30.56,29.68,29.93,29.18,26.18,28.82,928.1,24.6,-40.0,0.0,0.0,0.0,0.0,1.0,223.0
2026-07-21 16:36:23.647,30.56,29.68,29.93,29.18,26.18,28.82,928.1,24.4,-40.0,0.0,0.0,0.0,0.0,1.0,223.0
2026-07-21 16:36:23.847,30.5,29.68,29.93,29.18,26.18,28.82,928.1,24.4,-40.0,0.0,0.0,0.0,0.0,1.0,223.0
2026-07-21 16:36:24.047,30.5,29.68,29.93,29.18,26.18,28.82,928.1,24.6,-40.0,0.0,0.0,0.0,0.0,1.0,224.0
2026-07-21 16:36:24.265,30.5,29.68,29.93,29.18,26.18,28.82,928.1,24.6,-40.0,0.0,0.0,0.0,0.0,1.0,224.0
2026-07-21 16:36:24.447,30.5,29.68,29.93,29.18,26.18,28.82,928.1,24.6,-40.0,0.0,0.0,0.0,0.0,1.0,224.0
2026-07-21 16:36:24.646,30.5,29.68,29.93,29.18,26.18,28.82,928.1,24.5,-40.0,0.0,0.0,0.0,0.0,1.0,224.0
2026-07-21 16:36:24.846,30.5,29.62,30.0,29.25,26.18,28.82,928.1,24.5,-40.0,0.0,0.0,0.0,0.0,1.0,224.0
2026-07-21 16:36:25.047,30.5,29.62,30.0,29.25,26.18,28.82,928.2,24.4,-40.0,0.0,0.0,0.0,0.0,1.0,225.0
2026-07-21 16:36:25.246,30.5,29.62,30.0,29.25,26.18,28.82,928.2,24.4,-40.0,0.0,0.0,0.0,0.0,1.0,225.0
2026-07-21 16:36:25.447,30.5,29.62,30.0,29.25,26.18,28.82,928.2,24.4,-40.0,0.0,0.0,0.0,0.0,1.0,225.0
2026-07-21 16:36:25.647,30.5,29.62,30.0,29.25,26.18,28.82,928.1,24.6,-40.0,0.0,0.0,0.0,0.0,1.0,225.0
2026-07-21 16:36:25.846,30.5,29.62,29.93,29.18,26.18,28.82,928.1,24.6,-40.0,0.0,0.0,0.0,0.0,1.0,225.0
2026-07-21 16:36:26.047,30.5,29.62,29.93,29.18,26.18,28.81,928.2,24.3,-40.0,0.0,0.0,0.0,0.0,1.0,226.0
2026-07-21 16:36:26.246,30.5,29.62,29.93,29.18,26.18,28.81,928.2,24.3,-40.0,0.0,0.0,0.0,0.0,1.0,226.0
2026-07-21 16:36:26.446,30.5,29.62,29.93,29.18,26.18,28.81,928.2,24.3,-40.0,0.0,0.0,0.0,0.0,1.0,226.0
2026-07-21 16:36:26.647,30.5,29.62,29.93,29.18,26.18,28.82,928.1,24.8,-40.0,0.0,0.0,0.0,0.0,1.0,226.0
2026-07-21 16:36:26.865,30.43,29.62,29.93,29.18,26.18,28.82,928.1,24.8,-40.0,0.0,0.0,0.0,0.0,1.0,226.0
2026-07-21 16:36:27.046,30.43,29.62,29.93,29.18,26.18,28.82,928.2,24.6,-40.0,0.0,0.0,0.0,0.0,1.0,227.0
2026-07-21 16:36:27.246,30.43,29.62,29.93,29.18,26.18,28.82,928.2,24.6,-40.0,0.0,0.0,0.0,0.0,1.0,227.0
2026-07-21 16:36:27.447,30.43,29.62,29.93,29.18,26.18,28.82,928.2,24.6,-40.0,0.0,0.0,0.0,0.0,1.0,227.0
2026-07-21 16:36:27.647,30.43,29.62,29.93,29.18,26.18,28.82,928.1,24.8,-40.0,0.0,0.0,0.0,0.0,1.0,227.0
2026-07-21 16:36:27.847,30.43,29.62,29.93,29.25,26.18,28.82,928.1,24.8,-40.0,0.0,0.0,0.0,0.0,1.0,227.0
2026-07-21 16:36:28.046,30.43,29.62,29.93,29.25,26.18,28.84,928.2,24.5,-40.0,0.0,0.0,0.0,0.0,1.0,228.0
2026-07-21 16:36:28.246,30.43,29.62,29.93,29.25,26.18,28.84,928.2,24.5,-40.0,0.0,0.0,0.0,0.0,1.0,228.0
2026-07-21 16:36:28.447,30.43,29.62,29.93,29.25,26.18,28.84,928.2,24.5,-40.0,0.0,0.0,0.0,0.0,1.0,228.0
2026-07-21 16:36:28.647,30.43,29.62,29.93,29.25,26.18,28.81,928.1,24.5,-40.0,0.0,0.0,0.0,0.0,1.0,228.0
2026-07-21 16:36:28.847,30.37,29.62,29.93,29.18,26.25,28.81,928.1,24.5,-40.0,0.0,0.0,0.0,0.0,1.0,228.0
2026-07-21 16:36:29.047,30.37,29.62,29.93,29.18,26.25,28.81,928.1,24.5,-40.0,0.0,0.0,0.0,0.0,1.0,229.0
2026-07-21 16:36:29.246,30.37,29.62,29.93,29.18,26.25,28.81,928.1,24.5,-40.0,0.0,0.0,0.0,0.0,1.0,229.0
2026-07-21 16:36:29.447,30.37,29.62,29.93,29.18,26.25,28.81,928.1,24.5,-40.0,0.0,0.0,0.0,0.0,1.0,229.0
2026-07-21 16:36:29.646,30.37,29.62,29.93,29.18,26.25,28.81,928.1,24.5,-40.0,0.0,0.0,0.0,0.0,1.0,229.0
2026-07-21 16:36:29.847,30.37,29.62,29.93,29.25,26.25,28.81,928.1,24.5,-40.0,0.0,0.0,0.0,0.0,1.0,229.0
2026-07-21 16:36:30.054,30.37,29.62,29.93,29.25,26.25,28.82,928.1,24.9,-40.0,0.0,0.0,0.0,0.0,1.0,230.0
2026-07-21 16:36:30.246,30.37,29.62,29.93,29.25,26.25,28.82,928.1,24.9,-40.0,0.0,0.0,0.0,0.0,1.0,230.0
2026-07-21 16:36:30.447,30.37,29.62,29.93,29.25,26.25,28.82,928.1,24.9,-40.0,0.0,0.0,0.0,0.0,1.0,230.0
2026-07-21 16:36:30.646,30.37,29.62,29.93,29.25,26.25,28.82,928.2,24.4,-40.0,0.0,0.0,0.0,0.0,1.0,230.0
2026-07-21 16:36:30.847,30.37,29.62,29.93,29.18,26.25,28.82,928.2,24.4,-40.0,0.0,0.0,0.0,0.0,1.0,230.0
2026-07-21 16:36:31.057,30.37,29.62,29.93,29.18,26.25,28.81,928.1,24.5,-40.0,0.0,0.0,0.0,0.0,1.0,231.0
2026-07-21 16:36:31.247,30.37,29.62,29.93,29.18,26.25,28.81,928.1,24.5,-40.0,0.0,0.0,0.0,0.0,1.0,231.0
2026-07-21 16:36:31.446,30.37,29.62,29.93,29.18,26.25,28.81,928.1,24.5,-40.0,0.0,0.0,0.0,0.0,1.0,231.0
2026-07-21 16:36:31.647,30.37,29.62,29.93,29.18,26.25,28.82,928.1,24.7,-40.0,0.0,0.0,0.0,0.0,1.0,231.0
2026-07-21 16:36:31.847,30.37,29.62,29.93,29.18,26.25,28.82,928.1,24.7,-40.0,0.0,0.0,0.0,0.0,1.0,231.0
2026-07-21 16:36:32.057,30.37,29.62,29.93,29.18,26.25,28.81,928.1,24.8,-40.0,0.0,0.0,0.0,0.0,1.0,232.0
2026-07-21 16:36:32.257,30.37,29.62,29.93,29.18,26.25,28.81,928.1,24.8,-40.0,0.0,0.0,0.0,0.0,1.0,232.0
2026-07-21 16:36:32.457,30.37,29.62,29.93,29.18,26.25,28.81,928.1,24.8,-40.0,0.0,0.0,0.0,0.0,1.0,232.0
2026-07-21 16:36:32.662,30.37,29.62,29.93,29.18,26.25,28.82,928.1,24.5,-40.0,0.0,0.0,0.0,0.0,1.0,232.0
2026-07-21 16:36:32.857,30.37,29.62,29.93,29.18,26.25,28.82,928.1,24.5,-40.0,0.0,0.0,0.0,0.0,1.0,232.0
2026-07-21 16:36:33.057,30.37,29.62,29.93,29.18,26.25,28.82,928.1,24.5,-40.0,0.0,0.0,0.0,0.0,1.0,233.0
2026-07-21 16:36:33.258,30.37,29.62,29.93,29.18,26.25,28.82,928.1,24.5,-40.0,0.0,0.0,0.0,0.0,1.0,233.0
2026-07-21 16:36:33.457,30.37,29.62,29.93,29.18,26.25,28.82,928.1,24.5,-40.0,0.0,0.0,0.0,0.0,1.0,233.0
2026-07-21 16:36:33.658,30.37,29.62,29.93,29.18,26.25,28.82,928.1,24.3,-40.0,0.0,0.0,0.0,0.0,1.0,233.0
2026-07-21 16:36:33.857,30.37,29.62,29.93,29.25,26.25,28.82,928.1,24.3,-40.0,0.0,0.0,0.0,0.0,1.0,233.0
2026-07-21 16:36:34.057,30.37,29.62,29.93,29.25,26.25,28.82,928.1,24.6,-40.0,0.0,0.0,0.0,0.0,1.0,234.0
2026-07-21 16:36:34.257,30.37,29.62,29.93,29.25,26.25,28.82,928.1,24.6,-40.0,0.0,0.0,0.0,0.0,1.0,234.0
2026-07-21 16:36:34.457,30.37,29.62,29.93,29.25,26.25,28.82,928.1,24.6,-40.0,0.0,0.0,0.0,0.0,1.0,234.0
2026-07-21 16:36:34.658,30.37,29.62,29.93,29.25,26.25,28.82,928.2,24.4,-40.0,0.0,0.0,0.0,0.0,1.0,234.0
2026-07-21 16:36:34.864,30.31,29.62,29.93,29.18,26.25,28.82,928.2,24.4,-40.0,0.0,0.0,0.0,0.0,1.0,234.0
2026-07-21 16:36:35.057,30.31,29.62,29.93,29.18,26.25,28.82,928.1,24.9,-40.0,0.0,0.0,0.0,0.0,1.0,235.0
2026-07-21 16:36:35.257,30.31,29.62,29.93,29.18,26.25,28.82,928.1,24.9,-40.0,0.0,0.0,0.0,0.0,1.0,235.0
2026-07-21 16:36:35.457,30.31,29.62,29.93,29.18,26.25,28.82,928.1,24.9,-40.0,0.0,0.0,0.0,0.0,1.0,235.0
2026-07-21 16:36:35.657,30.31,29.62,29.93,29.18,26.25,28.82,928.1,24.4,-40.0,0.0,0.0,0.0,0.0,1.0,235.0
2026-07-21 16:36:35.857,30.31,29.62,29.93,29.18,26.25,28.82,928.1,24.4,-40.0,0.0,0.0,0.0,0.0,1.0,235.0
2026-07-21 16:36:36.058,30.31,29.62,29.93,29.18,26.25,28.82,928.1,24.4,-40.0,0.0,0.0,0.0,0.0,1.0,236.0
2026-07-21 16:36:36.257,30.31,29.62,29.93,29.18,26.25,28.82,928.1,24.4,-40.0,0.0,0.0,0.0,0.0,1.0,236.0
2026-07-21 16:36:36.464,30.31,29.62,29.93,29.18,26.25,28.82,928.1,24.4,-40.0,0.0,0.0,0.0,0.0,1.0,236.0
2026-07-21 16:36:36.657,30.31,29.62,29.93,29.18,26.25,28.81,928.1,24.5,-40.0,0.0,0.0,0.0,0.0,1.0,236.0
2026-07-21 16:36:36.857,30.31,29.62,29.93,29.18,26.25,28.81,928.1,24.5,-40.0,0.0,0.0,0.0,0.0,1.0,236.0
2026-07-21 16:36:37.056,30.31,29.62,29.93,29.18,26.25,28.81,928.1,24.5,-40.0,0.0,0.0,0.0,0.0,1.0,237.0
2026-07-21 16:36:37.257,30.31,29.62,29.93,29.18,26.25,28.81,928.1,24.5,-40.0,0.0,0.0,0.0,0.0,1.0,237.0
2026-07-21 16:36:37.457,30.31,29.62,29.93,29.18,26.25,28.81,928.1,24.5,-40.0,0.0,0.0,0.0,0.0,1.0,237.0
2026-07-21 16:36:37.657,30.31,29.62,29.93,29.18,26.25,28.82,928.2,24.7,-40.0,0.0,0.0,0.0,0.0,1.0,237.0
2026-07-21 16:36:37.857,30.25,29.62,29.93,29.25,26.25,28.82,928.2,24.7,-40.0,0.0,0.0,0.0,0.0,1.0,237.0
2026-07-21 16:36:38.062,30.25,29.62,29.93,29.25,26.25,28.84,928.2,24.3,-40.0,0.0,0.0,0.0,0.0,1.0,238.0
2026-07-21 16:36:38.257,30.25,29.62,29.93,29.25,26.25,28.84,928.2,24.3,-40.0,0.0,0.0,0.0,0.0,1.0,238.0
2026-07-21 16:36:38.456,30.25,29.62,29.93,29.25,26.25,28.84,928.2,24.3,-40.0,0.0,0.0,0.0,0.0,1.0,238.0
2026-07-21 16:36:38.658,30.25,29.62,29.93,29.25,26.25,28.8,928.1,24.3,-40.0,0.0,0.0,0.0,0.0,1.0,238.0
2026-07-21 16:36:38.857,30.25,29.62,29.93,29.25,26.31,28.8,928.1,24.3,-40.0,0.0,0.0,0.0,0.0,1.0,238.0
2026-07-21 16:36:39.058,30.25,29.62,29.93,29.25,26.31,28.81,928.1,24.9,-40.0,0.0,0.0,0.0,0.0,1.0,239.0
2026-07-21 16:36:39.256,30.25,29.62,29.93,29.25,26.31,28.81,928.1,24.9,-40.0,0.0,0.0,0.0,0.0,1.0,239.0
2026-07-21 16:36:39.457,30.25,29.62,29.93,29.25,26.31,28.81,928.1,24.9,-40.0,0.0,0.0,0.0,0.0,1.0,239.0
2026-07-21 16:36:39.657,30.25,29.62,29.93,29.25,26.31,28.82,928.1,24.5,-40.0,0.0,0.0,0.0,0.0,1.0,239.0
2026-07-21 16:36:39.858,30.25,29.62,29.93,29.25,26.31,28.82,928.1,24.5,-40.0,0.0,0.0,0.0,0.0,1.0,239.0
2026-07-21 16:36:40.057,30.25,29.62,29.93,29.25,26.31,28.81,928.1,24.6,-40.0,0.0,0.0,0.0,0.0,1.0,240.0
2026-07-21 16:36:40.266,30.25,29.62,29.93,29.25,26.31,28.81,928.1,24.6,-40.0,0.0,0.0,0.0,0.0,1.0,240.0
2026-07-21 16:36:40.457,30.25,29.62,29.93,29.25,26.31,28.81,928.1,24.6,-40.0,0.0,0.0,0.0,0.0,1.0,240.0
2026-07-21 16:36:40.658,30.25,29.62,29.93,29.25,26.31,28.82,928.1,24.4,-40.0,0.0,0.0,0.0,0.0,1.0,240.0
2026-07-21 16:36:40.857,30.25,29.62,29.93,29.25,26.31,28.82,928.1,24.4,-40.0,0.0,0.0,0.0,0.0,1.0,240.0
2026-07-21 16:36:41.057,30.25,29.62,29.93,29.25,26.31,28.82,928.1,24.4,-40.0,0.0,0.0,0.0,0.0,1.0,241.0
2026-07-21 16:36:41.257,30.25,29.62,29.93,29.25,26.31,28.82,928.1,24.4,-40.0,0.0,0.0,0.0,0.0,1.0,241.0
2026-07-21 16:36:41.456,30.25,29.62,29.93,29.25,26.31,28.82,928.1,24.4,-40.0,0.0,0.0,0.0,0.0,1.0,241.0
2026-07-21 16:36:41.657,30.25,29.62,29.93,29.25,26.31,28.82,928.2,24.4,-40.0,0.0,0.0,0.0,0.0,1.0,241.0
2026-07-21 16:36:41.862,30.18,29.62,29.93,29.25,26.31,28.82,928.2,24.4,-40.0,0.0,0.0,0.0,0.0,1.0,241.0
2026-07-21 16:36:42.058,30.18,29.62,29.93,29.25,26.31,28.82,928.1,24.3,-40.0,0.0,0.0,0.0,0.0,1.0,242.0
2026-07-21 16:36:42.257,30.18,29.62,29.93,29.25,26.31,28.82,928.1,24.3,-40.0,0.0,0.0,0.0,0.0,1.0,242.0
2026-07-21 16:36:42.462,30.18,29.62,29.93,29.25,26.31,28.82,928.1,24.3,-40.0,0.0,0.0,0.0,0.0,1.0,242.0
2026-07-21 16:36:42.657,30.18,29.62,29.93,29.25,26.31,28.81,928.1,24.6,-40.0,0.0,0.0,0.0,0.0,1.0,242.0
2026-07-21 16:36:42.857,30.18,29.56,29.93,29.25,26.31,28.81,928.1,24.6,-40.0,0.0,0.0,0.0,0.0,1.0,242.0
2026-07-21 16:36:43.076,30.18,29.56,29.93,29.25,26.31,28.82,928.1,24.1,-40.0,0.0,0.0,0.0,0.0,1.0,243.0
2026-07-21 16:36:43.257,30.18,29.56,29.93,29.25,26.31,28.82,928.1,24.1,-40.0,0.0,0.0,0.0,0.0,1.0,243.0
2026-07-21 16:36:43.493,30.18,29.56,29.93,29.25,26.31,28.82,928.1,24.1,-40.0,0.0,0.0,0.0,0.0,1.0,243.0
2026-07-21 16:36:43.658,30.18,29.56,29.93,29.25,26.31,28.81,928.2,24.5,-40.0,0.0,0.0,0.0,0.0,1.0,243.0
2026-07-21 16:36:43.894,30.18,29.56,29.93,29.18,26.31,28.81,928.2,24.5,-40.0,0.0,0.0,0.0,0.0,1.0,243.0
2026-07-21 16:36:44.056,30.18,29.56,29.93,29.18,26.31,28.81,928.1,24.3,-40.0,0.0,0.0,0.0,0.0,1.0,244.0
2026-07-21 16:36:44.256,30.18,29.56,29.93,29.18,26.31,28.81,928.1,24.3,-40.0,0.0,0.0,0.0,0.0,1.0,244.0
2026-07-21 16:36:44.491,30.18,29.56,29.93,29.18,26.31,28.81,928.1,24.3,-40.0,0.0,0.0,0.0,0.0,1.0,244.0
2026-07-21 16:36:44.656,30.18,29.56,29.93,29.18,26.31,28.81,928.1,24.7,-40.0,0.0,0.0,0.0,0.0,1.0,244.0
2026-07-21 16:36:44.857,30.18,29.62,29.93,29.25,26.31,28.81,928.1,24.7,-40.0,0.0,0.0,0.0,0.0,1.0,244.0
2026-07-21 16:36:45.056,30.18,29.62,29.93,29.25,26.31,28.81,928.2,24.7,-40.0,0.0,0.0,0.0,0.0,1.0,245.0
2026-07-21 16:36:45.256,30.18,29.62,29.93,29.25,26.31,28.81,928.2,24.7,-40.0,0.0,0.0,0.0,0.0,1.0,245.0
2026-07-21 16:36:45.456,30.18,29.62,29.93,29.25,26.31,28.81,928.2,24.7,-40.0,0.0,0.0,0.0,0.0,1.0,245.0
2026-07-21 16:36:45.656,30.18,29.62,29.93,29.25,26.31,28.81,928.1,24.5,-40.0,0.0,0.0,0.0,0.0,1.0,245.0
2026-07-21 16:36:45.857,30.12,29.62,29.93,29.18,26.31,28.81,928.1,24.5,-40.0,0.0,0.0,0.0,0.0,1.0,245.0
2026-07-21 16:36:46.056,30.12,29.62,29.93,29.18,26.31,28.81,928.2,24.4,-40.0,0.0,0.0,0.0,0.0,1.0,246.0
2026-07-21 16:36:46.256,30.12,29.62,29.93,29.18,26.31,28.81,928.2,24.4,-40.0,0.0,0.0,0.0,0.0,1.0,246.0
2026-07-21 16:36:46.456,30.12,29.62,29.93,29.18,26.31,28.81,928.2,24.4,-40.0,0.0,0.0,0.0,0.0,1.0,246.0
2026-07-21 16:36:46.656,30.12,29.62,29.93,29.18,26.31,28.81,928.1,24.7,-40.0,0.0,0.0,0.0,0.0,1.0,246.0
2026-07-21 16:36:46.856,30.12,29.62,29.93,29.18,26.31,28.81,928.1,24.7,-40.0,0.0,0.0,0.0,0.0,1.0,246.0
2026-07-21 16:36:47.056,30.12,29.62,29.93,29.18,26.31,28.81,928.1,24.6,-40.0,0.0,0.0,0.0,0.0,1.0,247.0
2026-07-21 16:36:47.256,30.12,29.62,29.93,29.18,26.31,28.81,928.1,24.6,-40.0,0.0,0.0,0.0,0.0,1.0,247.0
2026-07-21 16:36:47.456,30.12,29.62,29.93,29.18,26.31,28.81,928.1,24.6,-40.0,0.0,0.0,0.0,0.0,1.0,247.0
2026-07-21 16:36:47.657,30.12,29.62,29.93,29.18,26.31,28.81,928.1,24.6,-40.0,0.0,0.0,0.0,0.0,1.0,247.0
2026-07-21 16:36:47.856,30.12,29.62,29.93,29.25,26.37,28.81,928.1,24.6,-40.0,0.0,0.0,0.0,0.0,1.0,247.0
2026-07-21 16:36:48.056,30.12,29.62,29.93,29.25,26.37,28.8,928.1,24.3,-40.0,0.0,0.0,0.0,0.0,1.0,248.0
2026-07-21 16:36:48.257,30.12,29.62,29.93,29.25,26.37,28.8,928.1,24.3,-40.0,0.0,0.0,0.0,0.0,1.0,248.0
2026-07-21 16:36:48.456,30.12,29.62,29.93,29.25,26.37,28.8,928.1,24.3,-40.0,0.0,0.0,0.0,0.0,1.0,248.0
2026-07-21 16:36:48.656,30.12,29.62,29.93,29.25,26.37,28.81,928.1,24.9,-40.0,0.0,0.0,0.0,0.0,1.0,248.0
2026-07-21 16:36:48.856,30.12,29.62,29.93,29.18,26.31,28.81,928.1,24.9,-40.0,0.0,0.0,0.0,0.0,1.0,248.0
2026-07-21 16:36:49.057,30.12,29.62,29.93,29.18,26.31,28.81,928.2,24.5,-40.0,0.0,0.0,0.0,0.0,1.0,249.0
2026-07-21 16:36:49.257,30.12,29.62,29.93,29.18,26.31,28.81,928.2,24.5,-40.0,0.0,0.0,0.0,0.0,1.0,249.0
2026-07-21 16:36:49.457,30.12,29.62,29.93,29.18,26.31,28.81,928.2,24.5,-40.0,0.0,0.0,0.0,0.0,1.0,249.0
2026-07-21 16:36:49.656,30.12,29.62,29.93,29.18,26.31,28.82,928.1,24.8,-40.0,0.0,0.0,0.0,0.0,1.0,249.0
2026-07-21 16:36:49.857,30.12,29.62,29.93,29.25,26.37,28.82,928.1,24.8,-40.0,0.0,0.0,0.0,0.0,1.0,249.0
2026-07-21 16:36:50.056,30.12,29.62,29.93,29.25,26.37,28.81,928.1,24.7,-40.0,0.0,0.0,0.0,0.0,1.0,250.0
2026-07-21 16:36:50.256,30.12,29.62,29.93,29.25,26.37,28.81,928.1,24.7,-40.0,0.0,0.0,0.0,0.0,1.0,250.0
2026-07-21 16:36:50.456,30.12,29.62,29.93,29.25,26.37,28.81,928.1,24.7,-40.0,0.0,0.0,0.0,0.0,1.0,250.0
2026-07-21 16:36:50.657,30.12,29.62,29.93,29.25,26.37,28.81,928.1,24.7,-40.0,0.0,0.0,0.0,0.0,1.0,250.0
2026-07-21 16:36:50.857,30.12,29.62,29.93,29.25,26.37,28.81,928.1,24.7,-40.0,0.0,0.0,0.0,0.0,1.0,250.0
2026-07-21 16:36:51.056,30.12,29.62,29.93,29.25,26.37,28.81,928.1,24.3,-40.0,0.0,0.0,0.0,0.0,1.0,251.0
2026-07-21 16:36:51.256,30.12,29.62,29.93,29.25,26.37,28.81,928.1,24.3,-40.0,0.0,0.0,0.0,0.0,1.0,251.0
2026-07-21 16:36:51.456,30.12,29.62,29.93,29.25,26.37,28.81,928.1,24.3,-40.0,0.0,0.0,0.0,0.0,1.0,251.0
2026-07-21 16:36:51.657,30.12,29.62,29.93,29.25,26.37,28.81,928.1,24.2,-40.0,0.0,0.0,0.0,0.0,1.0,251.0
2026-07-21 16:36:51.856,30.06,29.56,29.93,29.25,26.37,28.81,928.1,24.2,-40.0,0.0,0.0,0.0,0.0,1.0,251.0
2026-07-21 16:36:52.056,30.06,29.56,29.93,29.25,26.37,28.81,928.2,24.6,-40.0,0.0,0.0,0.0,0.0,1.0,252.0
2026-07-21 16:36:52.256,30.06,29.56,29.93,29.25,26.37,28.81,928.2,24.6,-40.0,0.0,0.0,0.0,0.0,1.0,252.0
2026-07-21 16:36:52.456,30.06,29.56,29.93,29.25,26.37,28.81,928.2,24.6,-40.0,0.0,0.0,0.0,0.0,1.0,252.0
2026-07-21 16:36:52.656,30.06,29.56,29.93,29.25,26.37,28.81,928.2,24.3,-40.0,0.0,0.0,0.0,0.0,1.0,252.0
2026-07-21 16:36:52.857,30.06,29.56,29.93,29.25,26.37,28.81,928.2,24.3,-40.0,0.0,0.0,0.0,0.0,1.0,252.0
2026-07-21 16:36:53.056,30.06,29.56,29.93,29.25,26.37,28.81,928.2,24.8,-40.0,0.0,0.0,0.0,0.0,1.0,253.0
2026-07-21 16:36:53.256,30.06,29.56,29.93,29.25,26.37,28.81,928.2,24.8,-40.0,0.0,0.0,0.0,0.0,1.0,253.0
2026-07-21 16:36:53.456,30.06,29.56,29.93,29.25,26.37,28.81,928.2,24.8,-40.0,0.0,0.0,0.0,0.0,1.0,253.0
2026-07-21 16:36:53.656,30.06,29.56,29.93,29.25,26.37,28.82,928.1,24.6,-40.0,0.0,0.0,0.0,0.0,1.0,253.0
2026-07-21 16:36:53.856,30.06,29.62,29.93,29.25,26.37,28.82,928.1,24.6,-40.0,0.0,0.0,0.0,0.0,1.0,253.0
2026-07-21 16:36:54.057,30.06,29.62,29.93,29.25,26.37,28.81,928.1,24.1,-40.0,0.0,0.0,0.0,0.0,1.0,254.0
2026-07-21 16:36:54.256,30.06,29.62,29.93,29.25,26.37,28.81,928.1,24.1,-40.0,0.0,0.0,0.0,0.0,1.0,254.0
2026-07-21 16:36:54.457,30.06,29.62,29.93,29.25,26.37,28.81,928.1,24.1,-40.0,0.0,0.0,0.0,0.0,1.0,254.0
2026-07-21 16:36:54.657,30.06,29.62,29.93,29.25,26.37,28.81,928.1,24.4,-40.0,0.0,0.0,0.0,0.0,1.0,254.0
2026-07-21 16:36:54.856,30.06,29.56,29.93,29.25,26.37,28.81,928.1,24.4,-40.0,0.0,0.0,0.0,0.0,1.0,254.0
2026-07-21 16:36:55.056,30.06,29.56,29.93,29.25,26.37,28.81,928.2,24.7,-40.0,0.0,0.0,0.0,0.0,1.0,255.0
2026-07-21 16:36:55.280,30.06,29.56,29.93,29.25,26.37,28.81,928.2,24.7,-40.0,0.0,0.0,0.0,0.0,1.0,255.0
2026-07-21 16:36:55.457,30.06,29.56,29.93,29.25,26.37,28.81,928.2,24.7,-40.0,0.0,0.0,0.0,0.0,1.0,255.0
2026-07-21 16:36:55.657,30.06,29.56,29.93,29.25,26.37,28.81,928.2,24.7,-40.0,0.0,0.0,0.0,0.0,1.0,255.0
2026-07-21 16:36:55.872,30.0,29.56,29.93,29.25,26.37,28.81,928.2,24.7,-40.0,0.0,0.0,0.0,0.0,1.0,255.0
2026-07-21 16:36:56.057,30.0,29.56,29.93,29.25,26.37,28.81,928.2,24.3,-40.0,0.0,0.0,0.0,0.0,1.0,256.0
2026-07-21 16:36:56.291,30.0,29.56,29.93,29.25,26.37,28.81,928.2,24.3,-40.0,0.0,0.0,0.0,0.0,1.0,256.0
2026-07-21 16:36:56.457,30.0,29.56,29.93,29.25,26.37,28.81,928.2,24.3,-40.0,0.0,0.0,0.0,0.0,1.0,256.0
2026-07-21 16:36:56.657,30.0,29.56,29.93,29.25,26.37,28.81,928.1,24.8,-40.0,0.0,0.0,0.0,0.0,1.0,256.0
2026-07-21 16:36:56.865,30.0,29.56,29.93,29.25,26.43,28.81,928.1,24.8,-40.0,0.0,0.0,0.0,0.0,1.0,256.0
2026-07-21 16:36:57.057,30.0,29.56,29.93,29.25,26.43,28.81,928.1,24.6,-40.0,0.0,0.0,0.0,0.0,1.0,257.0
2026-07-21 16:36:57.256,30.0,29.56,29.93,29.25,26.43,28.81,928.1,24.6,-40.0,0.0,0.0,0.0,0.0,1.0,257.0
2026-07-21 16:36:57.479,30.0,29.56,29.93,29.25,26.43,28.81,928.1,24.6,-40.0,0.0,0.0,0.0,0.0,1.0,257.0
2026-07-21 16:36:57.656,30.0,29.56,29.93,29.25,26.43,28.81,928.2,24.8,-40.0,0.0,0.0,0.0,0.0,1.0,257.0
2026-07-21 16:36:57.857,30.0,29.62,29.93,29.25,26.37,28.81,928.2,24.8,-40.0,0.0,0.0,0.0,0.0,1.0,257.0
2026-07-21 16:36:58.070,30.0,29.62,29.93,29.25,26.37,28.82,928.2,24.9,-40.0,0.0,0.0,0.0,0.0,1.0,258.0
2026-07-21 16:36:58.256,30.0,29.62,29.93,29.25,26.37,28.82,928.2,24.9,-40.0,0.0,0.0,0.0,0.0,1.0,258.0
2026-07-21 16:36:58.488,30.0,29.62,29.93,29.25,26.37,28.82,928.2,24.9,-40.0,0.0,0.0,0.0,0.0,1.0,258.0
2026-07-21 16:36:58.657,30.0,29.62,29.93,29.25,26.37,28.81,928.1,24.3,-40.0,0.0,0.0,0.0,0.0,1.0,258.0
2026-07-21 16:36:58.857,30.0,29.62,29.93,29.25,26.43,28.81,928.1,24.3,-40.0,0.0,0.0,0.0,0.0,1.0,258.0
2026-07-21 16:36:59.057,30.0,29.62,29.93,29.25,26.43,28.81,928.1,24.6,-40.0,0.0,0.0,0.0,0.0,1.0,259.0
2026-07-21 16:36:59.256,30.0,29.62,29.93,29.25,26.43,28.81,928.1,24.6,-40.0,0.0,0.0,0.0,0.0,1.0,259.0
2026-07-21 16:36:59.456,30.0,29.62,29.93,29.25,26.43,28.81,928.1,24.6,-40.0,0.0,0.0,0.0,0.0,1.0,259.0
2026-07-21 16:36:59.657,30.0,29.62,29.93,29.25,26.43,28.81,928.1,24.4,-40.0,0.0,0.0,0.0,0.0,1.0,259.0
2026-07-21 16:36:59.856,30.0,29.56,29.93,29.25,26.43,28.81,928.1,24.4,-40.0,0.0,0.0,0.0,0.0,1.0,259.0
2026-07-21 16:37:00.057,30.0,29.56,29.93,29.25,26.43,28.81,928.1,24.5,-40.0,0.0,0.0,0.0,0.0,1.0,260.0
2026-07-21 16:37:00.256,30.0,29.56,29.93,29.25,26.43,28.81,928.1,24.5,-40.0,0.0,0.0,0.0,0.0,1.0,260.0
2026-07-21 16:37:00.457,30.0,29.56,29.93,29.25,26.43,28.81,928.1,24.5,-40.0,0.0,0.0,0.0,0.0,1.0,260.0
2026-07-21 16:37:00.657,30.0,29.56,29.93,29.25,26.43,28.81,928.1,24.2,-40.0,0.0,0.0,0.0,0.0,1.0,260.0
2026-07-21 16:37:00.856,29.93,29.56,29.93,29.25,26.43,28.81,928.1,24.2,-40.0,0.0,0.0,0.0,0.0,1.0,260.0
2026-07-21 16:37:01.057,29.93,29.56,29.93,29.25,26.43,28.81,928.1,24.5,-40.0,0.0,0.0,0.0,0.0,1.0,261.0
2026-07-21 16:37:01.257,29.93,29.56,29.93,29.25,26.43,28.81,928.1,24.5,-40.0,0.0,0.0,0.0,0.0,1.0,261.0
2026-07-21 16:37:01.457,29.93,29.56,29.93,29.25,26.43,28.81,928.1,24.5,-40.0,0.0,0.0,0.0,0.0,1.0,261.0
2026-07-21 16:37:01.656,29.93,29.56,29.93,29.25,26.43,28.81,928.1,24.9,-40.0,0.0,0.0,0.0,0.0,1.0,261.0
2026-07-21 16:37:01.856,29.93,29.56,29.93,29.25,26.43,28.81,928.1,24.9,-40.0,0.0,0.0,0.0,0.0,1.0,261.0
2026-07-21 16:37:02.057,29.93,29.56,29.93,29.25,26.43,28.82,928.1,24.7,-40.0,0.0,0.0,0.0,0.0,1.0,262.0
2026-07-21 16:37:02.257,29.93,29.56,29.93,29.25,26.43,28.82,928.1,24.7,-40.0,0.0,0.0,0.0,0.0,1.0,262.0
2026-07-21 16:37:02.456,29.93,29.56,29.93,29.25,26.43,28.82,928.1,24.7,-40.0,0.0,0.0,0.0,0.0,1.0,262.0
2026-07-21 16:37:02.657,29.93,29.56,29.93,29.25,26.43,28.81,928.1,24.4,-40.0,0.0,0.0,0.0,0.0,1.0,262.0
2026-07-21 16:37:02.856,29.93,29.62,29.93,29.25,26.43,28.81,928.1,24.4,-40.0,0.0,0.0,0.0,0.0,1.0,262.0
2026-07-21 16:37:03.056,29.93,29.62,29.93,29.25,26.43,28.81,928.1,24.5,-40.0,0.0,0.0,0.0,0.0,1.0,263.0
2026-07-21 16:37:03.256,29.93,29.62,29.93,29.25,26.43,28.81,928.1,24.5,-40.0,0.0,0.0,0.0,0.0,1.0,263.0
2026-07-21 16:37:03.456,29.93,29.62,29.93,29.25,26.43,28.81,928.1,24.5,-40.0,0.0,0.0,0.0,0.0,1.0,263.0
2026-07-21 16:37:03.657,29.93,29.62,29.93,29.25,26.43,28.82,928.1,24.3,-40.0,0.0,0.0,0.0,0.0,1.0,263.0
2026-07-21 16:37:03.856,29.93,29.62,29.93,29.25,26.5,28.82,928.1,24.3,-40.0,0.0,0.0,0.0,0.0,1.0,263.0
2026-07-21 16:37:04.057,29.93,29.62,29.93,29.25,26.5,28.81,928.2,24.8,-40.0,0.0,0.0,0.0,0.0,1.0,264.0
2026-07-21 16:37:04.256,29.93,29.62,29.93,29.25,26.5,28.81,928.2,24.8,-40.0,0.0,0.0,0.0,0.0,1.0,264.0
2026-07-21 16:37:04.457,29.93,29.62,29.93,29.25,26.5,28.81,928.2,24.8,-40.0,0.0,0.0,0.0,0.0,1.0,264.0
2026-07-21 16:37:04.656,29.93,29.62,29.93,29.25,26.5,28.81,928.2,24.7,-40.0,0.0,0.0,0.0,0.0,1.0,264.0
2026-07-21 16:37:04.856,29.93,29.56,29.93,29.25,26.43,28.81,928.2,24.7,-40.0,0.0,0.0,0.0,0.0,1.0,264.0
2026-07-21 16:37:05.057,29.93,29.56,29.93,29.25,26.43,28.81,928.1,24.6,-40.0,0.0,0.0,0.0,0.0,1.0,265.0
2026-07-21 16:37:05.257,29.93,29.56,29.93,29.25,26.43,28.81,928.1,24.6,-40.0,0.0,0.0,0.0,0.0,1.0,265.0
2026-07-21 16:37:05.456,29.93,29.56,29.93,29.25,26.43,28.81,928.1,24.6,-40.0,0.0,0.0,0.0,0.0,1.0,265.0
2026-07-21 16:37:05.656,29.93,29.56,29.93,29.25,26.43,28.8,928.1,24.3,-40.0,0.0,0.0,0.0,0.0,1.0,265.0
2026-07-21 16:37:05.856,29.93,29.56,29.93,29.25,26.5,28.8,928.1,24.3,-40.0,0.0,0.0,0.0,0.0,1.0,265.0
2026-07-21 16:37:06.057,29.93,29.56,29.93,29.25,26.5,28.81,928.2,25.0,-40.0,0.0,0.0,0.0,0.0,1.0,266.0
2026-07-21 16:37:06.256,29.93,29.56,29.93,29.25,26.5,28.81,928.2,25.0,-40.0,0.0,0.0,0.0,0.0,1.0,266.0
2026-07-21 16:37:06.456,29.93,29.56,29.93,29.25,26.5,28.81,928.2,25.0,-40.0,0.0,0.0,0.0,0.0,1.0,266.0
2026-07-21 16:37:06.656,29.93,29.56,29.93,29.25,26.5,28.81,928.2,24.6,-40.0,0.0,0.0,0.0,0.0,1.0,266.0
2026-07-21 16:37:06.856,29.87,29.56,29.93,29.25,26.43,28.81,928.2,24.6,-40.0,0.0,0.0,0.0,0.0,1.0,266.0
2026-07-21 16:37:07.056,29.87,29.56,29.93,29.25,26.43,28.81,928.1,24.7,-40.0,0.0,0.0,0.0,0.0,1.0,267.0
2026-07-21 16:37:07.287,29.87,29.56,29.93,29.25,26.43,28.81,928.1,24.7,-40.0,0.0,0.0,0.0,0.0,1.0,267.0
2026-07-21 16:37:07.456,29.87,29.56,29.93,29.25,26.43,28.81,928.1,24.7,-40.0,0.0,0.0,0.0,0.0,1.0,267.0
2026-07-21 16:37:07.656,29.87,29.56,29.93,29.25,26.43,28.82,928.2,24.5,-40.0,0.0,0.0,0.0,0.0,1.0,267.0
2026-07-21 16:37:07.871,29.87,29.56,29.93,29.25,26.43,28.82,928.2,24.5,-40.0,0.0,0.0,0.0,0.0,1.0,267.0
2026-07-21 16:37:08.056,29.87,29.56,29.93,29.25,26.43,28.81,928.1,24.6,-40.0,0.0,0.0,0.0,0.0,1.0,268.0
2026-07-21 16:37:08.256,29.87,29.56,29.93,29.25,26.43,28.81,928.1,24.6,-40.0,0.0,0.0,0.0,0.0,1.0,268.0
2026-07-21 16:37:08.456,29.87,29.56,29.93,29.25,26.43,28.81,928.1,24.6,-40.0,0.0,0.0,0.0,0.0,1.0,268.0
2026-07-21 16:37:08.657,29.87,29.56,29.93,29.25,26.43,28.81,928.2,24.5,-40.0,0.0,0.0,0.0,0.0,1.0,268.0
2026-07-21 16:37:08.856,29.87,29.56,29.93,29.25,26.43,28.81,928.2,24.5,-40.0,0.0,0.0,0.0,0.0,1.0,268.0
2026-07-21 16:37:09.056,29.87,29.56,29.93,29.25,26.43,28.81,928.2,24.0,-40.0,0.0,0.0,0.0,0.0,1.0,269.0
2026-07-21 16:37:09.256,29.87,29.56,29.93,29.25,26.43,28.81,928.2,24.0,-40.0,0.0,0.0,0.0,0.0,1.0,269.0
2026-07-21 16:37:09.468,29.87,29.56,29.93,29.25,26.43,28.81,928.2,24.0,-40.0,0.0,0.0,0.0,0.0,1.0,269.0
2026-07-21 16:37:09.657,29.87,29.56,29.93,29.25,26.43,28.81,928.1,24.2,-40.0,0.0,0.0,0.0,0.0,1.0,269.0
2026-07-21 16:37:09.856,29.87,29.56,29.93,29.25,26.43,28.81,928.1,24.2,-40.0,0.0,0.0,0.0,0.0,1.0,269.0
2026-07-21 16:37:10.057,29.87,29.56,29.93,29.25,26.43,28.81,928.1,24.7,-40.0,0.0,0.0,0.0,0.0,1.0,270.0
2026-07-21 16:37:10.256,29.87,29.56,29.93,29.25,26.43,28.81,928.1,24.7,-40.0,0.0,0.0,0.0,0.0,1.0,270.0
2026-07-21 16:37:10.455,29.87,29.56,29.93,29.25,26.43,28.81,928.1,24.7,-40.0,0.0,0.0,0.0,0.0,1.0,270.0
2026-07-21 16:37:10.657,29.87,29.56,29.93,29.25,26.43,28.81,928.2,24.5,-40.0,0.0,0.0,0.0,0.0,1.0,270.0
2026-07-21 16:37:10.856,29.81,29.56,29.93,29.25,26.5,28.81,928.2,24.5,-40.0,0.0,0.0,0.0,0.0,1.0,270.0
2026-07-21 16:37:11.056,29.81,29.56,29.93,29.25,26.5,28.8,928.1,24.4,-40.0,0.0,0.0,0.0,0.0,1.0,271.0
2026-07-21 16:37:11.256,29.81,29.56,29.93,29.25,26.5,28.8,928.1,24.4,-40.0,0.0,0.0,0.0,0.0,1.0,271.0
2026-07-21 16:37:11.456,29.81,29.56,29.93,29.25,26.5,28.8,928.1,24.4,-40.0,0.0,0.0,0.0,0.0,1.0,271.0
2026-07-21 16:37:11.656,29.81,29.56,29.93,29.25,26.5,28.82,928.1,24.4,-40.0,0.0,0.0,0.0,0.0,1.0,271.0
2026-07-21 16:37:11.856,29.81,29.56,29.93,29.25,26.5,28.82,928.1,24.4,-40.0,0.0,0.0,0.0,0.0,1.0,271.0
2026-07-21 16:37:12.057,29.81,29.56,29.93,29.25,26.5,28.81,928.1,24.4,-40.0,0.0,0.0,0.0,0.0,1.0,272.0
2026-07-21 16:37:12.268,29.81,29.56,29.93,29.25,26.5,28.81,928.1,24.4,-40.0,0.0,0.0,0.0,0.0,1.0,272.0
2026-07-21 16:37:12.456,29.81,29.56,29.93,29.25,26.5,28.81,928.1,24.4,-40.0,0.0,0.0,0.0,0.0,1.0,272.0
2026-07-21 16:37:12.656,29.81,29.56,29.93,29.25,26.5,28.81,928.1,24.6,-40.0,0.0,0.0,0.0,0.0,1.0,272.0
2026-07-21 16:37:12.856,29.81,29.56,29.93,29.25,26.43,28.81,928.1,24.6,-40.0,0.0,0.0,0.0,0.0,1.0,272.0
2026-07-21 16:37:13.057,29.81,29.56,29.93,29.25,26.43,28.8,928.2,24.5,-40.0,0.0,0.0,0.0,0.0,1.0,273.0
2026-07-21 16:37:13.257,29.81,29.56,29.93,29.25,26.43,28.8,928.2,24.5,-40.0,0.0,0.0,0.0,0.0,1.0,273.0
2026-07-21 16:37:13.455,29.81,29.56,29.93,29.25,26.43,28.8,928.2,24.5,-40.0,0.0,0.0,0.0,0.0,1.0,273.0
2026-07-21 16:37:13.657,29.81,29.56,29.93,29.25,26.43,28.82,928.2,24.3,-40.0,0.0,0.0,0.0,0.0,1.0,273.0
2026-07-21 16:37:13.872,29.81,29.56,29.93,29.25,26.5,28.82,928.2,24.3,-40.0,0.0,0.0,0.0,0.0,1.0,273.0
2026-07-21 16:37:14.056,29.81,29.56,29.93,29.25,26.5,28.81,928.1,24.5,-40.0,0.0,0.0,0.0,0.0,1.0,274.0
2026-07-21 16:37:14.257,29.81,29.56,29.93,29.25,26.5,28.81,928.1,24.5,-40.0,0.0,0.0,0.0,0.0,1.0,274.0
2026-07-21 16:37:14.459,29.81,29.56,29.93,29.25,26.5,28.81,928.1,24.5,-40.0,0.0,0.0,0.0,0.0,1.0,274.0
2026-07-21 16:37:14.657,29.81,29.56,29.93,29.25,26.5,28.82,928.2,24.5,-40.0,0.0,0.0,0.0,0.0,1.0,274.0
2026-07-21 16:37:14.856,29.75,29.56,29.93,29.25,26.5,28.82,928.2,24.5,-40.0,0.0,0.0,0.0,0.0,1.0,274.0
2026-07-21 16:37:15.071,29.75,29.56,29.93,29.25,26.5,28.81,928.2,24.3,-40.0,0.0,0.0,0.0,0.0,1.0,275.0
2026-07-21 16:37:15.255,29.75,29.56,29.93,29.25,26.5,28.81,928.2,24.3,-40.0,0.0,0.0,0.0,0.0,1.0,275.0
2026-07-21 16:37:15.456,29.75,29.56,29.93,29.25,26.5,28.81,928.2,24.3,-40.0,0.0,0.0,0.0,0.0,1.0,275.0
2026-07-21 16:37:15.656,29.75,29.56,29.93,29.25,26.5,28.81,928.2,24.5,-40.0,0.0,0.0,0.0,0.0,1.0,275.0
2026-07-21 16:37:15.856,29.75,29.56,29.93,29.25,26.5,28.81,928.2,24.5,-40.0,0.0,0.0,0.0,0.0,1.0,275.0
2026-07-21 16:37:16.056,29.75,29.56,29.93,29.25,26.5,28.81,928.1,24.4,-40.0,0.0,0.0,0.0,0.0,1.0,276.0
2026-07-21 16:37:16.256,29.75,29.56,29.93,29.25,26.5,28.81,928.1,24.4,-40.0,0.0,0.0,0.0,0.0,1.0,276.0
2026-07-21 16:37:16.456,29.75,29.56,29.93,29.25,26.5,28.81,928.1,24.4,-40.0,0.0,0.0,0.0,0.0,1.0,276.0
2026-07-21 16:37:16.655,29.75,29.56,29.93,29.25,26.5,28.8,928.1,24.1,-40.0,0.0,0.0,0.0,0.0,1.0,276.0
2026-07-21 16:37:16.856,29.75,29.56,29.93,29.25,26.5,28.8,928.1,24.1,-40.0,0.0,0.0,0.0,0.0,1.0,276.0
2026-07-21 16:37:17.057,29.75,29.56,29.93,29.25,26.5,28.82,928.1,24.9,-40.0,0.0,0.0,0.0,0.0,1.0,277.0
2026-07-21 16:37:17.256,29.75,29.56,29.93,29.25,26.5,28.82,928.1,24.9,-40.0,0.0,0.0,0.0,0.0,1.0,277.0
2026-07-21 16:37:17.456,29.75,29.56,29.93,29.25,26.5,28.82,928.1,24.9,-40.0,0.0,0.0,0.0,0.0,1.0,277.0
2026-07-21 16:37:17.656,29.75,29.56,29.93,29.25,26.5,28.82,928.2,24.5,-40.0,0.0,0.0,0.0,0.0,1.0,277.0
2026-07-21 16:37:17.856,29.75,29.56,29.93,29.25,26.5,28.82,928.2,24.5,-40.0,0.0,0.0,0.0,0.0,1.0,277.0
2026-07-21 16:37:18.056,29.75,29.56,29.93,29.25,26.5,28.81,928.2,24.3,-40.0,0.0,0.0,0.0,0.0,1.0,278.0
2026-07-21 16:37:18.291,29.75,29.56,29.93,29.25,26.5,28.81,928.2,24.3,-40.0,0.0,0.0,0.0,0.0,1.0,278.0
2026-07-21 16:37:18.457,29.75,29.56,29.93,29.25,26.5,28.81,928.2,24.3,-40.0,0.0,0.0,0.0,0.0,1.0,278.0
2026-07-21 16:37:18.656,29.75,29.56,29.93,29.25,26.5,28.81,928.1,24.7,-40.0,0.0,0.0,0.0,0.0,1.0,278.0
2026-07-21 16:37:18.860,29.75,29.56,29.93,29.25,26.5,28.81,928.1,24.7,-40.0,0.0,0.0,0.0,0.0,1.0,278.0
2026-07-21 16:37:19.057,29.75,29.56,29.93,29.25,26.5,28.81,928.1,24.9,-40.0,0.0,0.0,0.0,0.0,1.0,279.0
2026-07-21 16:37:19.256,29.75,29.56,29.93,29.25,26.5,28.81,928.1,24.9,-40.0,0.0,0.0,0.0,0.0,1.0,279.0
2026-07-21 16:37:19.457,29.75,29.56,29.93,29.25,26.5,28.81,928.1,24.9,-40.0,0.0,0.0,0.0,0.0,1.0,279.0
2026-07-21 16:37:19.657,29.75,29.56,29.93,29.25,26.5,28.81,928.1,24.7,-40.0,0.0,0.0,0.0,0.0,1.0,279.0
2026-07-21 16:37:19.856,29.75,29.56,29.93,29.25,26.56,28.81,928.1,24.7,-40.0,0.0,0.0,0.0,0.0,1.0,279.0
2026-07-21 16:37:20.056,29.75,29.56,29.93,29.25,26.56,28.81,928.2,24.7,-40.0,0.0,0.0,0.0,0.0,1.0,280.0
2026-07-21 16:37:20.256,29.75,29.56,29.93,29.25,26.56,28.81,928.2,24.7,-40.0,0.0,0.0,0.0,0.0,1.0,280.0
2026-07-21 16:37:20.456,29.75,29.56,29.93,29.25,26.56,28.81,928.2,24.7,-40.0,0.0,0.0,0.0,0.0,1.0,280.0
2026-07-21 16:37:20.660,29.75,29.56,29.93,29.25,26.56,28.82,928.2,24.5,-40.0,0.0,0.0,0.0,0.0,1.0,280.0
2026-07-21 16:37:20.856,29.68,29.56,29.93,29.25,26.5,28.82,928.2,24.5,-40.0,0.0,0.0,0.0,0.0,1.0,280.0
2026-07-21 16:37:21.058,29.68,29.56,29.93,29.25,26.5,28.82,928.2,24.5,-40.0,0.0,0.0,0.0,0.0,1.0,281.0
2026-07-21 16:37:21.257,29.68,29.56,29.93,29.25,26.5,28.82,928.2,24.5,-40.0,0.0,0.0,0.0,0.0,1.0,281.0
2026-07-21 16:37:21.456,29.68,29.56,29.93,29.25,26.5,28.82,928.2,24.5,-40.0,0.0,0.0,0.0,0.0,1.0,281.0
2026-07-21 16:37:21.669,29.68,29.56,29.93,29.25,26.5,28.81,928.2,24.3,-40.0,0.0,0.0,0.0,0.0,1.0,281.0
2026-07-21 16:37:21.856,29.68,29.56,29.93,29.25,26.56,28.81,928.2,24.3,-40.0,0.0,0.0,0.0,0.0,1.0,281.0
2026-07-21 16:37:22.056,29.68,29.56,29.93,29.25,26.56,28.82,928.1,24.6,-40.0,0.0,0.0,0.0,0.0,1.0,282.0
2026-07-21 16:37:22.256,29.68,29.56,29.93,29.25,26.56,28.82,928.1,24.6,-40.0,0.0,0.0,0.0,0.0,1.0,282.0
2026-07-21 16:37:22.456,29.68,29.56,29.93,29.25,26.56,28.82,928.1,24.6,-40.0,0.0,0.0,0.0,0.0,1.0,282.0
2026-07-21 16:37:22.656,29.68,29.56,29.93,29.25,26.56,28.81,928.2,24.5,-40.0,0.0,0.0,0.0,0.0,1.0,282.0
2026-07-21 16:37:22.856,29.68,29.56,29.93,29.31,26.5,28.81,928.2,24.5,-40.0,0.0,0.0,0.0,0.0,1.0,282.0
2026-07-21 16:37:23.056,29.68,29.56,29.93,29.31,26.5,28.81,928.1,24.7,-40.0,0.0,0.0,0.0,0.0,1.0,283.0
2026-07-21 16:37:23.255,29.68,29.56,29.93,29.31,26.5,28.81,928.1,24.7,-40.0,0.0,0.0,0.0,0.0,1.0,283.0
2026-07-21 16:37:23.456,29.68,29.56,29.93,29.31,26.5,28.81,928.1,24.7,-40.0,0.0,0.0,0.0,0.0,1.0,283.0
2026-07-21 16:37:23.656,29.68,29.56,29.93,29.31,26.5,28.84,928.2,24.1,-40.0,0.0,0.0,0.0,0.0,1.0,283.0
2026-07-21 16:37:23.855,29.68,29.56,29.93,29.31,26.56,28.84,928.2,24.1,-40.0,0.0,0.0,0.0,0.0,1.0,283.0
2026-07-21 16:37:24.056,29.68,29.56,29.93,29.31,26.56,28.81,928.2,25.0,-40.0,0.0,0.0,0.0,0.0,1.0,284.0
2026-07-21 16:37:24.255,29.68,29.56,29.93,29.31,26.56,28.81,928.2,25.0,-40.0,0.0,0.0,0.0,0.0,1.0,284.0
2026-07-21 16:37:24.456,29.68,29.56,29.93,29.31,26.56,28.81,928.2,25.0,-40.0,0.0,0.0,0.0,0.0,1.0,284.0
2026-07-21 16:37:24.728,29.68,29.56,29.93,29.31,26.56,28.82,928.1,24.6,-40.0,0.0,0.0,0.0,0.0,1.0,284.0
2026-07-21 16:37:24.856,29.68,29.56,29.93,29.25,26.5,28.82,928.1,24.6,-40.0,0.0,0.0,0.0,0.0,1.0,284.0
2026-07-21 16:37:25.056,29.68,29.56,29.93,29.25,26.5,28.82,928.1,24.6,-40.0,0.0,0.0,0.0,0.0,1.0,285.0
2026-07-21 16:37:25.255,29.68,29.56,29.93,29.25,26.5,28.82,928.1,24.6,-40.0,0.0,0.0,0.0,0.0,1.0,285.0
2026-07-21 16:37:25.455,29.68,29.56,29.93,29.25,26.5,28.82,928.1,24.6,-40.0,0.0,0.0,0.0,0.0,1.0,285.0
2026-07-21 16:37:25.655,29.68,29.56,29.93,29.25,26.5,28.82,928.1,24.5,-40.0,0.0,0.0,0.0,0.0,1.0,285.0
2026-07-21 16:37:25.856,29.68,29.56,30.0,29.25,26.56,28.82,928.1,24.5,-40.0,0.0,0.0,0.0,0.0,1.0,285.0
2026-07-21 16:37:26.056,29.68,29.56,30.0,29.25,26.56,28.82,928.1,24.4,-40.0,0.0,0.0,0.0,0.0,1.0,286.0
2026-07-21 16:37:26.255,29.68,29.56,30.0,29.25,26.56,28.82,928.1,24.4,-40.0,0.0,0.0,0.0,0.0,1.0,286.0
2026-07-21 16:37:26.456,29.68,29.56,30.0,29.25,26.56,28.82,928.1,24.4,-40.0,0.0,0.0,0.0,0.0,1.0,286.0
2026-07-21 16:37:26.655,29.68,29.56,30.0,29.25,26.56,28.82,928.1,24.8,-40.0,0.0,0.0,0.0,0.0,1.0,286.0
2026-07-21 16:37:26.880,29.68,29.56,29.93,29.31,26.56,28.82,928.1,24.8,-40.0,0.0,0.0,0.0,0.0,1.0,286.0
2026-07-21 16:37:27.056,29.68,29.56,29.93,29.31,26.56,28.81,928.1,24.3,-40.0,0.0,0.0,0.0,0.0,1.0,287.0
2026-07-21 16:37:27.256,29.68,29.56,29.93,29.31,26.56,28.81,928.1,24.3,-40.0,0.0,0.0,0.0,0.0,1.0,287.0
2026-07-21 16:37:27.495,29.68,29.56,29.93,29.31,26.56,28.81,928.1,24.3,-40.0,0.0,0.0,0.0,0.0,1.0,287.0
2026-07-21 16:37:27.655,29.68,29.56,29.93,29.31,26.56,28.82,928.1,24.5,-40.0,0.0,0.0,0.0,0.0,1.0,287.0
2026-07-21 16:37:27.856,29.68,29.56,29.93,29.25,26.56,28.82,928.1,24.5,-40.0,0.0,0.0,0.0,0.0,1.0,287.0
2026-07-21 16:37:28.056,29.68,29.56,29.93,29.25,26.56,28.82,928.1,24.6,-40.0,0.0,0.0,0.0,0.0,1.0,288.0
2026-07-21 16:37:28.255,29.68,29.56,29.93,29.25,26.56,28.82,928.1,24.6,-40.0,0.0,0.0,0.0,0.0,1.0,288.0
2026-07-21 16:37:28.455,29.68,29.56,29.93,29.25,26.56,28.82,928.1,24.6,-40.0,0.0,0.0,0.0,0.0,1.0,288.0
2026-07-21 16:37:28.655,29.68,29.56,29.93,29.25,26.56,28.82,928.2,24.3,-40.0,0.0,0.0,0.0,0.0,1.0,288.0
2026-07-21 16:37:28.855,29.62,29.56,29.93,29.31,26.56,28.82,928.2,24.3,-40.0,0.0,0.0,0.0,0.0,1.0,288.0
2026-07-21 16:37:29.056,29.62,29.56,29.93,29.31,26.56,28.82,928.1,24.7,-40.0,0.0,0.0,0.0,0.0,1.0,289.0
2026-07-21 16:37:29.255,29.62,29.56,29.93,29.31,26.56,28.82,928.1,24.7,-40.0,0.0,0.0,0.0,0.0,1.0,289.0
2026-07-21 16:37:29.456,29.62,29.56,29.93,29.31,26.56,28.82,928.1,24.7,-40.0,0.0,0.0,0.0,0.0,1.0,289.0
2026-07-21 16:37:29.658,29.62,29.56,29.93,29.31,26.56,28.84,928.2,24.7,-40.0,0.0,0.0,0.0,0.0,1.0,289.0
2026-07-21 16:37:29.855,29.62,29.56,29.93,29.31,26.56,28.84,928.2,24.7,-40.0,0.0,0.0,0.0,0.0,1.0,289.0
2026-07-21 16:37:30.055,29.62,29.56,29.93,29.31,26.56,28.82,928.1,24.6,-40.0,0.0,0.0,0.0,0.0,1.0,290.0
2026-07-21 16:37:30.269,29.62,29.56,29.93,29.31,26.56,28.82,928.1,24.6,-40.0,0.0,0.0,0.0,0.0,1.0,290.0
2026-07-21 16:37:30.456,29.62,29.56,29.93,29.31,26.56,28.82,928.1,24.6,-40.0,0.0,0.0,0.0,0.0,1.0,290.0
2026-07-21 16:37:30.656,29.62,29.56,29.93,29.31,26.56,28.82,928.1,24.5,-40.0,0.0,0.0,0.0,0.0,1.0,290.0
2026-07-21 16:37:30.856,29.62,29.56,29.93,29.31,26.56,28.82,928.1,24.5,-40.0,0.0,0.0,0.0,0.0,1.0,290.0
2026-07-21 16:37:31.055,29.62,29.56,29.93,29.31,26.56,28.82,928.1,24.5,-40.0,0.0,0.0,0.0,0.0,1.0,291.0
2026-07-21 16:37:31.255,29.62,29.56,29.93,29.31,26.56,28.82,928.1,24.5,-40.0,0.0,0.0,0.0,0.0,1.0,291.0
2026-07-21 16:37:31.456,29.62,29.56,29.93,29.31,26.56,28.82,928.1,24.5,-40.0,0.0,0.0,0.0,0.0,1.0,291.0
2026-07-21 16:37:31.656,29.62,29.56,29.93,29.31,26.56,28.82,928.2,24.6,-40.0,0.0,0.0,0.0,0.0,1.0,291.0
2026-07-21 16:37:31.873,29.62,29.56,29.93,29.25,26.56,28.82,928.2,24.6,-40.0,0.0,0.0,0.0,0.0,1.0,291.0
2026-07-21 16:37:32.057,29.62,29.56,29.93,29.25,26.56,28.84,928.2,24.5,-40.0,0.0,0.0,0.0,0.0,1.0,292.0
2026-07-21 16:37:32.255,29.62,29.56,29.93,29.25,26.56,28.84,928.2,24.5,-40.0,0.0,0.0,0.0,0.0,1.0,292.0
2026-07-21 16:37:32.455,29.62,29.56,29.93,29.25,26.56,28.84,928.2,24.5,-40.0,0.0,0.0,0.0,0.0,1.0,292.0
2026-07-21 16:37:32.656,29.62,29.56,29.93,29.25,26.56,28.82,928.1,24.9,-40.0,0.0,0.0,0.0,0.0,1.0,292.0
2026-07-21 16:37:32.856,29.62,29.56,29.93,29.31,26.56,28.82,928.1,24.9,-40.0,0.0,0.0,0.0,0.0,1.0,292.0
2026-07-21 16:37:33.094,29.62,29.56,29.93,29.31,26.56,28.82,928.1,24.4,-40.0,0.0,0.0,0.0,0.0,1.0,293.0
2026-07-21 16:37:33.255,29.62,29.56,29.93,29.31,26.56,28.82,928.1,24.4,-40.0,0.0,0.0,0.0,0.0,1.0,293.0
2026-07-21 16:37:33.456,29.62,29.56,29.93,29.31,26.56,28.82,928.1,24.4,-40.0,0.0,0.0,0.0,0.0,1.0,293.0
2026-07-21 16:37:33.665,29.62,29.56,29.93,29.31,26.56,28.82,928.1,24.5,-40.0,0.0,0.0,0.0,0.0,1.0,293.0
2026-07-21 16:37:33.856,29.62,29.56,29.93,29.25,26.56,28.82,928.1,24.5,-40.0,0.0,0.0,0.0,0.0,1.0,293.0
2026-07-21 16:37:34.055,29.62,29.56,29.93,29.25,26.56,28.84,928.1,24.3,-40.0,0.0,0.0,0.0,0.0,1.0,294.0
2026-07-21 16:37:34.255,29.62,29.56,29.93,29.25,26.56,28.84,928.1,24.3,-40.0,0.0,0.0,0.0,0.0,1.0,294.0
2026-07-21 16:37:34.455,29.62,29.56,29.93,29.25,26.56,28.84,928.1,24.3,-40.0,0.0,0.0,0.0,0.0,1.0,294.0
2026-07-21 16:37:34.655,29.62,29.56,29.93,29.25,26.56,28.82,928.1,24.7,-40.0,0.0,0.0,0.0,0.0,1.0,294.0
2026-07-21 16:37:34.856,29.62,29.56,29.93,29.31,26.56,28.82,928.1,24.7,-40.0,0.0,0.0,0.0,0.0,1.0,294.0
2026-07-21 16:37:35.055,29.62,29.56,29.93,29.31,26.56,28.84,928.1,24.8,-40.0,0.0,0.0,0.0,0.0,1.0,295.0
2026-07-21 16:37:35.256,29.62,29.56,29.93,29.31,26.56,28.84,928.1,24.8,-40.0,0.0,0.0,0.0,0.0,1.0,295.0
2026-07-21 16:37:35.456,29.62,29.56,29.93,29.31,26.56,28.84,928.1,24.8,-40.0,0.0,0.0,0.0,0.0,1.0,295.0
2026-07-21 16:37:35.656,29.62,29.56,29.93,29.31,26.56,28.82,928.1,24.6,-40.0,0.0,0.0,0.0,0.0,1.0,295.0
2026-07-21 16:37:35.869,29.62,29.56,29.93,29.18,26.56,28.82,928.1,24.6,-40.0,0.0,0.0,0.0,0.0,1.0,295.0
2026-07-21 16:37:36.056,29.62,29.56,29.93,29.18,26.56,28.85,928.2,24.5,-40.0,0.0,0.0,0.0,0.0,1.0,296.0
2026-07-21 16:37:36.255,29.62,29.56,29.93,29.18,26.56,28.85,928.2,24.5,-40.0,0.0,0.0,0.0,0.0,1.0,296.0
2026-07-21 16:37:36.455,29.62,29.56,29.93,29.18,26.56,28.85,928.2,24.5,-40.0,0.0,0.0,0.0,0.0,1.0,296.0
2026-07-21 16:37:36.656,29.62,29.56,29.93,29.18,26.56,28.84,928.2,24.5,-40.0,0.0,0.0,0.0,0.0,1.0,296.0
2026-07-21 16:37:36.855,29.56,29.5,29.93,29.25,26.56,28.84,928.2,24.5,-40.0,0.0,0.0,0.0,0.0,1.0,296.0
2026-07-21 16:37:37.057,29.56,29.5,29.93,29.25,26.56,28.82,928.1,24.6,-40.0,0.0,0.0,0.0,0.0,1.0,297.0
2026-07-21 16:37:37.256,29.56,29.5,29.93,29.25,26.56,28.82,928.1,24.6,-40.0,0.0,0.0,0.0,0.0,1.0,297.0
2026-07-21 16:37:37.480,29.56,29.5,29.93,29.25,26.56,28.82,928.1,24.6,-40.0,0.0,0.0,0.0,0.0,1.0,297.0
2026-07-21 16:37:37.656,29.56,29.5,29.93,29.25,26.56,28.84,928.1,24.8,-40.0,0.0,0.0,0.0,0.0,1.0,297.0
2026-07-21 16:37:37.856,29.56,29.56,29.93,29.25,26.56,28.84,928.1,24.8,-40.0,0.0,0.0,0.0,0.0,1.0,297.0
2026-07-21 16:37:38.072,29.56,29.56,29.93,29.25,26.56,28.84,928.1,24.8,-40.0,0.0,0.0,0.0,0.0,1.0,298.0
2026-07-21 16:37:38.255,29.56,29.56,29.93,29.25,26.56,28.84,928.1,24.8,-40.0,0.0,0.0,0.0,0.0,1.0,298.0
2026-07-21 16:37:38.490,29.56,29.56,29.93,29.25,26.56,28.84,928.1,24.8,-40.0,0.0,0.0,0.0,0.0,1.0,298.0
2026-07-21 16:37:38.656,29.56,29.56,29.93,29.25,26.56,28.85,928.1,24.6,-40.0,0.0,0.0,0.0,0.0,1.0,298.0
2026-07-21 16:37:38.857,29.56,29.56,29.93,29.31,26.56,28.85,928.1,24.6,-40.0,0.0,0.0,0.0,0.0,1.0,298.0
2026-07-21 16:37:39.084,29.56,29.56,29.93,29.31,26.56,28.82,928.1,24.8,-40.0,0.0,0.0,0.0,0.0,1.0,299.0
2026-07-21 16:37:39.257,29.56,29.56,29.93,29.31,26.56,28.82,928.1,24.8,-40.0,0.0,0.0,0.0,0.0,1.0,299.0
2026-07-21 16:37:39.486,29.56,29.56,29.93,29.31,26.56,28.82,928.1,24.8,-40.0,0.0,0.0,0.0,0.0,1.0,299.0
2026-07-21 16:37:39.656,29.56,29.56,29.93,29.31,26.56,28.82,928.1,24.8,-40.0,0.0,0.0,0.0,0.0,1.0,299.0
2026-07-21 16:37:39.855,29.56,29.56,29.93,29.25,26.56,28.82,928.1,24.8,-40.0,0.0,0.0,0.0,0.0,1.0,299.0
2026-07-21 16:37:40.060,29.56,29.56,29.93,29.25,26.56,28.84,928.1,24.5,-40.0,0.0,0.0,0.0,0.0,1.0,300.0
2026-07-21 16:37:40.256,29.56,29.56,29.93,29.25,26.56,28.84,928.1,24.5,-40.0,0.0,0.0,0.0,0.0,1.0,300.0
2026-07-21 16:37:40.456,29.56,29.56,29.93,29.25,26.56,28.84,928.1,24.5,-40.0,0.0,0.0,0.0,0.0,1.0,300.0
2026-07-21 16:37:40.661,29.56,29.56,29.93,29.25,26.56,28.82,928.1,24.9,-40.0,0.0,0.0,0.0,0.0,1.0,300.0
2026-07-21 16:37:40.856,29.56,29.5,29.93,29.25,26.56,28.82,928.1,24.9,-40.0,0.0,0.0,0.0,0.0,1.0,300.0
2026-07-21 16:37:41.055,29.56,29.5,29.93,29.25,26.56,28.84,928.1,24.8,-40.0,0.0,0.0,0.0,0.0,1.0,301.0
2026-07-21 16:37:41.255,29.56,29.5,29.93,29.25,26.56,28.84,928.1,24.8,-40.0,0.0,0.0,0.0,0.0,1.0,301.0
2026-07-21 16:37:41.455,29.56,29.5,29.93,29.25,26.56,28.84,928.1,24.8,-40.0,0.0,0.0,0.0,0.0,1.0,301.0
2026-07-21 16:37:41.656,29.56,29.5,29.93,29.25,26.56,28.82,928.1,24.5,-40.0,0.0,0.0,0.0,0.0,1.0,301.0
2026-07-21 16:37:41.856,29.5,29.5,29.93,29.25,26.56,28.82,928.1,24.5,-40.0,0.0,0.0,0.0,0.0,1.0,301.0
2026-07-21 16:37:42.087,29.5,29.5,29.93,29.25,26.56,28.84,928.1,24.7,-40.0,0.0,0.0,0.0,0.0,1.0,302.0
2026-07-21 16:37:42.257,29.5,29.5,29.93,29.25,26.56,28.84,928.1,24.7,-40.0,0.0,0.0,0.0,0.0,1.0,302.0
2026-07-21 16:37:42.456,29.5,29.5,29.93,29.25,26.56,28.84,928.1,24.7,-40.0,0.0,0.0,0.0,0.0,1.0,302.0
2026-07-21 16:37:42.674,29.5,29.5,29.93,29.25,26.56,28.84,928.1,24.5,-40.0,0.0,0.0,0.0,0.0,1.0,302.0
2026-07-21 16:37:42.855,29.5,29.5,29.93,29.25,26.62,28.84,928.1,24.5,-40.0,0.0,0.0,0.0,0.0,1.0,302.0
2026-07-21 16:37:43.056,29.5,29.5,29.93,29.25,26.62,28.82,928.2,24.4,-40.0,0.0,0.0,0.0,0.0,1.0,303.0
2026-07-21 16:37:43.256,29.5,29.5,29.93,29.25,26.62,28.82,928.2,24.4,-40.0,0.0,0.0,0.0,0.0,1.0,303.0
2026-07-21 16:37:43.457,29.5,29.5,29.93,29.25,26.62,28.82,928.2,24.4,-40.0,0.0,0.0,0.0,0.0,1.0,303.0
2026-07-21 16:37:43.688,29.5,29.5,29.93,29.25,26.62,28.84,928.1,24.4,-40.0,0.0,0.0,0.0,0.0,1.0,303.0
2026-07-21 16:37:43.857,29.5,29.5,29.93,29.25,26.56,28.84,928.1,24.4,-40.0,0.0,0.0,0.0,0.0,1.0,303.0
2026-07-21 16:37:44.086,29.5,29.5,29.93,29.25,26.56,28.84,928.1,24.9,-40.0,0.0,0.0,0.0,0.0,1.0,304.0
2026-07-21 16:37:44.255,29.5,29.5,29.93,29.25,26.56,28.84,928.1,24.9,-40.0,0.0,0.0,0.0,0.0,1.0,304.0
2026-07-21 16:37:44.456,29.5,29.5,29.93,29.25,26.56,28.84,928.1,24.9,-40.0,0.0,0.0,0.0,0.0,1.0,304.0
2026-07-21 16:37:44.655,29.5,29.5,29.93,29.25,26.56,28.84,928.1,24.7,-40.0,0.0,0.0,0.0,0.0,1.0,304.0
2026-07-21 16:37:44.857,29.5,29.5,29.93,29.25,26.56,28.84,928.1,24.7,-40.0,0.0,0.0,0.0,0.0,1.0,304.0
2026-07-21 16:37:45.097,29.5,29.5,29.93,29.25,26.56,28.85,928.2,24.9,-40.0,0.0,0.0,0.0,0.0,1.0,305.0
2026-07-21 16:37:45.256,29.5,29.5,29.93,29.25,26.56,28.85,928.2,24.9,-40.0,0.0,0.0,0.0,0.0,1.0,305.0
2026-07-21 16:37:45.456,29.5,29.5,29.93,29.25,26.56,28.85,928.2,24.9,-40.0,0.0,0.0,0.0,0.0,1.0,305.0
2026-07-21 16:37:45.668,29.5,29.5,29.93,29.25,26.56,28.84,928.1,24.6,-40.0,0.0,0.0,0.0,0.0,1.0,305.0
2026-07-21 16:37:45.856,29.5,29.5,29.93,29.25,26.62,28.84,928.1,24.6,-40.0,0.0,0.0,0.0,0.0,1.0,305.0
2026-07-21 16:37:46.056,29.5,29.5,29.93,29.25,26.62,28.85,928.1,24.6,-40.0,0.0,0.0,0.0,0.0,1.0,306.0
2026-07-21 16:37:46.262,29.5,29.5,29.93,29.25,26.62,28.85,928.1,24.6,-40.0,0.0,0.0,0.0,0.0,1.0,306.0
2026-07-21 16:37:46.457,29.5,29.5,29.93,29.25,26.62,28.85,928.1,24.6,-40.0,0.0,0.0,0.0,0.0,1.0,306.0
2026-07-21 16:37:46.655,29.5,29.5,29.93,29.25,26.62,28.84,928.1,24.6,-40.0,0.0,0.0,0.0,0.0,1.0,306.0
2026-07-21 16:37:46.856,29.5,29.56,29.93,29.31,26.62,28.84,928.1,24.6,-40.0,0.0,0.0,0.0,0.0,1.0,306.0
2026-07-21 16:37:47.055,29.5,29.56,29.93,29.31,26.62,28.84,928.2,24.8,-40.0,0.0,0.0,0.0,0.0,1.0,307.0
2026-07-21 16:37:47.255,29.5,29.56,29.93,29.31,26.62,28.84,928.2,24.8,-40.0,0.0,0.0,0.0,0.0,1.0,307.0
2026-07-21 16:37:47.456,29.5,29.56,29.93,29.31,26.62,28.84,928.2,24.8,-40.0,0.0,0.0,0.0,0.0,1.0,307.0
2026-07-21 16:37:47.655,29.5,29.56,29.93,29.31,26.62,28.84,928.1,24.4,-40.0,0.0,0.0,0.0,0.0,1.0,307.0
2026-07-21 16:37:47.855,29.5,29.5,29.93,29.31,26.62,28.84,928.1,24.4,-40.0,0.0,0.0,0.0,0.0,1.0,307.0
2026-07-21 16:37:48.055,29.5,29.5,29.93,29.31,26.62,28.84,928.1,24.4,-40.0,0.0,0.0,0.0,0.0,1.0,308.0
2026-07-21 16:37:48.256,29.5,29.5,29.93,29.31,26.62,28.84,928.1,24.4,-40.0,0.0,0.0,0.0,0.0,1.0,308.0
2026-07-21 16:37:48.456,29.5,29.5,29.93,29.31,26.62,28.84,928.1,24.4,-40.0,0.0,0.0,0.0,0.0,1.0,308.0
2026-07-21 16:37:48.656,29.5,29.5,29.93,29.31,26.62,28.82,928.1,24.3,-40.0,0.0,0.0,0.0,0.0,1.0,308.0
2026-07-21 16:37:48.856,29.5,29.5,29.93,29.31,26.62,28.82,928.1,24.3,-40.0,0.0,0.0,0.0,0.0,1.0,308.0
2026-07-21 16:37:49.091,29.5,29.5,29.93,29.31,26.62,28.84,928.1,24.8,-40.0,0.0,0.0,0.0,0.0,1.0,309.0
2026-07-21 16:37:49.255,29.5,29.5,29.93,29.31,26.62,28.84,928.1,24.8,-40.0,0.0,0.0,0.0,0.0,1.0,309.0
2026-07-21 16:37:49.455,29.5,29.5,29.93,29.31,26.62,28.84,928.1,24.8,-40.0,0.0,0.0,0.0,0.0,1.0,309.0
2026-07-21 16:37:49.657,29.5,29.5,29.93,29.31,26.62,28.82,928.1,24.5,-40.0,0.0,0.0,0.0,0.0,1.0,309.0
2026-07-21 16:37:49.856,29.5,29.5,29.93,29.31,26.62,28.82,928.1,24.5,-40.0,0.0,0.0,0.0,0.0,1.0,309.0
2026-07-21 16:37:50.089,29.5,29.5,29.93,29.31,26.62,28.85,928.1,24.5,-40.0,0.0,0.0,0.0,0.0,1.0,310.0
2026-07-21 16:37:50.256,29.5,29.5,29.93,29.31,26.62,28.85,928.1,24.5,-40.0,0.0,0.0,0.0,0.0,1.0,310.0
2026-07-21 16:37:50.456,29.5,29.5,29.93,29.31,26.62,28.85,928.1,24.5,-40.0,0.0,0.0,0.0,0.0,1.0,310.0
2026-07-21 16:37:50.689,29.5,29.5,29.93,29.31,26.62,28.84,928.1,24.4,-40.0,0.0,0.0,0.0,0.0,1.0,310.0
2026-07-21 16:37:50.855,29.5,29.5,29.93,29.31,26.62,28.84,928.1,24.4,-40.0,0.0,0.0,0.0,0.0,1.0,310.0
2026-07-21 16:37:51.056,29.5,29.5,29.93,29.31,26.62,28.85,928.2,24.6,-40.0,0.0,0.0,0.0,0.0,1.0,311.0
2026-07-21 16:37:51.285,29.5,29.5,29.93,29.31,26.62,28.85,928.2,24.6,-40.0,0.0,0.0,0.0,0.0,1.0,311.0
2026-07-21 16:37:51.455,29.5,29.5,29.93,29.31,26.62,28.85,928.2,24.6,-40.0,0.0,0.0,0.0,0.0,1.0,311.0
2026-07-21 16:37:51.658,29.5,29.5,29.93,29.31,26.62,28.85,928.2,24.6,-40.0,0.0,0.0,0.0,0.0,1.0,311.0
2026-07-21 16:37:51.863,29.43,29.5,29.93,29.31,26.62,28.85,928.2,24.6,-40.0,0.0,0.0,0.0,0.0,1.0,311.0
2026-07-21 16:37:52.055,29.43,29.5,29.93,29.31,26.62,28.86,928.2,24.7,-40.0,0.0,0.0,0.0,0.0,1.0,312.0
2026-07-21 16:37:52.255,29.43,29.5,29.93,29.31,26.62,28.86,928.2,24.7,-40.0,0.0,0.0,0.0,0.0,1.0,312.0
2026-07-21 16:37:52.491,29.43,29.5,29.93,29.31,26.62,28.86,928.2,24.7,-40.0,0.0,0.0,0.0,0.0,1.0,312.0
2026-07-21 16:37:52.656,29.43,29.5,29.93,29.31,26.62,28.84,928.2,24.7,-40.0,0.0,0.0,0.0,0.0,1.0,312.0
2026-07-21 16:37:52.855,29.43,29.56,29.93,29.31,26.62,28.84,928.2,24.7,-40.0,0.0,0.0,0.0,0.0,1.0,312.0
2026-07-21 16:37:53.058,29.43,29.56,29.93,29.31,26.62,28.85,928.1,24.6,-40.0,0.0,0.0,0.0,0.0,1.0,313.0
2026-07-21 16:37:53.255,29.43,29.56,29.93,29.31,26.62,28.85,928.1,24.6,-40.0,0.0,0.0,0.0,0.0,1.0,313.0
2026-07-21 16:37:53.455,29.43,29.56,29.93,29.31,26.62,28.85,928.1,24.6,-40.0,0.0,0.0,0.0,0.0,1.0,313.0
2026-07-21 16:37:53.665,29.43,29.56,29.93,29.31,26.62,28.85,928.1,24.4,-40.0,0.0,0.0,0.0,0.0,1.0,313.0
2026-07-21 16:37:53.855,29.5,29.56,29.93,29.25,26.62,28.85,928.1,24.4,-40.0,0.0,0.0,0.0,0.0,1.0,313.0
2026-07-21 16:37:54.055,29.5,29.56,29.93,29.25,26.62,28.85,928.1,24.6,-40.0,0.0,0.0,0.0,0.0,1.0,314.0
2026-07-21 16:37:54.287,29.5,29.56,29.93,29.25,26.62,28.85,928.1,24.6,-40.0,0.0,0.0,0.0,0.0,1.0,314.0
2026-07-21 16:37:54.455,29.5,29.56,29.93,29.25,26.62,28.85,928.1,24.6,-40.0,0.0,0.0,0.0,0.0,1.0,314.0
2026-07-21 16:37:54.687,29.5,29.56,29.93,29.25,26.62,28.84,928.1,24.8,-40.0,0.0,0.0,0.0,0.0,1.0,314.0
2026-07-21 16:37:54.855,29.43,29.5,29.93,29.25,26.68,28.84,928.1,24.8,-40.0,0.0,0.0,0.0,0.0,1.0,314.0
2026-07-21 16:37:55.056,29.43,29.5,29.93,29.25,26.68,28.84,928.2,24.4,-40.0,0.0,0.0,0.0,0.0,1.0,315.0
2026-07-21 16:37:55.265,29.43,29.5,29.93,29.25,26.68,28.84,928.2,24.4,-40.0,0.0,0.0,0.0,0.0,1.0,315.0
2026-07-21 16:37:55.455,29.43,29.5,29.93,29.25,26.68,28.84,928.2,24.4,-40.0,0.0,0.0,0.0,0.0,1.0,315.0
2026-07-21 16:37:55.702,29.43,29.5,29.93,29.25,26.68,28.84,928.1,24.0,-40.0,0.0,0.0,0.0,0.0,1.0,315.0
2026-07-21 16:37:55.856,29.43,29.5,29.93,29.25,26.68,28.84,928.1,24.0,-40.0,0.0,0.0,0.0,0.0,1.0,315.0
2026-07-21 16:37:56.055,29.43,29.5,29.93,29.25,26.68,28.85,928.2,24.3,-40.0,0.0,0.0,0.0,0.0,1.0,316.0
2026-07-21 16:37:56.255,29.43,29.5,29.93,29.25,26.68,28.85,928.2,24.3,-40.0,0.0,0.0,0.0,0.0,1.0,316.0
2026-07-21 16:37:56.455,29.43,29.5,29.93,29.25,26.68,28.85,928.2,24.3,-40.0,0.0,0.0,0.0,0.0,1.0,316.0
2026-07-21 16:37:56.655,29.43,29.5,29.93,29.25,26.68,28.85,928.1,24.5,-40.0,0.0,0.0,0.0,0.0,1.0,316.0
2026-07-21 16:37:56.855,29.43,29.56,29.93,29.25,26.68,28.85,928.1,24.5,-40.0,0.0,0.0,0.0,0.0,1.0,316.0
2026-07-21 16:37:57.056,29.43,29.56,29.93,29.25,26.68,28.84,928.1,24.8,-40.0,0.0,0.0,0.0,0.0,1.0,317.0
2026-07-21 16:37:57.290,29.43,29.56,29.93,29.25,26.68,28.84,928.1,24.8,-40.0,0.0,0.0,0.0,0.0,1.0,317.0
2026-07-21 16:37:57.455,29.43,29.56,29.93,29.25,26.68,28.84,928.1,24.8,-40.0,0.0,0.0,0.0,0.0,1.0,317.0
2026-07-21 16:37:57.656,29.43,29.56,29.93,29.25,26.68,28.85,928.2,24.8,-40.0,0.0,0.0,0.0,0.0,1.0,317.0
2026-07-21 16:37:57.855,29.43,29.56,29.93,29.25,26.68,28.85,928.2,24.8,-40.0,0.0,0.0,0.0,0.0,1.0,317.0
2026-07-21 16:37:58.056,29.43,29.56,29.93,29.25,26.68,28.86,928.1,24.4,-40.0,0.0,0.0,0.0,0.0,1.0,318.0
2026-07-21 16:37:58.297,29.43,29.56,29.93,29.25,26.68,28.86,928.1,24.4,-40.0,0.0,0.0,0.0,0.0,1.0,318.0
2026-07-21 16:37:58.455,29.43,29.56,29.93,29.25,26.68,28.86,928.1,24.4,-40.0,0.0,0.0,0.0,0.0,1.0,318.0
2026-07-21 16:37:58.655,29.43,29.56,29.93,29.25,26.68,28.85,928.1,24.6,-40.0,0.0,0.0,0.0,0.0,1.0,318.0
2026-07-21 16:37:58.868,29.43,29.5,29.93,29.31,26.68,28.85,928.1,24.6,-40.0,0.0,0.0,0.0,0.0,1.0,318.0
2026-07-21 16:37:59.055,29.43,29.5,29.93,29.31,26.68,28.85,928.1,24.6,-40.0,0.0,0.0,0.0,0.0,1.0,319.0
2026-07-21 16:37:59.255,29.43,29.5,29.93,29.31,26.68,28.85,928.1,24.6,-40.0,0.0,0.0,0.0,0.0,1.0,319.0
2026-07-21 16:37:59.455,29.43,29.5,29.93,29.31,26.68,28.85,928.1,24.6,-40.0,0.0,0.0,0.0,0.0,1.0,319.0
2026-07-21 16:37:59.656,29.43,29.5,29.93,29.31,26.68,28.84,928.1,24.6,-40.0,0.0,0.0,0.0,0.0,1.0,319.0
2026-07-21 16:37:59.855,29.43,29.5,29.93,29.31,26.68,28.84,928.1,24.6,-40.0,0.0,0.0,0.0,0.0,1.0,319.0
2026-07-21 16:38:00.055,29.43,29.5,29.93,29.31,26.68,28.85,928.2,24.3,-40.0,0.0,0.0,0.0,0.0,1.0,320.0
2026-07-21 16:38:00.255,29.43,29.5,29.93,29.31,26.68,28.85,928.2,24.3,-40.0,0.0,0.0,0.0,0.0,1.0,320.0
2026-07-21 16:38:00.455,29.43,29.5,29.93,29.31,26.68,28.85,928.2,24.3,-40.0,0.0,0.0,0.0,0.0,1.0,320.0
2026-07-21 16:38:00.693,29.43,29.5,29.93,29.31,26.68,28.85,928.1,24.5,-40.0,0.0,0.0,0.0,0.0,1.0,320.0
2026-07-21 16:38:00.856,29.43,29.5,29.93,29.31,26.68,28.85,928.1,24.5,-40.0,0.0,0.0,0.0,0.0,1.0,320.0
2026-07-21 16:38:01.092,29.43,29.5,29.93,29.31,26.68,28.85,928.1,24.4,-40.0,0.0,0.0,0.0,0.0,1.0,321.0
2026-07-21 16:38:01.255,29.43,29.5,29.93,29.31,26.68,28.85,928.1,24.4,-40.0,0.0,0.0,0.0,0.0,1.0,321.0
2026-07-21 16:38:01.455,29.43,29.5,29.93,29.31,26.68,28.85,928.1,24.4,-40.0,0.0,0.0,0.0,0.0,1.0,321.0
2026-07-21 16:38:01.655,29.43,29.5,29.93,29.31,26.68,28.85,928.2,24.7,-40.0,0.0,0.0,0.0,0.0,1.0,321.0
2026-07-21 16:38:01.855,29.37,29.5,29.93,29.25,26.68,28.85,928.2,24.7,-40.0,0.0,0.0,0.0,0.0,1.0,321.0
2026-07-21 16:38:02.055,29.37,29.5,29.93,29.25,26.68,28.85,928.1,24.4,-40.0,0.0,0.0,0.0,0.0,1.0,322.0
2026-07-21 16:38:02.255,29.37,29.5,29.93,29.25,26.68,28.85,928.1,24.4,-40.0,0.0,0.0,0.0,0.0,1.0,322.0
2026-07-21 16:38:02.455,29.37,29.5,29.93,29.25,26.68,28.85,928.1,24.4,-40.0,0.0,0.0,0.0,0.0,1.0,322.0
2026-07-21 16:38:02.655,29.37,29.5,29.93,29.25,26.68,28.85,928.1,24.5,-40.0,0.0,0.0,0.0,0.0,1.0,322.0
2026-07-21 16:38:02.858,29.43,29.5,29.93,29.31,26.75,28.85,928.1,24.5,-40.0,0.0,0.0,0.0,0.0,1.0,322.0
2026-07-21 16:38:03.055,29.43,29.5,29.93,29.31,26.75,28.86,928.1,24.2,-40.0,0.0,0.0,0.0,0.0,1.0,323.0
2026-07-21 16:38:03.254,29.43,29.5,29.93,29.31,26.75,28.86,928.1,24.2,-40.0,0.0,0.0,0.0,0.0,1.0,323.0
2026-07-21 16:38:03.455,29.43,29.5,29.93,29.31,26.75,28.86,928.1,24.2,-40.0,0.0,0.0,0.0,0.0,1.0,323.0
2026-07-21 16:38:03.685,29.43,29.5,29.93,29.31,26.75,28.84,928.2,24.8,-40.0,0.0,0.0,0.0,0.0,1.0,323.0
2026-07-21 16:38:03.855,29.43,29.5,29.93,29.31,26.68,28.84,928.2,24.8,-40.0,0.0,0.0,0.0,0.0,1.0,323.0
2026-07-21 16:38:04.056,29.43,29.5,29.93,29.31,26.68,28.86,928.1,24.3,-40.0,0.0,0.0,0.0,0.0,1.0,324.0
2026-07-21 16:38:04.271,29.43,29.5,29.93,29.31,26.68,28.86,928.1,24.3,-40.0,0.0,0.0,0.0,0.0,1.0,324.0
2026-07-21 16:38:04.455,29.43,29.5,29.93,29.31,26.68,28.86,928.1,24.3,-40.0,0.0,0.0,0.0,0.0,1.0,324.0
2026-07-21 16:38:04.656,29.43,29.5,29.93,29.31,26.68,28.86,928.1,24.9,-40.0,0.0,0.0,0.0,0.0,1.0,324.0
2026-07-21 16:38:04.863,29.43,29.56,29.93,29.25,26.68,28.86,928.1,24.9,-40.0,0.0,0.0,0.0,0.0,1.0,324.0
2026-07-21 16:38:05.055,29.43,29.56,29.93,29.25,26.68,28.86,928.1,24.9,-40.0,0.0,0.0,0.0,0.0,1.0,325.0
2026-07-21 16:38:05.255,29.43,29.56,29.93,29.25,26.68,28.86,928.1,24.9,-40.0,0.0,0.0,0.0,0.0,1.0,325.0
2026-07-21 16:38:05.455,29.43,29.56,29.93,29.25,26.68,28.86,928.1,24.9,-40.0,0.0,0.0,0.0,0.0,1.0,325.0
2026-07-21 16:38:05.655,29.43,29.56,29.93,29.25,26.68,28.86,928.2,24.8,-40.0,0.0,0.0,0.0,0.0,1.0,325.0
2026-07-21 16:38:05.864,29.43,29.5,29.93,29.31,26.68,28.86,928.2,24.8,-40.0,0.0,0.0,0.0,0.0,1.0,325.0
2026-07-21 16:38:06.054,29.43,29.5,29.93,29.31,26.68,28.86,928.2,24.9,-40.0,0.0,0.0,0.0,0.0,1.0,326.0
2026-07-21 16:38:06.255,29.43,29.5,29.93,29.31,26.68,28.86,928.2,24.9,-40.0,0.0,0.0,0.0,0.0,1.0,326.0
2026-07-21 16:38:06.455,29.43,29.5,29.93,29.31,26.68,28.86,928.2,24.9,-40.0,0.0,0.0,0.0,0.0,1.0,326.0
2026-07-21 16:38:06.656,29.43,29.5,29.93,29.31,26.68,28.85,928.2,24.6,-40.0,0.0,0.0,0.0,0.0,1.0,326.0
2026-07-21 16:38:06.856,29.43,29.5,29.93,29.25,26.75,28.85,928.2,24.6,-40.0,0.0,0.0,0.0,0.0,1.0,326.0
2026-07-21 16:38:07.055,29.43,29.5,29.93,29.25,26.75,28.85,928.1,24.4,-40.0,0.0,0.0,0.0,0.0,1.0,327.0
2026-07-21 16:38:07.255,29.43,29.5,29.93,29.25,26.75,28.85,928.1,24.4,-40.0,0.0,0.0,0.0,0.0,1.0,327.0
2026-07-21 16:38:07.455,29.43,29.5,29.93,29.25,26.75,28.85,928.1,24.4,-40.0,0.0,0.0,0.0,0.0,1.0,327.0
2026-07-21 16:38:07.655,29.43,29.5,29.93,29.25,26.75,28.86,928.1,24.4,-40.0,0.0,0.0,0.0,0.0,1.0,327.0
2026-07-21 16:38:07.854,29.43,29.5,29.93,29.31,26.75,28.86,928.1,24.4,-40.0,0.0,0.0,0.0,0.0,1.0,327.0
2026-07-21 16:38:08.055,29.43,29.5,29.93,29.31,26.75,28.86,928.1,24.8,-40.0,0.0,0.0,0.0,0.0,1.0,328.0
2026-07-21 16:38:08.256,29.43,29.5,29.93,29.31,26.75,28.86,928.1,24.8,-40.0,0.0,0.0,0.0,0.0,1.0,328.0
2026-07-21 16:38:08.504,29.43,29.5,29.93,29.31,26.75,28.86,928.1,24.8,-40.0,0.0,0.0,0.0,0.0,1.0,328.0
2026-07-21 16:38:08.656,29.43,29.5,29.93,29.31,26.75,28.86,928.1,24.8,-40.0,0.0,0.0,0.0,0.0,1.0,328.0
2026-07-21 16:38:08.855,29.43,29.5,29.93,29.31,26.75,28.86,928.1,24.8,-40.0,0.0,0.0,0.0,0.0,1.0,328.0
2026-07-21 16:38:09.055,29.43,29.5,29.93,29.31,26.75,28.86,928.2,24.8,-40.0,0.0,0.0,0.0,0.0,1.0,329.0
2026-07-21 16:38:09.256,29.43,29.5,29.93,29.31,26.75,28.86,928.2,24.8,-40.0,0.0,0.0,0.0,0.0,1.0,329.0
2026-07-21 16:38:09.455,29.43,29.5,29.93,29.31,26.75,28.86,928.2,24.8,-40.0,0.0,0.0,0.0,0.0,1.0,329.0
2026-07-21 16:38:09.656,29.43,29.5,29.93,29.31,26.75,28.86,928.1,24.8,-40.0,0.0,0.0,0.0,0.0,1.0,329.0
2026-07-21 16:38:09.857,29.43,29.5,29.93,29.31,26.75,28.86,928.1,24.8,-40.0,0.0,0.0,0.0,0.0,1.0,329.0
2026-07-21 16:38:10.055,29.43,29.5,29.93,29.31,26.75,28.86,928.1,25.1,-40.0,0.0,0.0,0.0,0.0,1.0,330.0
2026-07-21 16:38:10.255,29.43,29.5,29.93,29.31,26.75,28.86,928.1,25.1,-40.0,0.0,0.0,0.0,0.0,1.0,330.0
2026-07-21 16:38:10.455,29.43,29.5,29.93,29.31,26.75,28.86,928.1,25.1,-40.0,0.0,0.0,0.0,0.0,1.0,330.0
2026-07-21 16:38:10.656,29.43,29.5,29.93,29.31,26.75,28.86,928.2,24.9,-40.0,0.0,0.0,0.0,0.0,1.0,330.0
2026-07-21 16:38:10.876,29.43,29.5,29.93,29.25,26.75,28.86,928.2,24.9,-40.0,0.0,0.0,0.0,0.0,1.0,330.0
2026-07-21 16:38:11.054,29.43,29.5,29.93,29.25,26.75,28.86,928.1,24.7,-40.0,0.0,0.0,0.0,0.0,1.0,331.0
2026-07-21 16:38:11.255,29.43,29.5,29.93,29.25,26.75,28.86,928.1,24.7,-40.0,0.0,0.0,0.0,0.0,1.0,331.0
2026-07-21 16:38:11.455,29.43,29.5,29.93,29.25,26.75,28.86,928.1,24.7,-40.0,0.0,0.0,0.0,0.0,1.0,331.0
2026-07-21 16:38:11.656,29.43,29.5,29.93,29.25,26.75,28.86,928.1,24.9,-40.0,0.0,0.0,0.0,0.0,1.0,331.0
2026-07-21 16:38:11.856,29.43,29.5,29.93,29.25,26.75,28.86,928.1,24.9,-40.0,0.0,0.0,0.0,0.0,1.0,331.0
2026-07-21 16:38:12.056,29.43,29.5,29.93,29.25,26.75,28.86,928.1,24.8,-40.0,0.0,0.0,0.0,0.0,1.0,332.0
2026-07-21 16:38:12.254,29.43,29.5,29.93,29.25,26.75,28.86,928.1,24.8,-40.0,0.0,0.0,0.0,0.0,1.0,332.0
2026-07-21 16:38:12.455,29.43,29.5,29.93,29.25,26.75,28.86,928.1,24.8,-40.0,0.0,0.0,0.0,0.0,1.0,332.0
2026-07-21 16:38:12.655,29.43,29.5,29.93,29.25,26.75,28.86,928.1,25.1,-40.0,0.0,0.0,0.0,0.0,1.0,332.0
2026-07-21 16:38:12.855,29.43,29.5,29.93,29.25,26.75,28.86,928.1,25.1,-40.0,0.0,0.0,0.0,0.0,1.0,332.0
2026-07-21 16:38:13.055,29.43,29.5,29.93,29.25,26.75,28.86,928.2,25.0,-40.0,0.0,0.0,0.0,0.0,1.0,333.0
2026-07-21 16:38:13.254,29.43,29.5,29.93,29.25,26.75,28.86,928.2,25.0,-40.0,0.0,0.0,0.0,0.0,1.0,333.0
2026-07-21 16:38:13.455,29.43,29.5,29.93,29.25,26.75,28.86,928.2,25.0,-40.0,0.0,0.0,0.0,0.0,1.0,333.0
2026-07-21 16:38:13.664,29.43,29.5,29.93,29.25,26.75,28.86,928.1,24.9,-40.0,0.0,0.0,0.0,0.0,1.0,333.0
2026-07-21 16:38:13.857,29.43,29.5,29.93,29.31,26.75,28.86,928.1,24.9,-40.0,0.0,0.0,0.0,0.0,1.0,333.0
2026-07-21 16:38:14.056,29.43,29.5,29.93,29.31,26.75,28.86,928.1,25.0,-40.0,0.0,0.0,0.0,0.0,1.0,334.0
2026-07-21 16:38:14.255,29.43,29.5,29.93,29.31,26.75,28.86,928.1,25.0,-40.0,0.0,0.0,0.0,0.0,1.0,334.0
2026-07-21 16:38:14.454,29.43,29.5,29.93,29.31,26.75,28.86,928.1,25.0,-40.0,0.0,0.0,0.0,0.0,1.0,334.0
2026-07-21 16:38:14.655,29.43,29.5,29.93,29.31,26.75,28.86,928.1,24.8,-40.0,0.0,0.0,0.0,0.0,1.0,334.0
2026-07-21 16:38:14.854,29.43,29.5,29.93,29.31,26.75,28.86,928.1,24.8,-40.0,0.0,0.0,0.0,0.0,1.0,334.0
2026-07-21 16:38:15.056,29.43,29.5,29.93,29.31,26.75,28.86,928.1,24.7,-40.0,0.0,0.0,0.0,0.0,1.0,335.0
2026-07-21 16:38:15.254,29.43,29.5,29.93,29.31,26.75,28.86,928.1,24.7,-40.0,0.0,0.0,0.0,0.0,1.0,335.0
2026-07-21 16:38:15.456,29.43,29.5,29.93,29.31,26.75,28.86,928.1,24.7,-40.0,0.0,0.0,0.0,0.0,1.0,335.0
2026-07-21 16:38:15.655,29.43,29.5,29.93,29.31,26.75,28.86,928.1,24.7,-40.0,0.0,0.0,0.0,0.0,1.0,335.0
2026-07-21 16:38:15.855,29.43,29.5,29.93,29.25,26.81,28.86,928.1,24.7,-40.0,0.0,0.0,0.0,0.0,1.0,335.0
2026-07-21 16:38:16.054,29.43,29.5,29.93,29.25,26.81,28.87,928.2,24.5,-40.0,0.0,0.0,0.0,0.0,1.0,336.0
2026-07-21 16:38:16.278,29.43,29.5,29.93,29.25,26.81,28.87,928.2,24.5,-40.0,0.0,0.0,0.0,0.0,1.0,336.0
2026-07-21 16:38:16.454,29.43,29.5,29.93,29.25,26.81,28.87,928.2,24.5,-40.0,0.0,0.0,0.0,0.0,1.0,336.0
2026-07-21 16:38:16.655,29.43,29.5,29.93,29.25,26.81,28.86,928.1,24.5,-40.0,0.0,0.0,0.0,0.0,1.0,336.0
2026-07-21 16:38:16.898,29.43,29.5,29.93,29.25,26.75,28.86,928.1,24.5,-40.0,0.0,0.0,0.0,0.0,1.0,336.0
2026-07-21 16:38:17.055,29.43,29.5,29.93,29.25,26.75,28.87,928.1,24.7,-40.0,0.0,0.0,0.0,0.0,1.0,337.0
2026-07-21 16:38:17.255,29.43,29.5,29.93,29.25,26.75,28.87,928.1,24.7,-40.0,0.0,0.0,0.0,0.0,1.0,337.0
2026-07-21 16:38:17.455,29.43,29.5,29.93,29.25,26.75,28.87,928.1,24.7,-40.0,0.0,0.0,0.0,0.0,1.0,337.0
2026-07-21 16:38:17.656,29.43,29.5,29.93,29.25,26.75,28.86,928.1,24.7,-40.0,0.0,0.0,0.0,0.0,1.0,337.0
2026-07-21 16:38:17.896,29.43,29.56,29.93,29.25,26.81,28.86,928.1,24.7,-40.0,0.0,0.0,0.0,0.0,1.0,337.0
2026-07-21 16:38:18.054,29.43,29.56,29.93,29.25,26.81,28.87,928.1,24.2,-40.0,0.0,0.0,0.0,0.0,1.0,338.0
2026-07-21 16:38:18.255,29.43,29.56,29.93,29.25,26.81,28.87,928.1,24.2,-40.0,0.0,0.0,0.0,0.0,1.0,338.0
2026-07-21 16:38:18.492,29.43,29.56,29.93,29.25,26.81,28.87,928.1,24.2,-40.0,0.0,0.0,0.0,0.0,1.0,338.0
2026-07-21 16:38:18.655,29.43,29.56,29.93,29.25,26.81,28.85,928.1,24.7,-40.0,0.0,0.0,0.0,0.0,1.0,338.0
2026-07-21 16:38:18.855,29.43,29.5,29.93,29.31,26.81,28.85,928.1,24.7,-40.0,0.0,0.0,0.0,0.0,1.0,338.0
2026-07-21 16:38:19.054,29.43,29.5,29.93,29.31,26.81,28.86,928.2,24.5,-40.0,0.0,0.0,0.0,0.0,1.0,339.0
2026-07-21 16:38:19.255,29.43,29.5,29.93,29.31,26.81,28.86,928.2,24.5,-40.0,0.0,0.0,0.0,0.0,1.0,339.0
2026-07-21 16:38:19.455,29.43,29.5,29.93,29.31,26.81,28.86,928.2,24.5,-40.0,0.0,0.0,0.0,0.0,1.0,339.0
2026-07-21 16:38:19.656,29.43,29.5,29.93,29.31,26.81,28.86,928.2,24.8,-40.0,0.0,0.0,0.0,0.0,1.0,339.0
2026-07-21 16:38:19.855,29.43,29.56,29.93,29.25,26.81,28.86,928.2,24.8,-40.0,0.0,0.0,0.0,0.0,1.0,339.0
2026-07-21 16:38:20.056,29.43,29.56,29.93,29.25,26.81,28.86,928.1,24.7,-40.0,0.0,0.0,0.0,0.0,1.0,340.0
2026-07-21 16:38:20.255,29.43,29.56,29.93,29.25,26.81,28.86,928.1,24.7,-40.0,0.0,0.0,0.0,0.0,1.0,340.0
2026-07-21 16:38:20.487,29.43,29.56,29.93,29.25,26.81,28.86,928.1,24.7,-40.0,0.0,0.0,0.0,0.0,1.0,340.0
2026-07-21 16:38:20.654,29.43,29.56,29.93,29.25,26.81,28.85,928.1,24.3,-40.0,0.0,0.0,0.0,0.0,1.0,340.0
2026-07-21 16:38:20.855,29.43,29.56,29.93,29.25,26.81,28.85,928.1,24.3,-40.0,0.0,0.0,0.0,0.0,1.0,340.0
2026-07-21 16:38:21.104,29.43,29.56,29.93,29.25,26.81,28.86,928.1,24.8,-40.0,0.0,0.0,0.0,0.0,1.0,341.0
2026-07-21 16:38:21.255,29.43,29.56,29.93,29.25,26.81,28.86,928.1,24.8,-40.0,0.0,0.0,0.0,0.0,1.0,341.0
2026-07-21 16:38:21.454,29.43,29.56,29.93,29.25,26.81,28.86,928.1,24.8,-40.0,0.0,0.0,0.0,0.0,1.0,341.0
2026-07-21 16:38:21.656,29.43,29.56,29.93,29.25,26.81,28.87,928.2,24.9,-40.0,0.0,0.0,0.0,0.0,1.0,341.0
2026-07-21 16:38:21.855,29.43,29.5,29.93,29.25,26.81,28.87,928.2,24.9,-40.0,0.0,0.0,0.0,0.0,1.0,341.0
2026-07-21 16:38:22.073,29.43,29.5,29.93,29.25,26.81,28.87,928.1,24.8,-40.0,0.0,0.0,0.0,0.0,1.0,342.0
2026-07-21 16:38:22.255,29.43,29.5,29.93,29.25,26.81,28.87,928.1,24.8,-40.0,0.0,0.0,0.0,0.0,1.0,342.0
2026-07-21 16:38:22.454,29.43,29.5,29.93,29.25,26.81,28.87,928.1,24.8,-40.0,0.0,0.0,0.0,0.0,1.0,342.0
2026-07-21 16:38:22.692,29.43,29.5,29.93,29.25,26.81,28.86,928.1,24.7,-40.0,0.0,0.0,0.0,0.0,1.0,342.0
2026-07-21 16:38:22.854,29.43,29.56,29.93,29.31,26.81,28.86,928.1,24.7,-40.0,0.0,0.0,0.0,0.0,1.0,342.0
2026-07-21 16:38:23.079,29.43,29.56,29.93,29.31,26.81,28.86,928.1,24.7,-40.0,0.0,0.0,0.0,0.0,1.0,343.0
2026-07-21 16:38:23.254,29.43,29.56,29.93,29.31,26.81,28.86,928.1,24.7,-40.0,0.0,0.0,0.0,0.0,1.0,343.0
2026-07-21 16:38:23.454,29.43,29.56,29.93,29.31,26.81,28.86,928.1,24.7,-40.0,0.0,0.0,0.0,0.0,1.0,343.0
2026-07-21 16:38:23.691,29.43,29.56,29.93,29.31,26.81,28.87,928.1,24.6,-40.0,0.0,0.0,0.0,0.0,1.0,343.0
2026-07-21 16:38:23.854,29.43,29.56,29.93,29.25,26.81,28.87,928.1,24.6,-40.0,0.0,0.0,0.0,0.0,1.0,343.0
2026-07-21 16:38:24.056,29.43,29.56,29.93,29.25,26.81,28.86,928.1,24.6,-40.0,0.0,0.0,0.0,0.0,1.0,344.0
2026-07-21 16:38:24.297,29.43,29.56,29.93,29.25,26.81,28.86,928.1,24.6,-40.0,0.0,0.0,0.0,0.0,1.0,344.0
2026-07-21 16:38:24.454,29.43,29.56,29.93,29.25,26.81,28.86,928.1,24.6,-40.0,0.0,0.0,0.0,0.0,1.0,344.0
2026-07-21 16:38:24.654,29.43,29.56,29.93,29.25,26.81,28.86,928.1,24.9,-40.0,0.0,0.0,0.0,0.0,1.0,344.0
2026-07-21 16:38:24.855,29.43,29.5,29.93,29.31,26.81,28.86,928.1,24.9,-40.0,0.0,0.0,0.0,0.0,1.0,344.0
2026-07-21 16:38:25.054,29.43,29.5,29.93,29.31,26.81,28.87,928.1,24.6,-40.0,0.0,0.0,0.0,0.0,1.0,345.0
2026-07-21 16:38:25.254,29.43,29.5,29.93,29.31,26.81,28.87,928.1,24.6,-40.0,0.0,0.0,0.0,0.0,1.0,345.0
2026-07-21 16:38:25.454,29.43,29.5,29.93,29.31,26.81,28.87,928.1,24.6,-40.0,0.0,0.0,0.0,0.0,1.0,345.0
2026-07-21 16:38:25.656,29.43,29.5,29.93,29.31,26.81,28.87,928.1,24.9,-40.0,0.0,0.0,0.0,0.0,1.0,345.0
2026-07-21 16:38:25.879,29.43,29.5,29.93,29.25,26.81,28.87,928.1,24.9,-40.0,0.0,0.0,0.0,0.0,1.0,345.0
2026-07-21 16:38:26.054,29.43,29.5,29.93,29.25,26.81,28.87,928.1,24.8,-40.0,0.0,0.0,0.0,0.0,1.0,346.0
2026-07-21 16:38:26.255,29.43,29.5,29.93,29.25,26.81,28.87,928.1,24.8,-40.0,0.0,0.0,0.0,0.0,1.0,346.0
2026-07-21 16:38:26.458,29.43,29.5,29.93,29.25,26.81,28.87,928.1,24.8,-40.0,0.0,0.0,0.0,0.0,1.0,346.0
2026-07-21 16:38:26.654,29.43,29.5,29.93,29.25,26.81,28.86,928.1,24.9,-40.0,0.0,0.0,0.0,0.0,1.0,346.0
2026-07-21 16:38:26.854,29.43,29.5,29.93,29.25,26.87,28.86,928.1,24.9,-40.0,0.0,0.0,0.0,0.0,1.0,346.0
2026-07-21 16:38:27.059,29.43,29.5,29.93,29.25,26.87,28.86,928.1,24.3,-40.0,0.0,0.0,0.0,0.0,1.0,347.0
2026-07-21 16:38:27.255,29.43,29.5,29.93,29.25,26.87,28.86,928.1,24.3,-40.0,0.0,0.0,0.0,0.0,1.0,347.0
2026-07-21 16:38:27.454,29.43,29.5,29.93,29.25,26.87,28.86,928.1,24.3,-40.0,0.0,0.0,0.0,0.0,1.0,347.0
2026-07-21 16:38:27.655,29.43,29.5,29.93,29.25,26.87,28.87,928.2,24.9,-40.0,0.0,0.0,0.0,0.0,1.0,347.0
2026-07-21 16:38:27.854,29.37,29.56,29.93,29.31,26.87,28.87,928.2,24.9,-40.0,0.0,0.0,0.0,0.0,1.0,347.0
2026-07-21 16:38:28.061,29.37,29.56,29.93,29.31,26.87,28.87,928.1,24.9,-40.0,0.0,0.0,0.0,0.0,1.0,348.0
2026-07-21 16:38:28.255,29.37,29.56,29.93,29.31,26.87,28.87,928.1,24.9,-40.0,0.0,0.0,0.0,0.0,1.0,348.0
2026-07-21 16:38:28.454,29.37,29.56,29.93,29.31,26.87,28.87,928.1,24.9,-40.0,0.0,0.0,0.0,0.0,1.0,348.0
2026-07-21 16:38:28.671,29.37,29.56,29.93,29.31,26.87,28.86,928.2,24.8,-40.0,0.0,0.0,0.0,0.0,1.0,348.0
2026-07-21 16:38:28.854,29.43,29.56,29.93,29.31,26.87,28.86,928.2,24.8,-40.0,0.0,0.0,0.0,0.0,1.0,348.0
2026-07-21 16:38:29.055,29.43,29.56,29.93,29.31,26.87,28.86,928.1,24.5,-40.0,0.0,0.0,0.0,0.0,1.0,349.0
2026-07-21 16:38:29.260,29.43,29.56,29.93,29.31,26.87,28.86,928.1,24.5,-40.0,0.0,0.0,0.0,0.0,1.0,349.0
2026-07-21 16:38:29.455,29.43,29.56,29.93,29.31,26.87,28.86,928.1,24.5,-40.0,0.0,0.0,0.0,0.0,1.0,349.0
2026-07-21 16:38:29.655,29.43,29.56,29.93,29.31,26.87,28.86,928.1,24.4,-40.0,0.0,0.0,0.0,0.0,1.0,349.0
2026-07-21 16:38:29.855,29.37,29.56,29.93,29.31,26.87,28.86,928.1,24.4,-40.0,0.0,0.0,0.0,0.0,1.0,349.0
2026-07-21 16:38:30.056,29.37,29.56,29.93,29.31,26.87,28.86,928.1,24.9,-40.0,0.0,0.0,0.0,0.0,1.0,350.0
2026-07-21 16:38:30.255,29.37,29.56,29.93,29.31,26.87,28.86,928.1,24.9,-40.0,0.0,0.0,0.0,0.0,1.0,350.0
2026-07-21 16:38:30.456,29.37,29.56,29.93,29.31,26.87,28.86,928.1,24.9,-40.0,0.0,0.0,0.0,0.0,1.0,350.0
2026-07-21 16:38:30.655,29.37,29.56,29.93,29.31,26.87,28.86,928.1,24.7,-40.0,0.0,0.0,0.0,0.0,1.0,350.0
2026-07-21 16:38:30.882,29.43,29.56,29.93,29.25,26.81,28.86,928.1,24.7,-40.0,0.0,0.0,0.0,0.0,1.0,350.0
2026-07-21 16:38:31.055,29.43,29.56,29.93,29.25,26.81,28.86,928.1,24.9,-40.0,0.0,0.0,0.0,0.0,1.0,351.0
2026-07-21 16:38:31.255,29.43,29.56,29.93,29.25,26.81,28.86,928.1,24.9,-40.0,0.0,0.0,0.0,0.0,1.0,351.0
2026-07-21 16:38:31.483,29.43,29.56,29.93,29.25,26.81,28.86,928.1,24.9,-40.0,0.0,0.0,0.0,0.0,1.0,351.0
2026-07-21 16:38:31.655,29.43,29.56,29.93,29.25,26.81,28.86,928.1,25.1,-40.0,0.0,0.0,0.0,0.0,1.0,351.0
2026-07-21 16:38:31.854,29.37,29.5,29.87,29.31,26.87,28.86,928.1,25.1,-40.0,0.0,0.0,0.0,0.0,1.0,351.0
2026-07-21 16:38:32.062,29.37,29.5,29.87,29.31,26.87,28.86,928.1,25.9,-40.0,0.0,0.0,0.0,0.0,1.0,352.0
2026-07-21 16:38:32.254,29.37,29.5,29.87,29.31,26.87,28.86,928.1,25.9,-40.0,0.0,0.0,0.0,0.0,1.0,352.0
2026-07-21 16:38:32.455,29.37,29.5,29.87,29.31,26.87,28.86,928.1,25.9,-40.0,0.0,0.0,0.0,0.0,1.0,352.0
2026-07-21 16:38:32.655,29.37,29.5,29.87,29.31,26.87,28.86,928.1,25.7,-40.0,0.0,0.0,0.0,0.0,1.0,352.0
2026-07-21 16:38:32.855,29.37,29.5,29.93,29.25,26.87,28.86,928.1,25.7,-40.0,0.0,0.0,0.0,0.0,1.0,352.0
2026-07-21 16:38:33.089,29.37,29.5,29.93,29.25,26.87,28.86,928.1,25.5,-40.0,0.0,0.0,0.0,0.0,1.0,353.0
2026-07-21 16:38:33.255,29.37,29.5,29.93,29.25,26.87,28.86,928.1,25.5,-40.0,0.0,0.0,0.0,0.0,1.0,353.0
2026-07-21 16:38:33.455,29.37,29.5,29.93,29.25,26.87,28.86,928.1,25.5,-40.0,0.0,0.0,0.0,0.0,1.0,353.0
2026-07-21 16:38:33.675,29.37,29.5,29.93,29.25,26.87,28.86,928.1,25.4,-40.0,0.0,0.0,0.0,0.0,1.0,353.0
2026-07-21 16:38:33.854,29.37,29.56,30.0,29.25,26.87,28.86,928.1,25.4,-40.0,0.0,0.0,0.0,0.0,1.0,353.0
2026-07-21 16:38:34.055,29.37,29.56,30.0,29.25,26.87,28.86,928.1,25.7,-40.0,0.0,0.0,0.0,0.0,1.0,354.0
2026-07-21 16:38:34.255,29.37,29.56,30.0,29.25,26.87,28.86,928.1,25.7,-40.0,0.0,0.0,0.0,0.0,1.0,354.0
2026-07-21 16:38:34.455,29.37,29.56,30.0,29.25,26.87,28.86,928.1,25.7,-40.0,0.0,0.0,0.0,0.0,1.0,354.0
2026-07-21 16:38:34.654,29.37,29.56,30.0,29.25,26.87,28.86,928.1,25.6,-40.0,0.0,0.0,0.0,0.0,1.0,354.0
2026-07-21 16:38:34.855,29.37,29.5,30.0,29.31,26.87,28.86,928.1,25.6,-40.0,0.0,0.0,0.0,0.0,1.0,354.0
2026-07-21 16:38:35.054,29.37,29.5,30.0,29.31,26.87,28.86,928.1,25.2,-40.0,0.0,0.0,0.0,0.0,1.0,355.0
2026-07-21 16:38:35.281,29.37,29.5,30.0,29.31,26.87,28.86,928.1,25.2,-40.0,0.0,0.0,0.0,0.0,1.0,355.0
2026-07-21 16:38:35.455,29.37,29.5,30.0,29.31,26.87,28.86,928.1,25.2,-40.0,0.0,0.0,0.0,0.0,1.0,355.0
2026-07-21 16:38:35.654,29.37,29.5,30.0,29.31,26.87,28.85,928.1,25.7,-40.0,0.0,0.0,0.0,0.0,1.0,355.0
2026-07-21 16:38:35.854,29.37,29.5,29.93,29.25,26.81,28.85,928.1,25.7,-40.0,0.0,0.0,0.0,0.0,1.0,355.0
2026-07-21 16:38:36.054,29.37,29.5,29.93,29.25,26.81,28.85,928.2,25.3,-40.0,0.0,0.0,0.0,0.0,1.0,356.0
2026-07-21 16:38:36.255,29.37,29.5,29.93,29.25,26.81,28.85,928.2,25.3,-40.0,0.0,0.0,0.0,0.0,1.0,356.0
2026-07-21 16:38:36.454,29.37,29.5,29.93,29.25,26.81,28.85,928.2,25.3,-40.0,0.0,0.0,0.0,0.0,1.0,356.0
2026-07-21 16:38:36.656,29.37,29.5,29.93,29.25,26.81,28.85,928.1,25.4,-40.0,0.0,0.0,0.0,0.0,1.0,356.0
2026-07-21 16:38:36.854,29.37,29.5,29.93,29.25,26.87,28.85,928.1,25.4,-40.0,0.0,0.0,0.0,0.0,1.0,356.0
2026-07-21 16:38:37.054,29.37,29.5,29.93,29.25,26.87,28.86,928.1,25.6,-40.0,0.0,0.0,0.0,0.0,1.0,357.0
2026-07-21 16:38:37.254,29.37,29.5,29.93,29.25,26.87,28.86,928.1,25.6,-40.0,0.0,0.0,0.0,0.0,1.0,357.0
2026-07-21 16:38:37.455,29.37,29.5,29.93,29.25,26.87,28.86,928.1,25.6,-40.0,0.0,0.0,0.0,0.0,1.0,357.0
2026-07-21 16:38:37.654,29.37,29.5,29.93,29.25,26.87,28.85,928.2,25.7,-40.0,0.0,0.0,0.0,0.0,1.0,357.0
2026-07-21 16:38:37.854,29.31,29.56,29.93,29.25,26.87,28.85,928.2,25.7,-40.0,0.0,0.0,0.0,0.0,1.0,357.0
2026-07-21 16:38:38.055,29.31,29.56,29.93,29.25,26.87,28.85,928.1,25.4,-40.0,0.0,0.0,0.0,0.0,1.0,358.0
2026-07-21 16:38:38.254,29.31,29.56,29.93,29.25,26.87,28.85,928.1,25.4,-40.0,0.0,0.0,0.0,0.0,1.0,358.0
2026-07-21 16:38:38.456,29.31,29.56,29.93,29.25,26.87,28.85,928.1,25.4,-40.0,0.0,0.0,0.0,0.0,1.0,358.0
2026-07-21 16:38:38.686,29.31,29.56,29.93,29.25,26.87,28.85,928.1,25.5,-40.0,0.0,0.0,0.0,0.0,1.0,358.0
2026-07-21 16:38:38.856,29.31,29.56,29.93,29.31,26.87,28.85,928.1,25.5,-40.0,0.0,0.0,0.0,0.0,1.0,358.0
2026-07-21 16:38:39.054,29.31,29.56,29.93,29.31,26.87,28.86,928.2,25.5,-40.0,0.0,0.0,0.0,0.0,1.0,359.0
2026-07-21 16:38:39.279,29.31,29.56,29.93,29.31,26.87,28.86,928.2,25.5,-40.0,0.0,0.0,0.0,0.0,1.0,359.0
2026-07-21 16:38:39.455,29.31,29.56,29.93,29.31,26.87,28.86,928.2,25.5,-40.0,0.0,0.0,0.0,0.0,1.0,359.0
2026-07-21 16:38:39.655,29.31,29.56,29.93,29.31,26.87,28.85,928.1,25.1,-40.0,0.0,0.0,0.0,0.0,1.0,359.0
2026-07-21 16:38:39.882,29.31,29.5,29.93,29.25,26.87,28.85,928.1,25.1,-40.0,0.0,0.0,0.0,0.0,1.0,359.0
2026-07-21 16:38:40.055,29.31,29.5,29.93,29.25,26.87,28.86,928.1,25.3,-40.0,0.0,0.0,0.0,0.0,1.0,360.0
2026-07-21 16:38:40.255,29.31,29.5,29.93,29.25,26.87,28.86,928.1,25.3,-40.0,0.0,0.0,0.0,0.0,1.0,360.0
2026-07-21 16:38:40.501,29.31,29.5,29.93,29.25,26.87,28.86,928.1,25.3,-40.0,0.0,0.0,0.0,0.0,1.0,360.0
2026-07-21 16:38:40.655,29.31,29.5,29.93,29.25,26.87,28.86,928.2,25.5,-40.0,0.0,0.0,0.0,0.0,1.0,360.0
2026-07-21 16:38:40.855,29.31,29.5,29.93,29.31,26.87,28.86,928.2,25.5,-40.0,0.0,0.0,0.0,0.0,1.0,360.0
2026-07-21 16:38:41.055,29.31,29.5,29.93,29.31,26.87,28.86,928.1,25.2,-40.0,0.0,0.0,0.0,0.0,1.0,361.0
2026-07-21 16:38:41.255,29.31,29.5,29.93,29.31,26.87,28.86,928.1,25.2,-40.0,0.0,0.0,0.0,0.0,1.0,361.0
2026-07-21 16:38:41.486,29.31,29.5,29.93,29.31,26.87,28.86,928.1,25.2,-40.0,0.0,0.0,0.0,0.0,1.0,361.0
2026-07-21 16:38:41.656,29.31,29.5,29.93,29.31,26.87,28.86,928.1,25.1,-40.0,0.0,0.0,0.0,0.0,1.0,361.0
2026-07-21 16:38:41.855,29.31,29.5,29.93,29.31,26.87,28.86,928.1,25.1,-40.0,0.0,0.0,0.0,0.0,1.0,361.0
2026-07-21 16:38:42.095,29.31,29.5,29.93,29.31,26.87,28.86,928.1,25.4,-40.0,0.0,0.0,0.0,0.0,1.0,362.0
2026-07-21 16:38:42.254,29.31,29.5,29.93,29.31,26.87,28.86,928.1,25.4,-40.0,0.0,0.0,0.0,0.0,1.0,362.0
2026-07-21 16:38:42.454,29.31,29.5,29.93,29.31,26.87,28.86,928.1,25.4,-40.0,0.0,0.0,0.0,0.0,1.0,362.0
2026-07-21 16:38:42.687,29.31,29.5,29.93,29.31,26.87,28.85,928.1,25.5,-40.0,0.0,0.0,0.0,0.0,1.0,362.0
2026-07-21 16:38:42.854,29.31,29.5,29.93,29.31,26.87,28.85,928.1,25.5,-40.0,0.0,0.0,0.0,0.0,1.0,362.0
2026-07-21 16:38:43.054,29.31,29.5,29.93,29.31,26.87,28.85,928.1,25.0,-40.0,0.0,0.0,0.0,0.0,1.0,363.0
2026-07-21 16:38:43.255,29.31,29.5,29.93,29.31,26.87,28.85,928.1,25.0,-40.0,0.0,0.0,0.0,0.0,1.0,363.0
2026-07-21 16:38:43.454,29.31,29.5,29.93,29.31,26.87,28.85,928.1,25.0,-40.0,0.0,0.0,0.0,0.0,1.0,363.0
2026-07-21 16:38:43.693,29.31,29.5,29.93,29.31,26.87,28.85,928.1,25.4,-40.0,0.0,0.0,0.0,0.0,1.0,363.0
2026-07-21 16:38:43.854,29.31,29.5,29.93,29.25,26.87,28.85,928.1,25.4,-40.0,0.0,0.0,0.0,0.0,1.0,363.0
2026-07-21 16:38:44.054,29.31,29.5,29.93,29.25,26.87,28.85,928.1,25.3,-40.0,0.0,0.0,0.0,0.0,1.0,364.0
2026-07-21 16:38:44.254,29.31,29.5,29.93,29.25,26.87,28.85,928.1,25.3,-40.0,0.0,0.0,0.0,0.0,1.0,364.0
2026-07-21 16:38:44.453,29.31,29.5,29.93,29.25,26.87,28.85,928.1,25.3,-40.0,0.0,0.0,0.0,0.0,1.0,364.0
2026-07-21 16:38:44.654,29.31,29.5,29.93,29.25,26.87,28.85,928.2,25.3,-40.0,0.0,0.0,0.0,0.0,1.0,364.0
2026-07-21 16:38:44.854,29.31,29.5,29.93,29.31,26.87,28.85,928.2,25.3,-40.0,0.0,0.0,0.0,0.0,1.0,364.0
2026-07-21 16:38:45.058,29.31,29.5,29.93,29.31,26.87,28.85,928.1,25.0,-40.0,0.0,0.0,0.0,0.0,1.0,365.0
2026-07-21 16:38:45.255,29.31,29.5,29.93,29.31,26.87,28.85,928.1,25.0,-40.0,0.0,0.0,0.0,0.0,1.0,365.0
2026-07-21 16:38:45.455,29.31,29.5,29.93,29.31,26.87,28.85,928.1,25.0,-40.0,0.0,0.0,0.0,0.0,1.0,365.0
2026-07-21 16:38:45.656,29.31,29.5,29.93,29.31,26.87,28.86,928.1,25.4,-40.0,0.0,0.0,0.0,0.0,1.0,365.0
2026-07-21 16:38:45.854,29.31,29.56,29.93,29.31,26.87,28.86,928.1,25.4,-40.0,0.0,0.0,0.0,0.0,1.0,365.0
2026-07-21 16:38:46.075,29.31,29.56,29.93,29.31,26.87,28.85,928.1,25.1,-40.0,0.0,0.0,0.0,0.0,1.0,366.0
2026-07-21 16:38:46.254,29.31,29.56,29.93,29.31,26.87,28.85,928.1,25.1,-40.0,0.0,0.0,0.0,0.0,1.0,366.0
2026-07-21 16:38:46.454,29.31,29.56,29.93,29.31,26.87,28.85,928.1,25.1,-40.0,0.0,0.0,0.0,0.0,1.0,366.0
2026-07-21 16:38:46.694,29.31,29.56,29.93,29.31,26.87,28.85,928.2,25.4,-40.0,0.0,0.0,0.0,0.0,1.0,366.0
2026-07-21 16:38:46.855,29.25,29.5,29.93,29.25,26.87,28.85,928.2,25.4,-40.0,0.0,0.0,0.0,0.0,1.0,366.0
2026-07-21 16:38:47.054,29.25,29.5,29.93,29.25,26.87,28.85,928.2,25.4,-40.0,0.0,0.0,0.0,0.0,1.0,367.0
2026-07-21 16:38:47.254,29.25,29.5,29.93,29.25,26.87,28.85,928.2,25.4,-40.0,0.0,0.0,0.0,0.0,1.0,367.0
2026-07-21 16:38:47.454,29.25,29.5,29.93,29.25,26.87,28.85,928.2,25.4,-40.0,0.0,0.0,0.0,0.0,1.0,367.0
2026-07-21 16:38:47.698,29.25,29.5,29.93,29.25,26.87,28.86,928.2,25.1,-40.0,0.0,0.0,0.0,0.0,1.0,367.0
2026-07-21 16:38:47.855,29.25,29.56,29.93,29.31,26.87,28.86,928.2,25.1,-40.0,0.0,0.0,0.0,0.0,1.0,367.0
2026-07-21 16:38:48.055,29.25,29.56,29.93,29.31,26.87,28.85,928.2,25.3,-40.0,0.0,0.0,0.0,0.0,1.0,368.0
2026-07-21 16:38:48.292,29.25,29.56,29.93,29.31,26.87,28.85,928.2,25.3,-40.0,0.0,0.0,0.0,0.0,1.0,368.0
2026-07-21 16:38:48.454,29.25,29.56,29.93,29.31,26.87,28.85,928.2,25.3,-40.0,0.0,0.0,0.0,0.0,1.0,368.0
2026-07-21 16:38:48.655,29.25,29.56,29.93,29.31,26.87,28.85,928.1,25.2,-40.0,0.0,0.0,0.0,0.0,1.0,368.0
2026-07-21 16:38:48.893,29.25,29.5,29.93,29.31,26.87,28.85,928.1,25.2,-40.0,0.0,0.0,0.0,0.0,1.0,368.0
2026-07-21 16:38:49.054,29.25,29.5,29.93,29.31,26.87,28.85,928.2,25.0,-40.0,0.0,0.0,0.0,0.0,1.0,369.0
2026-07-21 16:38:49.254,29.25,29.5,29.93,29.31,26.87,28.85,928.2,25.0,-40.0,0.0,0.0,0.0,0.0,1.0,369.0
2026-07-21 16:38:49.454,29.25,29.5,29.93,29.31,26.87,28.85,928.2,25.0,-40.0,0.0,0.0,0.0,0.0,1.0,369.0
2026-07-21 16:38:49.655,29.25,29.5,29.93,29.31,26.87,28.86,928.1,25.3,-40.0,0.0,0.0,0.0,0.0,1.0,369.0
2026-07-21 16:38:49.853,29.31,29.5,29.93,29.31,26.87,28.86,928.1,25.3,-40.0,0.0,0.0,0.0,0.0,1.0,369.0
2026-07-21 16:38:50.054,29.31,29.5,29.93,29.31,26.87,28.85,928.1,24.8,-40.0,0.0,0.0,0.0,0.0,1.0,370.0
2026-07-21 16:38:50.254,29.31,29.5,29.93,29.31,26.87,28.85,928.1,24.8,-40.0,0.0,0.0,0.0,0.0,1.0,370.0
2026-07-21 16:38:50.455,29.31,29.5,29.93,29.31,26.87,28.85,928.1,24.8,-40.0,0.0,0.0,0.0,0.0,1.0,370.0
2026-07-21 16:38:50.653,29.31,29.5,29.93,29.31,26.87,28.85,928.1,25.1,-40.0,0.0,0.0,0.0,0.0,1.0,370.0
2026-07-21 16:38:50.862,29.25,29.5,29.93,29.31,26.87,28.85,928.1,25.1,-40.0,0.0,0.0,0.0,0.0,1.0,370.0
2026-07-21 16:38:51.054,29.25,29.5,29.93,29.31,26.87,28.86,928.2,25.0,-40.0,0.0,0.0,0.0,0.0,1.0,371.0
2026-07-21 16:38:51.255,29.25,29.5,29.93,29.31,26.87,28.86,928.2,25.0,-40.0,0.0,0.0,0.0,0.0,1.0,371.0
2026-07-21 16:38:51.454,29.25,29.5,29.93,29.31,26.87,28.86,928.2,25.0,-40.0,0.0,0.0,0.0,0.0,1.0,371.0
2026-07-21 16:38:51.654,29.25,29.5,29.93,29.31,26.87,28.85,928.1,25.0,-40.0,0.0,0.0,0.0,0.0,1.0,371.0
2026-07-21 16:38:51.854,29.25,29.5,29.93,29.31,26.87,28.85,928.1,25.0,-40.0,0.0,0.0,0.0,0.0,1.0,371.0
2026-07-21 16:38:52.055,29.25,29.5,29.93,29.31,26.87,28.85,928.1,25.1,-40.0,0.0,0.0,0.0,0.0,1.0,372.0
2026-07-21 16:38:52.253,29.25,29.5,29.93,29.31,26.87,28.85,928.1,25.1,-40.0,0.0,0.0,0.0,0.0,1.0,372.0
2026-07-21 16:38:52.454,29.25,29.5,29.93,29.31,26.87,28.85,928.1,25.1,-40.0,0.0,0.0,0.0,0.0,1.0,372.0
2026-07-21 16:38:52.653,29.25,29.5,29.93,29.31,26.87,28.85,928.1,25.1,-40.0,0.0,0.0,0.0,0.0,1.0,372.0
2026-07-21 16:38:52.855,29.25,29.5,29.93,29.31,26.87,28.85,928.1,25.1,-40.0,0.0,0.0,0.0,0.0,1.0,372.0
2026-07-21 16:38:53.055,29.25,29.5,29.93,29.31,26.87,28.85,928.1,25.0,-40.0,0.0,0.0,0.0,0.0,1.0,373.0
2026-07-21 16:38:53.255,29.25,29.5,29.93,29.31,26.87,28.85,928.1,25.0,-40.0,0.0,0.0,0.0,0.0,1.0,373.0
2026-07-21 16:38:53.457,29.25,29.5,29.93,29.31,26.87,28.85,928.1,25.0,-40.0,0.0,0.0,0.0,0.0,1.0,373.0
2026-07-21 16:38:53.654,29.25,29.5,29.93,29.31,26.87,28.86,928.1,25.0,-40.0,0.0,0.0,0.0,0.0,1.0,373.0
2026-07-21 16:38:53.854,29.25,29.56,29.93,29.31,26.87,28.86,928.1,25.0,-40.0,0.0,0.0,0.0,0.0,1.0,373.0
2026-07-21 16:38:54.054,29.25,29.56,29.93,29.31,26.87,28.85,928.2,25.0,-40.0,0.0,0.0,0.0,0.0,1.0,374.0
2026-07-21 16:38:54.255,29.25,29.56,29.93,29.31,26.87,28.85,928.2,25.0,-40.0,0.0,0.0,0.0,0.0,1.0,374.0
2026-07-21 16:38:54.467,29.25,29.56,29.93,29.31,26.87,28.85,928.2,25.0,-40.0,0.0,0.0,0.0,0.0,1.0,374.0
2026-07-21 16:38:54.656,29.25,29.56,29.93,29.31,26.87,28.85,928.1,25.1,-40.0,0.0,0.0,0.0,0.0,1.0,374.0
2026-07-21 16:38:54.854,29.25,29.5,29.93,29.31,26.87,28.85,928.1,25.1,-40.0,0.0,0.0,0.0,0.0,1.0,374.0
2026-07-21 16:38:55.054,29.25,29.5,29.93,29.31,26.87,28.86,928.2,25.1,-40.0,0.0,0.0,0.0,0.0,1.0,375.0
2026-07-21 16:38:55.256,29.25,29.5,29.93,29.31,26.87,28.86,928.2,25.1,-40.0,0.0,0.0,0.0,0.0,1.0,375.0
2026-07-21 16:38:55.483,29.25,29.5,29.93,29.31,26.87,28.86,928.2,25.1,-40.0,0.0,0.0,0.0,0.0,1.0,375.0
2026-07-21 16:38:55.653,29.25,29.5,29.93,29.31,26.87,28.85,928.0,25.1,-40.0,0.0,0.0,0.0,0.0,1.0,375.0
2026-07-21 16:38:55.854,29.25,29.5,29.93,29.31,26.93,28.85,928.0,25.1,-40.0,0.0,0.0,0.0,0.0,1.0,375.0
2026-07-21 16:38:56.055,29.25,29.5,29.93,29.31,26.93,28.86,928.1,24.9,-40.0,0.0,0.0,0.0,0.0,1.0,376.0
2026-07-21 16:38:56.254,29.25,29.5,29.93,29.31,26.93,28.86,928.1,24.9,-40.0,0.0,0.0,0.0,0.0,1.0,376.0
2026-07-21 16:38:56.454,29.25,29.5,29.93,29.31,26.93,28.86,928.1,24.9,-40.0,0.0,0.0,0.0,0.0,1.0,376.0
2026-07-21 16:38:56.654,29.25,29.5,29.93,29.31,26.93,28.85,928.1,24.9,-40.0,0.0,0.0,0.0,0.0,1.0,376.0
2026-07-21 16:38:56.854,29.25,29.5,29.93,29.25,26.87,28.85,928.1,24.9,-40.0,0.0,0.0,0.0,0.0,1.0,376.0
2026-07-21 16:38:57.055,29.25,29.5,29.93,29.25,26.87,28.85,928.0,25.1,-40.0,0.0,0.0,0.0,0.0,1.0,377.0
2026-07-21 16:38:57.254,29.25,29.5,29.93,29.25,26.87,28.85,928.0,25.1,-40.0,0.0,0.0,0.0,0.0,1.0,377.0
2026-07-21 16:38:57.454,29.25,29.5,29.93,29.25,26.87,28.85,928.0,25.1,-40.0,0.0,0.0,0.0,0.0,1.0,377.0
2026-07-21 16:38:57.654,29.25,29.5,29.93,29.25,26.87,28.84,928.1,25.1,-40.0,0.0,0.0,0.0,0.0,1.0,377.0
2026-07-21 16:38:57.854,29.18,29.5,29.93,29.25,26.87,28.84,928.1,25.1,-40.0,0.0,0.0,0.0,0.0,1.0,377.0
2026-07-21 16:38:58.055,29.18,29.5,29.93,29.25,26.87,28.86,928.1,24.8,-40.0,0.0,0.0,0.0,0.0,1.0,378.0
2026-07-21 16:38:58.253,29.18,29.5,29.93,29.25,26.87,28.86,928.1,24.8,-40.0,0.0,0.0,0.0,0.0,1.0,378.0
2026-07-21 16:38:58.454,29.18,29.5,29.93,29.25,26.87,28.86,928.1,24.8,-40.0,0.0,0.0,0.0,0.0,1.0,378.0
2026-07-21 16:38:58.654,29.18,29.5,29.93,29.25,26.87,28.84,928.2,25.2,-40.0,0.0,0.0,0.0,0.0,1.0,378.0
2026-07-21 16:38:58.854,29.18,29.5,29.93,29.31,26.87,28.84,928.2,25.2,-40.0,0.0,0.0,0.0,0.0,1.0,378.0
2026-07-21 16:38:59.068,29.18,29.5,29.93,29.31,26.87,28.86,928.2,24.5,-40.0,0.0,0.0,0.0,0.0,1.0,379.0
2026-07-21 16:38:59.254,29.18,29.5,29.93,29.31,26.87,28.86,928.2,24.5,-40.0,0.0,0.0,0.0,0.0,1.0,379.0
2026-07-21 16:38:59.455,29.18,29.5,29.93,29.31,26.87,28.86,928.2,24.5,-40.0,0.0,0.0,0.0,0.0,1.0,379.0
2026-07-21 16:38:59.689,29.18,29.5,29.93,29.31,26.87,28.85,928.1,25.1,-40.0,0.0,0.0,0.0,0.0,1.0,379.0
2026-07-21 16:38:59.854,29.18,29.5,29.93,29.31,26.93,28.85,928.1,25.1,-40.0,0.0,0.0,0.0,0.0,1.0,379.0
2026-07-21 16:39:00.054,29.18,29.5,29.93,29.31,26.93,28.86,928.1,24.9,-40.0,0.0,0.0,0.0,0.0,1.0,380.0
2026-07-21 16:39:00.283,29.18,29.5,29.93,29.31,26.93,28.86,928.1,24.9,-40.0,0.0,0.0,0.0,0.0,1.0,380.0
2026-07-21 16:39:00.453,29.18,29.5,29.93,29.31,26.93,28.86,928.1,24.9,-40.0,0.0,0.0,0.0,0.0,1.0,380.0
2026-07-21 16:39:00.654,29.18,29.5,29.93,29.31,26.93,28.85,928.2,24.9,-40.0,0.0,0.0,0.0,0.0,1.0,380.0
2026-07-21 16:39:00.873,29.18,29.5,29.93,29.25,26.93,28.85,928.2,24.9,-40.0,0.0,0.0,0.0,0.0,1.0,380.0
2026-07-21 16:39:01.054,29.18,29.5,29.93,29.25,26.93,28.86,928.2,24.9,-40.0,0.0,0.0,0.0,0.0,1.0,381.0
2026-07-21 16:39:01.254,29.18,29.5,29.93,29.25,26.93,28.86,928.2,24.9,-40.0,0.0,0.0,0.0,0.0,1.0,381.0
2026-07-21 16:39:01.454,29.18,29.5,29.93,29.25,26.93,28.86,928.2,24.9,-40.0,0.0,0.0,0.0,0.0,1.0,381.0
2026-07-21 16:39:01.654,29.18,29.5,29.93,29.25,26.93,28.85,928.2,24.9,-40.0,0.0,0.0,0.0,0.0,1.0,381.0
2026-07-21 16:39:01.854,29.18,29.56,29.93,29.25,26.93,28.85,928.2,24.9,-40.0,0.0,0.0,0.0,0.0,1.0,381.0
2026-07-21 16:39:02.054,29.18,29.56,29.93,29.25,26.93,28.86,928.1,24.8,-40.0,0.0,0.0,0.0,0.0,1.0,382.0
2026-07-21 16:39:02.254,29.18,29.56,29.93,29.25,26.93,28.86,928.1,24.8,-40.0,0.0,0.0,0.0,0.0,1.0,382.0
2026-07-21 16:39:02.456,29.18,29.56,29.93,29.25,26.93,28.86,928.1,24.8,-40.0,0.0,0.0,0.0,0.0,1.0,382.0
2026-07-21 16:39:02.653,29.18,29.56,29.93,29.25,26.93,28.85,928.1,25.2,-40.0,0.0,0.0,0.0,0.0,1.0,382.0
2026-07-21 16:39:02.854,29.18,29.5,29.93,29.31,26.93,28.85,928.1,25.2,-40.0,0.0,0.0,0.0,0.0,1.0,382.0
2026-07-21 16:39:03.053,29.18,29.5,29.93,29.31,26.93,28.85,928.1,24.8,-40.0,0.0,0.0,0.0,0.0,1.0,383.0
2026-07-21 16:39:03.255,29.18,29.5,29.93,29.31,26.93,28.85,928.1,24.8,-40.0,0.0,0.0,0.0,0.0,1.0,383.0
2026-07-21 16:39:03.480,29.18,29.5,29.93,29.31,26.93,28.85,928.1,24.8,-40.0,0.0,0.0,0.0,0.0,1.0,383.0
2026-07-21 16:39:03.654,29.18,29.5,29.93,29.31,26.93,28.86,928.1,24.9,-40.0,0.0,0.0,0.0,0.0,1.0,383.0
2026-07-21 16:39:03.854,29.18,29.5,29.93,29.25,26.93,28.86,928.1,24.9,-40.0,0.0,0.0,0.0,0.0,1.0,383.0
2026-07-21 16:39:04.054,29.18,29.5,29.93,29.25,26.93,28.86,928.1,24.7,-40.0,0.0,0.0,0.0,0.0,1.0,384.0
2026-07-21 16:39:04.253,29.18,29.5,29.93,29.25,26.93,28.86,928.1,24.7,-40.0,0.0,0.0,0.0,0.0,1.0,384.0
2026-07-21 16:39:04.454,29.18,29.5,29.93,29.25,26.93,28.86,928.1,24.7,-40.0,0.0,0.0,0.0,0.0,1.0,384.0
2026-07-21 16:39:04.655,29.18,29.5,29.93,29.25,26.93,28.86,928.1,24.6,-40.0,0.0,0.0,0.0,0.0,1.0,384.0
2026-07-21 16:39:04.854,29.18,29.5,29.93,29.25,26.87,28.86,928.1,24.6,-40.0,0.0,0.0,0.0,0.0,1.0,384.0
2026-07-21 16:39:05.054,29.18,29.5,29.93,29.25,26.87,28.85,928.1,24.5,-40.0,0.0,0.0,0.0,0.0,1.0,385.0
2026-07-21 16:39:05.255,29.18,29.5,29.93,29.25,26.87,28.85,928.1,24.5,-40.0,0.0,0.0,0.0,0.0,1.0,385.0
2026-07-21 16:39:05.466,29.18,29.5,29.93,29.25,26.87,28.85,928.1,24.5,-40.0,0.0,0.0,0.0,0.0,1.0,385.0
2026-07-21 16:39:05.655,29.18,29.5,29.93,29.25,26.87,28.86,928.1,25.0,-40.0,0.0,0.0,0.0,0.0,1.0,385.0
2026-07-21 16:39:05.854,29.18,29.43,29.93,29.25,26.93,28.86,928.1,25.0,-40.0,0.0,0.0,0.0,0.0,1.0,385.0
2026-07-21 16:39:06.055,29.18,29.43,29.93,29.25,26.93,28.86,928.2,25.2,-40.0,0.0,0.0,0.0,0.0,1.0,386.0
2026-07-21 16:39:06.255,29.18,29.43,29.93,29.25,26.93,28.86,928.2,25.2,-40.0,0.0,0.0,0.0,0.0,1.0,386.0
2026-07-21 16:39:06.481,29.18,29.43,29.93,29.25,26.93,28.86,928.2,25.2,-40.0,0.0,0.0,0.0,0.0,1.0,386.0
2026-07-21 16:39:06.654,29.18,29.43,29.93,29.25,26.93,28.85,928.1,25.2,-40.0,0.0,0.0,0.0,0.0,1.0,386.0
2026-07-21 16:39:06.854,29.12,29.5,29.93,29.25,26.93,28.85,928.1,25.2,-40.0,0.0,0.0,0.0,0.0,1.0,386.0
2026-07-21 16:39:07.088,29.12,29.5,29.93,29.25,26.93,28.86,928.1,25.0,-40.0,0.0,0.0,0.0,0.0,1.0,387.0
2026-07-21 16:39:07.254,29.12,29.5,29.93,29.25,26.93,28.86,928.1,25.0,-40.0,0.0,0.0,0.0,0.0,1.0,387.0
2026-07-21 16:39:07.453,29.12,29.5,29.93,29.25,26.93,28.86,928.1,25.0,-40.0,0.0,0.0,0.0,0.0,1.0,387.0
2026-07-21 16:39:07.655,29.12,29.5,29.93,29.25,26.93,28.86,928.2,25.3,-40.0,0.0,0.0,0.0,0.0,1.0,387.0
2026-07-21 16:39:07.854,29.18,29.5,29.93,29.25,26.87,28.86,928.2,25.3,-40.0,0.0,0.0,0.0,0.0,1.0,387.0
2026-07-21 16:39:08.055,29.18,29.5,29.93,29.25,26.87,28.86,928.1,25.0,-40.0,0.0,0.0,0.0,0.0,1.0,388.0
2026-07-21 16:39:08.254,29.18,29.5,29.93,29.25,26.87,28.86,928.1,25.0,-40.0,0.0,0.0,0.0,0.0,1.0,388.0
2026-07-21 16:39:08.454,29.18,29.5,29.93,29.25,26.87,28.86,928.1,25.0,-40.0,0.0,0.0,0.0,0.0,1.0,388.0
2026-07-21 16:39:08.654,29.18,29.5,29.93,29.25,26.87,28.86,928.1,25.3,-40.0,0.0,0.0,0.0,0.0,1.0,388.0
2026-07-21 16:39:08.854,29.12,29.5,29.93,29.25,26.93,28.86,928.1,25.3,-40.0,0.0,0.0,0.0,0.0,1.0,388.0
2026-07-21 16:39:09.055,29.12,29.5,29.93,29.25,26.93,28.86,928.2,24.8,-40.0,0.0,0.0,0.0,0.0,1.0,389.0
2026-07-21 16:39:09.253,29.12,29.5,29.93,29.25,26.93,28.86,928.2,24.8,-40.0,0.0,0.0,0.0,0.0,1.0,389.0
2026-07-21 16:39:09.454,29.12,29.5,29.93,29.25,26.93,28.86,928.2,24.8,-40.0,0.0,0.0,0.0,0.0,1.0,389.0
2026-07-21 16:39:09.674,29.12,29.5,29.93,29.25,26.93,28.86,928.1,24.9,-40.0,0.0,0.0,0.0,0.0,1.0,389.0
2026-07-21 16:39:09.854,29.12,29.5,30.0,29.25,26.93,28.86,928.1,24.9,-40.0,0.0,0.0,0.0,0.0,1.0,389.0
2026-07-21 16:39:10.055,29.12,29.5,30.0,29.25,26.93,28.85,928.1,25.0,-40.0,0.0,0.0,0.0,0.0,1.0,390.0
2026-07-21 16:39:10.254,29.12,29.5,30.0,29.25,26.93,28.85,928.1,25.0,-40.0,0.0,0.0,0.0,0.0,1.0,390.0
2026-07-21 16:39:10.454,29.12,29.5,30.0,29.25,26.93,28.85,928.1,25.0,-40.0,0.0,0.0,0.0,0.0,1.0,390.0
2026-07-21 16:39:10.654,29.12,29.5,30.0,29.25,26.93,28.86,928.1,25.1,-40.0,0.0,0.0,0.0,0.0,1.0,390.0
2026-07-21 16:39:10.854,29.12,29.5,29.93,29.31,26.93,28.86,928.1,25.1,-40.0,0.0,0.0,0.0,0.0,1.0,390.0
2026-07-21 16:39:11.054,29.12,29.5,29.93,29.31,26.93,28.86,928.2,25.2,-40.0,0.0,0.0,0.0,0.0,1.0,391.0
2026-07-21 16:39:11.254,29.12,29.5,29.93,29.31,26.93,28.86,928.2,25.2,-40.0,0.0,0.0,0.0,0.0,1.0,391.0
2026-07-21 16:39:11.454,29.12,29.5,29.93,29.31,26.93,28.86,928.2,25.2,-40.0,0.0,0.0,0.0,0.0,1.0,391.0
2026-07-21 16:39:11.661,29.12,29.5,29.93,29.31,26.93,28.86,928.1,25.3,-40.0,0.0,0.0,0.0,0.0,1.0,391.0
2026-07-21 16:39:11.855,29.12,29.5,29.93,29.31,26.93,28.86,928.1,25.3,-40.0,0.0,0.0,0.0,0.0,1.0,391.0
2026-07-21 16:39:12.054,29.12,29.5,29.93,29.31,26.93,28.86,928.1,25.0,-40.0,0.0,0.0,0.0,0.0,1.0,392.0
2026-07-21 16:39:12.253,29.12,29.5,29.93,29.31,26.93,28.86,928.1,25.0,-40.0,0.0,0.0,0.0,0.0,1.0,392.0
2026-07-21 16:39:12.456,29.12,29.5,29.93,29.31,26.93,28.86,928.1,25.0,-40.0,0.0,0.0,0.0,0.0,1.0,392.0
2026-07-21 16:39:12.685,29.12,29.5,29.93,29.31,26.93,28.87,928.1,25.3,-40.0,0.0,0.0,0.0,0.0,1.0,392.0
2026-07-21 16:39:12.854,29.12,29.5,29.93,29.25,26.93,28.87,928.1,25.3,-40.0,0.0,0.0,0.0,0.0,1.0,392.0
2026-07-21 16:39:13.054,29.12,29.5,29.93,29.25,26.93,28.86,928.2,24.9,-40.0,0.0,0.0,0.0,0.0,1.0,393.0
2026-07-21 16:39:13.255,29.12,29.5,29.93,29.25,26.93,28.86,928.2,24.9,-40.0,0.0,0.0,0.0,0.0,1.0,393.0
2026-07-21 16:39:13.453,29.12,29.5,29.93,29.25,26.93,28.86,928.2,24.9,-40.0,0.0,0.0,0.0,0.0,1.0,393.0
2026-07-21 16:39:13.654,29.12,29.5,29.93,29.25,26.93,28.86,928.1,24.8,-40.0,0.0,0.0,0.0,0.0,1.0,393.0
2026-07-21 16:39:13.866,29.12,29.5,29.93,29.31,26.93,28.86,928.1,24.8,-40.0,0.0,0.0,0.0,0.0,1.0,393.0
2026-07-21 16:39:14.054,29.12,29.5,29.93,29.31,26.93,28.86,928.1,24.9,-40.0,0.0,0.0,0.0,0.0,1.0,394.0
2026-07-21 16:39:14.254,29.12,29.5,29.93,29.31,26.93,28.86,928.1,24.9,-40.0,0.0,0.0,0.0,0.0,1.0,394.0
2026-07-21 16:39:14.454,29.12,29.5,29.93,29.31,26.93,28.86,928.1,24.9,-40.0,0.0,0.0,0.0,0.0,1.0,394.0
2026-07-21 16:39:14.654,29.12,29.5,29.93,29.31,26.93,28.86,928.2,24.6,-40.0,0.0,0.0,0.0,0.0,1.0,394.0
2026-07-21 16:39:14.854,29.12,29.5,29.93,29.31,26.93,28.86,928.2,24.6,-40.0,0.0,0.0,0.0,0.0,1.0,394.0
2026-07-21 16:39:15.054,29.12,29.5,29.93,29.31,26.93,28.86,928.1,24.6,-40.0,0.0,0.0,0.0,0.0,1.0,395.0
2026-07-21 16:39:15.254,29.12,29.5,29.93,29.31,26.93,28.86,928.1,24.6,-40.0,0.0,0.0,0.0,0.0,1.0,395.0
2026-07-21 16:39:15.486,29.12,29.5,29.93,29.31,26.93,28.86,928.1,24.6,-40.0,0.0,0.0,0.0,0.0,1.0,395.0
2026-07-21 16:39:15.654,29.12,29.5,29.93,29.31,26.93,28.86,928.1,24.5,-40.0,0.0,0.0,0.0,0.0,1.0,395.0
2026-07-21 16:39:15.855,29.12,29.56,29.93,29.31,26.93,28.86,928.1,24.5,-40.0,0.0,0.0,0.0,0.0,1.0,395.0
2026-07-21 16:39:16.085,29.12,29.56,29.93,29.31,26.93,28.86,928.2,24.5,-40.0,0.0,0.0,0.0,0.0,1.0,396.0
2026-07-21 16:39:16.253,29.12,29.56,29.93,29.31,26.93,28.86,928.2,24.5,-40.0,0.0,0.0,0.0,0.0,1.0,396.0
2026-07-21 16:39:16.454,29.12,29.56,29.93,29.31,26.93,28.86,928.2,24.5,-40.0,0.0,0.0,0.0,0.0,1.0,396.0
2026-07-21 16:39:16.665,29.12,29.56,29.93,29.31,26.93,28.86,928.2,24.8,-40.0,0.0,0.0,0.0,0.0,1.0,396.0
2026-07-21 16:39:16.853,29.12,29.5,29.93,29.31,26.93,28.86,928.2,24.8,-40.0,0.0,0.0,0.0,0.0,1.0,396.0
2026-07-21 16:39:17.057,29.12,29.5,29.93,29.31,26.93,28.86,928.1,25.2,-40.0,0.0,0.0,0.0,0.0,1.0,397.0
2026-07-21 16:39:17.254,29.12,29.5,29.93,29.31,26.93,28.86,928.1,25.2,-40.0,0.0,0.0,0.0,0.0,1.0,397.0
2026-07-21 16:39:17.453,29.12,29.5,29.93,29.31,26.93,28.86,928.1,25.2,-40.0,0.0,0.0,0.0,0.0,1.0,397.0
2026-07-21 16:39:17.665,29.12,29.5,29.93,29.31,26.93,28.86,928.1,24.6,-40.0,0.0,0.0,0.0,0.0,1.0,397.0
2026-07-21 16:39:17.854,29.12,29.5,29.93,29.31,26.93,28.86,928.1,24.6,-40.0,0.0,0.0,0.0,0.0,1.0,397.0
2026-07-21 16:39:18.053,29.12,29.5,29.93,29.31,26.93,28.87,928.1,24.5,-40.0,0.0,0.0,0.0,0.0,1.0,398.0
2026-07-21 16:39:18.253,29.12,29.5,29.93,29.31,26.93,28.87,928.1,24.5,-40.0,0.0,0.0,0.0,0.0,1.0,398.0
2026-07-21 16:39:18.453,29.12,29.5,29.93,29.31,26.93,28.87,928.1,24.5,-40.0,0.0,0.0,0.0,0.0,1.0,398.0
2026-07-21 16:39:18.695,29.12,29.5,29.93,29.31,26.93,28.86,928.1,25.1,-40.0,0.0,0.0,0.0,0.0,1.0,398.0
2026-07-21 16:39:18.853,29.12,29.56,29.93,29.31,26.93,28.86,928.1,25.1,-40.0,0.0,0.0,0.0,0.0,1.0,398.0
2026-07-21 16:39:19.053,29.12,29.56,29.93,29.31,26.93,28.87,928.2,25.0,-40.0,0.0,0.0,0.0,0.0,1.0,399.0
2026-07-21 16:39:19.290,29.12,29.56,29.93,29.31,26.93,28.87,928.2,25.0,-40.0,0.0,0.0,0.0,0.0,1.0,399.0
2026-07-21 16:39:19.453,29.12,29.56,29.93,29.31,26.93,28.87,928.2,25.0,-40.0,0.0,0.0,0.0,0.0,1.0,399.0
2026-07-21 16:39:19.654,29.12,29.56,29.93,29.31,26.93,28.87,928.1,25.0,-40.0,0.0,0.0,0.0,0.0,1.0,399.0
2026-07-21 16:39:19.897,29.12,29.5,30.0,29.31,27.0,28.87,928.1,25.0,-40.0,0.0,0.0,0.0,0.0,1.0,399.0
2026-07-21 16:39:20.054,29.12,29.5,30.0,29.31,27.0,28.86,928.2,25.0,-40.0,0.0,0.0,0.0,0.0,1.0,400.0
2026-07-21 16:39:20.254,29.12,29.5,30.0,29.31,27.0,28.86,928.2,25.0,-40.0,0.0,0.0,0.0,0.0,1.0,400.0
2026-07-21 16:39:20.453,29.12,29.5,30.0,29.31,27.0,28.86,928.2,25.0,-40.0,0.0,0.0,0.0,0.0,1.0,400.0
2026-07-21 16:39:20.654,29.12,29.5,30.0,29.31,27.0,28.87,928.1,24.6,-40.0,0.0,0.0,0.0,0.0,1.0,400.0
2026-07-21 16:39:20.883,29.12,29.5,29.93,29.31,26.93,28.87,928.1,24.6,-40.0,0.0,0.0,0.0,0.0,1.0,400.0
2026-07-21 16:39:21.054,29.12,29.5,29.93,29.31,26.93,28.87,928.1,24.8,-40.0,0.0,0.0,0.0,0.0,1.0,401.0
2026-07-21 16:39:21.254,29.12,29.5,29.93,29.31,26.93,28.87,928.1,24.8,-40.0,0.0,0.0,0.0,0.0,1.0,401.0
2026-07-21 16:39:21.480,29.12,29.5,29.93,29.31,26.93,28.87,928.1,24.8,-40.0,0.0,0.0,0.0,0.0,1.0,401.0
2026-07-21 16:39:21.654,29.12,29.5,29.93,29.31,26.93,28.87,928.1,25.1,-40.0,0.0,0.0,0.0,0.0,1.0,401.0
2026-07-21 16:39:21.884,29.12,29.5,29.93,29.31,27.0,28.87,928.1,25.1,-40.0,0.0,0.0,0.0,0.0,1.0,401.0
2026-07-21 16:39:22.054,29.12,29.5,29.93,29.31,27.0,28.87,928.1,24.6,-40.0,0.0,0.0,0.0,0.0,1.0,402.0
2026-07-21 16:39:22.253,29.12,29.5,29.93,29.31,27.0,28.87,928.1,24.6,-40.0,0.0,0.0,0.0,0.0,1.0,402.0
2026-07-21 16:39:22.453,29.12,29.5,29.93,29.31,27.0,28.87,928.1,24.6,-40.0,0.0,0.0,0.0,0.0,1.0,402.0
2026-07-21 16:39:22.654,29.12,29.5,29.93,29.31,27.0,28.87,928.2,25.1,-40.0,0.0,0.0,0.0,0.0,1.0,402.0
2026-07-21 16:39:22.854,29.12,29.5,29.93,29.31,26.93,28.87,928.2,25.1,-40.0,0.0,0.0,0.0,0.0,1.0,402.0
2026-07-21 16:39:23.053,29.12,29.5,29.93,29.31,26.93,28.87,928.2,25.1,-40.0,0.0,0.0,0.0,0.0,1.0,403.0
2026-07-21 16:39:23.253,29.12,29.5,29.93,29.31,26.93,28.87,928.2,25.1,-40.0,0.0,0.0,0.0,0.0,1.0,403.0
2026-07-21 16:39:23.453,29.12,29.5,29.93,29.31,26.93,28.87,928.2,25.1,-40.0,0.0,0.0,0.0,0.0,1.0,403.0
2026-07-21 16:39:23.655,29.12,29.5,29.93,29.31,26.93,28.87,928.1,24.8,-40.0,0.0,0.0,0.0,0.0,1.0,403.0
2026-07-21 16:39:23.854,29.12,29.5,29.93,29.31,26.93,28.87,928.1,24.8,-40.0,0.0,0.0,0.0,0.0,1.0,403.0
2026-07-21 16:39:24.053,29.12,29.5,29.93,29.31,26.93,28.87,928.2,25.1,-40.0,0.0,0.0,0.0,0.0,1.0,404.0
2026-07-21 16:39:24.254,29.12,29.5,29.93,29.31,26.93,28.87,928.2,25.1,-40.0,0.0,0.0,0.0,0.0,1.0,404.0
2026-07-21 16:39:24.457,29.12,29.5,29.93,29.31,26.93,28.87,928.2,25.1,-40.0,0.0,0.0,0.0,0.0,1.0,404.0
2026-07-21 16:39:24.654,29.12,29.5,29.93,29.31,26.93,28.87,928.2,24.8,-40.0,0.0,0.0,0.0,0.0,1.0,404.0
2026-07-21 16:39:24.854,29.12,29.5,30.0,29.31,26.93,28.87,928.2,24.8,-40.0,0.0,0.0,0.0,0.0,1.0,404.0
2026-07-21 16:39:25.053,29.12,29.5,30.0,29.31,26.93,28.87,928.2,24.8,-40.0,0.0,0.0,0.0,0.0,1.0,405.0
2026-07-21 16:39:25.254,29.12,29.5,30.0,29.31,26.93,28.87,928.2,24.8,-40.0,0.0,0.0,0.0,0.0,1.0,405.0
2026-07-21 16:39:25.453,29.12,29.5,30.0,29.31,26.93,28.87,928.2,24.8,-40.0,0.0,0.0,0.0,0.0,1.0,405.0
2026-07-21 16:39:25.654,29.12,29.5,30.0,29.31,26.93,28.87,928.1,24.9,-40.0,0.0,0.0,0.0,0.0,1.0,405.0
2026-07-21 16:39:25.853,29.12,29.5,29.93,29.25,26.93,28.87,928.1,24.9,-40.0,0.0,0.0,0.0,0.0,1.0,405.0
2026-07-21 16:39:26.057,29.12,29.5,29.93,29.25,26.93,28.87,928.2,25.0,-40.0,0.0,0.0,0.0,0.0,1.0,406.0
2026-07-21 16:39:26.253,29.12,29.5,29.93,29.25,26.93,28.87,928.2,25.0,-40.0,0.0,0.0,0.0,0.0,1.0,406.0
2026-07-21 16:39:26.453,29.12,29.5,29.93,29.25,26.93,28.87,928.2,25.0,-40.0,0.0,0.0,0.0,0.0,1.0,406.0
2026-07-21 16:39:26.688,29.12,29.5,29.93,29.25,26.93,28.87,928.2,24.9,-40.0,0.0,0.0,0.0,0.0,1.0,406.0
2026-07-21 16:39:26.855,29.12,29.5,29.93,29.31,27.0,28.87,928.2,24.9,-40.0,0.0,0.0,0.0,0.0,1.0,406.0
2026-07-21 16:39:27.054,29.12,29.5,29.93,29.31,27.0,28.87,928.1,24.5,-40.0,0.0,0.0,0.0,0.0,1.0,407.0
2026-07-21 16:39:27.254,29.12,29.5,29.93,29.31,27.0,28.87,928.1,24.5,-40.0,0.0,0.0,0.0,0.0,1.0,407.0
2026-07-21 16:39:27.453,29.12,29.5,29.93,29.31,27.0,28.87,928.1,24.5,-40.0,0.0,0.0,0.0,0.0,1.0,407.0
2026-07-21 16:39:27.661,29.12,29.5,29.93,29.31,27.0,28.86,928.1,25.0,-40.0,0.0,0.0,0.0,0.0,1.0,407.0
2026-07-21 16:39:27.853,29.12,29.5,29.93,29.31,27.0,28.86,928.1,25.0,-40.0,0.0,0.0,0.0,0.0,1.0,407.0
2026-07-21 16:39:28.054,29.12,29.5,29.93,29.31,27.0,28.87,928.1,24.6,-40.0,0.0,0.0,0.0,0.0,1.0,408.0
2026-07-21 16:39:28.253,29.12,29.5,29.93,29.31,27.0,28.87,928.1,24.6,-40.0,0.0,0.0,0.0,0.0,1.0,408.0
2026-07-21 16:39:28.454,29.12,29.5,29.93,29.31,27.0,28.87,928.1,24.6,-40.0,0.0,0.0,0.0,0.0,1.0,408.0
2026-07-21 16:39:28.654,29.12,29.5,29.93,29.31,27.0,28.87,928.1,25.0,-40.0,0.0,0.0,0.0,0.0,1.0,408.0
2026-07-21 16:39:28.853,29.12,29.5,29.93,29.31,26.93,28.87,928.1,25.0,-40.0,0.0,0.0,0.0,0.0,1.0,408.0
2026-07-21 16:39:29.053,29.12,29.5,29.93,29.31,26.93,28.86,928.1,24.8,-40.0,0.0,0.0,0.0,0.0,1.0,409.0
2026-07-21 16:39:29.272,29.12,29.5,29.93,29.31,26.93,28.86,928.1,24.8,-40.0,0.0,0.0,0.0,0.0,1.0,409.0
2026-07-21 16:39:29.452,29.12,29.5,29.93,29.31,26.93,28.86,928.1,24.8,-40.0,0.0,0.0,0.0,0.0,1.0,409.0
2026-07-21 16:39:29.653,29.12,29.5,29.93,29.31,26.93,28.87,928.1,24.7,-40.0,0.0,0.0,0.0,0.0,1.0,409.0
2026-07-21 16:39:29.853,29.12,29.5,29.93,29.31,27.0,28.87,928.1,24.7,-40.0,0.0,0.0,0.0,0.0,1.0,409.0
2026-07-21 16:39:30.053,29.12,29.5,29.93,29.31,27.0,28.87,928.2,24.5,-40.0,0.0,0.0,0.0,0.0,1.0,410.0
2026-07-21 16:39:30.253,29.12,29.5,29.93,29.31,27.0,28.87,928.2,24.5,-40.0,0.0,0.0,0.0,0.0,1.0,410.0
2026-07-21 16:39:30.453,29.12,29.5,29.93,29.31,27.0,28.87,928.2,24.5,-40.0,0.0,0.0,0.0,0.0,1.0,410.0
2026-07-21 16:39:30.653,29.12,29.5,29.93,29.31,27.0,28.86,928.2,24.7,-40.0,0.0,0.0,0.0,0.0,1.0,410.0
2026-07-21 16:39:30.854,29.06,29.56,29.93,29.31,26.93,28.86,928.2,24.7,-40.0,0.0,0.0,0.0,0.0,1.0,410.0
2026-07-21 16:39:31.053,29.06,29.56,29.93,29.31,26.93,28.87,928.1,24.7,-40.0,0.0,0.0,0.0,0.0,1.0,411.0
2026-07-21 16:39:31.253,29.06,29.56,29.93,29.31,26.93,28.87,928.1,24.7,-40.0,0.0,0.0,0.0,0.0,1.0,411.0
2026-07-21 16:39:31.452,29.06,29.56,29.93,29.31,26.93,28.87,928.1,24.7,-40.0,0.0,0.0,0.0,0.0,1.0,411.0
2026-07-21 16:39:31.654,29.06,29.56,29.93,29.31,26.93,28.87,928.1,24.8,-40.0,0.0,0.0,0.0,0.0,1.0,411.0
2026-07-21 16:39:31.853,29.12,29.5,29.93,29.31,27.0,28.87,928.1,24.8,-40.0,0.0,0.0,0.0,0.0,1.0,411.0
2026-07-21 16:39:32.053,29.12,29.5,29.93,29.31,27.0,28.87,928.2,24.4,-40.0,0.0,0.0,0.0,0.0,1.0,412.0
2026-07-21 16:39:32.253,29.12,29.5,29.93,29.31,27.0,28.87,928.2,24.4,-40.0,0.0,0.0,0.0,0.0,1.0,412.0
2026-07-21 16:39:32.453,29.12,29.5,29.93,29.31,27.0,28.87,928.2,24.4,-40.0,0.0,0.0,0.0,0.0,1.0,412.0
2026-07-21 16:39:32.653,29.12,29.5,29.93,29.31,27.0,28.87,928.1,24.7,-40.0,0.0,0.0,0.0,0.0,1.0,412.0
2026-07-21 16:39:32.853,29.12,29.5,29.93,29.31,27.0,28.87,928.1,24.7,-40.0,0.0,0.0,0.0,0.0,1.0,412.0
2026-07-21 16:39:33.054,29.12,29.5,29.93,29.31,27.0,28.87,928.1,24.8,-40.0,0.0,0.0,0.0,0.0,1.0,413.0
2026-07-21 16:39:33.253,29.12,29.5,29.93,29.31,27.0,28.87,928.1,24.8,-40.0,0.0,0.0,0.0,0.0,1.0,413.0
2026-07-21 16:39:33.453,29.12,29.5,29.93,29.31,27.0,28.87,928.1,24.8,-40.0,0.0,0.0,0.0,0.0,1.0,413.0
2026-07-21 16:39:33.653,29.12,29.5,29.93,29.31,27.0,28.87,928.2,24.9,-40.0,0.0,0.0,0.0,0.0,1.0,413.0
2026-07-21 16:39:33.853,29.06,29.5,29.93,29.31,27.0,28.87,928.2,24.9,-40.0,0.0,0.0,0.0,0.0,1.0,413.0
2026-07-21 16:39:34.053,29.06,29.5,29.93,29.31,27.0,28.87,928.2,24.8,-40.0,0.0,0.0,0.0,0.0,1.0,414.0
2026-07-21 16:39:34.256,29.06,29.5,29.93,29.31,27.0,28.87,928.2,24.8,-40.0,0.0,0.0,0.0,0.0,1.0,414.0
2026-07-21 16:39:34.452,29.06,29.5,29.93,29.31,27.0,28.87,928.2,24.8,-40.0,0.0,0.0,0.0,0.0,1.0,414.0
2026-07-21 16:39:34.653,29.06,29.5,29.93,29.31,27.0,28.87,928.1,24.7,-40.0,0.0,0.0,0.0,0.0,1.0,414.0
2026-07-21 16:39:34.859,29.06,29.56,29.93,29.31,27.0,28.87,928.1,24.7,-40.0,0.0,0.0,0.0,0.0,1.0,414.0
2026-07-21 16:39:35.053,29.06,29.56,29.93,29.31,27.0,28.87,928.2,24.3,-40.0,0.0,0.0,0.0,0.0,1.0,415.0
2026-07-21 16:39:35.253,29.06,29.56,29.93,29.31,27.0,28.87,928.2,24.3,-40.0,0.0,0.0,0.0,0.0,1.0,415.0
2026-07-21 16:39:35.454,29.06,29.56,29.93,29.31,27.0,28.87,928.2,24.3,-40.0,0.0,0.0,0.0,0.0,1.0,415.0
2026-07-21 16:39:35.654,29.06,29.56,29.93,29.31,27.0,28.87,928.2,24.9,-40.0,0.0,0.0,0.0,0.0,1.0,415.0
2026-07-21 16:39:35.853,29.12,29.56,29.93,29.31,27.0,28.87,928.2,24.9,-40.0,0.0,0.0,0.0,0.0,1.0,415.0
2026-07-21 16:39:36.053,29.12,29.56,29.93,29.31,27.0,28.87,928.1,24.9,-40.0,0.0,0.0,0.0,0.0,1.0,416.0
2026-07-21 16:39:36.254,29.12,29.56,29.93,29.31,27.0,28.87,928.1,24.9,-40.0,0.0,0.0,0.0,0.0,1.0,416.0
2026-07-21 16:39:36.453,29.12,29.56,29.93,29.31,27.0,28.87,928.1,24.9,-40.0,0.0,0.0,0.0,0.0,1.0,416.0
2026-07-21 16:39:36.652,29.12,29.56,29.93,29.31,27.0,28.87,928.2,24.8,-40.0,0.0,0.0,0.0,0.0,1.0,416.0
2026-07-21 16:39:36.853,29.12,29.5,29.93,29.31,27.0,28.87,928.2,24.8,-40.0,0.0,0.0,0.0,0.0,1.0,416.0
2026-07-21 16:39:37.053,29.12,29.5,29.93,29.31,27.0,28.87,928.2,25.0,-40.0,0.0,0.0,0.0,0.0,1.0,417.0
2026-07-21 16:39:37.252,29.12,29.5,29.93,29.31,27.0,28.87,928.2,25.0,-40.0,0.0,0.0,0.0,0.0,1.0,417.0
2026-07-21 16:39:37.471,29.12,29.5,29.93,29.31,27.0,28.87,928.2,25.0,-40.0,0.0,0.0,0.0,0.0,1.0,417.0
2026-07-21 16:39:37.654,29.12,29.5,29.93,29.31,27.0,28.87,928.1,24.6,-40.0,0.0,0.0,0.0,0.0,1.0,417.0
2026-07-21 16:39:37.853,29.06,29.5,29.93,29.31,27.0,28.87,928.1,24.6,-40.0,0.0,0.0,0.0,0.0,1.0,417.0
2026-07-21 16:39:38.053,29.06,29.5,29.93,29.31,27.0,28.87,928.2,24.3,-40.0,0.0,0.0,0.0,0.0,1.0,418.0
2026-07-21 16:39:38.253,29.06,29.5,29.93,29.31,27.0,28.87,928.2,24.3,-40.0,0.0,0.0,0.0,0.0,1.0,418.0
2026-07-21 16:39:38.453,29.06,29.5,29.93,29.31,27.0,28.87,928.2,24.3,-40.0,0.0,0.0,0.0,0.0,1.0,418.0
2026-07-21 16:39:38.654,29.06,29.5,29.93,29.31,27.0,28.87,928.1,24.6,-40.0,0.0,0.0,0.0,0.0,1.0,418.0
2026-07-21 16:39:38.853,29.06,29.5,29.93,29.31,27.0,28.87,928.1,24.6,-40.0,0.0,0.0,0.0,0.0,1.0,418.0
2026-07-21 16:39:39.059,29.06,29.5,29.93,29.31,27.0,28.87,928.1,24.9,-40.0,0.0,0.0,0.0,0.0,1.0,419.0
2026-07-21 16:39:39.252,29.06,29.5,29.93,29.31,27.0,28.87,928.1,24.9,-40.0,0.0,0.0,0.0,0.0,1.0,419.0
2026-07-21 16:39:39.452,29.06,29.5,29.93,29.31,27.0,28.87,928.1,24.9,-40.0,0.0,0.0,0.0,0.0,1.0,419.0
2026-07-21 16:39:39.653,29.06,29.5,29.93,29.31,27.0,28.87,928.2,24.5,-40.0,0.0,0.0,0.0,0.0,1.0,419.0
2026-07-21 16:39:39.852,29.12,29.5,29.93,29.31,27.0,28.87,928.2,24.5,-40.0,0.0,0.0,0.0,0.0,1.0,419.0
2026-07-21 16:39:40.053,29.12,29.5,29.93,29.31,27.0,28.87,928.1,24.3,-40.0,0.0,0.0,0.0,0.0,1.0,420.0
2026-07-21 16:39:40.253,29.12,29.5,29.93,29.31,27.0,28.87,928.1,24.3,-40.0,0.0,0.0,0.0,0.0,1.0,420.0
2026-07-21 16:39:40.453,29.12,29.5,29.93,29.31,27.0,28.87,928.1,24.3,-40.0,0.0,0.0,0.0,0.0,1.0,420.0
2026-07-21 16:39:40.653,29.12,29.5,29.93,29.31,27.0,28.86,928.1,24.7,-40.0,0.0,0.0,0.0,0.0,1.0,420.0
2026-07-21 16:39:40.853,29.06,29.56,29.93,29.31,27.0,28.86,928.1,24.7,-40.0,0.0,0.0,0.0,0.0,1.0,420.0
2026-07-21 16:39:41.052,29.06,29.56,29.93,29.31,27.0,28.87,928.1,24.7,-40.0,0.0,0.0,0.0,0.0,1.0,421.0
2026-07-21 16:39:41.253,29.06,29.56,29.93,29.31,27.0,28.87,928.1,24.7,-40.0,0.0,0.0,0.0,0.0,1.0,421.0
2026-07-21 16:39:41.452,29.06,29.56,29.93,29.31,27.0,28.87,928.1,24.7,-40.0,0.0,0.0,0.0,0.0,1.0,421.0
2026-07-21 16:39:41.652,29.06,29.56,29.93,29.31,27.0,28.87,928.2,24.8,-40.0,0.0,0.0,0.0,0.0,1.0,421.0
2026-07-21 16:39:41.853,29.06,29.5,29.93,29.31,27.0,28.87,928.2,24.8,-40.0,0.0,0.0,0.0,0.0,1.0,421.0
2026-07-21 16:39:42.053,29.06,29.5,29.93,29.31,27.0,28.87,928.2,24.4,-40.0,0.0,0.0,0.0,0.0,1.0,422.0
2026-07-21 16:39:42.260,29.06,29.5,29.93,29.31,27.0,28.87,928.2,24.4,-40.0,0.0,0.0,0.0,0.0,1.0,422.0
2026-07-21 16:39:42.452,29.06,29.5,29.93,29.31,27.0,28.87,928.2,24.4,-40.0,0.0,0.0,0.0,0.0,1.0,422.0
2026-07-21 16:39:42.653,29.06,29.5,29.93,29.31,27.0,28.87,928.2,24.7,-40.0,0.0,0.0,0.0,0.0,1.0,422.0
2026-07-21 16:39:42.854,29.06,29.56,29.93,29.31,27.0,28.87,928.2,24.7,-40.0,0.0,0.0,0.0,0.0,1.0,422.0
2026-07-21 16:39:43.053,29.06,29.56,29.93,29.31,27.0,28.86,928.1,24.7,-40.0,0.0,0.0,0.0,0.0,1.0,423.0
2026-07-21 16:39:43.253,29.06,29.56,29.93,29.31,27.0,28.86,928.1,24.7,-40.0,0.0,0.0,0.0,0.0,1.0,423.0
2026-07-21 16:39:43.452,29.06,29.56,29.93,29.31,27.0,28.86,928.1,24.7,-40.0,0.0,0.0,0.0,0.0,1.0,423.0
2026-07-21 16:39:43.653,29.06,29.56,29.93,29.31,27.0,28.87,928.1,24.6,-40.0,0.0,0.0,0.0,0.0,1.0,423.0
2026-07-21 16:39:43.855,29.06,29.56,29.93,29.31,27.0,28.87,928.1,24.6,-40.0,0.0,0.0,0.0,0.0,1.0,423.0
2026-07-21 16:39:44.054,29.06,29.56,29.93,29.31,27.0,28.87,928.2,25.0,-40.0,0.0,0.0,0.0,0.0,1.0,424.0
2026-07-21 16:39:44.252,29.06,29.56,29.93,29.31,27.0,28.87,928.2,25.0,-40.0,0.0,0.0,0.0,0.0,1.0,424.0
2026-07-21 16:39:44.453,29.06,29.56,29.93,29.31,27.0,28.87,928.2,25.0,-40.0,0.0,1.0,0.0,0.0,1.0,424.0
2026-07-21 16:39:44.654,29.06,29.56,29.93,29.31,27.0,28.86,928.2,24.6,-40.0,0.0,0.0,0.0,0.0,1.0,424.0
2026-07-21 16:39:44.853,29.06,29.5,29.93,29.31,27.0,28.86,928.2,24.6,-40.0,0.0,0.0,0.0,0.0,1.0,424.0
2026-07-21 16:39:45.053,29.06,29.5,29.93,29.31,27.0,28.87,928.2,24.2,-40.0,0.0,0.0,0.0,0.0,1.0,425.0
2026-07-21 16:39:45.253,29.06,29.5,29.93,29.31,27.0,28.87,928.2,24.2,-40.0,0.0,0.0,0.0,0.0,1.0,425.0
2026-07-21 16:39:45.453,29.06,29.5,29.93,29.31,27.0,28.87,928.2,24.2,-40.0,0.0,0.0,0.0,0.0,1.0,425.0
2026-07-21 16:39:45.653,29.06,29.5,29.93,29.31,27.0,28.87,928.1,24.8,-40.0,0.0,1.0,0.0,0.0,1.0,425.0
2026-07-21 16:39:45.858,29.06,29.5,29.93,29.31,27.0,28.87,928.1,24.8,-40.0,0.0,0.0,0.0,0.0,1.0,425.0
2026-07-21 16:39:46.057,29.06,29.5,29.93,29.31,27.0,28.87,928.2,24.5,-40.0,0.0,0.0,0.0,0.0,1.0,426.0
2026-07-21 16:39:46.257,29.06,29.5,29.93,29.31,27.0,28.87,928.2,24.5,-40.0,0.0,0.0,0.0,0.0,1.0,426.0
2026-07-21 16:39:46.457,29.06,29.5,29.93,29.31,27.0,28.87,928.2,24.5,-40.0,0.0,0.0,0.0,0.0,1.0,426.0
2026-07-21 16:39:46.658,29.06,29.5,29.93,29.31,27.0,28.87,928.2,24.7,-40.0,0.0,0.0,0.0,0.0,1.0,426.0
2026-07-21 16:39:46.857,29.06,29.5,29.93,29.31,27.0,28.87,928.2,24.7,-40.0,0.0,0.0,0.0,0.0,1.0,426.0
2026-07-21 16:39:47.057,29.06,29.5,29.93,29.31,27.0,28.87,928.1,24.7,-40.0,0.0,0.0,0.0,0.0,1.0,427.0
2026-07-21 16:39:47.257,29.06,29.5,29.93,29.31,27.0,28.87,928.1,24.7,-40.0,0.0,0.0,0.0,0.0,1.0,427.0
2026-07-21 16:39:47.464,29.06,29.5,29.93,29.31,27.0,28.87,928.1,24.7,-40.0,0.0,0.0,0.0,0.0,1.0,427.0
2026-07-21 16:39:47.657,29.06,29.5,29.93,29.31,27.0,28.87,928.1,24.5,-40.0,0.0,0.0,0.0,0.0,1.0,427.0
2026-07-21 16:39:47.858,29.06,29.5,29.93,29.31,27.06,28.87,928.1,24.5,-40.0,0.0,0.0,0.0,0.0,1.0,427.0
2026-07-21 16:39:48.057,29.06,29.5,29.93,29.31,27.06,28.87,928.1,24.5,-40.0,0.0,0.0,0.0,0.0,1.0,428.0
2026-07-21 16:39:48.257,29.06,29.5,29.93,29.31,27.06,28.87,928.1,24.5,-40.0,0.0,0.0,0.0,0.0,1.0,428.0
2026-07-21 16:39:48.457,29.06,29.5,29.93,29.31,27.06,28.87,928.1,24.5,-40.0,0.0,0.0,0.0,0.0,1.0,428.0
2026-07-21 16:39:48.657,29.06,29.5,29.93,29.31,27.06,28.87,928.1,24.6,-40.0,0.0,0.0,0.0,0.0,1.0,428.0
2026-07-21 16:39:48.857,29.06,29.5,30.0,29.31,27.06,28.87,928.1,24.6,-40.0,0.0,0.0,0.0,0.0,1.0,428.0
2026-07-21 16:39:49.057,29.06,29.5,30.0,29.31,27.06,28.87,928.2,24.5,-40.0,0.0,0.0,0.0,0.0,1.0,429.0
2026-07-21 16:39:49.257,29.06,29.5,30.0,29.31,27.06,28.87,928.2,24.5,-40.0,0.0,0.0,0.0,0.0,1.0,429.0
2026-07-21 16:39:49.457,29.06,29.5,30.0,29.31,27.06,28.87,928.2,24.5,-40.0,0.0,0.0,0.0,0.0,1.0,429.0
2026-07-21 16:39:49.657,29.06,29.5,30.0,29.31,27.06,28.86,928.2,24.6,-40.0,0.0,0.0,0.0,0.0,1.0,429.0
2026-07-21 16:39:49.857,29.12,29.5,29.93,29.31,27.06,28.86,928.2,24.6,-40.0,0.0,0.0,0.0,0.0,1.0,429.0
2026-07-21 16:39:50.057,29.12,29.5,29.93,29.31,27.06,28.87,928.2,24.7,-40.0,0.0,0.0,0.0,0.0,1.0,430.0
2026-07-21 16:39:50.257,29.12,29.5,29.93,29.31,27.06,28.87,928.2,24.7,-40.0,0.0,0.0,0.0,0.0,1.0,430.0
2026-07-21 16:39:50.457,29.12,29.5,29.93,29.31,27.06,28.87,928.2,24.7,-40.0,0.0,0.0,0.0,0.0,1.0,430.0
2026-07-21 16:39:50.657,29.12,29.5,29.93,29.31,27.06,28.87,928.2,24.7,-40.0,0.0,0.0,0.0,0.0,1.0,430.0
2026-07-21 16:39:50.857,29.06,29.56,29.93,29.31,27.06,28.87,928.2,24.7,-40.0,0.0,0.0,0.0,0.0,1.0,430.0
2026-07-21 16:39:51.057,29.06,29.56,29.93,29.31,27.06,28.87,928.2,25.0,-40.0,0.0,0.0,0.0,0.0,1.0,431.0
2026-07-21 16:39:51.257,29.06,29.56,29.93,29.31,27.06,28.87,928.2,25.0,-40.0,0.0,0.0,0.0,0.0,1.0,431.0
2026-07-21 16:39:51.457,29.06,29.56,29.93,29.31,27.06,28.87,928.2,25.0,-40.0,0.0,0.0,0.0,0.0,1.0,431.0
2026-07-21 16:39:51.657,29.06,29.56,29.93,29.31,27.06,28.87,928.2,25.0,-40.0,0.0,0.0,0.0,0.0,1.0,431.0
2026-07-21 16:39:51.857,29.06,29.5,29.93,29.31,27.06,28.87,928.2,25.0,-40.0,0.0,0.0,0.0,0.0,1.0,431.0
2026-07-21 16:39:52.057,29.06,29.5,29.93,29.31,27.06,28.87,928.1,24.8,-40.0,0.0,0.0,0.0,0.0,1.0,432.0
2026-07-21 16:39:52.257,29.06,29.5,29.93,29.31,27.06,28.87,928.1,24.8,-40.0,0.0,0.0,0.0,0.0,1.0,432.0
2026-07-21 16:39:52.457,29.06,29.5,29.93,29.31,27.06,28.87,928.1,24.8,-40.0,0.0,0.0,0.0,0.0,1.0,432.0
2026-07-21 16:39:52.657,29.06,29.5,29.93,29.31,27.06,28.87,928.2,24.5,-40.0,0.0,0.0,0.0,0.0,1.0,432.0
2026-07-21 16:39:52.857,29.06,29.5,29.93,29.31,27.06,28.87,928.2,24.5,-40.0,0.0,0.0,0.0,0.0,1.0,432.0
2026-07-21 16:39:53.057,29.06,29.5,29.93,29.31,27.06,28.87,928.2,24.7,-40.0,0.0,0.0,0.0,0.0,1.0,433.0
2026-07-21 16:39:53.257,29.06,29.5,29.93,29.31,27.06,28.87,928.2,24.7,-40.0,0.0,0.0,0.0,0.0,1.0,433.0
2026-07-21 16:39:53.457,29.06,29.5,29.93,29.31,27.06,28.87,928.2,24.7,-40.0,0.0,0.0,0.0,0.0,1.0,433.0
2026-07-21 16:39:53.657,29.06,29.5,29.93,29.31,27.06,28.87,928.1,24.6,-40.0,0.0,0.0,0.0,0.0,1.0,433.0
2026-07-21 16:39:53.857,29.06,29.56,29.93,29.31,27.06,28.87,928.1,24.6,-40.0,0.0,0.0,0.0,0.0,1.0,433.0
2026-07-21 16:39:54.066,29.06,29.56,29.93,29.31,27.06,28.87,928.1,24.8,-40.0,0.0,0.0,0.0,0.0,1.0,434.0
2026-07-21 16:39:54.257,29.06,29.56,29.93,29.31,27.06,28.87,928.1,24.8,-40.0,0.0,0.0,0.0,0.0,1.0,434.0
2026-07-21 16:39:54.457,29.06,29.56,29.93,29.31,27.06,28.87,928.1,24.8,-40.0,0.0,0.0,0.0,0.0,1.0,434.0
2026-07-21 16:39:54.657,29.06,29.56,29.93,29.31,27.06,28.87,928.1,24.7,-40.0,0.0,0.0,0.0,0.0,1.0,434.0
2026-07-21 16:39:54.857,29.06,29.5,29.93,29.31,27.06,28.87,928.1,24.7,-40.0,0.0,0.0,0.0,0.0,1.0,434.0
2026-07-21 16:39:55.057,29.06,29.5,29.93,29.31,27.06,28.87,928.1,24.7,-40.0,0.0,0.0,0.0,0.0,1.0,435.0
2026-07-21 16:39:55.257,29.06,29.5,29.93,29.31,27.06,28.87,928.1,24.7,-40.0,0.0,0.0,0.0,0.0,1.0,435.0
2026-07-21 16:39:55.456,29.06,29.5,29.93,29.31,27.06,28.87,928.1,24.7,-40.0,0.0,0.0,0.0,0.0,1.0,435.0
2026-07-21 16:39:55.657,29.06,29.5,29.93,29.31,27.06,28.87,928.1,24.5,-40.0,0.0,0.0,0.0,0.0,1.0,435.0
2026-07-21 16:39:55.857,29.06,29.5,29.93,29.31,27.06,28.87,928.1,24.5,-40.0,0.0,0.0,0.0,0.0,1.0,435.0
2026-07-21 16:39:56.057,29.06,29.5,29.93,29.31,27.06,28.87,928.1,24.8,-40.0,0.0,0.0,0.0,0.0,1.0,436.0
2026-07-21 16:39:56.258,29.06,29.5,29.93,29.31,27.06,28.87,928.1,24.8,-40.0,0.0,0.0,0.0,0.0,1.0,436.0
2026-07-21 16:39:56.456,29.06,29.5,29.93,29.31,27.06,28.87,928.1,24.8,-40.0,0.0,0.0,0.0,0.0,1.0,436.0
2026-07-21 16:39:56.657,29.06,29.5,29.93,29.31,27.06,28.87,928.1,24.9,-40.0,0.0,0.0,0.0,0.0,1.0,436.0
2026-07-21 16:39:56.857,29.12,29.5,29.93,29.31,27.06,28.87,928.1,24.9,-40.0,0.0,0.0,0.0,0.0,1.0,436.0
2026-07-21 16:39:57.057,29.12,29.5,29.93,29.31,27.06,28.86,928.1,24.8,-40.0,0.0,0.0,0.0,0.0,1.0,437.0
2026-07-21 16:39:57.258,29.12,29.5,29.93,29.31,27.06,28.86,928.1,24.8,-40.0,0.0,0.0,0.0,0.0,1.0,437.0
2026-07-21 16:39:57.457,29.12,29.5,29.93,29.31,27.06,28.86,928.1,24.8,-40.0,0.0,0.0,0.0,0.0,1.0,437.0
2026-07-21 16:39:57.657,29.12,29.5,29.93,29.31,27.06,28.87,928.1,24.7,-40.0,0.0,0.0,0.0,0.0,1.0,437.0
2026-07-21 16:39:57.856,29.06,29.56,29.93,29.31,27.06,28.87,928.1,24.7,-40.0,0.0,0.0,0.0,0.0,1.0,437.0
2026-07-21 16:39:58.057,29.06,29.56,29.93,29.31,27.06,28.87,928.2,24.9,-40.0,0.0,0.0,0.0,0.0,1.0,438.0
2026-07-21 16:39:58.257,29.06,29.56,29.93,29.31,27.06,28.87,928.2,24.9,-40.0,0.0,0.0,0.0,0.0,1.0,438.0
2026-07-21 16:39:58.456,29.06,29.56,29.93,29.31,27.06,28.87,928.2,24.9,-40.0,0.0,0.0,0.0,0.0,1.0,438.0
2026-07-21 16:39:58.657,29.06,29.56,29.93,29.31,27.06,28.87,928.2,25.4,-40.0,0.0,0.0,0.0,0.0,1.0,438.0
2026-07-21 16:39:58.857,29.06,29.56,29.93,29.31,27.06,28.87,928.2,25.4,-40.0,0.0,0.0,0.0,0.0,1.0,438.0
2026-07-21 16:39:59.057,29.06,29.56,29.93,29.31,27.06,28.87,928.2,25.3,-40.0,0.0,0.0,0.0,0.0,1.0,439.0
2026-07-21 16:39:59.257,29.06,29.56,29.93,29.31,27.06,28.87,928.2,25.3,-40.0,0.0,0.0,0.0,0.0,1.0,439.0
2026-07-21 16:39:59.457,29.06,29.56,29.93,29.31,27.06,28.87,928.2,25.3,-40.0,0.0,0.0,0.0,0.0,1.0,439.0
2026-07-21 16:39:59.657,29.06,29.56,29.93,29.31,27.06,28.87,928.1,25.7,-40.0,0.0,0.0,0.0,0.0,1.0,439.0
2026-07-21 16:39:59.857,29.06,29.56,29.93,29.31,27.06,28.87,928.1,25.7,-40.0,0.0,0.0,0.0,0.0,1.0,439.0
2026-07-21 16:40:00.058,29.06,29.56,29.93,29.31,27.06,28.87,928.1,25.5,-40.0,0.0,0.0,0.0,0.0,1.0,440.0
2026-07-21 16:40:00.257,29.06,29.56,29.93,29.31,27.06,28.87,928.1,25.5,-40.0,0.0,0.0,0.0,0.0,1.0,440.0
2026-07-21 16:40:00.457,29.06,29.56,29.93,29.31,27.06,28.87,928.1,25.5,-40.0,0.0,0.0,0.0,0.0,1.0,440.0
2026-07-21 16:40:00.658,29.06,29.56,29.93,29.31,27.06,28.87,928.1,25.8,-40.0,0.0,0.0,0.0,0.0,1.0,440.0
2026-07-21 16:40:00.856,29.06,29.5,29.93,29.31,27.12,28.87,928.1,25.8,-40.0,0.0,0.0,0.0,0.0,1.0,440.0
2026-07-21 16:40:01.058,29.06,29.5,29.93,29.31,27.12,28.87,928.1,25.4,-40.0,0.0,0.0,0.0,0.0,1.0,441.0
2026-07-21 16:40:01.257,29.06,29.5,29.93,29.31,27.12,28.87,928.1,25.4,-40.0,0.0,0.0,0.0,0.0,1.0,441.0
2026-07-21 16:40:01.457,29.06,29.5,29.93,29.31,27.12,28.87,928.1,25.4,-40.0,0.0,0.0,0.0,0.0,1.0,441.0
2026-07-21 16:40:01.658,29.06,29.5,29.93,29.31,27.12,28.87,928.1,25.4,-40.0,0.0,0.0,0.0,0.0,1.0,441.0
2026-07-21 16:40:01.858,29.06,29.56,29.93,29.31,27.06,28.87,928.1,25.4,-40.0,0.0,0.0,0.0,0.0,1.0,441.0
2026-07-21 16:40:02.057,29.06,29.56,29.93,29.31,27.06,28.87,928.1,25.4,-40.0,0.0,0.0,0.0,0.0,1.0,442.0
2026-07-21 16:40:02.257,29.06,29.56,29.93,29.31,27.06,28.87,928.1,25.4,-40.0,0.0,0.0,0.0,0.0,1.0,442.0
2026-07-21 16:40:02.457,29.06,29.56,29.93,29.31,27.06,28.87,928.1,25.4,-40.0,0.0,0.0,0.0,0.0,1.0,442.0
2026-07-21 16:40:02.657,29.06,29.56,29.93,29.31,27.06,28.87,928.1,25.3,-40.0,0.0,0.0,0.0,0.0,1.0,442.0
2026-07-21 16:40:02.858,29.06,29.5,29.93,29.31,27.06,28.87,928.1,25.3,-40.0,0.0,0.0,0.0,0.0,1.0,442.0
2026-07-21 16:40:03.058,29.06,29.5,29.93,29.31,27.06,28.86,928.1,25.6,-40.0,0.0,0.0,0.0,0.0,1.0,443.0
2026-07-21 16:40:03.257,29.06,29.5,29.93,29.31,27.06,28.86,928.1,25.6,-40.0,0.0,0.0,0.0,0.0,1.0,443.0
2026-07-21 16:40:03.457,29.06,29.5,29.93,29.31,27.06,28.86,928.1,25.6,-40.0,0.0,0.0,0.0,0.0,1.0,443.0
2026-07-21 16:40:03.657,29.06,29.5,29.93,29.31,27.06,28.87,928.2,25.5,-40.0,0.0,0.0,0.0,0.0,1.0,443.0
2026-07-21 16:40:03.857,29.06,29.56,30.0,29.31,27.06,28.87,928.2,25.5,-40.0,0.0,0.0,0.0,0.0,1.0,443.0
2026-07-21 16:40:04.056,29.06,29.56,30.0,29.31,27.06,28.87,928.1,25.3,-40.0,0.0,0.0,0.0,0.0,1.0,444.0
2026-07-21 16:40:04.257,29.06,29.56,30.0,29.31,27.06,28.87,928.1,25.3,-40.0,0.0,0.0,0.0,0.0,1.0,444.0
2026-07-21 16:40:04.457,29.06,29.56,30.0,29.31,27.06,28.87,928.1,25.3,-40.0,0.0,0.0,0.0,0.0,1.0,444.0
2026-07-21 16:40:04.657,29.06,29.56,30.0,29.31,27.06,28.86,928.1,25.3,-40.0,0.0,0.0,0.0,0.0,1.0,444.0
2026-07-21 16:40:04.857,29.06,29.5,29.93,29.31,27.12,28.86,928.1,25.3,-40.0,0.0,0.0,0.0,0.0,1.0,444.0
2026-07-21 16:40:05.058,29.06,29.5,29.93,29.31,27.12,28.87,928.2,25.2,-40.0,0.0,0.0,0.0,0.0,1.0,445.0
2026-07-21 16:40:05.257,29.06,29.5,29.93,29.31,27.12,28.87,928.2,25.2,-40.0,0.0,0.0,0.0,0.0,1.0,445.0
2026-07-21 16:40:05.457,29.06,29.5,29.93,29.31,27.12,28.87,928.2,25.2,-40.0,0.0,0.0,0.0,0.0,1.0,445.0
2026-07-21 16:40:05.656,29.06,29.5,29.93,29.31,27.12,28.86,928.2,25.2,-40.0,0.0,0.0,0.0,0.0,1.0,445.0
2026-07-21 16:40:05.857,29.06,29.5,30.0,29.31,27.06,28.86,928.2,25.2,-40.0,0.0,0.0,0.0,0.0,1.0,445.0
2026-07-21 16:40:06.057,29.06,29.5,30.0,29.31,27.06,28.86,928.2,24.9,-40.0,0.0,0.0,0.0,0.0,1.0,446.0
2026-07-21 16:40:06.257,29.06,29.5,30.0,29.31,27.06,28.86,928.2,24.9,-40.0,0.0,0.0,0.0,0.0,1.0,446.0
2026-07-21 16:40:06.457,29.06,29.5,30.0,29.31,27.06,28.86,928.2,24.9,-40.0,0.0,0.0,0.0,0.0,1.0,446.0
2026-07-21 16:40:06.657,29.06,29.5,30.0,29.31,27.06,28.86,928.1,24.7,-40.0,0.0,0.0,0.0,0.0,1.0,446.0
2026-07-21 16:40:06.857,29.06,29.5,30.0,29.31,27.06,28.86,928.1,24.7,-40.0,0.0,0.0,0.0,0.0,1.0,446.0
2026-07-21 16:40:07.057,29.06,29.5,30.0,29.31,27.06,28.86,928.1,25.2,-40.0,0.0,0.0,0.0,0.0,1.0,447.0
2026-07-21 16:40:07.257,29.06,29.5,30.0,29.31,27.06,28.86,928.1,25.2,-40.0,0.0,0.0,0.0,0.0,1.0,447.0
2026-07-21 16:40:07.457,29.06,29.5,30.0,29.31,27.06,28.86,928.1,25.2,-40.0,0.0,0.0,0.0,0.0,1.0,447.0
2026-07-21 16:40:07.657,29.06,29.5,30.0,29.31,27.06,28.86,928.1,25.2,-40.0,0.0,0.0,0.0,0.0,1.0,447.0
2026-07-21 16:40:07.857,29.06,29.5,29.93,29.31,27.12,28.86,928.1,25.2,-40.0,0.0,0.0,0.0,0.0,1.0,447.0
2026-07-21 16:40:08.058,29.06,29.5,29.93,29.31,27.12,28.87,928.2,24.6,-40.0,0.0,0.0,0.0,0.0,1.0,448.0
2026-07-21 16:40:08.257,29.06,29.5,29.93,29.31,27.12,28.87,928.2,24.6,-40.0,0.0,0.0,0.0,0.0,1.0,448.0
2026-07-21 16:40:08.457,29.06,29.5,29.93,29.31,27.12,28.87,928.2,24.6,-40.0,0.0,0.0,0.0,0.0,1.0,448.0
2026-07-21 16:40:08.657,29.06,29.5,29.93,29.31,27.12,28.86,928.2,24.9,-40.0,0.0,0.0,0.0,0.0,1.0,448.0
2026-07-21 16:40:08.857,29.06,29.5,29.93,29.31,27.12,28.86,928.2,24.9,-40.0,0.0,0.0,0.0,0.0,1.0,448.0
2026-07-21 16:40:09.058,29.06,29.5,29.93,29.31,27.12,28.87,928.1,25.0,-40.0,0.0,0.0,0.0,0.0,1.0,449.0
2026-07-21 16:40:09.257,29.06,29.5,29.93,29.31,27.12,28.87,928.1,25.0,-40.0,0.0,0.0,0.0,0.0,1.0,449.0
2026-07-21 16:40:09.458,29.06,29.5,29.93,29.31,27.12,28.87,928.1,25.0,-40.0,0.0,0.0,0.0,0.0,1.0,449.0
2026-07-21 16:40:09.656,29.06,29.5,29.93,29.31,27.12,28.86,928.1,25.1,-40.0,0.0,0.0,0.0,0.0,1.0,449.0
2026-07-21 16:40:09.856,29.06,29.5,29.93,29.31,27.12,28.86,928.1,25.1,-40.0,0.0,0.0,0.0,0.0,1.0,449.0
2026-07-21 16:40:10.058,29.06,29.5,29.93,29.31,27.12,28.86,928.1,25.0,-40.0,0.0,0.0,0.0,0.0,1.0,450.0
2026-07-21 16:40:10.257,29.06,29.5,29.93,29.31,27.12,28.86,928.1,25.0,-40.0,0.0,0.0,0.0,0.0,1.0,450.0
2026-07-21 16:40:10.477,29.06,29.5,29.93,29.31,27.12,28.86,928.1,25.0,-40.0,0.0,0.0,0.0,0.0,1.0,450.0
2026-07-21 16:40:10.657,29.06,29.5,29.93,29.31,27.12,28.87,928.2,25.0,-40.0,0.0,0.0,0.0,0.0,1.0,450.0
2026-07-21 16:40:10.856,29.0,29.56,30.0,29.31,27.12,28.87,928.2,25.0,-40.0,0.0,0.0,0.0,0.0,1.0,450.0
2026-07-21 16:40:11.057,29.0,29.56,30.0,29.31,27.12,28.87,928.1,25.3,-40.0,0.0,0.0,0.0,0.0,1.0,451.0
2026-07-21 16:40:11.256,29.0,29.56,30.0,29.31,27.12,28.87,928.1,25.3,-40.0,0.0,0.0,0.0,0.0,1.0,451.0
2026-07-21 16:40:11.457,29.0,29.56,30.0,29.31,27.12,28.87,928.1,25.3,-40.0,0.0,0.0,0.0,0.0,1.0,451.0
2026-07-21 16:40:11.656,29.0,29.56,30.0,29.31,27.12,28.87,928.2,24.6,-40.0,0.0,0.0,0.0,0.0,1.0,451.0
2026-07-21 16:40:11.857,29.0,29.56,29.93,29.37,27.06,28.87,928.2,24.6,-40.0,0.0,0.0,0.0,0.0,1.0,451.0
2026-07-21 16:40:12.057,29.0,29.56,29.93,29.37,27.06,28.87,928.1,24.6,-40.0,0.0,0.0,0.0,0.0,1.0,452.0
2026-07-21 16:40:12.256,29.0,29.56,29.93,29.37,27.06,28.87,928.1,24.6,-40.0,0.0,0.0,0.0,0.0,1.0,452.0
2026-07-21 16:40:12.457,29.0,29.56,29.93,29.37,27.06,28.87,928.1,24.6,-40.0,0.0,0.0,0.0,0.0,1.0,452.0
2026-07-21 16:40:12.657,29.0,29.56,29.93,29.37,27.06,28.87,928.1,24.8,-40.0,0.0,0.0,0.0,0.0,1.0,452.0
2026-07-21 16:40:12.856,29.06,29.5,29.93,29.37,27.06,28.87,928.1,24.8,-40.0,0.0,0.0,0.0,0.0,1.0,452.0
2026-07-21 16:40:13.057,29.06,29.5,29.93,29.37,27.06,28.86,928.1,24.9,-40.0,0.0,0.0,0.0,0.0,1.0,453.0
2026-07-21 16:40:13.256,29.06,29.5,29.93,29.37,27.06,28.86,928.1,24.9,-40.0,0.0,0.0,0.0,0.0,1.0,453.0
2026-07-21 16:40:13.456,29.06,29.5,29.93,29.37,27.06,28.86,928.1,24.9,-40.0,0.0,0.0,0.0,0.0,1.0,453.0
2026-07-21 16:40:13.657,29.06,29.5,29.93,29.37,27.06,28.86,928.1,24.4,-40.0,0.0,0.0,0.0,0.0,1.0,453.0
2026-07-21 16:40:13.857,29.0,29.5,29.93,29.31,27.12,28.86,928.1,24.4,-40.0,0.0,0.0,0.0,0.0,1.0,453.0
2026-07-21 16:40:14.057,29.0,29.5,29.93,29.31,27.12,28.87,928.2,24.6,-40.0,0.0,0.0,0.0,0.0,1.0,454.0
2026-07-21 16:40:14.256,29.0,29.5,29.93,29.31,27.12,28.87,928.2,24.6,-40.0,0.0,0.0,0.0,0.0,1.0,454.0
2026-07-21 16:40:14.456,29.0,29.5,29.93,29.31,27.12,28.87,928.2,24.6,-40.0,0.0,0.0,0.0,0.0,1.0,454.0
2026-07-21 16:40:14.656,29.0,29.5,29.93,29.31,27.12,28.86,928.0,24.9,-40.0,0.0,0.0,0.0,0.0,1.0,454.0
2026-07-21 16:40:14.856,29.0,29.5,29.93,29.31,27.12,28.86,928.0,24.9,-40.0,0.0,0.0,0.0,0.0,1.0,454.0
2026-07-21 16:40:15.057,29.0,29.5,29.93,29.31,27.12,28.87,928.1,24.6,-40.0,0.0,0.0,0.0,0.0,1.0,455.0
2026-07-21 16:40:15.256,29.0,29.5,29.93,29.31,27.12,28.87,928.1,24.6,-40.0,0.0,0.0,0.0,0.0,1.0,455.0
2026-07-21 16:40:15.456,29.0,29.5,29.93,29.31,27.12,28.87,928.1,24.6,-40.0,0.0,0.0,0.0,0.0,1.0,455.0
2026-07-21 16:40:15.657,29.0,29.5,29.93,29.31,27.12,28.86,928.1,25.0,-40.0,0.0,0.0,0.0,0.0,1.0,455.0
2026-07-21 16:40:15.856,29.0,29.5,29.93,29.37,27.12,28.86,928.1,25.0,-40.0,0.0,0.0,0.0,0.0,1.0,455.0
2026-07-21 16:40:16.056,29.0,29.5,29.93,29.37,27.12,28.85,928.1,24.9,-40.0,0.0,0.0,0.0,0.0,1.0,456.0
2026-07-21 16:40:16.257,29.0,29.5,29.93,29.37,27.12,28.85,928.1,24.9,-40.0,0.0,0.0,0.0,0.0,1.0,456.0
2026-07-21 16:40:16.456,29.0,29.5,29.93,29.37,27.12,28.85,928.1,24.9,-40.0,0.0,0.0,0.0,0.0,1.0,456.0
2026-07-21 16:40:16.656,29.0,29.5,29.93,29.37,27.12,28.87,928.1,24.5,-40.0,0.0,0.0,0.0,0.0,1.0,456.0
2026-07-21 16:40:16.856,29.0,29.5,29.93,29.31,27.12,28.87,928.1,24.5,-40.0,0.0,0.0,0.0,0.0,1.0,456.0
2026-07-21 16:40:17.057,29.0,29.5,29.93,29.31,27.12,28.85,928.1,24.5,-40.0,0.0,0.0,0.0,0.0,1.0,457.0
2026-07-21 16:40:17.256,29.0,29.5,29.93,29.31,27.12,28.85,928.1,24.5,-40.0,0.0,0.0,0.0,0.0,1.0,457.0
2026-07-21 16:40:17.456,29.0,29.5,29.93,29.31,27.12,28.85,928.1,24.5,-40.0,0.0,0.0,0.0,0.0,1.0,457.0
2026-07-21 16:40:17.656,29.0,29.5,29.93,29.31,27.12,28.86,928.1,24.5,-40.0,0.0,0.0,0.0,0.0,1.0,457.0
2026-07-21 16:40:17.856,29.0,29.5,29.93,29.31,27.12,28.86,928.1,24.5,-40.0,0.0,0.0,0.0,0.0,1.0,457.0
2026-07-21 16:40:18.057,29.0,29.5,29.93,29.31,27.12,28.87,928.1,24.4,-40.0,0.0,0.0,0.0,0.0,1.0,458.0
2026-07-21 16:40:18.257,29.0,29.5,29.93,29.31,27.12,28.87,928.1,24.4,-40.0,0.0,0.0,0.0,0.0,1.0,458.0
2026-07-21 16:40:18.456,29.0,29.5,29.93,29.31,27.12,28.87,928.1,24.4,-40.0,0.0,0.0,0.0,0.0,1.0,458.0
2026-07-21 16:40:18.656,29.0,29.5,29.93,29.31,27.12,28.87,928.1,24.9,-40.0,0.0,0.0,0.0,0.0,1.0,458.0
2026-07-21 16:40:18.857,29.0,29.5,30.0,29.31,27.12,28.87,928.1,24.9,-40.0,0.0,0.0,0.0,0.0,1.0,458.0
2026-07-21 16:40:19.057,29.0,29.5,30.0,29.31,27.12,28.86,928.1,24.3,-40.0,0.0,0.0,0.0,0.0,1.0,459.0
2026-07-21 16:40:19.256,29.0,29.5,30.0,29.31,27.12,28.86,928.1,24.3,-40.0,0.0,0.0,0.0,0.0,1.0,459.0
2026-07-21 16:40:19.457,29.0,29.5,30.0,29.31,27.12,28.86,928.1,24.3,-40.0,0.0,0.0,0.0,0.0,1.0,459.0
2026-07-21 16:40:19.656,29.0,29.5,30.0,29.31,27.12,28.86,928.0,24.5,-40.0,0.0,0.0,0.0,0.0,1.0,459.0
2026-07-21 16:40:19.857,29.0,29.56,29.93,29.31,27.12,28.86,928.0,24.5,-40.0,0.0,0.0,0.0,0.0,1.0,459.0
2026-07-21 16:40:20.057,29.0,29.56,29.93,29.31,27.12,28.86,928.1,24.5,-40.0,0.0,0.0,0.0,0.0,1.0,460.0
2026-07-21 16:40:20.257,29.0,29.56,29.93,29.31,27.12,28.86,928.1,24.5,-40.0,0.0,0.0,0.0,0.0,1.0,460.0
2026-07-21 16:40:20.467,29.0,29.56,29.93,29.31,27.12,28.86,928.1,24.5,-40.0,0.0,0.0,0.0,0.0,1.0,460.0
2026-07-21 16:40:20.657,29.0,29.56,29.93,29.31,27.12,28.85,928.1,24.6,-40.0,0.0,0.0,0.0,0.0,1.0,460.0
2026-07-21 16:40:20.857,29.0,29.5,30.0,29.37,27.12,28.85,928.1,24.6,-40.0,0.0,0.0,0.0,0.0,1.0,460.0
2026-07-21 16:40:21.057,29.0,29.5,30.0,29.37,27.12,28.87,928.1,24.7,-40.0,0.0,0.0,0.0,0.0,1.0,461.0
2026-07-21 16:40:21.257,29.0,29.5,30.0,29.37,27.12,28.87,928.1,24.7,-40.0,0.0,0.0,0.0,0.0,1.0,461.0
2026-07-21 16:40:21.456,29.0,29.5,30.0,29.37,27.12,28.87,928.1,24.7,-40.0,0.0,0.0,0.0,0.0,1.0,461.0
2026-07-21 16:40:21.657,29.0,29.5,30.0,29.37,27.12,28.86,928.1,24.8,-40.0,0.0,0.0,0.0,0.0,1.0,461.0
2026-07-21 16:40:21.856,29.0,29.5,29.93,29.37,27.12,28.86,928.1,24.8,-40.0,0.0,0.0,0.0,0.0,1.0,461.0
2026-07-21 16:40:22.057,29.0,29.5,29.93,29.37,27.12,28.86,928.1,24.8,-40.0,0.0,0.0,0.0,0.0,1.0,462.0
2026-07-21 16:40:22.257,29.0,29.5,29.93,29.37,27.12,28.86,928.1,24.8,-40.0,0.0,0.0,0.0,0.0,1.0,462.0
2026-07-21 16:40:22.456,29.0,29.5,29.93,29.37,27.12,28.86,928.1,24.8,-40.0,0.0,0.0,0.0,0.0,1.0,462.0
2026-07-21 16:40:22.657,29.0,29.5,29.93,29.37,27.12,28.86,928.1,24.3,-40.0,0.0,0.0,0.0,0.0,1.0,462.0
2026-07-21 16:40:22.856,29.0,29.5,30.0,29.37,27.12,28.86,928.1,24.3,-40.0,0.0,0.0,0.0,0.0,1.0,462.0
2026-07-21 16:40:23.057,29.0,29.5,30.0,29.37,27.12,28.86,928.1,25.0,-40.0,0.0,0.0,0.0,0.0,1.0,463.0
2026-07-21 16:40:23.257,29.0,29.5,30.0,29.37,27.12,28.86,928.1,25.0,-40.0,0.0,0.0,0.0,0.0,1.0,463.0
2026-07-21 16:40:23.457,29.0,29.5,30.0,29.37,27.12,28.86,928.1,25.0,-40.0,0.0,0.0,0.0,0.0,1.0,463.0
2026-07-21 16:40:23.656,29.0,29.5,30.0,29.37,27.12,28.86,928.1,24.2,-40.0,0.0,0.0,0.0,0.0,1.0,463.0
2026-07-21 16:40:23.857,28.93,29.5,29.93,29.31,27.12,28.86,928.1,24.2,-40.0,0.0,0.0,0.0,0.0,1.0,463.0
2026-07-21 16:40:24.056,28.93,29.5,29.93,29.31,27.12,28.86,928.1,24.2,-40.0,0.0,0.0,0.0,0.0,1.0,464.0
2026-07-21 16:40:24.257,28.93,29.5,29.93,29.31,27.12,28.86,928.1,24.2,-40.0,0.0,0.0,0.0,0.0,1.0,464.0
2026-07-21 16:40:24.456,28.93,29.5,29.93,29.31,27.12,28.86,928.1,24.2,-40.0,0.0,0.0,0.0,0.0,1.0,464.0
2026-07-21 16:40:24.656,28.93,29.5,29.93,29.31,27.12,28.85,928.1,24.4,-40.0,0.0,0.0,0.0,0.0,1.0,464.0
2026-07-21 16:40:24.856,29.0,29.5,29.93,29.31,27.12,28.85,928.1,24.4,-40.0,0.0,0.0,0.0,0.0,1.0,464.0
2026-07-21 16:40:25.056,29.0,29.5,29.93,29.31,27.12,28.86,928.1,24.4,-40.0,0.0,0.0,0.0,0.0,1.0,465.0
2026-07-21 16:40:25.257,29.0,29.5,29.93,29.31,27.12,28.86,928.1,24.4,-40.0,0.0,0.0,0.0,0.0,1.0,465.0
2026-07-21 16:40:25.457,29.0,29.5,29.93,29.31,27.12,28.86,928.1,24.4,-40.0,0.0,0.0,0.0,0.0,1.0,465.0
2026-07-21 16:40:25.683,29.0,29.5,29.93,29.31,27.12,28.86,928.1,24.9,-40.0,0.0,0.0,0.0,0.0,1.0,465.0
2026-07-21 16:40:25.856,29.0,29.5,29.93,29.31,27.12,28.86,928.1,24.9,-40.0,0.0,0.0,0.0,0.0,1.0,465.0
2026-07-21 16:40:26.057,29.0,29.5,29.93,29.31,27.12,28.86,928.1,24.2,-40.0,0.0,0.0,0.0,0.0,1.0,466.0
2026-07-21 16:40:26.256,29.0,29.5,29.93,29.31,27.12,28.86,928.1,24.2,-40.0,0.0,0.0,0.0,0.0,1.0,466.0
2026-07-21 16:40:26.456,29.0,29.5,29.93,29.31,27.12,28.86,928.1,24.2,-40.0,0.0,0.0,0.0,0.0,1.0,466.0
2026-07-21 16:40:26.657,29.0,29.5,29.93,29.31,27.12,28.86,928.1,24.6,-40.0,0.0,0.0,0.0,0.0,1.0,466.0
2026-07-21 16:40:26.856,29.0,29.56,29.93,29.31,27.12,28.86,928.1,24.6,-40.0,0.0,0.0,0.0,0.0,1.0,466.0
2026-07-21 16:40:27.056,29.0,29.56,29.93,29.31,27.12,28.85,928.1,24.4,-40.0,0.0,0.0,0.0,0.0,1.0,467.0
2026-07-21 16:40:27.256,29.0,29.56,29.93,29.31,27.12,28.85,928.1,24.4,-40.0,0.0,0.0,0.0,0.0,1.0,467.0
2026-07-21 16:40:27.457,29.0,29.56,29.93,29.31,27.12,28.85,928.1,24.4,-40.0,0.0,0.0,0.0,0.0,1.0,467.0
2026-07-21 16:40:27.657,29.0,29.56,29.93,29.31,27.12,28.86,928.1,24.4,-40.0,0.0,0.0,0.0,0.0,1.0,467.0
2026-07-21 16:40:27.856,29.0,29.56,29.93,29.31,27.12,28.86,928.1,24.4,-40.0,0.0,0.0,0.0,0.0,1.0,467.0
2026-07-21 16:40:28.057,29.0,29.56,29.93,29.31,27.12,28.85,928.2,24.7,-40.0,0.0,0.0,0.0,0.0,1.0,468.0
2026-07-21 16:40:28.257,29.0,29.56,29.93,29.31,27.12,28.85,928.2,24.7,-40.0,0.0,0.0,0.0,0.0,1.0,468.0
2026-07-21 16:40:28.456,29.0,29.56,29.93,29.31,27.12,28.85,928.2,24.7,-40.0,0.0,0.0,0.0,0.0,1.0,468.0
2026-07-21 16:40:28.656,29.0,29.56,29.93,29.31,27.12,28.86,928.2,24.6,-40.0,0.0,0.0,0.0,0.0,1.0,468.0
2026-07-21 16:40:28.857,29.0,29.56,30.0,29.31,27.12,28.86,928.2,24.6,-40.0,0.0,0.0,0.0,0.0,1.0,468.0
2026-07-21 16:40:29.056,29.0,29.56,30.0,29.31,27.12,28.86,928.1,24.8,-40.0,0.0,0.0,0.0,0.0,1.0,469.0
2026-07-21 16:40:29.256,29.0,29.56,30.0,29.31,27.12,28.86,928.1,24.8,-40.0,0.0,0.0,0.0,0.0,1.0,469.0
2026-07-21 16:40:29.456,29.0,29.56,30.0,29.31,27.12,28.86,928.1,24.8,-40.0,0.0,0.0,0.0,0.0,1.0,469.0
2026-07-21 16:40:29.657,29.0,29.56,30.0,29.31,27.12,28.85,928.1,24.8,-40.0,0.0,0.0,0.0,0.0,1.0,469.0
2026-07-21 16:40:29.856,28.93,29.56,29.93,29.37,27.12,28.85,928.1,24.8,-40.0,0.0,0.0,0.0,0.0,1.0,469.0
2026-07-21 16:40:30.057,28.93,29.56,29.93,29.37,27.12,28.86,928.1,24.5,-40.0,0.0,0.0,0.0,0.0,1.0,470.0
2026-07-21 16:40:30.257,28.93,29.56,29.93,29.37,27.12,28.86,928.1,24.5,-40.0,0.0,0.0,0.0,0.0,1.0,470.0
2026-07-21 16:40:30.482,28.93,29.56,29.93,29.37,27.12,28.86,928.1,24.5,-40.0,0.0,0.0,0.0,0.0,1.0,470.0
2026-07-21 16:40:30.657,28.93,29.56,29.93,29.37,27.12,28.86,928.1,24.6,-40.0,0.0,0.0,0.0,0.0,1.0,470.0
2026-07-21 16:40:30.856,29.0,29.5,29.93,29.31,27.12,28.86,928.1,24.6,-40.0,0.0,0.0,0.0,0.0,1.0,470.0
2026-07-21 16:40:31.057,29.0,29.5,29.93,29.31,27.12,28.85,928.1,24.9,-40.0,0.0,0.0,0.0,0.0,1.0,471.0
2026-07-21 16:40:31.257,29.0,29.5,29.93,29.31,27.12,28.85,928.1,24.9,-40.0,0.0,0.0,0.0,0.0,1.0,471.0
2026-07-21 16:40:31.456,29.0,29.5,29.93,29.31,27.12,28.85,928.1,24.9,-40.0,0.0,0.0,0.0,0.0,1.0,471.0
2026-07-21 16:40:31.657,29.0,29.5,29.93,29.31,27.12,28.86,928.1,24.7,-40.0,0.0,0.0,0.0,0.0,1.0,471.0
2026-07-21 16:40:31.857,29.0,29.5,29.93,29.37,27.12,28.86,928.1,24.7,-40.0,0.0,0.0,0.0,0.0,1.0,471.0
2026-07-21 16:40:32.056,29.0,29.5,29.93,29.37,27.12,28.86,928.1,24.7,-40.0,0.0,0.0,0.0,0.0,1.0,472.0
2026-07-21 16:40:32.256,29.0,29.5,29.93,29.37,27.12,28.86,928.1,24.7,-40.0,0.0,0.0,0.0,0.0,1.0,472.0
2026-07-21 16:40:32.456,29.0,29.5,29.93,29.37,27.12,28.86,928.1,24.7,-40.0,0.0,0.0,0.0,0.0,1.0,472.0
2026-07-21 16:40:32.656,29.0,29.5,29.93,29.37,27.12,28.86,928.1,24.3,-40.0,0.0,0.0,0.0,0.0,1.0,472.0
2026-07-21 16:40:32.856,29.0,29.56,29.93,29.37,27.18,28.86,928.1,24.3,-40.0,0.0,0.0,0.0,0.0,1.0,472.0
2026-07-21 16:40:33.062,29.0,29.56,29.93,29.37,27.18,28.86,928.2,24.3,-40.0,0.0,0.0,0.0,0.0,1.0,473.0
2026-07-21 16:40:33.257,29.0,29.56,29.93,29.37,27.18,28.86,928.2,24.3,-40.0,0.0,0.0,0.0,0.0,1.0,473.0
2026-07-21 16:40:33.456,29.0,29.56,29.93,29.37,27.18,28.86,928.2,24.3,-40.0,0.0,0.0,0.0,0.0,1.0,473.0
2026-07-21 16:40:33.656,29.0,29.56,29.93,29.37,27.18,28.85,928.1,24.7,-40.0,0.0,0.0,0.0,0.0,1.0,473.0
2026-07-21 16:40:33.856,29.0,29.56,29.93,29.31,27.12,28.85,928.1,24.7,-40.0,0.0,0.0,0.0,0.0,1.0,473.0
2026-07-21 16:40:34.057,29.0,29.56,29.93,29.31,27.12,28.85,928.1,24.7,-40.0,0.0,0.0,0.0,0.0,1.0,474.0
2026-07-21 16:40:34.257,29.0,29.56,29.93,29.31,27.12,28.85,928.1,24.7,-40.0,0.0,0.0,0.0,0.0,1.0,474.0
2026-07-21 16:40:34.456,29.0,29.56,29.93,29.31,27.12,28.85,928.1,24.7,-40.0,0.0,0.0,0.0,0.0,1.0,474.0
2026-07-21 16:40:34.656,29.0,29.56,29.93,29.31,27.12,28.85,928.2,24.7,-40.0,0.0,0.0,0.0,0.0,1.0,474.0
2026-07-21 16:40:34.856,29.0,29.56,29.93,29.31,27.18,28.85,928.2,24.7,-40.0,0.0,0.0,0.0,0.0,1.0,474.0
2026-07-21 16:40:35.057,29.0,29.56,29.93,29.31,27.18,28.85,928.2,24.4,-40.0,0.0,0.0,0.0,0.0,1.0,475.0
2026-07-21 16:40:35.256,29.0,29.56,29.93,29.31,27.18,28.85,928.2,24.4,-40.0,0.0,0.0,0.0,0.0,1.0,475.0
2026-07-21 16:40:35.457,29.0,29.56,29.93,29.31,27.18,28.85,928.2,24.4,-40.0,0.0,0.0,0.0,0.0,1.0,475.0
2026-07-21 16:40:35.657,29.0,29.56,29.93,29.31,27.18,28.86,928.1,24.7,-40.0,0.0,0.0,0.0,0.0,1.0,475.0
2026-07-21 16:40:35.857,29.0,29.56,29.93,29.31,27.18,28.86,928.1,24.7,-40.0,0.0,0.0,0.0,0.0,1.0,475.0
2026-07-21 16:40:36.056,29.0,29.56,29.93,29.31,27.18,28.86,928.1,24.2,-40.0,0.0,0.0,0.0,0.0,1.0,476.0
2026-07-21 16:40:36.257,29.0,29.56,29.93,29.31,27.18,28.86,928.1,24.2,-40.0,0.0,0.0,0.0,0.0,1.0,476.0
2026-07-21 16:40:36.456,29.0,29.56,29.93,29.31,27.18,28.86,928.1,24.2,-40.0,0.0,0.0,0.0,0.0,1.0,476.0
2026-07-21 16:40:36.662,29.0,29.56,29.93,29.31,27.18,28.86,928.1,24.5,-40.0,0.0,0.0,0.0,0.0,1.0,476.0
2026-07-21 16:40:36.856,29.0,29.56,29.93,29.37,27.12,28.86,928.1,24.5,-40.0,0.0,0.0,0.0,0.0,1.0,476.0
2026-07-21 16:40:37.056,29.0,29.56,29.93,29.37,27.12,28.86,928.1,24.8,-40.0,0.0,0.0,0.0,0.0,1.0,477.0
2026-07-21 16:40:37.256,29.0,29.56,29.93,29.37,27.12,28.86,928.1,24.8,-40.0,0.0,0.0,0.0,0.0,1.0,477.0
2026-07-21 16:40:37.456,29.0,29.56,29.93,29.37,27.12,28.86,928.1,24.8,-40.0,0.0,0.0,0.0,0.0,1.0,477.0
2026-07-21 16:40:37.657,29.0,29.56,29.93,29.37,27.12,28.85,928.2,24.6,-40.0,0.0,0.0,0.0,0.0,1.0,477.0
2026-07-21 16:40:37.856,28.93,29.56,29.93,29.31,27.18,28.85,928.2,24.6,-40.0,0.0,0.0,0.0,0.0,1.0,477.0
2026-07-21 16:40:38.056,28.93,29.56,29.93,29.31,27.18,28.85,928.1,24.6,-40.0,0.0,0.0,0.0,0.0,1.0,478.0
2026-07-21 16:40:38.256,28.93,29.56,29.93,29.31,27.18,28.85,928.1,24.6,-40.0,0.0,0.0,0.0,0.0,1.0,478.0
2026-07-21 16:40:38.456,28.93,29.56,29.93,29.31,27.18,28.85,928.1,24.6,-40.0,0.0,0.0,0.0,0.0,1.0,478.0
2026-07-21 16:40:38.656,28.93,29.56,29.93,29.31,27.18,28.86,928.2,24.7,-40.0,0.0,0.0,0.0,0.0,1.0,478.0
2026-07-21 16:40:38.857,29.0,29.56,29.93,29.31,27.18,28.86,928.2,24.7,-40.0,0.0,0.0,0.0,0.0,1.0,478.0
2026-07-21 16:40:39.057,29.0,29.56,29.93,29.31,27.18,28.85,928.1,24.7,-40.0,0.0,0.0,0.0,0.0,1.0,479.0
2026-07-21 16:40:39.256,29.0,29.56,29.93,29.31,27.18,28.85,928.1,24.7,-40.0,0.0,0.0,0.0,0.0,1.0,479.0
2026-07-21 16:40:39.456,29.0,29.56,29.93,29.31,27.18,28.85,928.1,24.7,-40.0,0.0,0.0,0.0,0.0,1.0,479.0
2026-07-21 16:40:39.656,29.0,29.56,29.93,29.31,27.18,28.86,928.2,24.7,-40.0,0.0,0.0,0.0,0.0,1.0,479.0
2026-07-21 16:40:39.856,29.0,29.56,29.93,29.31,27.18,28.86,928.2,24.7,-40.0,0.0,0.0,0.0,0.0,1.0,479.0
2026-07-21 16:40:40.056,29.0,29.56,29.93,29.31,27.18,28.86,928.2,24.2,-40.0,0.0,0.0,0.0,0.0,1.0,480.0
2026-07-21 16:40:40.256,29.0,29.56,29.93,29.31,27.18,28.86,928.2,24.2,-40.0,0.0,0.0,0.0,0.0,1.0,480.0
2026-07-21 16:40:40.457,29.0,29.56,29.93,29.31,27.18,28.86,928.2,24.2,-40.0,0.0,0.0,0.0,0.0,1.0,480.0
2026-07-21 16:40:40.657,29.0,29.56,29.93,29.31,27.18,28.85,928.2,24.6,-40.0,0.0,0.0,0.0,0.0,1.0,480.0
2026-07-21 16:40:40.856,28.93,29.56,29.93,29.31,27.18,28.85,928.2,24.6,-40.0,0.0,0.0,0.0,0.0,1.0,480.0
2026-07-21 16:40:41.056,28.93,29.56,29.93,29.31,27.18,28.85,928.2,24.4,-40.0,0.0,0.0,0.0,0.0,1.0,481.0
2026-07-21 16:40:41.256,28.93,29.56,29.93,29.31,27.18,28.85,928.2,24.4,-40.0,0.0,0.0,0.0,0.0,1.0,481.0
2026-07-21 16:40:41.456,28.93,29.56,29.93,29.31,27.18,28.85,928.2,24.4,-40.0,0.0,0.0,0.0,0.0,1.0,481.0
2026-07-21 16:40:41.656,28.93,29.56,29.93,29.31,27.18,28.85,928.2,24.6,-40.0,0.0,0.0,0.0,0.0,1.0,481.0
2026-07-21 16:40:41.856,29.0,29.56,29.93,29.37,27.18,28.85,928.2,24.6,-40.0,0.0,0.0,0.0,0.0,1.0,481.0
2026-07-21 16:40:42.056,29.0,29.56,29.93,29.37,27.18,28.85,928.2,24.6,-40.0,0.0,0.0,0.0,0.0,1.0,482.0
2026-07-21 16:40:42.256,29.0,29.56,29.93,29.37,27.18,28.85,928.2,24.6,-40.0,0.0,0.0,0.0,0.0,1.0,482.0
2026-07-21 16:40:42.464,29.0,29.56,29.93,29.37,27.18,28.85,928.2,24.6,-40.0,0.0,0.0,0.0,0.0,1.0,482.0
2026-07-21 16:40:42.656,29.0,29.56,29.93,29.37,27.18,28.86,928.2,24.2,-40.0,0.0,0.0,0.0,0.0,1.0,482.0
2026-07-21 16:40:42.856,29.0,29.56,29.93,29.37,27.18,28.86,928.2,24.2,-40.0,0.0,0.0,0.0,0.0,1.0,482.0
2026-07-21 16:40:43.092,29.0,29.56,29.93,29.37,27.18,28.85,928.2,24.4,-40.0,0.0,0.0,0.0,0.0,1.0,483.0
2026-07-21 16:40:43.256,29.0,29.56,29.93,29.37,27.18,28.85,928.2,24.4,-40.0,0.0,0.0,0.0,0.0,1.0,483.0
2026-07-21 16:40:43.456,29.0,29.56,29.93,29.37,27.18,28.85,928.2,24.4,-40.0,0.0,0.0,0.0,0.0,1.0,483.0
2026-07-21 16:40:43.656,29.0,29.56,29.93,29.37,27.18,28.85,928.2,24.6,-40.0,0.0,0.0,0.0,0.0,1.0,483.0
2026-07-21 16:40:43.856,29.0,29.56,29.93,29.31,27.18,28.85,928.2,24.6,-40.0,0.0,0.0,0.0,0.0,1.0,483.0
2026-07-21 16:40:44.056,29.0,29.56,29.93,29.31,27.18,28.85,928.2,24.4,-40.0,0.0,0.0,0.0,0.0,1.0,484.0
2026-07-21 16:40:44.255,29.0,29.56,29.93,29.31,27.18,28.85,928.2,24.4,-40.0,0.0,0.0,0.0,0.0,1.0,484.0
2026-07-21 16:40:44.456,29.0,29.56,29.93,29.31,27.18,28.85,928.2,24.4,-40.0,0.0,0.0,0.0,0.0,1.0,484.0
2026-07-21 16:40:44.656,29.0,29.56,29.93,29.31,27.18,28.85,928.1,24.3,-40.0,0.0,0.0,0.0,0.0,1.0,484.0
2026-07-21 16:40:44.856,29.0,29.56,29.93,29.37,27.18,28.85,928.1,24.3,-40.0,0.0,0.0,0.0,0.0,1.0,484.0
2026-07-21 16:40:45.056,29.0,29.56,29.93,29.37,27.18,28.85,928.2,24.4,-40.0,0.0,0.0,0.0,0.0,1.0,485.0
2026-07-21 16:40:45.256,29.0,29.56,29.93,29.37,27.18,28.85,928.2,24.4,-40.0,0.0,0.0,0.0,0.0,1.0,485.0
2026-07-21 16:40:45.456,29.0,29.56,29.93,29.37,27.18,28.85,928.2,24.4,-40.0,0.0,0.0,0.0,0.0,1.0,485.0
2026-07-21 16:40:45.656,29.0,29.56,29.93,29.37,27.18,28.85,928.2,24.6,-40.0,0.0,0.0,0.0,0.0,1.0,485.0
2026-07-21 16:40:45.873,29.0,29.56,29.93,29.31,27.18,28.85,928.2,24.6,-40.0,0.0,0.0,0.0,0.0,1.0,485.0
2026-07-21 16:40:46.056,29.0,29.56,29.93,29.31,27.18,28.85,928.2,24.7,-40.0,0.0,0.0,0.0,0.0,1.0,486.0
2026-07-21 16:40:46.259,29.0,29.56,29.93,29.31,27.18,28.85,928.2,24.7,-40.0,0.0,0.0,0.0,0.0,1.0,486.0
2026-07-21 16:40:46.456,29.0,29.56,29.93,29.31,27.18,28.85,928.2,24.7,-40.0,0.0,0.0,0.0,0.0,1.0,486.0
2026-07-21 16:40:46.656,29.0,29.56,29.93,29.31,27.18,28.86,928.2,24.9,-40.0,0.0,0.0,0.0,0.0,1.0,486.0
2026-07-21 16:40:46.856,29.0,29.56,29.93,29.31,27.18,28.86,928.2,24.9,-40.0,0.0,0.0,0.0,0.0,1.0,486.0
2026-07-21 16:40:47.056,29.0,29.56,29.93,29.31,27.18,28.85,928.1,24.9,-40.0,0.0,0.0,0.0,0.0,1.0,487.0
2026-07-21 16:40:47.256,29.0,29.56,29.93,29.31,27.18,28.85,928.1,24.9,-40.0,0.0,0.0,0.0,0.0,1.0,487.0
2026-07-21 16:40:47.455,29.0,29.56,29.93,29.31,27.18,28.85,928.1,24.9,-40.0,0.0,0.0,0.0,0.0,1.0,487.0
2026-07-21 16:40:47.656,29.0,29.56,29.93,29.31,27.18,28.86,928.1,24.5,-40.0,0.0,0.0,0.0,0.0,1.0,487.0
2026-07-21 16:40:47.856,28.93,29.5,29.93,29.31,27.18,28.86,928.1,24.5,-40.0,0.0,0.0,0.0,0.0,1.0,487.0
2026-07-21 16:40:48.057,28.93,29.5,29.93,29.31,27.18,28.85,928.2,24.6,-40.0,0.0,0.0,0.0,0.0,1.0,488.0
2026-07-21 16:40:48.256,28.93,29.5,29.93,29.31,27.18,28.85,928.2,24.6,-40.0,0.0,0.0,0.0,0.0,1.0,488.0
2026-07-21 16:40:48.456,28.93,29.5,29.93,29.31,27.18,28.85,928.2,24.6,-40.0,0.0,0.0,0.0,0.0,1.0,488.0
2026-07-21 16:40:48.655,28.93,29.5,29.93,29.31,27.18,28.85,928.2,24.5,-40.0,0.0,0.0,0.0,0.0,1.0,488.0
2026-07-21 16:40:48.856,28.93,29.5,29.93,29.31,27.18,28.85,928.2,24.5,-40.0,0.0,0.0,0.0,0.0,1.0,488.0
2026-07-21 16:40:49.056,28.93,29.5,29.93,29.31,27.18,28.85,928.2,24.3,-40.0,0.0,0.0,0.0,0.0,1.0,489.0
2026-07-21 16:40:49.256,28.93,29.5,29.93,29.31,27.18,28.85,928.2,24.3,-40.0,0.0,0.0,0.0,0.0,1.0,489.0
2026-07-21 16:40:49.480,28.93,29.5,29.93,29.31,27.18,28.85,928.2,24.3,-40.0,0.0,0.0,0.0,0.0,1.0,489.0
2026-07-21 16:40:49.657,28.93,29.5,29.93,29.31,27.18,28.85,928.2,24.7,-40.0,0.0,0.0,0.0,0.0,1.0,489.0
2026-07-21 16:40:49.856,29.0,29.56,29.93,29.31,27.18,28.85,928.2,24.7,-40.0,0.0,0.0,0.0,0.0,1.0,489.0
2026-07-21 16:40:50.087,29.0,29.56,29.93,29.31,27.18,28.86,928.1,24.5,-40.0,0.0,0.0,0.0,0.0,1.0,490.0
2026-07-21 16:40:50.256,29.0,29.56,29.93,29.31,27.18,28.86,928.1,24.5,-40.0,0.0,0.0,0.0,0.0,1.0,490.0
2026-07-21 16:40:50.456,29.0,29.56,29.93,29.31,27.18,28.86,928.1,24.5,-40.0,0.0,0.0,0.0,0.0,1.0,490.0
2026-07-21 16:40:50.656,29.0,29.56,29.93,29.31,27.18,28.84,928.1,24.4,-40.0,0.0,0.0,0.0,0.0,1.0,490.0
2026-07-21 16:40:50.856,29.0,29.56,29.93,29.31,27.18,28.84,928.1,24.4,-40.0,0.0,0.0,0.0,0.0,1.0,490.0
2026-07-21 16:40:51.059,29.0,29.56,29.93,29.31,27.18,28.84,928.2,24.7,-40.0,0.0,0.0,0.0,0.0,1.0,491.0
2026-07-21 16:40:51.256,29.0,29.56,29.93,29.31,27.18,28.84,928.2,24.7,-40.0,0.0,0.0,0.0,0.0,1.0,491.0
2026-07-21 16:40:51.455,29.0,29.56,29.93,29.31,27.18,28.84,928.2,24.7,-40.0,0.0,0.0,0.0,0.0,1.0,491.0
2026-07-21 16:40:51.656,29.0,29.56,29.93,29.31,27.18,28.85,928.1,24.5,-40.0,0.0,0.0,0.0,0.0,1.0,491.0
2026-07-21 16:40:51.855,29.0,29.5,29.93,29.31,27.18,28.85,928.1,24.5,-40.0,0.0,0.0,0.0,0.0,1.0,491.0
2026-07-21 16:40:52.055,29.0,29.5,29.93,29.31,27.18,28.85,928.2,24.6,-40.0,0.0,0.0,0.0,0.0,1.0,492.0
2026-07-21 16:40:52.255,29.0,29.5,29.93,29.31,27.18,28.85,928.2,24.6,-40.0,0.0,0.0,0.0,0.0,1.0,492.0
2026-07-21 16:40:52.455,29.0,29.5,29.93,29.31,27.18,28.85,928.2,24.6,-40.0,0.0,0.0,0.0,0.0,1.0,492.0
2026-07-21 16:40:52.655,29.0,29.5,29.93,29.31,27.18,28.85,928.2,24.4,-40.0,0.0,0.0,0.0,0.0,1.0,492.0
2026-07-21 16:40:52.856,28.93,29.5,29.93,29.31,27.18,28.85,928.2,24.4,-40.0,0.0,0.0,0.0,0.0,1.0,492.0
2026-07-21 16:40:53.055,28.93,29.5,29.93,29.31,27.18,28.85,928.2,24.4,-40.0,0.0,0.0,0.0,0.0,1.0,493.0
2026-07-21 16:40:53.255,28.93,29.5,29.93,29.31,27.18,28.85,928.2,24.4,-40.0,0.0,0.0,0.0,0.0,1.0,493.0
2026-07-21 16:40:53.455,28.93,29.5,29.93,29.31,27.18,28.85,928.2,24.4,-40.0,0.0,0.0,0.0,0.0,1.0,493.0
2026-07-21 16:40:53.655,28.93,29.5,29.93,29.31,27.18,28.85,928.2,24.4,-40.0,0.0,0.0,0.0,0.0,1.0,493.0
2026-07-21 16:40:53.856,29.0,29.56,29.93,29.31,27.18,28.85,928.2,24.4,-40.0,0.0,0.0,0.0,0.0,1.0,493.0
2026-07-21 16:40:54.056,29.0,29.56,29.93,29.31,27.18,28.85,928.2,24.5,-40.0,0.0,0.0,0.0,0.0,1.0,494.0
2026-07-21 16:40:54.256,29.0,29.56,29.93,29.31,27.18,28.85,928.2,24.5,-40.0,0.0,0.0,0.0,0.0,1.0,494.0
2026-07-21 16:40:54.456,29.0,29.56,29.93,29.31,27.18,28.85,928.2,24.5,-40.0,0.0,0.0,0.0,0.0,1.0,494.0
2026-07-21 16:40:54.656,29.0,29.56,29.93,29.31,27.18,28.85,928.1,24.5,-40.0,0.0,0.0,0.0,0.0,1.0,494.0
2026-07-21 16:40:54.855,29.0,29.56,29.93,29.31,27.18,28.85,928.1,24.5,-40.0,0.0,0.0,0.0,0.0,1.0,494.0
2026-07-21 16:40:55.056,29.0,29.56,29.93,29.31,27.18,28.85,928.1,24.5,-40.0,0.0,0.0,0.0,0.0,1.0,495.0
2026-07-21 16:40:55.256,29.0,29.56,29.93,29.31,27.18,28.85,928.1,24.5,-40.0,0.0,0.0,0.0,0.0,1.0,495.0
2026-07-21 16:40:55.455,29.0,29.56,29.93,29.31,27.18,28.85,928.1,24.5,-40.0,0.0,0.0,0.0,0.0,1.0,495.0
2026-07-21 16:40:55.656,29.0,29.56,29.93,29.31,27.18,28.84,928.1,24.4,-40.0,0.0,0.0,0.0,0.0,1.0,495.0
2026-07-21 16:40:55.856,29.0,29.56,30.0,29.31,27.25,28.84,928.1,24.4,-40.0,0.0,0.0,0.0,0.0,1.0,495.0
2026-07-21 16:40:56.061,29.0,29.56,30.0,29.31,27.25,28.86,928.2,24.6,-40.0,0.0,0.0,0.0,0.0,1.0,496.0
2026-07-21 16:40:56.255,29.0,29.56,30.0,29.31,27.25,28.86,928.2,24.6,-40.0,0.0,0.0,0.0,0.0,1.0,496.0
2026-07-21 16:40:56.456,29.0,29.56,30.0,29.31,27.25,28.86,928.2,24.6,-40.0,0.0,0.0,0.0,0.0,1.0,496.0
2026-07-21 16:40:56.656,29.0,29.56,30.0,29.31,27.25,28.85,928.1,24.2,-40.0,0.0,0.0,0.0,0.0,1.0,496.0
2026-07-21 16:40:56.855,28.93,29.5,29.93,29.31,27.18,28.85,928.1,24.2,-40.0,0.0,0.0,0.0,0.0,1.0,496.0
2026-07-21 16:40:57.056,28.93,29.5,29.93,29.31,27.18,28.84,928.1,24.2,-40.0,0.0,0.0,0.0,0.0,1.0,497.0
2026-07-21 16:40:57.256,28.93,29.5,29.93,29.31,27.18,28.84,928.1,24.2,-40.0,0.0,0.0,0.0,0.0,1.0,497.0
2026-07-21 16:40:57.456,28.93,29.5,29.93,29.31,27.18,28.84,928.1,24.2,-40.0,0.0,0.0,0.0,0.0,1.0,497.0
2026-07-21 16:40:57.656,28.93,29.5,29.93,29.31,27.18,28.86,928.2,24.5,-40.0,0.0,0.0,0.0,0.0,1.0,497.0
2026-07-21 16:40:57.856,28.93,29.5,29.93,29.31,27.25,28.86,928.2,24.5,-40.0,0.0,0.0,0.0,0.0,1.0,497.0
2026-07-21 16:40:58.056,28.93,29.5,29.93,29.31,27.25,28.85,928.1,24.2,-40.0,0.0,0.0,0.0,0.0,1.0,498.0
2026-07-21 16:40:58.255,28.93,29.5,29.93,29.31,27.25,28.85,928.1,24.2,-40.0,0.0,0.0,0.0,0.0,1.0,498.0
2026-07-21 16:40:58.456,28.93,29.5,29.93,29.31,27.25,28.85,928.1,24.2,-40.0,0.0,0.0,0.0,0.0,1.0,498.0
2026-07-21 16:40:58.655,28.93,29.5,29.93,29.31,27.25,28.86,928.2,24.8,-40.0,0.0,0.0,0.0,0.0,1.0,498.0
2026-07-21 16:40:58.856,28.93,29.56,29.93,29.31,27.25,28.86,928.2,24.8,-40.0,0.0,0.0,0.0,0.0,1.0,498.0
2026-07-21 16:40:59.056,28.93,29.56,29.93,29.31,27.25,28.86,928.2,24.6,-40.0,0.0,0.0,0.0,0.0,1.0,499.0
2026-07-21 16:40:59.255,28.93,29.56,29.93,29.31,27.25,28.86,928.2,24.6,-40.0,0.0,0.0,0.0,0.0,1.0,499.0
2026-07-21 16:40:59.456,28.93,29.56,29.93,29.31,27.25,28.86,928.2,24.6,-40.0,0.0,0.0,0.0,0.0,1.0,499.0
2026-07-21 16:40:59.658,28.93,29.56,29.93,29.31,27.25,28.85,928.1,24.1,-40.0,0.0,0.0,0.0,0.0,1.0,499.0
2026-07-21 16:40:59.876,28.93,29.5,29.93,29.31,27.25,28.85,928.1,24.1,-40.0,0.0,0.0,0.0,0.0,1.0,499.0
2026-07-21 16:41:00.055,28.93,29.5,29.93,29.31,27.25,28.84,928.1,24.7,-40.0,0.0,0.0,0.0,0.0,1.0,500.0
2026-07-21 16:41:00.255,28.93,29.5,29.93,29.31,27.25,28.84,928.1,24.7,-40.0,0.0,0.0,0.0,0.0,1.0,500.0
2026-07-21 16:41:00.455,28.93,29.5,29.93,29.31,27.25,28.84,928.1,24.7,-40.0,0.0,0.0,0.0,0.0,1.0,500.0
2026-07-21 16:41:00.656,28.93,29.5,29.93,29.31,27.25,28.86,928.1,24.1,-40.0,0.0,0.0,0.0,0.0,1.0,500.0
2026-07-21 16:41:00.855,28.93,29.56,29.93,29.31,27.25,28.86,928.1,24.1,-40.0,0.0,0.0,0.0,0.0,1.0,500.0
2026-07-21 16:41:01.055,28.93,29.56,29.93,29.31,27.25,28.85,928.2,24.8,-40.0,0.0,0.0,0.0,0.0,1.0,501.0
2026-07-21 16:41:01.256,28.93,29.56,29.93,29.31,27.25,28.85,928.2,24.8,-40.0,0.0,0.0,0.0,0.0,1.0,501.0
2026-07-21 16:41:01.455,28.93,29.56,29.93,29.31,27.25,28.85,928.2,24.8,-40.0,0.0,0.0,0.0,0.0,1.0,501.0
2026-07-21 16:41:01.655,28.93,29.56,29.93,29.31,27.25,28.85,928.2,24.6,-40.0,0.0,0.0,0.0,0.0,1.0,501.0
2026-07-21 16:41:01.862,28.93,29.56,29.93,29.31,27.25,28.85,928.2,24.6,-40.0,0.0,0.0,0.0,0.0,1.0,501.0
2026-07-21 16:41:02.056,28.93,29.56,29.93,29.31,27.25,28.84,928.1,24.5,-40.0,0.0,0.0,0.0,0.0,1.0,502.0
2026-07-21 16:41:02.255,28.93,29.56,29.93,29.31,27.25,28.84,928.1,24.5,-40.0,0.0,0.0,0.0,0.0,1.0,502.0
2026-07-21 16:41:02.455,28.93,29.56,29.93,29.31,27.25,28.84,928.1,24.5,-40.0,0.0,0.0,0.0,0.0,1.0,502.0
2026-07-21 16:41:02.656,28.93,29.56,29.93,29.31,27.25,28.85,928.1,24.3,-40.0,0.0,0.0,0.0,0.0,1.0,502.0
2026-07-21 16:41:02.865,28.93,29.56,30.0,29.31,27.25,28.85,928.1,24.3,-40.0,0.0,0.0,0.0,0.0,1.0,502.0
2026-07-21 16:41:03.055,28.93,29.56,30.0,29.31,27.25,28.84,928.1,24.8,-40.0,0.0,0.0,0.0,0.0,1.0,503.0
2026-07-21 16:41:03.256,28.93,29.56,30.0,29.31,27.25,28.84,928.1,24.8,-40.0,0.0,0.0,0.0,0.0,1.0,503.0
2026-07-21 16:41:03.455,28.93,29.56,30.0,29.31,27.25,28.84,928.1,24.8,-40.0,0.0,0.0,0.0,0.0,1.0,503.0
2026-07-21 16:41:03.656,28.93,29.56,30.0,29.31,27.25,28.85,928.2,24.6,-40.0,0.0,0.0,0.0,0.0,1.0,503.0
2026-07-21 16:41:03.855,28.93,29.56,29.93,29.31,27.25,28.85,928.2,24.6,-40.0,0.0,0.0,0.0,0.0,1.0,503.0
2026-07-21 16:41:04.056,28.93,29.56,29.93,29.31,27.25,28.85,928.1,24.4,-40.0,0.0,0.0,0.0,0.0,1.0,504.0
2026-07-21 16:41:04.255,28.93,29.56,29.93,29.31,27.25,28.85,928.1,24.4,-40.0,0.0,0.0,0.0,0.0,1.0,504.0
2026-07-21 16:41:04.455,28.93,29.56,29.93,29.31,27.25,28.85,928.1,24.4,-40.0,0.0,0.0,0.0,0.0,1.0,504.0
2026-07-21 16:41:04.656,28.93,29.56,29.93,29.31,27.25,28.85,928.1,24.4,-40.0,0.0,0.0,0.0,0.0,1.0,504.0
2026-07-21 16:41:04.855,28.93,29.56,29.93,29.25,27.25,28.85,928.1,24.4,-40.0,0.0,0.0,0.0,0.0,1.0,504.0
2026-07-21 16:41:05.055,28.93,29.56,29.93,29.25,27.25,28.84,928.2,24.5,-40.0,0.0,0.0,0.0,0.0,1.0,505.0
2026-07-21 16:41:05.255,28.93,29.56,29.93,29.25,27.25,28.84,928.2,24.5,-40.0,0.0,0.0,0.0,0.0,1.0,505.0
2026-07-21 16:41:05.456,28.93,29.56,29.93,29.25,27.25,28.84,928.2,24.5,-40.0,0.0,0.0,0.0,0.0,1.0,505.0
2026-07-21 16:41:05.656,28.93,29.56,29.93,29.25,27.25,28.84,928.2,24.3,-40.0,0.0,0.0,0.0,0.0,1.0,505.0
2026-07-21 16:41:05.855,28.93,29.5,29.93,29.25,27.25,28.84,928.2,24.3,-40.0,0.0,0.0,0.0,0.0,1.0,505.0
2026-07-21 16:41:06.056,28.93,29.5,29.93,29.25,27.25,28.84,928.2,24.3,-40.0,0.0,0.0,0.0,0.0,1.0,506.0
2026-07-21 16:41:06.256,28.93,29.5,29.93,29.25,27.25,28.84,928.2,24.3,-40.0,0.0,0.0,0.0,0.0,1.0,506.0
2026-07-21 16:41:06.455,28.93,29.5,29.93,29.25,27.25,28.84,928.2,24.3,-40.0,0.0,0.0,0.0,0.0,1.0,506.0
2026-07-21 16:41:06.656,28.93,29.5,29.93,29.25,27.25,28.85,928.1,24.5,-40.0,0.0,0.0,0.0,0.0,1.0,506.0
2026-07-21 16:41:06.855,28.93,29.56,29.93,29.31,27.25,28.85,928.1,24.5,-40.0,0.0,0.0,0.0,0.0,1.0,506.0
2026-07-21 16:41:07.056,28.93,29.56,29.93,29.31,27.25,28.85,928.1,24.7,-40.0,0.0,0.0,0.0,0.0,1.0,507.0
2026-07-21 16:41:07.255,28.93,29.56,29.93,29.31,27.25,28.85,928.1,24.7,-40.0,0.0,0.0,0.0,0.0,1.0,507.0
2026-07-21 16:41:07.455,28.93,29.56,29.93,29.31,27.25,28.85,928.1,24.7,-40.0,0.0,0.0,0.0,0.0,1.0,507.0
2026-07-21 16:41:07.655,28.93,29.56,29.93,29.31,27.25,28.86,928.2,24.6,-40.0,0.0,0.0,0.0,0.0,1.0,507.0
2026-07-21 16:41:07.855,28.93,29.5,29.93,29.31,27.25,28.86,928.2,24.6,-40.0,0.0,0.0,0.0,0.0,1.0,507.0
2026-07-21 16:41:08.055,28.93,29.5,29.93,29.31,27.25,28.85,928.1,24.7,-40.0,0.0,0.0,0.0,0.0,1.0,508.0
2026-07-21 16:41:08.255,28.93,29.5,29.93,29.31,27.25,28.85,928.1,24.7,-40.0,0.0,0.0,0.0,0.0,1.0,508.0
2026-07-21 16:41:08.455,28.93,29.5,29.93,29.31,27.25,28.85,928.1,24.7,-40.0,0.0,0.0,0.0,0.0,1.0,508.0
2026-07-21 16:41:08.655,28.93,29.5,29.93,29.31,27.25,28.85,928.1,24.5,-40.0,0.0,0.0,0.0,0.0,1.0,508.0
2026-07-21 16:41:08.855,28.93,29.5,29.93,29.31,27.25,28.85,928.1,24.5,-40.0,0.0,0.0,0.0,0.0,1.0,508.0
2026-07-21 16:41:09.055,28.93,29.5,29.93,29.31,27.25,28.84,928.2,24.6,-40.0,0.0,0.0,0.0,0.0,1.0,509.0
2026-07-21 16:41:09.256,28.93,29.5,29.93,29.31,27.25,28.84,928.2,24.6,-40.0,0.0,0.0,0.0,0.0,1.0,509.0
2026-07-21 16:41:09.455,28.93,29.5,29.93,29.31,27.25,28.84,928.2,24.6,-40.0,0.0,0.0,0.0,0.0,1.0,509.0
2026-07-21 16:41:09.655,28.93,29.5,29.93,29.31,27.25,28.85,928.2,24.3,-40.0,0.0,0.0,0.0,0.0,1.0,509.0
2026-07-21 16:41:09.855,28.93,29.56,29.93,29.31,27.25,28.85,928.2,24.3,-40.0,0.0,0.0,0.0,0.0,1.0,509.0
2026-07-21 16:41:10.055,28.93,29.56,29.93,29.31,27.25,28.86,928.2,24.5,-40.0,0.0,0.0,0.0,0.0,1.0,510.0
2026-07-21 16:41:10.255,28.93,29.56,29.93,29.31,27.25,28.86,928.2,24.5,-40.0,0.0,0.0,0.0,0.0,1.0,510.0
2026-07-21 16:41:10.455,28.93,29.56,29.93,29.31,27.25,28.86,928.2,24.5,-40.0,0.0,0.0,0.0,0.0,1.0,510.0
2026-07-21 16:41:10.656,28.93,29.56,29.93,29.31,27.25,28.84,928.2,24.5,-40.0,0.0,0.0,0.0,0.0,1.0,510.0
2026-07-21 16:41:10.857,28.93,29.56,29.93,29.31,27.25,28.84,928.2,24.5,-40.0,0.0,0.0,0.0,0.0,1.0,510.0
2026-07-21 16:41:11.061,28.93,29.56,29.93,29.31,27.25,28.84,928.1,24.7,-40.0,0.0,0.0,0.0,0.0,1.0,511.0
2026-07-21 16:41:11.255,28.93,29.56,29.93,29.31,27.25,28.84,928.1,24.7,-40.0,0.0,0.0,0.0,0.0,1.0,511.0
2026-07-21 16:41:11.455,28.93,29.56,29.93,29.31,27.25,28.84,928.1,24.7,-40.0,0.0,0.0,0.0,0.0,1.0,511.0
2026-07-21 16:41:11.655,28.93,29.56,29.93,29.31,27.25,28.85,928.2,24.6,-40.0,0.0,0.0,0.0,0.0,1.0,511.0
2026-07-21 16:41:11.856,28.93,29.56,29.93,29.31,27.25,28.85,928.2,24.6,-40.0,0.0,0.0,0.0,0.0,1.0,511.0
2026-07-21 16:41:12.056,28.93,29.56,29.93,29.31,27.25,28.84,928.1,24.0,-40.0,0.0,0.0,0.0,0.0,1.0,512.0
2026-07-21 16:41:12.255,28.93,29.56,29.93,29.31,27.25,28.84,928.1,24.0,-40.0,0.0,0.0,0.0,0.0,1.0,512.0
2026-07-21 16:41:12.456,28.93,29.56,29.93,29.31,27.25,28.84,928.1,24.0,-40.0,0.0,0.0,0.0,0.0,1.0,512.0
2026-07-21 16:41:12.655,28.93,29.56,29.93,29.31,27.25,28.82,928.1,24.3,-40.0,0.0,0.0,0.0,0.0,1.0,512.0
2026-07-21 16:41:12.855,28.93,29.56,30.0,29.31,27.25,28.82,928.1,24.3,-40.0,0.0,0.0,0.0,0.0,1.0,512.0
2026-07-21 16:41:13.084,28.93,29.56,30.0,29.31,27.25,28.84,928.2,24.3,-40.0,0.0,0.0,0.0,0.0,1.0,513.0
2026-07-21 16:41:13.255,28.93,29.56,30.0,29.31,27.25,28.84,928.2,24.3,-40.0,0.0,0.0,0.0,0.0,1.0,513.0
2026-07-21 16:41:13.455,28.93,29.56,30.0,29.31,27.25,28.84,928.2,24.3,-40.0,0.0,0.0,0.0,0.0,1.0,513.0
2026-07-21 16:41:13.656,28.93,29.56,30.0,29.31,27.25,28.82,928.1,24.7,-40.0,0.0,0.0,0.0,0.0,1.0,513.0
2026-07-21 16:41:13.855,28.93,29.56,29.93,29.31,27.25,28.82,928.1,24.7,-40.0,0.0,0.0,0.0,0.0,1.0,513.0
2026-07-21 16:41:14.056,28.93,29.56,29.93,29.31,27.25,28.85,928.1,24.5,-40.0,0.0,0.0,0.0,0.0,1.0,514.0
2026-07-21 16:41:14.255,28.93,29.56,29.93,29.31,27.25,28.85,928.1,24.5,-40.0,0.0,0.0,0.0,0.0,1.0,514.0
2026-07-21 16:41:14.455,28.93,29.56,29.93,29.31,27.25,28.85,928.1,24.5,-40.0,0.0,0.0,0.0,0.0,1.0,514.0
2026-07-21 16:41:14.655,28.93,29.56,29.93,29.31,27.25,28.85,928.2,24.3,-40.0,0.0,0.0,0.0,0.0,1.0,514.0
2026-07-21 16:41:14.855,28.93,29.56,29.93,29.31,27.25,28.85,928.2,24.3,-40.0,0.0,0.0,0.0,0.0,1.0,514.0
2026-07-21 16:41:15.056,28.93,29.56,29.93,29.31,27.25,28.84,928.2,24.2,-40.0,0.0,0.0,0.0,0.0,1.0,515.0
2026-07-21 16:41:15.255,28.93,29.56,29.93,29.31,27.25,28.84,928.2,24.2,-40.0,0.0,0.0,0.0,0.0,1.0,515.0
2026-07-21 16:41:15.454,28.93,29.56,29.93,29.31,27.25,28.84,928.2,24.2,-40.0,0.0,0.0,0.0,0.0,1.0,515.0
2026-07-21 16:41:15.656,28.93,29.56,29.93,29.31,27.25,28.82,928.2,24.2,-40.0,0.0,0.0,0.0,0.0,1.0,515.0
2026-07-21 16:41:15.858,28.93,29.56,29.93,29.31,27.31,28.82,928.2,24.2,-40.0,0.0,0.0,0.0,0.0,1.0,515.0
2026-07-21 16:41:16.056,28.93,29.56,29.93,29.31,27.31,28.82,928.1,24.8,-40.0,0.0,0.0,0.0,0.0,1.0,516.0
2026-07-21 16:41:16.255,28.93,29.56,29.93,29.31,27.31,28.82,928.1,24.8,-40.0,0.0,0.0,0.0,0.0,1.0,516.0
2026-07-21 16:41:16.456,28.93,29.56,29.93,29.31,27.31,28.82,928.1,24.8,-40.0,0.0,0.0,0.0,0.0,1.0,516.0
2026-07-21 16:41:16.656,28.93,29.56,29.93,29.31,27.31,28.84,928.2,24.6,-40.0,0.0,0.0,0.0,0.0,1.0,516.0
2026-07-21 16:41:16.855,28.93,29.56,29.93,29.31,27.31,28.84,928.2,24.6,-40.0,0.0,0.0,0.0,0.0,1.0,516.0
2026-07-21 16:41:17.055,28.93,29.56,29.93,29.31,27.31,28.82,928.1,24.2,-40.0,0.0,0.0,0.0,0.0,1.0,517.0
2026-07-21 16:41:17.257,28.93,29.56,29.93,29.31,27.31,28.82,928.1,24.2,-40.0,0.0,0.0,0.0,0.0,1.0,517.0
2026-07-21 16:41:17.455,28.93,29.56,29.93,29.31,27.31,28.82,928.1,24.2,-40.0,0.0,0.0,0.0,0.0,1.0,517.0
2026-07-21 16:41:17.655,28.93,29.56,29.93,29.31,27.31,28.82,928.1,24.5,-40.0,0.0,0.0,0.0,0.0,1.0,517.0
2026-07-21 16:41:17.855,28.93,29.56,30.0,29.31,27.25,28.82,928.1,24.5,-40.0,0.0,0.0,0.0,0.0,1.0,517.0
2026-07-21 16:41:18.055,28.93,29.56,30.0,29.31,27.25,28.84,928.2,24.8,-40.0,0.0,0.0,0.0,0.0,1.0,518.0
2026-07-21 16:41:18.255,28.93,29.56,30.0,29.31,27.25,28.84,928.2,24.8,-40.0,0.0,0.0,0.0,0.0,1.0,518.0
2026-07-21 16:41:18.455,28.93,29.56,30.0,29.31,27.25,28.84,928.2,24.8,-40.0,0.0,0.0,0.0,0.0,1.0,518.0
2026-07-21 16:41:18.655,28.93,29.56,30.0,29.31,27.25,28.84,928.2,24.5,-40.0,0.0,0.0,0.0,0.0,1.0,518.0
2026-07-21 16:41:18.856,28.93,29.56,30.0,29.31,27.25,28.84,928.2,24.5,-40.0,0.0,0.0,0.0,0.0,1.0,518.0
2026-07-21 16:41:19.055,28.93,29.56,30.0,29.31,27.25,28.82,928.1,24.2,-40.0,0.0,0.0,0.0,0.0,1.0,519.0
2026-07-21 16:41:19.255,28.93,29.56,30.0,29.31,27.25,28.82,928.1,24.2,-40.0,0.0,0.0,0.0,0.0,1.0,519.0
2026-07-21 16:41:19.462,28.93,29.56,30.0,29.31,27.25,28.82,928.1,24.2,-40.0,0.0,0.0,0.0,0.0,1.0,519.0
2026-07-21 16:41:19.655,28.93,29.56,30.0,29.31,27.25,28.82,928.2,24.4,-40.0,0.0,0.0,0.0,0.0,1.0,519.0
2026-07-21 16:41:19.855,28.93,29.56,30.0,29.31,27.31,28.82,928.2,24.4,-40.0,0.0,0.0,0.0,0.0,1.0,519.0
2026-07-21 16:41:20.055,28.93,29.56,30.0,29.31,27.31,28.82,928.1,24.3,-40.0,0.0,0.0,0.0,0.0,1.0,520.0
2026-07-21 16:41:20.255,28.93,29.56,30.0,29.31,27.31,28.82,928.1,24.3,-40.0,0.0,0.0,0.0,0.0,1.0,520.0
2026-07-21 16:41:20.455,28.93,29.56,30.0,29.31,27.31,28.82,928.1,24.3,-40.0,0.0,0.0,0.0,0.0,1.0,520.0
2026-07-21 16:41:20.655,28.93,29.56,30.0,29.31,27.31,28.82,928.2,24.4,-40.0,0.0,0.0,0.0,0.0,1.0,520.0
2026-07-21 16:41:20.856,28.93,29.56,29.93,29.31,27.31,28.82,928.2,24.4,-40.0,0.0,0.0,0.0,0.0,1.0,520.0
2026-07-21 16:41:21.065,28.93,29.56,29.93,29.31,27.31,28.82,928.2,24.5,-40.0,0.0,0.0,0.0,0.0,1.0,521.0
2026-07-21 16:41:21.256,28.93,29.56,29.93,29.31,27.31,28.82,928.2,24.5,-40.0,0.0,0.0,0.0,0.0,1.0,521.0
2026-07-21 16:41:21.454,28.93,29.56,29.93,29.31,27.31,28.82,928.2,24.5,-40.0,0.0,0.0,0.0,0.0,1.0,521.0
2026-07-21 16:41:21.655,28.93,29.56,29.93,29.31,27.31,28.82,928.2,24.7,-40.0,0.0,0.0,0.0,0.0,1.0,521.0
2026-07-21 16:41:21.855,28.93,29.56,29.93,29.31,27.31,28.82,928.2,24.7,-40.0,0.0,0.0,0.0,0.0,1.0,521.0
2026-07-21 16:41:22.058,28.93,29.56,29.93,29.31,27.31,28.82,928.2,24.5,-40.0,0.0,0.0,0.0,0.0,1.0,522.0
2026-07-21 16:41:22.256,28.93,29.56,29.93,29.31,27.31,28.82,928.2,24.5,-40.0,0.0,0.0,0.0,0.0,1.0,522.0
2026-07-21 16:41:22.455,28.93,29.56,29.93,29.31,27.31,28.82,928.2,24.5,-40.0,0.0,0.0,0.0,0.0,1.0,522.0
2026-07-21 16:41:22.655,28.93,29.56,29.93,29.31,27.31,28.82,928.1,24.8,-40.0,0.0,0.0,0.0,0.0,1.0,522.0
2026-07-21 16:41:22.855,28.93,29.56,29.93,29.31,27.31,28.82,928.1,24.8,-40.0,0.0,0.0,0.0,0.0,1.0,522.0
2026-07-21 16:41:23.070,28.93,29.56,29.93,29.31,27.31,28.82,928.2,24.6,-40.0,0.0,0.0,0.0,0.0,1.0,523.0
2026-07-21 16:41:23.255,28.93,29.56,29.93,29.31,27.31,28.82,928.2,24.6,-40.0,0.0,0.0,0.0,0.0,1.0,523.0
2026-07-21 16:41:23.454,28.93,29.56,29.93,29.31,27.31,28.82,928.2,24.6,-40.0,0.0,0.0,0.0,0.0,1.0,523.0
2026-07-21 16:41:23.655,28.93,29.56,29.93,29.31,27.31,28.81,928.1,24.4,-40.0,0.0,0.0,0.0,0.0,1.0,523.0
2026-07-21 16:41:23.855,28.87,29.56,29.93,29.31,27.31,28.81,928.1,24.4,-40.0,0.0,0.0,0.0,0.0,1.0,523.0
2026-07-21 16:41:24.055,28.87,29.56,29.93,29.31,27.31,28.81,928.2,24.5,-40.0,0.0,0.0,0.0,0.0,1.0,524.0
2026-07-21 16:41:24.255,28.87,29.56,29.93,29.31,27.31,28.81,928.2,24.5,-40.0,0.0,0.0,0.0,0.0,1.0,524.0
2026-07-21 16:41:24.455,28.87,29.56,29.93,29.31,27.31,28.81,928.2,24.5,-40.0,0.0,0.0,0.0,0.0,1.0,524.0
2026-07-21 16:41:24.655,28.87,29.56,29.93,29.31,27.31,28.81,928.1,24.9,-40.0,0.0,0.0,0.0,0.0,1.0,524.0
2026-07-21 16:41:24.855,28.93,29.56,30.0,29.31,27.31,28.81,928.1,24.9,-40.0,0.0,0.0,0.0,0.0,1.0,524.0
2026-07-21 16:41:25.055,28.93,29.56,30.0,29.31,27.31,28.82,928.1,24.7,-40.0,0.0,0.0,0.0,0.0,1.0,525.0
2026-07-21 16:41:25.255,28.93,29.56,30.0,29.31,27.31,28.82,928.1,24.7,-40.0,0.0,0.0,0.0,0.0,1.0,525.0
2026-07-21 16:41:25.455,28.93,29.56,30.0,29.31,27.31,28.82,928.1,24.7,-40.0,0.0,0.0,0.0,0.0,1.0,525.0
2026-07-21 16:41:25.655,28.93,29.56,30.0,29.31,27.31,28.82,928.1,24.7,-40.0,0.0,0.0,0.0,0.0,1.0,525.0
2026-07-21 16:41:25.855,28.87,29.56,29.93,29.31,27.31,28.82,928.1,24.7,-40.0,0.0,0.0,0.0,0.0,1.0,525.0
2026-07-21 16:41:26.055,28.87,29.56,29.93,29.31,27.31,28.81,928.1,24.8,-40.0,0.0,0.0,0.0,0.0,1.0,526.0
2026-07-21 16:41:26.285,28.87,29.56,29.93,29.31,27.31,28.81,928.1,24.8,-40.0,0.0,0.0,0.0,0.0,1.0,526.0
2026-07-21 16:41:26.455,28.87,29.56,29.93,29.31,27.31,28.81,928.1,24.8,-40.0,0.0,0.0,0.0,0.0,1.0,526.0
2026-07-21 16:41:26.655,28.87,29.56,29.93,29.31,27.31,28.82,928.1,25.0,-40.0,0.0,0.0,0.0,0.0,1.0,526.0
2026-07-21 16:41:26.855,28.87,29.56,29.93,29.31,27.31,28.82,928.1,25.0,-40.0,0.0,0.0,0.0,0.0,1.0,526.0
2026-07-21 16:41:27.055,28.87,29.56,29.93,29.31,27.31,28.81,928.1,24.7,-40.0,0.0,0.0,0.0,0.0,1.0,527.0
2026-07-21 16:41:27.254,28.87,29.56,29.93,29.31,27.31,28.81,928.1,24.7,-40.0,0.0,0.0,0.0,0.0,1.0,527.0
2026-07-21 16:41:27.454,28.87,29.56,29.93,29.31,27.31,28.81,928.1,24.7,-40.0,0.0,0.0,0.0,0.0,1.0,527.0
2026-07-21 16:41:27.655,28.87,29.56,29.93,29.31,27.31,28.81,928.2,24.5,-40.0,0.0,0.0,0.0,0.0,1.0,527.0
2026-07-21 16:41:27.855,28.87,29.56,29.93,29.31,27.31,28.81,928.2,24.5,-40.0,0.0,0.0,0.0,0.0,1.0,527.0
2026-07-21 16:41:28.056,28.87,29.56,29.93,29.31,27.31,28.81,928.2,24.8,-40.0,0.0,0.0,0.0,0.0,1.0,528.0
2026-07-21 16:41:28.254,28.87,29.56,29.93,29.31,27.31,28.81,928.2,24.8,-40.0,0.0,0.0,0.0,0.0,1.0,528.0
2026-07-21 16:41:28.455,28.87,29.56,29.93,29.31,27.31,28.81,928.2,24.8,-40.0,0.0,0.0,0.0,0.0,1.0,528.0
2026-07-21 16:41:28.655,28.87,29.56,29.93,29.31,27.31,28.81,928.2,24.5,-40.0,0.0,0.0,0.0,0.0,1.0,528.0
2026-07-21 16:41:28.855,28.87,29.56,29.93,29.31,27.31,28.81,928.2,24.5,-40.0,0.0,0.0,0.0,0.0,1.0,528.0
2026-07-21 16:41:29.055,28.87,29.56,29.93,29.31,27.31,28.82,928.2,24.2,-40.0,0.0,0.0,0.0,0.0,1.0,529.0
2026-07-21 16:41:29.256,28.87,29.56,29.93,29.31,27.31,28.82,928.2,24.2,-40.0,0.0,0.0,0.0,0.0,1.0,529.0
2026-07-21 16:41:29.454,28.87,29.56,29.93,29.31,27.31,28.82,928.2,24.2,-40.0,0.0,0.0,0.0,0.0,1.0,529.0
2026-07-21 16:41:29.655,28.87,29.56,29.93,29.31,27.31,28.81,928.1,24.7,-40.0,0.0,0.0,0.0,0.0,1.0,529.0
2026-07-21 16:41:29.855,28.87,29.56,29.93,29.31,27.31,28.81,928.1,24.7,-40.0,0.0,0.0,0.0,0.0,1.0,529.0
2026-07-21 16:41:30.055,28.87,29.56,29.93,29.31,27.31,28.82,928.2,24.7,-40.0,0.0,0.0,0.0,0.0,1.0,530.0
2026-07-21 16:41:30.255,28.87,29.56,29.93,29.31,27.31,28.82,928.2,24.7,-40.0,0.0,0.0,0.0,0.0,1.0,530.0
2026-07-21 16:41:30.456,28.87,29.56,29.93,29.31,27.31,28.82,928.2,24.7,-40.0,0.0,0.0,0.0,0.0,1.0,530.0
2026-07-21 16:41:30.654,28.87,29.56,29.93,29.31,27.31,28.8,928.1,24.7,-40.0,0.0,0.0,0.0,0.0,1.0,530.0
2026-07-21 16:41:30.855,28.87,29.56,30.0,29.31,27.31,28.8,928.1,24.7,-40.0,0.0,0.0,0.0,0.0,1.0,530.0
2026-07-21 16:41:31.055,28.87,29.56,30.0,29.31,27.31,28.81,928.2,24.9,-40.0,0.0,0.0,0.0,0.0,1.0,531.0
2026-07-21 16:41:31.255,28.87,29.56,30.0,29.31,27.31,28.81,928.2,24.9,-40.0,0.0,0.0,0.0,0.0,1.0,531.0
2026-07-21 16:41:31.475,28.87,29.56,30.0,29.31,27.31,28.81,928.2,24.9,-40.0,0.0,0.0,0.0,0.0,1.0,531.0
2026-07-21 16:41:31.655,28.87,29.56,30.0,29.31,27.31,28.8,928.1,24.8,-40.0,0.0,0.0,0.0,0.0,1.0,531.0
2026-07-21 16:41:31.855,28.87,29.56,30.0,29.31,27.31,28.8,928.1,24.8,-40.0,0.0,0.0,0.0,0.0,1.0,531.0
2026-07-21 16:41:32.066,28.87,29.56,30.0,29.31,27.31,28.81,928.2,24.6,-40.0,0.0,0.0,0.0,0.0,1.0,532.0
2026-07-21 16:41:32.255,28.87,29.56,30.0,29.31,27.31,28.81,928.2,24.6,-40.0,0.0,0.0,0.0,0.0,1.0,532.0
2026-07-21 16:41:32.454,28.87,29.56,30.0,29.31,27.31,28.81,928.2,24.6,-40.0,0.0,0.0,0.0,0.0,1.0,532.0
2026-07-21 16:41:32.655,28.87,29.56,30.0,29.31,27.31,28.81,928.1,24.7,-40.0,0.0,0.0,0.0,0.0,1.0,532.0
2026-07-21 16:41:32.855,28.87,29.56,30.0,29.31,27.31,28.81,928.1,24.7,-40.0,0.0,0.0,0.0,0.0,1.0,532.0
2026-07-21 16:41:33.054,28.87,29.56,30.0,29.31,27.31,28.82,928.2,24.7,-40.0,0.0,0.0,0.0,0.0,1.0,533.0
2026-07-21 16:41:33.255,28.87,29.56,30.0,29.31,27.31,28.82,928.2,24.7,-40.0,0.0,0.0,0.0,0.0,1.0,533.0
2026-07-21 16:41:33.455,28.87,29.56,30.0,29.31,27.31,28.82,928.2,24.7,-40.0,0.0,0.0,0.0,0.0,1.0,533.0
2026-07-21 16:41:33.655,28.87,29.56,30.0,29.31,27.31,28.81,928.2,24.7,-40.0,0.0,0.0,0.0,0.0,1.0,533.0
2026-07-21 16:41:33.854,28.87,29.62,29.93,29.31,27.31,28.81,928.2,24.7,-40.0,0.0,0.0,0.0,0.0,1.0,533.0
2026-07-21 16:41:34.055,28.87,29.62,29.93,29.31,27.31,28.8,928.1,24.8,-40.0,0.0,0.0,0.0,0.0,1.0,534.0
2026-07-21 16:41:34.258,28.87,29.62,29.93,29.31,27.31,28.8,928.1,24.8,-40.0,0.0,0.0,0.0,0.0,1.0,534.0
2026-07-21 16:41:34.455,28.87,29.62,29.93,29.31,27.31,28.8,928.1,24.8,-40.0,0.0,0.0,0.0,0.0,1.0,534.0
2026-07-21 16:41:34.655,28.87,29.62,29.93,29.31,27.31,28.81,928.2,25.1,-40.0,0.0,0.0,0.0,0.0,1.0,534.0
2026-07-21 16:41:34.855,28.87,29.62,29.93,29.31,27.31,28.81,928.2,25.1,-40.0,0.0,0.0,0.0,0.0,1.0,534.0
2026-07-21 16:41:35.055,28.87,29.62,29.93,29.31,27.31,28.81,928.2,24.6,-40.0,0.0,0.0,0.0,0.0,1.0,535.0
2026-07-21 16:41:35.255,28.87,29.62,29.93,29.31,27.31,28.81,928.2,24.6,-40.0,0.0,0.0,0.0,0.0,1.0,535.0
2026-07-21 16:41:35.455,28.87,29.62,29.93,29.31,27.31,28.81,928.2,24.6,-40.0,0.0,0.0,0.0,0.0,1.0,535.0
2026-07-21 16:41:35.655,28.87,29.62,29.93,29.31,27.31,28.8,928.1,24.6,-40.0,0.0,0.0,0.0,0.0,1.0,535.0
2026-07-21 16:41:35.874,28.87,29.62,29.93,29.31,27.31,28.8,928.1,24.6,-40.0,0.0,0.0,0.0,0.0,1.0,535.0
2026-07-21 16:41:36.056,28.87,29.62,29.93,29.31,27.31,28.8,928.2,24.8,-40.0,0.0,0.0,0.0,0.0,1.0,536.0
2026-07-21 16:41:36.255,28.87,29.62,29.93,29.31,27.31,28.8,928.2,24.8,-40.0,0.0,0.0,0.0,0.0,1.0,536.0
2026-07-21 16:41:36.455,28.87,29.62,29.93,29.31,27.31,28.8,928.2,24.8,-40.0,0.0,0.0,0.0,0.0,1.0,536.0
2026-07-21 16:41:36.655,28.87,29.62,29.93,29.31,27.31,28.81,928.2,24.7,-40.0,0.0,0.0,0.0,0.0,1.0,536.0
2026-07-21 16:41:36.854,28.87,29.62,29.93,29.31,27.31,28.81,928.2,24.7,-40.0,0.0,0.0,0.0,0.0,1.0,536.0
2026-07-21 16:41:37.055,28.87,29.62,29.93,29.31,27.31,28.81,928.2,24.9,-40.0,0.0,0.0,0.0,0.0,1.0,537.0
2026-07-21 16:41:37.254,28.87,29.62,29.93,29.31,27.31,28.81,928.2,24.9,-40.0,0.0,0.0,0.0,0.0,1.0,537.0
2026-07-21 16:41:37.456,28.87,29.62,29.93,29.31,27.31,28.81,928.2,24.9,-40.0,0.0,0.0,0.0,0.0,1.0,537.0
2026-07-21 16:41:37.655,28.87,29.62,29.93,29.31,27.31,28.81,928.1,24.4,-40.0,0.0,0.0,0.0,0.0,1.0,537.0
2026-07-21 16:41:37.855,28.87,29.56,29.93,29.31,27.31,28.81,928.1,24.4,-40.0,0.0,0.0,0.0,0.0,1.0,537.0
2026-07-21 16:41:38.088,28.87,29.56,29.93,29.31,27.31,28.81,928.2,24.7,-40.0,0.0,0.0,0.0,0.0,1.0,538.0
2026-07-21 16:41:38.254,28.87,29.56,29.93,29.31,27.31,28.81,928.2,24.7,-40.0,0.0,0.0,0.0,0.0,1.0,538.0
2026-07-21 16:41:38.455,28.87,29.56,29.93,29.31,27.31,28.81,928.2,24.7,-40.0,0.0,0.0,0.0,0.0,1.0,538.0
2026-07-21 16:41:38.655,28.87,29.56,29.93,29.31,27.31,28.81,928.1,24.4,-40.0,0.0,0.0,0.0,0.0,1.0,538.0
2026-07-21 16:41:38.855,28.87,29.62,29.93,29.31,27.31,28.81,928.1,24.4,-40.0,0.0,0.0,0.0,0.0,1.0,538.0
2026-07-21 16:41:39.054,28.87,29.62,29.93,29.31,27.31,28.8,928.2,24.7,-40.0,0.0,0.0,0.0,0.0,1.0,539.0
2026-07-21 16:41:39.255,28.87,29.62,29.93,29.31,27.31,28.8,928.2,24.7,-40.0,0.0,0.0,0.0,0.0,1.0,539.0
2026-07-21 16:41:39.454,28.87,29.62,29.93,29.31,27.31,28.8,928.2,24.7,-40.0,0.0,0.0,0.0,0.0,1.0,539.0
2026-07-21 16:41:39.654,28.87,29.62,29.93,29.31,27.31,28.81,928.2,24.7,-40.0,0.0,0.0,0.0,0.0,1.0,539.0
2026-07-21 16:41:39.855,28.87,29.56,29.93,29.31,27.31,28.81,928.2,24.7,-40.0,0.0,0.0,0.0,0.0,1.0,539.0
2026-07-21 16:41:40.055,28.87,29.56,29.93,29.31,27.31,28.8,928.2,24.6,-40.0,0.0,0.0,0.0,0.0,1.0,540.0
2026-07-21 16:41:40.255,28.87,29.56,29.93,29.31,27.31,28.8,928.2,24.6,-40.0,0.0,0.0,0.0,0.0,1.0,540.0
2026-07-21 16:41:40.454,28.87,29.56,29.93,29.31,27.31,28.8,928.2,24.6,-40.0,0.0,0.0,0.0,0.0,1.0,540.0
2026-07-21 16:41:40.654,28.87,29.56,29.93,29.31,27.31,28.8,928.1,24.5,-40.0,0.0,0.0,0.0,0.0,1.0,540.0
2026-07-21 16:41:40.855,28.87,29.56,29.93,29.31,27.31,28.8,928.1,24.5,-40.0,0.0,0.0,0.0,0.0,1.0,540.0
2026-07-21 16:41:41.055,28.87,29.56,29.93,29.31,27.31,28.8,928.2,25.0,-40.0,0.0,0.0,0.0,0.0,1.0,541.0
2026-07-21 16:41:41.255,28.87,29.56,29.93,29.31,27.31,28.8,928.2,25.0,-40.0,0.0,0.0,0.0,0.0,1.0,541.0
2026-07-21 16:41:41.479,28.87,29.56,29.93,29.31,27.31,28.8,928.2,25.0,-40.0,0.0,0.0,0.0,0.0,1.0,541.0
2026-07-21 16:41:41.654,28.87,29.56,29.93,29.31,27.31,28.8,928.1,24.7,-40.0,0.0,0.0,0.0,0.0,1.0,541.0
2026-07-21 16:41:41.854,28.87,29.56,30.0,29.31,27.31,28.8,928.1,24.7,-40.0,0.0,0.0,0.0,0.0,1.0,541.0
2026-07-21 16:41:42.055,28.87,29.56,30.0,29.31,27.31,28.8,928.2,24.3,-40.0,0.0,0.0,0.0,0.0,1.0,542.0
2026-07-21 16:41:42.254,28.87,29.56,30.0,29.31,27.31,28.8,928.2,24.3,-40.0,0.0,0.0,0.0,0.0,1.0,542.0
2026-07-21 16:41:42.490,28.87,29.56,30.0,29.31,27.31,28.8,928.2,24.3,-40.0,0.0,0.0,0.0,0.0,1.0,542.0
2026-07-21 16:41:42.655,28.87,29.56,30.0,29.31,27.31,28.8,928.2,24.6,-40.0,0.0,0.0,0.0,0.0,1.0,542.0
2026-07-21 16:41:42.854,28.87,29.56,30.0,29.31,27.31,28.8,928.2,24.6,-40.0,0.0,0.0,0.0,0.0,1.0,542.0
2026-07-21 16:41:43.054,28.87,29.56,30.0,29.31,27.31,28.8,928.1,24.8,-40.0,0.0,0.0,0.0,0.0,1.0,543.0
2026-07-21 16:41:43.256,28.87,29.56,30.0,29.31,27.31,28.8,928.1,24.8,-40.0,0.0,0.0,0.0,0.0,1.0,543.0
2026-07-21 16:41:43.454,28.87,29.56,30.0,29.31,27.31,28.8,928.1,24.8,-40.0,0.0,0.0,0.0,0.0,1.0,543.0
2026-07-21 16:41:43.655,28.87,29.56,30.0,29.31,27.31,28.81,928.2,24.6,-40.0,0.0,0.0,0.0,0.0,1.0,543.0
2026-07-21 16:41:43.855,28.87,29.56,30.0,29.31,27.31,28.81,928.2,24.6,-40.0,0.0,0.0,0.0,0.0,1.0,543.0
2026-07-21 16:41:44.055,28.87,29.56,30.0,29.31,27.31,28.81,928.1,24.4,-40.0,0.0,0.0,0.0,0.0,1.0,544.0
2026-07-21 16:41:44.254,28.87,29.56,30.0,29.31,27.31,28.81,928.1,24.4,-40.0,0.0,0.0,0.0,0.0,1.0,544.0
2026-07-21 16:41:44.454,28.87,29.56,30.0,29.31,27.31,28.81,928.1,24.4,-40.0,0.0,0.0,0.0,0.0,1.0,544.0
2026-07-21 16:41:44.655,28.87,29.56,30.0,29.31,27.31,28.79,928.1,24.8,-40.0,0.0,0.0,0.0,0.0,1.0,544.0
2026-07-21 16:41:44.854,28.87,29.56,29.93,29.37,27.31,28.79,928.1,24.8,-40.0,0.0,0.0,0.0,0.0,1.0,544.0
2026-07-21 16:41:45.054,28.87,29.56,29.93,29.37,27.31,28.81,928.2,24.7,-40.0,0.0,0.0,0.0,0.0,1.0,545.0
2026-07-21 16:41:45.254,28.87,29.56,29.93,29.37,27.31,28.81,928.2,24.7,-40.0,0.0,0.0,0.0,0.0,1.0,545.0
2026-07-21 16:41:45.454,28.87,29.56,29.93,29.37,27.31,28.81,928.2,24.7,-40.0,0.0,0.0,0.0,0.0,1.0,545.0
2026-07-21 16:41:45.655,28.87,29.56,29.93,29.37,27.31,28.81,928.1,24.5,-40.0,0.0,0.0,0.0,0.0,1.0,545.0
2026-07-21 16:41:45.854,28.87,29.56,29.93,29.31,27.31,28.81,928.1,24.5,-40.0,0.0,0.0,0.0,0.0,1.0,545.0
2026-07-21 16:41:46.054,28.87,29.56,29.93,29.31,27.31,28.81,928.2,24.7,-40.0,0.0,0.0,0.0,0.0,1.0,546.0
2026-07-21 16:41:46.255,28.87,29.56,29.93,29.31,27.31,28.81,928.2,24.7,-40.0,0.0,0.0,0.0,0.0,1.0,546.0
2026-07-21 16:41:46.454,28.87,29.56,29.93,29.31,27.31,28.81,928.2,24.7,-40.0,0.0,0.0,0.0,0.0,1.0,546.0
2026-07-21 16:41:46.655,28.87,29.56,29.93,29.31,27.31,28.8,928.1,24.2,-40.0,0.0,0.0,0.0,0.0,1.0,546.0
2026-07-21 16:41:46.854,28.87,29.56,29.93,29.31,27.31,28.8,928.1,24.2,-40.0,0.0,0.0,0.0,0.0,1.0,546.0
2026-07-21 16:41:47.055,28.87,29.56,29.93,29.31,27.31,28.8,928.1,24.9,-40.0,0.0,0.0,0.0,0.0,1.0,547.0
2026-07-21 16:41:47.254,28.87,29.56,29.93,29.31,27.31,28.8,928.1,24.9,-40.0,0.0,0.0,0.0,0.0,1.0,547.0
2026-07-21 16:41:47.454,28.87,29.56,29.93,29.31,27.31,28.8,928.1,24.9,-40.0,0.0,0.0,0.0,0.0,1.0,547.0
2026-07-21 16:41:47.655,28.87,29.56,29.93,29.31,27.31,28.8,928.1,24.9,-40.0,0.0,0.0,0.0,0.0,1.0,547.0
2026-07-21 16:41:47.855,28.87,29.56,29.93,29.31,27.31,28.8,928.1,24.9,-40.0,0.0,0.0,0.0,0.0,1.0,547.0
2026-07-21 16:41:48.055,28.87,29.56,29.93,29.31,27.31,28.81,928.2,24.8,-40.0,0.0,0.0,0.0,0.0,1.0,548.0
2026-07-21 16:41:48.255,28.87,29.56,29.93,29.31,27.31,28.81,928.2,24.8,-40.0,0.0,0.0,0.0,0.0,1.0,548.0
2026-07-21 16:41:48.455,28.87,29.56,29.93,29.31,27.31,28.81,928.2,24.8,-40.0,0.0,0.0,0.0,0.0,1.0,548.0
2026-07-21 16:41:48.690,28.87,29.56,29.93,29.31,27.31,28.79,928.1,24.7,-40.0,0.0,0.0,0.0,0.0,1.0,548.0
2026-07-21 16:41:48.855,28.87,29.56,29.93,29.31,27.31,28.79,928.1,24.7,-40.0,0.0,0.0,0.0,0.0,1.0,548.0
2026-07-21 16:41:49.056,28.87,29.56,29.93,29.31,27.31,28.8,928.2,24.3,-40.0,0.0,0.0,0.0,0.0,1.0,549.0
2026-07-21 16:41:49.306,28.87,29.56,29.93,29.31,27.31,28.8,928.2,24.3,-40.0,0.0,0.0,0.0,0.0,1.0,549.0
2026-07-21 16:41:49.454,28.87,29.56,29.93,29.31,27.31,28.8,928.2,24.3,-40.0,0.0,0.0,0.0,0.0,1.0,549.0
2026-07-21 16:41:49.654,28.87,29.56,29.93,29.31,27.31,28.8,928.1,24.5,-40.0,0.0,0.0,0.0,0.0,1.0,549.0
2026-07-21 16:41:49.854,28.87,29.56,29.93,29.31,27.31,28.8,928.1,24.5,-40.0,0.0,0.0,0.0,0.0,1.0,549.0
2026-07-21 16:41:50.055,28.87,29.56,29.93,29.31,27.31,28.8,928.2,25.1,-40.0,0.0,0.0,0.0,0.0,1.0,550.0
2026-07-21 16:41:50.258,28.87,29.56,29.93,29.31,27.31,28.8,928.2,25.1,-40.0,0.0,0.0,0.0,0.0,1.0,550.0
2026-07-21 16:41:50.454,28.87,29.56,29.93,29.31,27.31,28.8,928.2,25.1,-40.0,0.0,0.0,0.0,0.0,1.0,550.0
2026-07-21 16:41:50.654,28.87,29.56,29.93,29.31,27.31,28.79,928.2,24.9,-40.0,0.0,0.0,0.0,0.0,1.0,550.0
2026-07-21 16:41:50.854,28.87,29.56,29.93,29.31,27.31,28.79,928.2,24.9,-40.0,0.0,0.0,0.0,0.0,1.0,550.0
2026-07-21 16:41:51.055,28.87,29.56,29.93,29.31,27.31,28.8,928.2,24.3,-40.0,0.0,0.0,0.0,0.0,1.0,551.0
2026-07-21 16:41:51.254,28.87,29.56,29.93,29.31,27.31,28.8,928.2,24.3,-40.0,0.0,0.0,0.0,0.0,1.0,551.0
2026-07-21 16:41:51.455,28.87,29.56,29.93,29.31,27.31,28.8,928.2,24.3,-40.0,0.0,0.0,0.0,0.0,1.0,551.0
2026-07-21 16:41:51.668,28.87,29.56,29.93,29.31,27.31,28.8,928.1,24.9,-40.0,0.0,0.0,0.0,0.0,1.0,551.0
2026-07-21 16:41:51.854,28.87,29.62,30.0,29.31,27.37,28.8,928.1,24.9,-40.0,0.0,0.0,0.0,0.0,1.0,551.0
2026-07-21 16:41:52.054,28.87,29.62,30.0,29.31,27.37,28.8,928.2,24.4,-40.0,0.0,0.0,0.0,0.0,1.0,552.0
2026-07-21 16:41:52.254,28.87,29.62,30.0,29.31,27.37,28.8,928.2,24.4,-40.0,0.0,0.0,0.0,0.0,1.0,552.0
2026-07-21 16:41:52.454,28.87,29.62,30.0,29.31,27.37,28.8,928.2,24.4,-40.0,0.0,0.0,0.0,0.0,1.0,552.0
2026-07-21 16:41:52.655,28.87,29.62,30.0,29.31,27.37,28.8,928.1,24.6,-40.0,0.0,0.0,0.0,0.0,1.0,552.0
2026-07-21 16:41:52.854,28.87,29.56,30.0,29.31,27.37,28.8,928.1,24.6,-40.0,0.0,0.0,0.0,0.0,1.0,552.0
2026-07-21 16:41:53.055,28.87,29.56,30.0,29.31,27.37,28.8,928.2,24.7,-40.0,0.0,0.0,0.0,0.0,1.0,553.0
2026-07-21 16:41:53.288,28.87,29.56,30.0,29.31,27.37,28.8,928.2,24.7,-40.0,0.0,0.0,0.0,0.0,1.0,553.0
2026-07-21 16:41:53.454,28.87,29.56,30.0,29.31,27.37,28.8,928.2,24.7,-40.0,0.0,0.0,0.0,0.0,1.0,553.0
2026-07-21 16:41:53.654,28.87,29.56,30.0,29.31,27.37,28.8,928.2,24.1,-40.0,0.0,0.0,0.0,0.0,1.0,553.0
2026-07-21 16:41:53.897,28.81,29.56,29.93,29.31,27.31,28.8,928.2,24.1,-40.0,0.0,0.0,0.0,0.0,1.0,553.0
2026-07-21 16:41:54.055,28.81,29.56,29.93,29.31,27.31,28.8,928.1,24.7,-40.0,0.0,0.0,0.0,0.0,1.0,554.0
2026-07-21 16:41:54.254,28.81,29.56,29.93,29.31,27.31,28.8,928.1,24.7,-40.0,0.0,0.0,0.0,0.0,1.0,554.0
2026-07-21 16:41:54.469,28.81,29.56,29.93,29.31,27.31,28.8,928.1,24.7,-40.0,0.0,0.0,0.0,0.0,1.0,554.0
2026-07-21 16:41:54.655,28.81,29.56,29.93,29.31,27.31,28.8,928.2,24.7,-40.0,0.0,0.0,0.0,0.0,1.0,554.0
2026-07-21 16:41:54.854,28.87,29.62,30.0,29.31,27.31,28.8,928.2,24.7,-40.0,0.0,0.0,0.0,0.0,1.0,554.0
2026-07-21 16:41:55.054,28.87,29.62,30.0,29.31,27.31,28.79,928.1,24.8,-40.0,0.0,0.0,0.0,0.0,1.0,555.0
2026-07-21 16:41:55.255,28.87,29.62,30.0,29.31,27.31,28.79,928.1,24.8,-40.0,0.0,0.0,0.0,0.0,1.0,555.0
2026-07-21 16:41:55.476,28.87,29.62,30.0,29.31,27.31,28.79,928.1,24.8,-40.0,0.0,0.0,0.0,0.0,1.0,555.0
2026-07-21 16:41:55.655,28.87,29.62,30.0,29.31,27.31,28.8,928.2,24.5,-40.0,0.0,0.0,0.0,0.0,1.0,555.0
2026-07-21 16:41:55.854,28.87,29.62,30.0,29.31,27.31,28.8,928.2,24.5,-40.0,0.0,0.0,0.0,0.0,1.0,555.0
2026-07-21 16:41:56.054,28.87,29.62,30.0,29.31,27.31,28.79,928.2,25.0,-40.0,0.0,0.0,0.0,0.0,1.0,556.0
2026-07-21 16:41:56.254,28.87,29.62,30.0,29.31,27.31,28.79,928.2,25.0,-40.0,0.0,0.0,0.0,0.0,1.0,556.0
2026-07-21 16:41:56.461,28.87,29.62,30.0,29.31,27.31,28.79,928.2,25.0,-40.0,0.0,0.0,0.0,0.0,1.0,556.0
2026-07-21 16:41:56.655,28.87,29.62,30.0,29.31,27.31,28.8,928.2,24.4,-40.0,0.0,0.0,0.0,0.0,1.0,556.0
2026-07-21 16:41:56.854,28.87,29.62,29.93,29.31,27.31,28.8,928.2,24.4,-40.0,0.0,0.0,0.0,0.0,1.0,556.0
2026-07-21 16:41:57.054,28.87,29.62,29.93,29.31,27.31,28.79,928.2,24.9,-40.0,0.0,0.0,0.0,0.0,1.0,557.0
2026-07-21 16:41:57.254,28.87,29.62,29.93,29.31,27.31,28.79,928.2,24.9,-40.0,0.0,0.0,0.0,0.0,1.0,557.0
2026-07-21 16:41:57.454,28.87,29.62,29.93,29.31,27.31,28.79,928.2,24.9,-40.0,0.0,0.0,0.0,0.0,1.0,557.0
2026-07-21 16:41:57.654,28.87,29.62,29.93,29.31,27.31,28.79,928.2,24.5,-40.0,0.0,0.0,0.0,0.0,1.0,557.0
2026-07-21 16:41:57.854,28.87,29.56,29.93,29.31,27.31,28.79,928.2,24.5,-40.0,0.0,0.0,0.0,0.0,1.0,557.0
2026-07-21 16:41:58.054,28.87,29.56,29.93,29.31,27.31,28.79,928.1,24.2,-40.0,0.0,0.0,0.0,0.0,1.0,558.0
2026-07-21 16:41:58.253,28.87,29.56,29.93,29.31,27.31,28.79,928.1,24.2,-40.0,0.0,0.0,0.0,0.0,1.0,558.0
2026-07-21 16:41:58.500,28.87,29.56,29.93,29.31,27.31,28.79,928.1,24.2,-40.0,0.0,0.0,0.0,0.0,1.0,558.0
2026-07-21 16:41:58.655,28.87,29.56,29.93,29.31,27.31,28.79,928.1,24.9,-40.0,0.0,0.0,0.0,0.0,1.0,558.0
2026-07-21 16:41:58.855,28.81,29.62,29.93,29.31,27.31,28.79,928.1,24.9,-40.0,0.0,0.0,0.0,0.0,1.0,558.0
2026-07-21 16:41:59.054,28.81,29.62,29.93,29.31,27.31,28.79,928.2,24.8,-40.0,0.0,0.0,0.0,0.0,1.0,559.0
2026-07-21 16:41:59.254,28.81,29.62,29.93,29.31,27.31,28.79,928.2,24.8,-40.0,0.0,0.0,0.0,0.0,1.0,559.0
2026-07-21 16:41:59.454,28.81,29.62,29.93,29.31,27.31,28.79,928.2,24.8,-40.0,0.0,0.0,0.0,0.0,1.0,559.0
2026-07-21 16:41:59.654,28.81,29.62,29.93,29.31,27.31,28.8,928.1,24.7,-40.0,0.0,0.0,0.0,0.0,1.0,559.0
2026-07-21 16:41:59.854,28.81,29.56,30.0,29.37,27.37,28.8,928.1,24.7,-40.0,0.0,0.0,0.0,0.0,1.0,559.0
2026-07-21 16:42:00.054,28.81,29.56,30.0,29.37,27.37,28.79,928.1,24.7,-40.0,0.0,0.0,0.0,0.0,1.0,560.0
2026-07-21 16:42:00.254,28.81,29.56,30.0,29.37,27.37,28.79,928.1,24.7,-40.0,0.0,0.0,0.0,0.0,1.0,560.0
2026-07-21 16:42:00.474,28.81,29.56,30.0,29.37,27.37,28.79,928.1,24.7,-40.0,0.0,0.0,0.0,0.0,1.0,560.0
2026-07-21 16:42:00.654,28.81,29.56,30.0,29.37,27.37,28.79,928.2,24.7,-40.0,0.0,0.0,0.0,0.0,1.0,560.0
2026-07-21 16:42:00.854,28.81,29.62,29.93,29.31,27.37,28.79,928.2,24.7,-40.0,0.0,0.0,0.0,0.0,1.0,560.0
2026-07-21 16:42:01.055,28.81,29.62,29.93,29.31,27.37,28.79,928.2,24.8,-40.0,0.0,0.0,0.0,0.0,1.0,561.0
2026-07-21 16:42:01.254,28.81,29.62,29.93,29.31,27.37,28.79,928.2,24.8,-40.0,0.0,0.0,0.0,0.0,1.0,561.0
2026-07-21 16:42:01.454,28.81,29.62,29.93,29.31,27.37,28.79,928.2,24.8,-40.0,0.0,0.0,0.0,0.0,1.0,561.0
2026-07-21 16:42:01.654,28.81,29.62,29.93,29.31,27.37,28.8,928.1,25.1,-40.0,0.0,0.0,0.0,0.0,1.0,561.0
2026-07-21 16:42:01.854,28.81,29.56,29.93,29.31,27.37,28.8,928.1,25.1,-40.0,0.0,0.0,0.0,0.0,1.0,561.0
2026-07-21 16:42:02.054,28.81,29.56,29.93,29.31,27.37,28.79,928.2,24.7,-40.0,0.0,0.0,0.0,0.0,1.0,562.0
2026-07-21 16:42:02.254,28.81,29.56,29.93,29.31,27.37,28.79,928.2,24.7,-40.0,0.0,0.0,0.0,0.0,1.0,562.0
2026-07-21 16:42:02.453,28.81,29.56,29.93,29.31,27.37,28.79,928.2,24.7,-40.0,0.0,0.0,0.0,0.0,1.0,562.0
2026-07-21 16:42:02.655,28.81,29.56,29.93,29.31,27.37,28.79,928.2,24.7,-40.0,0.0,0.0,0.0,0.0,1.0,562.0
2026-07-21 16:42:02.853,28.81,29.62,29.93,29.31,27.37,28.79,928.2,24.7,-40.0,0.0,0.0,0.0,0.0,1.0,562.0
2026-07-21 16:42:03.080,28.81,29.62,29.93,29.31,27.37,28.79,928.2,25.0,-40.0,0.0,0.0,0.0,0.0,1.0,563.0
2026-07-21 16:42:03.254,28.81,29.62,29.93,29.31,27.37,28.79,928.2,25.0,-40.0,0.0,0.0,0.0,0.0,1.0,563.0
2026-07-21 16:42:03.454,28.81,29.62,29.93,29.31,27.37,28.79,928.2,25.0,-40.0,0.0,0.0,0.0,0.0,1.0,563.0
2026-07-21 16:42:03.654,28.81,29.62,29.93,29.31,27.37,28.8,928.2,24.7,-40.0,0.0,0.0,0.0,0.0,1.0,563.0
2026-07-21 16:42:03.854,28.81,29.62,29.93,29.31,27.37,28.8,928.2,24.7,-40.0,0.0,0.0,0.0,0.0,1.0,563.0
2026-07-21 16:42:04.054,28.81,29.62,29.93,29.31,27.37,28.79,928.2,24.6,-40.0,0.0,0.0,0.0,0.0,1.0,564.0
2026-07-21 16:42:04.254,28.81,29.62,29.93,29.31,27.37,28.79,928.2,24.6,-40.0,0.0,0.0,0.0,0.0,1.0,564.0
2026-07-21 16:42:04.454,28.81,29.62,29.93,29.31,27.37,28.79,928.2,24.6,-40.0,0.0,0.0,0.0,0.0,1.0,564.0
2026-07-21 16:42:04.654,28.81,29.62,29.93,29.31,27.37,28.79,928.1,24.7,-40.0,0.0,0.0,0.0,0.0,1.0,564.0
2026-07-21 16:42:04.854,28.81,29.56,29.93,29.31,27.31,28.79,928.1,24.7,-40.0,0.0,0.0,0.0,0.0,1.0,564.0
2026-07-21 16:42:05.055,28.81,29.56,29.93,29.31,27.31,28.79,928.1,24.5,-40.0,0.0,0.0,0.0,0.0,1.0,565.0
2026-07-21 16:42:05.253,28.81,29.56,29.93,29.31,27.31,28.79,928.1,24.5,-40.0,0.0,0.0,0.0,0.0,1.0,565.0
2026-07-21 16:42:05.454,28.81,29.56,29.93,29.31,27.31,28.79,928.1,24.5,-40.0,0.0,0.0,0.0,0.0,1.0,565.0
2026-07-21 16:42:05.655,28.81,29.56,29.93,29.31,27.31,28.79,928.2,24.6,-40.0,0.0,0.0,0.0,0.0,1.0,565.0
2026-07-21 16:42:05.854,28.81,29.56,30.0,29.31,27.37,28.79,928.2,24.6,-40.0,0.0,0.0,0.0,0.0,1.0,565.0
2026-07-21 16:42:06.054,28.81,29.56,30.0,29.31,27.37,28.79,928.1,24.9,-40.0,0.0,0.0,0.0,0.0,1.0,566.0
2026-07-21 16:42:06.254,28.81,29.56,30.0,29.31,27.37,28.79,928.1,24.9,-40.0,0.0,0.0,0.0,0.0,1.0,566.0
2026-07-21 16:42:06.454,28.81,29.56,30.0,29.31,27.37,28.79,928.1,24.9,-40.0,0.0,0.0,0.0,0.0,1.0,566.0
2026-07-21 16:42:06.654,28.81,29.56,30.0,29.31,27.37,28.79,928.2,24.6,-40.0,0.0,0.0,0.0,0.0,1.0,566.0
2026-07-21 16:42:06.854,28.81,29.56,29.93,29.31,27.37,28.79,928.2,24.6,-40.0,0.0,0.0,0.0,0.0,1.0,566.0
2026-07-21 16:42:07.054,28.81,29.56,29.93,29.31,27.37,28.79,928.1,24.5,-40.0,0.0,0.0,0.0,0.0,1.0,567.0
2026-07-21 16:42:07.254,28.81,29.56,29.93,29.31,27.37,28.79,928.1,24.5,-40.0,0.0,0.0,0.0,0.0,1.0,567.0
2026-07-21 16:42:07.454,28.81,29.56,29.93,29.31,27.37,28.79,928.1,24.5,-40.0,0.0,0.0,0.0,0.0,1.0,567.0
2026-07-21 16:42:07.653,28.81,29.56,29.93,29.31,27.37,28.78,928.2,24.4,-40.0,0.0,0.0,0.0,0.0,1.0,567.0
2026-07-21 16:42:07.854,28.81,29.56,29.93,29.31,27.37,28.78,928.2,24.4,-40.0,0.0,0.0,0.0,0.0,1.0,567.0
2026-07-21 16:42:08.054,28.81,29.56,29.93,29.31,27.37,28.79,928.2,24.8,-40.0,0.0,0.0,0.0,0.0,1.0,568.0
2026-07-21 16:42:08.254,28.81,29.56,29.93,29.31,27.37,28.79,928.2,24.8,-40.0,0.0,0.0,0.0,0.0,1.0,568.0
2026-07-21 16:42:08.454,28.81,29.56,29.93,29.31,27.37,28.79,928.2,24.8,-40.0,0.0,0.0,0.0,0.0,1.0,568.0
2026-07-21 16:42:08.654,28.81,29.56,29.93,29.31,27.37,28.79,928.1,24.7,-40.0,0.0,0.0,0.0,0.0,1.0,568.0
2026-07-21 16:42:08.854,28.81,29.56,29.93,29.31,27.37,28.79,928.1,24.7,-40.0,0.0,0.0,0.0,0.0,1.0,568.0
2026-07-21 16:42:09.055,28.81,29.56,29.93,29.31,27.37,28.79,928.2,24.7,-40.0,0.0,0.0,0.0,0.0,1.0,569.0
2026-07-21 16:42:09.254,28.81,29.56,29.93,29.31,27.37,28.79,928.2,24.7,-40.0,0.0,0.0,0.0,0.0,1.0,569.0
2026-07-21 16:42:09.453,28.81,29.56,29.93,29.31,27.37,28.79,928.2,24.7,-40.0,0.0,0.0,0.0,0.0,1.0,569.0
2026-07-21 16:42:09.654,28.81,29.56,29.93,29.31,27.37,28.79,928.1,24.8,-40.0,0.0,0.0,0.0,0.0,1.0,569.0
2026-07-21 16:42:09.854,28.81,29.56,29.93,29.31,27.37,28.79,928.1,24.8,-40.0,0.0,0.0,0.0,0.0,1.0,569.0
2026-07-21 16:42:10.054,28.81,29.56,29.93,29.31,27.37,28.79,928.1,24.8,-40.0,0.0,0.0,0.0,0.0,1.0,570.0
2026-07-21 16:42:10.254,28.81,29.56,29.93,29.31,27.37,28.79,928.1,24.8,-40.0,0.0,0.0,0.0,0.0,1.0,570.0
2026-07-21 16:42:10.453,28.81,29.56,29.93,29.31,27.37,28.79,928.1,24.8,-40.0,0.0,0.0,0.0,0.0,1.0,570.0
2026-07-21 16:42:10.654,28.81,29.56,29.93,29.31,27.37,28.79,928.1,24.9,-40.0,0.0,0.0,0.0,0.0,1.0,570.0
2026-07-21 16:42:10.854,28.81,29.56,29.93,29.31,27.37,28.79,928.1,24.9,-40.0,0.0,0.0,0.0,0.0,1.0,570.0
2026-07-21 16:42:11.054,28.81,29.56,29.93,29.31,27.37,28.79,928.1,25.0,-40.0,0.0,0.0,0.0,0.0,1.0,571.0
2026-07-21 16:42:11.254,28.81,29.56,29.93,29.31,27.37,28.79,928.1,25.0,-40.0,0.0,0.0,0.0,0.0,1.0,571.0
2026-07-21 16:42:11.454,28.81,29.56,29.93,29.31,27.37,28.79,928.1,25.0,-40.0,0.0,0.0,0.0,0.0,1.0,571.0
2026-07-21 16:42:11.654,28.81,29.56,29.93,29.31,27.37,28.78,928.1,24.6,-40.0,0.0,0.0,0.0,0.0,1.0,571.0
2026-07-21 16:42:11.854,28.81,29.56,30.0,29.31,27.37,28.78,928.1,24.6,-40.0,0.0,0.0,0.0,0.0,1.0,571.0
2026-07-21 16:42:12.054,28.81,29.56,30.0,29.31,27.37,28.78,928.2,24.7,-40.0,0.0,0.0,0.0,0.0,1.0,572.0
2026-07-21 16:42:12.254,28.81,29.56,30.0,29.31,27.37,28.78,928.2,24.7,-40.0,0.0,0.0,0.0,0.0,1.0,572.0
2026-07-21 16:42:12.454,28.81,29.56,30.0,29.31,27.37,28.78,928.2,24.7,-40.0,0.0,0.0,0.0,0.0,1.0,572.0
2026-07-21 16:42:12.654,28.81,29.56,30.0,29.31,27.37,28.79,928.2,24.5,-40.0,0.0,0.0,0.0,0.0,1.0,572.0
2026-07-21 16:42:12.854,28.81,29.56,29.93,29.31,27.37,28.79,928.2,24.5,-40.0,0.0,0.0,0.0,0.0,1.0,572.0
2026-07-21 16:42:13.054,28.81,29.56,29.93,29.31,27.37,28.78,928.1,24.9,-40.0,0.0,0.0,0.0,0.0,1.0,573.0
2026-07-21 16:42:13.254,28.81,29.56,29.93,29.31,27.37,28.78,928.1,24.9,-40.0,0.0,0.0,0.0,0.0,1.0,573.0
2026-07-21 16:42:13.453,28.81,29.56,29.93,29.31,27.37,28.78,928.1,24.9,-40.0,0.0,0.0,0.0,0.0,1.0,573.0
2026-07-21 16:42:13.654,28.81,29.56,29.93,29.31,27.37,28.79,928.2,24.3,-40.0,0.0,0.0,0.0,0.0,1.0,573.0
2026-07-21 16:42:13.854,28.81,29.56,29.93,29.31,27.37,28.79,928.2,24.3,-40.0,0.0,0.0,0.0,0.0,1.0,573.0
2026-07-21 16:42:14.054,28.81,29.56,29.93,29.31,27.37,28.78,928.1,24.5,-40.0,0.0,0.0,0.0,0.0,1.0,574.0
2026-07-21 16:42:14.254,28.81,29.56,29.93,29.31,27.37,28.78,928.1,24.5,-40.0,0.0,0.0,0.0,0.0,1.0,574.0
2026-07-21 16:42:14.475,28.81,29.56,29.93,29.31,27.37,28.78,928.1,24.5,-40.0,0.0,0.0,0.0,0.0,1.0,574.0
2026-07-21 16:42:14.654,28.81,29.56,29.93,29.31,27.37,28.79,928.2,24.5,-40.0,0.0,0.0,0.0,0.0,1.0,574.0
2026-07-21 16:42:14.871,28.81,29.56,29.93,29.31,27.37,28.79,928.2,24.5,-40.0,0.0,0.0,0.0,0.0,1.0,574.0
2026-07-21 16:42:15.054,28.81,29.56,29.93,29.31,27.37,28.79,928.1,24.8,-40.0,0.0,0.0,0.0,0.0,1.0,575.0
2026-07-21 16:42:15.254,28.81,29.56,29.93,29.31,27.37,28.79,928.1,24.8,-40.0,0.0,0.0,0.0,0.0,1.0,575.0
2026-07-21 16:42:15.454,28.81,29.56,29.93,29.31,27.37,28.79,928.1,24.8,-40.0,0.0,0.0,0.0,0.0,1.0,575.0
2026-07-21 16:42:15.654,28.81,29.56,29.93,29.31,27.37,28.78,928.1,24.7,-40.0,0.0,0.0,0.0,0.0,1.0,575.0
2026-07-21 16:42:15.854,28.81,29.56,29.93,29.31,27.37,28.78,928.1,24.7,-40.0,0.0,0.0,0.0,0.0,1.0,575.0
2026-07-21 16:42:16.053,28.81,29.56,29.93,29.31,27.37,28.78,928.1,24.9,-40.0,0.0,0.0,0.0,0.0,1.0,576.0
2026-07-21 16:42:16.253,28.81,29.56,29.93,29.31,27.37,28.78,928.1,24.9,-40.0,0.0,0.0,0.0,0.0,1.0,576.0
2026-07-21 16:42:16.453,28.81,29.56,29.93,29.31,27.37,28.78,928.1,24.9,-40.0,0.0,0.0,0.0,0.0,1.0,576.0
2026-07-21 16:42:16.657,28.81,29.56,29.93,29.31,27.37,28.79,928.2,25.0,-40.0,0.0,0.0,0.0,0.0,1.0,576.0
2026-07-21 16:42:16.854,28.81,29.56,29.93,29.31,27.37,28.79,928.2,25.0,-40.0,0.0,0.0,0.0,0.0,1.0,576.0
2026-07-21 16:42:17.054,28.81,29.56,29.93,29.31,27.37,28.79,928.1,24.9,-40.0,0.0,0.0,0.0,0.0,1.0,577.0
2026-07-21 16:42:17.254,28.81,29.56,29.93,29.31,27.37,28.79,928.1,24.9,-40.0,0.0,0.0,0.0,0.0,1.0,577.0
2026-07-21 16:42:17.454,28.81,29.56,29.93,29.31,27.37,28.79,928.1,24.9,-40.0,0.0,0.0,0.0,0.0,1.0,577.0
2026-07-21 16:42:17.657,28.81,29.56,29.93,29.31,27.37,28.79,928.2,24.8,-40.0,0.0,0.0,0.0,0.0,1.0,577.0
2026-07-21 16:42:17.854,28.81,29.56,29.93,29.31,27.37,28.79,928.2,24.8,-40.0,0.0,0.0,0.0,0.0,1.0,577.0
2026-07-21 16:42:18.054,28.81,29.56,29.93,29.31,27.37,28.78,928.1,24.9,-40.0,0.0,0.0,0.0,0.0,1.0,578.0
2026-07-21 16:42:18.253,28.81,29.56,29.93,29.31,27.37,28.78,928.1,24.9,-40.0,0.0,0.0,0.0,0.0,1.0,578.0
2026-07-21 16:42:18.454,28.81,29.56,29.93,29.31,27.37,28.78,928.1,24.9,-40.0,0.0,0.0,0.0,0.0,1.0,578.0
2026-07-21 16:42:18.654,28.81,29.56,29.93,29.31,27.37,28.78,928.2,24.9,-40.0,0.0,0.0,0.0,0.0,1.0,578.0
2026-07-21 16:42:18.854,28.81,29.56,29.93,29.31,27.37,28.78,928.2,24.9,-40.0,0.0,0.0,0.0,0.0,1.0,578.0
2026-07-21 16:42:19.054,28.81,29.56,29.93,29.31,27.37,28.79,928.2,24.7,-40.0,0.0,0.0,0.0,0.0,1.0,579.0
2026-07-21 16:42:19.253,28.81,29.56,29.93,29.31,27.37,28.79,928.2,24.7,-40.0,0.0,0.0,0.0,0.0,1.0,579.0
2026-07-21 16:42:19.453,28.81,29.56,29.93,29.31,27.37,28.79,928.2,24.7,-40.0,0.0,0.0,0.0,0.0,1.0,579.0
2026-07-21 16:42:19.653,28.81,29.56,29.93,29.31,27.37,28.78,928.2,24.8,-40.0,0.0,0.0,0.0,0.0,1.0,579.0
2026-07-21 16:42:19.853,28.81,29.62,29.93,29.31,27.37,28.78,928.2,24.8,-40.0,0.0,0.0,0.0,0.0,1.0,579.0
2026-07-21 16:42:20.054,28.81,29.62,29.93,29.31,27.37,28.78,928.1,24.4,-40.0,0.0,0.0,0.0,0.0,1.0,580.0
2026-07-21 16:42:20.253,28.81,29.62,29.93,29.31,27.37,28.78,928.1,24.4,-40.0,0.0,0.0,0.0,0.0,1.0,580.0
2026-07-21 16:42:20.453,28.81,29.62,29.93,29.31,27.37,28.78,928.1,24.4,-40.0,0.0,0.0,0.0,0.0,1.0,580.0
2026-07-21 16:42:20.683,28.81,29.62,29.93,29.31,27.37,28.79,928.2,24.6,-40.0,0.0,0.0,0.0,0.0,1.0,580.0
2026-07-21 16:42:20.854,28.81,29.62,29.93,29.31,27.37,28.79,928.2,24.6,-40.0,0.0,0.0,0.0,0.0,1.0,580.0
2026-07-21 16:42:21.054,28.81,29.62,29.93,29.31,27.37,28.78,928.2,24.6,-40.0,0.0,0.0,0.0,0.0,1.0,581.0
2026-07-21 16:42:21.253,28.81,29.62,29.93,29.31,27.37,28.78,928.2,24.6,-40.0,0.0,0.0,0.0,0.0,1.0,581.0
2026-07-21 16:42:21.454,28.81,29.62,29.93,29.31,27.37,28.78,928.2,24.6,-40.0,0.0,0.0,0.0,0.0,1.0,581.0
2026-07-21 16:42:21.657,28.81,29.62,29.93,29.31,27.37,28.78,928.2,24.9,-40.0,0.0,0.0,0.0,0.0,1.0,581.0
2026-07-21 16:42:21.854,28.75,29.62,29.93,29.31,27.37,28.78,928.2,24.9,-40.0,0.0,0.0,0.0,0.0,1.0,581.0
2026-07-21 16:42:22.054,28.75,29.62,29.93,29.31,27.37,28.78,928.2,24.6,-40.0,0.0,0.0,0.0,0.0,1.0,582.0
2026-07-21 16:42:22.253,28.75,29.62,29.93,29.31,27.37,28.78,928.2,24.6,-40.0,0.0,0.0,0.0,0.0,1.0,582.0
2026-07-21 16:42:22.454,28.75,29.62,29.93,29.31,27.37,28.78,928.2,24.6,-40.0,0.0,0.0,0.0,0.0,1.0,582.0
2026-07-21 16:42:22.654,28.75,29.62,29.93,29.31,27.37,28.78,928.1,24.7,-40.0,0.0,0.0,0.0,0.0,1.0,582.0
2026-07-21 16:42:22.853,28.81,29.56,29.93,29.31,27.37,28.78,928.1,24.7,-40.0,0.0,0.0,0.0,0.0,1.0,582.0
2026-07-21 16:42:23.054,28.81,29.56,29.93,29.31,27.37,28.78,928.1,24.7,-40.0,0.0,0.0,0.0,0.0,1.0,583.0
2026-07-21 16:42:23.279,28.81,29.56,29.93,29.31,27.37,28.78,928.1,24.7,-40.0,0.0,0.0,0.0,0.0,1.0,583.0
2026-07-21 16:42:23.453,28.81,29.56,29.93,29.31,27.37,28.78,928.1,24.7,-40.0,0.0,0.0,0.0,0.0,1.0,583.0
2026-07-21 16:42:23.653,28.81,29.56,29.93,29.31,27.37,28.78,928.2,25.1,-40.0,0.0,0.0,0.0,0.0,1.0,583.0
2026-07-21 16:42:23.884,28.75,29.62,29.93,29.31,27.37,28.78,928.2,25.1,-40.0,0.0,0.0,0.0,0.0,1.0,583.0
2026-07-21 16:42:24.054,28.75,29.62,29.93,29.31,27.37,28.79,928.2,24.7,-40.0,0.0,0.0,0.0,0.0,1.0,584.0
2026-07-21 16:42:24.253,28.75,29.62,29.93,29.31,27.37,28.79,928.2,24.7,-40.0,0.0,0.0,0.0,0.0,1.0,584.0
2026-07-21 16:42:24.458,28.75,29.62,29.93,29.31,27.37,28.79,928.2,24.7,-40.0,0.0,0.0,0.0,0.0,1.0,584.0
2026-07-21 16:42:24.653,28.75,29.62,29.93,29.31,27.37,28.79,928.2,24.8,-40.0,0.0,0.0,0.0,0.0,1.0,584.0
2026-07-21 16:42:24.853,28.81,29.56,29.93,29.31,27.37,28.79,928.2,24.8,-40.0,0.0,0.0,0.0,0.0,1.0,584.0
2026-07-21 16:42:25.054,28.81,29.56,29.93,29.31,27.37,28.77,928.2,24.5,-40.0,0.0,0.0,0.0,0.0,1.0,585.0
2026-07-21 16:42:25.253,28.81,29.56,29.93,29.31,27.37,28.77,928.2,24.5,-40.0,0.0,0.0,0.0,0.0,1.0,585.0
2026-07-21 16:42:25.453,28.81,29.56,29.93,29.31,27.37,28.77,928.2,24.5,-40.0,0.0,0.0,0.0,0.0,1.0,585.0
2026-07-21 16:42:25.654,28.81,29.56,29.93,29.31,27.37,28.78,928.2,24.7,-40.0,0.0,0.0,0.0,0.0,1.0,585.0
2026-07-21 16:42:25.854,28.81,29.56,29.93,29.31,27.43,28.78,928.2,24.7,-40.0,0.0,0.0,0.0,0.0,1.0,585.0
2026-07-21 16:42:26.054,28.81,29.56,29.93,29.31,27.43,28.77,928.2,24.6,-40.0,0.0,0.0,0.0,0.0,1.0,586.0
2026-07-21 16:42:26.254,28.81,29.56,29.93,29.31,27.43,28.77,928.2,24.6,-40.0,0.0,0.0,0.0,0.0,1.0,586.0
2026-07-21 16:42:26.453,28.81,29.56,29.93,29.31,27.43,28.77,928.2,24.6,-40.0,0.0,0.0,0.0,0.0,1.0,586.0
2026-07-21 16:42:26.654,28.81,29.56,29.93,29.31,27.43,28.79,928.2,24.8,-40.0,0.0,0.0,0.0,0.0,1.0,586.0
2026-07-21 16:42:26.854,28.75,29.56,29.93,29.31,27.37,28.79,928.2,24.8,-40.0,0.0,0.0,0.0,0.0,1.0,586.0
2026-07-21 16:42:27.053,28.75,29.56,29.93,29.31,27.37,28.78,928.1,24.7,-40.0,0.0,0.0,0.0,0.0,1.0,587.0
2026-07-21 16:42:27.253,28.75,29.56,29.93,29.31,27.37,28.78,928.1,24.7,-40.0,0.0,0.0,0.0,0.0,1.0,587.0
2026-07-21 16:42:27.454,28.75,29.56,29.93,29.31,27.37,28.78,928.1,24.7,-40.0,0.0,0.0,0.0,0.0,1.0,587.0
2026-07-21 16:42:27.653,28.75,29.56,29.93,29.31,27.37,28.77,928.1,24.4,-40.0,0.0,0.0,0.0,0.0,1.0,587.0
2026-07-21 16:42:27.853,28.75,29.56,29.93,29.31,27.37,28.77,928.1,24.4,-40.0,0.0,0.0,0.0,0.0,1.0,587.0
2026-07-21 16:42:28.054,28.75,29.56,29.93,29.31,27.37,28.78,928.1,24.5,-40.0,0.0,0.0,0.0,0.0,1.0,588.0
2026-07-21 16:42:28.253,28.75,29.56,29.93,29.31,27.37,28.78,928.1,24.5,-40.0,0.0,0.0,0.0,0.0,1.0,588.0
2026-07-21 16:42:28.453,28.75,29.56,29.93,29.31,27.37,28.78,928.1,24.5,-40.0,0.0,0.0,0.0,0.0,1.0,588.0
2026-07-21 16:42:28.654,28.75,29.56,29.93,29.31,27.37,28.77,928.1,24.7,-40.0,0.0,0.0,0.0,0.0,1.0,588.0
2026-07-21 16:42:28.853,28.81,29.56,29.93,29.31,27.37,28.77,928.1,24.7,-40.0,0.0,0.0,0.0,0.0,1.0,588.0
2026-07-21 16:42:29.055,28.81,29.56,29.93,29.31,27.37,28.78,928.2,24.3,-40.0,0.0,0.0,0.0,0.0,1.0,589.0
2026-07-21 16:42:29.253,28.81,29.56,29.93,29.31,27.37,28.78,928.2,24.3,-40.0,0.0,0.0,0.0,0.0,1.0,589.0
2026-07-21 16:42:29.453,28.81,29.56,29.93,29.31,27.37,28.78,928.2,24.3,-40.0,0.0,0.0,0.0,0.0,1.0,589.0
2026-07-21 16:42:29.660,28.81,29.56,29.93,29.31,27.37,28.77,928.2,24.4,-40.0,0.0,0.0,0.0,0.0,1.0,589.0
2026-07-21 16:42:29.853,28.75,29.56,29.93,29.31,27.37,28.77,928.2,24.4,-40.0,0.0,0.0,0.0,0.0,1.0,589.0
2026-07-21 16:42:30.054,28.75,29.56,29.93,29.31,27.37,28.77,928.2,24.5,-40.0,0.0,0.0,0.0,0.0,1.0,590.0
2026-07-21 16:42:30.253,28.75,29.56,29.93,29.31,27.37,28.77,928.2,24.5,-40.0,0.0,0.0,0.0,0.0,1.0,590.0
2026-07-21 16:42:30.453,28.75,29.56,29.93,29.31,27.37,28.77,928.2,24.5,-40.0,0.0,0.0,0.0,0.0,1.0,590.0
2026-07-21 16:42:30.654,28.75,29.56,29.93,29.31,27.37,28.77,928.1,24.8,-40.0,0.0,0.0,0.0,0.0,1.0,590.0
2026-07-21 16:42:30.853,28.81,29.56,29.93,29.25,27.37,28.77,928.1,24.8,-40.0,0.0,0.0,0.0,0.0,1.0,590.0
2026-07-21 16:42:31.054,28.81,29.56,29.93,29.25,27.37,28.78,928.2,24.8,-40.0,0.0,0.0,0.0,0.0,1.0,591.0
2026-07-21 16:42:31.253,28.81,29.56,29.93,29.25,27.37,28.78,928.2,24.8,-40.0,0.0,0.0,0.0,0.0,1.0,591.0
2026-07-21 16:42:31.453,28.81,29.56,29.93,29.25,27.37,28.78,928.2,24.8,-40.0,0.0,0.0,0.0,0.0,1.0,591.0
2026-07-21 16:42:31.660,28.81,29.56,29.93,29.25,27.37,28.77,928.2,24.9,-40.0,0.0,0.0,0.0,0.0,1.0,591.0
2026-07-21 16:42:31.853,28.75,29.56,29.87,29.31,27.37,28.77,928.2,24.9,-40.0,0.0,0.0,0.0,0.0,1.0,591.0
2026-07-21 16:42:32.053,28.75,29.56,29.87,29.31,27.37,28.77,928.2,24.7,-40.0,0.0,0.0,0.0,0.0,1.0,592.0
2026-07-21 16:42:32.253,28.75,29.56,29.87,29.31,27.37,28.77,928.2,24.7,-40.0,0.0,0.0,0.0,0.0,1.0,592.0
2026-07-21 16:42:32.453,28.75,29.56,29.87,29.31,27.37,28.77,928.2,24.7,-40.0,0.0,0.0,0.0,0.0,1.0,592.0
2026-07-21 16:42:32.654,28.75,29.56,29.87,29.31,27.37,28.78,928.2,24.9,-40.0,0.0,0.0,0.0,0.0,1.0,592.0
2026-07-21 16:42:32.854,28.75,29.56,30.0,29.31,27.43,28.78,928.2,24.9,-40.0,0.0,0.0,0.0,0.0,1.0,592.0
2026-07-21 16:42:33.054,28.75,29.56,30.0,29.31,27.43,28.76,928.1,24.6,-40.0,0.0,0.0,0.0,0.0,1.0,593.0
2026-07-21 16:42:33.253,28.75,29.56,30.0,29.31,27.43,28.76,928.1,24.6,-40.0,0.0,0.0,0.0,0.0,1.0,593.0
2026-07-21 16:42:33.453,28.75,29.56,30.0,29.31,27.43,28.76,928.1,24.6,-40.0,0.0,0.0,0.0,0.0,1.0,593.0
2026-07-21 16:42:33.653,28.75,29.56,30.0,29.31,27.43,28.77,928.1,24.4,-40.0,0.0,0.0,0.0,0.0,1.0,593.0
2026-07-21 16:42:33.854,28.75,29.56,29.93,29.31,27.37,28.77,928.1,24.4,-40.0,0.0,0.0,0.0,0.0,1.0,593.0
2026-07-21 16:42:34.054,28.75,29.56,29.93,29.31,27.37,28.77,928.2,24.8,-40.0,0.0,0.0,0.0,0.0,1.0,594.0
2026-07-21 16:42:34.253,28.75,29.56,29.93,29.31,27.37,28.77,928.2,24.8,-40.0,0.0,0.0,0.0,0.0,1.0,594.0
2026-07-21 16:42:34.453,28.75,29.56,29.93,29.31,27.37,28.77,928.2,24.8,-40.0,0.0,0.0,0.0,0.0,1.0,594.0
2026-07-21 16:42:34.654,28.75,29.56,29.93,29.31,27.37,28.77,928.2,24.9,-40.0,0.0,0.0,0.0,0.0,1.0,594.0
2026-07-21 16:42:34.853,28.75,29.56,29.93,29.25,27.43,28.77,928.2,24.9,-40.0,0.0,0.0,0.0,0.0,1.0,594.0
2026-07-21 16:42:35.054,28.75,29.56,29.93,29.25,27.43,28.77,928.1,24.9,-40.0,0.0,0.0,0.0,0.0,1.0,595.0
2026-07-21 16:42:35.253,28.75,29.56,29.93,29.25,27.43,28.77,928.1,24.9,-40.0,0.0,0.0,0.0,0.0,1.0,595.0
2026-07-21 16:42:35.453,28.75,29.56,29.93,29.25,27.43,28.77,928.1,24.9,-40.0,0.0,0.0,0.0,0.0,1.0,595.0
2026-07-21 16:42:35.653,28.75,29.56,29.93,29.25,27.43,28.77,928.2,24.7,-40.0,0.0,0.0,0.0,0.0,1.0,595.0
2026-07-21 16:42:35.853,28.75,29.56,29.93,29.31,27.37,28.77,928.2,24.7,-40.0,0.0,0.0,0.0,0.0,1.0,595.0
2026-07-21 16:42:36.054,28.75,29.56,29.93,29.31,27.37,28.76,928.2,25.0,-40.0,0.0,0.0,0.0,0.0,1.0,596.0
2026-07-21 16:42:36.253,28.75,29.56,29.93,29.31,27.37,28.76,928.2,25.0,-40.0,0.0,0.0,0.0,0.0,1.0,596.0
2026-07-21 16:42:36.453,28.75,29.56,29.93,29.31,27.37,28.76,928.2,25.0,-40.0,0.0,0.0,0.0,0.0,1.0,596.0
2026-07-21 16:42:36.653,28.75,29.56,29.93,29.31,27.37,28.77,928.2,24.9,-40.0,0.0,0.0,0.0,0.0,1.0,596.0
2026-07-21 16:42:36.853,28.75,29.56,29.93,29.31,27.37,28.77,928.2,24.9,-40.0,0.0,0.0,0.0,0.0,1.0,596.0
2026-07-21 16:42:37.054,28.75,29.56,29.93,29.31,27.37,28.76,928.1,24.7,-40.0,0.0,0.0,0.0,0.0,1.0,597.0
2026-07-21 16:42:37.254,28.75,29.56,29.93,29.31,27.37,28.76,928.1,24.7,-40.0,0.0,0.0,0.0,0.0,1.0,597.0
2026-07-21 16:42:37.486,28.75,29.56,29.93,29.31,27.37,28.76,928.1,24.7,-40.0,0.0,0.0,0.0,0.0,1.0,597.0
2026-07-21 16:42:37.653,28.75,29.56,29.93,29.31,27.37,28.77,928.2,24.2,-40.0,0.0,0.0,0.0,0.0,1.0,597.0
2026-07-21 16:42:37.853,28.75,29.56,29.93,29.31,27.37,28.77,928.2,24.2,-40.0,0.0,0.0,0.0,0.0,1.0,597.0
2026-07-21 16:42:38.054,28.75,29.56,29.93,29.31,27.37,28.76,928.2,24.6,-40.0,0.0,0.0,0.0,0.0,1.0,598.0
2026-07-21 16:42:38.253,28.75,29.56,29.93,29.31,27.37,28.76,928.2,24.6,-40.0,0.0,0.0,0.0,0.0,1.0,598.0
2026-07-21 16:42:38.453,28.75,29.56,29.93,29.31,27.37,28.76,928.2,24.6,-40.0,0.0,0.0,0.0,0.0,1.0,598.0
2026-07-21 16:42:38.653,28.75,29.56,29.93,29.31,27.37,28.76,928.1,24.4,-40.0,0.0,0.0,0.0,0.0,1.0,598.0
2026-07-21 16:42:38.853,28.75,29.56,29.93,29.31,27.37,28.76,928.1,24.4,-40.0,0.0,0.0,0.0,0.0,1.0,598.0
2026-07-21 16:42:39.054,28.75,29.56,29.93,29.31,27.37,28.76,928.2,25.0,-40.0,0.0,0.0,0.0,0.0,1.0,599.0
2026-07-21 16:42:39.253,28.75,29.56,29.93,29.31,27.37,28.76,928.2,25.0,-40.0,0.0,0.0,0.0,0.0,1.0,599.0
2026-07-21 16:42:39.453,28.75,29.56,29.93,29.31,27.37,28.76,928.2,25.0,-40.0,0.0,0.0,0.0,0.0,1.0,599.0
2026-07-21 16:42:39.654,28.75,29.56,29.93,29.31,27.37,28.76,928.1,25.0,-40.0,0.0,0.0,0.0,0.0,1.0,599.0
2026-07-21 16:42:39.853,28.75,29.56,29.93,29.25,27.43,28.76,928.1,25.0,-40.0,0.0,0.0,0.0,0.0,1.0,599.0
2026-07-21 16:42:40.053,28.75,29.56,29.93,29.25,27.43,28.76,928.0,24.6,-40.0,0.0,0.0,0.0,0.0,1.0,600.0
2026-07-21 16:42:40.282,28.75,29.56,29.93,29.25,27.43,28.76,928.0,24.6,-40.0,0.0,0.0,0.0,0.0,1.0,600.0
2026-07-21 16:42:40.453,28.75,29.56,29.93,29.25,27.43,28.76,928.0,24.6,-40.0,0.0,0.0,0.0,0.0,1.0,600.0
2026-07-21 16:42:40.653,28.75,29.56,29.93,29.25,27.43,28.76,928.1,25.0,-40.0,0.0,0.0,0.0,0.0,1.0,600.0
2026-07-21 16:42:40.854,28.75,29.56,29.93,29.25,27.37,28.76,928.1,25.0,-40.0,0.0,0.0,0.0,0.0,1.0,600.0
2026-07-21 16:42:41.054,28.75,29.56,29.93,29.25,27.37,28.76,928.1,25.1,-40.0,0.0,0.0,0.0,0.0,1.0,601.0
2026-07-21 16:42:41.253,28.75,29.56,29.93,29.25,27.37,28.76,928.1,25.1,-40.0,0.0,0.0,0.0,0.0,1.0,601.0
2026-07-21 16:42:41.454,28.75,29.56,29.93,29.25,27.37,28.76,928.1,25.1,-40.0,0.0,0.0,0.0,0.0,1.0,601.0
2026-07-21 16:42:41.653,28.75,29.56,29.93,29.25,27.37,28.77,928.1,24.7,-40.0,0.0,0.0,0.0,0.0,1.0,601.0
2026-07-21 16:42:41.856,28.75,29.56,29.93,29.31,27.37,28.77,928.1,24.7,-40.0,0.0,0.0,0.0,0.0,1.0,601.0
2026-07-21 16:42:42.053,28.75,29.56,29.93,29.31,27.37,28.77,928.1,24.9,-40.0,0.0,0.0,0.0,0.0,1.0,602.0
2026-07-21 16:42:42.253,28.75,29.56,29.93,29.31,27.37,28.77,928.1,24.9,-40.0,0.0,0.0,0.0,0.0,1.0,602.0
2026-07-21 16:42:42.453,28.75,29.56,29.93,29.31,27.37,28.77,928.1,24.9,-40.0,0.0,0.0,0.0,0.0,1.0,602.0
2026-07-21 16:42:42.653,28.75,29.56,29.93,29.31,27.37,28.76,928.1,25.0,-40.0,0.0,0.0,0.0,0.0,1.0,602.0
2026-07-21 16:42:42.853,28.75,29.56,29.93,29.25,27.37,28.76,928.1,25.0,-40.0,0.0,0.0,0.0,0.0,1.0,602.0
2026-07-21 16:42:43.053,28.75,29.56,29.93,29.25,27.37,28.76,928.1,24.9,-40.0,0.0,0.0,0.0,0.0,1.0,603.0
2026-07-21 16:42:43.253,28.75,29.56,29.93,29.25,27.37,28.76,928.1,24.9,-40.0,0.0,0.0,0.0,0.0,1.0,603.0
2026-07-21 16:42:43.453,28.75,29.56,29.93,29.25,27.37,28.76,928.1,24.9,-40.0,0.0,0.0,0.0,0.0,1.0,603.0
2026-07-21 16:42:43.653,28.75,29.56,29.93,29.25,27.37,28.76,928.2,24.8,-40.0,0.0,0.0,0.0,0.0,1.0,603.0
2026-07-21 16:42:43.853,28.75,29.56,29.93,29.25,27.43,28.76,928.2,24.8,-40.0,0.0,0.0,0.0,0.0,1.0,603.0
2026-07-21 16:42:44.090,28.75,29.56,29.93,29.25,27.43,28.76,928.1,24.9,-40.0,0.0,0.0,0.0,0.0,1.0,604.0
2026-07-21 16:42:44.253,28.75,29.56,29.93,29.25,27.43,28.76,928.1,24.9,-40.0,0.0,0.0,0.0,0.0,1.0,604.0
2026-07-21 16:42:44.455,28.75,29.56,29.93,29.25,27.43,28.76,928.1,24.9,-40.0,0.0,0.0,0.0,0.0,1.0,604.0
2026-07-21 16:42:44.666,28.75,29.56,29.93,29.25,27.43,28.76,928.1,24.9,-40.0,0.0,0.0,0.0,0.0,1.0,604.0
2026-07-21 16:42:44.853,28.75,29.56,29.93,29.31,27.43,28.76,928.1,24.9,-40.0,0.0,0.0,0.0,0.0,1.0,604.0
2026-07-21 16:42:45.054,28.75,29.56,29.93,29.31,27.43,28.76,928.1,24.8,-40.0,0.0,0.0,0.0,0.0,1.0,605.0
2026-07-21 16:42:45.253,28.75,29.56,29.93,29.31,27.43,28.76,928.1,24.8,-40.0,0.0,0.0,0.0,0.0,1.0,605.0
2026-07-21 16:42:45.453,28.75,29.56,29.93,29.31,27.43,28.76,928.1,24.8,-40.0,0.0,0.0,0.0,0.0,1.0,605.0
2026-07-21 16:42:45.653,28.75,29.56,29.93,29.31,27.43,28.76,928.1,24.7,-40.0,0.0,0.0,0.0,0.0,1.0,605.0
2026-07-21 16:42:45.853,28.75,29.62,29.93,29.31,27.37,28.76,928.1,24.7,-40.0,0.0,0.0,0.0,0.0,1.0,605.0
2026-07-21 16:42:46.053,28.75,29.62,29.93,29.31,27.37,28.77,928.1,25.1,-40.0,0.0,0.0,0.0,0.0,1.0,606.0
2026-07-21 16:42:46.257,28.75,29.62,29.93,29.31,27.37,28.77,928.1,25.1,-40.0,0.0,0.0,0.0,0.0,1.0,606.0
2026-07-21 16:42:46.453,28.75,29.62,29.93,29.31,27.37,28.77,928.1,25.1,-40.0,0.0,0.0,0.0,0.0,1.0,606.0
2026-07-21 16:42:46.653,28.75,29.62,29.93,29.31,27.37,28.75,928.1,24.8,-40.0,0.0,0.0,0.0,0.0,1.0,606.0
2026-07-21 16:42:46.853,28.75,29.56,29.93,29.31,27.43,28.75,928.1,24.8,-40.0,0.0,0.0,0.0,0.0,1.0,606.0
2026-07-21 16:42:47.053,28.75,29.56,29.93,29.31,27.43,28.76,928.2,24.8,-40.0,0.0,0.0,0.0,0.0,1.0,607.0
2026-07-21 16:42:47.253,28.75,29.56,29.93,29.31,27.43,28.76,928.2,24.8,-40.0,0.0,0.0,0.0,0.0,1.0,607.0
2026-07-21 16:42:47.453,28.75,29.56,29.93,29.31,27.43,28.76,928.2,24.8,-40.0,0.0,0.0,0.0,0.0,1.0,607.0
2026-07-21 16:42:47.653,28.75,29.56,29.93,29.31,27.43,28.75,928.1,24.8,-40.0,0.0,0.0,0.0,0.0,1.0,607.0
2026-07-21 16:42:47.853,28.75,29.56,29.93,29.31,27.43,28.75,928.1,24.8,-40.0,0.0,0.0,0.0,0.0,1.0,607.0
2026-07-21 16:42:48.053,28.75,29.56,29.93,29.31,27.43,28.77,928.2,24.8,-40.0,0.0,0.0,0.0,0.0,1.0,608.0
2026-07-21 16:42:48.253,28.75,29.56,29.93,29.31,27.43,28.77,928.2,24.8,-40.0,0.0,0.0,0.0,0.0,1.0,608.0
2026-07-21 16:42:48.453,28.75,29.56,29.93,29.31,27.43,28.77,928.2,24.8,-40.0,0.0,0.0,0.0,0.0,1.0,608.0
2026-07-21 16:42:48.653,28.75,29.56,29.93,29.31,27.43,28.76,928.2,24.7,-40.0,0.0,0.0,0.0,0.0,1.0,608.0
2026-07-21 16:42:48.853,28.75,29.56,29.93,29.31,27.43,28.76,928.2,24.7,-40.0,0.0,0.0,0.0,0.0,1.0,608.0
2026-07-21 16:42:49.053,28.75,29.56,29.93,29.31,27.43,28.76,928.1,24.8,-40.0,0.0,0.0,0.0,0.0,1.0,609.0
2026-07-21 16:42:49.253,28.75,29.56,29.93,29.31,27.43,28.76,928.1,24.8,-40.0,0.0,0.0,0.0,0.0,1.0,609.0
2026-07-21 16:42:49.453,28.75,29.56,29.93,29.31,27.43,28.76,928.1,24.8,-40.0,0.0,0.0,0.0,0.0,1.0,609.0
2026-07-21 16:42:49.653,28.75,29.56,29.93,29.31,27.43,28.75,928.1,24.8,-40.0,0.0,0.0,0.0,0.0,1.0,609.0
2026-07-21 16:42:49.853,28.75,29.56,29.93,29.31,27.43,28.75,928.1,24.8,-40.0,0.0,0.0,0.0,0.0,1.0,609.0
2026-07-21 16:42:50.053,28.75,29.56,29.93,29.31,27.43,28.76,928.2,24.7,-40.0,0.0,0.0,0.0,0.0,1.0,610.0
2026-07-21 16:42:50.253,28.75,29.56,29.93,29.31,27.43,28.76,928.2,24.7,-40.0,0.0,0.0,0.0,0.0,1.0,610.0
2026-07-21 16:42:50.452,28.75,29.56,29.93,29.31,27.43,28.76,928.2,24.7,-40.0,0.0,0.0,0.0,0.0,1.0,610.0
2026-07-21 16:42:50.653,28.75,29.56,29.93,29.31,27.43,28.76,928.2,24.9,-40.0,0.0,0.0,0.0,0.0,1.0,610.0
2026-07-21 16:42:50.853,28.75,29.56,29.93,29.25,27.43,28.76,928.2,24.9,-40.0,0.0,0.0,0.0,0.0,1.0,610.0
2026-07-21 16:42:51.053,28.75,29.56,29.93,29.25,27.43,28.76,928.2,24.6,-40.0,0.0,0.0,0.0,0.0,1.0,611.0
2026-07-21 16:42:51.253,28.75,29.56,29.93,29.25,27.43,28.76,928.2,24.6,-40.0,0.0,0.0,0.0,0.0,1.0,611.0
2026-07-21 16:42:51.461,28.75,29.56,29.93,29.25,27.43,28.76,928.2,24.6,-40.0,0.0,0.0,0.0,0.0,1.0,611.0
2026-07-21 16:42:51.653,28.75,29.56,29.93,29.25,27.43,28.75,928.1,24.7,-40.0,0.0,0.0,0.0,0.0,1.0,611.0
2026-07-21 16:42:51.853,28.75,29.62,29.93,29.31,27.43,28.75,928.1,24.7,-40.0,0.0,0.0,0.0,0.0,1.0,611.0
2026-07-21 16:42:52.053,28.75,29.62,29.93,29.31,27.43,28.76,928.2,25.1,-40.0,0.0,0.0,0.0,0.0,1.0,612.0
2026-07-21 16:42:52.253,28.75,29.62,29.93,29.31,27.43,28.76,928.2,25.1,-40.0,0.0,0.0,0.0,0.0,1.0,612.0
2026-07-21 16:42:52.453,28.75,29.62,29.93,29.31,27.43,28.76,928.2,25.1,-40.0,0.0,0.0,0.0,0.0,1.0,612.0
2026-07-21 16:42:52.653,28.75,29.62,29.93,29.31,27.43,28.75,928.1,24.8,-40.0,0.0,0.0,0.0,0.0,1.0,612.0
2026-07-21 16:42:52.853,28.68,29.56,29.93,29.31,27.43,28.75,928.1,24.8,-40.0,0.0,0.0,0.0,0.0,1.0,612.0
2026-07-21 16:42:53.053,28.68,29.56,29.93,29.31,27.43,28.76,928.1,24.9,-40.0,0.0,0.0,0.0,0.0,1.0,613.0
2026-07-21 16:42:53.253,28.68,29.56,29.93,29.31,27.43,28.76,928.1,24.9,-40.0,0.0,0.0,0.0,0.0,1.0,613.0
2026-07-21 16:42:53.453,28.68,29.56,29.93,29.31,27.43,28.76,928.1,24.9,-40.0,0.0,0.0,0.0,0.0,1.0,613.0
2026-07-21 16:42:53.653,28.68,29.56,29.93,29.31,27.43,28.76,928.1,24.3,-40.0,0.0,0.0,0.0,0.0,1.0,613.0
2026-07-21 16:42:53.852,28.68,29.62,29.93,29.31,27.43,28.76,928.1,24.3,-40.0,0.0,0.0,0.0,0.0,1.0,613.0
2026-07-21 16:42:54.053,28.68,29.62,29.93,29.31,27.43,28.75,928.1,24.9,-40.0,0.0,0.0,0.0,0.0,1.0,614.0
2026-07-21 16:42:54.253,28.68,29.62,29.93,29.31,27.43,28.75,928.1,24.9,-40.0,0.0,0.0,0.0,0.0,1.0,614.0
2026-07-21 16:42:54.453,28.68,29.62,29.93,29.31,27.43,28.75,928.1,24.9,-40.0,0.0,0.0,0.0,0.0,1.0,614.0
2026-07-21 16:42:54.653,28.68,29.62,29.93,29.31,27.43,28.75,928.2,24.8,-40.0,0.0,0.0,0.0,0.0,1.0,614.0
2026-07-21 16:42:54.853,28.75,29.56,30.0,29.31,27.43,28.75,928.2,24.8,-40.0,0.0,0.0,0.0,0.0,1.0,614.0
2026-07-21 16:42:55.053,28.75,29.56,30.0,29.31,27.43,28.75,928.1,25.2,-40.0,0.0,0.0,0.0,0.0,1.0,615.0
2026-07-21 16:42:55.253,28.75,29.56,30.0,29.31,27.43,28.75,928.1,25.2,-40.0,0.0,0.0,0.0,0.0,1.0,615.0
2026-07-21 16:42:55.453,28.75,29.56,30.0,29.31,27.43,28.75,928.1,25.2,-40.0,0.0,0.0,0.0,0.0,1.0,615.0
2026-07-21 16:42:55.653,28.75,29.56,30.0,29.31,27.43,28.75,928.1,24.9,-40.0,0.0,0.0,0.0,0.0,1.0,615.0
2026-07-21 16:42:55.856,28.75,29.62,29.93,29.25,27.43,28.75,928.1,24.9,-40.0,0.0,0.0,0.0,0.0,1.0,615.0
2026-07-21 16:42:56.053,28.75,29.62,29.93,29.25,27.43,28.76,928.1,24.7,-40.0,0.0,0.0,0.0,0.0,1.0,616.0
2026-07-21 16:42:56.252,28.75,29.62,29.93,29.25,27.43,28.76,928.1,24.7,-40.0,0.0,0.0,0.0,0.0,1.0,616.0
2026-07-21 16:42:56.452,28.75,29.62,29.93,29.25,27.43,28.76,928.1,24.7,-40.0,0.0,0.0,0.0,0.0,1.0,616.0
2026-07-21 16:42:56.652,28.75,29.62,29.93,29.25,27.43,28.76,928.2,24.8,-40.0,0.0,0.0,0.0,0.0,1.0,616.0
2026-07-21 16:42:56.853,28.68,29.56,29.93,29.31,27.43,28.76,928.2,24.8,-40.0,0.0,0.0,0.0,0.0,1.0,616.0
2026-07-21 16:42:57.052,28.68,29.56,29.93,29.31,27.43,28.75,928.2,24.8,-40.0,0.0,0.0,0.0,0.0,1.0,617.0
2026-07-21 16:42:57.253,28.68,29.56,29.93,29.31,27.43,28.75,928.2,24.8,-40.0,0.0,0.0,0.0,0.0,1.0,617.0
2026-07-21 16:42:57.453,28.68,29.56,29.93,29.31,27.43,28.75,928.2,24.8,-40.0,0.0,0.0,0.0,0.0,1.0,617.0
2026-07-21 16:42:57.653,28.68,29.56,29.93,29.31,27.43,28.76,928.1,24.9,-40.0,0.0,0.0,0.0,0.0,1.0,617.0
2026-07-21 16:42:57.853,28.75,29.62,29.93,29.25,27.43,28.76,928.1,24.9,-40.0,0.0,0.0,0.0,0.0,1.0,617.0
2026-07-21 16:42:58.053,28.75,29.62,29.93,29.25,27.43,28.73,928.1,25.0,-40.0,0.0,0.0,0.0,0.0,1.0,618.0
2026-07-21 16:42:58.253,28.75,29.62,29.93,29.25,27.43,28.73,928.1,25.0,-40.0,0.0,0.0,0.0,0.0,1.0,618.0
2026-07-21 16:42:58.453,28.75,29.62,29.93,29.25,27.43,28.73,928.1,25.0,-40.0,0.0,0.0,0.0,0.0,1.0,618.0
2026-07-21 16:42:58.653,28.75,29.62,29.93,29.25,27.43,28.75,928.1,24.6,-40.0,0.0,0.0,0.0,0.0,1.0,618.0
2026-07-21 16:42:58.853,28.75,29.56,29.93,29.31,27.43,28.75,928.1,24.6,-40.0,0.0,0.0,0.0,0.0,1.0,618.0
2026-07-21 16:42:59.053,28.75,29.56,29.93,29.31,27.43,28.76,928.1,24.5,-40.0,0.0,0.0,0.0,0.0,1.0,619.0
2026-07-21 16:42:59.253,28.75,29.56,29.93,29.31,27.43,28.76,928.1,24.5,-40.0,0.0,0.0,0.0,0.0,1.0,619.0
2026-07-21 16:42:59.453,28.75,29.56,29.93,29.31,27.43,28.76,928.1,24.5,-40.0,0.0,0.0,0.0,0.0,1.0,619.0
2026-07-21 16:42:59.653,28.75,29.56,29.93,29.31,27.43,28.75,928.2,24.8,-40.0,0.0,0.0,0.0,0.0,1.0,619.0
2026-07-21 16:42:59.853,28.68,29.62,29.93,29.25,27.43,28.75,928.2,24.8,-40.0,0.0,0.0,0.0,0.0,1.0,619.0
2026-07-21 16:43:00.053,28.68,29.62,29.93,29.25,27.43,28.75,928.1,24.7,-40.0,0.0,0.0,0.0,0.0,1.0,620.0
2026-07-21 16:43:00.253,28.68,29.62,29.93,29.25,27.43,28.75,928.1,24.7,-40.0,0.0,0.0,0.0,0.0,1.0,620.0
2026-07-21 16:43:00.452,28.68,29.62,29.93,29.25,27.43,28.75,928.1,24.7,-40.0,0.0,0.0,0.0,0.0,1.0,620.0
2026-07-21 16:43:00.653,28.68,29.62,29.93,29.25,27.43,28.75,928.1,25.1,-40.0,0.0,0.0,0.0,0.0,1.0,620.0
2026-07-21 16:43:00.852,28.75,29.62,29.87,29.25,27.43,28.75,928.1,25.1,-40.0,0.0,0.0,0.0,0.0,1.0,620.0
2026-07-21 16:43:01.054,28.75,29.62,29.87,29.25,27.43,28.76,928.1,25.0,-40.0,0.0,0.0,0.0,0.0,1.0,621.0
2026-07-21 16:43:01.252,28.75,29.62,29.87,29.25,27.43,28.76,928.1,25.0,-40.0,0.0,0.0,0.0,0.0,1.0,621.0
2026-07-21 16:43:01.453,28.75,29.62,29.87,29.25,27.43,28.76,928.1,25.0,-40.0,0.0,0.0,0.0,0.0,1.0,621.0
2026-07-21 16:43:01.652,28.75,29.62,29.87,29.25,27.43,28.75,928.1,25.0,-40.0,0.0,0.0,0.0,0.0,1.0,621.0
2026-07-21 16:43:01.853,28.75,29.56,29.93,29.31,27.43,28.75,928.1,25.0,-40.0,0.0,0.0,0.0,0.0,1.0,621.0
2026-07-21 16:43:02.080,28.75,29.56,29.93,29.31,27.43,28.75,928.2,24.8,-40.0,0.0,0.0,0.0,0.0,1.0,622.0
2026-07-21 16:43:02.252,28.75,29.56,29.93,29.31,27.43,28.75,928.2,24.8,-40.0,0.0,0.0,0.0,0.0,1.0,622.0
2026-07-21 16:43:02.453,28.75,29.56,29.93,29.31,27.43,28.75,928.2,24.8,-40.0,0.0,0.0,0.0,0.0,1.0,622.0
2026-07-21 16:43:02.667,28.75,29.56,29.93,29.31,27.43,28.75,928.2,24.5,-40.0,0.0,0.0,0.0,0.0,1.0,622.0
2026-07-21 16:43:02.852,28.75,29.62,29.93,29.25,27.43,28.75,928.2,24.5,-40.0,0.0,0.0,0.0,0.0,1.0,622.0
2026-07-21 16:43:03.053,28.75,29.62,29.93,29.25,27.43,28.73,928.1,24.6,-40.0,0.0,0.0,0.0,0.0,1.0,623.0
2026-07-21 16:43:03.252,28.75,29.62,29.93,29.25,27.43,28.73,928.1,24.6,-40.0,0.0,0.0,0.0,0.0,1.0,623.0
2026-07-21 16:43:03.453,28.75,29.62,29.93,29.25,27.43,28.73,928.1,24.6,-40.0,0.0,0.0,0.0,0.0,1.0,623.0
2026-07-21 16:43:03.653,28.75,29.62,29.93,29.25,27.43,28.73,928.1,24.7,-40.0,0.0,0.0,0.0,0.0,1.0,623.0
2026-07-21 16:43:03.852,28.75,29.56,29.93,29.25,27.43,28.73,928.1,24.7,-40.0,0.0,0.0,0.0,0.0,1.0,623.0
2026-07-21 16:43:04.053,28.75,29.56,29.93,29.25,27.43,28.73,928.1,24.8,-40.0,0.0,0.0,0.0,0.0,1.0,624.0
2026-07-21 16:43:04.253,28.75,29.56,29.93,29.25,27.43,28.73,928.1,24.8,-40.0,0.0,0.0,0.0,0.0,1.0,624.0
2026-07-21 16:43:04.452,28.75,29.56,29.93,29.25,27.43,28.73,928.1,24.8,-40.0,0.0,0.0,0.0,0.0,1.0,624.0
2026-07-21 16:43:04.653,28.75,29.56,29.93,29.25,27.43,28.75,928.2,24.8,-40.0,0.0,0.0,0.0,0.0,1.0,624.0
2026-07-21 16:43:04.853,28.68,29.56,29.93,29.25,27.43,28.75,928.2,24.8,-40.0,0.0,0.0,0.0,0.0,1.0,624.0
2026-07-21 16:43:05.053,28.68,29.56,29.93,29.25,27.43,28.73,928.1,24.8,-40.0,0.0,0.0,0.0,0.0,1.0,625.0
2026-07-21 16:43:05.252,28.68,29.56,29.93,29.25,27.43,28.73,928.1,24.8,-40.0,0.0,0.0,0.0,0.0,1.0,625.0
2026-07-21 16:43:05.453,28.68,29.56,29.93,29.25,27.43,28.73,928.1,24.8,-40.0,0.0,0.0,0.0,0.0,1.0,625.0
2026-07-21 16:43:05.653,28.68,29.56,29.93,29.25,27.43,28.75,928.2,25.1,-40.0,0.0,0.0,0.0,0.0,1.0,625.0
2026-07-21 16:43:05.852,28.75,29.62,29.93,29.25,27.43,28.75,928.2,25.1,-40.0,0.0,0.0,0.0,0.0,1.0,625.0
2026-07-21 16:43:06.053,28.75,29.62,29.93,29.25,27.43,28.75,928.1,24.5,-40.0,0.0,0.0,0.0,0.0,1.0,626.0
2026-07-21 16:43:06.252,28.75,29.62,29.93,29.25,27.43,28.75,928.1,24.5,-40.0,0.0,0.0,0.0,0.0,1.0,626.0
2026-07-21 16:43:06.452,28.75,29.62,29.93,29.25,27.43,28.75,928.1,24.5,-40.0,0.0,0.0,0.0,0.0,1.0,626.0
2026-07-21 16:43:06.653,28.75,29.62,29.93,29.25,27.43,28.75,928.2,24.8,-40.0,0.0,0.0,0.0,0.0,1.0,626.0
2026-07-21 16:43:06.852,28.68,29.56,29.93,29.25,27.43,28.75,928.2,24.8,-40.0,0.0,0.0,0.0,0.0,1.0,626.0
2026-07-21 16:43:07.053,28.68,29.56,29.93,29.25,27.43,28.72,928.1,25.0,-40.0,0.0,0.0,0.0,0.0,1.0,627.0
2026-07-21 16:43:07.252,28.68,29.56,29.93,29.25,27.43,28.72,928.1,25.0,-40.0,0.0,0.0,0.0,0.0,1.0,627.0
2026-07-21 16:43:07.452,28.68,29.56,29.93,29.25,27.43,28.72,928.1,25.0,-40.0,0.0,0.0,0.0,0.0,1.0,627.0
2026-07-21 16:43:07.653,28.68,29.56,29.93,29.25,27.43,28.72,928.1,24.5,-40.0,0.0,0.0,0.0,0.0,1.0,627.0
2026-07-21 16:43:07.853,28.75,29.62,29.93,29.25,27.43,28.72,928.1,24.5,-40.0,0.0,0.0,0.0,0.0,1.0,627.0
2026-07-21 16:43:08.052,28.75,29.62,29.93,29.25,27.43,28.73,928.1,24.9,-40.0,0.0,0.0,0.0,0.0,1.0,628.0
2026-07-21 16:43:08.252,28.75,29.62,29.93,29.25,27.43,28.73,928.1,24.9,-40.0,0.0,0.0,0.0,0.0,1.0,628.0
2026-07-21 16:43:08.452,28.75,29.62,29.93,29.25,27.43,28.73,928.1,24.9,-40.0,0.0,0.0,0.0,0.0,1.0,628.0
2026-07-21 16:43:08.661,28.75,29.62,29.93,29.25,27.43,28.73,928.1,24.8,-40.0,0.0,0.0,0.0,0.0,1.0,628.0
2026-07-21 16:43:08.917,28.68,29.62,29.93,29.25,27.5,28.73,928.1,24.8,-40.0,0.0,0.0,0.0,0.0,1.0,628.0
2026-07-21 16:43:09.053,28.68,29.62,29.93,29.25,27.5,28.73,928.1,25.0,-40.0,0.0,0.0,0.0,0.0,1.0,629.0
2026-07-21 16:43:09.253,28.68,29.62,29.93,29.25,27.5,28.73,928.1,25.0,-40.0,0.0,0.0,0.0,0.0,1.0,629.0
2026-07-21 16:43:09.453,28.68,29.62,29.93,29.25,27.5,28.73,928.1,25.0,-40.0,0.0,0.0,0.0,0.0,1.0,629.0
2026-07-21 16:43:09.653,28.68,29.62,29.93,29.25,27.5,28.73,928.1,24.7,-40.0,0.0,0.0,0.0,0.0,1.0,629.0
2026-07-21 16:43:09.852,28.68,29.62,30.0,29.25,27.43,28.73,928.1,24.7,-40.0,0.0,0.0,0.0,0.0,1.0,629.0
2026-07-21 16:43:10.053,28.68,29.62,30.0,29.25,27.43,28.75,928.1,24.3,-40.0,0.0,0.0,0.0,0.0,1.0,630.0
2026-07-21 16:43:10.252,28.68,29.62,30.0,29.25,27.43,28.75,928.1,24.3,-40.0,0.0,0.0,0.0,0.0,1.0,630.0
2026-07-21 16:43:10.452,28.68,29.62,30.0,29.25,27.43,28.75,928.1,24.3,-40.0,0.0,0.0,0.0,0.0,1.0,630.0
2026-07-21 16:43:10.652,28.68,29.62,30.0,29.25,27.43,28.73,928.1,24.8,-40.0,0.0,0.0,0.0,0.0,1.0,630.0
2026-07-21 16:43:10.852,28.68,29.62,29.93,29.25,27.43,28.73,928.1,24.8,-40.0,0.0,0.0,0.0,0.0,1.0,630.0
2026-07-21 16:43:11.053,28.68,29.62,29.93,29.25,27.43,28.72,928.1,24.9,-40.0,0.0,0.0,0.0,0.0,1.0,631.0
2026-07-21 16:43:11.253,28.68,29.62,29.93,29.25,27.43,28.72,928.1,24.9,-40.0,0.0,0.0,0.0,0.0,1.0,631.0
2026-07-21 16:43:11.453,28.68,29.62,29.93,29.25,27.43,28.72,928.1,24.9,-40.0,0.0,0.0,0.0,0.0,1.0,631.0
2026-07-21 16:43:11.652,28.68,29.62,29.93,29.25,27.43,28.73,928.2,24.9,-40.0,0.0,0.0,0.0,0.0,1.0,631.0
2026-07-21 16:43:11.852,28.68,29.56,29.93,29.25,27.43,28.73,928.2,24.9,-40.0,0.0,0.0,0.0,0.0,1.0,631.0
2026-07-21 16:43:12.090,28.68,29.56,29.93,29.25,27.43,28.72,928.1,24.8,-40.0,0.0,0.0,0.0,0.0,1.0,632.0
2026-07-21 16:43:12.252,28.68,29.56,29.93,29.25,27.43,28.72,928.1,24.8,-40.0,0.0,0.0,0.0,0.0,1.0,632.0
2026-07-21 16:43:12.452,28.68,29.56,29.93,29.25,27.43,28.72,928.1,24.8,-40.0,0.0,0.0,0.0,0.0,1.0,632.0
2026-07-21 16:43:12.653,28.68,29.56,29.93,29.25,27.43,28.73,928.2,24.6,-40.0,0.0,0.0,0.0,0.0,1.0,632.0
2026-07-21 16:43:12.852,28.68,29.56,29.93,29.25,27.5,28.73,928.2,24.6,-40.0,0.0,0.0,0.0,0.0,1.0,632.0
2026-07-21 16:43:13.052,28.68,29.56,29.93,29.25,27.5,28.72,928.2,25.0,-40.0,0.0,0.0,0.0,0.0,1.0,633.0
2026-07-21 16:43:13.252,28.68,29.56,29.93,29.25,27.5,28.72,928.2,25.0,-40.0,0.0,0.0,0.0,0.0,1.0,633.0
2026-07-21 16:43:13.453,28.68,29.56,29.93,29.25,27.5,28.72,928.2,25.0,-40.0,0.0,0.0,0.0,0.0,1.0,633.0
2026-07-21 16:43:13.653,28.68,29.56,29.93,29.25,27.5,28.71,928.1,24.9,-40.0,0.0,0.0,0.0,0.0,1.0,633.0
2026-07-21 16:43:13.852,28.68,29.56,29.93,29.25,27.43,28.71,928.1,24.9,-40.0,0.0,0.0,0.0,0.0,1.0,633.0
2026-07-21 16:43:14.052,28.68,29.56,29.93,29.25,27.43,28.72,928.2,24.7,-40.0,0.0,0.0,0.0,0.0,1.0,634.0
2026-07-21 16:43:14.252,28.68,29.56,29.93,29.25,27.43,28.72,928.2,24.7,-40.0,0.0,0.0,0.0,0.0,1.0,634.0
2026-07-21 16:43:14.453,28.68,29.56,29.93,29.25,27.43,28.72,928.2,24.7,-40.0,0.0,0.0,0.0,0.0,1.0,634.0
2026-07-21 16:43:14.653,28.68,29.56,29.93,29.25,27.43,28.73,928.1,24.9,-40.0,0.0,0.0,0.0,0.0,1.0,634.0
2026-07-21 16:43:14.852,28.68,29.62,29.93,29.25,27.43,28.73,928.1,24.9,-40.0,0.0,0.0,0.0,0.0,1.0,634.0
2026-07-21 16:43:15.053,28.68,29.62,29.93,29.25,27.43,28.72,928.1,24.7,-40.0,0.0,0.0,0.0,0.0,1.0,635.0
2026-07-21 16:43:15.252,28.68,29.62,29.93,29.25,27.43,28.72,928.1,24.7,-40.0,0.0,0.0,0.0,0.0,1.0,635.0
2026-07-21 16:43:15.452,28.68,29.62,29.93,29.25,27.43,28.72,928.1,24.7,-40.0,0.0,0.0,0.0,0.0,1.0,635.0
2026-07-21 16:43:15.661,28.68,29.62,29.93,29.25,27.43,28.71,928.1,24.9,-40.0,0.0,0.0,0.0,0.0,1.0,635.0
2026-07-21 16:43:15.852,28.68,29.62,29.93,29.25,27.5,28.71,928.1,24.9,-40.0,0.0,0.0,0.0,0.0,1.0,635.0
2026-07-21 16:43:16.053,28.68,29.62,29.93,29.25,27.5,28.72,928.1,25.0,-40.0,0.0,0.0,0.0,0.0,1.0,636.0
2026-07-21 16:43:16.280,28.68,29.62,29.93,29.25,27.5,28.72,928.1,25.0,-40.0,0.0,0.0,0.0,0.0,1.0,636.0
2026-07-21 16:43:16.452,28.68,29.62,29.93,29.25,27.5,28.72,928.1,25.0,-40.0,0.0,0.0,0.0,0.0,1.0,636.0
2026-07-21 16:43:16.653,28.68,29.62,29.93,29.25,27.5,28.71,928.1,25.0,-40.0,0.0,0.0,0.0,0.0,1.0,636.0
2026-07-21 16:43:16.865,28.68,29.62,29.93,29.25,27.43,28.71,928.1,25.0,-40.0,0.0,0.0,0.0,0.0,1.0,636.0
2026-07-21 16:43:17.052,28.68,29.62,29.93,29.25,27.43,28.72,928.1,24.4,-40.0,0.0,0.0,0.0,0.0,1.0,637.0
2026-07-21 16:43:17.252,28.68,29.62,29.93,29.25,27.43,28.72,928.1,24.4,-40.0,0.0,0.0,0.0,0.0,1.0,637.0
2026-07-21 16:43:17.457,28.68,29.62,29.93,29.25,27.43,28.72,928.1,24.4,-40.0,0.0,0.0,0.0,0.0,1.0,637.0
2026-07-21 16:43:17.653,28.68,29.62,29.93,29.25,27.43,28.72,928.1,24.9,-40.0,0.0,0.0,0.0,0.0,1.0,637.0
2026-07-21 16:43:17.852,28.75,29.62,29.93,29.25,27.5,28.72,928.1,24.9,-40.0,0.0,0.0,0.0,0.0,1.0,637.0
2026-07-21 16:43:18.059,28.75,29.62,29.93,29.25,27.5,28.71,928.1,25.1,-40.0,0.0,0.0,0.0,0.0,1.0,638.0
2026-07-21 16:43:18.253,28.75,29.62,29.93,29.25,27.5,28.71,928.1,25.1,-40.0,0.0,0.0,0.0,0.0,1.0,638.0
2026-07-21 16:43:18.479,28.75,29.62,29.93,29.25,27.5,28.71,928.1,25.1,-40.0,0.0,0.0,0.0,0.0,1.0,638.0
2026-07-21 16:43:18.652,28.75,29.62,29.93,29.25,27.5,28.72,928.2,25.0,-40.0,0.0,0.0,0.0,0.0,1.0,638.0
2026-07-21 16:43:18.851,28.68,29.62,29.93,29.25,27.62,28.72,928.2,25.0,-40.0,0.0,0.0,0.0,0.0,1.0,638.0
2026-07-21 16:43:19.066,28.68,29.62,29.93,29.25,27.62,28.71,928.1,24.9,-40.0,0.0,0.0,0.0,0.0,1.0,639.0
2026-07-21 16:43:19.252,28.68,29.62,29.93,29.25,27.62,28.71,928.1,24.9,-40.0,0.0,0.0,0.0,0.0,1.0,639.0
2026-07-21 16:43:19.452,28.68,29.62,29.93,29.25,27.62,28.71,928.1,24.9,-40.0,0.0,0.0,0.0,0.0,1.0,639.0
2026-07-21 16:43:19.652,28.68,29.62,29.93,29.25,27.62,28.71,928.1,25.0,-40.0,0.0,0.0,0.0,0.0,1.0,639.0
2026-07-21 16:43:19.853,28.81,29.56,29.93,29.25,27.75,28.71,928.1,25.0,-40.0,0.0,0.0,0.0,0.0,1.0,639.0
2026-07-21 16:43:20.052,28.81,29.56,29.93,29.25,27.75,28.71,928.2,25.0,-40.0,0.0,0.0,0.0,0.0,1.0,640.0
2026-07-21 16:43:20.265,28.81,29.56,29.93,29.25,27.75,28.71,928.2,25.0,-40.0,0.0,0.0,0.0,0.0,1.0,640.0
2026-07-21 16:43:20.453,28.81,29.56,29.93,29.25,27.75,28.71,928.2,25.0,-40.0,0.0,0.0,0.0,0.0,1.0,640.0
2026-07-21 16:43:20.665,28.81,29.56,29.93,29.25,27.75,28.71,928.1,24.9,-40.0,0.0,0.0,0.0,0.0,1.0,640.0
2026-07-21 16:43:20.852,28.81,29.56,29.93,29.25,27.93,28.71,928.1,24.9,-40.0,0.0,0.0,0.0,0.0,1.0,640.0
2026-07-21 16:43:21.053,28.81,29.56,29.93,29.25,27.93,28.71,928.1,24.9,-40.0,0.0,0.0,0.0,0.0,1.0,641.0
2026-07-21 16:43:21.252,28.81,29.56,29.93,29.25,27.93,28.71,928.1,24.9,-40.0,0.0,0.0,0.0,0.0,1.0,641.0
2026-07-21 16:43:21.451,28.81,29.56,29.93,29.25,27.93,28.71,928.1,24.9,-40.0,0.0,0.0,0.0,0.0,1.0,641.0
2026-07-21 16:43:21.652,28.81,29.56,29.93,29.25,27.93,28.72,928.1,24.7,-40.0,0.0,0.0,0.0,0.0,1.0,641.0
2026-07-21 16:43:21.852,28.87,29.62,29.93,29.25,28.0,28.72,928.1,24.7,-40.0,0.0,0.0,0.0,0.0,1.0,641.0
2026-07-21 16:43:22.053,28.87,29.62,29.93,29.25,28.0,28.71,928.1,24.7,-40.0,0.0,0.0,0.0,0.0,1.0,642.0
2026-07-21 16:43:22.252,28.87,29.62,29.93,29.25,28.0,28.71,928.1,24.7,-40.0,0.0,0.0,0.0,0.0,1.0,642.0
2026-07-21 16:43:22.452,28.87,29.62,29.93,29.25,28.0,28.71,928.1,24.7,-40.0,0.0,0.0,0.0,0.0,1.0,642.0
2026-07-21 16:43:22.652,28.87,29.62,29.93,29.25,28.0,28.7,928.1,25.0,-40.0,0.0,0.0,0.0,0.0,1.0,642.0
2026-07-21 16:43:22.852,28.93,29.62,29.93,29.25,28.18,28.7,928.1,25.0,-40.0,0.0,0.0,0.0,0.0,1.0,642.0
2026-07-21 16:43:23.053,28.93,29.62,29.93,29.25,28.18,28.7,928.1,24.9,-40.0,0.0,0.0,0.0,0.0,1.0,643.0
2026-07-21 16:43:23.252,28.93,29.62,29.93,29.25,28.18,28.7,928.1,24.9,-40.0,0.0,0.0,0.0,0.0,1.0,643.0
2026-07-21 16:43:23.490,28.93,29.62,29.93,29.25,28.18,28.7,928.1,24.9,-40.0,0.0,0.0,0.0,0.0,1.0,643.0
2026-07-21 16:43:23.652,28.93,29.62,29.93,29.25,28.18,28.71,928.1,24.5,-40.0,0.0,0.0,0.0,0.0,1.0,643.0
2026-07-21 16:43:23.852,29.0,29.56,29.93,29.25,28.31,28.71,928.1,24.5,-40.0,0.0,0.0,0.0,0.0,1.0,643.0
2026-07-21 16:43:24.053,29.0,29.56,29.93,29.25,28.31,28.7,928.1,24.7,-40.0,0.0,0.0,0.0,0.0,1.0,644.0
2026-07-21 16:43:24.253,29.0,29.56,29.93,29.25,28.31,28.7,928.1,24.7,-40.0,0.0,0.0,0.0,0.0,1.0,644.0
2026-07-21 16:43:24.456,29.0,29.56,29.93,29.25,28.31,28.7,928.1,24.7,-40.0,0.0,0.0,0.0,0.0,1.0,644.0
2026-07-21 16:43:24.652,29.0,29.56,29.93,29.25,28.31,28.7,928.1,24.8,-40.0,0.0,0.0,0.0,0.0,1.0,644.0
2026-07-21 16:43:24.855,29.06,29.56,29.93,29.25,28.43,28.7,928.1,24.8,-40.0,0.0,0.0,0.0,0.0,1.0,644.0
2026-07-21 16:43:25.052,29.06,29.56,29.93,29.25,28.43,28.71,928.2,24.4,-40.0,0.0,0.0,0.0,0.0,1.0,645.0
2026-07-21 16:43:25.270,29.06,29.56,29.93,29.25,28.43,28.71,928.2,24.4,-40.0,0.0,0.0,0.0,0.0,1.0,645.0
2026-07-21 16:43:25.452,29.06,29.56,29.93,29.25,28.43,28.71,928.2,24.4,-40.0,0.0,0.0,0.0,0.0,1.0,645.0
2026-07-21 16:43:25.653,29.06,29.56,29.93,29.25,28.43,28.7,928.1,24.6,-40.0,0.0,0.0,0.0,0.0,1.0,645.0
2026-07-21 16:43:25.854,29.12,29.62,29.93,29.25,28.56,28.7,928.1,24.6,-40.0,0.0,0.0,0.0,0.0,1.0,645.0
2026-07-21 16:43:26.052,29.12,29.62,29.93,29.25,28.56,28.71,928.1,24.7,-40.0,0.0,0.0,0.0,0.0,1.0,646.0
2026-07-21 16:43:26.251,29.12,29.62,29.93,29.25,28.56,28.71,928.1,24.7,-40.0,0.0,0.0,0.0,0.0,1.0,646.0
2026-07-21 16:43:26.452,29.12,29.62,29.93,29.25,28.56,28.71,928.1,24.7,-40.0,0.0,0.0,0.0,0.0,1.0,646.0
2026-07-21 16:43:26.652,29.12,29.62,29.93,29.25,28.56,28.7,928.2,25.0,-40.0,0.0,0.0,0.0,0.0,1.0,646.0
2026-07-21 16:43:26.852,29.18,29.56,29.93,29.25,28.75,28.7,928.2,25.0,-40.0,0.0,0.0,0.0,0.0,1.0,646.0
2026-07-21 16:43:27.052,29.18,29.56,29.93,29.25,28.75,28.7,928.1,24.3,-40.0,0.0,0.0,0.0,0.0,1.0,647.0
2026-07-21 16:43:27.252,29.18,29.56,29.93,29.25,28.75,28.7,928.1,24.3,-40.0,0.0,0.0,0.0,0.0,1.0,647.0
2026-07-21 16:43:27.451,29.18,29.56,29.93,29.25,28.75,28.7,928.1,24.3,-40.0,0.0,0.0,0.0,0.0,1.0,647.0
2026-07-21 16:43:27.653,29.18,29.56,29.93,29.25,28.75,28.7,928.1,24.4,-40.0,0.0,0.0,0.0,0.0,1.0,647.0
2026-07-21 16:43:27.852,29.18,29.62,29.93,29.25,28.87,28.7,928.1,24.4,-40.0,0.0,0.0,0.0,0.0,1.0,647.0
2026-07-21 16:43:28.053,29.18,29.62,29.93,29.25,28.87,28.71,928.1,24.8,-40.0,0.0,0.0,0.0,0.0,1.0,648.0
2026-07-21 16:43:28.252,29.18,29.62,29.93,29.25,28.87,28.71,928.1,24.8,-40.0,0.0,0.0,0.0,0.0,1.0,648.0
2026-07-21 16:43:28.456,29.18,29.62,29.93,29.25,28.87,28.71,928.1,24.8,-40.0,0.0,0.0,0.0,0.0,1.0,648.0
2026-07-21 16:43:28.652,29.18,29.62,29.93,29.25,28.87,28.7,928.2,24.8,-40.0,0.0,0.0,0.0,0.0,1.0,648.0
2026-07-21 16:43:28.852,29.31,29.62,29.93,29.25,29.0,28.7,928.2,24.8,-40.0,0.0,0.0,0.0,0.0,1.0,648.0
2026-07-21 16:43:29.052,29.31,29.62,29.93,29.25,29.0,28.7,928.2,24.8,-40.0,0.0,0.0,0.0,0.0,1.0,649.0
2026-07-21 16:43:29.252,29.31,29.62,29.93,29.25,29.0,28.7,928.2,24.8,-40.0,0.0,0.0,0.0,0.0,1.0,649.0
2026-07-21 16:43:29.486,29.31,29.62,29.93,29.25,29.0,28.7,928.2,24.8,-40.0,0.0,0.0,0.0,0.0,1.0,649.0
2026-07-21 16:43:29.652,29.31,29.62,29.93,29.25,29.0,28.7,928.1,24.8,-40.0,0.0,0.0,0.0,0.0,1.0,649.0
2026-07-21 16:43:29.852,29.31,29.56,29.93,29.25,29.06,28.7,928.1,24.8,-40.0,0.0,0.0,0.0,0.0,1.0,649.0
2026-07-21 16:43:30.055,29.31,29.56,29.93,29.25,29.06,28.7,928.2,24.9,-40.0,0.0,0.0,0.0,0.0,1.0,650.0
2026-07-21 16:43:30.251,29.31,29.56,29.93,29.25,29.06,28.7,928.2,24.9,-40.0,0.0,0.0,0.0,0.0,1.0,650.0
2026-07-21 16:43:30.452,29.31,29.56,29.93,29.25,29.06,28.7,928.2,24.9,-40.0,0.0,0.0,0.0,0.0,1.0,650.0
2026-07-21 16:43:30.653,29.31,29.56,29.93,29.25,29.06,28.7,928.1,24.9,-40.0,0.0,0.0,0.0,0.0,1.0,650.0
2026-07-21 16:43:30.852,29.37,29.56,29.93,29.31,29.12,28.7,928.1,24.9,-40.0,0.0,0.0,0.0,0.0,1.0,650.0
2026-07-21 16:43:31.052,29.37,29.56,29.93,29.31,29.12,28.7,928.2,24.8,-40.0,0.0,0.0,0.0,0.0,1.0,651.0
2026-07-21 16:43:31.251,29.37,29.56,29.93,29.31,29.12,28.7,928.2,24.8,-40.0,0.0,0.0,0.0,0.0,1.0,651.0
2026-07-21 16:43:31.452,29.37,29.56,29.93,29.31,29.12,28.7,928.2,24.8,-40.0,0.0,0.0,0.0,0.0,1.0,651.0
2026-07-21 16:43:31.691,29.37,29.56,29.93,29.31,29.12,28.7,928.2,25.0,-40.0,0.0,0.0,0.0,0.0,1.0,651.0
2026-07-21 16:43:31.851,29.43,29.62,30.0,29.31,29.25,28.7,928.2,25.0,-40.0,0.0,0.0,0.0,0.0,1.0,651.0
2026-07-21 16:43:32.053,29.43,29.62,30.0,29.31,29.25,28.7,928.1,24.7,-40.0,0.0,0.0,0.0,0.0,1.0,652.0
2026-07-21 16:43:32.252,29.43,29.62,30.0,29.31,29.25,28.7,928.1,24.7,-40.0,0.0,0.0,0.0,0.0,1.0,652.0
2026-07-21 16:43:32.451,29.43,29.62,30.0,29.31,29.25,28.7,928.1,24.7,-40.0,0.0,0.0,0.0,0.0,1.0,652.0
2026-07-21 16:43:32.669,29.43,29.62,30.0,29.31,29.25,28.7,928.2,25.1,-40.0,0.0,0.0,0.0,0.0,1.0,652.0
2026-07-21 16:43:32.852,29.43,29.62,29.93,29.31,29.37,28.7,928.2,25.1,-40.0,0.0,0.0,0.0,0.0,1.0,652.0
2026-07-21 16:43:33.052,29.43,29.62,29.93,29.31,29.37,28.7,928.1,24.6,-40.0,0.0,0.0,0.0,0.0,1.0,653.0
2026-07-21 16:43:33.265,29.43,29.62,29.93,29.31,29.37,28.7,928.1,24.6,-40.0,0.0,0.0,0.0,0.0,1.0,653.0
2026-07-21 16:43:33.452,29.43,29.62,29.93,29.31,29.37,28.7,928.1,24.6,-40.0,0.0,0.0,0.0,0.0,1.0,653.0
2026-07-21 16:43:33.662,29.43,29.62,29.93,29.31,29.37,28.7,928.1,25.0,-40.0,0.0,0.0,0.0,0.0,1.0,653.0
2026-07-21 16:43:33.852,29.5,29.62,29.93,29.31,29.43,28.7,928.1,25.0,-40.0,0.0,0.0,0.0,0.0,1.0,653.0
2026-07-21 16:43:34.053,29.5,29.62,29.93,29.31,29.43,28.7,928.2,24.6,-40.0,0.0,0.0,0.0,0.0,1.0,654.0
2026-07-21 16:43:34.252,29.5,29.62,29.93,29.31,29.43,28.7,928.2,24.6,-40.0,0.0,0.0,0.0,0.0,1.0,654.0
2026-07-21 16:43:34.452,29.5,29.62,29.93,29.31,29.43,28.7,928.2,24.6,-40.0,0.0,0.0,0.0,0.0,1.0,654.0
2026-07-21 16:43:34.652,29.5,29.62,29.93,29.31,29.43,28.7,928.1,25.1,-40.0,0.0,0.0,0.0,0.0,1.0,654.0
2026-07-21 16:43:34.852,29.56,29.56,29.93,29.31,29.56,28.7,928.1,25.1,-40.0,0.0,0.0,0.0,0.0,1.0,654.0
2026-07-21 16:43:35.052,29.56,29.56,29.93,29.31,29.56,28.7,928.2,25.0,-40.0,0.0,0.0,0.0,0.0,1.0,655.0
2026-07-21 16:43:35.252,29.56,29.56,29.93,29.31,29.56,28.7,928.2,25.0,-40.0,0.0,0.0,0.0,0.0,1.0,655.0
2026-07-21 16:43:35.452,29.56,29.56,29.93,29.31,29.56,28.7,928.2,25.0,-40.0,0.0,0.0,0.0,0.0,1.0,655.0
2026-07-21 16:43:35.652,29.56,29.56,29.93,29.31,29.56,28.69,928.1,24.8,-40.0,0.0,0.0,0.0,0.0,1.0,655.0
2026-07-21 16:43:35.870,29.56,29.56,29.87,29.31,29.56,28.69,928.1,24.8,-40.0,0.0,0.0,0.0,0.0,1.0,655.0
2026-07-21 16:43:36.051,29.56,29.56,29.87,29.31,29.56,28.7,928.1,24.7,-40.0,0.0,0.0,0.0,0.0,1.0,656.0
2026-07-21 16:43:36.252,29.56,29.56,29.87,29.31,29.56,28.7,928.1,24.7,-40.0,0.0,0.0,0.0,0.0,1.0,656.0
2026-07-21 16:43:36.452,29.56,29.56,29.87,29.31,29.56,28.7,928.1,24.7,-40.0,0.0,0.0,0.0,0.0,1.0,656.0
2026-07-21 16:43:36.654,29.56,29.56,29.87,29.31,29.56,28.7,928.2,25.0,-40.0,0.0,0.0,0.0,0.0,1.0,656.0
2026-07-21 16:43:36.852,29.56,29.56,29.93,29.31,29.68,28.7,928.2,25.0,-40.0,0.0,0.0,0.0,0.0,1.0,656.0
2026-07-21 16:43:37.052,29.56,29.56,29.93,29.31,29.68,28.7,928.2,24.9,-40.0,0.0,0.0,0.0,0.0,1.0,657.0
2026-07-21 16:43:37.252,29.56,29.56,29.93,29.31,29.68,28.7,928.2,24.9,-40.0,0.0,0.0,0.0,0.0,1.0,657.0
2026-07-21 16:43:37.451,29.56,29.56,29.93,29.31,29.68,28.7,928.2,24.9,-40.0,0.0,0.0,0.0,0.0,1.0,657.0
2026-07-21 16:43:37.653,29.56,29.56,29.93,29.31,29.68,28.7,928.1,25.0,-40.0,0.0,0.0,0.0,0.0,1.0,657.0
2026-07-21 16:43:37.852,29.62,29.56,29.93,29.31,29.75,28.7,928.1,25.0,-40.0,0.0,0.0,0.0,0.0,1.0,657.0
2026-07-21 16:43:38.053,29.62,29.56,29.93,29.31,29.75,28.7,928.1,25.1,-40.0,0.0,0.0,0.0,0.0,1.0,658.0
2026-07-21 16:43:38.252,29.62,29.56,29.93,29.31,29.75,28.7,928.1,25.1,-40.0,0.0,0.0,0.0,0.0,1.0,658.0
2026-07-21 16:43:38.451,29.62,29.56,29.93,29.31,29.75,28.7,928.1,25.1,-40.0,0.0,0.0,0.0,0.0,1.0,658.0
2026-07-21 16:43:38.652,29.62,29.56,29.93,29.31,29.75,28.7,928.1,24.8,-40.0,0.0,0.0,0.0,0.0,1.0,658.0
2026-07-21 16:43:38.852,29.62,29.56,29.93,29.25,29.81,28.7,928.1,24.8,-40.0,0.0,0.0,0.0,0.0,1.0,658.0
2026-07-21 16:43:39.051,29.62,29.56,29.93,29.25,29.81,28.7,928.1,25.1,-40.0,0.0,0.0,0.0,0.0,1.0,659.0
2026-07-21 16:43:39.252,29.62,29.56,29.93,29.25,29.81,28.7,928.1,25.1,-40.0,0.0,0.0,0.0,0.0,1.0,659.0
2026-07-21 16:43:39.452,29.62,29.56,29.93,29.25,29.81,28.7,928.1,25.1,-40.0,0.0,0.0,0.0,0.0,1.0,659.0
2026-07-21 16:43:39.652,29.62,29.56,29.93,29.25,29.81,28.7,928.1,24.7,-40.0,0.0,0.0,0.0,0.0,1.0,659.0
2026-07-21 16:43:39.851,29.68,29.62,29.93,29.25,29.87,28.7,928.1,24.7,-40.0,0.0,0.0,0.0,0.0,1.0,659.0
2026-07-21 16:43:40.052,29.68,29.62,29.93,29.25,29.87,28.7,928.1,24.8,-40.0,0.0,0.0,0.0,0.0,1.0,660.0
2026-07-21 16:43:40.274,29.68,29.62,29.93,29.25,29.87,28.7,928.1,24.8,-40.0,0.0,0.0,0.0,0.0,1.0,660.0
2026-07-21 16:43:40.451,29.68,29.62,29.93,29.25,29.87,28.7,928.1,24.8,-40.0,0.0,0.0,0.0,0.0,1.0,660.0
2026-07-21 16:43:40.654,29.68,29.62,29.93,29.25,29.87,28.7,928.1,25.0,-40.0,0.0,0.0,0.0,0.0,1.0,660.0
2026-07-21 16:43:40.853,29.68,29.56,29.93,29.25,29.87,28.7,928.1,25.0,-40.0,0.0,0.0,0.0,0.0,1.0,660.0
2026-07-21 16:43:41.053,29.68,29.56,29.93,29.25,29.87,28.7,928.1,25.4,-40.0,0.0,0.0,0.0,0.0,1.0,661.0
2026-07-21 16:43:41.252,29.68,29.56,29.93,29.25,29.87,28.7,928.1,25.4,-40.0,0.0,0.0,0.0,0.0,1.0,661.0
2026-07-21 16:43:41.451,29.68,29.56,29.93,29.25,29.87,28.7,928.1,25.4,-40.0,0.0,0.0,0.0,0.0,1.0,661.0
2026-07-21 16:43:41.652,29.68,29.56,29.93,29.25,29.87,28.7,928.1,25.1,-40.0,0.0,0.0,0.0,0.0,1.0,661.0
2026-07-21 16:43:41.852,29.68,29.56,29.93,29.25,29.87,28.7,928.1,25.1,-40.0,0.0,0.0,0.0,0.0,1.0,661.0
2026-07-21 16:43:42.052,29.68,29.56,29.93,29.25,29.87,28.7,928.1,24.6,-40.0,0.0,0.0,0.0,0.0,1.0,662.0
2026-07-21 16:43:42.252,29.68,29.56,29.93,29.25,29.87,28.7,928.1,24.6,-40.0,0.0,0.0,0.0,0.0,1.0,662.0
2026-07-21 16:43:42.473,29.68,29.56,29.93,29.25,29.87,28.7,928.1,24.6,-40.0,0.0,0.0,0.0,0.0,1.0,662.0
2026-07-21 16:43:42.652,29.68,29.56,29.93,29.25,29.87,28.7,928.1,25.2,-40.0,0.0,0.0,0.0,0.0,1.0,662.0
2026-07-21 16:43:42.852,29.68,29.56,29.93,29.31,29.87,28.7,928.1,25.2,-40.0,0.0,0.0,0.0,0.0,1.0,662.0
2026-07-21 16:43:43.097,29.68,29.56,29.93,29.31,29.87,28.7,928.1,25.1,-40.0,0.0,0.0,0.0,0.0,1.0,663.0
2026-07-21 16:43:43.252,29.68,29.56,29.93,29.31,29.87,28.7,928.1,25.1,-40.0,0.0,0.0,0.0,0.0,1.0,663.0
2026-07-21 16:43:43.452,29.68,29.56,29.93,29.31,29.87,28.7,928.1,25.1,-40.0,0.0,0.0,0.0,0.0,1.0,663.0
2026-07-21 16:43:43.652,29.68,29.56,29.93,29.31,29.87,28.7,928.2,24.6,-40.0,0.0,0.0,0.0,0.0,1.0,663.0
2026-07-21 16:43:43.852,29.68,29.56,29.93,29.25,29.87,28.7,928.2,24.6,-40.0,0.0,0.0,0.0,0.0,1.0,663.0
2026-07-21 16:43:44.063,29.68,29.56,29.93,29.25,29.87,28.7,928.1,25.1,-40.0,0.0,0.0,0.0,0.0,1.0,664.0
2026-07-21 16:43:44.253,29.68,29.56,29.93,29.25,29.87,28.7,928.1,25.1,-40.0,0.0,0.0,0.0,0.0,1.0,664.0
2026-07-21 16:43:44.495,29.68,29.56,29.93,29.25,29.87,28.7,928.1,25.1,-40.0,0.0,0.0,0.0,0.0,1.0,664.0
2026-07-21 16:43:44.652,29.68,29.56,29.93,29.25,29.87,28.7,928.2,25.3,-40.0,0.0,0.0,0.0,0.0,1.0,664.0
2026-07-21 16:43:44.852,29.62,29.56,29.93,29.31,29.87,28.7,928.2,25.3,-40.0,0.0,0.0,0.0,0.0,1.0,664.0
2026-07-21 16:43:45.054,29.62,29.56,29.93,29.31,29.87,28.69,928.1,25.0,-40.0,0.0,0.0,0.0,0.0,1.0,665.0
2026-07-21 16:43:45.256,29.62,29.56,29.93,29.31,29.87,28.69,928.1,25.0,-40.0,0.0,0.0,0.0,0.0,1.0,665.0
2026-07-21 16:43:45.452,29.62,29.56,29.93,29.31,29.87,28.69,928.1,25.0,-40.0,0.0,0.0,0.0,0.0,1.0,665.0
2026-07-21 16:43:45.652,29.62,29.56,29.93,29.31,29.87,28.69,928.1,24.8,-40.0,0.0,0.0,0.0,0.0,1.0,665.0
2026-07-21 16:43:45.853,29.68,29.56,29.93,29.25,29.93,28.69,928.1,24.8,-40.0,0.0,0.0,0.0,0.0,1.0,665.0
2026-07-21 16:43:46.053,29.68,29.56,29.93,29.25,29.93,28.7,928.1,25.1,-40.0,0.0,0.0,0.0,0.0,1.0,666.0
2026-07-21 16:43:46.285,29.68,29.56,29.93,29.25,29.93,28.7,928.1,25.1,-40.0,0.0,0.0,0.0,0.0,1.0,666.0
2026-07-21 16:43:46.451,29.68,29.56,29.93,29.25,29.93,28.7,928.1,25.1,-40.0,0.0,0.0,0.0,0.0,1.0,666.0
2026-07-21 16:43:46.692,29.68,29.56,29.93,29.25,29.93,28.69,928.1,25.1,-40.0,0.0,0.0,0.0,0.0,1.0,666.0
2026-07-21 16:43:46.852,29.68,29.56,29.93,29.25,29.93,28.69,928.1,25.1,-40.0,0.0,0.0,0.0,0.0,1.0,666.0
2026-07-21 16:43:47.052,29.68,29.56,29.93,29.25,29.93,28.7,928.1,25.0,-40.0,0.0,0.0,0.0,0.0,1.0,667.0
2026-07-21 16:43:47.252,29.68,29.56,29.93,29.25,29.93,28.7,928.1,25.0,-40.0,0.0,0.0,0.0,0.0,1.0,667.0
2026-07-21 16:43:47.452,29.68,29.56,29.93,29.25,29.93,28.7,928.1,25.0,-40.0,0.0,0.0,0.0,0.0,1.0,667.0
2026-07-21 16:43:47.692,29.68,29.56,29.93,29.25,29.93,28.69,928.1,24.8,-40.0,0.0,0.0,0.0,0.0,1.0,667.0
2026-07-21 16:43:47.851,29.75,29.56,29.93,29.25,30.0,28.69,928.1,24.8,-40.0,0.0,0.0,0.0,0.0,1.0,667.0
2026-07-21 16:43:48.051,29.75,29.56,29.93,29.25,30.0,28.7,928.1,24.9,-40.0,0.0,0.0,0.0,0.0,1.0,668.0
2026-07-21 16:43:48.252,29.75,29.56,29.93,29.25,30.0,28.7,928.1,24.9,-40.0,0.0,0.0,0.0,0.0,1.0,668.0
2026-07-21 16:43:48.452,29.75,29.56,29.93,29.25,30.0,28.7,928.1,24.9,-40.0,0.0,0.0,0.0,0.0,1.0,668.0
2026-07-21 16:43:48.655,29.75,29.56,29.93,29.25,30.0,28.7,928.1,24.9,-40.0,0.0,0.0,0.0,0.0,1.0,668.0
2026-07-21 16:43:48.851,29.75,29.56,29.93,29.31,30.0,28.7,928.1,24.9,-40.0,0.0,0.0,0.0,0.0,1.0,668.0
2026-07-21 16:43:49.052,29.75,29.56,29.93,29.31,30.0,28.7,928.1,25.0,-40.0,0.0,0.0,0.0,0.0,1.0,669.0
2026-07-21 16:43:49.251,29.75,29.56,29.93,29.31,30.0,28.7,928.1,25.0,-40.0,0.0,0.0,0.0,0.0,1.0,669.0
2026-07-21 16:43:49.452,29.75,29.56,29.93,29.31,30.0,28.7,928.1,25.0,-40.0,0.0,0.0,0.0,0.0,1.0,669.0
2026-07-21 16:43:49.672,29.75,29.56,29.93,29.31,30.0,28.69,928.1,25.1,-40.0,0.0,0.0,0.0,0.0,1.0,669.0
