timestamp,ds0_c,ds1_c,ds2_c,ds3_c,ds4_c,bme_t_c,bme_p_hpa,bme_h_pct,target_c,comp,comp_allowed,hv,iso_duty,safe,up_s
2026-07-20 21:37:34.699,,,,,,,,,-40.0,0.0,0.0,0.0,0.0,0.0,2.0
2026-07-20 21:37:34.867,,,,,,,,,-40.0,0.0,0.0,0.0,0.0,0.0,2.0
2026-07-20 21:37:35.109,,,,,,,,,-40.0,0.0,0.0,0.0,0.0,0.0,3.0
2026-07-20 21:37:35.294,,,,,,,,,-40.0,0.0,0.0,0.0,0.0,0.0,3.0
2026-07-20 21:37:35.467,,,,,,,,,-40.0,0.0,0.0,0.0,0.0,0.0,3.0
2026-07-20 21:37:35.668,,,,,,,,,-40.0,0.0,0.0,0.0,0.0,0.0,3.0
2026-07-20 21:37:35.867,,,,,,,,,-40.0,0.0,0.0,0.0,0.0,0.0,3.0
2026-07-20 21:37:36.107,,,,,,,,,-40.0,0.0,0.0,0.0,0.0,0.0,4.0
2026-07-20 21:37:36.268,,,,,,,,,-40.0,0.0,0.0,0.0,0.0,0.0,4.0
2026-07-20 21:37:36.467,,,,,,,,,-40.0,0.0,0.0,0.0,0.0,0.0,4.0
2026-07-20 21:37:36.668,,,,,,,,,-40.0,0.0,0.0,0.0,0.0,0.0,4.0
2026-07-20 21:37:36.867,,,,,,,,,-40.0,0.0,0.0,0.0,0.0,0.0,4.0
2026-07-20 21:37:37.107,,,,,,,,,-40.0,0.0,0.0,0.0,0.0,0.0,5.0
2026-07-20 21:37:37.278,,,,,,,,,-40.0,0.0,0.0,0.0,0.0,0.0,5.0
2026-07-20 21:37:37.467,,,,,,,,,-40.0,0.0,0.0,0.0,0.0,0.0,5.0
2026-07-20 21:37:37.667,,,,,,,,,-40.0,0.0,0.0,0.0,0.0,0.0,5.0
2026-07-20 21:37:37.867,,,,,,,,,-40.0,0.0,1.0,0.0,0.0,0.0,5.0
2026-07-20 21:37:38.140,,,,,,,,,-40.0,0.0,1.0,0.0,0.0,0.0,6.0
2026-07-20 21:37:38.288,,,,,,,,,-40.0,0.0,1.0,0.0,0.0,0.0,6.0
2026-07-20 21:37:38.466,,,,,,,,,-40.0,0.0,1.0,0.0,0.0,0.0,6.0
2026-07-20 21:37:38.666,,,,,,,,,-40.0,0.0,1.0,0.0,0.0,0.0,6.0
2026-07-20 21:37:38.867,,,,,,,,,-40.0,0.0,1.0,0.0,0.0,0.0,6.0
2026-07-20 21:37:39.114,,,,,,,,,-40.0,0.0,1.0,0.0,0.0,0.0,7.0
2026-07-20 21:37:39.266,,,,,,,,,-40.0,0.0,1.0,0.0,0.0,0.0,7.0
2026-07-20 21:37:39.467,,,,,,,,,-40.0,0.0,1.0,0.0,0.0,0.0,7.0
2026-07-20 21:37:39.686,,,,,,,,,-40.0,0.0,1.0,0.0,0.0,0.0,7.0
2026-07-20 21:37:39.866,,,,,,,,,-40.0,0.0,1.0,0.0,0.0,0.0,7.0
2026-07-20 21:37:40.112,,,,,,,,,-40.0,0.0,1.0,0.0,0.0,0.0,8.0
2026-07-20 21:37:40.267,,,,,,,,,-40.0,0.0,1.0,0.0,0.0,0.0,8.0
2026-07-20 21:37:40.466,,,,,,,,,-40.0,0.0,1.0,0.0,0.0,0.0,8.0
2026-07-20 21:37:40.667,,,,,,,,,-40.0,0.0,1.0,0.0,0.0,0.0,8.0
2026-07-20 21:37:40.867,,,,,,,,,-40.0,0.0,1.0,0.0,0.0,0.0,8.0
2026-07-20 21:37:41.112,,,,,,,,,-40.0,0.0,1.0,0.0,0.0,0.0,9.0
2026-07-20 21:37:41.267,,,,,,,,,-40.0,0.0,1.0,0.0,0.0,0.0,9.0
2026-07-20 21:37:41.466,,,,,,,,,-40.0,0.0,1.0,0.0,0.0,0.0,9.0
2026-07-20 21:37:41.666,,,,,,,,,-40.0,0.0,1.0,0.0,0.0,0.0,9.0
2026-07-20 21:37:41.866,,,,,,,,,-40.0,0.0,1.0,0.0,0.0,0.0,9.0
2026-07-20 21:37:42.112,,,,,,,,,-40.0,0.0,1.0,0.0,0.0,0.0,10.0
2026-07-20 21:37:42.288,,,,,,,,,-40.0,0.0,1.0,0.0,0.0,0.0,10.0
2026-07-20 21:37:42.466,,,,,,,,,-40.0,0.0,1.0,0.0,0.0,0.0,10.0
2026-07-20 21:37:42.666,,,,,,,,,-40.0,0.0,1.0,0.0,0.0,0.0,10.0
2026-07-20 21:37:42.866,,,,,,,,,-40.0,0.0,1.0,0.0,0.0,0.0,10.0
2026-07-20 21:37:43.112,,,,,,,,,-40.0,0.0,1.0,0.0,0.0,0.0,11.0
2026-07-20 21:37:43.286,,,,,,,,,-40.0,0.0,1.0,0.0,0.0,0.0,11.0
2026-07-20 21:37:43.466,,,,,,,,,-40.0,0.0,1.0,0.0,0.0,0.0,11.0
2026-07-20 21:37:43.666,,,,,,,,,-40.0,0.0,1.0,0.0,0.0,0.0,11.0
2026-07-20 21:37:43.867,,,,,,,,,-40.0,0.0,1.0,0.0,0.0,0.0,11.0
2026-07-20 21:37:44.112,,,,,,,,,-40.0,0.0,1.0,0.0,0.0,0.0,12.0
2026-07-20 21:37:44.284,,,,,,,,,-40.0,0.0,1.0,0.0,0.0,0.0,12.0
2026-07-20 21:37:44.467,,,,,,,,,-40.0,0.0,1.0,0.0,0.0,0.0,12.0
2026-07-20 21:37:44.666,,,,,,,,,-40.0,0.0,1.0,0.0,0.0,0.0,12.0
2026-07-20 21:37:44.866,,,,,,,,,-40.0,0.0,1.0,0.0,0.0,0.0,12.0
2026-07-20 21:37:45.112,,,,,,,,,-40.0,0.0,1.0,0.0,0.0,0.0,13.0
2026-07-20 21:37:45.269,,,,,,,,,-40.0,0.0,1.0,0.0,0.0,0.0,13.0
2026-07-20 21:37:45.466,,,,,,,,,-40.0,0.0,1.0,0.0,0.0,0.0,13.0
2026-07-20 21:37:45.666,,,,,,,,,-40.0,0.0,1.0,0.0,0.0,0.0,13.0
2026-07-20 21:37:45.866,,,,,,,,,-40.0,0.0,1.0,0.0,0.0,0.0,13.0
2026-07-20 21:37:46.111,,,,,,,,,-40.0,0.0,1.0,0.0,0.0,0.0,14.0
2026-07-20 21:37:46.287,,,,,,,,,-40.0,0.0,1.0,0.0,0.0,0.0,14.0
2026-07-20 21:37:46.466,,,,,,,,,-40.0,0.0,1.0,0.0,0.0,0.0,14.0
2026-07-20 21:37:46.666,,,,,,,,,-40.0,0.0,1.0,0.0,0.0,0.0,14.0
2026-07-20 21:37:46.866,,,,,,,,,-40.0,0.0,1.0,0.0,0.0,0.0,14.0
2026-07-20 21:37:47.112,,,,,,,,,-40.0,0.0,1.0,0.0,0.0,0.0,15.0
2026-07-20 21:37:47.283,,,,,,,,,-40.0,0.0,1.0,0.0,0.0,0.0,15.0
2026-07-20 21:37:47.466,,,,,,,,,-40.0,0.0,1.0,0.0,0.0,0.0,15.0
2026-07-20 21:37:47.667,,,,,,,,,-40.0,0.0,1.0,0.0,0.0,0.0,15.0
2026-07-20 21:37:47.866,,,,,,,,,-40.0,0.0,1.0,0.0,0.0,0.0,15.0
2026-07-20 21:37:48.112,,,,,,,,,-40.0,0.0,1.0,0.0,0.0,0.0,16.0
2026-07-20 21:37:48.283,,,,,,,,,-40.0,0.0,1.0,0.0,0.0,0.0,16.0
2026-07-20 21:37:48.466,,,,,,,,,-40.0,0.0,1.0,0.0,0.0,0.0,16.0
2026-07-20 21:37:48.666,,,,,,,,,-40.0,0.0,1.0,0.0,0.0,0.0,16.0
2026-07-20 21:37:48.866,,,,,,,,,-40.0,0.0,1.0,0.0,0.0,0.0,16.0
2026-07-20 21:37:49.112,,,,,,,,,-40.0,0.0,1.0,0.0,0.0,0.0,17.0
2026-07-20 21:37:49.287,,,,,,,,,-40.0,0.0,1.0,0.0,0.0,0.0,17.0
2026-07-20 21:37:49.465,,,,,,,,,-40.0,0.0,1.0,0.0,0.0,0.0,17.0
2026-07-20 21:37:49.666,,,,,,,,,-40.0,0.0,1.0,0.0,0.0,0.0,17.0
2026-07-20 21:37:49.866,,,,,,,,,-40.0,0.0,1.0,0.0,0.0,0.0,17.0
2026-07-20 21:37:50.112,,,,,,,,,-40.0,0.0,1.0,0.0,0.0,0.0,18.0
2026-07-20 21:37:50.288,,,,,,,,,-40.0,0.0,1.0,0.0,0.0,0.0,18.0
2026-07-20 21:37:50.466,,,,,,,,,-40.0,0.0,1.0,0.0,0.0,0.0,18.0
2026-07-20 21:37:50.666,,,,,,,,,-40.0,0.0,1.0,0.0,0.0,0.0,18.0
2026-07-20 21:37:50.866,,,,,,,,,-40.0,0.0,1.0,0.0,0.0,0.0,18.0
2026-07-20 21:37:51.112,,,,,,,,,-40.0,0.0,1.0,0.0,0.0,0.0,19.0
2026-07-20 21:37:51.290,,,,,,,,,-40.0,0.0,1.0,0.0,0.0,0.0,19.0
2026-07-20 21:37:51.466,,,,,,,,,-40.0,0.0,1.0,0.0,0.0,0.0,19.0
2026-07-20 21:37:51.667,,,,,,,,,-40.0,0.0,1.0,0.0,0.0,0.0,19.0
2026-07-20 21:37:51.866,,,,,,,,,-40.0,0.0,1.0,0.0,0.0,0.0,19.0
2026-07-20 21:37:52.111,,,,,,,,,-40.0,0.0,1.0,0.0,0.0,0.0,20.0
2026-07-20 21:37:52.275,,,,,,,,,-40.0,0.0,1.0,0.0,0.0,0.0,20.0
2026-07-20 21:37:52.465,,,,,,,,,-40.0,0.0,1.0,0.0,0.0,0.0,20.0
2026-07-20 21:37:52.666,,,,,,,,,-40.0,0.0,1.0,0.0,0.0,0.0,20.0
2026-07-20 21:37:52.866,,,,,,,,,-40.0,0.0,1.0,0.0,0.0,0.0,20.0
2026-07-20 21:37:53.112,,,,,,,,,-40.0,0.0,1.0,0.0,0.0,0.0,21.0
2026-07-20 21:37:53.284,,,,,,,,,-40.0,0.0,1.0,0.0,0.0,0.0,21.0
2026-07-20 21:37:53.465,,,,,,,,,-40.0,0.0,1.0,0.0,0.0,0.0,21.0
2026-07-20 21:37:53.666,,,,,,,,,-40.0,0.0,1.0,0.0,0.0,0.0,21.0
2026-07-20 21:37:53.865,,,,,,,,,-40.0,0.0,1.0,0.0,0.0,0.0,21.0
2026-07-20 21:37:54.111,,,,,,,,,-40.0,0.0,1.0,0.0,0.0,0.0,22.0
2026-07-20 21:37:54.280,,,,,,,,,-40.0,0.0,1.0,0.0,0.0,0.0,22.0
2026-07-20 21:37:54.466,,,,,,,,,-40.0,0.0,1.0,0.0,0.0,0.0,22.0
2026-07-20 21:37:54.666,,,,,,,,,-40.0,0.0,1.0,0.0,0.0,0.0,22.0
2026-07-20 21:37:54.866,,,,,,,,,-40.0,0.0,1.0,0.0,0.0,0.0,22.0
2026-07-20 21:37:55.112,,,,,,,,,-40.0,0.0,1.0,0.0,0.0,0.0,23.0
2026-07-20 21:37:55.275,,,,,,,,,-40.0,0.0,1.0,0.0,0.0,0.0,23.0
2026-07-20 21:37:55.466,,,,,,,,,-40.0,0.0,1.0,0.0,0.0,0.0,23.0
2026-07-20 21:37:55.666,,,,,,,,,-40.0,0.0,1.0,0.0,0.0,0.0,23.0
2026-07-20 21:37:55.866,,,,,,,,,-40.0,0.0,1.0,0.0,0.0,0.0,23.0
2026-07-20 21:37:56.111,,,,,,,,,-40.0,0.0,1.0,0.0,0.0,0.0,24.0
2026-07-20 21:37:56.286,,,,,,,,,-40.0,0.0,1.0,0.0,0.0,0.0,24.0
2026-07-20 21:37:56.466,,,,,,,,,-40.0,0.0,1.0,0.0,0.0,0.0,24.0
2026-07-20 21:37:56.666,,,,,,,,,-40.0,0.0,1.0,0.0,0.0,0.0,24.0
2026-07-20 21:37:56.869,,,,,,,,,-40.0,0.0,1.0,0.0,0.0,0.0,24.0
2026-07-20 21:37:57.112,,,,,,,,,-40.0,0.0,1.0,0.0,0.0,0.0,25.0
2026-07-20 21:37:57.266,,,,,,,,,-40.0,0.0,1.0,0.0,0.0,0.0,25.0
2026-07-20 21:37:57.466,,,,,,,,,-40.0,0.0,1.0,0.0,0.0,0.0,25.0
2026-07-20 21:37:57.666,,,,,,,,,-40.0,0.0,1.0,0.0,0.0,0.0,25.0
2026-07-20 21:37:57.865,,,,,,,,,-40.0,0.0,1.0,0.0,0.0,0.0,25.0
2026-07-20 21:37:58.112,,,,,,,,,-40.0,0.0,1.0,0.0,0.0,0.0,26.0
2026-07-20 21:37:58.265,,,,,,,,,-40.0,0.0,1.0,0.0,0.0,0.0,26.0
2026-07-20 21:37:58.466,,,,,,,,,-40.0,0.0,1.0,0.0,0.0,0.0,26.0
2026-07-20 21:37:58.666,,,,,,,,,-40.0,0.0,1.0,0.0,0.0,0.0,26.0
2026-07-20 21:37:58.865,,,,,,,,,-40.0,0.0,1.0,0.0,0.0,0.0,26.0
2026-07-20 21:37:59.112,,,,,,,,,-40.0,0.0,1.0,0.0,0.0,0.0,27.0
2026-07-20 21:37:59.275,,,,,,,,,-40.0,0.0,1.0,0.0,0.0,0.0,27.0
2026-07-20 21:37:59.466,,,,,,,,,-40.0,0.0,1.0,0.0,0.0,0.0,27.0
2026-07-20 21:37:59.667,,,,,,,,,-40.0,0.0,1.0,0.0,0.0,0.0,27.0
2026-07-20 21:37:59.866,,,,,,,,,-40.0,0.0,1.0,0.0,0.0,0.0,27.0
2026-07-20 21:38:00.112,,,,,,,,,-40.0,0.0,1.0,0.0,0.0,0.0,28.0
2026-07-20 21:38:00.285,,,,,,,,,-40.0,0.0,1.0,0.0,0.0,0.0,28.0
2026-07-20 21:38:00.466,,,,,,,,,-40.0,0.0,1.0,0.0,0.0,0.0,28.0
2026-07-20 21:38:00.666,,,,,,,,,-40.0,0.0,1.0,0.0,0.0,0.0,28.0
2026-07-20 21:38:00.866,,,,,,,,,-40.0,0.0,1.0,0.0,0.0,0.0,28.0
2026-07-20 21:38:01.112,,,,,,,,,-40.0,0.0,1.0,0.0,0.0,0.0,29.0
2026-07-20 21:38:01.285,,,,,,,,,-40.0,0.0,1.0,0.0,0.0,0.0,29.0
2026-07-20 21:38:01.466,,,,,,,,,-40.0,0.0,1.0,0.0,0.0,0.0,29.0
2026-07-20 21:38:01.665,,,,,,,,,-40.0,0.0,1.0,0.0,0.0,0.0,29.0
2026-07-20 21:38:01.867,,,,,,,,,-40.0,0.0,1.0,0.0,0.0,0.0,29.0
2026-07-20 21:38:02.112,,,,,,,,,-40.0,0.0,1.0,0.0,0.0,0.0,30.0
2026-07-20 21:38:02.290,,,,,,,,,-40.0,0.0,1.0,0.0,0.0,0.0,30.0
2026-07-20 21:38:02.466,,,,,,,,,-40.0,0.0,1.0,0.0,0.0,0.0,30.0
2026-07-20 21:38:02.666,,,,,,,,,-40.0,0.0,1.0,0.0,0.0,0.0,30.0
2026-07-20 21:38:02.866,,,,,,,,,-40.0,0.0,1.0,0.0,0.0,0.0,30.0
2026-07-20 21:38:03.113,,,,,,,,,-40.0,0.0,1.0,0.0,0.0,0.0,31.0
2026-07-20 21:38:03.277,,,,,,,,,-40.0,0.0,1.0,0.0,0.0,0.0,31.0
2026-07-20 21:38:03.465,,,,,,,,,-40.0,0.0,1.0,0.0,0.0,0.0,31.0
2026-07-20 21:38:03.665,,,,,,,,,-40.0,0.0,1.0,0.0,0.0,0.0,31.0
2026-07-20 21:38:03.866,,,,,,,,,-40.0,0.0,1.0,0.0,0.0,0.0,31.0
2026-07-20 21:38:04.111,,,,,,,,,-40.0,0.0,1.0,0.0,0.0,0.0,32.0
2026-07-20 21:38:04.289,,,,,,,,,-40.0,0.0,1.0,0.0,0.0,0.0,32.0
2026-07-20 21:38:04.466,,,,,,,,,-40.0,0.0,1.0,0.0,0.0,0.0,32.0
2026-07-20 21:38:04.666,,,,,,,,,-40.0,0.0,1.0,0.0,0.0,0.0,32.0
2026-07-20 21:38:04.865,,,,,,,,,-40.0,0.0,1.0,0.0,0.0,0.0,32.0
2026-07-20 21:38:05.112,,,,,,,,,-40.0,0.0,1.0,0.0,0.0,0.0,33.0
2026-07-20 21:38:05.292,,,,,,,,,-40.0,0.0,1.0,0.0,0.0,0.0,33.0
2026-07-20 21:38:05.466,,,,,,,,,-40.0,0.0,1.0,0.0,0.0,0.0,33.0
2026-07-20 21:38:05.665,,,,,,,,,-40.0,0.0,1.0,0.0,0.0,0.0,33.0
2026-07-20 21:38:05.865,,,,,,,,,-40.0,0.0,1.0,0.0,0.0,0.0,33.0
2026-07-20 21:38:06.111,,,,,,,,,-40.0,0.0,1.0,0.0,0.0,0.0,34.0
2026-07-20 21:38:06.274,,,,,,,,,-40.0,0.0,1.0,0.0,0.0,0.0,34.0
2026-07-20 21:38:06.465,,,,,,,,,-40.0,0.0,1.0,0.0,0.0,0.0,34.0
2026-07-20 21:38:06.666,,,,,,,,,-40.0,0.0,1.0,0.0,0.0,0.0,34.0
2026-07-20 21:38:06.867,,,,,,,,,-40.0,0.0,1.0,0.0,0.0,0.0,34.0
2026-07-20 21:38:07.111,,,,,,,,,-40.0,0.0,1.0,0.0,0.0,0.0,35.0
2026-07-20 21:38:07.266,,,,,,,,,-40.0,0.0,1.0,0.0,0.0,0.0,35.0
2026-07-20 21:38:07.466,,,,,,,,,-40.0,0.0,1.0,0.0,0.0,0.0,35.0
2026-07-20 21:38:07.665,,,,,,,,,-40.0,0.0,1.0,0.0,0.0,0.0,35.0
2026-07-20 21:38:07.865,,,,,,,,,-40.0,0.0,0.0,0.0,0.0,0.0,35.0
2026-07-20 21:38:08.134,,,,,,,,,-40.0,0.0,0.0,0.0,0.0,0.0,36.0
2026-07-20 21:38:08.271,,,,,,,,,-40.0,0.0,0.0,0.0,0.0,0.0,36.0
2026-07-20 21:38:08.465,,,,,,,,,-40.0,0.0,0.0,0.0,0.0,0.0,36.0
2026-07-20 21:38:08.665,,,,,,,,,-40.0,0.0,0.0,0.0,0.0,0.0,36.0
2026-07-20 21:38:08.866,,,,,,,,,-40.0,0.0,0.0,0.0,0.0,0.0,36.0
2026-07-20 21:38:09.106,,,,,,,,,-40.0,0.0,0.0,0.0,0.0,0.0,37.0
2026-07-20 21:38:09.267,,,,,,,,,-40.0,0.0,0.0,0.0,0.0,0.0,37.0
2026-07-20 21:38:09.465,,,,,,,,,-40.0,0.0,0.0,0.0,0.0,0.0,37.0
2026-07-20 21:38:09.666,,,,,,,,,-40.0,0.0,0.0,0.0,0.0,0.0,37.0
2026-07-20 21:38:09.866,,,,,,,,,-40.0,0.0,0.0,0.0,0.0,0.0,37.0
2026-07-20 21:38:10.106,,,,,,,,,-40.0,0.0,0.0,0.0,0.0,0.0,38.0
2026-07-20 21:38:10.274,,,,,,,,,-40.0,0.0,0.0,0.0,0.0,0.0,38.0
2026-07-20 21:38:10.465,,,,,,,,,-40.0,0.0,0.0,0.0,0.0,0.0,38.0
2026-07-20 21:38:10.665,,,,,,,,,-40.0,0.0,0.0,0.0,0.0,0.0,38.0
2026-07-20 21:38:10.865,,,,,,,,,-40.0,0.0,0.0,0.0,0.0,0.0,38.0
2026-07-20 21:38:11.106,,,,,,,,,-40.0,0.0,0.0,0.0,0.0,0.0,39.0
2026-07-20 21:38:11.270,,,,,,,,,-40.0,0.0,0.0,0.0,0.0,0.0,39.0
2026-07-20 21:38:11.465,,,,,,,,,-40.0,0.0,0.0,0.0,0.0,0.0,39.0
2026-07-20 21:38:11.666,,,,,,,,,-40.0,0.0,0.0,0.0,0.0,0.0,39.0
2026-07-20 21:38:11.865,,,,,,,,,-40.0,0.0,0.0,0.0,0.0,0.0,39.0
2026-07-20 21:38:12.105,,,,,,,,,-40.0,0.0,0.0,0.0,0.0,0.0,40.0
2026-07-20 21:38:12.266,,,,,,,,,-40.0,0.0,0.0,0.0,0.0,0.0,40.0
2026-07-20 21:38:12.466,,,,,,,,,-40.0,0.0,0.0,0.0,0.0,0.0,40.0
2026-07-20 21:38:12.666,,,,,,,,,-40.0,0.0,0.0,0.0,0.0,0.0,40.0
2026-07-20 21:38:12.866,,,,,,,,,-40.0,0.0,0.0,0.0,0.0,0.0,40.0
2026-07-20 21:38:13.107,,,,,,,,,-40.0,0.0,0.0,0.0,0.0,0.0,41.0
2026-07-20 21:38:13.266,,,,,,,,,-40.0,0.0,0.0,0.0,0.0,0.0,41.0
2026-07-20 21:38:13.466,,,,,,,,,-40.0,0.0,0.0,0.0,0.0,0.0,41.0
2026-07-20 21:38:13.666,,,,,,,,,-40.0,0.0,0.0,0.0,0.0,0.0,41.0
2026-07-20 21:38:13.867,,,,,,,,,-40.0,0.0,0.0,0.0,0.0,0.0,41.0
2026-07-20 21:38:14.106,,,,,,,,,-40.0,0.0,0.0,0.0,0.0,0.0,42.0
2026-07-20 21:38:14.265,,,,,,,,,-40.0,0.0,0.0,0.0,0.0,0.0,42.0
2026-07-20 21:38:14.466,,,,,,,,,-40.0,0.0,0.0,0.0,0.0,0.0,42.0
2026-07-20 21:38:14.665,,,,,,,,,-40.0,0.0,0.0,0.0,0.0,0.0,42.0
2026-07-20 21:38:14.865,,,,,,,,,-40.0,0.0,0.0,0.0,0.0,0.0,42.0
2026-07-20 21:38:15.106,,,,,,,,,-40.0,0.0,0.0,0.0,0.0,0.0,43.0
2026-07-20 21:38:15.265,,,,,,,,,-40.0,0.0,0.0,0.0,0.0,0.0,43.0
2026-07-20 21:38:15.465,,,,,,,,,-40.0,0.0,0.0,0.0,0.0,0.0,43.0
2026-07-20 21:38:15.665,,,,,,,,,-40.0,0.0,0.0,0.0,0.0,0.0,43.0
2026-07-20 21:38:15.865,,,,,,,,,-40.0,0.0,0.0,0.0,0.0,0.0,43.0
2026-07-20 21:38:16.106,,,,,,,,,-40.0,0.0,0.0,0.0,0.0,0.0,44.0
2026-07-20 21:38:16.266,,,,,,,,,-40.0,0.0,0.0,0.0,0.0,0.0,44.0
2026-07-20 21:38:16.465,,,,,,,,,-40.0,0.0,0.0,0.0,0.0,0.0,44.0
2026-07-20 21:38:16.665,,,,,,,,,-40.0,0.0,0.0,0.0,0.0,0.0,44.0
2026-07-20 21:38:16.866,,,,,,,,,-40.0,0.0,0.0,0.0,0.0,0.0,44.0
2026-07-20 21:38:17.106,,,,,,,,,-40.0,0.0,0.0,0.0,0.0,0.0,45.0
2026-07-20 21:38:17.265,,,,,,,,,-40.0,0.0,0.0,0.0,0.0,0.0,45.0
2026-07-20 21:38:17.465,,,,,,,,,-40.0,0.0,0.0,0.0,0.0,0.0,45.0
2026-07-20 21:38:17.665,,,,,,,,,-40.0,0.0,0.0,0.0,0.0,0.0,45.0
2026-07-20 21:38:17.865,,,,,,,,,-40.0,0.0,0.0,0.0,0.0,0.0,45.0
2026-07-20 21:38:18.106,,,,,,,,,-40.0,0.0,0.0,0.0,0.0,0.0,46.0
2026-07-20 21:38:18.265,,,,,,,,,-40.0,0.0,0.0,0.0,0.0,0.0,46.0
2026-07-20 21:38:18.465,,,,,,,,,-40.0,0.0,0.0,0.0,0.0,0.0,46.0
2026-07-20 21:38:18.666,,,,,,,,,-40.0,0.0,1.0,0.0,0.0,0.0,46.0
2026-07-20 21:38:18.865,,,,,,,,,-40.0,0.0,1.0,0.0,0.0,0.0,46.0
2026-07-20 21:38:19.112,,,,,,,,,-40.0,0.0,1.0,0.0,0.0,0.0,47.0
2026-07-20 21:38:19.265,,,,,,,,,-40.0,0.0,1.0,0.0,0.0,0.0,47.0
2026-07-20 21:38:19.465,,,,,,,,,-40.0,0.0,1.0,0.0,0.0,0.0,47.0
2026-07-20 21:38:19.665,,,,,,,,,-40.0,0.0,1.0,0.0,0.0,0.0,47.0
2026-07-20 21:38:19.866,,,,,,,,,-40.0,0.0,1.0,0.0,0.0,0.0,47.0
2026-07-20 21:38:20.111,,,,,,,,,-40.0,0.0,1.0,0.0,0.0,0.0,48.0
2026-07-20 21:38:20.266,,,,,,,,,-40.0,0.0,0.0,0.0,0.0,0.0,48.0
2026-07-20 21:38:20.466,,,,,,,,,-40.0,0.0,0.0,0.0,0.0,0.0,48.0
2026-07-20 21:38:20.665,,,,,,,,,-40.0,0.0,0.0,0.0,0.0,0.0,48.0
2026-07-20 21:38:20.865,,,,,,,,,-40.0,0.0,0.0,0.0,0.0,0.0,48.0
2026-07-20 21:38:21.111,,,,,,,,,-40.0,0.0,0.0,0.0,0.0,0.0,49.0
2026-07-20 21:38:21.269,,,,,,,,,-40.0,0.0,0.0,0.0,0.0,0.0,49.0
2026-07-20 21:38:21.466,,,,,,,,,-40.0,0.0,0.0,0.0,0.0,0.0,49.0
2026-07-20 21:38:21.665,,,,,,,,,-40.0,0.0,0.0,0.0,0.0,0.0,49.0
2026-07-20 21:38:21.865,,,,,,,,,-40.0,0.0,0.0,0.0,0.0,0.0,49.0
2026-07-20 21:38:22.111,,,,,,,,,-40.0,0.0,0.0,0.0,0.0,0.0,50.0
2026-07-20 21:38:22.273,,,,,,,,,-40.0,0.0,0.0,0.0,0.0,0.0,50.0
2026-07-20 21:38:22.465,,,,,,,,,-40.0,0.0,0.0,0.0,0.0,0.0,50.0
2026-07-20 21:38:22.665,,,,,,,,,-40.0,0.0,0.0,0.0,0.0,0.0,50.0
2026-07-20 21:38:22.866,,,,,,,,,-40.0,0.0,0.0,0.0,0.0,0.0,50.0
2026-07-20 21:38:23.111,,,,,,,,,-40.0,0.0,0.0,0.0,0.0,0.0,51.0
2026-07-20 21:38:23.272,,,,,,,,,-40.0,0.0,0.0,0.0,0.0,0.0,51.0
2026-07-20 21:38:23.465,,,,,,,,,-40.0,0.0,0.0,0.0,0.0,0.0,51.0
2026-07-20 21:38:23.665,,,,,,,,,-40.0,0.0,0.0,0.0,0.0,0.0,51.0
2026-07-20 21:38:23.865,,,,,,,,,-40.0,0.0,0.0,0.0,0.0,0.0,51.0
2026-07-20 21:38:24.111,,,,,,,,,-40.0,0.0,0.0,0.0,0.0,0.0,52.0
2026-07-20 21:38:24.280,,,,,,,,,-40.0,0.0,0.0,0.0,0.0,0.0,52.0
2026-07-20 21:38:24.466,,,,,,,,,-40.0,0.0,0.0,0.0,0.0,0.0,52.0
2026-07-20 21:38:24.665,,,,,,,,,-40.0,0.0,0.0,0.0,0.0,0.0,52.0
2026-07-20 21:38:24.865,,,,,,,,,-40.0,0.0,0.0,0.0,0.0,0.0,52.0
2026-07-20 21:38:25.111,,,,,,,,,-40.0,0.0,0.0,0.0,0.0,0.0,53.0
2026-07-20 21:38:25.266,,,,,,,,,-40.0,0.0,0.0,0.0,0.0,0.0,53.0
2026-07-20 21:38:25.465,,,,,,,,,-40.0,0.0,0.0,0.0,0.0,0.0,53.0
2026-07-20 21:38:25.665,,,,,,,,,-40.0,0.0,0.0,0.0,0.0,0.0,53.0
2026-07-20 21:38:25.865,,,,,,,,,-40.0,0.0,1.0,0.0,0.0,0.0,53.0
2026-07-20 21:38:26.139,,,,,,,,,-40.0,0.0,1.0,0.0,0.0,0.0,54.0
2026-07-20 21:38:26.280,,,,,,,,,-40.0,0.0,1.0,0.0,0.0,0.0,54.0
2026-07-20 21:38:26.465,,,,,,,,,-40.0,0.0,1.0,0.0,0.0,0.0,54.0
2026-07-20 21:38:26.665,,,,,,,,,-40.0,0.0,1.0,0.0,0.0,0.0,54.0
2026-07-20 21:38:26.866,,,,,,,,,-40.0,0.0,1.0,0.0,0.0,0.0,54.0
2026-07-20 21:38:27.111,,,,,,,,,-40.0,0.0,1.0,0.0,0.0,0.0,55.0
2026-07-20 21:38:27.267,,,,,,,,,-40.0,0.0,1.0,0.0,0.0,0.0,55.0
2026-07-20 21:38:27.466,,,,,,,,,-40.0,0.0,1.0,0.0,0.0,0.0,55.0
2026-07-20 21:38:27.665,,,,,,,,,-40.0,0.0,1.0,0.0,0.0,0.0,55.0
2026-07-20 21:38:27.865,,,,,,,,,-40.0,0.0,1.0,0.0,0.0,0.0,55.0
2026-07-20 21:38:28.111,,,,,,,,,-40.0,0.0,1.0,0.0,0.0,0.0,56.0
2026-07-20 21:38:28.266,,,,,,,,,-40.0,0.0,1.0,0.0,0.0,0.0,56.0
2026-07-20 21:38:28.465,,,,,,,,,-40.0,0.0,1.0,0.0,0.0,0.0,56.0
2026-07-20 21:38:28.666,,,,,,,,,-40.0,0.0,1.0,0.0,0.0,0.0,56.0
2026-07-20 21:38:28.865,,,,,,,,,-40.0,0.0,1.0,0.0,0.0,0.0,56.0
2026-07-20 21:38:29.111,,,,,,,,,-40.0,0.0,1.0,0.0,0.0,0.0,57.0
2026-07-20 21:38:29.268,,,,,,,,,-40.0,0.0,1.0,0.0,0.0,0.0,57.0
2026-07-20 21:38:29.466,,,,,,,,,-40.0,0.0,1.0,0.0,0.0,0.0,57.0
2026-07-20 21:38:29.665,,,,,,,,,-40.0,0.0,1.0,0.0,0.0,0.0,57.0
2026-07-20 21:38:29.866,,,,,,,,,-40.0,0.0,1.0,0.0,0.0,0.0,57.0
2026-07-20 21:38:30.113,,,,,,,,,-40.0,0.0,1.0,0.0,0.0,0.0,58.0
2026-07-20 21:38:30.280,,,,,,,,,-40.0,0.0,1.0,0.0,0.0,0.0,58.0
2026-07-20 21:38:30.465,,,,,,,,,-40.0,0.0,1.0,0.0,0.0,0.0,58.0
2026-07-20 21:38:30.665,,,,,,,,,-40.0,0.0,1.0,0.0,0.0,0.0,58.0
2026-07-20 21:38:30.866,,,,,,,,,-40.0,0.0,1.0,0.0,0.0,0.0,58.0
2026-07-20 21:38:31.112,,,,,,,,,-40.0,0.0,1.0,0.0,0.0,0.0,59.0
2026-07-20 21:38:31.291,,,,,,,,,-40.0,0.0,1.0,0.0,0.0,0.0,59.0
2026-07-20 21:38:31.466,,,,,,,,,-40.0,0.0,1.0,0.0,0.0,0.0,59.0
2026-07-20 21:38:31.666,,,,,,,,,-40.0,0.0,1.0,0.0,0.0,0.0,59.0
2026-07-20 21:38:31.865,,,,,,,,,-40.0,0.0,1.0,0.0,0.0,0.0,59.0
2026-07-20 21:38:32.111,,,,,,,,,-40.0,0.0,1.0,0.0,0.0,0.0,60.0
2026-07-20 21:38:32.288,,,,,,,,,-40.0,0.0,1.0,0.0,0.0,0.0,60.0
2026-07-20 21:38:32.466,,,,,,,,,-40.0,0.0,1.0,0.0,0.0,0.0,60.0
2026-07-20 21:38:32.666,,,,,,,,,-40.0,0.0,1.0,0.0,0.0,0.0,60.0
2026-07-20 21:38:32.866,,,,,,,,,-40.0,0.0,1.0,0.0,0.0,0.0,60.0
2026-07-20 21:38:33.111,,,,,,,,,-40.0,0.0,1.0,0.0,0.0,0.0,61.0
2026-07-20 21:38:33.265,,,,,,,,,-40.0,0.0,1.0,0.0,0.0,0.0,61.0
2026-07-20 21:38:33.465,,,,,,,,,-40.0,0.0,1.0,0.0,0.0,0.0,61.0
2026-07-20 21:38:33.666,,,,,,,,,-40.0,0.0,1.0,0.0,0.0,0.0,61.0
2026-07-20 21:38:33.865,,,,,,,,,-40.0,0.0,1.0,0.0,0.0,0.0,61.0
2026-07-20 21:38:34.111,,,,,,,,,-40.0,0.0,1.0,0.0,0.0,0.0,62.0
2026-07-20 21:38:34.267,,,,,,,,,-40.0,0.0,1.0,0.0,0.0,0.0,62.0
2026-07-20 21:38:34.465,,,,,,,,,-40.0,0.0,1.0,0.0,0.0,0.0,62.0
2026-07-20 21:38:34.665,,,,,,,,,-40.0,0.0,1.0,0.0,0.0,0.0,62.0
2026-07-20 21:38:34.865,,,,,,,,,-40.0,0.0,1.0,0.0,0.0,0.0,62.0
2026-07-20 21:38:35.111,,,,,,,,,-40.0,0.0,1.0,0.0,0.0,0.0,63.0
2026-07-20 21:38:35.265,,,,,,,,,-40.0,0.0,1.0,0.0,0.0,0.0,63.0
2026-07-20 21:38:35.465,,,,,,,,,-40.0,0.0,1.0,0.0,0.0,0.0,63.0
2026-07-20 21:38:35.666,,,,,,,,,-40.0,0.0,1.0,0.0,0.0,0.0,63.0
2026-07-20 21:38:35.865,,,,,,,,,-40.0,0.0,1.0,0.0,0.0,0.0,63.0
2026-07-20 21:38:36.111,,,,,,,,,-40.0,0.0,1.0,0.0,0.0,0.0,64.0
2026-07-20 21:38:36.271,,,,,,,,,-40.0,0.0,1.0,0.0,0.0,0.0,64.0
2026-07-20 21:38:36.466,,,,,,,,,-40.0,0.0,1.0,0.0,0.0,0.0,64.0
2026-07-20 21:38:36.666,,,,,,,,,-40.0,0.0,1.0,0.0,0.0,0.0,64.0
2026-07-20 21:38:36.866,,,,,,,,,-40.0,0.0,1.0,0.0,0.0,0.0,64.0
2026-07-20 21:38:37.111,,,,,,,,,-40.0,0.0,1.0,0.0,0.0,0.0,65.0
2026-07-20 21:38:37.265,,,,,,,,,-40.0,0.0,1.0,0.0,0.0,0.0,65.0
2026-07-20 21:38:37.466,,,,,,,,,-40.0,0.0,1.0,0.0,0.0,0.0,65.0
2026-07-20 21:38:37.665,,,,,,,,,-40.0,0.0,1.0,0.0,0.0,0.0,65.0
2026-07-20 21:38:37.865,,,,,,,,,-40.0,0.0,1.0,0.0,0.0,0.0,65.0
2026-07-20 21:38:38.111,,,,,,,,,-40.0,0.0,1.0,0.0,0.0,0.0,66.0
2026-07-20 21:38:38.266,,,,,,,,,-40.0,0.0,1.0,0.0,0.0,0.0,66.0
2026-07-20 21:38:38.465,,,,,,,,,-40.0,0.0,1.0,0.0,0.0,0.0,66.0
2026-07-20 21:38:38.665,,,,,,,,,-40.0,0.0,1.0,0.0,0.0,0.0,66.0
2026-07-20 21:38:38.866,,,,,,,,,-40.0,0.0,1.0,0.0,0.0,0.0,66.0
2026-07-20 21:38:39.110,,,,,,,,,-40.0,0.0,1.0,0.0,0.0,0.0,67.0
2026-07-20 21:38:39.265,,,,,,,,,-40.0,0.0,1.0,0.0,0.0,0.0,67.0
2026-07-20 21:38:39.465,,,,,,,,,-40.0,0.0,1.0,0.0,0.0,0.0,67.0
2026-07-20 21:38:39.666,,,,,,,,,-40.0,0.0,1.0,0.0,0.0,0.0,67.0
2026-07-20 21:38:39.865,,,,,,,,,-40.0,0.0,1.0,0.0,0.0,0.0,67.0
2026-07-20 21:38:40.111,,,,,,,,,-40.0,0.0,1.0,0.0,0.0,0.0,68.0
2026-07-20 21:38:40.264,,,,,,,,,-40.0,0.0,1.0,0.0,0.0,0.0,68.0
2026-07-20 21:38:40.465,,,,,,,,,-40.0,0.0,1.0,0.0,0.0,0.0,68.0
2026-07-20 21:38:40.666,,,,,,,,,-40.0,0.0,1.0,0.0,0.0,0.0,68.0
2026-07-20 21:38:40.865,,,,,,,,,-40.0,0.0,1.0,0.0,0.0,0.0,68.0
2026-07-20 21:38:41.111,,,,,,,,,-40.0,0.0,1.0,0.0,0.0,0.0,69.0
2026-07-20 21:38:41.265,,,,,,,,,-40.0,0.0,1.0,0.0,0.0,0.0,69.0
2026-07-20 21:38:41.466,,,,,,,,,-40.0,0.0,1.0,0.0,0.0,0.0,69.0
2026-07-20 21:38:41.665,,,,,,,,,-40.0,0.0,1.0,0.0,0.0,0.0,69.0
2026-07-20 21:38:41.865,,,,,,,,,-40.0,0.0,1.0,0.0,0.0,0.0,69.0
2026-07-20 21:38:42.111,,,,,,,,,-40.0,0.0,1.0,0.0,0.0,0.0,70.0
2026-07-20 21:38:42.292,,,,,,,,,-40.0,0.0,1.0,0.0,0.0,0.0,70.0
2026-07-20 21:38:42.465,,,,,,,,,-40.0,0.0,1.0,0.0,0.0,0.0,70.0
2026-07-20 21:38:42.665,,,,,,,,,-40.0,0.0,1.0,0.0,0.0,0.0,70.0
2026-07-20 21:38:42.866,,,,,,,,,-40.0,0.0,1.0,0.0,0.0,0.0,70.0
2026-07-20 21:38:43.111,,,,,,,,,-40.0,0.0,1.0,0.0,0.0,0.0,71.0
2026-07-20 21:38:43.285,,,,,,,,,-40.0,0.0,1.0,0.0,0.0,0.0,71.0
2026-07-20 21:38:43.465,,,,,,,,,-40.0,0.0,1.0,0.0,0.0,0.0,71.0
2026-07-20 21:38:43.665,,,,,,,,,-40.0,0.0,1.0,0.0,0.0,0.0,71.0
2026-07-20 21:38:43.865,,,,,,,,,-40.0,0.0,1.0,0.0,0.0,0.0,71.0
2026-07-20 21:38:44.111,,,,,,,,,-40.0,0.0,1.0,0.0,0.0,0.0,72.0
2026-07-20 21:38:44.291,,,,,,,,,-40.0,0.0,1.0,0.0,0.0,0.0,72.0
2026-07-20 21:38:44.465,,,,,,,,,-40.0,0.0,1.0,0.0,0.0,0.0,72.0
2026-07-20 21:38:44.665,,,,,,,,,-40.0,0.0,1.0,0.0,0.0,0.0,72.0
2026-07-20 21:38:44.865,,,,,,,,,-40.0,0.0,1.0,0.0,0.0,0.0,72.0
2026-07-20 21:38:45.111,,,,,,,,,-40.0,0.0,1.0,0.0,0.0,0.0,73.0
2026-07-20 21:38:45.298,,,,,,,,,-40.0,0.0,1.0,0.0,0.0,0.0,73.0
2026-07-20 21:38:45.465,,,,,,,,,-40.0,0.0,1.0,0.0,0.0,0.0,73.0
2026-07-20 21:38:45.666,,,,,,,,,-40.0,0.0,1.0,0.0,0.0,0.0,73.0
2026-07-20 21:38:45.865,,,,,,,,,-40.0,0.0,1.0,0.0,0.0,0.0,73.0
2026-07-20 21:38:46.110,,,,,,,,,-40.0,0.0,1.0,0.0,0.0,0.0,74.0
2026-07-20 21:38:46.265,,,,,,,,,-40.0,0.0,1.0,0.0,0.0,0.0,74.0
2026-07-20 21:38:46.465,,,,,,,,,-40.0,0.0,1.0,0.0,0.0,0.0,74.0
2026-07-20 21:38:46.665,,,,,,,,,-40.0,0.0,1.0,0.0,0.0,0.0,74.0
2026-07-20 21:38:46.865,,,,,,,,,-40.0,0.0,1.0,0.0,0.0,0.0,74.0
2026-07-20 21:38:47.110,,,,,,,,,-40.0,0.0,1.0,0.0,0.0,0.0,75.0
2026-07-20 21:38:47.267,,,,,,,,,-40.0,0.0,1.0,0.0,0.0,0.0,75.0
2026-07-20 21:38:47.465,,,,,,,,,-40.0,0.0,1.0,0.0,0.0,0.0,75.0
2026-07-20 21:38:47.665,,,,,,,,,-40.0,0.0,1.0,0.0,0.0,0.0,75.0
2026-07-20 21:38:47.865,,,,,,,,,-40.0,0.0,1.0,0.0,0.0,0.0,75.0
2026-07-20 21:38:48.111,,,,,,,,,-40.0,0.0,1.0,0.0,0.0,0.0,76.0
2026-07-20 21:38:48.295,,,,,,,,,-40.0,0.0,1.0,0.0,0.0,0.0,76.0
2026-07-20 21:38:48.465,,,,,,,,,-40.0,0.0,1.0,0.0,0.0,0.0,76.0
2026-07-20 21:38:48.665,,,,,,,,,-40.0,0.0,1.0,0.0,0.0,0.0,76.0
2026-07-20 21:38:48.883,,,,,,,,,-40.0,0.0,1.0,0.0,0.0,0.0,76.0
2026-07-20 21:38:49.111,,,,,,,,,-40.0,0.0,1.0,0.0,0.0,0.0,77.0
2026-07-20 21:38:49.288,,,,,,,,,-40.0,0.0,1.0,0.0,0.0,0.0,77.0
2026-07-20 21:38:49.466,,,,,,,,,-40.0,0.0,1.0,0.0,0.0,0.0,77.0
2026-07-20 21:38:49.665,,,,,,,,,-40.0,0.0,1.0,0.0,0.0,0.0,77.0
2026-07-20 21:38:49.865,,,,,,,,,-40.0,0.0,1.0,0.0,0.0,0.0,77.0
2026-07-20 21:38:50.111,,,,,,,,,-40.0,0.0,1.0,0.0,0.0,0.0,78.0
2026-07-20 21:38:50.264,,,,,,,,,-40.0,0.0,1.0,0.0,0.0,0.0,78.0
2026-07-20 21:38:50.465,,,,,,,,,-40.0,0.0,1.0,0.0,0.0,0.0,78.0
2026-07-20 21:38:50.677,,,,,,,,,-40.0,0.0,1.0,0.0,0.0,0.0,78.0
2026-07-20 21:38:50.865,,,,,,,,,-40.0,0.0,1.0,0.0,0.0,0.0,78.0
2026-07-20 21:38:51.111,,,,,,,,,-40.0,0.0,1.0,0.0,0.0,0.0,79.0
2026-07-20 21:38:51.264,,,,,,,,,-40.0,0.0,1.0,0.0,0.0,0.0,79.0
2026-07-20 21:38:51.465,,,,,,,,,-40.0,0.0,1.0,0.0,0.0,0.0,79.0
2026-07-20 21:38:51.666,,,,,,,,,-40.0,0.0,1.0,0.0,0.0,0.0,79.0
2026-07-20 21:38:51.865,,,,,,,,,-40.0,0.0,1.0,0.0,0.0,0.0,79.0
2026-07-20 21:38:52.111,,,,,,,,,-40.0,0.0,1.0,0.0,0.0,0.0,80.0
2026-07-20 21:38:52.264,,,,,,,,,-40.0,0.0,1.0,0.0,0.0,0.0,80.0
2026-07-20 21:38:52.464,,,,,,,,,-40.0,0.0,1.0,0.0,0.0,0.0,80.0
2026-07-20 21:38:52.665,,,,,,,,,-40.0,0.0,1.0,0.0,0.0,0.0,80.0
2026-07-20 21:38:52.865,,,,,,,,,-40.0,0.0,1.0,0.0,0.0,0.0,80.0
2026-07-20 21:38:53.110,,,,,,,,,-40.0,0.0,1.0,0.0,0.0,0.0,81.0
2026-07-20 21:38:53.264,,,,,,,,,-40.0,0.0,1.0,0.0,0.0,0.0,81.0
2026-07-20 21:38:53.467,,,,,,,,,-40.0,0.0,1.0,0.0,0.0,0.0,81.0
2026-07-20 21:38:53.665,,,,,,,,,-40.0,0.0,1.0,0.0,0.0,0.0,81.0
2026-07-20 21:38:53.864,,,,,,,,,-40.0,0.0,1.0,0.0,0.0,0.0,81.0
2026-07-20 21:38:54.111,,,,,,,,,-40.0,0.0,1.0,0.0,0.0,0.0,82.0
2026-07-20 21:38:54.265,,,,,,,,,-40.0,0.0,1.0,0.0,0.0,0.0,82.0
2026-07-20 21:38:54.464,,,,,,,,,-40.0,0.0,1.0,0.0,0.0,0.0,82.0
2026-07-20 21:38:54.664,,,,,,,,,-40.0,0.0,1.0,0.0,0.0,0.0,82.0
2026-07-20 21:38:54.865,,,,,,,,,-40.0,0.0,1.0,0.0,0.0,0.0,82.0
2026-07-20 21:38:55.111,,,,,,,,,-40.0,0.0,1.0,0.0,0.0,0.0,83.0
2026-07-20 21:38:55.264,,,,,,,,,-40.0,0.0,1.0,0.0,0.0,0.0,83.0
2026-07-20 21:38:55.464,,,,,,,,,-40.0,0.0,1.0,0.0,0.0,0.0,83.0
2026-07-20 21:38:55.665,,,,,,,,,-40.0,0.0,1.0,0.0,0.0,0.0,83.0
2026-07-20 21:38:55.864,,,,,,,,,-40.0,0.0,1.0,0.0,0.0,0.0,83.0
2026-07-20 21:38:56.110,,,,,,,,,-40.0,0.0,1.0,0.0,0.0,0.0,84.0
2026-07-20 21:38:56.265,,,,,,,,,-40.0,0.0,1.0,0.0,0.0,0.0,84.0
2026-07-20 21:38:56.464,,,,,,,,,-40.0,0.0,1.0,0.0,0.0,0.0,84.0
2026-07-20 21:38:56.665,,,,,,,,,-40.0,0.0,1.0,0.0,0.0,0.0,84.0
2026-07-20 21:38:56.864,,,,,,,,,-40.0,0.0,1.0,0.0,0.0,0.0,84.0
2026-07-20 21:38:57.110,,,,,,,,,-40.0,0.0,1.0,0.0,0.0,0.0,85.0
2026-07-20 21:38:57.264,,,,,,,,,-40.0,0.0,1.0,0.0,0.0,0.0,85.0
2026-07-20 21:38:57.464,,,,,,,,,-40.0,0.0,1.0,0.0,0.0,0.0,85.0
2026-07-20 21:38:57.667,,,,,,,,,-40.0,0.0,1.0,0.0,0.0,0.0,85.0
2026-07-20 21:38:57.866,,,,,,,,,-40.0,0.0,1.0,0.0,0.0,0.0,85.0
2026-07-20 21:38:58.110,,,,,,,,,-40.0,0.0,1.0,0.0,0.0,0.0,86.0
2026-07-20 21:38:58.265,,,,,,,,,-40.0,0.0,1.0,0.0,0.0,0.0,86.0
2026-07-20 21:38:58.464,,,,,,,,,-40.0,0.0,1.0,0.0,0.0,0.0,86.0
2026-07-20 21:38:58.665,,,,,,,,,-40.0,0.0,1.0,0.0,0.0,0.0,86.0
2026-07-20 21:38:58.864,,,,,,,,,-40.0,0.0,1.0,0.0,0.0,0.0,86.0
2026-07-20 21:38:59.110,,,,,,,,,-40.0,0.0,1.0,0.0,0.0,0.0,87.0
2026-07-20 21:38:59.264,,,,,,,,,-40.0,0.0,1.0,0.0,0.0,0.0,87.0
2026-07-20 21:38:59.465,,,,,,,,,-40.0,0.0,1.0,0.0,0.0,0.0,87.0
2026-07-20 21:38:59.665,,,,,,,,,-40.0,0.0,1.0,0.0,0.0,0.0,87.0
2026-07-20 21:38:59.864,,,,,,,,,-40.0,0.0,1.0,0.0,0.0,0.0,87.0
2026-07-20 21:39:00.111,,,,,,,,,-40.0,0.0,1.0,0.0,0.0,0.0,88.0
2026-07-20 21:39:00.265,,,,,,,,,-40.0,0.0,1.0,0.0,0.0,0.0,88.0
2026-07-20 21:39:00.464,,,,,,,,,-40.0,0.0,1.0,0.0,0.0,0.0,88.0
2026-07-20 21:39:00.665,,,,,,,,,-40.0,0.0,1.0,0.0,0.0,0.0,88.0
2026-07-20 21:39:00.865,,,,,,,,,-40.0,0.0,1.0,0.0,0.0,0.0,88.0
2026-07-20 21:39:01.110,,,,,,,,,-40.0,0.0,1.0,0.0,0.0,0.0,89.0
2026-07-20 21:39:01.264,,,,,,,,,-40.0,0.0,1.0,0.0,0.0,0.0,89.0
2026-07-20 21:39:01.465,,,,,,,,,-40.0,0.0,1.0,0.0,0.0,0.0,89.0
2026-07-20 21:39:01.664,,,,,,,,,-40.0,0.0,1.0,0.0,0.0,0.0,89.0
2026-07-20 21:39:01.866,,,,,,,,,-40.0,0.0,1.0,0.0,0.0,0.0,89.0
2026-07-20 21:39:02.110,,,,,,,,,-40.0,0.0,1.0,0.0,0.0,0.0,90.0
2026-07-20 21:39:02.264,,,,,,,,,-40.0,0.0,1.0,0.0,0.0,0.0,90.0
2026-07-20 21:39:02.465,,,,,,,,,-40.0,0.0,1.0,0.0,0.0,0.0,90.0
2026-07-20 21:39:02.665,,,,,,,,,-40.0,0.0,1.0,0.0,0.0,0.0,90.0
2026-07-20 21:39:02.865,,,,,,,,,-40.0,0.0,1.0,0.0,0.0,0.0,90.0
2026-07-20 21:39:03.110,,,,,,,,,-40.0,0.0,1.0,0.0,0.0,0.0,91.0
2026-07-20 21:39:03.289,,,,,,,,,-40.0,0.0,1.0,0.0,0.0,0.0,91.0
2026-07-20 21:39:03.464,,,,,,,,,-40.0,0.0,1.0,0.0,0.0,0.0,91.0
2026-07-20 21:39:03.665,,,,,,,,,-40.0,0.0,1.0,0.0,0.0,0.0,91.0
2026-07-20 21:39:03.865,,,,,,,,,-40.0,0.0,1.0,0.0,0.0,0.0,91.0
2026-07-20 21:39:04.110,,,,,,,,,-40.0,0.0,1.0,0.0,0.0,0.0,92.0
2026-07-20 21:39:04.280,,,,,,,,,-40.0,0.0,1.0,0.0,0.0,0.0,92.0
2026-07-20 21:39:04.465,,,,,,,,,-40.0,0.0,1.0,0.0,0.0,0.0,92.0
2026-07-20 21:39:04.664,,,,,,,,,-40.0,0.0,1.0,0.0,0.0,0.0,92.0
2026-07-20 21:39:04.864,,,,,,,,,-40.0,0.0,1.0,0.0,0.0,0.0,92.0
2026-07-20 21:39:05.110,,,,,,,,,-40.0,0.0,1.0,0.0,0.0,0.0,93.0
2026-07-20 21:39:05.266,,,,,,,,,-40.0,0.0,1.0,0.0,0.0,0.0,93.0
2026-07-20 21:39:05.465,,,,,,,,,-40.0,0.0,1.0,0.0,0.0,0.0,93.0
2026-07-20 21:39:05.665,,,,,,,,,-40.0,0.0,1.0,0.0,0.0,0.0,93.0
2026-07-20 21:39:05.864,,,,,,,,,-40.0,0.0,1.0,0.0,0.0,0.0,93.0
2026-07-20 21:39:06.110,,,,,,,,,-40.0,0.0,1.0,0.0,0.0,0.0,94.0
2026-07-20 21:39:06.266,,,,,,,,,-40.0,0.0,1.0,0.0,0.0,0.0,94.0
2026-07-20 21:39:06.464,,,,,,,,,-40.0,0.0,1.0,0.0,0.0,0.0,94.0
2026-07-20 21:39:06.664,,,,,,,,,-40.0,0.0,1.0,0.0,0.0,0.0,94.0
2026-07-20 21:39:06.864,,,,,,,,,-40.0,0.0,1.0,0.0,0.0,0.0,94.0
2026-07-20 21:39:07.110,,,,,,,,,-40.0,0.0,1.0,0.0,0.0,0.0,95.0
2026-07-20 21:39:07.279,,,,,,,,,-40.0,0.0,1.0,0.0,0.0,0.0,95.0
2026-07-20 21:39:07.464,,,,,,,,,-40.0,0.0,1.0,0.0,0.0,0.0,95.0
2026-07-20 21:39:07.664,,,,,,,,,-40.0,0.0,1.0,0.0,0.0,0.0,95.0
2026-07-20 21:39:07.865,,,,,,,,,-40.0,0.0,1.0,0.0,0.0,0.0,95.0
2026-07-20 21:39:08.110,,,,,,,,,-40.0,0.0,1.0,0.0,0.0,0.0,96.0
2026-07-20 21:39:08.288,,,,,,,,,-40.0,0.0,1.0,0.0,0.0,0.0,96.0
2026-07-20 21:39:08.464,,,,,,,,,-40.0,0.0,1.0,0.0,0.0,0.0,96.0
2026-07-20 21:39:08.664,,,,,,,,,-40.0,0.0,1.0,0.0,0.0,0.0,96.0
2026-07-20 21:39:08.864,,,,,,,,,-40.0,0.0,1.0,0.0,0.0,0.0,96.0
2026-07-20 21:39:09.110,,,,,,,,,-40.0,0.0,1.0,0.0,0.0,0.0,97.0
2026-07-20 21:39:09.293,,,,,,,,,-40.0,0.0,1.0,0.0,0.0,0.0,97.0
2026-07-20 21:39:09.464,,,,,,,,,-40.0,0.0,1.0,0.0,0.0,0.0,97.0
2026-07-20 21:39:09.665,,,,,,,,,-40.0,0.0,1.0,0.0,0.0,0.0,97.0
2026-07-20 21:39:09.864,,,,,,,,,-40.0,0.0,1.0,0.0,0.0,0.0,97.0
2026-07-20 21:39:10.109,,,,,,,,,-40.0,0.0,1.0,0.0,0.0,0.0,98.0
2026-07-20 21:39:10.280,,,,,,,,,-40.0,0.0,1.0,0.0,0.0,0.0,98.0
2026-07-20 21:39:10.464,,,,,,,,,-40.0,0.0,1.0,0.0,0.0,0.0,98.0
2026-07-20 21:39:10.664,,,,,,,,,-40.0,0.0,1.0,0.0,0.0,0.0,98.0
2026-07-20 21:39:10.866,,,,,,,,,-40.0,0.0,1.0,0.0,0.0,0.0,98.0
2026-07-20 21:39:11.109,,,,,,,,,-40.0,0.0,1.0,0.0,0.0,0.0,99.0
2026-07-20 21:39:11.265,,,,,,,,,-40.0,0.0,1.0,0.0,0.0,0.0,99.0
2026-07-20 21:39:11.464,,,,,,,,,-40.0,0.0,1.0,0.0,0.0,0.0,99.0
2026-07-20 21:39:11.665,,,,,,,,,-40.0,0.0,1.0,0.0,0.0,0.0,99.0
2026-07-20 21:39:11.865,,,,,,,,,-40.0,0.0,1.0,0.0,0.0,0.0,99.0
2026-07-20 21:39:12.110,,,,,,,,,-40.0,0.0,1.0,0.0,0.0,0.0,100.0
2026-07-20 21:39:12.264,,,,,,,,,-40.0,0.0,1.0,0.0,0.0,0.0,100.0
2026-07-20 21:39:12.465,,,,,,,,,-40.0,0.0,1.0,0.0,0.0,0.0,100.0
2026-07-20 21:39:12.665,,,,,,,,,-40.0,0.0,1.0,0.0,0.0,0.0,100.0
2026-07-20 21:39:12.865,,,,,,,,,-40.0,0.0,1.0,0.0,0.0,0.0,100.0
2026-07-20 21:39:13.110,,,,,,,,,-40.0,0.0,1.0,0.0,0.0,0.0,101.0
2026-07-20 21:39:13.288,,,,,,,,,-40.0,0.0,1.0,0.0,0.0,0.0,101.0
2026-07-20 21:39:13.464,,,,,,,,,-40.0,0.0,1.0,0.0,0.0,0.0,101.0
2026-07-20 21:39:13.665,,,,,,,,,-40.0,0.0,1.0,0.0,0.0,0.0,101.0
2026-07-20 21:39:13.865,,,,,,,,,-40.0,0.0,1.0,0.0,0.0,0.0,101.0
2026-07-20 21:39:14.110,,,,,,,,,-40.0,0.0,1.0,0.0,0.0,0.0,102.0
2026-07-20 21:39:14.264,,,,,,,,,-40.0,0.0,1.0,0.0,0.0,0.0,102.0
2026-07-20 21:39:14.464,,,,,,,,,-40.0,0.0,1.0,0.0,0.0,0.0,102.0
2026-07-20 21:39:14.664,,,,,,,,,-40.0,0.0,1.0,0.0,0.0,0.0,102.0
2026-07-20 21:39:14.864,,,,,,,,,-40.0,0.0,1.0,0.0,0.0,0.0,102.0
2026-07-20 21:39:15.110,,,,,,,,,-40.0,0.0,1.0,0.0,0.0,0.0,103.0
2026-07-20 21:39:15.265,,,,,,,,,-40.0,0.0,1.0,0.0,0.0,0.0,103.0
2026-07-20 21:39:15.464,,,,,,,,,-40.0,0.0,1.0,0.0,0.0,0.0,103.0
2026-07-20 21:39:15.664,,,,,,,,,-40.0,0.0,1.0,0.0,0.0,0.0,103.0
2026-07-20 21:39:15.865,,,,,,,,,-40.0,0.0,1.0,0.0,0.0,0.0,103.0
2026-07-20 21:39:16.109,,,,,,,,,-40.0,0.0,1.0,0.0,0.0,0.0,104.0
2026-07-20 21:39:16.263,,,,,,,,,-40.0,0.0,1.0,0.0,0.0,0.0,104.0
2026-07-20 21:39:16.464,,,,,,,,,-40.0,0.0,1.0,0.0,0.0,0.0,104.0
2026-07-20 21:39:16.664,,,,,,,,,-40.0,0.0,1.0,0.0,0.0,0.0,104.0
2026-07-20 21:39:16.864,,,,,,,,,-40.0,0.0,1.0,0.0,0.0,0.0,104.0
2026-07-20 21:39:17.109,,,,,,,,,-40.0,0.0,1.0,0.0,0.0,0.0,105.0
2026-07-20 21:39:17.264,,,,,,,,,-40.0,0.0,1.0,0.0,0.0,0.0,105.0
2026-07-20 21:39:17.464,,,,,,,,,-40.0,0.0,1.0,0.0,0.0,0.0,105.0
2026-07-20 21:39:17.664,,,,,,,,,-40.0,0.0,1.0,0.0,0.0,0.0,105.0
2026-07-20 21:39:17.865,,,,,,,,,-40.0,0.0,1.0,0.0,0.0,0.0,105.0
2026-07-20 21:39:18.110,,,,,,,,,-40.0,0.0,1.0,0.0,0.0,0.0,106.0
2026-07-20 21:39:18.272,,,,,,,,,-40.0,0.0,1.0,0.0,0.0,0.0,106.0
2026-07-20 21:39:18.464,,,,,,,,,-40.0,0.0,1.0,0.0,0.0,0.0,106.0
2026-07-20 21:39:18.664,,,,,,,,,-40.0,0.0,1.0,0.0,0.0,0.0,106.0
2026-07-20 21:39:18.864,,,,,,,,,-40.0,0.0,1.0,0.0,0.0,0.0,106.0
2026-07-20 21:39:19.110,,,,,,,,,-40.0,0.0,1.0,0.0,0.0,0.0,107.0
2026-07-20 21:39:19.267,,,,,,,,,-40.0,0.0,1.0,0.0,0.0,0.0,107.0
2026-07-20 21:39:19.464,,,,,,,,,-40.0,0.0,1.0,0.0,0.0,0.0,107.0
2026-07-20 21:39:19.664,,,,,,,,,-40.0,0.0,1.0,0.0,0.0,0.0,107.0
2026-07-20 21:39:19.864,,,,,,,,,-40.0,0.0,1.0,0.0,0.0,0.0,107.0
2026-07-20 21:39:20.109,,,,,,,,,-40.0,0.0,1.0,0.0,0.0,0.0,108.0
2026-07-20 21:39:20.283,,,,,,,,,-40.0,0.0,1.0,0.0,0.0,0.0,108.0
2026-07-20 21:39:20.464,,,,,,,,,-40.0,0.0,1.0,0.0,0.0,0.0,108.0
2026-07-20 21:39:20.664,,,,,,,,,-40.0,0.0,1.0,0.0,0.0,0.0,108.0
2026-07-20 21:39:20.864,,,,,,,,,-40.0,0.0,1.0,0.0,0.0,0.0,108.0
2026-07-20 21:39:21.109,,,,,,,,,-40.0,0.0,1.0,0.0,0.0,0.0,109.0
2026-07-20 21:39:21.266,,,,,,,,,-40.0,0.0,1.0,0.0,0.0,0.0,109.0
2026-07-20 21:39:21.464,,,,,,,,,-40.0,0.0,1.0,0.0,0.0,0.0,109.0
2026-07-20 21:39:21.664,,,,,,,,,-40.0,0.0,1.0,0.0,0.0,0.0,109.0
2026-07-20 21:39:21.864,,,,,,,,,-40.0,0.0,1.0,0.0,0.0,0.0,109.0
2026-07-20 21:39:22.109,,,,,,,,,-40.0,0.0,1.0,0.0,0.0,0.0,110.0
2026-07-20 21:39:22.264,,,,,,,,,-40.0,0.0,1.0,0.0,0.0,0.0,110.0
2026-07-20 21:39:22.465,,,,,,,,,-40.0,0.0,1.0,0.0,0.0,0.0,110.0
2026-07-20 21:39:22.665,,,,,,,,,-40.0,0.0,0.0,1.0,0.0,0.0,110.0
2026-07-20 21:39:22.865,,,,,,,,,-40.0,0.0,0.0,1.0,0.0,0.0,110.0
2026-07-20 21:39:23.133,,,,,,,,,-40.0,0.0,0.0,1.0,0.0,0.0,111.0
2026-07-20 21:39:23.270,,,,,,,,,-40.0,0.0,0.0,1.0,0.0,0.0,111.0
2026-07-20 21:39:23.464,,,,,,,,,-40.0,0.0,0.0,1.0,0.0,0.0,111.0
2026-07-20 21:39:23.664,,,,,,,,,-40.0,0.0,0.0,1.0,0.0,0.0,111.0
2026-07-20 21:39:23.864,,,,,,,,,-40.0,0.0,0.0,1.0,0.0,0.0,111.0
2026-07-20 21:39:24.104,,,,,,,,,-40.0,0.0,0.0,1.0,0.0,0.0,112.0
2026-07-20 21:39:24.266,,,,,,,,,-40.0,0.0,0.0,1.0,0.0,0.0,112.0
2026-07-20 21:39:24.465,,,,,,,,,-40.0,0.0,0.0,1.0,0.0,0.0,112.0
2026-07-20 21:39:24.664,,,,,,,,,-40.0,0.0,0.0,1.0,0.0,0.0,112.0
2026-07-20 21:39:24.864,,,,,,,,,-40.0,0.0,0.0,1.0,0.0,0.0,112.0
2026-07-20 21:39:25.105,,,,,,,,,-40.0,0.0,0.0,1.0,0.0,0.0,113.0
2026-07-20 21:39:25.271,,,,,,,,,-40.0,0.0,0.0,1.0,0.0,0.0,113.0
2026-07-20 21:39:25.464,,,,,,,,,-40.0,0.0,0.0,1.0,0.0,0.0,113.0
2026-07-20 21:39:25.663,,,,,,,,,-40.0,0.0,0.0,1.0,0.0,0.0,113.0
2026-07-20 21:39:25.863,,,,,,,,,-40.0,0.0,0.0,1.0,0.0,0.0,113.0
2026-07-20 21:39:26.104,,,,,,,,,-40.0,0.0,0.0,1.0,0.0,0.0,114.0
2026-07-20 21:39:26.280,,,,,,,,,-40.0,0.0,0.0,1.0,0.0,0.0,114.0
2026-07-20 21:39:26.464,,,,,,,,,-40.0,0.0,0.0,1.0,0.0,0.0,114.0
2026-07-20 21:39:26.664,,,,,,,,,-40.0,0.0,0.0,1.0,0.0,0.0,114.0
2026-07-20 21:39:26.864,,,,,,,,,-40.0,0.0,0.0,1.0,0.0,0.0,114.0
2026-07-20 21:39:27.104,,,,,,,,,-40.0,0.0,0.0,1.0,0.0,0.0,115.0
2026-07-20 21:39:27.273,,,,,,,,,-40.0,0.0,0.0,1.0,0.0,0.0,115.0
2026-07-20 21:39:27.464,,,,,,,,,-40.0,0.0,0.0,1.0,0.0,0.0,115.0
2026-07-20 21:39:27.664,,,,,,,,,-40.0,0.0,0.0,1.0,0.0,0.0,115.0
2026-07-20 21:39:27.866,,,,,,,,,-40.0,0.0,0.0,1.0,0.0,0.0,115.0
2026-07-20 21:39:28.104,,,,,,,,,-40.0,0.0,0.0,1.0,0.0,0.0,116.0
2026-07-20 21:39:28.294,,,,,,,,,-40.0,0.0,0.0,1.0,0.0,0.0,116.0
2026-07-20 21:39:28.464,,,,,,,,,-40.0,0.0,0.0,1.0,0.0,0.0,116.0
2026-07-20 21:39:28.664,,,,,,,,,-40.0,0.0,0.0,1.0,0.0,0.0,116.0
2026-07-20 21:39:28.863,,,,,,,,,-40.0,0.0,0.0,1.0,0.0,0.0,116.0
2026-07-20 21:39:29.105,,,,,,,,,-40.0,0.0,0.0,1.0,0.0,0.0,117.0
2026-07-20 21:39:29.264,,,,,,,,,-40.0,0.0,0.0,1.0,0.0,0.0,117.0
2026-07-20 21:39:29.463,,,,,,,,,-40.0,0.0,0.0,1.0,0.0,0.0,117.0
2026-07-20 21:39:29.664,,,,,,,,,-40.0,0.0,0.0,1.0,0.0,0.0,117.0
2026-07-20 21:39:29.864,,,,,,,,,-40.0,0.0,0.0,1.0,0.0,0.0,117.0
2026-07-20 21:39:30.105,,,,,,,,,-40.0,0.0,0.0,1.0,0.0,0.0,118.0
2026-07-20 21:39:30.264,,,,,,,,,-40.0,0.0,0.0,1.0,0.0,0.0,118.0
2026-07-20 21:39:30.464,,,,,,,,,-40.0,0.0,0.0,1.0,0.0,0.0,118.0
2026-07-20 21:39:30.663,,,,,,,,,-40.0,0.0,0.0,1.0,0.0,0.0,118.0
2026-07-20 21:39:30.863,,,,,,,,,-40.0,0.0,0.0,1.0,0.0,0.0,118.0
2026-07-20 21:39:31.104,,,,,,,,,-40.0,0.0,0.0,1.0,0.0,0.0,119.0
2026-07-20 21:39:31.264,,,,,,,,,-40.0,0.0,0.0,1.0,0.0,0.0,119.0
2026-07-20 21:39:31.463,,,,,,,,,-40.0,0.0,0.0,1.0,0.0,0.0,119.0
2026-07-20 21:39:31.664,,,,,,,,,-40.0,0.0,0.0,1.0,0.0,0.0,119.0
2026-07-20 21:39:31.864,,,,,,,,,-40.0,0.0,0.0,1.0,0.0,0.0,119.0
2026-07-20 21:39:32.104,,,,,,,,,-40.0,0.0,0.0,1.0,0.0,0.0,120.0
2026-07-20 21:39:32.277,,,,,,,,,-40.0,0.0,0.0,1.0,0.0,0.0,120.0
2026-07-20 21:39:32.463,,,,,,,,,-40.0,0.0,0.0,1.0,0.0,0.0,120.0
2026-07-20 21:39:32.664,,,,,,,,,-40.0,0.0,0.0,1.0,0.0,0.0,120.0
2026-07-20 21:39:32.863,,,,,,,,,-40.0,0.0,0.0,1.0,0.0,0.0,120.0
2026-07-20 21:39:33.104,,,,,,,,,-40.0,0.0,0.0,1.0,0.0,0.0,121.0
2026-07-20 21:39:33.289,,,,,,,,,-40.0,0.0,0.0,1.0,0.0,0.0,121.0
2026-07-20 21:39:33.464,,,,,,,,,-40.0,0.0,0.0,1.0,0.0,0.0,121.0
2026-07-20 21:39:33.664,,,,,,,,,-40.0,0.0,0.0,1.0,0.0,0.0,121.0
2026-07-20 21:39:33.872,,,,,,,,,-40.0,0.0,0.0,1.0,0.0,0.0,121.0
2026-07-20 21:39:34.104,,,,,,,,,-40.0,0.0,0.0,1.0,0.0,0.0,122.0
2026-07-20 21:39:34.264,,,,,,,,,-40.0,0.0,0.0,1.0,0.0,0.0,122.0
2026-07-20 21:39:34.464,,,,,,,,,-40.0,0.0,0.0,1.0,0.0,0.0,122.0
2026-07-20 21:39:34.664,,,,,,,,,-40.0,0.0,0.0,1.0,0.0,0.0,122.0
2026-07-20 21:39:34.864,,,,,,,,,-40.0,0.0,0.0,1.0,0.0,0.0,122.0
2026-07-20 21:39:35.104,,,,,,,,,-40.0,0.0,0.0,1.0,0.0,0.0,123.0
2026-07-20 21:39:35.264,,,,,,,,,-40.0,0.0,0.0,1.0,0.0,0.0,123.0
2026-07-20 21:39:35.465,,,,,,,,,-40.0,0.0,0.0,1.0,0.0,0.0,123.0
2026-07-20 21:39:35.664,,,,,,,,,-40.0,0.0,0.0,1.0,0.0,0.0,123.0
2026-07-20 21:39:35.864,,,,,,,,,-40.0,0.0,0.0,1.0,0.0,0.0,123.0
2026-07-20 21:39:36.104,,,,,,,,,-40.0,0.0,0.0,1.0,0.0,0.0,124.0
2026-07-20 21:39:36.264,,,,,,,,,-40.0,0.0,0.0,1.0,0.0,0.0,124.0
2026-07-20 21:39:36.463,,,,,,,,,-40.0,0.0,0.0,1.0,0.0,0.0,124.0
2026-07-20 21:39:36.664,,,,,,,,,-40.0,0.0,0.0,1.0,0.0,0.0,124.0
2026-07-20 21:39:36.864,,,,,,,,,-40.0,0.0,0.0,1.0,0.0,0.0,124.0
2026-07-20 21:39:37.103,,,,,,,,,-40.0,0.0,0.0,1.0,0.0,0.0,125.0
2026-07-20 21:39:37.264,,,,,,,,,-40.0,0.0,0.0,1.0,0.0,0.0,125.0
2026-07-20 21:39:37.464,,,,,,,,,-40.0,0.0,0.0,1.0,0.0,0.0,125.0
2026-07-20 21:39:37.664,,,,,,,,,-40.0,0.0,0.0,1.0,0.0,0.0,125.0
2026-07-20 21:39:37.864,,,,,,,,,-40.0,0.0,0.0,1.0,0.0,0.0,125.0
2026-07-20 21:39:38.104,,,,,,,,,-40.0,0.0,0.0,1.0,0.0,0.0,126.0
2026-07-20 21:39:38.264,,,,,,,,,-40.0,0.0,0.0,1.0,0.0,0.0,126.0
2026-07-20 21:39:38.464,,,,,,,,,-40.0,0.0,0.0,1.0,0.0,0.0,126.0
2026-07-20 21:39:38.664,,,,,,,,,-40.0,0.0,0.0,1.0,0.0,0.0,126.0
2026-07-20 21:39:38.865,,,,,,,,,-40.0,0.0,0.0,1.0,0.0,0.0,126.0
2026-07-20 21:39:39.104,,,,,,,,,-40.0,0.0,0.0,1.0,0.0,0.0,127.0
2026-07-20 21:39:39.264,,,,,,,,,-40.0,0.0,0.0,1.0,0.0,0.0,127.0
2026-07-20 21:39:39.464,,,,,,,,,-40.0,0.0,0.0,1.0,0.0,0.0,127.0
2026-07-20 21:39:39.664,,,,,,,,,-40.0,0.0,0.0,1.0,0.0,0.0,127.0
2026-07-20 21:39:39.864,,,,,,,,,-40.0,0.0,0.0,1.0,0.0,0.0,127.0
2026-07-20 21:39:40.104,,,,,,,,,-40.0,0.0,0.0,1.0,0.0,0.0,128.0
2026-07-20 21:39:40.263,,,,,,,,,-40.0,0.0,0.0,1.0,0.0,0.0,128.0
2026-07-20 21:39:40.464,,,,,,,,,-40.0,0.0,0.0,1.0,0.0,0.0,128.0
2026-07-20 21:39:40.664,,,,,,,,,-40.0,0.0,0.0,1.0,0.0,0.0,128.0
2026-07-20 21:39:40.864,,,,,,,,,-40.0,0.0,0.0,1.0,0.0,0.0,128.0
2026-07-20 21:39:41.103,,,,,,,,,-40.0,0.0,0.0,1.0,0.0,0.0,129.0
2026-07-20 21:39:41.263,,,,,,,,,-40.0,0.0,0.0,1.0,0.0,0.0,129.0
2026-07-20 21:39:41.464,,,,,,,,,-40.0,0.0,0.0,1.0,0.0,0.0,129.0
2026-07-20 21:39:41.663,,,,,,,,,-40.0,0.0,0.0,1.0,0.0,0.0,129.0
2026-07-20 21:39:41.864,,,,,,,,,-40.0,0.0,0.0,1.0,0.0,0.0,129.0
2026-07-20 21:39:42.104,,,,,,,,,-40.0,0.0,0.0,1.0,0.0,0.0,130.0
2026-07-20 21:39:42.263,,,,,,,,,-40.0,0.0,0.0,1.0,0.0,0.0,130.0
2026-07-20 21:39:42.464,,,,,,,,,-40.0,0.0,0.0,1.0,0.0,0.0,130.0
2026-07-20 21:39:42.664,,,,,,,,,-40.0,0.0,0.0,1.0,0.0,0.0,130.0
2026-07-20 21:39:42.863,,,,,,,,,-40.0,0.0,0.0,1.0,0.0,0.0,130.0
2026-07-20 21:39:43.104,,,,,,,,,-40.0,0.0,0.0,1.0,0.0,0.0,131.0
2026-07-20 21:39:43.263,,,,,,,,,-40.0,0.0,0.0,1.0,0.0,0.0,131.0
2026-07-20 21:39:43.463,,,,,,,,,-40.0,0.0,0.0,1.0,0.0,0.0,131.0
2026-07-20 21:39:43.663,,,,,,,,,-40.0,0.0,0.0,1.0,0.0,0.0,131.0
2026-07-20 21:39:43.867,,,,,,,,,-40.0,0.0,0.0,1.0,0.0,0.0,131.0
2026-07-20 21:39:44.104,,,,,,,,,-40.0,0.0,0.0,1.0,0.0,0.0,132.0
2026-07-20 21:39:44.263,,,,,,,,,-40.0,0.0,0.0,1.0,0.0,0.0,132.0
2026-07-20 21:39:44.463,,,,,,,,,-40.0,0.0,0.0,1.0,0.0,0.0,132.0
2026-07-20 21:39:44.664,,,,,,,,,-40.0,0.0,0.0,1.0,0.0,0.0,132.0
2026-07-20 21:39:44.863,,,,,,,,,-40.0,0.0,0.0,1.0,0.0,0.0,132.0
2026-07-20 21:39:45.105,,,,,,,,,-40.0,0.0,0.0,1.0,0.0,0.0,133.0
2026-07-20 21:39:45.264,,,,,,,,,-40.0,0.0,0.0,1.0,0.0,0.0,133.0
2026-07-20 21:39:45.463,,,,,,,,,-40.0,0.0,0.0,1.0,0.0,0.0,133.0
2026-07-20 21:39:45.663,,,,,,,,,-40.0,0.0,0.0,1.0,0.0,0.0,133.0
2026-07-20 21:39:45.864,,,,,,,,,-40.0,0.0,0.0,1.0,0.0,0.0,133.0
2026-07-20 21:39:46.104,,,,,,,,,-40.0,0.0,0.0,1.0,0.0,0.0,134.0
2026-07-20 21:39:46.264,,,,,,,,,-40.0,0.0,0.0,1.0,0.0,0.0,134.0
2026-07-20 21:39:46.463,,,,,,,,,-40.0,0.0,0.0,1.0,0.0,0.0,134.0
2026-07-20 21:39:46.664,,,,,,,,,-40.0,0.0,0.0,1.0,0.0,0.0,134.0
2026-07-20 21:39:46.863,,,,,,,,,-40.0,0.0,0.0,1.0,0.0,0.0,134.0
2026-07-20 21:39:47.104,,,,,,,,,-40.0,0.0,0.0,1.0,0.0,0.0,135.0
2026-07-20 21:39:47.263,,,,,,,,,-40.0,0.0,0.0,1.0,0.0,0.0,135.0
2026-07-20 21:39:47.463,,,,,,,,,-40.0,0.0,0.0,1.0,0.0,0.0,135.0
2026-07-20 21:39:47.663,,,,,,,,,-40.0,0.0,0.0,1.0,0.0,0.0,135.0
2026-07-20 21:39:47.863,,,,,,,,,-40.0,0.0,0.0,1.0,0.0,0.0,135.0
2026-07-20 21:39:48.103,,,,,,,,,-40.0,0.0,0.0,1.0,0.0,0.0,136.0
2026-07-20 21:39:48.265,,,,,,,,,-40.0,0.0,0.0,1.0,0.0,0.0,136.0
2026-07-20 21:39:48.463,,,,,,,,,-40.0,0.0,0.0,1.0,0.0,0.0,136.0
2026-07-20 21:39:48.663,,,,,,,,,-40.0,0.0,0.0,1.0,0.0,0.0,136.0
2026-07-20 21:39:48.864,,,,,,,,,-40.0,0.0,0.0,1.0,0.0,0.0,136.0
2026-07-20 21:39:49.104,,,,,,,,,-40.0,0.0,0.0,1.0,0.0,0.0,137.0
2026-07-20 21:39:49.265,,,,,,,,,-40.0,0.0,0.0,1.0,0.0,0.0,137.0
2026-07-20 21:39:49.463,,,,,,,,,-40.0,0.0,0.0,1.0,0.0,0.0,137.0
2026-07-20 21:39:49.664,,,,,,,,,-40.0,0.0,0.0,1.0,0.0,0.0,137.0
2026-07-20 21:39:49.863,,,,,,,,,-40.0,0.0,0.0,1.0,0.0,0.0,137.0
2026-07-20 21:39:50.104,,,,,,,,,-40.0,0.0,0.0,1.0,0.0,0.0,138.0
2026-07-20 21:39:50.289,,,,,,,,,-40.0,0.0,0.0,1.0,0.0,0.0,138.0
2026-07-20 21:39:50.463,,,,,,,,,-40.0,0.0,0.0,1.0,0.0,0.0,138.0
2026-07-20 21:39:50.663,,,,,,,,,-40.0,0.0,0.0,1.0,0.0,0.0,138.0
2026-07-20 21:39:50.864,,,,,,,,,-40.0,0.0,0.0,1.0,0.0,0.0,138.0
2026-07-20 21:39:51.104,,,,,,,,,-40.0,0.0,0.0,1.0,0.0,0.0,139.0
2026-07-20 21:39:51.263,,,,,,,,,-40.0,0.0,0.0,1.0,0.0,0.0,139.0
2026-07-20 21:39:51.464,,,,,,,,,-40.0,0.0,0.0,1.0,0.0,0.0,139.0
2026-07-20 21:39:51.664,,,,,,,,,-40.0,0.0,0.0,1.0,0.0,0.0,139.0
2026-07-20 21:39:51.863,,,,,,,,,-40.0,0.0,0.0,1.0,0.0,0.0,139.0
2026-07-20 21:39:52.109,,,,,,,,,-40.0,0.0,0.0,1.0,0.0,0.0,140.0
2026-07-20 21:39:52.283,,,,,,,,,-40.0,0.0,0.0,1.0,0.0,0.0,140.0
2026-07-20 21:39:52.463,,,,,,,,,-40.0,0.0,0.0,1.0,0.0,0.0,140.0
2026-07-20 21:39:52.665,,,,,,,,,-40.0,0.0,0.0,1.0,0.0,0.0,140.0
2026-07-20 21:39:52.863,,,,,,,,,-40.0,0.0,0.0,1.0,0.0,0.0,140.0
2026-07-20 21:39:53.103,,,,,,,,,-40.0,0.0,0.0,1.0,0.0,0.0,141.0
2026-07-20 21:39:53.290,,,,,,,,,-40.0,0.0,0.0,1.0,0.0,0.0,141.0
2026-07-20 21:39:53.463,,,,,,,,,-40.0,0.0,0.0,1.0,0.0,0.0,141.0
2026-07-20 21:39:53.664,,,,,,,,,-40.0,0.0,0.0,1.0,0.0,0.0,141.0
2026-07-20 21:39:53.863,,,,,,,,,-40.0,0.0,0.0,1.0,0.0,0.0,141.0
2026-07-20 21:39:54.103,,,,,,,,,-40.0,0.0,0.0,1.0,0.0,0.0,142.0
2026-07-20 21:39:54.275,,,,,,,,,-40.0,0.0,0.0,1.0,0.0,0.0,142.0
2026-07-20 21:39:54.463,,,,,,,,,-40.0,0.0,0.0,1.0,0.0,0.0,142.0
2026-07-20 21:39:54.663,,,,,,,,,-40.0,0.0,0.0,1.0,0.0,0.0,142.0
2026-07-20 21:39:54.864,,,,,,,,,-40.0,0.0,0.0,1.0,0.0,0.0,142.0
2026-07-20 21:39:55.103,,,,,,,,,-40.0,0.0,0.0,1.0,0.0,0.0,143.0
2026-07-20 21:39:55.267,,,,,,,,,-40.0,0.0,0.0,1.0,0.0,0.0,143.0
2026-07-20 21:39:55.464,,,,,,,,,-40.0,0.0,0.0,1.0,0.0,0.0,143.0
2026-07-20 21:39:55.663,,,,,,,,,-40.0,0.0,0.0,1.0,0.0,0.0,143.0
2026-07-20 21:39:55.863,,,,,,,,,-40.0,0.0,0.0,1.0,0.0,0.0,143.0
2026-07-20 21:39:56.102,,,,,,,,,-40.0,0.0,0.0,1.0,0.0,0.0,144.0
2026-07-20 21:39:56.296,,,,,,,,,-40.0,0.0,0.0,1.0,0.0,0.0,144.0
2026-07-20 21:39:56.464,,,,,,,,,-40.0,0.0,0.0,1.0,0.0,0.0,144.0
2026-07-20 21:39:56.663,,,,,,,,,-40.0,0.0,0.0,1.0,0.0,0.0,144.0
2026-07-20 21:39:56.863,,,,,,,,,-40.0,0.0,0.0,1.0,0.0,0.0,144.0
2026-07-20 21:39:57.103,,,,,,,,,-40.0,0.0,0.0,1.0,0.0,0.0,145.0
2026-07-20 21:39:57.279,,,,,,,,,-40.0,0.0,0.0,1.0,0.0,0.0,145.0
2026-07-20 21:39:57.463,,,,,,,,,-40.0,0.0,0.0,1.0,0.0,0.0,145.0
2026-07-20 21:39:57.665,,,,,,,,,-40.0,0.0,0.0,1.0,0.0,0.0,145.0
2026-07-20 21:39:57.862,,,,,,,,,-40.0,0.0,0.0,1.0,0.0,0.0,145.0
2026-07-20 21:39:58.104,,,,,,,,,-40.0,0.0,0.0,1.0,0.0,0.0,146.0
2026-07-20 21:39:58.263,,,,,,,,,-40.0,0.0,0.0,1.0,0.0,0.0,146.0
2026-07-20 21:39:58.464,,,,,,,,,-40.0,0.0,0.0,1.0,0.0,0.0,146.0
2026-07-20 21:39:58.664,,,,,,,,,-40.0,0.0,0.0,1.0,0.0,0.0,146.0
2026-07-20 21:39:58.863,,,,,,,,,-40.0,0.0,1.0,0.0,0.0,0.0,146.0
2026-07-20 21:39:59.137,,,,,,,,,-40.0,0.0,1.0,0.0,0.0,0.0,147.0
2026-07-20 21:39:59.264,,,,,,,,,-40.0,0.0,1.0,0.0,0.0,0.0,147.0
2026-07-20 21:39:59.463,,,,,,,,,-40.0,0.0,1.0,0.0,0.0,0.0,147.0
2026-07-20 21:39:59.663,,,,,,,,,-40.0,0.0,1.0,0.0,0.0,0.0,147.0
2026-07-20 21:39:59.863,,,,,,,,,-40.0,0.0,1.0,0.0,0.0,0.0,147.0
2026-07-20 21:40:00.109,,,,,,,,,-40.0,0.0,1.0,0.0,0.0,0.0,148.0
2026-07-20 21:40:00.263,,,,,,,,,-40.0,0.0,1.0,0.0,0.0,0.0,148.0
2026-07-20 21:40:00.464,,,,,,,,,-40.0,0.0,1.0,0.0,0.0,0.0,148.0
2026-07-20 21:40:00.664,,,,,,,,,-40.0,0.0,1.0,0.0,0.0,0.0,148.0
2026-07-20 21:40:00.863,,,,,,,,,-40.0,0.0,1.0,0.0,0.0,0.0,148.0
2026-07-20 21:40:01.109,,,,,,,,,-40.0,0.0,1.0,0.0,0.0,0.0,149.0
2026-07-20 21:40:01.263,,,,,,,,,-40.0,0.0,1.0,0.0,0.0,0.0,149.0
2026-07-20 21:40:01.463,,,,,,,,,-40.0,0.0,1.0,0.0,0.0,0.0,149.0
2026-07-20 21:40:01.685,,,,,,,,,-40.0,0.0,1.0,0.0,0.0,0.0,149.0
2026-07-20 21:40:01.863,,,,,,,,,-40.0,0.0,1.0,0.0,0.0,0.0,149.0
2026-07-20 21:40:02.108,,,,,,,,,-40.0,0.0,1.0,0.0,0.0,0.0,150.0
2026-07-20 21:40:02.270,,,,,,,,,-40.0,0.0,1.0,0.0,0.0,0.0,150.0
2026-07-20 21:40:02.462,,,,,,,,,-40.0,0.0,1.0,0.0,0.0,0.0,150.0
2026-07-20 21:40:02.663,,,,,,,,,-40.0,0.0,0.0,0.0,0.0,0.0,150.0
2026-07-20 21:40:02.864,,,,,,,,,-40.0,0.0,0.0,0.0,0.0,0.0,150.0
2026-07-20 21:40:03.109,,,,,,,,,-40.0,0.0,0.0,0.0,0.0,0.0,151.0
2026-07-20 21:40:03.267,,,,,,,,,-40.0,0.0,0.0,0.0,0.0,0.0,151.0
2026-07-20 21:40:03.464,,,,,,,,,-40.0,0.0,0.0,0.0,0.0,0.0,151.0
2026-07-20 21:40:03.663,,,,,,,,,-40.0,0.0,0.0,0.0,0.0,0.0,151.0
2026-07-20 21:40:03.862,,,,,,,,,-40.0,0.0,0.0,0.0,0.0,0.0,151.0
2026-07-20 21:40:04.109,,,,,,,,,-40.0,0.0,0.0,0.0,0.0,0.0,152.0
2026-07-20 21:40:04.263,,,,,,,,,-40.0,0.0,0.0,0.0,0.0,0.0,152.0
2026-07-20 21:40:04.463,,,,,,,,,-40.0,0.0,0.0,0.0,0.0,0.0,152.0
2026-07-20 21:40:04.663,,,,,,,,,-40.0,0.0,0.0,0.0,0.0,0.0,152.0
2026-07-20 21:40:04.863,,,,,,,,,-40.0,0.0,0.0,0.0,0.0,0.0,152.0
2026-07-20 21:40:05.109,,,,,,,,,-40.0,0.0,0.0,0.0,0.0,0.0,153.0
2026-07-20 21:40:05.272,,,,,,,,,-40.0,0.0,0.0,0.0,0.0,0.0,153.0
2026-07-20 21:40:05.463,,,,,,,,,-40.0,0.0,0.0,0.0,0.0,0.0,153.0
2026-07-20 21:40:05.663,,,,,,,,,-40.0,0.0,0.0,0.0,0.0,0.0,153.0
2026-07-20 21:40:05.863,,,,,,,,,-40.0,0.0,0.0,0.0,0.0,0.0,153.0
2026-07-20 21:40:06.108,,,,,,,,,-40.0,0.0,0.0,0.0,0.0,0.0,154.0
2026-07-20 21:40:06.268,,,,,,,,,-40.0,0.0,0.0,0.0,0.0,0.0,154.0
2026-07-20 21:40:06.464,,,,,,,,,-40.0,0.0,0.0,0.0,0.0,0.0,154.0
2026-07-20 21:40:06.664,,,,,,,,,-40.0,0.0,0.0,0.0,0.0,0.0,154.0
2026-07-20 21:40:06.863,,,,,,,,,-40.0,0.0,0.0,0.0,0.0,0.0,154.0
2026-07-20 21:40:07.109,,,,,,,,,-40.0,0.0,0.0,0.0,0.0,0.0,155.0
2026-07-20 21:40:07.263,,,,,,,,,-40.0,0.0,0.0,0.0,0.0,0.0,155.0
2026-07-20 21:40:07.463,,,,,,,,,-40.0,0.0,0.0,0.0,0.0,0.0,155.0
2026-07-20 21:40:07.663,,,,,,,,,-40.0,0.0,0.0,0.0,0.0,0.0,155.0
2026-07-20 21:40:07.863,,,,,,,,,-40.0,0.0,0.0,0.0,0.0,0.0,155.0
2026-07-20 21:40:08.108,,,,,,,,,-40.0,0.0,0.0,0.0,0.0,0.0,156.0
2026-07-20 21:40:08.263,,,,,,,,,-40.0,0.0,0.0,0.0,0.0,0.0,156.0
2026-07-20 21:40:08.463,,,,,,,,,-40.0,0.0,0.0,0.0,0.0,0.0,156.0
2026-07-20 21:40:08.663,,,,,,,,,-40.0,0.0,0.0,0.0,0.0,0.0,156.0
2026-07-20 21:40:08.863,,,,,,,,,-40.0,0.0,0.0,0.0,0.0,0.0,156.0
2026-07-20 21:40:09.109,,,,,,,,,-40.0,0.0,0.0,0.0,0.0,0.0,157.0
2026-07-20 21:40:09.263,,,,,,,,,-40.0,0.0,0.0,0.0,0.0,0.0,157.0
2026-07-20 21:40:09.463,,,,,,,,,-40.0,0.0,0.0,0.0,0.0,0.0,157.0
2026-07-20 21:40:09.664,,,,,,,,,-40.0,0.0,0.0,0.0,0.0,0.0,157.0
2026-07-20 21:40:09.863,,,,,,,,,-40.0,0.0,0.0,0.0,0.0,0.0,157.0
2026-07-20 21:40:10.109,,,,,,,,,-40.0,0.0,0.0,0.0,0.0,0.0,158.0
2026-07-20 21:40:10.264,,,,,,,,,-40.0,0.0,0.0,0.0,0.0,0.0,158.0
2026-07-20 21:40:10.462,,,,,,,,,-40.0,0.0,0.0,0.0,0.0,0.0,158.0
2026-07-20 21:40:10.663,,,,,,,,,-40.0,0.0,0.0,0.0,0.0,0.0,158.0
2026-07-20 21:40:10.863,,,,,,,,,-40.0,0.0,0.0,0.0,0.0,0.0,158.0
2026-07-20 21:40:11.109,,,,,,,,,-40.0,0.0,0.0,0.0,0.0,0.0,159.0
2026-07-20 21:40:11.263,,,,,,,,,-40.0,0.0,0.0,0.0,0.0,0.0,159.0
2026-07-20 21:40:11.464,,,,,,,,,-40.0,0.0,0.0,0.0,0.0,0.0,159.0
2026-07-20 21:40:11.663,,,,,,,,,-40.0,0.0,0.0,0.0,0.0,0.0,159.0
2026-07-20 21:40:11.862,,,,,,,,,-40.0,0.0,0.0,0.0,0.0,0.0,159.0
2026-07-20 21:40:12.108,,,,,,,,,-40.0,0.0,0.0,0.0,0.0,0.0,160.0
2026-07-20 21:40:12.263,,,,,,,,,-40.0,0.0,0.0,0.0,0.0,0.0,160.0
2026-07-20 21:40:12.466,,,,,,,,,-40.0,0.0,0.0,0.0,0.0,0.0,160.0
2026-07-20 21:40:12.667,,,,,,,,,-40.0,0.0,0.0,0.0,0.0,0.0,160.0
2026-07-20 21:40:12.863,,,,,,,,,-40.0,0.0,0.0,0.0,0.0,0.0,160.0
2026-07-20 21:40:13.109,,,,,,,,,-40.0,0.0,0.0,0.0,0.0,0.0,161.0
2026-07-20 21:40:13.263,,,,,,,,,-40.0,0.0,0.0,0.0,0.0,0.0,161.0
2026-07-20 21:40:13.463,,,,,,,,,-40.0,0.0,0.0,0.0,0.0,0.0,161.0
2026-07-20 21:40:13.664,,,,,,,,,-40.0,0.0,0.0,0.0,0.0,0.0,161.0
2026-07-20 21:40:13.863,,,,,,,,,-40.0,0.0,0.0,0.0,0.0,0.0,161.0
2026-07-20 21:40:14.108,,,,,,,,,-40.0,0.0,0.0,0.0,0.0,0.0,162.0
2026-07-20 21:40:14.264,,,,,,,,,-40.0,0.0,0.0,0.0,0.0,0.0,162.0
2026-07-20 21:40:14.463,,,,,,,,,-40.0,0.0,0.0,0.0,0.0,0.0,162.0
2026-07-20 21:40:14.664,,,,,,,,,-40.0,0.0,0.0,0.0,0.0,0.0,162.0
2026-07-20 21:40:14.863,,,,,,,,,-40.0,0.0,0.0,0.0,0.0,0.0,162.0
2026-07-20 21:40:15.108,,,,,,,,,-40.0,0.0,0.0,0.0,0.0,0.0,163.0
2026-07-20 21:40:15.263,,,,,,,,,-40.0,0.0,0.0,0.0,0.0,0.0,163.0
2026-07-20 21:40:15.462,,,,,,,,,-40.0,0.0,0.0,0.0,0.0,0.0,163.0
2026-07-20 21:40:15.663,,,,,,,,,-40.0,0.0,0.0,0.0,0.0,0.0,163.0
2026-07-20 21:40:15.863,,,,,,,,,-40.0,0.0,0.0,0.0,0.0,0.0,163.0
2026-07-20 21:40:16.109,,,,,,,,,-40.0,0.0,0.0,0.0,0.0,0.0,164.0
2026-07-20 21:40:16.273,,,,,,,,,-40.0,0.0,0.0,0.0,0.0,0.0,164.0
2026-07-20 21:40:16.464,,,,,,,,,-40.0,0.0,0.0,0.0,0.0,0.0,164.0
2026-07-20 21:40:16.663,,,,,,,,,-40.0,0.0,0.0,0.0,0.0,0.0,164.0
2026-07-20 21:40:16.863,,,,,,,,,-40.0,0.0,0.0,0.0,0.0,0.0,164.0
2026-07-20 21:40:17.109,,,,,,,,,-40.0,0.0,0.0,0.0,0.0,0.0,165.0
2026-07-20 21:40:17.263,,,,,,,,,-40.0,0.0,0.0,0.0,0.0,0.0,165.0
2026-07-20 21:40:17.463,,,,,,,,,-40.0,0.0,0.0,0.0,0.0,0.0,165.0
2026-07-20 21:40:17.663,,,,,,,,,-40.0,0.0,0.0,0.0,0.0,0.0,165.0
2026-07-20 21:40:17.863,,,,,,,,,-40.0,0.0,0.0,0.0,0.0,0.0,165.0
2026-07-20 21:40:18.109,,,,,,,,,-40.0,0.0,0.0,0.0,0.0,0.0,166.0
2026-07-20 21:40:18.263,,,,,,,,,-40.0,0.0,0.0,0.0,0.0,0.0,166.0
2026-07-20 21:40:18.463,,,,,,,,,-40.0,0.0,0.0,0.0,0.0,0.0,166.0
2026-07-20 21:40:18.662,,,,,,,,,-40.0,0.0,0.0,0.0,0.0,0.0,166.0
2026-07-20 21:40:18.863,,,,,,,,,-40.0,0.0,0.0,0.0,0.0,0.0,166.0
2026-07-20 21:40:19.109,,,,,,,,,-40.0,0.0,0.0,0.0,0.0,0.0,167.0
2026-07-20 21:40:19.289,,,,,,,,,-40.0,0.0,0.0,0.0,0.0,0.0,167.0
2026-07-20 21:40:19.463,,,,,,,,,-40.0,0.0,0.0,0.0,0.0,0.0,167.0
2026-07-20 21:40:19.663,,,,,,,,,-40.0,0.0,0.0,0.0,0.0,0.0,167.0
2026-07-20 21:40:19.863,,,,,,,,,-40.0,0.0,0.0,0.0,0.0,0.0,167.0
2026-07-20 21:40:20.108,,,,,,,,,-40.0,0.0,0.0,0.0,0.0,0.0,168.0
2026-07-20 21:40:20.284,,,,,,,,,-40.0,0.0,0.0,0.0,0.0,0.0,168.0
2026-07-20 21:40:20.462,,,,,,,,,-40.0,0.0,0.0,0.0,0.0,0.0,168.0
2026-07-20 21:40:20.663,,,,,,,,,-40.0,0.0,0.0,0.0,0.0,0.0,168.0
2026-07-20 21:40:20.863,,,,,,,,,-40.0,0.0,0.0,0.0,0.0,0.0,168.0
2026-07-20 21:40:21.108,,,,,,,,,-40.0,0.0,0.0,0.0,0.0,0.0,169.0
2026-07-20 21:40:21.278,,,,,,,,,-40.0,0.0,0.0,0.0,0.0,0.0,169.0
2026-07-20 21:40:21.463,,,,,,,,,-40.0,0.0,0.0,0.0,0.0,0.0,169.0
2026-07-20 21:40:21.663,,,,,,,,,-40.0,0.0,0.0,0.0,0.0,0.0,169.0
2026-07-20 21:40:21.863,,,,,,,,,-40.0,0.0,0.0,0.0,0.0,0.0,169.0
2026-07-20 21:40:22.108,,,,,,,,,-40.0,0.0,0.0,0.0,0.0,0.0,170.0
2026-07-20 21:40:22.268,,,,,,,,,-40.0,0.0,0.0,0.0,0.0,0.0,170.0
2026-07-20 21:40:22.463,,,,,,,,,-40.0,0.0,0.0,0.0,0.0,0.0,170.0
2026-07-20 21:40:22.662,,,,,,,,,-40.0,0.0,0.0,0.0,0.0,0.0,170.0
2026-07-20 21:40:22.864,,,,,,,,,-40.0,0.0,0.0,0.0,0.0,0.0,170.0
2026-07-20 21:40:23.109,,,,,,,,,-40.0,0.0,0.0,0.0,0.0,0.0,171.0
2026-07-20 21:40:23.265,,,,,,,,,-40.0,0.0,0.0,0.0,0.0,0.0,171.0
2026-07-20 21:40:23.462,,,,,,,,,-40.0,0.0,0.0,0.0,0.0,0.0,171.0
2026-07-20 21:40:23.663,,,,,,,,,-40.0,0.0,0.0,0.0,0.0,0.0,171.0
2026-07-20 21:40:23.863,,,,,,,,,-40.0,0.0,0.0,0.0,0.0,0.0,171.0
2026-07-20 21:40:24.108,,,,,,,,,-40.0,0.0,0.0,0.0,0.0,0.0,172.0
2026-07-20 21:40:24.263,,,,,,,,,-40.0,0.0,0.0,0.0,0.0,0.0,172.0
2026-07-20 21:40:24.463,,,,,,,,,-40.0,0.0,0.0,0.0,0.0,0.0,172.0
2026-07-20 21:40:24.663,,,,,,,,,-40.0,0.0,0.0,0.0,0.0,0.0,172.0
2026-07-20 21:40:24.864,,,,,,,,,-40.0,0.0,0.0,0.0,0.0,0.0,172.0
2026-07-20 21:40:25.108,,,,,,,,,-40.0,0.0,0.0,0.0,0.0,0.0,173.0
2026-07-20 21:40:25.263,,,,,,,,,-40.0,0.0,0.0,0.0,0.0,0.0,173.0
2026-07-20 21:40:25.463,,,,,,,,,-40.0,0.0,0.0,0.0,0.0,0.0,173.0
2026-07-20 21:40:25.662,,,,,,,,,-40.0,0.0,0.0,0.0,0.0,0.0,173.0
2026-07-20 21:40:25.862,,,,,,,,,-40.0,0.0,0.0,0.0,0.0,0.0,173.0
2026-07-20 21:40:26.108,,,,,,,,,-40.0,0.0,0.0,0.0,0.0,0.0,174.0
2026-07-20 21:40:26.263,,,,,,,,,-40.0,0.0,0.0,0.0,0.0,0.0,174.0
2026-07-20 21:40:26.462,,,,,,,,,-40.0,0.0,0.0,0.0,0.0,0.0,174.0
2026-07-20 21:40:26.663,,,,,,,,,-40.0,0.0,0.0,0.0,0.0,0.0,174.0
2026-07-20 21:40:26.862,,,,,,,,,-40.0,0.0,0.0,0.0,0.0,0.0,174.0
2026-07-20 21:40:27.108,,,,,,,,,-40.0,0.0,0.0,0.0,0.0,0.0,175.0
2026-07-20 21:40:27.263,,,,,,,,,-40.0,0.0,0.0,0.0,0.0,0.0,175.0
2026-07-20 21:40:27.462,,,,,,,,,-40.0,0.0,0.0,0.0,0.0,0.0,175.0
2026-07-20 21:40:27.662,,,,,,,,,-40.0,0.0,0.0,0.0,0.0,0.0,175.0
2026-07-20 21:40:27.862,,,,,,,,,-40.0,0.0,0.0,0.0,0.0,0.0,175.0
2026-07-20 21:40:28.108,,,,,,,,,-40.0,0.0,0.0,0.0,0.0,0.0,176.0
2026-07-20 21:40:28.262,,,,,,,,,-40.0,0.0,0.0,0.0,0.0,0.0,176.0
2026-07-20 21:40:28.462,,,,,,,,,-40.0,0.0,0.0,0.0,0.0,0.0,176.0
2026-07-20 21:40:28.676,,,,,,,,,-40.0,0.0,0.0,0.0,0.0,0.0,176.0
2026-07-20 21:40:28.862,,,,,,,,,-40.0,0.0,0.0,0.0,0.0,0.0,176.0
2026-07-20 21:40:29.108,,,,,,,,,-40.0,0.0,0.0,0.0,0.0,0.0,177.0
2026-07-20 21:40:29.262,,,,,,,,,-40.0,0.0,0.0,0.0,0.0,0.0,177.0
2026-07-20 21:40:29.462,,,,,,,,,-40.0,0.0,0.0,0.0,0.0,0.0,177.0
2026-07-20 21:40:29.664,,,,,,,,,-40.0,0.0,0.0,0.0,0.0,0.0,177.0
2026-07-20 21:40:29.863,,,,,,,,,-40.0,0.0,0.0,0.0,0.0,0.0,177.0
2026-07-20 21:40:30.108,,,,,,,,,-40.0,0.0,0.0,0.0,0.0,0.0,178.0
2026-07-20 21:40:30.262,,,,,,,,,-40.0,0.0,0.0,0.0,0.0,0.0,178.0
2026-07-20 21:40:30.462,,,,,,,,,-40.0,0.0,0.0,0.0,0.0,0.0,178.0
2026-07-20 21:40:30.662,,,,,,,,,-40.0,0.0,0.0,0.0,0.0,0.0,178.0
2026-07-20 21:40:30.862,,,,,,,,,-40.0,0.0,0.0,0.0,0.0,0.0,178.0
2026-07-20 21:40:31.108,,,,,,,,,-40.0,0.0,0.0,0.0,0.0,0.0,179.0
2026-07-20 21:40:31.282,,,,,,,,,-40.0,0.0,0.0,0.0,0.0,0.0,179.0
2026-07-20 21:40:31.462,,,,,,,,,-40.0,0.0,0.0,0.0,0.0,0.0,179.0
2026-07-20 21:40:31.662,,,,,,,,,-40.0,0.0,0.0,0.0,0.0,0.0,179.0
2026-07-20 21:40:31.863,,,,,,,,,-40.0,0.0,0.0,0.0,0.0,0.0,179.0
2026-07-20 21:40:32.107,,,,,,,,,-40.0,0.0,0.0,0.0,0.0,0.0,180.0
2026-07-20 21:40:32.264,,,,,,,,,-40.0,0.0,0.0,0.0,0.0,0.0,180.0
2026-07-20 21:40:32.462,,,,,,,,,-40.0,0.0,0.0,0.0,0.0,0.0,180.0
2026-07-20 21:40:32.662,,,,,,,,,-40.0,0.0,0.0,0.0,0.0,0.0,180.0
2026-07-20 21:40:32.862,,,,,,,,,-40.0,0.0,0.0,0.0,0.0,0.0,180.0
2026-07-20 21:40:33.108,,,,,,,,,-40.0,0.0,0.0,0.0,0.0,0.0,181.0
2026-07-20 21:40:33.262,,,,,,,,,-40.0,0.0,0.0,0.0,0.0,0.0,181.0
2026-07-20 21:40:33.462,,,,,,,,,-40.0,0.0,0.0,0.0,0.0,0.0,181.0
2026-07-20 21:40:33.662,,,,,,,,,-40.0,0.0,0.0,0.0,0.0,0.0,181.0
2026-07-20 21:40:33.862,,,,,,,,,-40.0,0.0,0.0,0.0,0.0,0.0,181.0
2026-07-20 21:40:34.108,,,,,,,,,-40.0,0.0,0.0,0.0,0.0,0.0,182.0
2026-07-20 21:40:34.283,,,,,,,,,-40.0,0.0,0.0,0.0,0.0,0.0,182.0
2026-07-20 21:40:34.462,,,,,,,,,-40.0,0.0,0.0,0.0,0.0,0.0,182.0
2026-07-20 21:40:34.662,,,,,,,,,-40.0,0.0,0.0,0.0,0.0,0.0,182.0
2026-07-20 21:40:34.862,,,,,,,,,-40.0,0.0,0.0,0.0,0.0,0.0,182.0
2026-07-20 21:40:35.108,,,,,,,,,-40.0,0.0,0.0,0.0,0.0,0.0,183.0
2026-07-20 21:40:35.262,,,,,,,,,-40.0,0.0,0.0,0.0,0.0,0.0,183.0
2026-07-20 21:40:35.462,,,,,,,,,-40.0,0.0,0.0,0.0,0.0,0.0,183.0
2026-07-20 21:40:35.663,,,,,,,,,-40.0,0.0,0.0,0.0,0.0,0.0,183.0
2026-07-20 21:40:35.863,,,,,,,,,-40.0,0.0,0.0,0.0,0.0,0.0,183.0
2026-07-20 21:40:36.108,,,,,,,,,-40.0,0.0,0.0,0.0,0.0,0.0,184.0
2026-07-20 21:40:36.283,,,,,,,,,-40.0,0.0,0.0,0.0,0.0,0.0,184.0
2026-07-20 21:40:36.461,,,,,,,,,-40.0,0.0,0.0,0.0,0.0,0.0,184.0
2026-07-20 21:40:36.662,,,,,,,,,-40.0,0.0,0.0,0.0,0.0,0.0,184.0
2026-07-20 21:40:36.863,,,,,,,,,-40.0,0.0,0.0,0.0,0.0,0.0,184.0
2026-07-20 21:40:37.108,,,,,,,,,-40.0,0.0,0.0,0.0,0.0,0.0,185.0
2026-07-20 21:40:37.262,,,,,,,,,-40.0,0.0,0.0,0.0,0.0,0.0,185.0
2026-07-20 21:40:37.462,,,,,,,,,-40.0,0.0,0.0,0.0,0.0,0.0,185.0
2026-07-20 21:40:37.662,,,,,,,,,-40.0,0.0,0.0,0.0,0.0,0.0,185.0
2026-07-20 21:40:37.863,,,,,,,,,-40.0,0.0,0.0,0.0,0.0,0.0,185.0
2026-07-20 21:40:38.110,,,,,,,,,-40.0,0.0,0.0,0.0,0.0,0.0,186.0
2026-07-20 21:40:38.274,,,,,,,,,-40.0,0.0,0.0,0.0,0.0,0.0,186.0
2026-07-20 21:40:38.461,,,,,,,,,-40.0,0.0,0.0,0.0,0.0,0.0,186.0
2026-07-20 21:40:38.662,,,,,,,,,-40.0,0.0,0.0,0.0,0.0,0.0,186.0
2026-07-20 21:40:38.863,,,,,,,,,-40.0,0.0,0.0,0.0,0.0,0.0,186.0
2026-07-20 21:40:39.108,,,,,,,,,-40.0,0.0,0.0,0.0,0.0,0.0,187.0
2026-07-20 21:40:39.266,,,,,,,,,-40.0,0.0,0.0,0.0,0.0,0.0,187.0
2026-07-20 21:40:39.462,,,,,,,,,-40.0,0.0,0.0,0.0,0.0,0.0,187.0
2026-07-20 21:40:39.662,,,,,,,,,-40.0,0.0,0.0,0.0,0.0,0.0,187.0
2026-07-20 21:40:39.862,,,,,,,,,-40.0,0.0,0.0,0.0,0.0,0.0,187.0
2026-07-20 21:40:40.108,,,,,,,,,-40.0,0.0,0.0,0.0,0.0,0.0,188.0
2026-07-20 21:40:40.262,,,,,,,,,-40.0,0.0,0.0,0.0,0.0,0.0,188.0
2026-07-20 21:40:40.462,,,,,,,,,-40.0,0.0,0.0,0.0,0.0,0.0,188.0
2026-07-20 21:40:40.662,,,,,,,,,-40.0,0.0,0.0,0.0,0.0,0.0,188.0
2026-07-20 21:40:40.862,,,,,,,,,-40.0,0.0,0.0,0.0,0.0,0.0,188.0
2026-07-20 21:40:41.108,,,,,,,,,-40.0,0.0,0.0,0.0,0.0,0.0,189.0
2026-07-20 21:40:41.289,,,,,,,,,-40.0,0.0,0.0,0.0,0.0,0.0,189.0
2026-07-20 21:40:41.462,,,,,,,,,-40.0,0.0,0.0,0.0,0.0,0.0,189.0
2026-07-20 21:40:41.662,,,,,,,,,-40.0,0.0,0.0,0.0,0.0,0.0,189.0
2026-07-20 21:40:41.869,,,,,,,,,-40.0,0.0,0.0,0.0,0.0,0.0,189.0
2026-07-20 21:40:42.108,,,,,,,,,-40.0,0.0,0.0,0.0,0.0,0.0,190.0
2026-07-20 21:40:42.286,,,,,,,,,-40.0,0.0,0.0,0.0,0.0,0.0,190.0
2026-07-20 21:40:42.463,,,,,,,,,-40.0,0.0,0.0,0.0,0.0,0.0,190.0
2026-07-20 21:40:42.663,,,,,,,,,-40.0,0.0,0.0,0.0,0.0,0.0,190.0
2026-07-20 21:40:42.862,,,,,,,,,-40.0,0.0,0.0,0.0,0.0,0.0,190.0
2026-07-20 21:40:43.108,,,,,,,,,-40.0,0.0,0.0,0.0,0.0,0.0,191.0
2026-07-20 21:40:43.271,,,,,,,,,-40.0,0.0,0.0,0.0,0.0,0.0,191.0
2026-07-20 21:40:43.465,,,,,,,,,-40.0,0.0,0.0,0.0,0.0,0.0,191.0
2026-07-20 21:40:43.662,,,,,,,,,-40.0,0.0,0.0,0.0,0.0,0.0,191.0
2026-07-20 21:40:43.864,,,,,,,,,-40.0,0.0,0.0,0.0,0.0,0.0,191.0
2026-07-20 21:40:44.108,,,,,,,,,-40.0,0.0,0.0,0.0,0.0,0.0,192.0
2026-07-20 21:40:44.261,,,,,,,,,-40.0,0.0,0.0,0.0,0.0,0.0,192.0
2026-07-20 21:40:44.462,,,,,,,,,-40.0,0.0,0.0,0.0,0.0,0.0,192.0
2026-07-20 21:40:44.662,,,,,,,,,-40.0,0.0,0.0,0.0,0.0,0.0,192.0
2026-07-20 21:40:44.862,,,,,,,,,-40.0,0.0,0.0,0.0,0.0,0.0,192.0
2026-07-20 21:40:45.108,,,,,,,,,-40.0,0.0,0.0,0.0,0.0,0.0,193.0
2026-07-20 21:40:45.261,,,,,,,,,-40.0,0.0,0.0,0.0,0.0,0.0,193.0
2026-07-20 21:40:45.462,,,,,,,,,-40.0,0.0,0.0,0.0,0.0,0.0,193.0
2026-07-20 21:40:45.662,,,,,,,,,-40.0,0.0,0.0,0.0,0.0,0.0,193.0
2026-07-20 21:40:45.861,,,,,,,,,-40.0,0.0,0.0,0.0,0.0,0.0,193.0
2026-07-20 21:40:46.107,,,,,,,,,-40.0,0.0,0.0,0.0,0.0,0.0,194.0
2026-07-20 21:40:46.262,,,,,,,,,-40.0,0.0,0.0,0.0,0.0,0.0,194.0
2026-07-20 21:40:46.484,,,,,,,,,-40.0,0.0,0.0,0.0,0.0,0.0,194.0
2026-07-20 21:40:46.662,,,,,,,,,-40.0,0.0,0.0,0.0,0.0,0.0,194.0
2026-07-20 21:40:46.862,,,,,,,,,-40.0,0.0,0.0,0.0,0.0,0.0,194.0
2026-07-20 21:40:47.108,,,,,,,,,-40.0,0.0,0.0,0.0,0.0,0.0,195.0
2026-07-20 21:40:47.262,,,,,,,,,-40.0,0.0,0.0,0.0,0.0,0.0,195.0
2026-07-20 21:40:47.462,,,,,,,,,-40.0,0.0,0.0,0.0,0.0,0.0,195.0
2026-07-20 21:40:47.661,,,,,,,,,-40.0,0.0,0.0,0.0,0.0,0.0,195.0
2026-07-20 21:40:47.862,,,,,,,,,-40.0,0.0,0.0,0.0,0.0,0.0,195.0
2026-07-20 21:40:48.107,,,,,,,,,-40.0,0.0,0.0,0.0,0.0,0.0,196.0
2026-07-20 21:40:48.265,,,,,,,,,-40.0,0.0,0.0,0.0,0.0,0.0,196.0
2026-07-20 21:40:48.462,,,,,,,,,-40.0,0.0,0.0,0.0,0.0,0.0,196.0
2026-07-20 21:40:48.662,,,,,,,,,-40.0,0.0,0.0,0.0,0.0,0.0,196.0
2026-07-20 21:40:48.861,,,,,,,,,-40.0,0.0,0.0,0.0,0.0,0.0,196.0
2026-07-20 21:40:49.109,,,,,,,,,-40.0,0.0,0.0,0.0,0.0,0.0,197.0
2026-07-20 21:40:49.289,,,,,,,,,-40.0,0.0,0.0,0.0,0.0,0.0,197.0
2026-07-20 21:40:49.463,,,,,,,,,-40.0,0.0,0.0,0.0,0.0,0.0,197.0
2026-07-20 21:40:49.661,,,,,,,,,-40.0,0.0,0.0,0.0,0.0,0.0,197.0
2026-07-20 21:40:49.862,,,,,,,,,-40.0,0.0,0.0,0.0,0.0,0.0,197.0
2026-07-20 21:40:50.108,,,,,,,,,-40.0,0.0,0.0,0.0,0.0,0.0,198.0
2026-07-20 21:40:50.303,,,,,,,,,-40.0,0.0,0.0,0.0,0.0,0.0,198.0
2026-07-20 21:40:50.462,,,,,,,,,-40.0,0.0,0.0,0.0,0.0,0.0,198.0
2026-07-20 21:40:50.661,,,,,,,,,-40.0,0.0,0.0,0.0,0.0,0.0,198.0
2026-07-20 21:40:50.862,,,,,,,,,-40.0,0.0,0.0,0.0,0.0,0.0,198.0
2026-07-20 21:40:51.108,,,,,,,,,-40.0,0.0,0.0,0.0,0.0,0.0,199.0
2026-07-20 21:40:51.282,,,,,,,,,-40.0,0.0,0.0,0.0,0.0,0.0,199.0
2026-07-20 21:40:51.462,,,,,,,,,-40.0,0.0,0.0,0.0,0.0,0.0,199.0
2026-07-20 21:40:51.661,,,,,,,,,-40.0,0.0,0.0,0.0,0.0,0.0,199.0
2026-07-20 21:40:51.894,,,,,,,,,-40.0,0.0,0.0,0.0,0.0,0.0,199.0
2026-07-20 21:40:52.108,,,,,,,,,-40.0,0.0,0.0,0.0,0.0,0.0,200.0
2026-07-20 21:40:52.262,,,,,,,,,-40.0,0.0,0.0,0.0,0.0,0.0,200.0
2026-07-20 21:40:52.485,,,,,,,,,-40.0,0.0,0.0,0.0,0.0,0.0,200.0
2026-07-20 21:40:52.662,,,,,,,,,-40.0,0.0,0.0,0.0,0.0,0.0,200.0
2026-07-20 21:40:52.861,,,,,,,,,-40.0,0.0,0.0,0.0,0.0,0.0,200.0
2026-07-20 21:40:53.107,,,,,,,,,-40.0,0.0,0.0,0.0,0.0,0.0,201.0
2026-07-20 21:40:53.261,,,,,,,,,-40.0,0.0,0.0,0.0,0.0,0.0,201.0
2026-07-20 21:40:53.468,,,,,,,,,-40.0,0.0,0.0,0.0,0.0,0.0,201.0
2026-07-20 21:40:53.662,,,,,,,,,-40.0,0.0,0.0,0.0,0.0,0.0,201.0
2026-07-20 21:40:53.862,,,,,,,,,-40.0,0.0,0.0,0.0,0.0,0.0,201.0
2026-07-20 21:40:54.108,,,,,,,,,-40.0,0.0,0.0,0.0,0.0,0.0,202.0
2026-07-20 21:40:54.262,,,,,,,,,-40.0,0.0,0.0,0.0,0.0,0.0,202.0
2026-07-20 21:40:54.462,,,,,,,,,-40.0,0.0,0.0,0.0,0.0,0.0,202.0
2026-07-20 21:40:54.662,,,,,,,,,-40.0,0.0,0.0,0.0,0.0,0.0,202.0
2026-07-20 21:40:54.862,,,,,,,,,-40.0,0.0,0.0,0.0,0.0,0.0,202.0
2026-07-20 21:40:55.107,,,,,,,,,-40.0,0.0,0.0,0.0,0.0,0.0,203.0
2026-07-20 21:40:55.262,,,,,,,,,-40.0,0.0,0.0,0.0,0.0,0.0,203.0
2026-07-20 21:40:55.462,,,,,,,,,-40.0,0.0,0.0,0.0,0.0,0.0,203.0
2026-07-20 21:40:55.681,,,,,,,,,-40.0,0.0,0.0,0.0,0.0,0.0,203.0
2026-07-20 21:40:55.862,,,,,,,,,-40.0,0.0,0.0,0.0,0.0,0.0,203.0
2026-07-20 21:40:56.107,,,,,,,,,-40.0,0.0,0.0,0.0,0.0,0.0,204.0
2026-07-20 21:40:56.261,,,,,,,,,-40.0,0.0,0.0,0.0,0.0,0.0,204.0
2026-07-20 21:40:56.462,,,,,,,,,-40.0,0.0,0.0,0.0,0.0,0.0,204.0
2026-07-20 21:40:56.662,,,,,,,,,-40.0,0.0,0.0,0.0,0.0,0.0,204.0
2026-07-20 21:40:56.862,,,,,,,,,-40.0,0.0,0.0,0.0,0.0,0.0,204.0
2026-07-20 21:40:57.108,,,,,,,,,-40.0,0.0,0.0,0.0,0.0,0.0,205.0
2026-07-20 21:40:57.262,,,,,,,,,-40.0,0.0,0.0,0.0,0.0,0.0,205.0
2026-07-20 21:40:57.462,,,,,,,,,-40.0,0.0,0.0,0.0,0.0,0.0,205.0
2026-07-20 21:40:57.665,,,,,,,,,-40.0,0.0,0.0,0.0,0.0,0.0,205.0
2026-07-20 21:40:57.861,,,,,,,,,-40.0,0.0,0.0,0.0,0.0,0.0,205.0
2026-07-20 21:40:58.108,,,,,,,,,-40.0,0.0,0.0,0.0,0.0,0.0,206.0
2026-07-20 21:40:58.261,,,,,,,,,-40.0,0.0,0.0,0.0,0.0,0.0,206.0
2026-07-20 21:40:58.462,,,,,,,,,-40.0,0.0,0.0,0.0,0.0,0.0,206.0
2026-07-20 21:40:58.661,,,,,,,,,-40.0,0.0,0.0,0.0,0.0,0.0,206.0
2026-07-20 21:40:58.862,,,,,,,,,-40.0,0.0,0.0,0.0,0.0,0.0,206.0
2026-07-20 21:40:59.108,,,,,,,,,-40.0,0.0,0.0,0.0,0.0,0.0,207.0
2026-07-20 21:40:59.292,,,,,,,,,-40.0,0.0,0.0,0.0,0.0,0.0,207.0
2026-07-20 21:40:59.462,,,,,,,,,-40.0,0.0,0.0,0.0,0.0,0.0,207.0
2026-07-20 21:40:59.661,,,,,,,,,-40.0,0.0,0.0,0.0,0.0,0.0,207.0
2026-07-20 21:40:59.876,,,,,,,,,-40.0,0.0,0.0,0.0,0.0,0.0,207.0
2026-07-20 21:41:00.108,,,,,,,,,-40.0,0.0,0.0,0.0,0.0,0.0,208.0
2026-07-20 21:41:00.261,,,,,,,,,-40.0,0.0,0.0,0.0,0.0,0.0,208.0
2026-07-20 21:41:00.462,,,,,,,,,-40.0,0.0,0.0,0.0,0.0,0.0,208.0
2026-07-20 21:41:00.662,,,,,,,,,-40.0,0.0,0.0,0.0,0.0,0.0,208.0
2026-07-20 21:41:00.865,,,,,,,,,-40.0,0.0,0.0,0.0,0.0,0.0,208.0
2026-07-20 21:41:01.108,,,,,,,,,-40.0,0.0,0.0,0.0,0.0,0.0,209.0
2026-07-20 21:41:01.295,,,,,,,,,-40.0,0.0,0.0,0.0,0.0,0.0,209.0
2026-07-20 21:41:01.462,,,,,,,,,-40.0,0.0,0.0,0.0,0.0,0.0,209.0
2026-07-20 21:41:01.661,,,,,,,,,-40.0,0.0,0.0,0.0,0.0,0.0,209.0
2026-07-20 21:41:01.862,,,,,,,,,-40.0,0.0,0.0,0.0,0.0,0.0,209.0
2026-07-20 21:41:02.108,,,,,,,,,-40.0,0.0,0.0,0.0,0.0,0.0,210.0
2026-07-20 21:41:02.265,,,,,,,,,-40.0,0.0,0.0,0.0,0.0,0.0,210.0
2026-07-20 21:41:02.462,,,,,,,,,-40.0,0.0,0.0,0.0,0.0,0.0,210.0
2026-07-20 21:41:02.662,,,,,,,,,-40.0,0.0,0.0,0.0,0.0,0.0,210.0
2026-07-20 21:41:02.861,,,,,,,,,-40.0,0.0,0.0,0.0,0.0,0.0,210.0
2026-07-20 21:41:03.107,,,,,,,,,-40.0,0.0,0.0,0.0,0.0,0.0,211.0
2026-07-20 21:41:03.288,,,,,,,,,-40.0,0.0,0.0,0.0,0.0,0.0,211.0
2026-07-20 21:41:03.461,,,,,,,,,-40.0,0.0,0.0,0.0,0.0,0.0,211.0
2026-07-20 21:41:03.662,,,,,,,,,-40.0,0.0,0.0,0.0,0.0,0.0,211.0
2026-07-20 21:41:03.862,,,,,,,,,-40.0,0.0,0.0,0.0,0.0,0.0,211.0
2026-07-20 21:41:04.108,,,,,,,,,-40.0,0.0,0.0,0.0,0.0,0.0,212.0
2026-07-20 21:41:04.272,,,,,,,,,-40.0,0.0,0.0,0.0,0.0,0.0,212.0
2026-07-20 21:41:04.462,,,,,,,,,-40.0,0.0,0.0,0.0,0.0,0.0,212.0
2026-07-20 21:41:04.662,,,,,,,,,-40.0,0.0,0.0,0.0,0.0,0.0,212.0
2026-07-20 21:41:04.862,,,,,,,,,-40.0,0.0,0.0,0.0,0.0,0.0,212.0
2026-07-20 21:41:05.102,,,,,,,,,-40.0,0.0,0.0,1.0,0.0,0.0,213.0
2026-07-20 21:41:05.292,,,,,,,,,-40.0,0.0,0.0,1.0,0.0,0.0,213.0
2026-07-20 21:41:05.461,,,,,,,,,-40.0,0.0,0.0,1.0,0.0,0.0,213.0
2026-07-20 21:41:05.661,,,,,,,,,-40.0,0.0,0.0,1.0,0.0,0.0,213.0
2026-07-20 21:41:05.861,,,,,,,,,-40.0,0.0,0.0,1.0,0.0,0.0,213.0
2026-07-20 21:41:06.102,,,,,,,,,-40.0,0.0,0.0,1.0,0.0,0.0,214.0
2026-07-20 21:41:06.286,,,,,,,,,-40.0,0.0,0.0,1.0,0.0,0.0,214.0
2026-07-20 21:41:06.461,,,,,,,,,-40.0,0.0,0.0,1.0,0.0,0.0,214.0
2026-07-20 21:41:06.662,,,,,,,,,-40.0,0.0,0.0,1.0,0.0,0.0,214.0
2026-07-20 21:41:06.867,,,,,,,,,-40.0,0.0,0.0,1.0,0.0,0.0,214.0
2026-07-20 21:41:07.101,,,,,,,,,-40.0,0.0,0.0,1.0,0.0,0.0,215.0
2026-07-20 21:41:07.289,,,,,,,,,-40.0,0.0,0.0,1.0,0.0,0.0,215.0
2026-07-20 21:41:07.461,,,,,,,,,-40.0,0.0,0.0,1.0,0.0,0.0,215.0
2026-07-20 21:41:07.661,,,,,,,,,-40.0,0.0,0.0,1.0,0.0,0.0,215.0
2026-07-20 21:41:07.861,,,,,,,,,-40.0,0.0,0.0,1.0,0.0,0.0,215.0
2026-07-20 21:41:08.101,,,,,,,,,-40.0,0.0,0.0,1.0,0.0,0.0,216.0
2026-07-20 21:41:08.282,,,,,,,,,-40.0,0.0,0.0,1.0,0.0,0.0,216.0
2026-07-20 21:41:08.462,,,,,,,,,-40.0,0.0,0.0,1.0,0.0,0.0,216.0
2026-07-20 21:41:08.662,,,,,,,,,-40.0,0.0,0.0,1.0,0.0,0.0,216.0
2026-07-20 21:41:08.862,,,,,,,,,-40.0,0.0,0.0,1.0,0.0,0.0,216.0
2026-07-20 21:41:09.101,,,,,,,,,-40.0,0.0,0.0,1.0,0.0,0.0,217.0
2026-07-20 21:41:09.276,,,,,,,,,-40.0,0.0,0.0,1.0,0.0,0.0,217.0
2026-07-20 21:41:09.461,,,,,,,,,-40.0,0.0,0.0,1.0,0.0,0.0,217.0
2026-07-20 21:41:09.662,,,,,,,,,-40.0,0.0,0.0,1.0,0.0,0.0,217.0
2026-07-20 21:41:09.861,,,,,,,,,-40.0,0.0,0.0,1.0,0.0,0.0,217.0
2026-07-20 21:41:10.101,,,,,,,,,-40.0,0.0,0.0,1.0,0.0,0.0,218.0
2026-07-20 21:41:10.277,,,,,,,,,-40.0,0.0,0.0,1.0,0.0,0.0,218.0
2026-07-20 21:41:10.461,,,,,,,,,-40.0,0.0,0.0,1.0,0.0,0.0,218.0
2026-07-20 21:41:10.662,,,,,,,,,-40.0,0.0,0.0,1.0,0.0,0.0,218.0
2026-07-20 21:41:10.861,,,,,,,,,-40.0,0.0,0.0,1.0,0.0,0.0,218.0
2026-07-20 21:41:11.101,,,,,,,,,-40.0,0.0,0.0,1.0,0.0,0.0,219.0
2026-07-20 21:41:11.276,,,,,,,,,-40.0,0.0,0.0,1.0,0.0,0.0,219.0
2026-07-20 21:41:11.461,,,,,,,,,-40.0,0.0,0.0,1.0,0.0,0.0,219.0
2026-07-20 21:41:11.661,,,,,,,,,-40.0,0.0,0.0,1.0,0.0,0.0,219.0
2026-07-20 21:41:11.861,,,,,,,,,-40.0,0.0,0.0,1.0,0.0,0.0,219.0
2026-07-20 21:41:12.101,,,,,,,,,-40.0,0.0,0.0,1.0,0.0,0.0,220.0
2026-07-20 21:41:12.261,,,,,,,,,-40.0,0.0,0.0,1.0,0.0,0.0,220.0
2026-07-20 21:41:12.461,,,,,,,,,-40.0,0.0,0.0,1.0,0.0,0.0,220.0
2026-07-20 21:41:12.662,,,,,,,,,-40.0,0.0,0.0,1.0,0.0,0.0,220.0
2026-07-20 21:41:12.862,,,,,,,,,-40.0,0.0,0.0,1.0,0.0,0.0,220.0
2026-07-20 21:41:13.101,,,,,,,,,-40.0,0.0,0.0,1.0,0.0,0.0,221.0
2026-07-20 21:41:13.279,,,,,,,,,-40.0,0.0,0.0,1.0,0.0,0.0,221.0
2026-07-20 21:41:13.461,,,,,,,,,-40.0,0.0,0.0,1.0,0.0,0.0,221.0
2026-07-20 21:41:13.662,,,,,,,,,-40.0,0.0,0.0,1.0,0.0,0.0,221.0
2026-07-20 21:41:13.861,,,,,,,,,-40.0,0.0,0.0,1.0,0.0,0.0,221.0
2026-07-20 21:41:14.101,,,,,,,,,-40.0,0.0,0.0,1.0,0.0,0.0,222.0
2026-07-20 21:41:14.293,,,,,,,,,-40.0,0.0,0.0,1.0,0.0,0.0,222.0
2026-07-20 21:41:14.463,,,,,,,,,-40.0,0.0,0.0,1.0,0.0,0.0,222.0
2026-07-20 21:41:14.661,,,,,,,,,-40.0,0.0,0.0,1.0,0.0,0.0,222.0
2026-07-20 21:41:14.861,,,,,,,,,-40.0,0.0,0.0,1.0,0.0,0.0,222.0
2026-07-20 21:41:15.100,,,,,,,,,-40.0,0.0,0.0,1.0,0.0,0.0,223.0
2026-07-20 21:41:15.261,,,,,,,,,-40.0,0.0,0.0,1.0,0.0,0.0,223.0
2026-07-20 21:41:15.461,,,,,,,,,-40.0,0.0,0.0,1.0,0.0,0.0,223.0
2026-07-20 21:41:15.680,,,,,,,,,-40.0,0.0,0.0,1.0,0.0,0.0,223.0
2026-07-20 21:41:15.862,,,,,,,,,-40.0,0.0,0.0,1.0,0.0,0.0,223.0
2026-07-20 21:41:16.101,,,,,,,,,-40.0,0.0,0.0,1.0,0.0,0.0,224.0
2026-07-20 21:41:16.285,,,,,,,,,-40.0,0.0,0.0,1.0,0.0,0.0,224.0
2026-07-20 21:41:16.460,,,,,,,,,-40.0,0.0,0.0,1.0,0.0,0.0,224.0
2026-07-20 21:41:16.661,,,,,,,,,-40.0,0.0,0.0,1.0,0.0,0.0,224.0
2026-07-20 21:41:16.863,,,,,,,,,-40.0,0.0,0.0,1.0,0.0,0.0,224.0
2026-07-20 21:41:17.101,,,,,,,,,-40.0,0.0,0.0,1.0,0.0,0.0,225.0
2026-07-20 21:41:17.261,,,,,,,,,-40.0,0.0,0.0,1.0,0.0,0.0,225.0
2026-07-20 21:41:17.461,,,,,,,,,-40.0,0.0,0.0,1.0,0.0,0.0,225.0
2026-07-20 21:41:17.661,,,,,,,,,-40.0,0.0,0.0,1.0,0.0,0.0,225.0
2026-07-20 21:41:17.882,,,,,,,,,-40.0,0.0,0.0,1.0,0.0,0.0,225.0
2026-07-20 21:41:18.101,,,,,,,,,-40.0,0.0,0.0,1.0,0.0,0.0,226.0
2026-07-20 21:41:18.261,,,,,,,,,-40.0,0.0,0.0,1.0,0.0,0.0,226.0
2026-07-20 21:41:18.462,,,,,,,,,-40.0,0.0,0.0,1.0,0.0,0.0,226.0
2026-07-20 21:41:18.662,,,,,,,,,-40.0,0.0,0.0,1.0,0.0,0.0,226.0
2026-07-20 21:41:18.861,,,,,,,,,-40.0,0.0,0.0,1.0,0.0,0.0,226.0
2026-07-20 21:41:19.101,,,,,,,,,-40.0,0.0,0.0,1.0,0.0,0.0,227.0
2026-07-20 21:41:19.261,,,,,,,,,-40.0,0.0,0.0,1.0,0.0,0.0,227.0
2026-07-20 21:41:19.492,,,,,,,,,-40.0,0.0,0.0,1.0,0.0,0.0,227.0
2026-07-20 21:41:19.662,,,,,,,,,-40.0,0.0,0.0,1.0,0.0,0.0,227.0
2026-07-20 21:41:19.862,,,,,,,,,-40.0,0.0,0.0,1.0,0.0,0.0,227.0
2026-07-20 21:41:20.101,,,,,,,,,-40.0,0.0,0.0,1.0,0.0,0.0,228.0
2026-07-20 21:41:20.260,,,,,,,,,-40.0,0.0,0.0,1.0,0.0,0.0,228.0
2026-07-20 21:41:20.461,,,,,,,,,-40.0,0.0,0.0,1.0,0.0,0.0,228.0
2026-07-20 21:41:20.662,,,,,,,,,-40.0,0.0,0.0,1.0,0.0,0.0,228.0
2026-07-20 21:41:20.861,,,,,,,,,-40.0,0.0,0.0,1.0,0.0,0.0,228.0
2026-07-20 21:41:21.101,,,,,,,,,-40.0,0.0,0.0,1.0,0.0,0.0,229.0
2026-07-20 21:41:21.282,,,,,,,,,-40.0,0.0,0.0,1.0,0.0,0.0,229.0
2026-07-20 21:41:21.461,,,,,,,,,-40.0,0.0,0.0,1.0,0.0,0.0,229.0
2026-07-20 21:41:21.661,,,,,,,,,-40.0,0.0,0.0,1.0,0.0,0.0,229.0
2026-07-20 21:41:21.866,,,,,,,,,-40.0,0.0,0.0,1.0,0.0,0.0,229.0
2026-07-20 21:41:22.101,,,,,,,,,-40.0,0.0,0.0,1.0,0.0,0.0,230.0
2026-07-20 21:41:22.262,,,,,,,,,-40.0,0.0,0.0,1.0,0.0,0.0,230.0
2026-07-20 21:41:22.461,,,,,,,,,-40.0,0.0,0.0,1.0,0.0,0.0,230.0
2026-07-20 21:41:22.661,,,,,,,,,-40.0,0.0,0.0,1.0,0.0,0.0,230.0
2026-07-20 21:41:22.860,,,,,,,,,-40.0,0.0,0.0,1.0,0.0,0.0,230.0
2026-07-20 21:41:23.101,,,,,,,,,-40.0,0.0,0.0,1.0,0.0,0.0,231.0
2026-07-20 21:41:23.261,,,,,,,,,-40.0,0.0,0.0,1.0,0.0,0.0,231.0
2026-07-20 21:41:23.461,,,,,,,,,-40.0,0.0,0.0,1.0,0.0,0.0,231.0
2026-07-20 21:41:23.661,,,,,,,,,-40.0,0.0,0.0,1.0,0.0,0.0,231.0
2026-07-20 21:41:23.861,,,,,,,,,-40.0,0.0,0.0,1.0,0.0,0.0,231.0
2026-07-20 21:41:24.101,,,,,,,,,-40.0,0.0,0.0,1.0,0.0,0.0,232.0
2026-07-20 21:41:24.260,,,,,,,,,-40.0,0.0,0.0,1.0,0.0,0.0,232.0
2026-07-20 21:41:24.461,,,,,,,,,-40.0,0.0,0.0,1.0,0.0,0.0,232.0
2026-07-20 21:41:24.661,,,,,,,,,-40.0,0.0,0.0,1.0,0.0,0.0,232.0
2026-07-20 21:41:24.861,,,,,,,,,-40.0,0.0,0.0,1.0,0.0,0.0,232.0
2026-07-20 21:41:25.100,,,,,,,,,-40.0,0.0,0.0,1.0,0.0,0.0,233.0
2026-07-20 21:41:25.288,,,,,,,,,-40.0,0.0,0.0,1.0,0.0,0.0,233.0
2026-07-20 21:41:25.462,,,,,,,,,-40.0,0.0,0.0,1.0,0.0,0.0,233.0
2026-07-20 21:41:25.661,,,,,,,,,-40.0,0.0,0.0,1.0,0.0,0.0,233.0
2026-07-20 21:41:25.879,,,,,,,,,-40.0,0.0,0.0,1.0,0.0,0.0,233.0
2026-07-20 21:41:26.101,,,,,,,,,-40.0,0.0,0.0,1.0,0.0,0.0,234.0
2026-07-20 21:41:26.261,,,,,,,,,-40.0,0.0,0.0,1.0,0.0,0.0,234.0
2026-07-20 21:41:26.461,,,,,,,,,-40.0,0.0,0.0,1.0,0.0,0.0,234.0
2026-07-20 21:41:26.661,,,,,,,,,-40.0,0.0,0.0,1.0,0.0,0.0,234.0
2026-07-20 21:41:26.861,,,,,,,,,-40.0,0.0,0.0,1.0,0.0,0.0,234.0
2026-07-20 21:41:27.101,,,,,,,,,-40.0,0.0,0.0,1.0,0.0,0.0,235.0
2026-07-20 21:41:27.261,,,,,,,,,-40.0,0.0,0.0,1.0,0.0,0.0,235.0
2026-07-20 21:41:27.473,,,,,,,,,-40.0,0.0,0.0,1.0,0.0,0.0,235.0
2026-07-20 21:41:27.661,,,,,,,,,-40.0,0.0,0.0,1.0,0.0,0.0,235.0
2026-07-20 21:41:27.861,,,,,,,,,-40.0,0.0,0.0,1.0,0.0,0.0,235.0
2026-07-20 21:41:28.100,,,,,,,,,-40.0,0.0,0.0,1.0,0.0,0.0,236.0
2026-07-20 21:41:28.261,,,,,,,,,-40.0,0.0,0.0,1.0,0.0,0.0,236.0
2026-07-20 21:41:28.460,,,,,,,,,-40.0,0.0,0.0,1.0,0.0,0.0,236.0
2026-07-20 21:41:28.661,,,,,,,,,-40.0,0.0,0.0,1.0,0.0,0.0,236.0
2026-07-20 21:41:28.861,,,,,,,,,-40.0,0.0,0.0,1.0,0.0,0.0,236.0
2026-07-20 21:41:29.101,,,,,,,,,-40.0,0.0,0.0,1.0,0.0,0.0,237.0
2026-07-20 21:41:29.261,,,,,,,,,-40.0,0.0,0.0,1.0,0.0,0.0,237.0
2026-07-20 21:41:29.461,,,,,,,,,-40.0,0.0,0.0,1.0,0.0,0.0,237.0
2026-07-20 21:41:29.661,,,,,,,,,-40.0,0.0,0.0,1.0,0.0,0.0,237.0
2026-07-20 21:41:29.861,,,,,,,,,-40.0,0.0,0.0,1.0,0.0,0.0,237.0
2026-07-20 21:41:30.101,,,,,,,,,-40.0,0.0,0.0,1.0,0.0,0.0,238.0
2026-07-20 21:41:30.261,,,,,,,,,-40.0,0.0,0.0,1.0,0.0,0.0,238.0
2026-07-20 21:41:30.460,,,,,,,,,-40.0,0.0,0.0,1.0,0.0,0.0,238.0
2026-07-20 21:41:30.688,,,,,,,,,-40.0,0.0,0.0,1.0,0.0,0.0,238.0
2026-07-20 21:41:30.861,,,,,,,,,-40.0,0.0,0.0,1.0,0.0,0.0,238.0
2026-07-20 21:41:31.101,,,,,,,,,-40.0,0.0,0.0,1.0,0.0,0.0,239.0
2026-07-20 21:41:31.261,,,,,,,,,-40.0,0.0,0.0,1.0,0.0,0.0,239.0
2026-07-20 21:41:31.460,,,,,,,,,-40.0,0.0,0.0,1.0,0.0,0.0,239.0
2026-07-20 21:41:31.660,,,,,,,,,-40.0,0.0,0.0,1.0,0.0,0.0,239.0
2026-07-20 21:41:31.860,,,,,,,,,-40.0,0.0,0.0,1.0,0.0,0.0,239.0
2026-07-20 21:41:32.101,,,,,,,,,-40.0,0.0,0.0,1.0,0.0,0.0,240.0
2026-07-20 21:41:32.291,,,,,,,,,-40.0,0.0,0.0,1.0,0.0,0.0,240.0
2026-07-20 21:41:32.461,,,,,,,,,-40.0,0.0,0.0,1.0,0.0,0.0,240.0
2026-07-20 21:41:32.661,,,,,,,,,-40.0,0.0,0.0,1.0,0.0,0.0,240.0
2026-07-20 21:41:32.861,,,,,,,,,-40.0,0.0,0.0,1.0,0.0,0.0,240.0
2026-07-20 21:41:33.101,,,,,,,,,-40.0,0.0,0.0,1.0,0.0,0.0,241.0
2026-07-20 21:41:33.262,,,,,,,,,-40.0,0.0,0.0,1.0,0.0,0.0,241.0
2026-07-20 21:41:33.461,,,,,,,,,-40.0,0.0,0.0,1.0,0.0,0.0,241.0
2026-07-20 21:41:33.661,,,,,,,,,-40.0,0.0,0.0,1.0,0.0,0.0,241.0
2026-07-20 21:41:33.860,,,,,,,,,-40.0,0.0,0.0,1.0,0.0,0.0,241.0
2026-07-20 21:41:34.100,,,,,,,,,-40.0,0.0,0.0,1.0,0.0,0.0,242.0
2026-07-20 21:41:34.281,,,,,,,,,-40.0,0.0,0.0,1.0,0.0,0.0,242.0
2026-07-20 21:41:34.461,,,,,,,,,-40.0,0.0,0.0,1.0,0.0,0.0,242.0
2026-07-20 21:41:34.661,,,,,,,,,-40.0,0.0,0.0,1.0,0.0,0.0,242.0
2026-07-20 21:41:34.872,,,,,,,,,-40.0,0.0,0.0,1.0,0.0,0.0,242.0
2026-07-20 21:41:35.101,,,,,,,,,-40.0,0.0,0.0,1.0,0.0,0.0,243.0
2026-07-20 21:41:35.261,,,,,,,,,-40.0,0.0,0.0,1.0,0.0,0.0,243.0
2026-07-20 21:41:35.461,,,,,,,,,-40.0,0.0,0.0,1.0,0.0,0.0,243.0
2026-07-20 21:41:35.661,,,,,,,,,-40.0,0.0,0.0,1.0,0.0,0.0,243.0
2026-07-20 21:41:35.861,,,,,,,,,-40.0,0.0,0.0,1.0,0.0,0.0,243.0
2026-07-20 21:41:36.101,,,,,,,,,-40.0,0.0,0.0,1.0,0.0,0.0,244.0
2026-07-20 21:41:36.260,,,,,,,,,-40.0,0.0,0.0,1.0,0.0,0.0,244.0
2026-07-20 21:41:36.461,,,,,,,,,-40.0,0.0,0.0,1.0,0.0,0.0,244.0
2026-07-20 21:41:36.661,,,,,,,,,-40.0,0.0,0.0,1.0,0.0,0.0,244.0
2026-07-20 21:41:36.861,,,,,,,,,-40.0,0.0,0.0,1.0,0.0,0.0,244.0
2026-07-20 21:41:37.100,,,,,,,,,-40.0,0.0,0.0,1.0,0.0,0.0,245.0
2026-07-20 21:41:37.261,,,,,,,,,-40.0,0.0,0.0,1.0,0.0,0.0,245.0
2026-07-20 21:41:37.461,,,,,,,,,-40.0,0.0,0.0,1.0,0.0,0.0,245.0
2026-07-20 21:41:37.661,,,,,,,,,-40.0,0.0,0.0,1.0,0.0,0.0,245.0
2026-07-20 21:41:37.860,,,,,,,,,-40.0,0.0,0.0,1.0,0.0,0.0,245.0
2026-07-20 21:41:38.101,,,,,,,,,-40.0,0.0,0.0,1.0,0.0,0.0,246.0
2026-07-20 21:41:38.260,,,,,,,,,-40.0,0.0,0.0,1.0,0.0,0.0,246.0
2026-07-20 21:41:38.461,,,,,,,,,-40.0,0.0,0.0,1.0,0.0,0.0,246.0
2026-07-20 21:41:38.661,,,,,,,,,-40.0,0.0,0.0,1.0,0.0,0.0,246.0
2026-07-20 21:41:38.861,,,,,,,,,-40.0,0.0,0.0,1.0,0.0,0.0,246.0
2026-07-20 21:41:39.101,,,,,,,,,-40.0,0.0,0.0,1.0,0.0,0.0,247.0
2026-07-20 21:41:39.261,,,,,,,,,-40.0,0.0,0.0,1.0,0.0,0.0,247.0
2026-07-20 21:41:39.461,,,,,,,,,-40.0,0.0,0.0,1.0,0.0,0.0,247.0
2026-07-20 21:41:39.661,,,,,,,,,-40.0,0.0,0.0,1.0,0.0,0.0,247.0
2026-07-20 21:41:39.861,,,,,,,,,-40.0,0.0,0.0,1.0,0.0,0.0,247.0
2026-07-20 21:41:40.101,,,,,,,,,-40.0,0.0,0.0,1.0,0.0,0.0,248.0
2026-07-20 21:41:40.261,,,,,,,,,-40.0,0.0,0.0,1.0,0.0,0.0,248.0
2026-07-20 21:41:40.462,,,,,,,,,-40.0,0.0,0.0,1.0,0.0,0.0,248.0
2026-07-20 21:41:40.663,,,,,,,,,-40.0,0.0,0.0,1.0,0.0,0.0,248.0
2026-07-20 21:41:40.860,,,,,,,,,-40.0,0.0,0.0,1.0,0.0,0.0,248.0
2026-07-20 21:41:41.100,,,,,,,,,-40.0,0.0,0.0,1.0,0.0,0.0,249.0
2026-07-20 21:41:41.261,,,,,,,,,-40.0,0.0,0.0,1.0,0.0,0.0,249.0
2026-07-20 21:41:41.461,,,,,,,,,-40.0,0.0,0.0,1.0,0.0,0.0,249.0
2026-07-20 21:41:41.661,,,,,,,,,-40.0,0.0,0.0,1.0,0.0,0.0,249.0
2026-07-20 21:41:41.861,,,,,,,,,-40.0,0.0,0.0,1.0,0.0,0.0,249.0
2026-07-20 21:41:42.101,,,,,,,,,-40.0,0.0,0.0,1.0,0.0,0.0,250.0
2026-07-20 21:41:42.261,,,,,,,,,-40.0,0.0,0.0,1.0,0.0,0.0,250.0
2026-07-20 21:41:42.460,,,,,,,,,-40.0,0.0,0.0,1.0,0.0,0.0,250.0
2026-07-20 21:41:42.660,,,,,,,,,-40.0,0.0,0.0,1.0,0.0,0.0,250.0
2026-07-20 21:41:42.865,,,,,,,,,-40.0,0.0,0.0,1.0,0.0,0.0,250.0
2026-07-20 21:41:43.100,,,,,,,,,-40.0,0.0,0.0,1.0,0.0,0.0,251.0
2026-07-20 21:41:43.260,,,,,,,,,-40.0,0.0,0.0,1.0,0.0,0.0,251.0
2026-07-20 21:41:43.461,,,,,,,,,-40.0,0.0,0.0,1.0,0.0,0.0,251.0
2026-07-20 21:41:43.661,,,,,,,,,-40.0,0.0,0.0,1.0,0.0,0.0,251.0
2026-07-20 21:41:43.862,,,,,,,,,-40.0,0.0,0.0,1.0,0.0,0.0,251.0
2026-07-20 21:41:44.101,,,,,,,,,-40.0,0.0,0.0,1.0,0.0,0.0,252.0
2026-07-20 21:41:44.261,,,,,,,,,-40.0,0.0,0.0,1.0,0.0,0.0,252.0
2026-07-20 21:41:44.460,,,,,,,,,-40.0,0.0,0.0,1.0,0.0,0.0,252.0
2026-07-20 21:41:44.660,,,,,,,,,-40.0,0.0,0.0,1.0,0.0,0.0,252.0
2026-07-20 21:41:44.860,,,,,,,,,-40.0,0.0,0.0,1.0,0.0,0.0,252.0
2026-07-20 21:41:45.100,,,,,,,,,-40.0,0.0,0.0,1.0,0.0,0.0,253.0
2026-07-20 21:41:45.260,,,,,,,,,-40.0,0.0,0.0,1.0,0.0,0.0,253.0
2026-07-20 21:41:45.460,,,,,,,,,-40.0,0.0,0.0,1.0,0.0,0.0,253.0
2026-07-20 21:41:45.660,,,,,,,,,-40.0,0.0,0.0,1.0,0.0,0.0,253.0
2026-07-20 21:41:45.862,,,,,,,,,-40.0,0.0,0.0,1.0,0.0,0.0,253.0
2026-07-20 21:41:46.100,,,,,,,,,-40.0,0.0,0.0,1.0,0.0,0.0,254.0
2026-07-20 21:41:46.261,,,,,,,,,-40.0,0.0,0.0,1.0,0.0,0.0,254.0
2026-07-20 21:41:46.461,,,,,,,,,-40.0,0.0,0.0,1.0,0.0,0.0,254.0
2026-07-20 21:41:46.661,,,,,,,,,-40.0,0.0,0.0,1.0,0.0,0.0,254.0
2026-07-20 21:41:46.860,,,,,,,,,-40.0,0.0,0.0,1.0,0.0,0.0,254.0
2026-07-20 21:41:47.100,,,,,,,,,-40.0,0.0,0.0,1.0,0.0,0.0,255.0
2026-07-20 21:41:47.260,,,,,,,,,-40.0,0.0,0.0,1.0,0.0,0.0,255.0
2026-07-20 21:41:47.460,,,,,,,,,-40.0,0.0,0.0,1.0,0.0,0.0,255.0
2026-07-20 21:41:47.660,,,,,,,,,-40.0,0.0,0.0,1.0,0.0,0.0,255.0
2026-07-20 21:41:47.861,,,,,,,,,-40.0,0.0,0.0,1.0,0.0,0.0,255.0
2026-07-20 21:41:48.101,,,,,,,,,-40.0,0.0,0.0,1.0,0.0,0.0,256.0
2026-07-20 21:41:48.260,,,,,,,,,-40.0,0.0,0.0,1.0,0.0,0.0,256.0
2026-07-20 21:41:48.460,,,,,,,,,-40.0,0.0,0.0,1.0,0.0,0.0,256.0
2026-07-20 21:41:48.661,,,,,,,,,-40.0,0.0,0.0,1.0,0.0,0.0,256.0
2026-07-20 21:41:48.861,,,,,,,,,-40.0,0.0,0.0,1.0,0.0,0.0,256.0
2026-07-20 21:41:49.100,,,,,,,,,-40.0,0.0,0.0,1.0,0.0,0.0,257.0
2026-07-20 21:41:49.260,,,,,,,,,-40.0,0.0,0.0,1.0,0.0,0.0,257.0
2026-07-20 21:41:49.460,,,,,,,,,-40.0,0.0,0.0,1.0,0.0,0.0,257.0
2026-07-20 21:41:49.660,,,,,,,,,-40.0,0.0,0.0,1.0,0.0,0.0,257.0
2026-07-20 21:41:49.860,,,,,,,,,-40.0,0.0,0.0,1.0,0.0,0.0,257.0
2026-07-20 21:41:50.100,,,,,,,,,-40.0,0.0,0.0,1.0,0.0,0.0,258.0
2026-07-20 21:41:50.292,,,,,,,,,-40.0,0.0,0.0,1.0,0.0,0.0,258.0
2026-07-20 21:41:50.461,,,,,,,,,-40.0,0.0,0.0,1.0,0.0,0.0,258.0
2026-07-20 21:41:50.660,,,,,,,,,-40.0,0.0,0.0,1.0,0.0,0.0,258.0
2026-07-20 21:41:50.862,,,,,,,,,-40.0,0.0,0.0,1.0,0.0,0.0,258.0
2026-07-20 21:41:51.100,,,,,,,,,-40.0,0.0,0.0,1.0,0.0,0.0,259.0
2026-07-20 21:41:51.295,,,,,,,,,-40.0,0.0,0.0,1.0,0.0,0.0,259.0
2026-07-20 21:41:51.460,,,,,,,,,-40.0,0.0,0.0,1.0,0.0,0.0,259.0
2026-07-20 21:41:51.660,,,,,,,,,-40.0,0.0,0.0,1.0,0.0,0.0,259.0
2026-07-20 21:41:51.877,,,,,,,,,-40.0,0.0,0.0,1.0,0.0,0.0,259.0
2026-07-20 21:41:52.100,,,,,,,,,-40.0,0.0,0.0,1.0,0.0,0.0,260.0
2026-07-20 21:41:52.260,,,,,,,,,-40.0,0.0,0.0,1.0,0.0,0.0,260.0
2026-07-20 21:41:52.461,,,,,,,,,-40.0,0.0,0.0,1.0,0.0,0.0,260.0
2026-07-20 21:41:52.661,,,,,,,,,-40.0,0.0,0.0,1.0,0.0,0.0,260.0
2026-07-20 21:41:52.866,,,,,,,,,-40.0,0.0,0.0,1.0,0.0,0.0,260.0
2026-07-20 21:41:53.100,,,,,,,,,-40.0,0.0,0.0,1.0,0.0,0.0,261.0
2026-07-20 21:41:53.260,,,,,,,,,-40.0,0.0,0.0,1.0,0.0,0.0,261.0
2026-07-20 21:41:53.460,,,,,,,,,-40.0,0.0,0.0,1.0,0.0,0.0,261.0
2026-07-20 21:41:53.660,,,,,,,,,-40.0,0.0,0.0,1.0,0.0,0.0,261.0
2026-07-20 21:41:53.868,,,,,,,,,-40.0,0.0,0.0,1.0,0.0,0.0,261.0
2026-07-20 21:41:54.100,,,,,,,,,-40.0,0.0,0.0,1.0,0.0,0.0,262.0
2026-07-20 21:41:54.287,,,,,,,,,-40.0,0.0,0.0,1.0,0.0,0.0,262.0
2026-07-20 21:41:54.460,,,,,,,,,-40.0,0.0,0.0,1.0,0.0,0.0,262.0
2026-07-20 21:41:54.660,,,,,,,,,-40.0,0.0,0.0,1.0,0.0,0.0,262.0
2026-07-20 21:41:54.865,,,,,,,,,-40.0,0.0,0.0,1.0,0.0,0.0,262.0
2026-07-20 21:41:55.100,,,,,,,,,-40.0,0.0,0.0,1.0,0.0,0.0,263.0
2026-07-20 21:41:55.287,,,,,,,,,-40.0,0.0,0.0,1.0,0.0,0.0,263.0
2026-07-20 21:41:55.460,,,,,,,,,-40.0,0.0,0.0,1.0,0.0,0.0,263.0
2026-07-20 21:41:55.660,,,,,,,,,-40.0,0.0,0.0,1.0,0.0,0.0,263.0
2026-07-20 21:41:55.860,,,,,,,,,-40.0,0.0,0.0,1.0,0.0,0.0,263.0
2026-07-20 21:41:56.099,,,,,,,,,-40.0,0.0,0.0,1.0,0.0,0.0,264.0
2026-07-20 21:41:56.260,,,,,,,,,-40.0,0.0,0.0,1.0,0.0,0.0,264.0
2026-07-20 21:41:56.460,,,,,,,,,-40.0,0.0,0.0,1.0,0.0,0.0,264.0
2026-07-20 21:41:56.660,,,,,,,,,-40.0,0.0,0.0,1.0,0.0,0.0,264.0
2026-07-20 21:41:56.863,,,,,,,,,-40.0,0.0,0.0,1.0,0.0,0.0,264.0
2026-07-20 21:41:57.100,,,,,,,,,-40.0,0.0,0.0,1.0,0.0,0.0,265.0
2026-07-20 21:41:57.282,,,,,,,,,-40.0,0.0,0.0,1.0,0.0,0.0,265.0
2026-07-20 21:41:57.460,,,,,,,,,-40.0,0.0,0.0,1.0,0.0,0.0,265.0
2026-07-20 21:41:57.660,,,,,,,,,-40.0,0.0,0.0,1.0,0.0,0.0,265.0
2026-07-20 21:41:57.860,,,,,,,,,-40.0,0.0,0.0,1.0,0.0,0.0,265.0
2026-07-20 21:41:58.100,,,,,,,,,-40.0,0.0,0.0,1.0,0.0,0.0,266.0
2026-07-20 21:41:58.260,,,,,,,,,-40.0,0.0,0.0,1.0,0.0,0.0,266.0
2026-07-20 21:41:58.460,,,,,,,,,-40.0,0.0,0.0,1.0,0.0,0.0,266.0
2026-07-20 21:41:58.660,,,,,,,,,-40.0,0.0,0.0,1.0,0.0,0.0,266.0
2026-07-20 21:41:58.860,,,,,,,,,-40.0,0.0,0.0,1.0,0.0,0.0,266.0
2026-07-20 21:41:59.100,,,,,,,,,-40.0,0.0,0.0,1.0,0.0,0.0,267.0
2026-07-20 21:41:59.260,,,,,,,,,-40.0,0.0,0.0,1.0,0.0,0.0,267.0
2026-07-20 21:41:59.460,,,,,,,,,-40.0,0.0,0.0,1.0,0.0,0.0,267.0
2026-07-20 21:41:59.665,,,,,,,,,-40.0,0.0,0.0,1.0,0.0,0.0,267.0
2026-07-20 21:41:59.860,,,,,,,,,-40.0,0.0,0.0,1.0,0.0,0.0,267.0
2026-07-20 21:42:00.100,,,,,,,,,-40.0,0.0,0.0,1.0,0.0,0.0,268.0
2026-07-20 21:42:00.260,,,,,,,,,-40.0,0.0,0.0,1.0,0.0,0.0,268.0
2026-07-20 21:42:00.460,,,,,,,,,-40.0,0.0,0.0,1.0,0.0,0.0,268.0
2026-07-20 21:42:00.660,,,,,,,,,-40.0,0.0,0.0,1.0,0.0,0.0,268.0
2026-07-20 21:42:00.860,,,,,,,,,-40.0,0.0,0.0,1.0,0.0,0.0,268.0
2026-07-20 21:42:01.100,,,,,,,,,-40.0,0.0,0.0,1.0,0.0,0.0,269.0
2026-07-20 21:42:01.260,,,,,,,,,-40.0,0.0,0.0,1.0,0.0,0.0,269.0
2026-07-20 21:42:01.460,,,,,,,,,-40.0,0.0,0.0,1.0,0.0,0.0,269.0
2026-07-20 21:42:01.660,,,,,,,,,-40.0,0.0,0.0,1.0,0.0,0.0,269.0
2026-07-20 21:42:01.859,,,,,,,,,-40.0,0.0,0.0,1.0,0.0,0.0,269.0
2026-07-20 21:42:02.100,,,,,,,,,-40.0,0.0,0.0,1.0,0.0,0.0,270.0
2026-07-20 21:42:02.259,,,,,,,,,-40.0,0.0,0.0,1.0,0.0,0.0,270.0
2026-07-20 21:42:02.460,,,,,,,,,-40.0,0.0,0.0,1.0,0.0,0.0,270.0
2026-07-20 21:42:02.682,,,,,,,,,-40.0,0.0,0.0,1.0,0.0,0.0,270.0
2026-07-20 21:42:02.860,,,,,,,,,-40.0,0.0,0.0,1.0,0.0,0.0,270.0
2026-07-20 21:42:03.100,,,,,,,,,-40.0,0.0,0.0,1.0,0.0,0.0,271.0
2026-07-20 21:42:03.260,,,,,,,,,-40.0,0.0,0.0,1.0,0.0,0.0,271.0
2026-07-20 21:42:03.459,,,,,,,,,-40.0,0.0,0.0,1.0,0.0,0.0,271.0
2026-07-20 21:42:03.660,,,,,,,,,-40.0,0.0,0.0,1.0,0.0,0.0,271.0
2026-07-20 21:42:03.860,,,,,,,,,-40.0,0.0,0.0,1.0,0.0,0.0,271.0
2026-07-20 21:42:04.100,,,,,,,,,-40.0,0.0,0.0,1.0,0.0,0.0,272.0
2026-07-20 21:42:04.260,,,,,,,,,-40.0,0.0,0.0,1.0,0.0,0.0,272.0
2026-07-20 21:42:04.459,,,,,,,,,-40.0,0.0,0.0,1.0,0.0,0.0,272.0
2026-07-20 21:42:04.660,,,,,,,,,-40.0,0.0,0.0,1.0,0.0,0.0,272.0
2026-07-20 21:42:04.860,,,,,,,,,-40.0,0.0,0.0,1.0,0.0,0.0,272.0
2026-07-20 21:42:05.099,,,,,,,,,-40.0,0.0,0.0,1.0,0.0,0.0,273.0
2026-07-20 21:42:05.259,,,,,,,,,-40.0,0.0,0.0,1.0,0.0,0.0,273.0
2026-07-20 21:42:05.460,,,,,,,,,-40.0,0.0,0.0,1.0,0.0,0.0,273.0
2026-07-20 21:42:05.660,,,,,,,,,-40.0,0.0,0.0,1.0,0.0,0.0,273.0
2026-07-20 21:42:05.863,,,,,,,,,-40.0,0.0,0.0,1.0,0.0,0.0,273.0
2026-07-20 21:42:06.099,,,,,,,,,-40.0,0.0,0.0,1.0,0.0,0.0,274.0
2026-07-20 21:42:06.259,,,,,,,,,-40.0,0.0,0.0,1.0,0.0,0.0,274.0
2026-07-20 21:42:06.459,,,,,,,,,-40.0,0.0,0.0,1.0,0.0,0.0,274.0
2026-07-20 21:42:06.660,,,,,,,,,-40.0,0.0,0.0,1.0,0.0,0.0,274.0
2026-07-20 21:42:06.860,,,,,,,,,-40.0,0.0,0.0,1.0,0.0,0.0,274.0
2026-07-20 21:42:07.099,,,,,,,,,-40.0,0.0,0.0,1.0,0.0,0.0,275.0
2026-07-20 21:42:07.282,,,,,,,,,-40.0,0.0,0.0,1.0,0.0,0.0,275.0
2026-07-20 21:42:07.460,,,,,,,,,-40.0,0.0,0.0,1.0,0.0,0.0,275.0
2026-07-20 21:42:07.660,,,,,,,,,-40.0,0.0,0.0,1.0,0.0,0.0,275.0
2026-07-20 21:42:07.867,,,,,,,,,-40.0,0.0,0.0,1.0,0.0,0.0,275.0
2026-07-20 21:42:08.100,,,,,,,,,-40.0,0.0,0.0,1.0,0.0,0.0,276.0
2026-07-20 21:42:08.285,,,,,,,,,-40.0,0.0,0.0,1.0,0.0,0.0,276.0
2026-07-20 21:42:08.460,,,,,,,,,-40.0,0.0,0.0,1.0,0.0,0.0,276.0
2026-07-20 21:42:08.660,,,,,,,,,-40.0,0.0,0.0,1.0,0.0,0.0,276.0
2026-07-20 21:42:08.861,,,,,,,,,-40.0,0.0,0.0,1.0,0.0,0.0,276.0
2026-07-20 21:42:09.100,,,,,,,,,-40.0,0.0,0.0,1.0,0.0,0.0,277.0
2026-07-20 21:42:09.259,,,,,,,,,-40.0,0.0,0.0,1.0,0.0,0.0,277.0
2026-07-20 21:42:09.460,,,,,,,,,-40.0,0.0,0.0,1.0,0.0,0.0,277.0
2026-07-20 21:42:09.660,,,,,,,,,-40.0,0.0,0.0,1.0,0.0,0.0,277.0
2026-07-20 21:42:09.860,,,,,,,,,-40.0,0.0,0.0,1.0,0.0,0.0,277.0
2026-07-20 21:42:10.100,,,,,,,,,-40.0,0.0,0.0,1.0,0.0,0.0,278.0
2026-07-20 21:42:10.259,,,,,,,,,-40.0,0.0,0.0,1.0,0.0,0.0,278.0
2026-07-20 21:42:10.460,,,,,,,,,-40.0,0.0,0.0,1.0,0.0,0.0,278.0
2026-07-20 21:42:10.661,,,,,,,,,-40.0,0.0,0.0,1.0,0.0,0.0,278.0
2026-07-20 21:42:10.860,,,,,,,,,-40.0,0.0,0.0,1.0,0.0,0.0,278.0
2026-07-20 21:42:11.100,,,,,,,,,-40.0,0.0,0.0,1.0,0.0,0.0,279.0
2026-07-20 21:42:11.266,,,,,,,,,-40.0,0.0,0.0,1.0,0.0,0.0,279.0
2026-07-20 21:42:11.460,,,,,,,,,-40.0,0.0,0.0,1.0,0.0,0.0,279.0
2026-07-20 21:42:11.660,,,,,,,,,-40.0,0.0,0.0,1.0,0.0,0.0,279.0
2026-07-20 21:42:11.859,,,,,,,,,-40.0,0.0,0.0,1.0,0.0,0.0,279.0
2026-07-20 21:42:12.100,,,,,,,,,-40.0,0.0,0.0,1.0,0.0,0.0,280.0
2026-07-20 21:42:12.278,,,,,,,,,-40.0,0.0,0.0,1.0,0.0,0.0,280.0
2026-07-20 21:42:12.460,,,,,,,,,-40.0,0.0,0.0,1.0,0.0,0.0,280.0
2026-07-20 21:42:12.659,,,,,,,,,-40.0,0.0,0.0,1.0,0.0,0.0,280.0
2026-07-20 21:42:12.860,,,,,,,,,-40.0,0.0,0.0,1.0,0.0,0.0,280.0
2026-07-20 21:42:13.100,,,,,,,,,-40.0,0.0,0.0,1.0,0.0,0.0,281.0
2026-07-20 21:42:13.268,,,,,,,,,-40.0,0.0,0.0,1.0,0.0,0.0,281.0
2026-07-20 21:42:13.460,,,,,,,,,-40.0,0.0,0.0,1.0,0.0,0.0,281.0
2026-07-20 21:42:13.660,,,,,,,,,-40.0,0.0,0.0,1.0,0.0,0.0,281.0
2026-07-20 21:42:13.860,,,,,,,,,-40.0,0.0,0.0,1.0,0.0,0.0,281.0
2026-07-20 21:42:14.100,,,,,,,,,-40.0,0.0,0.0,1.0,0.0,0.0,282.0
2026-07-20 21:42:14.259,,,,,,,,,-40.0,0.0,0.0,1.0,0.0,0.0,282.0
2026-07-20 21:42:14.460,,,,,,,,,-40.0,0.0,0.0,1.0,0.0,0.0,282.0
2026-07-20 21:42:14.660,,,,,,,,,-40.0,0.0,0.0,1.0,0.0,0.0,282.0
2026-07-20 21:42:14.860,,,,,,,,,-40.0,0.0,0.0,1.0,0.0,0.0,282.0
2026-07-20 21:42:15.099,,,,,,,,,-40.0,0.0,0.0,1.0,0.0,0.0,283.0
2026-07-20 21:42:15.261,,,,,,,,,-40.0,0.0,0.0,1.0,0.0,0.0,283.0
2026-07-20 21:42:15.459,,,,,,,,,-40.0,0.0,0.0,1.0,0.0,0.0,283.0
2026-07-20 21:42:15.660,,,,,,,,,-40.0,0.0,0.0,1.0,0.0,0.0,283.0
2026-07-20 21:42:15.860,,,,,,,,,-40.0,0.0,0.0,1.0,0.0,0.0,283.0
2026-07-20 21:42:16.100,,,,,,,,,-40.0,0.0,0.0,1.0,0.0,0.0,284.0
2026-07-20 21:42:16.274,,,,,,,,,-40.0,0.0,0.0,1.0,0.0,0.0,284.0
2026-07-20 21:42:16.460,,,,,,,,,-40.0,0.0,0.0,1.0,0.0,0.0,284.0
2026-07-20 21:42:16.660,,,,,,,,,-40.0,0.0,0.0,1.0,0.0,0.0,284.0
2026-07-20 21:42:16.860,,,,,,,,,-40.0,0.0,0.0,1.0,0.0,0.0,284.0
2026-07-20 21:42:17.100,,,,,,,,,-40.0,0.0,0.0,1.0,0.0,0.0,285.0
2026-07-20 21:42:17.284,,,,,,,,,-40.0,0.0,0.0,1.0,0.0,0.0,285.0
2026-07-20 21:42:17.460,,,,,,,,,-40.0,0.0,0.0,1.0,0.0,0.0,285.0
2026-07-20 21:42:17.660,,,,,,,,,-40.0,0.0,0.0,1.0,0.0,0.0,285.0
2026-07-20 21:42:17.860,,,,,,,,,-40.0,0.0,0.0,1.0,0.0,0.0,285.0
2026-07-20 21:42:18.099,,,,,,,,,-40.0,0.0,0.0,1.0,0.0,0.0,286.0
2026-07-20 21:42:18.285,,,,,,,,,-40.0,0.0,0.0,1.0,0.0,0.0,286.0
2026-07-20 21:42:18.459,,,,,,,,,-40.0,0.0,0.0,1.0,0.0,0.0,286.0
2026-07-20 21:42:18.660,,,,,,,,,-40.0,0.0,0.0,1.0,0.0,0.0,286.0
2026-07-20 21:42:18.862,,,,,,,,,-40.0,0.0,0.0,1.0,0.0,0.0,286.0
2026-07-20 21:42:19.101,,,,,,,,,-40.0,0.0,0.0,1.0,0.0,0.0,287.0
2026-07-20 21:42:19.276,,,,,,,,,-40.0,0.0,0.0,1.0,0.0,0.0,287.0
2026-07-20 21:42:19.459,,,,,,,,,-40.0,0.0,0.0,1.0,0.0,0.0,287.0
2026-07-20 21:42:19.660,,,,,,,,,-40.0,0.0,0.0,1.0,0.0,0.0,287.0
2026-07-20 21:42:19.872,,,,,,,,,-40.0,0.0,0.0,1.0,0.0,0.0,287.0
2026-07-20 21:42:20.099,,,,,,,,,-40.0,0.0,0.0,1.0,0.0,0.0,288.0
2026-07-20 21:42:20.260,,,,,,,,,-40.0,0.0,0.0,1.0,0.0,0.0,288.0
2026-07-20 21:42:20.461,,,,,,,,,-40.0,0.0,0.0,1.0,0.0,0.0,288.0
2026-07-20 21:42:20.660,,,,,,,,,-40.0,0.0,0.0,1.0,0.0,0.0,288.0
2026-07-20 21:42:20.859,,,,,,,,,-40.0,0.0,0.0,1.0,0.0,0.0,288.0
2026-07-20 21:42:21.099,,,,,,,,,-40.0,0.0,0.0,1.0,0.0,0.0,289.0
2026-07-20 21:42:21.259,,,,,,,,,-40.0,0.0,0.0,1.0,0.0,0.0,289.0
2026-07-20 21:42:21.459,,,,,,,,,-40.0,0.0,0.0,1.0,0.0,0.0,289.0
2026-07-20 21:42:21.659,,,,,,,,,-40.0,0.0,0.0,1.0,0.0,0.0,289.0
2026-07-20 21:42:21.859,,,,,,,,,-40.0,0.0,0.0,1.0,0.0,0.0,289.0
2026-07-20 21:42:22.099,,,,,,,,,-40.0,0.0,0.0,1.0,0.0,0.0,290.0
2026-07-20 21:42:22.267,,,,,,,,,-40.0,0.0,0.0,1.0,0.0,0.0,290.0
2026-07-20 21:42:22.460,,,,,,,,,-40.0,0.0,0.0,1.0,0.0,0.0,290.0
2026-07-20 21:42:22.659,,,,,,,,,-40.0,0.0,0.0,1.0,0.0,0.0,290.0
2026-07-20 21:42:22.859,,,,,,,,,-40.0,0.0,0.0,1.0,0.0,0.0,290.0
2026-07-20 21:42:23.099,,,,,,,,,-40.0,0.0,0.0,1.0,0.0,0.0,291.0
2026-07-20 21:42:23.259,,,,,,,,,-40.0,0.0,0.0,1.0,0.0,0.0,291.0
2026-07-20 21:42:23.459,,,,,,,,,-40.0,0.0,0.0,1.0,0.0,0.0,291.0
2026-07-20 21:42:23.659,,,,,,,,,-40.0,0.0,0.0,1.0,0.0,0.0,291.0
2026-07-20 21:42:23.859,,,,,,,,,-40.0,0.0,0.0,1.0,0.0,0.0,291.0
2026-07-20 21:42:24.099,,,,,,,,,-40.0,0.0,0.0,1.0,0.0,0.0,292.0
2026-07-20 21:42:24.259,,,,,,,,,-40.0,0.0,0.0,1.0,0.0,0.0,292.0
2026-07-20 21:42:24.459,,,,,,,,,-40.0,0.0,0.0,1.0,0.0,0.0,292.0
2026-07-20 21:42:24.659,,,,,,,,,-40.0,0.0,0.0,0.0,0.0,0.0,292.0
2026-07-20 21:42:24.859,,,,,,,,,-40.0,0.0,0.0,0.0,0.0,0.0,292.0
2026-07-20 21:42:25.099,,,,,,,,,-40.0,0.0,0.0,0.0,0.0,0.0,293.0
2026-07-20 21:42:25.259,,,,,,,,,-40.0,0.0,0.0,0.0,0.0,0.0,293.0
2026-07-20 21:42:25.459,,,,,,,,,-40.0,0.0,0.0,0.0,0.0,0.0,293.0
2026-07-20 21:42:25.659,,,,,,,,,-40.0,0.0,0.0,0.0,0.0,0.0,293.0
2026-07-20 21:42:25.859,,,,,,,,,-40.0,0.0,0.0,0.0,0.0,0.0,293.0
2026-07-20 21:42:26.099,,,,,,,,,-40.0,0.0,0.0,0.0,0.0,0.0,294.0
2026-07-20 21:42:26.259,,,,,,,,,-40.0,0.0,0.0,0.0,0.0,0.0,294.0
2026-07-20 21:42:26.459,,,,,,,,,-40.0,0.0,0.0,0.0,0.0,0.0,294.0
2026-07-20 21:42:26.660,,,,,,,,,-40.0,0.0,0.0,0.0,0.0,0.0,294.0
2026-07-20 21:42:26.859,,,,,,,,,-40.0,0.0,0.0,0.0,0.0,0.0,294.0
2026-07-20 21:42:27.099,,,,,,,,,-40.0,0.0,0.0,0.0,0.0,0.0,295.0
2026-07-20 21:42:27.262,,,,,,,,,-40.0,0.0,0.0,1.0,0.0,0.0,295.0
2026-07-20 21:42:27.459,,,,,,,,,-40.0,0.0,0.0,1.0,0.0,0.0,295.0
2026-07-20 21:42:27.659,,,,,,,,,-40.0,0.0,0.0,1.0,0.0,0.0,295.0
2026-07-20 21:42:27.859,,,,,,,,,-40.0,0.0,0.0,1.0,0.0,0.0,295.0
2026-07-20 21:42:28.099,,,,,,,,,-40.0,0.0,0.0,1.0,0.0,0.0,296.0
2026-07-20 21:42:28.259,,,,,,,,,-40.0,0.0,0.0,1.0,0.0,0.0,296.0
2026-07-20 21:42:28.459,,,,,,,,,-40.0,0.0,0.0,0.0,0.0,0.0,296.0
2026-07-20 21:42:28.659,,,,,,,,,-40.0,0.0,0.0,0.0,0.0,0.0,296.0
2026-07-20 21:42:28.859,,,,,,,,,-40.0,0.0,0.0,0.0,0.0,0.0,296.0
2026-07-20 21:42:29.099,,,,,,,,,-40.0,0.0,0.0,0.0,0.0,0.0,297.0
2026-07-20 21:42:29.259,,,,,,,,,-40.0,0.0,0.0,0.0,0.0,0.0,297.0
2026-07-20 21:42:29.459,,,,,,,,,-40.0,0.0,0.0,0.0,0.0,0.0,297.0
2026-07-20 21:42:29.659,,,,,,,,,-40.0,0.0,0.0,0.0,0.0,0.0,297.0
2026-07-20 21:42:29.859,,,,,,,,,-40.0,0.0,0.0,0.0,0.0,0.0,297.0
2026-07-20 21:42:30.099,,,,,,,,,-40.0,0.0,0.0,0.0,0.0,0.0,298.0
2026-07-20 21:42:30.259,,,,,,,,,-40.0,0.0,0.0,0.0,0.0,0.0,298.0
2026-07-20 21:42:30.459,,,,,,,,,-40.0,0.0,0.0,0.0,0.0,0.0,298.0
2026-07-20 21:42:30.659,,,,,,,,,-40.0,0.0,0.0,0.0,0.0,0.0,298.0
2026-07-20 21:42:30.859,,,,,,,,,-40.0,0.0,0.0,0.0,0.0,0.0,298.0
2026-07-20 21:42:31.099,,,,,,,,,-40.0,0.0,0.0,0.0,0.0,0.0,299.0
2026-07-20 21:42:31.259,,,,,,,,,-40.0,0.0,0.0,0.0,0.0,0.0,299.0
2026-07-20 21:42:31.459,,,,,,,,,-40.0,0.0,0.0,0.0,0.0,0.0,299.0
2026-07-20 21:42:31.659,,,,,,,,,-40.0,0.0,0.0,0.0,0.0,0.0,299.0
2026-07-20 21:42:31.859,,,,,,,,,-40.0,0.0,0.0,0.0,0.0,0.0,299.0
2026-07-20 21:42:32.099,,,,,,,,,-40.0,0.0,0.0,0.0,0.0,0.0,300.0
2026-07-20 21:42:32.259,,,,,,,,,-40.0,0.0,0.0,0.0,0.0,0.0,300.0
2026-07-20 21:42:32.459,,,,,,,,,-40.0,0.0,0.0,0.0,0.0,0.0,300.0
2026-07-20 21:42:32.671,,,,,,,,,-40.0,0.0,1.0,0.0,0.0,0.0,300.0
2026-07-20 21:42:32.859,,,,,,,,,-40.0,0.0,1.0,0.0,0.0,0.0,300.0
2026-07-20 21:42:33.105,,,,,,,,,-40.0,0.0,1.0,0.0,0.0,0.0,301.0
2026-07-20 21:42:33.259,,,,,,,,,-40.0,0.0,1.0,0.0,0.0,0.0,301.0
2026-07-20 21:42:33.459,,,,,,,,,-40.0,0.0,1.0,0.0,0.0,0.0,301.0
2026-07-20 21:42:33.659,,,,,,,,,-40.0,0.0,1.0,0.0,0.0,0.0,301.0
2026-07-20 21:42:33.859,,,,,,,,,-40.0,0.0,1.0,0.0,0.0,0.0,301.0
2026-07-20 21:42:34.106,,,,,,,,,-40.0,0.0,1.0,0.0,0.0,0.0,302.0
2026-07-20 21:42:34.259,,,,,,,,,-40.0,0.0,1.0,0.0,0.0,0.0,302.0
2026-07-20 21:42:34.459,,,,,,,,,-40.0,0.0,1.0,0.0,0.0,0.0,302.0
2026-07-20 21:42:34.659,,,,,,,,,-40.0,0.0,1.0,0.0,0.0,0.0,302.0
2026-07-20 21:42:34.859,,,,,,,,,-40.0,0.0,1.0,0.0,0.0,0.0,302.0
2026-07-20 21:42:35.105,,,,,,,,,-40.0,0.0,1.0,0.0,0.0,0.0,303.0
2026-07-20 21:42:35.259,,,,,,,,,-40.0,0.0,1.0,0.0,0.0,0.0,303.0
2026-07-20 21:42:35.459,,,,,,,,,-40.0,0.0,1.0,0.0,0.0,0.0,303.0
2026-07-20 21:42:35.659,,,,,,,,,-40.0,0.0,1.0,0.0,0.0,0.0,303.0
2026-07-20 21:42:35.859,,,,,,,,,-40.0,0.0,1.0,0.0,0.0,0.0,303.0
2026-07-20 21:42:36.105,,,,,,,,,-40.0,0.0,1.0,0.0,0.0,0.0,304.0
2026-07-20 21:42:36.259,,,,,,,,,-40.0,0.0,1.0,0.0,0.0,0.0,304.0
2026-07-20 21:42:36.459,,,,,,,,,-40.0,0.0,1.0,0.0,0.0,0.0,304.0
2026-07-20 21:42:36.659,,,,,,,,,-40.0,0.0,1.0,0.0,0.0,0.0,304.0
2026-07-20 21:42:36.859,,,,,,,,,-40.0,0.0,1.0,0.0,0.0,0.0,304.0
2026-07-20 21:42:37.105,,,,,,,,,-40.0,0.0,1.0,0.0,0.0,0.0,305.0
2026-07-20 21:42:37.280,,,,,,,,,-40.0,0.0,1.0,0.0,0.0,0.0,305.0
2026-07-20 21:42:37.459,,,,,,,,,-40.0,0.0,1.0,0.0,0.0,0.0,305.0
2026-07-20 21:42:37.659,,,,,,,,,-40.0,0.0,1.0,0.0,0.0,0.0,305.0
2026-07-20 21:42:37.859,,,,,,,,,-40.0,0.0,1.0,0.0,0.0,0.0,305.0
2026-07-20 21:42:38.105,,,,,,,,,-40.0,0.0,1.0,0.0,0.0,0.0,306.0
2026-07-20 21:42:38.259,,,,,,,,,-40.0,0.0,1.0,0.0,0.0,0.0,306.0
2026-07-20 21:42:38.459,,,,,,,,,-40.0,0.0,1.0,0.0,0.0,0.0,306.0
2026-07-20 21:42:38.659,,,,,,,,,-40.0,0.0,1.0,0.0,0.0,0.0,306.0
2026-07-20 21:42:38.859,,,,,,,,,-40.0,0.0,1.0,0.0,0.0,0.0,306.0
2026-07-20 21:42:39.106,,,,,,,,,-40.0,0.0,1.0,0.0,0.0,0.0,307.0
2026-07-20 21:42:39.281,,,,,,,,,-40.0,0.0,1.0,0.0,0.0,0.0,307.0
2026-07-20 21:42:39.459,,,,,,,,,-40.0,0.0,1.0,0.0,0.0,0.0,307.0
2026-07-20 21:42:39.659,,,,,,,,,-40.0,0.0,1.0,0.0,0.0,0.0,307.0
2026-07-20 21:42:39.858,,,,,,,,,-40.0,0.0,1.0,0.0,0.0,0.0,307.0
2026-07-20 21:42:40.105,,,,,,,,,-40.0,0.0,1.0,0.0,0.0,0.0,308.0
2026-07-20 21:42:40.271,,,,,,,,,-40.0,0.0,1.0,0.0,0.0,0.0,308.0
2026-07-20 21:42:40.459,,,,,,,,,-40.0,0.0,1.0,0.0,0.0,0.0,308.0
2026-07-20 21:42:40.660,,,,,,,,,-40.0,0.0,1.0,0.0,0.0,0.0,308.0
2026-07-20 21:42:40.859,,,,,,,,,-40.0,0.0,1.0,0.0,0.0,0.0,308.0
2026-07-20 21:42:41.105,,,,,,,,,-40.0,0.0,1.0,0.0,0.0,0.0,309.0
2026-07-20 21:42:41.259,,,,,,,,,-40.0,0.0,1.0,0.0,0.0,0.0,309.0
2026-07-20 21:42:41.458,,,,,,,,,-40.0,0.0,1.0,0.0,0.0,0.0,309.0
2026-07-20 21:42:41.659,,,,,,,,,-40.0,0.0,1.0,0.0,0.0,0.0,309.0
2026-07-20 21:42:41.859,,,,,,,,,-40.0,0.0,1.0,0.0,0.0,0.0,309.0
2026-07-20 21:42:42.107,,,,,,,,,-40.0,0.0,1.0,0.0,0.0,0.0,310.0
2026-07-20 21:42:42.259,,,,,,,,,-40.0,0.0,1.0,0.0,0.0,0.0,310.0
2026-07-20 21:42:42.458,,,,,,,,,-40.0,0.0,1.0,0.0,0.0,0.0,310.0
2026-07-20 21:42:42.659,,,,,,,,,-40.0,0.0,1.0,0.0,0.0,0.0,310.0
2026-07-20 21:42:42.859,,,,,,,,,-40.0,0.0,1.0,0.0,0.0,0.0,310.0
2026-07-20 21:42:43.106,,,,,,,,,-40.0,0.0,1.0,0.0,0.0,0.0,311.0
2026-07-20 21:42:43.259,,,,,,,,,-40.0,0.0,1.0,0.0,0.0,0.0,311.0
2026-07-20 21:42:43.458,,,,,,,,,-40.0,0.0,1.0,0.0,0.0,0.0,311.0
2026-07-20 21:42:43.659,,,,,,,,,-40.0,0.0,1.0,0.0,0.0,0.0,311.0
2026-07-20 21:42:43.859,,,,,,,,,-40.0,0.0,1.0,0.0,0.0,0.0,311.0
2026-07-20 21:42:44.106,,,,,,,,,-40.0,0.0,1.0,0.0,0.0,0.0,312.0
2026-07-20 21:42:44.258,,,,,,,,,-40.0,0.0,1.0,0.0,0.0,0.0,312.0
2026-07-20 21:42:44.458,,,,,,,,,-40.0,0.0,1.0,0.0,0.0,0.0,312.0
2026-07-20 21:42:44.659,,,,,,,,,-40.0,0.0,1.0,0.0,0.0,0.0,312.0
2026-07-20 21:42:44.859,,,,,,,,,-40.0,0.0,1.0,0.0,0.0,0.0,312.0
2026-07-20 21:42:45.106,,,,,,,,,-40.0,1.0,1.0,0.0,0.0,0.0,313.0
2026-07-20 21:42:45.259,,,,,,,,,-40.0,1.0,1.0,0.0,0.0,0.0,313.0
2026-07-20 21:42:45.458,,,,,,,,,-40.0,1.0,1.0,0.0,0.0,0.0,313.0
2026-07-20 21:42:45.659,,,,,,,,,-40.0,1.0,1.0,0.0,0.0,0.0,313.0
2026-07-20 21:42:45.858,,,,,,,,,-40.0,1.0,1.0,0.0,0.0,0.0,313.0
2026-07-20 21:42:46.106,,,,,,,,,-40.0,1.0,1.0,0.0,0.0,0.0,314.0
2026-07-20 21:42:46.258,,,,,,,,,-40.0,1.0,1.0,0.0,0.0,0.0,314.0
2026-07-20 21:42:46.458,,,,,,,,,-40.0,1.0,1.0,0.0,0.0,0.0,314.0
2026-07-20 21:42:46.659,,,,,,,,,-40.0,1.0,1.0,0.0,0.0,0.0,314.0
2026-07-20 21:42:46.858,,,,,,,,,-40.0,1.0,1.0,0.0,0.0,0.0,314.0
2026-07-20 21:42:47.105,,,,,,,,,-40.0,0.0,1.0,0.0,0.0,0.0,315.0
2026-07-20 21:42:47.258,,,,,,,,,-40.0,0.0,1.0,0.0,0.0,0.0,315.0
2026-07-20 21:42:47.459,,,,,,,,,-40.0,0.0,1.0,0.0,0.0,0.0,315.0
2026-07-20 21:42:47.659,,,,,,,,,-40.0,0.0,1.0,0.0,0.0,0.0,315.0
2026-07-20 21:42:47.858,,,,,,,,,-40.0,0.0,1.0,0.0,0.0,0.0,315.0
2026-07-20 21:42:48.106,,,,,,,,,-40.0,0.0,1.0,0.0,0.0,0.0,316.0
2026-07-20 21:42:48.258,,,,,,,,,-40.0,0.0,1.0,0.0,0.0,0.0,316.0
2026-07-20 21:42:48.458,,,,,,,,,-40.0,0.0,1.0,0.0,0.0,0.0,316.0
2026-07-20 21:42:48.658,,,,,,,,,-40.0,0.0,1.0,0.0,0.0,0.0,316.0
2026-07-20 21:42:48.858,,,,,,,,,-40.0,0.0,1.0,0.0,0.0,0.0,316.0
2026-07-20 21:42:49.105,,,,,,,,,-40.0,0.0,1.0,0.0,0.0,0.0,317.0
2026-07-20 21:42:49.259,,,,,,,,,-40.0,0.0,1.0,0.0,0.0,0.0,317.0
2026-07-20 21:42:49.459,,,,,,,,,-40.0,0.0,1.0,0.0,0.0,0.0,317.0
2026-07-20 21:42:49.658,,,,,,,,,-40.0,0.0,1.0,0.0,0.0,0.0,317.0
2026-07-20 21:42:49.858,,,,,,,,,-40.0,0.0,1.0,0.0,0.0,0.0,317.0
2026-07-20 21:42:50.105,,,,,,,,,-40.0,0.0,1.0,0.0,0.0,0.0,318.0
2026-07-20 21:42:50.281,,,,,,,,,-40.0,0.0,1.0,0.0,0.0,0.0,318.0
2026-07-20 21:42:50.459,,,,,,,,,-40.0,0.0,1.0,0.0,0.0,0.0,318.0
2026-07-20 21:42:50.659,,,,,,,,,-40.0,0.0,1.0,0.0,0.0,0.0,318.0
2026-07-20 21:42:50.858,,,,,,,,,-40.0,0.0,1.0,0.0,0.0,0.0,318.0
2026-07-20 21:42:51.105,,,,,,,,,-40.0,0.0,1.0,0.0,0.0,0.0,319.0
2026-07-20 21:42:51.258,,,,,,,,,-40.0,0.0,1.0,0.0,0.0,0.0,319.0
2026-07-20 21:42:51.458,,,,,,,,,-40.0,0.0,1.0,0.0,0.0,0.0,319.0
2026-07-20 21:42:51.658,,,,,,,,,-40.0,0.0,1.0,0.0,0.0,0.0,319.0
2026-07-20 21:42:51.859,,,,,,,,,-40.0,0.0,1.0,0.0,0.0,0.0,319.0
2026-07-20 21:42:52.105,,,,,,,,,-40.0,0.0,1.0,0.0,0.0,0.0,320.0
2026-07-20 21:42:52.259,,,,,,,,,-40.0,0.0,1.0,0.0,0.0,0.0,320.0
2026-07-20 21:42:52.458,,,,,,,,,-40.0,0.0,1.0,0.0,0.0,0.0,320.0
2026-07-20 21:42:52.659,,,,,,,,,-40.0,0.0,1.0,0.0,0.0,0.0,320.0
2026-07-20 21:42:52.858,,,,,,,,,-40.0,0.0,1.0,0.0,0.0,0.0,320.0
2026-07-20 21:42:53.105,,,,,,,,,-40.0,0.0,1.0,0.0,0.0,0.0,321.0
2026-07-20 21:42:53.259,,,,,,,,,-40.0,0.0,1.0,0.0,0.0,0.0,321.0
2026-07-20 21:42:53.458,,,,,,,,,-40.0,0.0,1.0,0.0,0.0,0.0,321.0
2026-07-20 21:42:53.659,,,,,,,,,-40.0,0.0,1.0,0.0,0.0,0.0,321.0
2026-07-20 21:42:53.859,,,,,,,,,-40.0,0.0,1.0,0.0,0.0,0.0,321.0
2026-07-20 21:42:54.106,,,,,,,,,-40.0,0.0,1.0,0.0,0.0,0.0,322.0
2026-07-20 21:42:54.258,,,,,,,,,-40.0,0.0,1.0,0.0,0.0,0.0,322.0
2026-07-20 21:42:54.459,,,,,,,,,-40.0,0.0,1.0,0.0,0.0,0.0,322.0
2026-07-20 21:42:54.659,,,,,,,,,-40.0,0.0,1.0,0.0,0.0,0.0,322.0
2026-07-20 21:42:54.858,,,,,,,,,-40.0,0.0,1.0,0.0,0.0,0.0,322.0
2026-07-20 21:42:55.104,,,,,,,,,-40.0,0.0,1.0,0.0,0.0,0.0,323.0
2026-07-20 21:42:55.258,,,,,,,,,-40.0,0.0,1.0,0.0,0.0,0.0,323.0
2026-07-20 21:42:55.458,,,,,,,,,-40.0,0.0,1.0,0.0,0.0,0.0,323.0
2026-07-20 21:42:55.659,,,,,,,,,-40.0,0.0,1.0,0.0,0.0,0.0,323.0
2026-07-20 21:42:55.858,,,,,,,,,-40.0,0.0,1.0,0.0,0.0,0.0,323.0
2026-07-20 21:42:56.105,,,,,,,,,-40.0,0.0,1.0,0.0,0.0,0.0,324.0
2026-07-20 21:42:56.284,,,,,,,,,-40.0,0.0,1.0,0.0,0.0,0.0,324.0
2026-07-20 21:42:56.458,,,,,,,,,-40.0,0.0,1.0,0.0,0.0,0.0,324.0
2026-07-20 21:42:56.659,,,,,,,,,-40.0,0.0,1.0,0.0,0.0,0.0,324.0
2026-07-20 21:42:56.858,,,,,,,,,-40.0,0.0,1.0,0.0,0.0,0.0,324.0
2026-07-20 21:42:57.105,,,,,,,,,-40.0,0.0,1.0,0.0,0.0,0.0,325.0
2026-07-20 21:42:57.279,,,,,,,,,-40.0,0.0,1.0,0.0,0.0,0.0,325.0
2026-07-20 21:42:57.459,,,,,,,,,-40.0,0.0,1.0,0.0,0.0,0.0,325.0
2026-07-20 21:42:57.659,,,,,,,,,-40.0,0.0,1.0,0.0,0.0,0.0,325.0
2026-07-20 21:42:57.858,,,,,,,,,-40.0,0.0,1.0,0.0,0.0,0.0,325.0
2026-07-20 21:42:58.105,,,,,,,,,-40.0,0.0,1.0,0.0,0.0,0.0,326.0
2026-07-20 21:42:58.282,,,,,,,,,-40.0,0.0,1.0,0.0,0.0,0.0,326.0
2026-07-20 21:42:58.458,,,,,,,,,-40.0,0.0,1.0,0.0,0.0,0.0,326.0
2026-07-20 21:42:58.658,,,,,,,,,-40.0,0.0,1.0,0.0,0.0,0.0,326.0
2026-07-20 21:42:58.858,,,,,,,,,-40.0,0.0,1.0,0.0,0.0,0.0,326.0
2026-07-20 21:42:59.105,,,,,,,,,-40.0,0.0,1.0,0.0,0.0,0.0,327.0
2026-07-20 21:42:59.271,,,,,,,,,-40.0,0.0,1.0,0.0,0.0,0.0,327.0
2026-07-20 21:42:59.459,,,,,,,,,-40.0,0.0,1.0,0.0,0.0,0.0,327.0
2026-07-20 21:42:59.658,,,,,,,,,-40.0,0.0,1.0,0.0,0.0,0.0,327.0
2026-07-20 21:42:59.858,,,,,,,,,-40.0,0.0,1.0,0.0,0.0,0.0,327.0
2026-07-20 21:43:00.105,,,,,,,,,-40.0,0.0,1.0,0.0,0.0,0.0,328.0
2026-07-20 21:43:00.259,,,,,,,,,-40.0,0.0,1.0,0.0,0.0,0.0,328.0
2026-07-20 21:43:00.458,,,,,,,,,-40.0,0.0,1.0,0.0,0.0,0.0,328.0
2026-07-20 21:43:00.659,,,,,,,,,-40.0,0.0,1.0,0.0,0.0,0.0,328.0
2026-07-20 21:43:00.858,,,,,,,,,-40.0,0.0,1.0,0.0,0.0,0.0,328.0
2026-07-20 21:43:01.104,,,,,,,,,-40.0,0.0,1.0,0.0,0.0,0.0,329.0
2026-07-20 21:43:01.258,,,,,,,,,-40.0,0.0,1.0,0.0,0.0,0.0,329.0
2026-07-20 21:43:01.458,,,,,,,,,-40.0,0.0,1.0,0.0,0.0,0.0,329.0
2026-07-20 21:43:01.658,,,,,,,,,-40.0,0.0,1.0,0.0,0.0,0.0,329.0
2026-07-20 21:43:01.858,,,,,,,,,-40.0,0.0,1.0,0.0,0.0,0.0,329.0
2026-07-20 21:43:02.105,,,,,,,,,-40.0,0.0,1.0,0.0,0.0,0.0,330.0
2026-07-20 21:43:02.267,,,,,,,,,-40.0,0.0,1.0,0.0,0.0,0.0,330.0
2026-07-20 21:43:02.458,,,,,,,,,-40.0,0.0,1.0,0.0,0.0,0.0,330.0
2026-07-20 21:43:02.658,,,,,,,,,-40.0,0.0,1.0,0.0,0.0,0.0,330.0
2026-07-20 21:43:02.858,,,,,,,,,-40.0,0.0,1.0,0.0,0.0,0.0,330.0
2026-07-20 21:43:03.104,,,,,,,,,-40.0,0.0,1.0,0.0,0.0,0.0,331.0
2026-07-20 21:43:03.258,,,,,,,,,-40.0,0.0,1.0,0.0,0.0,0.0,331.0
2026-07-20 21:43:03.458,,,,,,,,,-40.0,0.0,1.0,0.0,0.0,0.0,331.0
2026-07-20 21:43:03.658,,,,,,,,,-40.0,0.0,1.0,0.0,0.0,0.0,331.0
2026-07-20 21:43:03.858,,,,,,,,,-40.0,0.0,1.0,0.0,0.0,0.0,331.0
2026-07-20 21:43:04.105,,,,,,,,,-40.0,0.0,1.0,0.0,0.0,0.0,332.0
2026-07-20 21:43:04.258,,,,,,,,,-40.0,0.0,1.0,0.0,0.0,0.0,332.0
2026-07-20 21:43:04.458,,,,,,,,,-40.0,0.0,1.0,0.0,0.0,0.0,332.0
2026-07-20 21:43:04.659,,,,,,,,,-40.0,0.0,1.0,0.0,0.0,0.0,332.0
2026-07-20 21:43:04.858,,,,,,,,,-40.0,0.0,1.0,0.0,0.0,0.0,332.0
2026-07-20 21:43:05.104,,,,,,,,,-40.0,0.0,1.0,0.0,0.0,0.0,333.0
2026-07-20 21:43:05.258,,,,,,,,,-40.0,0.0,1.0,0.0,0.0,0.0,333.0
2026-07-20 21:43:05.458,,,,,,,,,-40.0,0.0,1.0,0.0,0.0,0.0,333.0
2026-07-20 21:43:05.658,,,,,,,,,-40.0,0.0,1.0,0.0,0.0,0.0,333.0
2026-07-20 21:43:05.859,,,,,,,,,-40.0,0.0,1.0,0.0,0.0,0.0,333.0
2026-07-20 21:43:06.105,,,,,,,,,-40.0,0.0,1.0,0.0,0.0,0.0,334.0
2026-07-20 21:43:06.258,,,,,,,,,-40.0,0.0,1.0,0.0,0.0,0.0,334.0
2026-07-20 21:43:06.458,,,,,,,,,-40.0,0.0,1.0,0.0,0.0,0.0,334.0
2026-07-20 21:43:06.658,,,,,,,,,-40.0,0.0,1.0,0.0,0.0,0.0,334.0
2026-07-20 21:43:06.858,,,,,,,,,-40.0,0.0,1.0,0.0,0.0,0.0,334.0
2026-07-20 21:43:07.105,,,,,,,,,-40.0,0.0,1.0,0.0,0.0,0.0,335.0
2026-07-20 21:43:07.277,,,,,,,,,-40.0,0.0,1.0,0.0,0.0,0.0,335.0
2026-07-20 21:43:07.458,,,,,,,,,-40.0,0.0,1.0,0.0,0.0,0.0,335.0
2026-07-20 21:43:07.659,,,,,,,,,-40.0,0.0,1.0,0.0,0.0,0.0,335.0
2026-07-20 21:43:07.858,,,,,,,,,-40.0,0.0,1.0,0.0,0.0,0.0,335.0
2026-07-20 21:43:08.104,,,,,,,,,-40.0,0.0,1.0,0.0,0.0,0.0,336.0
2026-07-20 21:43:08.258,,,,,,,,,-40.0,0.0,1.0,0.0,0.0,0.0,336.0
2026-07-20 21:43:08.458,,,,,,,,,-40.0,0.0,1.0,0.0,0.0,0.0,336.0
2026-07-20 21:43:08.663,,,,,,,,,-40.0,0.0,1.0,0.0,0.0,0.0,336.0
2026-07-20 21:43:08.858,,,,,,,,,-40.0,0.0,0.0,0.0,0.0,0.0,336.0
2026-07-20 21:43:09.104,,,,,,,,,-40.0,0.0,0.0,0.0,0.0,0.0,336.0
2026-07-20 21:43:09.258,,,,,,,,,-40.0,0.0,0.0,0.0,0.0,0.0,337.0
2026-07-20 21:43:09.458,,,,,,,,,-40.0,0.0,0.0,0.0,0.0,0.0,337.0
2026-07-20 21:43:09.658,,,,,,,,,-40.0,0.0,0.0,0.0,0.0,0.0,337.0
2026-07-20 21:43:09.858,,,,,,,,,-40.0,0.0,0.0,0.0,0.0,0.0,337.0
2026-07-20 21:43:10.105,,,,,,,,,-40.0,0.0,0.0,0.0,0.0,0.0,337.0
2026-07-20 21:43:10.269,,,,,,,,,-40.0,0.0,0.0,0.0,0.0,0.0,338.0
2026-07-20 21:43:10.458,,,,,,,,,-40.0,0.0,0.0,0.0,0.0,0.0,338.0
2026-07-20 21:43:10.658,,,,,,,,,-40.0,0.0,0.0,0.0,0.0,0.0,338.0
2026-07-20 21:43:10.858,,,,,,,,,-40.0,0.0,1.0,0.0,0.0,0.0,338.0
2026-07-20 21:43:11.104,,,,,,,,,-40.0,0.0,1.0,0.0,0.0,0.0,338.0
2026-07-20 21:43:11.258,,,,,,,,,-40.0,0.0,1.0,0.0,0.0,0.0,339.0
2026-07-20 21:43:11.458,,,,,,,,,-40.0,0.0,1.0,0.0,0.0,0.0,339.0
2026-07-20 21:43:11.659,,,,,,,,,-40.0,0.0,1.0,0.0,0.0,0.0,339.0
2026-07-20 21:43:11.858,,,,,,,,,-40.0,0.0,1.0,0.0,0.0,0.0,339.0
2026-07-20 21:43:12.104,,,,,,,,,-40.0,0.0,1.0,0.0,0.0,0.0,339.0
2026-07-20 21:43:12.258,,,,,,,,,-40.0,0.0,1.0,0.0,0.0,0.0,340.0
2026-07-20 21:43:12.458,,,,,,,,,-40.0,0.0,1.0,0.0,0.0,0.0,340.0
2026-07-20 21:43:12.662,,,,,,,,,-40.0,0.0,1.0,0.0,0.0,0.0,340.0
2026-07-20 21:43:12.858,,,,,,,,,-40.0,0.0,1.0,0.0,0.0,0.0,340.0
2026-07-20 21:43:13.131,,,,,,,,,-40.0,0.0,1.0,0.0,0.0,0.0,340.0
2026-07-20 21:43:13.292,,,,,,,,,-40.0,0.0,0.0,0.0,0.0,0.0,341.0
2026-07-20 21:43:13.458,,,,,,,,,-40.0,0.0,0.0,0.0,0.0,0.0,341.0
2026-07-20 21:43:13.658,,,,,,,,,-40.0,0.0,0.0,0.0,0.0,0.0,341.0
2026-07-20 21:43:13.859,,,,,,,,,-40.0,0.0,0.0,0.0,0.0,0.0,341.0
2026-07-20 21:43:14.104,,,,,,,,,-40.0,0.0,0.0,0.0,0.0,0.0,341.0
2026-07-20 21:43:14.258,,,,,,,,,-40.0,0.0,0.0,0.0,0.0,0.0,342.0
2026-07-20 21:43:14.458,,,,,,,,,-40.0,0.0,0.0,0.0,0.0,0.0,342.0
2026-07-20 21:43:14.677,,,,,,,,,-40.0,0.0,0.0,0.0,0.0,0.0,342.0
2026-07-20 21:43:14.858,,,,,,,,,-40.0,0.0,0.0,0.0,0.0,0.0,342.0
2026-07-20 21:43:15.105,,,,,,,,,-40.0,0.0,0.0,0.0,0.0,0.0,342.0
2026-07-20 21:43:15.258,,,,,,,,,-40.0,0.0,0.0,0.0,0.0,0.0,343.0
2026-07-20 21:43:15.458,,,,,,,,,-40.0,0.0,1.0,0.0,0.0,0.0,343.0
2026-07-20 21:43:15.658,,,,,,,,,-40.0,0.0,1.0,0.0,0.0,0.0,343.0
2026-07-20 21:43:15.858,,,,,,,,,-40.0,0.0,1.0,0.0,0.0,0.0,343.0
2026-07-20 21:43:16.059,,,,,,,,,-40.0,0.0,1.0,0.0,0.0,0.0,343.0
2026-07-20 21:43:16.258,,,,,,,,,-40.0,0.0,1.0,0.0,0.0,0.0,344.0
2026-07-20 21:43:16.458,,,,,,,,,-40.0,0.0,1.0,0.0,0.0,0.0,344.0
2026-07-20 21:43:16.658,,,,,,,,,-40.0,0.0,1.0,0.0,0.0,0.0,344.0
2026-07-20 21:43:16.858,,,,,,,,,-40.0,0.0,1.0,0.0,0.0,0.0,344.0
2026-07-20 21:43:17.059,,,,,,,,,-40.0,0.0,1.0,0.0,0.0,0.0,344.0
2026-07-20 21:43:17.258,,,,,,,,,-40.0,0.0,1.0,0.0,0.0,0.0,345.0
2026-07-20 21:43:17.458,,,,,,,,,-40.0,0.0,1.0,0.0,0.0,0.0,345.0
2026-07-20 21:43:17.659,,,,,,,,,-40.0,0.0,1.0,0.0,0.0,0.0,345.0
2026-07-20 21:43:17.858,,,,,,,,,-40.0,0.0,0.0,0.0,0.0,0.0,345.0
2026-07-20 21:43:18.059,,,,,,,,,-40.0,0.0,0.0,0.0,0.0,0.0,345.0
2026-07-20 21:43:18.258,,,,,,,,,-40.0,0.0,0.0,0.0,0.0,0.0,346.0
2026-07-20 21:43:18.458,,,,,,,,,-40.0,0.0,0.0,0.0,0.0,0.0,346.0
2026-07-20 21:43:18.658,,,,,,,,,-40.0,0.0,0.0,0.0,0.0,0.0,346.0
2026-07-20 21:43:18.858,,,,,,,,,-40.0,0.0,0.0,0.0,0.0,0.0,346.0
2026-07-20 21:43:19.059,,,,,,,,,-40.0,0.0,0.0,0.0,0.0,0.0,346.0
2026-07-20 21:43:19.258,,,,,,,,,-40.0,0.0,0.0,0.0,0.0,0.0,347.0
2026-07-20 21:43:19.458,,,,,,,,,-40.0,0.0,0.0,0.0,0.0,0.0,347.0
2026-07-20 21:43:19.658,,,,,,,,,-40.0,0.0,0.0,0.0,0.0,0.0,347.0
2026-07-20 21:43:19.858,,,,,,,,,-40.0,0.0,0.0,0.0,0.0,0.0,347.0
2026-07-20 21:43:20.059,,,,,,,,,-40.0,0.0,1.0,0.0,0.0,0.0,347.0
2026-07-20 21:43:20.258,,,,,,,,,-40.0,0.0,1.0,0.0,0.0,0.0,348.0
2026-07-20 21:43:20.458,,,,,,,,,-40.0,0.0,1.0,0.0,0.0,0.0,348.0
2026-07-20 21:43:20.658,,,,,,,,,-40.0,0.0,1.0,0.0,0.0,0.0,348.0
2026-07-20 21:43:20.858,,,,,,,,,-40.0,0.0,1.0,0.0,0.0,0.0,348.0
2026-07-20 21:43:21.059,,,,,,,,,-40.0,0.0,1.0,0.0,0.0,0.0,348.0
2026-07-20 21:43:21.258,,,,,,,,,-40.0,0.0,1.0,0.0,0.0,0.0,349.0
2026-07-20 21:43:21.458,,,,,,,,,-40.0,0.0,1.0,0.0,0.0,0.0,349.0
2026-07-20 21:43:21.658,,,,,,,,,-40.0,0.0,1.0,0.0,0.0,0.0,349.0
2026-07-20 21:43:21.858,,,,,,,,,-40.0,0.0,1.0,0.0,0.0,0.0,349.0
2026-07-20 21:43:22.059,,,,,,,,,-40.0,0.0,1.0,0.0,0.0,0.0,349.0
2026-07-20 21:43:22.258,,,,,,,,,-40.0,0.0,1.0,0.0,0.0,0.0,350.0
2026-07-20 21:43:22.458,,,,,,,,,-40.0,0.0,1.0,0.0,0.0,0.0,350.0
2026-07-20 21:43:22.658,,,,,,,,,-40.0,0.0,1.0,0.0,0.0,0.0,350.0
2026-07-20 21:43:22.857,,,,,,,,,-40.0,0.0,1.0,0.0,0.0,0.0,350.0
2026-07-20 21:43:23.058,,,,,,,,,-40.0,0.0,1.0,0.0,0.0,0.0,350.0
2026-07-20 21:43:23.258,,,,,,,,,-40.0,0.0,1.0,0.0,0.0,0.0,351.0
2026-07-20 21:43:23.458,,,,,,,,,-40.0,0.0,1.0,0.0,0.0,0.0,351.0
2026-07-20 21:43:23.658,,,,,,,,,-40.0,0.0,1.0,0.0,0.0,0.0,351.0
2026-07-20 21:43:23.858,,,,,,,,,-40.0,0.0,0.0,0.0,0.0,0.0,351.0
2026-07-20 21:43:24.058,,,,,,,,,-40.0,0.0,0.0,0.0,0.0,0.0,351.0
2026-07-20 21:43:24.258,,,,,,,,,-40.0,0.0,0.0,0.0,0.0,0.0,352.0
2026-07-20 21:43:24.457,,,,,,,,,-40.0,0.0,1.0,0.0,0.0,0.0,352.0
2026-07-20 21:43:24.677,,,,,,,,,-40.0,0.0,1.0,0.0,0.0,0.0,352.0
2026-07-20 21:43:24.877,,,,,,,,,-40.0,0.0,1.0,0.0,0.0,0.0,352.0
2026-07-20 21:43:25.076,,,,,,,,,-40.0,0.0,1.0,0.0,0.0,0.0,353.0
2026-07-20 21:43:25.277,,,,,,,,,-40.0,0.0,1.0,0.0,0.0,0.0,353.0
2026-07-20 21:43:25.476,,,,,,,,,-40.0,0.0,1.0,0.0,0.0,0.0,353.0
2026-07-20 21:43:25.676,,,,,,,,,-40.0,0.0,1.0,0.0,0.0,0.0,353.0
2026-07-20 21:43:25.875,,,,,,,,,-40.0,0.0,1.0,0.0,0.0,0.0,353.0
2026-07-20 21:43:26.075,,,,,,,,,-40.0,0.0,1.0,0.0,0.0,0.0,354.0
2026-07-20 21:43:26.276,,,,,,,,,-40.0,0.0,1.0,0.0,0.0,0.0,354.0
2026-07-20 21:43:26.476,,,,,,,,,-40.0,0.0,1.0,0.0,0.0,0.0,354.0
2026-07-20 21:43:26.676,,,,,,,,,-40.0,0.0,1.0,0.0,0.0,0.0,354.0
2026-07-20 21:43:26.876,,,,,,,,,-40.0,0.0,1.0,0.0,0.0,0.0,354.0
2026-07-20 21:43:27.076,,,,,,,,,-40.0,0.0,1.0,0.0,0.0,0.0,355.0
2026-07-20 21:43:27.301,,,,,,,,,-40.0,0.0,1.0,0.0,0.0,0.0,355.0
2026-07-20 21:43:27.476,,,,,,,,,-40.0,0.0,1.0,0.0,0.0,0.0,355.0
2026-07-20 21:43:27.677,,,,,,,,,-40.0,0.0,1.0,0.0,0.0,0.0,355.0
2026-07-20 21:43:27.901,,,,,,,,,-40.0,0.0,1.0,0.0,0.0,0.0,355.0
2026-07-20 21:43:28.076,,,,,,,,,-40.0,0.0,1.0,0.0,0.0,0.0,356.0
2026-07-20 21:43:28.277,,,,,,,,,-40.0,0.0,1.0,0.0,0.0,0.0,356.0
2026-07-20 21:43:28.500,,,,,,,,,-40.0,0.0,1.0,0.0,0.0,0.0,356.0
2026-07-20 21:43:28.677,,,,,,,,,-40.0,0.0,1.0,0.0,0.0,0.0,356.0
2026-07-20 21:43:28.876,,,,,,,,,-40.0,0.0,1.0,0.0,0.0,0.0,356.0
2026-07-20 21:43:29.076,,,,,,,,,-40.0,0.0,1.0,0.0,0.0,0.0,357.0
2026-07-20 21:43:29.276,,,,,,,,,-40.0,0.0,1.0,0.0,0.0,0.0,357.0
2026-07-20 21:43:29.476,,,,,,,,,-40.0,0.0,1.0,0.0,0.0,0.0,357.0
2026-07-20 21:43:29.676,,,,,,,,,-40.0,0.0,1.0,0.0,0.0,0.0,357.0
2026-07-20 21:43:29.876,,,,,,,,,-40.0,0.0,1.0,0.0,0.0,0.0,357.0
2026-07-20 21:43:30.076,,,,,,,,,-40.0,0.0,1.0,0.0,0.0,0.0,358.0
2026-07-20 21:43:30.277,,,,,,,,,-40.0,0.0,1.0,0.0,0.0,0.0,358.0
2026-07-20 21:43:30.475,,,,,,,,,-40.0,0.0,1.0,0.0,0.0,0.0,358.0
2026-07-20 21:43:30.677,,,,,,,,,-40.0,0.0,1.0,0.0,0.0,0.0,358.0
2026-07-20 21:43:30.876,,,,,,,,,-40.0,0.0,1.0,0.0,0.0,0.0,358.0
2026-07-20 21:43:31.106,,,,,,,,,-40.0,0.0,1.0,0.0,0.0,0.0,359.0
2026-07-20 21:43:31.275,,,,,,,,,-40.0,0.0,1.0,0.0,0.0,0.0,359.0
2026-07-20 21:43:31.475,,,,,,,,,-40.0,0.0,1.0,0.0,0.0,0.0,359.0
2026-07-20 21:43:31.677,,,,,,,,,-40.0,0.0,1.0,0.0,0.0,0.0,359.0
2026-07-20 21:43:31.876,,,,,,,,,-40.0,0.0,1.0,0.0,0.0,0.0,359.0
2026-07-20 21:43:32.076,,,,,,,,,-40.0,0.0,1.0,0.0,0.0,0.0,360.0
2026-07-20 21:43:32.276,,,,,,,,,-40.0,0.0,1.0,0.0,0.0,0.0,360.0
2026-07-20 21:43:32.476,,,,,,,,,-40.0,0.0,1.0,0.0,0.0,0.0,360.0
2026-07-20 21:43:32.676,,,,,,,,,-40.0,0.0,1.0,0.0,0.0,0.0,360.0
2026-07-20 21:43:32.876,,,,,,,,,-40.0,0.0,1.0,0.0,0.0,0.0,360.0
2026-07-20 21:43:33.076,,,,,,,,,-40.0,0.0,1.0,0.0,0.0,0.0,361.0
2026-07-20 21:43:33.276,,,,,,,,,-40.0,0.0,1.0,0.0,0.0,0.0,361.0
2026-07-20 21:43:33.476,,,,,,,,,-40.0,0.0,1.0,0.0,0.0,0.0,361.0
2026-07-20 21:43:33.676,,,,,,,,,-40.0,0.0,1.0,0.0,0.0,0.0,361.0
2026-07-20 21:43:33.876,,,,,,,,,-40.0,0.0,1.0,0.0,0.0,0.0,361.0
2026-07-20 21:43:34.076,,,,,,,,,-40.0,0.0,1.0,0.0,0.0,0.0,362.0
2026-07-20 21:43:34.276,,,,,,,,,-40.0,0.0,1.0,0.0,0.0,0.0,362.0
2026-07-20 21:43:34.475,,,,,,,,,-40.0,0.0,1.0,0.0,0.0,0.0,362.0
2026-07-20 21:43:34.676,,,,,,,,,-40.0,0.0,1.0,0.0,0.0,0.0,362.0
2026-07-20 21:43:34.876,,,,,,,,,-40.0,0.0,1.0,0.0,0.0,0.0,362.0
2026-07-20 21:43:35.076,,,,,,,,,-40.0,0.0,1.0,0.0,0.0,0.0,363.0
2026-07-20 21:43:35.276,,,,,,,,,-40.0,0.0,1.0,0.0,0.0,0.0,363.0
2026-07-20 21:43:35.476,,,,,,,,,-40.0,0.0,1.0,0.0,0.0,0.0,363.0
2026-07-20 21:43:35.676,,,,,,,,,-40.0,0.0,1.0,0.0,0.0,0.0,363.0
2026-07-20 21:43:35.875,,,,,,,,,-40.0,0.0,1.0,0.0,0.0,0.0,363.0
2026-07-20 21:43:36.076,,,,,,,,,-40.0,0.0,1.0,0.0,0.0,0.0,364.0
2026-07-20 21:43:36.276,,,,,,,,,-40.0,0.0,1.0,0.0,0.0,0.0,364.0
2026-07-20 21:43:36.476,,,,,,,,,-40.0,0.0,1.0,0.0,0.0,0.0,364.0
2026-07-20 21:43:36.676,,,,,,,,,-40.0,0.0,1.0,0.0,0.0,0.0,364.0
2026-07-20 21:43:36.889,,,,,,,,,-40.0,0.0,1.0,0.0,0.0,0.0,364.0
2026-07-20 21:43:37.076,,,,,,,,,-40.0,0.0,1.0,0.0,0.0,0.0,365.0
2026-07-20 21:43:37.275,,,,,,,,,-40.0,0.0,1.0,0.0,0.0,0.0,365.0
2026-07-20 21:43:37.475,,,,,,,,,-40.0,0.0,1.0,0.0,0.0,0.0,365.0
2026-07-20 21:43:37.676,,,,,,,,,-40.0,0.0,1.0,0.0,0.0,0.0,365.0
2026-07-20 21:43:37.876,,,,,,,,,-40.0,0.0,1.0,0.0,0.0,0.0,365.0
2026-07-20 21:43:38.076,,,,,,,,,-40.0,0.0,1.0,0.0,0.0,0.0,366.0
2026-07-20 21:43:38.276,,,,,,,,,-40.0,0.0,1.0,0.0,0.0,0.0,366.0
2026-07-20 21:43:38.476,,,,,,,,,-40.0,0.0,1.0,0.0,0.0,0.0,366.0
2026-07-20 21:43:38.676,,,,,,,,,-40.0,0.0,1.0,0.0,0.0,0.0,366.0
2026-07-20 21:43:38.876,,,,,,,,,-40.0,0.0,1.0,0.0,0.0,0.0,366.0
2026-07-20 21:43:39.076,,,,,,,,,-40.0,0.0,1.0,0.0,0.0,0.0,367.0
2026-07-20 21:43:39.276,,,,,,,,,-40.0,0.0,1.0,0.0,0.0,0.0,367.0
2026-07-20 21:43:39.503,,,,,,,,,-40.0,0.0,1.0,0.0,0.0,0.0,367.0
2026-07-20 21:43:39.676,,,,,,,,,-40.0,0.0,1.0,0.0,0.0,0.0,367.0
2026-07-20 21:43:39.875,,,,,,,,,-40.0,0.0,1.0,0.0,0.0,0.0,367.0
2026-07-20 21:43:40.076,,,,,,,,,-40.0,0.0,1.0,0.0,0.0,0.0,368.0
2026-07-20 21:43:40.276,,,,,,,,,-40.0,0.0,1.0,0.0,0.0,0.0,368.0
2026-07-20 21:43:40.476,,,,,,,,,-40.0,0.0,1.0,0.0,0.0,0.0,368.0
2026-07-20 21:43:40.676,,,,,,,,,-40.0,0.0,1.0,0.0,0.0,0.0,368.0
2026-07-20 21:43:40.876,,,,,,,,,-40.0,0.0,1.0,0.0,0.0,0.0,368.0
2026-07-20 21:43:41.084,,,,,,,,,-40.0,0.0,1.0,0.0,0.0,0.0,369.0
2026-07-20 21:43:41.275,,,,,,,,,-40.0,0.0,1.0,0.0,0.0,0.0,369.0
2026-07-20 21:43:41.477,,,,,,,,,-40.0,0.0,1.0,0.0,0.0,0.0,369.0
2026-07-20 21:43:41.676,,,,,,,,,-40.0,0.0,1.0,0.0,0.0,0.0,369.0
2026-07-20 21:43:41.876,,,,,,,,,-40.0,0.0,1.0,0.0,0.0,0.0,369.0
2026-07-20 21:43:42.077,,,,,,,,,-40.0,0.0,1.0,0.0,0.0,0.0,370.0
2026-07-20 21:43:42.275,,,,,,,,,-40.0,0.0,0.0,0.0,0.0,0.0,370.0
2026-07-20 21:43:42.476,,,,,,,,,-40.0,0.0,0.0,0.0,0.0,0.0,370.0
2026-07-20 21:43:42.676,,,,,,,,,-40.0,0.0,0.0,0.0,0.0,0.0,370.0
2026-07-20 21:43:42.875,,,,,,,,,-40.0,0.0,0.0,0.0,0.0,0.0,370.0
2026-07-20 21:43:43.076,,,,,,,,,-40.0,0.0,0.0,0.0,0.0,0.0,371.0
2026-07-20 21:43:43.276,,,,,,,,,-40.0,0.0,0.0,0.0,0.0,0.0,371.0
2026-07-20 21:43:43.475,,,,,,,,,-40.0,0.0,0.0,0.0,0.0,0.0,371.0
2026-07-20 21:43:43.676,,,,,,,,,-40.0,0.0,0.0,0.0,0.0,0.0,371.0
2026-07-20 21:43:43.883,,,,,,,,,-40.0,0.0,1.0,0.0,0.0,0.0,371.0
2026-07-20 21:43:44.077,,,,,,,,,-40.0,0.0,1.0,0.0,0.0,0.0,372.0
2026-07-20 21:43:44.275,,,,,,,,,-40.0,0.0,1.0,0.0,0.0,0.0,372.0
2026-07-20 21:43:44.490,,,,,,,,,-40.0,0.0,1.0,0.0,0.0,0.0,372.0
2026-07-20 21:43:44.676,,,,,,,,,-40.0,0.0,1.0,0.0,0.0,0.0,372.0
2026-07-20 21:43:44.875,,,,,,,,,-40.0,0.0,1.0,0.0,0.0,0.0,372.0
2026-07-20 21:43:45.077,,,,,,,,,-40.0,0.0,1.0,0.0,0.0,0.0,373.0
2026-07-20 21:43:45.276,,,,,,,,,-40.0,0.0,1.0,0.0,0.0,0.0,373.0
2026-07-20 21:43:45.476,,,,,,,,,-40.0,0.0,1.0,0.0,0.0,0.0,373.0
2026-07-20 21:43:45.675,,,,,,,,,-40.0,0.0,1.0,0.0,0.0,0.0,373.0
2026-07-20 21:43:45.876,,,,,,,,,-40.0,0.0,1.0,0.0,0.0,0.0,373.0
2026-07-20 21:43:46.091,,,,,,,,,-40.0,0.0,1.0,0.0,0.0,0.0,374.0
2026-07-20 21:43:46.276,,,,,,,,,-40.0,0.0,1.0,0.0,0.0,0.0,374.0
2026-07-20 21:43:46.476,,,,,,,,,-40.0,0.0,1.0,0.0,0.0,0.0,374.0
2026-07-20 21:43:46.695,,,,,,,,,-40.0,0.0,1.0,0.0,0.0,0.0,374.0
2026-07-20 21:43:46.875,,,,,,,,,-40.0,0.0,1.0,0.0,0.0,0.0,374.0
2026-07-20 21:43:47.077,,,,,,,,,-40.0,0.0,1.0,0.0,0.0,0.0,375.0
2026-07-20 21:43:47.293,,,,,,,,,-40.0,0.0,1.0,0.0,0.0,0.0,375.0
2026-07-20 21:43:47.476,,,,,,,,,-40.0,0.0,0.0,0.0,0.0,0.0,375.0
2026-07-20 21:43:47.703,,,,,,,,,-40.0,0.0,0.0,0.0,0.0,0.0,375.0
2026-07-20 21:43:47.875,,,,,,,,,-40.0,0.0,0.0,0.0,0.0,0.0,375.0
2026-07-20 21:43:48.076,,,,,,,,,-40.0,0.0,0.0,0.0,0.0,0.0,376.0
2026-07-20 21:43:48.276,,,,,,,,,-40.0,0.0,0.0,0.0,0.0,0.0,376.0
2026-07-20 21:43:48.476,,,,,,,,,-40.0,0.0,0.0,0.0,0.0,0.0,376.0
2026-07-20 21:43:48.675,,,,,,,,,-40.0,0.0,0.0,0.0,0.0,0.0,376.0
2026-07-20 21:43:48.876,,,,,,,,,-40.0,0.0,0.0,0.0,0.0,0.0,376.0
2026-07-20 21:43:49.077,,,,,,,,,-40.0,0.0,0.0,0.0,0.0,0.0,377.0
2026-07-20 21:43:49.277,,,,,,,,,-40.0,0.0,0.0,0.0,0.0,0.0,377.0
2026-07-20 21:43:49.475,,,,,,,,,-40.0,0.0,0.0,0.0,0.0,0.0,377.0
2026-07-20 21:43:49.676,,,,,,,,,-40.0,0.0,0.0,0.0,0.0,0.0,377.0
2026-07-20 21:43:49.876,,,,,,,,,-40.0,0.0,0.0,0.0,0.0,0.0,377.0
2026-07-20 21:43:50.076,,,,,,,,,-40.0,0.0,0.0,0.0,0.0,0.0,378.0
2026-07-20 21:43:50.276,,,,,,,,,-40.0,0.0,0.0,0.0,0.0,0.0,378.0
2026-07-20 21:43:50.475,,,,,,,,,-40.0,0.0,0.0,0.0,0.0,0.0,378.0
2026-07-20 21:43:50.676,,,,,,,,,-40.0,0.0,0.0,0.0,0.0,0.0,378.0
2026-07-20 21:43:50.876,,,,,,,,,-40.0,0.0,0.0,0.0,0.0,0.0,378.0
2026-07-20 21:43:51.076,,,,,,,,,-40.0,0.0,0.0,0.0,0.0,0.0,379.0
2026-07-20 21:43:51.275,,,,,,,,,-40.0,0.0,0.0,0.0,0.0,0.0,379.0
2026-07-20 21:43:51.475,,,,,,,,,-40.0,0.0,0.0,0.0,0.0,0.0,379.0
2026-07-20 21:43:51.676,,,,,,,,,-40.0,0.0,0.0,0.0,0.0,0.0,379.0
2026-07-20 21:43:51.876,,,,,,,,,-40.0,0.0,0.0,0.0,0.0,0.0,379.0
2026-07-20 21:43:52.076,,,,,,,,,-40.0,0.0,0.0,0.0,0.0,0.0,380.0
2026-07-20 21:43:52.276,,,,,,,,,-40.0,0.0,0.0,0.0,0.0,0.0,380.0
2026-07-20 21:43:52.475,,,,,,,,,-40.0,0.0,0.0,0.0,0.0,0.0,380.0
2026-07-20 21:43:52.676,,,,,,,,,-40.0,0.0,0.0,0.0,0.0,0.0,380.0
2026-07-20 21:43:52.875,,,,,,,,,-40.0,0.0,0.0,0.0,0.0,0.0,380.0
2026-07-20 21:43:53.076,,,,,,,,,-40.0,0.0,0.0,0.0,0.0,0.0,381.0
2026-07-20 21:43:53.277,,,,,,,,,-40.0,0.0,0.0,0.0,0.0,0.0,381.0
2026-07-20 21:43:53.475,,,,,,,,,-40.0,0.0,0.0,0.0,0.0,0.0,381.0
2026-07-20 21:43:53.675,,,,,,,,,-40.0,0.0,0.0,0.0,0.0,0.0,381.0
2026-07-20 21:43:53.875,,,,,,,,,-40.0,0.0,0.0,0.0,0.0,0.0,381.0
2026-07-20 21:43:54.077,,,,,,,,,-40.0,0.0,0.0,0.0,0.0,0.0,382.0
2026-07-20 21:43:54.276,,,,,,,,,-40.0,0.0,0.0,0.0,0.0,0.0,382.0
2026-07-20 21:43:54.476,,,,,,,,,-40.0,0.0,0.0,0.0,0.0,0.0,382.0
2026-07-20 21:43:54.676,,,,,,,,,-40.0,0.0,0.0,0.0,0.0,0.0,382.0
2026-07-20 21:43:54.876,,,,,,,,,-40.0,0.0,0.0,0.0,0.0,0.0,382.0
2026-07-20 21:43:55.097,,,,,,,,,-40.0,0.0,0.0,0.0,0.0,0.0,383.0
2026-07-20 21:43:55.275,,,,,,,,,-40.0,0.0,0.0,0.0,0.0,0.0,383.0
2026-07-20 21:43:55.475,,,,,,,,,-40.0,0.0,0.0,0.0,0.0,0.0,383.0
2026-07-20 21:43:55.675,,,,,,,,,-40.0,0.0,0.0,0.0,0.0,0.0,383.0
2026-07-20 21:43:55.875,,,,,,,,,-40.0,0.0,0.0,0.0,0.0,0.0,383.0
2026-07-20 21:43:56.076,,,,,,,,,-40.0,0.0,0.0,0.0,0.0,0.0,384.0
2026-07-20 21:43:56.275,,,,,,,,,-40.0,0.0,0.0,0.0,0.0,0.0,384.0
2026-07-20 21:43:56.475,,,,,,,,,-40.0,0.0,0.0,0.0,0.0,0.0,384.0
2026-07-20 21:43:56.676,,,,,,,,,-40.0,0.0,0.0,0.0,0.0,0.0,384.0
2026-07-20 21:43:56.875,,,,,,,,,-40.0,0.0,0.0,0.0,0.0,0.0,384.0
2026-07-20 21:43:57.076,,,,,,,,,-40.0,0.0,0.0,0.0,0.0,0.0,385.0
2026-07-20 21:43:57.276,,,,,,,,,-40.0,0.0,0.0,0.0,0.0,0.0,385.0
2026-07-20 21:43:57.475,,,,,,,,,-40.0,0.0,0.0,0.0,0.0,0.0,385.0
2026-07-20 21:43:57.675,,,,,,,,,-40.0,0.0,0.0,0.0,0.0,0.0,385.0
2026-07-20 21:43:57.875,,,,,,,,,-40.0,0.0,0.0,0.0,0.0,0.0,385.0
2026-07-20 21:43:58.076,,,,,,,,,-40.0,0.0,0.0,0.0,0.0,0.0,386.0
2026-07-20 21:43:58.276,,,,,,,,,-40.0,0.0,0.0,0.0,0.0,0.0,386.0
2026-07-20 21:43:58.476,,,,,,,,,-40.0,0.0,0.0,0.0,0.0,0.0,386.0
2026-07-20 21:43:58.675,,,,,,,,,-40.0,0.0,0.0,0.0,0.0,0.0,386.0
2026-07-20 21:43:58.875,,,,,,,,,-40.0,0.0,0.0,0.0,0.0,0.0,386.0
2026-07-20 21:43:59.076,,,,,,,,,-40.0,0.0,0.0,0.0,0.0,0.0,387.0
2026-07-20 21:43:59.275,,,,,,,,,-40.0,0.0,0.0,0.0,0.0,0.0,387.0
2026-07-20 21:43:59.476,,,,,,,,,-40.0,0.0,0.0,0.0,0.0,0.0,387.0
2026-07-20 21:43:59.675,,,,,,,,,-40.0,0.0,0.0,0.0,0.0,0.0,387.0
2026-07-20 21:43:59.875,,,,,,,,,-40.0,0.0,0.0,0.0,0.0,0.0,387.0
2026-07-20 21:44:00.076,,,,,,,,,-40.0,0.0,0.0,0.0,0.0,0.0,388.0
2026-07-20 21:44:00.275,,,,,,,,,-40.0,0.0,0.0,0.0,0.0,0.0,388.0
2026-07-20 21:44:00.475,,,,,,,,,-40.0,0.0,0.0,0.0,0.0,0.0,388.0
2026-07-20 21:44:00.675,,,,,,,,,-40.0,0.0,0.0,0.0,0.0,0.0,388.0
2026-07-20 21:44:00.875,,,,,,,,,-40.0,0.0,0.0,0.0,0.0,0.0,388.0
2026-07-20 21:44:01.077,,,,,,,,,-40.0,0.0,0.0,0.0,0.0,0.0,389.0
2026-07-20 21:44:01.275,,,,,,,,,-40.0,0.0,0.0,0.0,0.0,0.0,389.0
2026-07-20 21:44:01.475,,,,,,,,,-40.0,0.0,0.0,0.0,0.0,0.0,389.0
2026-07-20 21:44:01.675,,,,,,,,,-40.0,0.0,0.0,0.0,0.0,0.0,389.0
2026-07-20 21:44:01.875,,,,,,,,,-40.0,0.0,0.0,0.0,0.0,0.0,389.0
2026-07-20 21:44:02.076,,,,,,,,,-40.0,0.0,0.0,0.0,0.0,0.0,390.0
2026-07-20 21:44:02.275,,,,,,,,,-40.0,0.0,0.0,0.0,0.0,0.0,390.0
2026-07-20 21:44:02.475,,,,,,,,,-40.0,0.0,0.0,0.0,0.0,0.0,390.0
2026-07-20 21:44:02.675,,,,,,,,,-40.0,0.0,0.0,0.0,0.0,0.0,390.0
2026-07-20 21:44:02.876,,,,,,,,,-40.0,0.0,0.0,0.0,0.0,0.0,390.0
2026-07-20 21:44:03.075,,,,,,,,,-40.0,0.0,0.0,0.0,0.0,0.0,391.0
2026-07-20 21:44:03.275,,,,,,,,,-40.0,0.0,0.0,0.0,0.0,0.0,391.0
2026-07-20 21:44:03.475,,,,,,,,,-40.0,0.0,0.0,0.0,0.0,0.0,391.0
2026-07-20 21:44:03.675,,,,,,,,,-40.0,0.0,0.0,0.0,0.0,0.0,391.0
2026-07-20 21:44:03.875,,,,,,,,,-40.0,0.0,0.0,0.0,0.0,0.0,391.0
2026-07-20 21:44:04.076,,,,,,,,,-40.0,0.0,0.0,0.0,0.0,0.0,392.0
2026-07-20 21:44:04.275,,,,,,,,,-40.0,0.0,0.0,0.0,0.0,0.0,392.0
2026-07-20 21:44:04.476,,,,,,,,,-40.0,0.0,0.0,0.0,0.0,0.0,392.0
2026-07-20 21:44:04.676,,,,,,,,,-40.0,0.0,0.0,0.0,0.0,0.0,392.0
2026-07-20 21:44:04.875,,,,,,,,,-40.0,0.0,0.0,0.0,0.0,0.0,392.0
2026-07-20 21:44:05.076,,,,,,,,,-40.0,0.0,0.0,0.0,0.0,0.0,393.0
2026-07-20 21:44:05.275,,,,,,,,,-40.0,0.0,0.0,0.0,0.0,0.0,393.0
2026-07-20 21:44:05.475,,,,,,,,,-40.0,0.0,0.0,0.0,0.0,0.0,393.0
2026-07-20 21:44:05.675,,,,,,,,,-40.0,0.0,0.0,0.0,0.0,0.0,393.0
2026-07-20 21:44:05.875,,,,,,,,,-40.0,0.0,0.0,0.0,0.0,0.0,393.0
2026-07-20 21:44:06.076,,,,,,,,,-40.0,0.0,0.0,0.0,0.0,0.0,394.0
2026-07-20 21:44:06.276,,,,,,,,,-40.0,0.0,0.0,0.0,0.0,0.0,394.0
2026-07-20 21:44:06.475,,,,,,,,,-40.0,0.0,0.0,0.0,0.0,0.0,394.0
2026-07-20 21:44:06.675,,,,,,,,,-40.0,0.0,0.0,0.0,0.0,0.0,394.0
2026-07-20 21:44:06.875,,,,,,,,,-40.0,0.0,0.0,0.0,0.0,0.0,394.0
2026-07-20 21:44:07.076,,,,,,,,,-40.0,0.0,0.0,0.0,0.0,0.0,395.0
2026-07-20 21:44:07.275,,,,,,,,,-40.0,0.0,0.0,0.0,0.0,0.0,395.0
2026-07-20 21:44:07.474,,,,,,,,,-40.0,0.0,0.0,0.0,0.0,0.0,395.0
2026-07-20 21:44:07.675,,,,,,,,,-40.0,0.0,0.0,0.0,0.0,0.0,395.0
2026-07-20 21:44:07.875,,,,,,,,,-40.0,0.0,0.0,0.0,0.0,0.0,395.0
2026-07-20 21:44:08.076,,,,,,,,,-40.0,0.0,0.0,0.0,0.0,0.0,396.0
2026-07-20 21:44:08.275,,,,,,,,,-40.0,0.0,0.0,0.0,0.0,0.0,396.0
2026-07-20 21:44:08.475,,,,,,,,,-40.0,0.0,0.0,0.0,0.0,0.0,396.0
2026-07-20 21:44:08.675,,,,,,,,,-40.0,0.0,0.0,0.0,0.0,0.0,396.0
2026-07-20 21:44:08.875,,,,,,,,,-40.0,0.0,0.0,0.0,0.0,0.0,396.0
2026-07-20 21:44:09.076,,,,,,,,,-40.0,0.0,0.0,0.0,0.0,0.0,397.0
2026-07-20 21:44:09.275,,,,,,,,,-40.0,0.0,0.0,0.0,0.0,0.0,397.0
2026-07-20 21:44:09.475,,,,,,,,,-40.0,0.0,0.0,0.0,0.0,0.0,397.0
2026-07-20 21:44:09.675,,,,,,,,,-40.0,0.0,0.0,0.0,0.0,0.0,397.0
2026-07-20 21:44:09.875,,,,,,,,,-40.0,0.0,0.0,0.0,0.0,0.0,397.0
2026-07-20 21:44:10.075,,,,,,,,,-40.0,0.0,0.0,0.0,0.0,0.0,398.0
2026-07-20 21:44:10.275,,,,,,,,,-40.0,0.0,0.0,0.0,0.0,0.0,398.0
2026-07-20 21:44:10.475,,,,,,,,,-40.0,0.0,0.0,0.0,0.0,0.0,398.0
2026-07-20 21:44:10.675,,,,,,,,,-40.0,0.0,0.0,0.0,0.0,0.0,398.0
2026-07-20 21:44:10.875,,,,,,,,,-40.0,0.0,0.0,0.0,0.0,0.0,398.0
2026-07-20 21:44:11.076,,,,,,,,,-40.0,0.0,0.0,0.0,0.0,0.0,399.0
2026-07-20 21:44:11.275,,,,,,,,,-40.0,0.0,0.0,0.0,0.0,0.0,399.0
2026-07-20 21:44:11.475,,,,,,,,,-40.0,0.0,0.0,0.0,0.0,0.0,399.0
2026-07-20 21:44:11.676,,,,,,,,,-40.0,0.0,0.0,0.0,0.0,0.0,399.0
2026-07-20 21:44:11.875,,,,,,,,,-40.0,0.0,0.0,0.0,0.0,0.0,399.0
2026-07-20 21:44:12.075,,,,,,,,,-40.0,0.0,0.0,0.0,0.0,0.0,400.0
2026-07-20 21:44:12.275,,,,,,,,,-40.0,0.0,0.0,0.0,0.0,0.0,400.0
2026-07-20 21:44:12.475,,,,,,,,,-40.0,0.0,0.0,0.0,0.0,0.0,400.0
2026-07-20 21:44:12.677,,,,,,,,,-40.0,0.0,0.0,0.0,0.0,0.0,400.0
2026-07-20 21:44:12.875,,,,,,,,,-40.0,0.0,0.0,0.0,0.0,0.0,400.0
2026-07-20 21:44:13.076,,,,,,,,,-40.0,0.0,0.0,0.0,0.0,0.0,401.0
2026-07-20 21:44:13.285,,,,,,,,,-40.0,0.0,0.0,0.0,0.0,0.0,401.0
2026-07-20 21:44:13.475,,,,,,,,,-40.0,0.0,0.0,0.0,0.0,0.0,401.0
2026-07-20 21:44:13.675,,,,,,,,,-40.0,0.0,0.0,0.0,0.0,0.0,401.0
2026-07-20 21:44:13.875,,,,,,,,,-40.0,0.0,0.0,0.0,0.0,0.0,401.0
2026-07-20 21:44:14.076,,,,,,,,,-40.0,0.0,0.0,0.0,0.0,0.0,402.0
2026-07-20 21:44:14.275,,,,,,,,,-40.0,0.0,0.0,0.0,0.0,0.0,402.0
2026-07-20 21:44:14.475,,,,,,,,,-40.0,0.0,0.0,0.0,0.0,0.0,402.0
2026-07-20 21:44:14.675,,,,,,,,,-40.0,0.0,0.0,0.0,0.0,0.0,402.0
2026-07-20 21:44:14.875,,,,,,,,,-40.0,0.0,0.0,0.0,0.0,0.0,402.0
2026-07-20 21:44:15.076,,,,,,,,,-40.0,0.0,0.0,0.0,0.0,0.0,403.0
2026-07-20 21:44:15.275,,,,,,,,,-40.0,0.0,0.0,0.0,0.0,0.0,403.0
2026-07-20 21:44:15.475,,,,,,,,,-40.0,0.0,0.0,0.0,0.0,0.0,403.0
2026-07-20 21:44:15.675,,,,,,,,,-40.0,0.0,0.0,0.0,0.0,0.0,403.0
2026-07-20 21:44:15.875,,,,,,,,,-40.0,0.0,0.0,0.0,0.0,0.0,403.0
2026-07-20 21:44:16.076,,,,,,,,,-40.0,0.0,0.0,0.0,0.0,0.0,404.0
2026-07-20 21:44:16.275,,,,,,,,,-40.0,0.0,0.0,0.0,0.0,0.0,404.0
2026-07-20 21:44:16.475,,,,,,,,,-40.0,0.0,0.0,0.0,0.0,0.0,404.0
2026-07-20 21:44:16.675,,,,,,,,,-40.0,0.0,0.0,0.0,0.0,0.0,404.0
2026-07-20 21:44:16.874,,,,,,,,,-40.0,0.0,0.0,0.0,0.0,0.0,404.0
2026-07-20 21:44:17.076,,,,,,,,,-40.0,0.0,0.0,0.0,0.0,0.0,405.0
2026-07-20 21:44:17.275,,,,,,,,,-40.0,0.0,0.0,0.0,0.0,0.0,405.0
2026-07-20 21:44:17.475,,,,,,,,,-40.0,0.0,0.0,0.0,0.0,0.0,405.0
2026-07-20 21:44:17.675,,,,,,,,,-40.0,0.0,0.0,0.0,0.0,0.0,405.0
2026-07-20 21:44:17.874,,,,,,,,,-40.0,0.0,0.0,0.0,0.0,0.0,405.0
2026-07-20 21:44:18.075,,,,,,,,,-40.0,0.0,0.0,0.0,0.0,0.0,406.0
2026-07-20 21:44:18.275,,,,,,,,,-40.0,0.0,0.0,0.0,0.0,0.0,406.0
2026-07-20 21:44:18.475,,,,,,,,,-40.0,0.0,0.0,0.0,0.0,0.0,406.0
2026-07-20 21:44:18.675,,,,,,,,,-40.0,0.0,0.0,0.0,0.0,0.0,406.0
2026-07-20 21:44:18.876,,,,,,,,,-40.0,0.0,0.0,0.0,0.0,0.0,406.0
2026-07-20 21:44:19.076,,,,,,,,,-40.0,0.0,0.0,0.0,0.0,0.0,407.0
2026-07-20 21:44:19.275,,,,,,,,,-40.0,0.0,0.0,0.0,0.0,0.0,407.0
2026-07-20 21:44:19.475,,,,,,,,,-40.0,0.0,0.0,0.0,0.0,0.0,407.0
2026-07-20 21:44:19.675,,,,,,,,,-40.0,0.0,0.0,0.0,0.0,0.0,407.0
2026-07-20 21:44:19.874,,,,,,,,,-40.0,0.0,0.0,0.0,0.0,0.0,407.0
2026-07-20 21:44:20.076,,,,,,,,,-40.0,0.0,0.0,0.0,0.0,0.0,408.0
2026-07-20 21:44:20.275,,,,,,,,,-40.0,0.0,0.0,0.0,0.0,0.0,408.0
2026-07-20 21:44:20.475,,,,,,,,,-40.0,0.0,0.0,0.0,0.0,0.0,408.0
2026-07-20 21:44:20.675,,,,,,,,,-40.0,0.0,0.0,0.0,0.0,0.0,408.0
2026-07-20 21:44:20.874,,,,,,,,,-40.0,0.0,0.0,0.0,0.0,0.0,408.0
2026-07-20 21:44:21.075,,,,,,,,,-40.0,0.0,0.0,0.0,0.0,0.0,409.0
2026-07-20 21:44:21.275,,,,,,,,,-40.0,0.0,0.0,0.0,0.0,0.0,409.0
2026-07-20 21:44:21.475,,,,,,,,,-40.0,0.0,0.0,0.0,0.0,0.0,409.0
2026-07-20 21:44:21.675,,,,,,,,,-40.0,0.0,0.0,0.0,0.0,0.0,409.0
2026-07-20 21:44:21.875,,,,,,,,,-40.0,0.0,0.0,0.0,0.0,0.0,409.0
2026-07-20 21:44:22.077,,,,,,,,,-40.0,0.0,0.0,0.0,0.0,0.0,410.0
2026-07-20 21:44:22.274,,,,,,,,,-40.0,0.0,0.0,0.0,0.0,0.0,410.0
2026-07-20 21:44:22.475,,,,,,,,,-40.0,0.0,0.0,0.0,0.0,0.0,410.0
2026-07-20 21:44:22.675,,,,,,,,,-40.0,0.0,0.0,0.0,0.0,0.0,410.0
2026-07-20 21:44:22.875,,,,,,,,,-40.0,0.0,0.0,0.0,0.0,0.0,410.0
2026-07-20 21:44:23.076,,,,,,,,,-40.0,0.0,0.0,0.0,0.0,0.0,411.0
2026-07-20 21:44:23.275,,,,,,,,,-40.0,0.0,0.0,0.0,0.0,0.0,411.0
2026-07-20 21:44:23.474,,,,,,,,,-40.0,0.0,0.0,0.0,0.0,0.0,411.0
2026-07-20 21:44:23.674,,,,,,,,,-40.0,0.0,0.0,0.0,0.0,0.0,411.0
2026-07-20 21:44:23.875,,,,,,,,,-40.0,0.0,0.0,0.0,0.0,0.0,411.0
2026-07-20 21:44:24.076,,,,,,,,,-40.0,0.0,0.0,0.0,0.0,0.0,412.0
2026-07-20 21:44:24.275,,,,,,,,,-40.0,0.0,0.0,0.0,0.0,0.0,412.0
2026-07-20 21:44:24.475,,,,,,,,,-40.0,0.0,0.0,0.0,0.0,0.0,412.0
2026-07-20 21:44:24.675,,,,,,,,,-40.0,0.0,0.0,0.0,0.0,0.0,412.0
2026-07-20 21:44:24.875,,,,,,,,,-40.0,0.0,0.0,0.0,0.0,0.0,412.0
2026-07-20 21:44:25.075,,,,,,,,,-40.0,0.0,0.0,0.0,0.0,0.0,413.0
2026-07-20 21:44:25.275,,,,,,,,,-40.0,0.0,0.0,0.0,0.0,0.0,413.0
2026-07-20 21:44:25.475,,,,,,,,,-40.0,0.0,0.0,0.0,0.0,0.0,413.0
2026-07-20 21:44:25.674,,,,,,,,,-40.0,0.0,0.0,0.0,0.0,0.0,413.0
2026-07-20 21:44:25.875,,,,,,,,,-40.0,0.0,0.0,0.0,0.0,0.0,413.0
2026-07-20 21:44:26.076,,,,,,,,,-40.0,0.0,0.0,0.0,0.0,0.0,414.0
2026-07-20 21:44:26.275,,,,,,,,,-40.0,0.0,0.0,0.0,0.0,0.0,414.0
2026-07-20 21:44:26.476,,,,,,,,,-40.0,0.0,0.0,0.0,0.0,0.0,414.0
2026-07-20 21:44:26.675,,,,,,,,,-40.0,0.0,0.0,0.0,0.0,0.0,414.0
2026-07-20 21:44:26.875,,,,,,,,,-40.0,0.0,0.0,0.0,0.0,0.0,414.0
2026-07-20 21:44:27.075,,,,,,,,,-40.0,0.0,0.0,0.0,0.0,0.0,415.0
2026-07-20 21:44:27.275,,,,,,,,,-40.0,0.0,0.0,0.0,0.0,0.0,415.0
2026-07-20 21:44:27.475,,,,,,,,,-40.0,0.0,0.0,0.0,0.0,0.0,415.0
2026-07-20 21:44:27.675,,,,,,,,,-40.0,0.0,0.0,0.0,0.0,0.0,415.0
2026-07-20 21:44:27.875,,,,,,,,,-40.0,0.0,0.0,0.0,0.0,0.0,415.0
2026-07-20 21:44:28.075,,,,,,,,,-40.0,0.0,0.0,0.0,0.0,0.0,416.0
2026-07-20 21:44:28.275,,,,,,,,,-40.0,0.0,0.0,0.0,0.0,0.0,416.0
2026-07-20 21:44:28.475,,,,,,,,,-40.0,0.0,0.0,0.0,0.0,0.0,416.0
2026-07-20 21:44:28.675,,,,,,,,,-40.0,0.0,0.0,0.0,0.0,0.0,416.0
2026-07-20 21:44:28.874,,,,,,,,,-40.0,0.0,0.0,0.0,0.0,0.0,416.0
2026-07-20 21:44:29.075,,,,,,,,,-40.0,0.0,0.0,0.0,0.0,0.0,417.0
2026-07-20 21:44:29.275,,,,,,,,,-40.0,0.0,0.0,0.0,0.0,0.0,417.0
2026-07-20 21:44:29.474,,,,,,,,,-40.0,0.0,0.0,0.0,0.0,0.0,417.0
2026-07-20 21:44:29.674,,,,,,,,,-40.0,0.0,0.0,0.0,0.0,0.0,417.0
2026-07-20 21:44:29.889,,,,,,,,,-40.0,0.0,0.0,0.0,0.0,0.0,417.0
2026-07-20 21:44:30.076,,,,,,,,,-40.0,0.0,0.0,0.0,0.0,0.0,418.0
2026-07-20 21:44:30.275,,,,,,,,,-40.0,0.0,0.0,0.0,0.0,0.0,418.0
2026-07-20 21:44:30.474,,,,,,,,,-40.0,0.0,0.0,0.0,0.0,0.0,418.0
2026-07-20 21:44:30.675,,,,,,,,,-40.0,0.0,0.0,0.0,0.0,0.0,418.0
2026-07-20 21:44:30.874,,,,,,,,,-40.0,0.0,0.0,0.0,0.0,0.0,418.0
2026-07-20 21:44:31.075,,,,,,,,,-40.0,0.0,0.0,0.0,0.0,0.0,419.0
2026-07-20 21:44:31.277,,,,,,,,,-40.0,0.0,0.0,0.0,0.0,0.0,419.0
2026-07-20 21:44:31.474,,,,,,,,,-40.0,0.0,0.0,0.0,0.0,0.0,419.0
2026-07-20 21:44:31.674,,,,,,,,,-40.0,0.0,0.0,0.0,0.0,0.0,419.0
2026-07-20 21:44:31.875,,,,,,,,,-40.0,0.0,0.0,0.0,0.0,0.0,419.0
2026-07-20 21:44:32.075,,,,,,,,,-40.0,0.0,0.0,0.0,0.0,0.0,420.0
2026-07-20 21:44:32.275,,,,,,,,,-40.0,0.0,0.0,0.0,0.0,0.0,420.0
2026-07-20 21:44:32.474,,,,,,,,,-40.0,0.0,0.0,0.0,0.0,0.0,420.0
2026-07-20 21:44:32.675,,,,,,,,,-40.0,0.0,0.0,0.0,0.0,0.0,420.0
2026-07-20 21:44:32.875,,,,,,,,,-40.0,0.0,0.0,0.0,0.0,0.0,420.0
2026-07-20 21:44:33.075,,,,,,,,,-40.0,0.0,0.0,0.0,0.0,0.0,421.0
2026-07-20 21:44:33.274,,,,,,,,,-40.0,0.0,0.0,0.0,0.0,0.0,421.0
2026-07-20 21:44:33.475,,,,,,,,,-40.0,0.0,0.0,0.0,0.0,0.0,421.0
2026-07-20 21:44:33.675,,,,,,,,,-40.0,0.0,0.0,0.0,0.0,0.0,421.0
2026-07-20 21:44:33.874,,,,,,,,,-40.0,0.0,0.0,0.0,0.0,0.0,421.0
2026-07-20 21:44:34.076,,,,,,,,,-40.0,0.0,0.0,0.0,0.0,0.0,422.0
2026-07-20 21:44:34.275,,,,,,,,,-40.0,0.0,0.0,0.0,0.0,0.0,422.0
2026-07-20 21:44:34.475,,,,,,,,,-40.0,0.0,0.0,0.0,0.0,0.0,422.0
2026-07-20 21:44:34.675,,,,,,,,,-40.0,0.0,0.0,0.0,0.0,0.0,422.0
2026-07-20 21:44:34.874,,,,,,,,,-40.0,0.0,0.0,0.0,0.0,0.0,422.0
2026-07-20 21:44:35.076,,,,,,,,,-40.0,0.0,0.0,0.0,0.0,0.0,423.0
2026-07-20 21:44:35.274,,,,,,,,,-40.0,0.0,0.0,0.0,0.0,0.0,423.0
2026-07-20 21:44:35.474,,,,,,,,,-40.0,0.0,0.0,0.0,0.0,0.0,423.0
2026-07-20 21:44:35.675,,,,,,,,,-40.0,0.0,0.0,0.0,0.0,0.0,423.0
2026-07-20 21:44:35.875,,,,,,,,,-40.0,0.0,0.0,0.0,0.0,0.0,423.0
2026-07-20 21:44:36.090,,,,,,,,,-40.0,0.0,0.0,0.0,0.0,0.0,424.0
2026-07-20 21:44:36.275,,,,,,,,,-40.0,0.0,0.0,0.0,0.0,0.0,424.0
2026-07-20 21:44:36.475,,,,,,,,,-40.0,0.0,0.0,0.0,0.0,0.0,424.0
2026-07-20 21:44:36.676,,,,,,,,,-40.0,0.0,0.0,0.0,0.0,0.0,424.0
2026-07-20 21:44:36.875,,,,,,,,,-40.0,0.0,0.0,0.0,0.0,0.0,424.0
2026-07-20 21:44:37.075,,,,,,,,,-40.0,0.0,0.0,0.0,0.0,0.0,425.0
2026-07-20 21:44:37.274,,,,,,,,,-40.0,0.0,0.0,0.0,0.0,0.0,425.0
2026-07-20 21:44:37.475,,,,,,,,,-40.0,0.0,0.0,0.0,0.0,0.0,425.0
2026-07-20 21:44:37.675,,,,,,,,,-40.0,0.0,0.0,0.0,0.0,0.0,425.0
2026-07-20 21:44:37.874,,,,,,,,,-40.0,0.0,0.0,0.0,0.0,0.0,425.0
2026-07-20 21:44:38.074,,,,,,,,,-40.0,0.0,0.0,0.0,0.0,0.0,426.0
2026-07-20 21:44:38.275,,,,,,,,,-40.0,0.0,0.0,0.0,0.0,0.0,426.0
2026-07-20 21:44:38.474,,,,,,,,,-40.0,0.0,0.0,0.0,0.0,0.0,426.0
2026-07-20 21:44:38.674,,,,,,,,,-40.0,0.0,0.0,0.0,0.0,0.0,426.0
2026-07-20 21:44:38.875,,,,,,,,,-40.0,0.0,0.0,0.0,0.0,0.0,426.0
2026-07-20 21:44:39.076,,,,,,,,,-40.0,0.0,0.0,0.0,0.0,0.0,427.0
2026-07-20 21:44:39.274,,,,,,,,,-40.0,0.0,0.0,0.0,0.0,0.0,427.0
2026-07-20 21:44:39.474,,,,,,,,,-40.0,0.0,0.0,0.0,0.0,0.0,427.0
2026-07-20 21:44:39.675,,,,,,,,,-40.0,0.0,0.0,0.0,0.0,0.0,427.0
2026-07-20 21:44:39.875,,,,,,,,,-40.0,0.0,0.0,0.0,0.0,0.0,427.0
2026-07-20 21:44:40.075,,,,,,,,,-40.0,0.0,0.0,0.0,0.0,0.0,428.0
2026-07-20 21:44:40.274,,,,,,,,,-40.0,0.0,0.0,0.0,0.0,0.0,428.0
2026-07-20 21:44:40.474,,,,,,,,,-40.0,0.0,0.0,0.0,0.0,0.0,428.0
2026-07-20 21:44:40.684,,,,,,,,,-40.0,0.0,0.0,0.0,0.0,0.0,428.0
2026-07-20 21:44:40.874,,,,,,,,,-40.0,0.0,0.0,0.0,0.0,0.0,428.0
2026-07-20 21:44:41.075,,,,,,,,,-40.0,0.0,0.0,0.0,0.0,0.0,429.0
2026-07-20 21:44:41.274,,,,,,,,,-40.0,0.0,0.0,0.0,0.0,0.0,429.0
2026-07-20 21:44:41.474,,,,,,,,,-40.0,0.0,0.0,0.0,0.0,0.0,429.0
2026-07-20 21:44:41.674,,,,,,,,,-40.0,0.0,0.0,0.0,0.0,0.0,429.0
2026-07-20 21:44:41.874,,,,,,,,,-40.0,0.0,0.0,0.0,0.0,0.0,429.0
2026-07-20 21:44:42.075,,,,,,,,,-40.0,0.0,0.0,0.0,0.0,0.0,430.0
2026-07-20 21:44:42.283,,,,,,,,,-40.0,0.0,0.0,0.0,0.0,0.0,430.0
2026-07-20 21:44:42.474,,,,,,,,,-40.0,0.0,0.0,0.0,0.0,0.0,430.0
2026-07-20 21:44:42.674,,,,,,,,,-40.0,0.0,0.0,0.0,0.0,0.0,430.0
2026-07-20 21:44:42.874,,,,,,,,,-40.0,0.0,0.0,0.0,0.0,0.0,430.0
2026-07-20 21:44:43.075,,,,,,,,,-40.0,0.0,0.0,0.0,0.0,0.0,431.0
2026-07-20 21:44:43.274,,,,,,,,,-40.0,0.0,0.0,0.0,0.0,0.0,431.0
2026-07-20 21:44:43.474,,,,,,,,,-40.0,0.0,0.0,0.0,0.0,0.0,431.0
2026-07-20 21:44:43.674,,,,,,,,,-40.0,0.0,0.0,0.0,0.0,0.0,431.0
2026-07-20 21:44:43.875,,,,,,,,,-40.0,0.0,0.0,0.0,0.0,0.0,431.0
2026-07-20 21:44:44.075,,,,,,,,,-40.0,0.0,0.0,0.0,0.0,0.0,432.0
2026-07-20 21:44:44.274,,,,,,,,,-40.0,0.0,0.0,0.0,0.0,0.0,432.0
2026-07-20 21:44:44.474,,,,,,,,,-40.0,0.0,0.0,0.0,0.0,0.0,432.0
2026-07-20 21:44:44.675,,,,,,,,,-40.0,0.0,0.0,0.0,0.0,0.0,432.0
2026-07-20 21:44:44.874,,,,,,,,,-40.0,0.0,0.0,0.0,0.0,0.0,432.0
2026-07-20 21:44:45.075,,,,,,,,,-40.0,0.0,0.0,0.0,0.0,0.0,433.0
2026-07-20 21:44:45.275,,,,,,,,,-40.0,0.0,0.0,0.0,0.0,0.0,433.0
2026-07-20 21:44:45.474,,,,,,,,,-40.0,0.0,0.0,0.0,0.0,0.0,433.0
2026-07-20 21:44:45.674,,,,,,,,,-40.0,0.0,0.0,0.0,0.0,0.0,433.0
2026-07-20 21:44:45.874,,,,,,,,,-40.0,0.0,0.0,0.0,0.0,0.0,433.0
2026-07-20 21:44:46.075,,,,,,,,,-40.0,0.0,0.0,0.0,0.0,0.0,434.0
2026-07-20 21:44:46.274,,,,,,,,,-40.0,0.0,0.0,0.0,0.0,0.0,434.0
2026-07-20 21:44:46.475,,,,,,,,,-40.0,0.0,0.0,0.0,0.0,0.0,434.0
2026-07-20 21:44:46.674,,,,,,,,,-40.0,0.0,0.0,0.0,0.0,0.0,434.0
2026-07-20 21:44:46.874,,,,,,,,,-40.0,0.0,0.0,0.0,0.0,0.0,434.0
2026-07-20 21:44:47.075,,,,,,,,,-40.0,0.0,0.0,0.0,0.0,0.0,435.0
2026-07-20 21:44:47.274,,,,,,,,,-40.0,0.0,0.0,0.0,0.0,0.0,435.0
2026-07-20 21:44:47.474,,,,,,,,,-40.0,0.0,0.0,0.0,0.0,0.0,435.0
2026-07-20 21:44:47.674,,,,,,,,,-40.0,0.0,0.0,0.0,0.0,0.0,435.0
2026-07-20 21:44:47.874,,,,,,,,,-40.0,0.0,0.0,0.0,0.0,0.0,435.0
2026-07-20 21:44:48.075,,,,,,,,,-40.0,0.0,0.0,0.0,0.0,0.0,436.0
2026-07-20 21:44:48.274,,,,,,,,,-40.0,0.0,0.0,0.0,0.0,0.0,436.0
2026-07-20 21:44:48.474,,,,,,,,,-40.0,0.0,0.0,0.0,0.0,0.0,436.0
2026-07-20 21:44:48.674,,,,,,,,,-40.0,0.0,0.0,0.0,0.0,0.0,436.0
2026-07-20 21:44:48.874,,,,,,,,,-40.0,0.0,0.0,0.0,0.0,0.0,436.0
2026-07-20 21:44:49.074,,,,,,,,,-40.0,0.0,0.0,0.0,0.0,0.0,437.0
2026-07-20 21:44:49.274,,,,,,,,,-40.0,0.0,0.0,0.0,0.0,0.0,437.0
2026-07-20 21:44:49.474,,,,,,,,,-40.0,0.0,0.0,0.0,0.0,0.0,437.0
2026-07-20 21:44:49.674,,,,,,,,,-40.0,0.0,0.0,0.0,0.0,0.0,437.0
2026-07-20 21:44:49.874,,,,,,,,,-40.0,0.0,0.0,0.0,0.0,0.0,437.0
2026-07-20 21:44:50.075,,,,,,,,,-40.0,0.0,0.0,0.0,0.0,0.0,438.0
2026-07-20 21:44:50.274,,,,,,,,,-40.0,0.0,0.0,0.0,0.0,0.0,438.0
2026-07-20 21:44:50.474,,,,,,,,,-40.0,0.0,0.0,0.0,0.0,0.0,438.0
2026-07-20 21:44:50.676,,,,,,,,,-40.0,0.0,0.0,0.0,0.0,0.0,438.0
2026-07-20 21:44:50.874,,,,,,,,,-40.0,0.0,0.0,0.0,0.0,0.0,438.0
2026-07-20 21:44:51.075,,,,,,,,,-40.0,0.0,0.0,0.0,0.0,0.0,439.0
2026-07-20 21:44:51.274,,,,,,,,,-40.0,0.0,0.0,0.0,0.0,0.0,439.0
2026-07-20 21:44:51.474,,,,,,,,,-40.0,0.0,0.0,0.0,0.0,0.0,439.0
2026-07-20 21:44:51.674,,,,,,,,,-40.0,0.0,0.0,0.0,0.0,0.0,439.0
2026-07-20 21:44:51.874,,,,,,,,,-40.0,0.0,0.0,0.0,0.0,0.0,439.0
2026-07-20 21:44:52.075,,,,,,,,,-40.0,0.0,0.0,0.0,0.0,0.0,440.0
2026-07-20 21:44:52.282,,,,,,,,,-40.0,0.0,0.0,0.0,0.0,0.0,440.0
2026-07-20 21:44:52.474,,,,,,,,,-40.0,0.0,0.0,0.0,0.0,0.0,440.0
2026-07-20 21:44:52.674,,,,,,,,,-40.0,0.0,0.0,0.0,0.0,0.0,440.0
2026-07-20 21:44:52.887,,,,,,,,,-40.0,0.0,0.0,0.0,0.0,0.0,440.0
2026-07-20 21:44:53.075,,,,,,,,,-40.0,0.0,0.0,0.0,0.0,0.0,441.0
2026-07-20 21:44:53.274,,,,,,,,,-40.0,0.0,0.0,0.0,0.0,0.0,441.0
2026-07-20 21:44:53.493,,,,,,,,,-40.0,0.0,0.0,0.0,0.0,0.0,441.0
2026-07-20 21:44:53.674,,,,,,,,,-40.0,0.0,0.0,0.0,0.0,0.0,441.0
2026-07-20 21:44:53.874,,,,,,,,,-40.0,0.0,0.0,0.0,0.0,0.0,441.0
2026-07-20 21:44:54.076,,,,,,,,,-40.0,0.0,0.0,0.0,0.0,0.0,442.0
2026-07-20 21:44:54.274,,,,,,,,,-40.0,0.0,0.0,0.0,0.0,0.0,442.0
2026-07-20 21:44:54.474,,,,,,,,,-40.0,0.0,0.0,0.0,0.0,0.0,442.0
2026-07-20 21:44:54.687,,,,,,,,,-40.0,0.0,0.0,0.0,0.0,0.0,442.0
2026-07-20 21:44:54.874,,,,,,,,,-40.0,0.0,0.0,0.0,0.0,0.0,442.0
2026-07-20 21:44:55.075,,,,,,,,,-40.0,0.0,0.0,0.0,0.0,0.0,443.0
2026-07-20 21:44:55.311,,,,,,,,,-40.0,0.0,0.0,0.0,0.0,0.0,443.0
2026-07-20 21:44:55.474,,,,,,,,,-40.0,0.0,0.0,0.0,0.0,0.0,443.0
2026-07-20 21:44:55.673,,,,,,,,,-40.0,0.0,0.0,0.0,0.0,0.0,443.0
2026-07-20 21:44:55.877,,,,,,,,,-40.0,0.0,0.0,0.0,0.0,0.0,443.0
2026-07-20 21:44:56.074,,,,,,,,,-40.0,0.0,0.0,0.0,0.0,0.0,444.0
2026-07-20 21:44:56.274,,,,,,,,,-40.0,0.0,0.0,0.0,0.0,0.0,444.0
2026-07-20 21:44:56.474,,,,,,,,,-40.0,0.0,0.0,0.0,0.0,0.0,444.0
2026-07-20 21:44:56.674,,,,,,,,,-40.0,0.0,0.0,0.0,0.0,0.0,444.0
2026-07-20 21:44:56.874,,,,,,,,,-40.0,0.0,0.0,0.0,0.0,0.0,444.0
2026-07-20 21:44:57.075,,,,,,,,,-40.0,0.0,0.0,0.0,0.0,0.0,445.0
2026-07-20 21:44:57.274,,,,,,,,,-40.0,0.0,0.0,0.0,0.0,0.0,445.0
2026-07-20 21:44:57.473,,,,,,,,,-40.0,0.0,0.0,0.0,0.0,0.0,445.0
2026-07-20 21:44:57.674,,,,,,,,,-40.0,0.0,0.0,0.0,0.0,0.0,445.0
2026-07-20 21:44:57.874,,,,,,,,,-40.0,0.0,0.0,0.0,0.0,0.0,445.0
2026-07-20 21:44:58.075,,,,,,,,,-40.0,0.0,0.0,0.0,0.0,0.0,446.0
2026-07-20 21:44:58.274,,,,,,,,,-40.0,0.0,0.0,0.0,0.0,0.0,446.0
2026-07-20 21:44:58.474,,,,,,,,,-40.0,0.0,0.0,0.0,0.0,0.0,446.0
2026-07-20 21:44:58.674,,,,,,,,,-40.0,0.0,0.0,0.0,0.0,0.0,446.0
2026-07-20 21:44:58.874,,,,,,,,,-40.0,0.0,0.0,0.0,0.0,0.0,446.0
2026-07-20 21:44:59.075,,,,,,,,,-40.0,0.0,0.0,0.0,0.0,0.0,447.0
2026-07-20 21:44:59.274,,,,,,,,,-40.0,0.0,0.0,0.0,0.0,0.0,447.0
2026-07-20 21:44:59.473,,,,,,,,,-40.0,0.0,0.0,0.0,0.0,0.0,447.0
2026-07-20 21:44:59.674,,,,,,,,,-40.0,0.0,0.0,0.0,0.0,0.0,447.0
2026-07-20 21:44:59.874,,,,,,,,,-40.0,0.0,0.0,0.0,0.0,0.0,447.0
2026-07-20 21:45:00.075,,,,,,,,,-40.0,0.0,0.0,0.0,0.0,0.0,448.0
2026-07-20 21:45:00.274,,,,,,,,,-40.0,0.0,0.0,0.0,0.0,0.0,448.0
2026-07-20 21:45:00.474,,,,,,,,,-40.0,0.0,0.0,0.0,0.0,0.0,448.0
2026-07-20 21:45:00.673,,,,,,,,,-40.0,0.0,0.0,0.0,0.0,0.0,448.0
2026-07-20 21:45:00.873,,,,,,,,,-40.0,0.0,0.0,0.0,0.0,0.0,448.0
2026-07-20 21:45:01.075,,,,,,,,,-40.0,0.0,0.0,0.0,0.0,0.0,449.0
2026-07-20 21:45:01.274,,,,,,,,,-40.0,0.0,0.0,0.0,0.0,0.0,449.0
2026-07-20 21:45:01.474,,,,,,,,,-40.0,0.0,0.0,0.0,0.0,0.0,449.0
2026-07-20 21:45:01.674,,,,,,,,,-40.0,0.0,0.0,0.0,0.0,0.0,449.0
2026-07-20 21:45:01.874,,,,,,,,,-40.0,0.0,0.0,0.0,0.0,0.0,449.0
2026-07-20 21:45:02.075,,,,,,,,,-40.0,0.0,0.0,0.0,0.0,0.0,450.0
2026-07-20 21:45:02.274,,,,,,,,,-40.0,0.0,0.0,0.0,0.0,0.0,450.0
2026-07-20 21:45:02.474,,,,,,,,,-40.0,0.0,0.0,0.0,0.0,0.0,450.0
2026-07-20 21:45:02.674,,,,,,,,,-40.0,0.0,0.0,0.0,0.0,0.0,450.0
2026-07-20 21:45:02.874,,,,,,,,,-40.0,0.0,0.0,0.0,0.0,0.0,450.0
2026-07-20 21:45:03.090,,,,,,,,,-40.0,0.0,0.0,0.0,0.0,0.0,451.0
2026-07-20 21:45:03.274,,,,,,,,,-40.0,0.0,0.0,0.0,0.0,0.0,451.0
2026-07-20 21:45:03.474,,,,,,,,,-40.0,0.0,0.0,0.0,0.0,0.0,451.0
2026-07-20 21:45:03.673,,,,,,,,,-40.0,0.0,0.0,0.0,0.0,0.0,451.0
2026-07-20 21:45:03.874,,,,,,,,,-40.0,0.0,0.0,0.0,0.0,0.0,451.0
2026-07-20 21:45:04.075,,,,,,,,,-40.0,0.0,0.0,0.0,0.0,0.0,452.0
2026-07-20 21:45:04.274,,,,,,,,,-40.0,0.0,0.0,0.0,0.0,0.0,452.0
2026-07-20 21:45:04.474,,,,,,,,,-40.0,0.0,0.0,0.0,0.0,0.0,452.0
2026-07-20 21:45:04.674,,,,,,,,,-40.0,0.0,0.0,0.0,0.0,0.0,452.0
2026-07-20 21:45:04.874,,,,,,,,,-40.0,0.0,0.0,0.0,0.0,0.0,452.0
2026-07-20 21:45:05.074,,,,,,,,,-40.0,0.0,0.0,0.0,0.0,0.0,453.0
2026-07-20 21:45:05.274,,,,,,,,,-40.0,0.0,0.0,0.0,0.0,0.0,453.0
2026-07-20 21:45:05.474,,,,,,,,,-40.0,0.0,0.0,0.0,0.0,0.0,453.0
2026-07-20 21:45:05.674,,,,,,,,,-40.0,0.0,0.0,0.0,0.0,0.0,453.0
2026-07-20 21:45:05.873,,,,,,,,,-40.0,0.0,0.0,0.0,0.0,0.0,453.0
2026-07-20 21:45:06.074,,,,,,,,,-40.0,0.0,0.0,0.0,0.0,0.0,454.0
2026-07-20 21:45:06.273,,,,,,,,,-40.0,0.0,0.0,0.0,0.0,0.0,454.0
2026-07-20 21:45:06.474,,,,,,,,,-40.0,0.0,0.0,0.0,0.0,0.0,454.0
2026-07-20 21:45:06.673,,,,,,,,,-40.0,0.0,0.0,0.0,0.0,0.0,454.0
2026-07-20 21:45:06.874,,,,,,,,,-40.0,0.0,0.0,0.0,0.0,0.0,454.0
2026-07-20 21:45:07.075,,,,,,,,,-40.0,0.0,0.0,0.0,0.0,0.0,455.0
2026-07-20 21:45:07.274,,,,,,,,,-40.0,0.0,0.0,0.0,0.0,0.0,455.0
2026-07-20 21:45:07.473,,,,,,,,,-40.0,0.0,0.0,0.0,0.0,0.0,455.0
2026-07-20 21:45:07.684,,,,,,,,,-40.0,0.0,0.0,0.0,0.0,0.0,455.0
2026-07-20 21:45:07.874,,,,,,,,,-40.0,0.0,0.0,0.0,0.0,0.0,455.0
2026-07-20 21:45:08.074,,,,,,,,,-40.0,0.0,0.0,0.0,0.0,0.0,456.0
2026-07-20 21:45:08.276,,,,,,,,,-40.0,0.0,0.0,0.0,0.0,0.0,456.0
2026-07-20 21:45:08.474,,,,,,,,,-40.0,0.0,0.0,0.0,0.0,0.0,456.0
2026-07-20 21:45:08.674,,,,,,,,,-40.0,0.0,0.0,0.0,0.0,0.0,456.0
2026-07-20 21:45:08.874,,,,,,,,,-40.0,0.0,0.0,0.0,0.0,0.0,456.0
2026-07-20 21:45:09.075,,,,,,,,,-40.0,0.0,0.0,0.0,0.0,0.0,457.0
2026-07-20 21:45:09.274,,,,,,,,,-40.0,0.0,0.0,0.0,0.0,0.0,457.0
2026-07-20 21:45:09.473,,,,,,,,,-40.0,0.0,0.0,0.0,0.0,0.0,457.0
2026-07-20 21:45:09.673,,,,,,,,,-40.0,0.0,0.0,0.0,0.0,0.0,457.0
2026-07-20 21:45:09.873,,,,,,,,,-40.0,0.0,0.0,0.0,0.0,0.0,457.0
2026-07-20 21:45:10.074,,,,,,,,,-40.0,0.0,0.0,0.0,0.0,0.0,458.0
2026-07-20 21:45:10.274,,,,,,,,,-40.0,0.0,0.0,0.0,0.0,0.0,458.0
2026-07-20 21:45:10.473,,,,,,,,,-40.0,0.0,0.0,0.0,0.0,0.0,458.0
2026-07-20 21:45:10.674,,,,,,,,,-40.0,0.0,0.0,0.0,0.0,0.0,458.0
2026-07-20 21:45:10.874,,,,,,,,,-40.0,0.0,0.0,0.0,0.0,0.0,458.0
2026-07-20 21:45:11.075,,,,,,,,,-40.0,0.0,0.0,0.0,0.0,0.0,459.0
2026-07-20 21:45:11.278,,,,,,,,,-40.0,0.0,0.0,0.0,0.0,0.0,459.0
2026-07-20 21:45:11.473,,,,,,,,,-40.0,0.0,0.0,0.0,0.0,0.0,459.0
2026-07-20 21:45:11.674,,,,,,,,,-40.0,0.0,0.0,0.0,0.0,0.0,459.0
2026-07-20 21:45:11.873,,,,,,,,,-40.0,0.0,0.0,0.0,0.0,0.0,459.0
2026-07-20 21:45:12.074,,,,,,,,,-40.0,0.0,0.0,0.0,0.0,0.0,460.0
2026-07-20 21:45:12.274,,,,,,,,,-40.0,0.0,0.0,0.0,0.0,0.0,460.0
2026-07-20 21:45:12.474,,,,,,,,,-40.0,0.0,0.0,0.0,0.0,0.0,460.0
2026-07-20 21:45:12.673,,,,,,,,,-40.0,0.0,0.0,0.0,0.0,0.0,460.0
2026-07-20 21:45:12.873,,,,,,,,,-40.0,0.0,0.0,0.0,0.0,0.0,460.0
2026-07-20 21:45:13.074,,,,,,,,,-40.0,0.0,0.0,0.0,0.0,0.0,461.0
2026-07-20 21:45:13.274,,,,,,,,,-40.0,0.0,0.0,0.0,0.0,0.0,461.0
2026-07-20 21:45:13.473,,,,,,,,,-40.0,0.0,0.0,0.0,0.0,0.0,461.0
2026-07-20 21:45:13.674,,,,,,,,,-40.0,0.0,0.0,0.0,0.0,0.0,461.0
2026-07-20 21:45:13.874,,,,,,,,,-40.0,0.0,0.0,0.0,0.0,0.0,461.0
2026-07-20 21:45:14.075,,,,,,,,,-40.0,0.0,0.0,0.0,0.0,0.0,462.0
2026-07-20 21:45:14.274,,,,,,,,,-40.0,0.0,0.0,0.0,0.0,0.0,462.0
2026-07-20 21:45:14.473,,,,,,,,,-40.0,0.0,0.0,0.0,0.0,0.0,462.0
2026-07-20 21:45:14.674,,,,,,,,,-40.0,0.0,0.0,0.0,0.0,0.0,462.0
2026-07-20 21:45:14.873,,,,,,,,,-40.0,0.0,0.0,0.0,0.0,0.0,462.0
2026-07-20 21:45:15.074,,,,,,,,,-40.0,0.0,0.0,0.0,0.0,0.0,463.0
2026-07-20 21:45:15.276,,,,,,,,,-40.0,0.0,0.0,0.0,0.0,0.0,463.0
2026-07-20 21:45:15.473,,,,,,,,,-40.0,0.0,0.0,0.0,0.0,0.0,463.0
2026-07-20 21:45:15.674,,,,,,,,,-40.0,0.0,0.0,0.0,0.0,0.0,463.0
2026-07-20 21:45:15.891,,,,,,,,,-40.0,0.0,0.0,0.0,0.0,0.0,463.0
2026-07-20 21:45:16.074,,,,,,,,,-40.0,0.0,0.0,0.0,0.0,0.0,464.0
2026-07-20 21:45:16.273,,,,,,,,,-40.0,0.0,0.0,0.0,0.0,0.0,464.0
2026-07-20 21:45:16.473,,,,,,,,,-40.0,0.0,0.0,0.0,0.0,0.0,464.0
2026-07-20 21:45:16.674,,,,,,,,,-40.0,0.0,0.0,0.0,0.0,0.0,464.0
2026-07-20 21:45:16.892,,,,,,,,,-40.0,0.0,0.0,0.0,0.0,0.0,464.0
2026-07-20 21:45:17.074,,,,,,,,,-40.0,0.0,0.0,0.0,0.0,0.0,465.0
2026-07-20 21:45:17.274,,,,,,,,,-40.0,0.0,0.0,0.0,0.0,0.0,465.0
2026-07-20 21:45:17.473,,,,,,,,,-40.0,0.0,0.0,0.0,0.0,0.0,465.0
2026-07-20 21:45:17.674,,,,,,,,,-40.0,0.0,0.0,0.0,0.0,0.0,465.0
2026-07-20 21:45:17.873,,,,,,,,,-40.0,0.0,0.0,0.0,0.0,0.0,465.0
2026-07-20 21:45:18.074,,,,,,,,,-40.0,0.0,0.0,0.0,0.0,0.0,466.0
2026-07-20 21:45:18.273,,,,,,,,,-40.0,0.0,0.0,0.0,0.0,0.0,466.0
2026-07-20 21:45:18.473,,,,,,,,,-40.0,0.0,0.0,0.0,0.0,0.0,466.0
2026-07-20 21:45:18.673,,,,,,,,,-40.0,0.0,0.0,0.0,0.0,0.0,466.0
2026-07-20 21:45:18.873,,,,,,,,,-40.0,0.0,0.0,0.0,0.0,0.0,466.0
2026-07-20 21:45:19.074,,,,,,,,,-40.0,0.0,0.0,0.0,0.0,0.0,467.0
2026-07-20 21:45:19.273,,,,,,,,,-40.0,0.0,0.0,0.0,0.0,0.0,467.0
2026-07-20 21:45:19.473,,,,,,,,,-40.0,0.0,0.0,0.0,0.0,0.0,467.0
2026-07-20 21:45:19.673,,,,,,,,,-40.0,0.0,0.0,0.0,0.0,0.0,467.0
2026-07-20 21:45:19.873,,,,,,,,,-40.0,0.0,0.0,0.0,0.0,0.0,467.0
2026-07-20 21:45:20.074,,,,,,,,,-40.0,0.0,0.0,0.0,0.0,0.0,468.0
2026-07-20 21:45:20.274,,,,,,,,,-40.0,0.0,0.0,0.0,0.0,0.0,468.0
2026-07-20 21:45:20.473,,,,,,,,,-40.0,0.0,0.0,0.0,0.0,0.0,468.0
2026-07-20 21:45:20.673,,,,,,,,,-40.0,0.0,0.0,0.0,0.0,0.0,468.0
2026-07-20 21:45:20.873,,,,,,,,,-40.0,0.0,0.0,0.0,0.0,0.0,468.0
2026-07-20 21:45:21.074,,,,,,,,,-40.0,0.0,0.0,0.0,0.0,0.0,469.0
2026-07-20 21:45:21.273,,,,,,,,,-40.0,0.0,0.0,0.0,0.0,0.0,469.0
2026-07-20 21:45:21.473,,,,,,,,,-40.0,0.0,0.0,0.0,0.0,0.0,469.0
2026-07-20 21:45:21.673,,,,,,,,,-40.0,0.0,0.0,0.0,0.0,0.0,469.0
2026-07-20 21:45:21.873,,,,,,,,,-40.0,0.0,0.0,0.0,0.0,0.0,469.0
2026-07-20 21:45:22.074,,,,,,,,,-40.0,0.0,0.0,0.0,0.0,0.0,470.0
2026-07-20 21:45:22.273,,,,,,,,,-40.0,0.0,0.0,0.0,0.0,0.0,470.0
2026-07-20 21:45:22.473,,,,,,,,,-40.0,0.0,0.0,0.0,0.0,0.0,470.0
2026-07-20 21:45:22.673,,,,,,,,,-40.0,0.0,0.0,0.0,0.0,0.0,470.0
2026-07-20 21:45:22.873,,,,,,,,,-40.0,0.0,0.0,0.0,0.0,0.0,470.0
2026-07-20 21:45:23.090,,,,,,,,,-40.0,0.0,0.0,0.0,0.0,0.0,471.0
2026-07-20 21:45:23.273,,,,,,,,,-40.0,0.0,0.0,0.0,0.0,0.0,471.0
2026-07-20 21:45:23.473,,,,,,,,,-40.0,0.0,0.0,0.0,0.0,0.0,471.0
2026-07-20 21:45:23.673,,,,,,,,,-40.0,0.0,0.0,0.0,0.0,0.0,471.0
2026-07-20 21:45:23.872,,,,,,,,,-40.0,0.0,0.0,0.0,0.0,0.0,471.0
2026-07-20 21:45:24.074,,,,,,,,,-40.0,0.0,0.0,0.0,0.0,0.0,472.0
2026-07-20 21:45:24.273,,,,,,,,,-40.0,0.0,0.0,0.0,0.0,0.0,472.0
2026-07-20 21:45:24.473,,,,,,,,,-40.0,0.0,0.0,0.0,0.0,0.0,472.0
2026-07-20 21:45:24.673,,,,,,,,,-40.0,0.0,0.0,0.0,0.0,0.0,472.0
2026-07-20 21:45:24.899,,,,,,,,,-40.0,0.0,0.0,0.0,0.0,0.0,472.0
2026-07-20 21:45:25.075,,,,,,,,,-40.0,0.0,0.0,0.0,0.0,0.0,473.0
2026-07-20 21:45:25.273,,,,,,,,,-40.0,0.0,0.0,0.0,0.0,0.0,473.0
2026-07-20 21:45:25.473,,,,,,,,,-40.0,0.0,0.0,0.0,0.0,0.0,473.0
2026-07-20 21:45:25.673,,,,,,,,,-40.0,0.0,0.0,0.0,0.0,0.0,473.0
2026-07-20 21:45:25.873,,,,,,,,,-40.0,0.0,0.0,0.0,0.0,0.0,473.0
2026-07-20 21:45:26.074,,,,,,,,,-40.0,0.0,0.0,0.0,0.0,0.0,474.0
2026-07-20 21:45:26.273,,,,,,,,,-40.0,0.0,0.0,0.0,0.0,0.0,474.0
2026-07-20 21:45:26.480,,,,,,,,,-40.0,0.0,0.0,0.0,0.0,0.0,474.0
2026-07-20 21:45:26.673,,,,,,,,,-40.0,0.0,0.0,0.0,0.0,0.0,474.0
2026-07-20 21:45:26.873,,,,,,,,,-40.0,0.0,0.0,0.0,0.0,0.0,474.0
2026-07-20 21:45:27.074,,,,,,,,,-40.0,0.0,0.0,0.0,0.0,0.0,475.0
2026-07-20 21:45:27.273,,,,,,,,,-40.0,0.0,0.0,0.0,0.0,0.0,475.0
2026-07-20 21:45:27.473,,,,,,,,,-40.0,0.0,0.0,0.0,0.0,0.0,475.0
2026-07-20 21:45:27.673,,,,,,,,,-40.0,0.0,0.0,0.0,0.0,0.0,475.0
2026-07-20 21:45:27.873,,,,,,,,,-40.0,0.0,0.0,0.0,0.0,0.0,475.0
2026-07-20 21:45:28.074,,,,,,,,,-40.0,0.0,0.0,0.0,0.0,0.0,476.0
2026-07-20 21:45:28.273,,,,,,,,,-40.0,0.0,0.0,0.0,0.0,0.0,476.0
2026-07-20 21:45:28.473,,,,,,,,,-40.0,0.0,0.0,0.0,0.0,0.0,476.0
2026-07-20 21:45:28.673,,,,,,,,,-40.0,0.0,0.0,0.0,0.0,0.0,476.0
2026-07-20 21:45:28.873,,,,,,,,,-40.0,0.0,0.0,0.0,0.0,0.0,476.0
2026-07-20 21:45:29.074,,,,,,,,,-40.0,0.0,0.0,0.0,0.0,0.0,477.0
2026-07-20 21:45:29.273,,,,,,,,,-40.0,0.0,0.0,0.0,0.0,0.0,477.0
2026-07-20 21:45:29.473,,,,,,,,,-40.0,0.0,0.0,0.0,0.0,0.0,477.0
2026-07-20 21:45:29.673,,,,,,,,,-40.0,0.0,0.0,0.0,0.0,0.0,477.0
2026-07-20 21:45:29.873,,,,,,,,,-40.0,0.0,0.0,0.0,0.0,0.0,477.0
2026-07-20 21:45:30.074,,,,,,,,,-40.0,0.0,0.0,0.0,0.0,0.0,478.0
2026-07-20 21:45:30.273,,,,,,,,,-40.0,0.0,0.0,0.0,0.0,0.0,478.0
2026-07-20 21:45:30.473,,,,,,,,,-40.0,0.0,0.0,0.0,0.0,0.0,478.0
2026-07-20 21:45:30.673,,,,,,,,,-40.0,0.0,0.0,0.0,0.0,0.0,478.0
2026-07-20 21:45:30.873,,,,,,,,,-40.0,0.0,0.0,0.0,0.0,0.0,478.0
2026-07-20 21:45:31.082,,,,,,,,,-40.0,0.0,0.0,0.0,0.0,0.0,479.0
2026-07-20 21:45:31.273,,,,,,,,,-40.0,0.0,0.0,0.0,0.0,0.0,479.0
2026-07-20 21:45:31.473,,,,,,,,,-40.0,0.0,0.0,0.0,0.0,0.0,479.0
2026-07-20 21:45:31.673,,,,,,,,,-40.0,0.0,0.0,0.0,0.0,0.0,479.0
2026-07-20 21:45:31.873,,,,,,,,,-40.0,0.0,0.0,0.0,0.0,0.0,479.0
2026-07-20 21:45:32.074,,,,,,,,,-40.0,0.0,0.0,0.0,0.0,0.0,480.0
2026-07-20 21:45:32.273,,,,,,,,,-40.0,0.0,0.0,0.0,0.0,0.0,480.0
2026-07-20 21:45:32.473,,,,,,,,,-40.0,0.0,0.0,0.0,0.0,0.0,480.0
2026-07-20 21:45:32.673,,,,,,,,,-40.0,0.0,0.0,0.0,0.0,0.0,480.0
2026-07-20 21:45:32.873,,,,,,,,,-40.0,0.0,0.0,0.0,0.0,0.0,480.0
2026-07-20 21:45:33.074,,,,,,,,,-40.0,0.0,0.0,0.0,0.0,0.0,481.0
2026-07-20 21:45:33.273,,,,,,,,,-40.0,0.0,0.0,0.0,0.0,0.0,481.0
2026-07-20 21:45:33.473,,,,,,,,,-40.0,0.0,0.0,0.0,0.0,0.0,481.0
2026-07-20 21:45:33.673,,,,,,,,,-40.0,0.0,0.0,0.0,0.0,0.0,481.0
2026-07-20 21:45:33.872,,,,,,,,,-40.0,0.0,0.0,0.0,0.0,0.0,481.0
2026-07-20 21:45:34.073,,,,,,,,,-40.0,0.0,0.0,0.0,0.0,0.0,482.0
2026-07-20 21:45:34.273,,,,,,,,,-40.0,0.0,0.0,0.0,0.0,0.0,482.0
2026-07-20 21:45:34.473,,,,,,,,,-40.0,0.0,0.0,0.0,0.0,0.0,482.0
2026-07-20 21:45:34.674,,,,,,,,,-40.0,0.0,0.0,0.0,0.0,0.0,482.0
2026-07-20 21:45:34.872,,,,,,,,,-40.0,0.0,0.0,0.0,0.0,0.0,482.0
2026-07-20 21:45:35.074,,,,,,,,,-40.0,0.0,0.0,0.0,0.0,0.0,483.0
2026-07-20 21:45:35.273,,,,,,,,,-40.0,0.0,0.0,0.0,0.0,0.0,483.0
2026-07-20 21:45:35.473,,,,,,,,,-40.0,0.0,0.0,0.0,0.0,0.0,483.0
2026-07-20 21:45:35.673,,,,,,,,,-40.0,0.0,0.0,0.0,0.0,0.0,483.0
2026-07-20 21:45:35.873,,,,,,,,,-40.0,0.0,0.0,0.0,0.0,0.0,483.0
2026-07-20 21:45:36.074,,,,,,,,,-40.0,0.0,0.0,0.0,0.0,0.0,484.0
2026-07-20 21:45:36.273,,,,,,,,,-40.0,0.0,0.0,0.0,0.0,0.0,484.0
2026-07-20 21:45:36.472,,,,,,,,,-40.0,0.0,0.0,0.0,0.0,0.0,484.0
2026-07-20 21:45:36.673,,,,,,,,,-40.0,0.0,0.0,0.0,0.0,0.0,484.0
2026-07-20 21:45:36.873,,,,,,,,,-40.0,0.0,0.0,0.0,0.0,0.0,484.0
2026-07-20 21:45:37.074,,,,,,,,,-40.0,0.0,0.0,0.0,0.0,0.0,485.0
2026-07-20 21:45:37.273,,,,,,,,,-40.0,0.0,0.0,0.0,0.0,0.0,485.0
2026-07-20 21:45:37.473,,,,,,,,,-40.0,0.0,0.0,0.0,0.0,0.0,485.0
2026-07-20 21:45:37.673,,,,,,,,,-40.0,0.0,0.0,0.0,0.0,0.0,485.0
2026-07-20 21:45:37.873,,,,,,,,,-40.0,0.0,0.0,0.0,0.0,0.0,485.0
2026-07-20 21:45:38.074,,,,,,,,,-40.0,0.0,0.0,0.0,0.0,0.0,486.0
2026-07-20 21:45:38.282,,,,,,,,,-40.0,0.0,0.0,0.0,0.0,0.0,486.0
2026-07-20 21:45:38.473,,,,,,,,,-40.0,0.0,0.0,0.0,0.0,0.0,486.0
2026-07-20 21:45:38.673,,,,,,,,,-40.0,0.0,0.0,0.0,0.0,0.0,486.0
2026-07-20 21:45:38.873,,,,,,,,,-40.0,0.0,0.0,0.0,0.0,0.0,486.0
2026-07-20 21:45:39.074,,,,,,,,,-40.0,0.0,0.0,0.0,0.0,0.0,487.0
2026-07-20 21:45:39.272,,,,,,,,,-40.0,0.0,0.0,0.0,0.0,0.0,487.0
2026-07-20 21:45:39.473,,,,,,,,,-40.0,0.0,0.0,0.0,0.0,0.0,487.0
2026-07-20 21:45:39.673,,,,,,,,,-40.0,0.0,0.0,0.0,0.0,0.0,487.0
2026-07-20 21:45:39.873,,,,,,,,,-40.0,0.0,0.0,0.0,0.0,0.0,487.0
2026-07-20 21:45:40.074,,,,,,,,,-40.0,0.0,0.0,0.0,0.0,0.0,488.0
2026-07-20 21:45:40.273,,,,,,,,,-40.0,0.0,0.0,0.0,0.0,0.0,488.0
2026-07-20 21:45:40.473,,,,,,,,,-40.0,0.0,0.0,0.0,0.0,0.0,488.0
2026-07-20 21:45:40.673,,,,,,,,,-40.0,0.0,0.0,0.0,0.0,0.0,488.0
2026-07-20 21:45:40.873,,,,,,,,,-40.0,0.0,0.0,0.0,0.0,0.0,488.0
2026-07-20 21:45:41.074,,,,,,,,,-40.0,0.0,0.0,0.0,0.0,0.0,489.0
2026-07-20 21:45:41.273,,,,,,,,,-40.0,0.0,0.0,0.0,0.0,0.0,489.0
2026-07-20 21:45:41.473,,,,,,,,,-40.0,0.0,0.0,0.0,0.0,0.0,489.0
2026-07-20 21:45:41.673,,,,,,,,,-40.0,0.0,0.0,0.0,0.0,0.0,489.0
2026-07-20 21:45:41.873,,,,,,,,,-40.0,0.0,0.0,0.0,0.0,0.0,489.0
2026-07-20 21:45:42.074,,,,,,,,,-40.0,0.0,0.0,0.0,0.0,0.0,490.0
2026-07-20 21:45:42.272,,,,,,,,,-40.0,0.0,0.0,0.0,0.0,0.0,490.0
2026-07-20 21:45:42.472,,,,,,,,,-40.0,0.0,0.0,0.0,0.0,0.0,490.0
2026-07-20 21:45:42.673,,,,,,,,,-40.0,0.0,0.0,0.0,0.0,0.0,490.0
2026-07-20 21:45:42.873,,,,,,,,,-40.0,0.0,0.0,0.0,0.0,0.0,490.0
2026-07-20 21:45:43.074,,,,,,,,,-40.0,0.0,0.0,0.0,0.0,0.0,491.0
2026-07-20 21:45:43.273,,,,,,,,,-40.0,0.0,0.0,0.0,0.0,0.0,491.0
2026-07-20 21:45:43.505,,,,,,,,,-40.0,0.0,0.0,0.0,0.0,0.0,491.0
2026-07-20 21:45:43.673,,,,,,,,,-40.0,0.0,0.0,0.0,0.0,0.0,491.0
2026-07-20 21:45:43.873,,,,,,,,,-40.0,0.0,0.0,0.0,0.0,0.0,491.0
2026-07-20 21:45:44.074,,,,,,,,,-40.0,0.0,0.0,0.0,0.0,0.0,492.0
2026-07-20 21:45:44.273,,,,,,,,,-40.0,0.0,0.0,0.0,0.0,0.0,492.0
2026-07-20 21:45:44.473,,,,,,,,,-40.0,0.0,0.0,0.0,0.0,0.0,492.0
2026-07-20 21:45:44.673,,,,,,,,,-40.0,0.0,0.0,0.0,0.0,0.0,492.0
2026-07-20 21:45:44.872,,,,,,,,,-40.0,0.0,0.0,0.0,0.0,0.0,492.0
2026-07-20 21:45:45.074,,,,,,,,,-40.0,0.0,0.0,0.0,0.0,0.0,493.0
2026-07-20 21:45:45.272,,,,,,,,,-40.0,0.0,0.0,0.0,0.0,0.0,493.0
2026-07-20 21:45:45.473,,,,,,,,,-40.0,0.0,0.0,0.0,0.0,0.0,493.0
2026-07-20 21:45:45.673,,,,,,,,,-40.0,0.0,0.0,0.0,0.0,0.0,493.0
2026-07-20 21:45:45.873,,,,,,,,,-40.0,0.0,0.0,0.0,0.0,0.0,493.0
2026-07-20 21:45:46.073,,,,,,,,,-40.0,0.0,0.0,0.0,0.0,0.0,494.0
2026-07-20 21:45:46.273,,,,,,,,,-40.0,0.0,0.0,0.0,0.0,0.0,494.0
2026-07-20 21:45:46.483,,,,,,,,,-40.0,0.0,0.0,0.0,0.0,0.0,494.0
2026-07-20 21:45:46.673,,,,,,,,,-40.0,0.0,0.0,0.0,0.0,0.0,494.0
2026-07-20 21:45:46.873,,,,,,,,,-40.0,0.0,0.0,0.0,0.0,0.0,494.0
2026-07-20 21:45:47.074,,,,,,,,,-40.0,0.0,0.0,0.0,0.0,0.0,495.0
2026-07-20 21:45:47.273,,,,,,,,,-40.0,0.0,0.0,0.0,0.0,0.0,495.0
2026-07-20 21:45:47.473,,,,,,,,,-40.0,0.0,0.0,0.0,0.0,0.0,495.0
2026-07-20 21:45:47.673,,,,,,,,,-40.0,0.0,0.0,0.0,0.0,0.0,495.0
2026-07-20 21:45:47.873,,,,,,,,,-40.0,0.0,0.0,0.0,0.0,0.0,495.0
2026-07-20 21:45:48.073,,,,,,,,,-40.0,0.0,0.0,0.0,0.0,0.0,496.0
2026-07-20 21:45:48.273,,,,,,,,,-40.0,0.0,0.0,0.0,0.0,0.0,496.0
2026-07-20 21:45:48.472,,,,,,,,,-40.0,0.0,0.0,0.0,0.0,0.0,496.0
2026-07-20 21:45:48.672,,,,,,,,,-40.0,0.0,0.0,0.0,0.0,0.0,496.0
2026-07-20 21:45:48.873,,,,,,,,,-40.0,0.0,0.0,0.0,0.0,0.0,496.0
2026-07-20 21:45:49.073,,,,,,,,,-40.0,0.0,0.0,0.0,0.0,0.0,497.0
2026-07-20 21:45:49.273,,,,,,,,,-40.0,0.0,0.0,0.0,0.0,0.0,497.0
2026-07-20 21:45:49.473,,,,,,,,,-40.0,0.0,0.0,0.0,0.0,0.0,497.0
2026-07-20 21:45:49.697,,,,,,,,,-40.0,0.0,0.0,0.0,0.0,0.0,497.0
2026-07-20 21:45:49.873,,,,,,,,,-40.0,0.0,0.0,0.0,0.0,0.0,497.0
2026-07-20 21:45:50.076,,,,,,,,,-40.0,0.0,0.0,0.0,0.0,0.0,498.0
2026-07-20 21:45:50.273,,,,,,,,,-40.0,0.0,0.0,0.0,0.0,0.0,498.0
2026-07-20 21:45:50.473,,,,,,,,,-40.0,0.0,0.0,0.0,0.0,0.0,498.0
2026-07-20 21:45:50.673,,,,,,,,,-40.0,0.0,0.0,0.0,0.0,0.0,498.0
2026-07-20 21:45:50.872,,,,,,,,,-40.0,0.0,0.0,0.0,0.0,0.0,498.0
2026-07-20 21:45:51.073,,,,,,,,,-40.0,0.0,0.0,0.0,0.0,0.0,499.0
2026-07-20 21:45:51.272,,,,,,,,,-40.0,0.0,0.0,0.0,0.0,0.0,499.0
2026-07-20 21:45:51.473,,,,,,,,,-40.0,0.0,0.0,0.0,0.0,0.0,499.0
2026-07-20 21:45:51.687,,,,,,,,,-40.0,0.0,0.0,0.0,0.0,0.0,499.0
2026-07-20 21:45:51.873,,,,,,,,,-40.0,0.0,0.0,0.0,0.0,0.0,499.0
2026-07-20 21:45:52.074,,,,,,,,,-40.0,0.0,0.0,0.0,0.0,0.0,500.0
2026-07-20 21:45:52.273,,,,,,,,,-40.0,0.0,0.0,0.0,0.0,0.0,500.0
2026-07-20 21:45:52.472,,,,,,,,,-40.0,0.0,0.0,0.0,0.0,0.0,500.0
2026-07-20 21:45:52.673,,,,,,,,,-40.0,0.0,0.0,0.0,0.0,0.0,500.0
2026-07-20 21:45:52.872,,,,,,,,,-40.0,0.0,0.0,0.0,0.0,0.0,500.0
2026-07-20 21:45:53.073,,,,,,,,,-40.0,0.0,0.0,0.0,0.0,0.0,501.0
2026-07-20 21:45:53.272,,,,,,,,,-40.0,0.0,0.0,0.0,0.0,0.0,501.0
2026-07-20 21:45:53.472,,,,,,,,,-40.0,0.0,0.0,0.0,0.0,0.0,501.0
2026-07-20 21:45:53.672,,,,,,,,,-40.0,0.0,0.0,0.0,0.0,0.0,501.0
2026-07-20 21:45:53.876,,,,,,,,,-40.0,0.0,0.0,0.0,0.0,0.0,501.0
2026-07-20 21:45:54.073,,,,,,,,,-40.0,0.0,0.0,0.0,0.0,0.0,502.0
2026-07-20 21:45:54.272,,,,,,,,,-40.0,0.0,0.0,0.0,0.0,0.0,502.0
2026-07-20 21:45:54.472,,,,,,,,,-40.0,0.0,0.0,0.0,0.0,0.0,502.0
2026-07-20 21:45:54.673,,,,,,,,,-40.0,0.0,0.0,0.0,0.0,0.0,502.0
2026-07-20 21:45:54.872,,,,,,,,,-40.0,0.0,0.0,0.0,0.0,0.0,502.0
2026-07-20 21:45:55.074,,,,,,,,,-40.0,0.0,0.0,0.0,0.0,0.0,503.0
2026-07-20 21:45:55.272,,,,,,,,,-40.0,0.0,0.0,0.0,0.0,0.0,503.0
2026-07-20 21:45:55.472,,,,,,,,,-40.0,0.0,0.0,0.0,0.0,0.0,503.0
2026-07-20 21:45:55.672,,,,,,,,,-40.0,0.0,0.0,0.0,0.0,0.0,503.0
2026-07-20 21:45:55.875,,,,,,,,,-40.0,0.0,0.0,0.0,0.0,0.0,503.0
2026-07-20 21:45:56.073,,,,,,,,,-40.0,0.0,0.0,0.0,0.0,0.0,504.0
2026-07-20 21:45:56.273,,,,,,,,,-40.0,0.0,0.0,0.0,0.0,0.0,504.0
2026-07-20 21:45:56.472,,,,,,,,,-40.0,0.0,0.0,0.0,0.0,0.0,504.0
2026-07-20 21:45:56.673,,,,,,,,,-40.0,0.0,0.0,0.0,0.0,0.0,504.0
2026-07-20 21:45:56.872,,,,,,,,,-40.0,0.0,0.0,0.0,0.0,0.0,504.0
2026-07-20 21:45:57.073,,,,,,,,,-40.0,0.0,0.0,0.0,0.0,0.0,505.0
2026-07-20 21:45:57.273,,,,,,,,,-40.0,0.0,0.0,0.0,0.0,0.0,505.0
2026-07-20 21:45:57.472,,,,,,,,,-40.0,0.0,0.0,0.0,0.0,0.0,505.0
2026-07-20 21:45:57.673,,,,,,,,,-40.0,0.0,0.0,0.0,0.0,0.0,505.0
2026-07-20 21:45:57.878,,,,,,,,,-40.0,0.0,0.0,0.0,0.0,0.0,505.0
2026-07-20 21:45:58.073,,,,,,,,,-40.0,0.0,0.0,0.0,0.0,0.0,506.0
2026-07-20 21:45:58.273,,,,,,,,,-40.0,0.0,0.0,0.0,0.0,0.0,506.0
2026-07-20 21:45:58.472,,,,,,,,,-40.0,0.0,0.0,0.0,0.0,0.0,506.0
2026-07-20 21:45:58.672,,,,,,,,,-40.0,0.0,0.0,0.0,0.0,0.0,506.0
2026-07-20 21:45:58.895,,,,,,,,,-40.0,0.0,0.0,0.0,0.0,0.0,506.0
2026-07-20 21:45:59.073,,,,,,,,,-40.0,0.0,0.0,0.0,0.0,0.0,507.0
2026-07-20 21:45:59.273,,,,,,,,,-40.0,0.0,0.0,0.0,0.0,0.0,507.0
2026-07-20 21:45:59.485,,,,,,,,,-40.0,0.0,0.0,0.0,0.0,0.0,507.0
2026-07-20 21:45:59.673,,,,,,,,,-40.0,0.0,0.0,0.0,0.0,0.0,507.0
2026-07-20 21:45:59.872,,,,,,,,,-40.0,0.0,0.0,0.0,0.0,0.0,507.0
2026-07-20 21:46:00.074,,,,,,,,,-40.0,0.0,0.0,0.0,0.0,0.0,508.0
2026-07-20 21:46:00.272,,,,,,,,,-40.0,0.0,0.0,0.0,0.0,0.0,508.0
2026-07-20 21:46:00.472,,,,,,,,,-40.0,0.0,0.0,0.0,0.0,0.0,508.0
2026-07-20 21:46:00.672,,,,,,,,,-40.0,0.0,0.0,0.0,0.0,0.0,508.0
2026-07-20 21:46:00.872,,,,,,,,,-40.0,0.0,0.0,0.0,0.0,0.0,508.0
2026-07-20 21:46:01.074,,,,,,,,,-40.0,0.0,0.0,0.0,0.0,0.0,509.0
2026-07-20 21:46:01.273,,,,,,,,,-40.0,0.0,0.0,0.0,0.0,0.0,509.0
2026-07-20 21:46:01.493,,,,,,,,,-40.0,0.0,0.0,0.0,0.0,0.0,509.0
2026-07-20 21:46:01.673,,,,,,,,,-40.0,0.0,0.0,0.0,0.0,0.0,509.0
2026-07-20 21:46:01.873,,,,,,,,,-40.0,0.0,0.0,0.0,0.0,0.0,509.0
2026-07-20 21:46:02.074,,,,,,,,,-40.0,0.0,0.0,0.0,0.0,0.0,510.0
2026-07-20 21:46:02.273,,,,,,,,,-40.0,0.0,0.0,0.0,0.0,0.0,510.0
2026-07-20 21:46:02.472,,,,,,,,,-40.0,0.0,0.0,0.0,0.0,0.0,510.0
2026-07-20 21:46:02.672,,,,,,,,,-40.0,0.0,0.0,0.0,0.0,0.0,510.0
2026-07-20 21:46:02.872,,,,,,,,,-40.0,0.0,0.0,0.0,0.0,0.0,510.0
2026-07-20 21:46:03.073,,,,,,,,,-40.0,0.0,0.0,0.0,0.0,0.0,511.0
2026-07-20 21:46:03.272,,,,,,,,,-40.0,0.0,0.0,0.0,0.0,0.0,511.0
2026-07-20 21:46:03.473,,,,,,,,,-40.0,0.0,0.0,0.0,0.0,0.0,511.0
2026-07-20 21:46:03.672,,,,,,,,,-40.0,0.0,0.0,0.0,0.0,0.0,511.0
2026-07-20 21:46:03.873,,,,,,,,,-40.0,0.0,0.0,0.0,0.0,0.0,511.0
2026-07-20 21:46:04.073,,,,,,,,,-40.0,0.0,0.0,0.0,0.0,0.0,512.0
2026-07-20 21:46:04.272,,,,,,,,,-40.0,0.0,0.0,0.0,0.0,0.0,512.0
2026-07-20 21:46:04.472,,,,,,,,,-40.0,0.0,0.0,0.0,0.0,0.0,512.0
2026-07-20 21:46:04.673,,,,,,,,,-40.0,0.0,0.0,0.0,0.0,0.0,512.0
2026-07-20 21:46:04.872,,,,,,,,,-40.0,0.0,0.0,0.0,0.0,0.0,512.0
2026-07-20 21:46:05.073,,,,,,,,,-40.0,0.0,0.0,0.0,0.0,0.0,513.0
2026-07-20 21:46:05.273,,,,,,,,,-40.0,0.0,0.0,0.0,0.0,0.0,513.0
2026-07-20 21:46:05.472,,,,,,,,,-40.0,0.0,0.0,0.0,0.0,0.0,513.0
2026-07-20 21:46:05.672,,,,,,,,,-40.0,0.0,0.0,0.0,0.0,0.0,513.0
2026-07-20 21:46:05.872,,,,,,,,,-40.0,0.0,0.0,0.0,0.0,0.0,513.0
2026-07-20 21:46:06.073,,,,,,,,,-40.0,0.0,0.0,0.0,0.0,0.0,514.0
2026-07-20 21:46:06.272,,,,,,,,,-40.0,0.0,0.0,0.0,0.0,0.0,514.0
2026-07-20 21:46:06.472,,,,,,,,,-40.0,0.0,0.0,0.0,0.0,0.0,514.0
2026-07-20 21:46:06.672,,,,,,,,,-40.0,0.0,0.0,0.0,0.0,0.0,514.0
2026-07-20 21:46:06.872,,,,,,,,,-40.0,0.0,0.0,0.0,0.0,0.0,514.0
2026-07-20 21:46:07.073,,,,,,,,,-40.0,0.0,0.0,0.0,0.0,0.0,515.0
2026-07-20 21:46:07.272,,,,,,,,,-40.0,0.0,0.0,0.0,0.0,0.0,515.0
2026-07-20 21:46:07.471,,,,,,,,,-40.0,0.0,0.0,0.0,0.0,0.0,515.0
2026-07-20 21:46:07.673,,,,,,,,,-40.0,0.0,0.0,0.0,0.0,0.0,515.0
2026-07-20 21:46:07.872,,,,,,,,,-40.0,0.0,0.0,0.0,0.0,0.0,515.0
2026-07-20 21:46:08.073,,,,,,,,,-40.0,0.0,0.0,0.0,0.0,0.0,516.0
2026-07-20 21:46:08.272,,,,,,,,,-40.0,0.0,0.0,0.0,0.0,0.0,516.0
2026-07-20 21:46:08.472,,,,,,,,,-40.0,0.0,0.0,0.0,0.0,0.0,516.0
2026-07-20 21:46:08.672,,,,,,,,,-40.0,0.0,0.0,0.0,0.0,0.0,516.0
2026-07-20 21:46:08.872,,,,,,,,,-40.0,0.0,0.0,0.0,0.0,0.0,516.0
2026-07-20 21:46:09.073,,,,,,,,,-40.0,0.0,0.0,0.0,0.0,0.0,517.0
2026-07-20 21:46:09.272,,,,,,,,,-40.0,0.0,0.0,0.0,0.0,0.0,517.0
2026-07-20 21:46:09.474,,,,,,,,,-40.0,0.0,0.0,0.0,0.0,0.0,517.0
2026-07-20 21:46:09.673,,,,,,,,,-40.0,0.0,0.0,0.0,0.0,0.0,517.0
2026-07-20 21:46:09.872,,,,,,,,,-40.0,0.0,0.0,0.0,0.0,0.0,517.0
2026-07-20 21:46:10.073,,,,,,,,,-40.0,0.0,0.0,0.0,0.0,0.0,518.0
2026-07-20 21:46:10.272,,,,,,,,,-40.0,0.0,0.0,0.0,0.0,0.0,518.0
2026-07-20 21:46:10.472,,,,,,,,,-40.0,0.0,0.0,0.0,0.0,0.0,518.0
2026-07-20 21:46:10.672,,,,,,,,,-40.0,0.0,0.0,0.0,0.0,0.0,518.0
2026-07-20 21:46:10.872,,,,,,,,,-40.0,0.0,0.0,0.0,0.0,0.0,518.0
2026-07-20 21:46:11.073,,,,,,,,,-40.0,0.0,0.0,0.0,0.0,0.0,519.0
2026-07-20 21:46:11.272,,,,,,,,,-40.0,0.0,0.0,0.0,0.0,0.0,519.0
2026-07-20 21:46:11.472,,,,,,,,,-40.0,0.0,0.0,0.0,0.0,0.0,519.0
2026-07-20 21:46:11.672,,,,,,,,,-40.0,0.0,0.0,0.0,0.0,0.0,519.0
2026-07-20 21:46:11.872,,,,,,,,,-40.0,0.0,0.0,0.0,0.0,0.0,519.0
2026-07-20 21:46:12.073,,,,,,,,,-40.0,0.0,0.0,0.0,0.0,0.0,520.0
2026-07-20 21:46:12.272,,,,,,,,,-40.0,0.0,0.0,0.0,0.0,0.0,520.0
2026-07-20 21:46:12.472,,,,,,,,,-40.0,0.0,0.0,0.0,0.0,0.0,520.0
2026-07-20 21:46:12.672,,,,,,,,,-40.0,0.0,0.0,0.0,0.0,0.0,520.0
2026-07-20 21:46:12.871,,,,,,,,,-40.0,0.0,0.0,0.0,0.0,0.0,520.0
2026-07-20 21:46:13.073,,,,,,,,,-40.0,0.0,0.0,0.0,0.0,0.0,521.0
2026-07-20 21:46:13.272,,,,,,,,,-40.0,0.0,0.0,0.0,0.0,0.0,521.0
2026-07-20 21:46:13.472,,,,,,,,,-40.0,0.0,0.0,0.0,0.0,0.0,521.0
2026-07-20 21:46:13.684,,,,,,,,,-40.0,0.0,0.0,0.0,0.0,0.0,521.0
2026-07-20 21:46:13.872,,,,,,,,,-40.0,0.0,0.0,0.0,0.0,0.0,521.0
2026-07-20 21:46:14.073,,,,,,,,,-40.0,0.0,0.0,0.0,0.0,0.0,522.0
2026-07-20 21:46:14.272,,,,,,,,,-40.0,0.0,0.0,0.0,0.0,0.0,522.0
2026-07-20 21:46:14.472,,,,,,,,,-40.0,0.0,0.0,0.0,0.0,0.0,522.0
2026-07-20 21:46:14.672,,,,,,,,,-40.0,0.0,0.0,0.0,0.0,0.0,522.0
2026-07-20 21:46:14.872,,,,,,,,,-40.0,0.0,0.0,0.0,0.0,0.0,522.0
2026-07-20 21:46:15.072,,,,,,,,,-40.0,0.0,0.0,0.0,0.0,0.0,523.0
2026-07-20 21:46:15.292,,,,,,,,,-40.0,0.0,0.0,0.0,0.0,0.0,523.0
2026-07-20 21:46:15.472,,,,,,,,,-40.0,0.0,0.0,0.0,0.0,0.0,523.0
2026-07-20 21:46:15.672,,,,,,,,,-40.0,0.0,0.0,0.0,0.0,0.0,523.0
2026-07-20 21:46:15.887,,,,,,,,,-40.0,0.0,0.0,0.0,0.0,0.0,523.0
2026-07-20 21:46:16.073,,,,,,,,,-40.0,0.0,0.0,0.0,0.0,0.0,524.0
2026-07-20 21:46:16.272,,,,,,,,,-40.0,0.0,0.0,0.0,0.0,0.0,524.0
2026-07-20 21:46:16.472,,,,,,,,,-40.0,0.0,0.0,0.0,0.0,0.0,524.0
2026-07-20 21:46:16.672,,,,,,,,,-40.0,0.0,0.0,0.0,0.0,0.0,524.0
2026-07-20 21:46:16.872,,,,,,,,,-40.0,0.0,0.0,0.0,0.0,0.0,524.0
2026-07-20 21:46:17.073,,,,,,,,,-40.0,0.0,0.0,0.0,0.0,0.0,525.0
2026-07-20 21:46:17.272,,,,,,,,,-40.0,0.0,0.0,0.0,0.0,0.0,525.0
2026-07-20 21:46:17.491,,,,,,,,,-40.0,0.0,0.0,0.0,0.0,0.0,525.0
2026-07-20 21:46:17.672,,,,,,,,,-40.0,0.0,0.0,0.0,0.0,0.0,525.0
2026-07-20 21:46:17.872,,,,,,,,,-40.0,0.0,0.0,0.0,0.0,0.0,525.0
2026-07-20 21:46:18.073,,,,,,,,,-40.0,0.0,0.0,0.0,0.0,0.0,526.0
2026-07-20 21:46:18.272,,,,,,,,,-40.0,0.0,0.0,0.0,0.0,0.0,526.0
2026-07-20 21:46:18.472,,,,,,,,,-40.0,0.0,0.0,0.0,0.0,0.0,526.0
2026-07-20 21:46:18.672,,,,,,,,,-40.0,0.0,0.0,0.0,0.0,0.0,526.0
2026-07-20 21:46:18.872,,,,,,,,,-40.0,0.0,0.0,0.0,0.0,0.0,526.0
2026-07-20 21:46:19.073,,,,,,,,,-40.0,0.0,0.0,0.0,0.0,0.0,527.0
2026-07-20 21:46:19.272,,,,,,,,,-40.0,0.0,0.0,0.0,0.0,0.0,527.0
2026-07-20 21:46:19.471,,,,,,,,,-40.0,0.0,0.0,0.0,0.0,0.0,527.0
2026-07-20 21:46:19.672,,,,,,,,,-40.0,0.0,0.0,0.0,0.0,0.0,527.0
2026-07-20 21:46:19.872,,,,,,,,,-40.0,0.0,0.0,0.0,0.0,0.0,527.0
2026-07-20 21:46:20.073,,,,,,,,,-40.0,0.0,0.0,0.0,0.0,0.0,528.0
2026-07-20 21:46:20.281,,,,,,,,,-40.0,0.0,0.0,0.0,0.0,0.0,528.0
2026-07-20 21:46:20.473,,,,,,,,,-40.0,0.0,0.0,0.0,0.0,0.0,528.0
2026-07-20 21:46:20.672,,,,,,,,,-40.0,0.0,0.0,0.0,0.0,0.0,528.0
2026-07-20 21:46:20.897,,,,,,,,,-40.0,0.0,0.0,0.0,0.0,0.0,528.0
2026-07-20 21:46:21.073,,,,,,,,,-40.0,0.0,0.0,0.0,0.0,0.0,529.0
2026-07-20 21:46:21.271,,,,,,,,,-40.0,0.0,0.0,0.0,0.0,0.0,529.0
2026-07-20 21:46:21.487,,,,,,,,,-40.0,0.0,0.0,0.0,0.0,0.0,529.0
2026-07-20 21:46:21.672,,,,,,,,,-40.0,0.0,0.0,0.0,0.0,0.0,529.0
2026-07-20 21:46:21.872,,,,,,,,,-40.0,0.0,0.0,0.0,0.0,0.0,529.0
2026-07-20 21:46:22.090,,,,,,,,,-40.0,0.0,0.0,0.0,0.0,0.0,530.0
2026-07-20 21:46:22.271,,,,,,,,,-40.0,0.0,0.0,0.0,0.0,0.0,530.0
2026-07-20 21:46:22.471,,,,,,,,,-40.0,0.0,0.0,0.0,0.0,0.0,530.0
2026-07-20 21:46:22.672,,,,,,,,,-40.0,0.0,0.0,0.0,0.0,0.0,530.0
2026-07-20 21:46:22.872,,,,,,,,,-40.0,0.0,0.0,0.0,0.0,0.0,530.0
2026-07-20 21:46:23.073,,,,,,,,,-40.0,0.0,0.0,0.0,0.0,0.0,531.0
2026-07-20 21:46:23.272,,,,,,,,,-40.0,0.0,0.0,0.0,0.0,0.0,531.0
2026-07-20 21:46:23.472,,,,,,,,,-40.0,0.0,0.0,0.0,0.0,0.0,531.0
2026-07-20 21:46:23.672,,,,,,,,,-40.0,0.0,0.0,0.0,0.0,0.0,531.0
2026-07-20 21:46:23.871,,,,,,,,,-40.0,0.0,0.0,0.0,0.0,0.0,531.0
2026-07-20 21:46:24.072,,,,,,,,,-40.0,0.0,0.0,0.0,0.0,0.0,532.0
2026-07-20 21:46:24.272,,,,,,,,,-40.0,0.0,0.0,0.0,0.0,0.0,532.0
2026-07-20 21:46:24.472,,,,,,,,,-40.0,0.0,0.0,0.0,0.0,0.0,532.0
2026-07-20 21:46:24.672,,,,,,,,,-40.0,0.0,0.0,0.0,0.0,0.0,532.0
2026-07-20 21:46:24.872,,,,,,,,,-40.0,0.0,0.0,0.0,0.0,0.0,532.0
2026-07-20 21:46:25.073,,,,,,,,,-40.0,0.0,0.0,0.0,0.0,0.0,533.0
2026-07-20 21:46:25.272,,,,,,,,,-40.0,0.0,0.0,0.0,0.0,0.0,533.0
2026-07-20 21:46:25.472,,,,,,,,,-40.0,0.0,0.0,0.0,0.0,0.0,533.0
2026-07-20 21:46:25.672,,,,,,,,,-40.0,0.0,0.0,0.0,0.0,0.0,533.0
2026-07-20 21:46:25.878,,,,,,,,,-40.0,0.0,0.0,0.0,0.0,0.0,533.0
2026-07-20 21:46:26.073,,,,,,,,,-40.0,0.0,0.0,0.0,0.0,0.0,534.0
2026-07-20 21:46:26.272,,,,,,,,,-40.0,0.0,0.0,0.0,0.0,0.0,534.0
2026-07-20 21:46:26.472,,,,,,,,,-40.0,0.0,0.0,0.0,0.0,0.0,534.0
2026-07-20 21:46:26.671,,,,,,,,,-40.0,0.0,0.0,0.0,0.0,0.0,534.0
2026-07-20 21:46:26.872,,,,,,,,,-40.0,0.0,0.0,0.0,0.0,0.0,534.0
2026-07-20 21:46:27.072,,,,,,,,,-40.0,0.0,0.0,0.0,0.0,0.0,535.0
2026-07-20 21:46:27.272,,,,,,,,,-40.0,0.0,0.0,0.0,0.0,0.0,535.0
2026-07-20 21:46:27.472,,,,,,,,,-40.0,0.0,0.0,0.0,0.0,0.0,535.0
2026-07-20 21:46:27.672,,,,,,,,,-40.0,0.0,0.0,0.0,0.0,0.0,535.0
2026-07-20 21:46:27.872,,,,,,,,,-40.0,0.0,0.0,0.0,0.0,0.0,535.0
2026-07-20 21:46:28.104,,,,,,,,,-40.0,0.0,0.0,0.0,0.0,0.0,536.0
2026-07-20 21:46:28.272,,,,,,,,,-40.0,0.0,0.0,0.0,0.0,0.0,536.0
2026-07-20 21:46:28.471,,,,,,,,,-40.0,0.0,0.0,0.0,0.0,0.0,536.0
2026-07-20 21:46:28.672,,,,,,,,,-40.0,0.0,0.0,0.0,0.0,0.0,536.0
2026-07-20 21:46:28.872,,,,,,,,,-40.0,0.0,0.0,0.0,0.0,0.0,536.0
2026-07-20 21:46:29.072,,,,,,,,,-40.0,0.0,0.0,0.0,0.0,0.0,537.0
2026-07-20 21:46:29.272,,,,,,,,,-40.0,0.0,0.0,0.0,0.0,0.0,537.0
2026-07-20 21:46:29.472,,,,,,,,,-40.0,0.0,0.0,0.0,0.0,0.0,537.0
2026-07-20 21:46:29.672,,,,,,,,,-40.0,0.0,0.0,0.0,0.0,0.0,537.0
2026-07-20 21:46:29.872,,,,,,,,,-40.0,0.0,0.0,0.0,0.0,0.0,537.0
2026-07-20 21:46:30.072,,,,,,,,,-40.0,0.0,0.0,0.0,0.0,0.0,538.0
2026-07-20 21:46:30.272,,,,,,,,,-40.0,0.0,0.0,0.0,0.0,0.0,538.0
2026-07-20 21:46:30.471,,,,,,,,,-40.0,0.0,0.0,0.0,0.0,0.0,538.0
2026-07-20 21:46:30.671,,,,,,,,,-40.0,0.0,0.0,0.0,0.0,0.0,538.0
2026-07-20 21:46:30.872,,,,,,,,,-40.0,0.0,0.0,0.0,0.0,0.0,538.0
2026-07-20 21:46:31.072,,,,,,,,,-40.0,0.0,0.0,0.0,0.0,0.0,539.0
2026-07-20 21:46:31.272,,,,,,,,,-40.0,0.0,0.0,0.0,0.0,0.0,539.0
2026-07-20 21:46:31.472,,,,,,,,,-40.0,0.0,0.0,0.0,0.0,0.0,539.0
2026-07-20 21:46:31.672,,,,,,,,,-40.0,0.0,0.0,0.0,0.0,0.0,539.0
2026-07-20 21:46:31.871,,,,,,,,,-40.0,0.0,0.0,0.0,0.0,0.0,539.0
2026-07-20 21:46:32.073,,,,,,,,,-40.0,0.0,0.0,0.0,0.0,0.0,540.0
2026-07-20 21:46:32.271,,,,,,,,,-40.0,0.0,0.0,0.0,0.0,0.0,540.0
2026-07-20 21:46:32.472,,,,,,,,,-40.0,0.0,0.0,0.0,0.0,0.0,540.0
2026-07-20 21:46:32.672,,,,,,,,,-40.0,0.0,0.0,0.0,0.0,0.0,540.0
2026-07-20 21:46:32.871,,,,,,,,,-40.0,0.0,0.0,0.0,0.0,0.0,540.0
2026-07-20 21:46:33.073,,,,,,,,,-40.0,0.0,0.0,0.0,0.0,0.0,541.0
2026-07-20 21:46:33.271,,,,,,,,,-40.0,0.0,0.0,0.0,0.0,0.0,541.0
2026-07-20 21:46:33.472,,,,,,,,,-40.0,0.0,0.0,0.0,0.0,0.0,541.0
2026-07-20 21:46:33.672,,,,,,,,,-40.0,0.0,0.0,0.0,0.0,0.0,541.0
2026-07-20 21:46:33.876,,,,,,,,,-40.0,0.0,0.0,0.0,0.0,0.0,541.0
2026-07-20 21:46:34.072,,,,,,,,,-40.0,0.0,0.0,0.0,0.0,0.0,542.0
2026-07-20 21:46:34.271,,,,,,,,,-40.0,0.0,0.0,0.0,0.0,0.0,542.0
2026-07-20 21:46:34.472,,,,,,,,,-40.0,0.0,0.0,0.0,0.0,0.0,542.0
2026-07-20 21:46:34.672,,,,,,,,,-40.0,0.0,0.0,0.0,0.0,0.0,542.0
2026-07-20 21:46:34.871,,,,,,,,,-40.0,0.0,0.0,0.0,0.0,0.0,542.0
2026-07-20 21:46:35.072,,,,,,,,,-40.0,0.0,0.0,0.0,0.0,0.0,543.0
2026-07-20 21:46:35.271,,,,,,,,,-40.0,0.0,0.0,0.0,0.0,0.0,543.0
2026-07-20 21:46:35.472,,,,,,,,,-40.0,0.0,0.0,0.0,0.0,0.0,543.0
2026-07-20 21:46:35.696,,,,,,,,,-40.0,0.0,0.0,0.0,0.0,0.0,543.0
2026-07-20 21:46:35.872,,,,,,,,,-40.0,0.0,0.0,0.0,0.0,0.0,543.0
2026-07-20 21:46:36.072,,,,,,,,,-40.0,0.0,0.0,0.0,0.0,0.0,544.0
2026-07-20 21:46:36.272,,,,,,,,,-40.0,0.0,0.0,0.0,0.0,0.0,544.0
2026-07-20 21:46:36.472,,,,,,,,,-40.0,0.0,0.0,0.0,0.0,0.0,544.0
2026-07-20 21:46:36.672,,,,,,,,,-40.0,0.0,0.0,0.0,0.0,0.0,544.0
2026-07-20 21:46:36.872,,,,,,,,,-40.0,0.0,0.0,0.0,0.0,0.0,544.0
2026-07-20 21:46:37.072,,,,,,,,,-40.0,0.0,0.0,0.0,0.0,0.0,545.0
2026-07-20 21:46:37.272,,,,,,,,,-40.0,0.0,0.0,0.0,0.0,0.0,545.0
2026-07-20 21:46:37.471,,,,,,,,,-40.0,0.0,0.0,0.0,0.0,0.0,545.0
2026-07-20 21:46:37.673,,,,,,,,,-40.0,0.0,0.0,0.0,0.0,0.0,545.0
2026-07-20 21:46:37.871,,,,,,,,,-40.0,0.0,0.0,0.0,0.0,0.0,545.0
2026-07-20 21:46:38.073,,,,,,,,,-40.0,0.0,0.0,0.0,0.0,0.0,546.0
2026-07-20 21:46:38.271,,,,,,,,,-40.0,0.0,0.0,0.0,0.0,0.0,546.0
2026-07-20 21:46:38.476,,,,,,,,,-40.0,0.0,0.0,0.0,0.0,0.0,546.0
2026-07-20 21:46:38.672,,,,,,,,,-40.0,0.0,0.0,0.0,0.0,0.0,546.0
2026-07-20 21:46:38.872,,,,,,,,,-40.0,0.0,0.0,0.0,0.0,0.0,546.0
2026-07-20 21:46:39.072,,,,,,,,,-40.0,0.0,0.0,0.0,0.0,0.0,547.0
2026-07-20 21:46:39.271,,,,,,,,,-40.0,0.0,0.0,0.0,0.0,0.0,547.0
2026-07-20 21:46:39.472,,,,,,,,,-40.0,0.0,0.0,0.0,0.0,0.0,547.0
2026-07-20 21:46:39.671,,,,,,,,,-40.0,0.0,0.0,0.0,0.0,0.0,547.0
2026-07-20 21:46:39.872,,,,,,,,,-40.0,0.0,0.0,0.0,0.0,0.0,547.0
2026-07-20 21:46:40.073,,,,,,,,,-40.0,0.0,0.0,0.0,0.0,0.0,548.0
2026-07-20 21:46:40.271,,,,,,,,,-40.0,0.0,0.0,0.0,0.0,0.0,548.0
2026-07-20 21:46:40.472,,,,,,,,,-40.0,0.0,0.0,0.0,0.0,0.0,548.0
2026-07-20 21:46:40.672,,,,,,,,,-40.0,0.0,0.0,0.0,0.0,0.0,548.0
2026-07-20 21:46:40.871,,,,,,,,,-40.0,0.0,0.0,0.0,0.0,0.0,548.0
2026-07-20 21:46:41.072,,,,,,,,,-40.0,0.0,0.0,0.0,0.0,0.0,549.0
2026-07-20 21:46:41.271,,,,,,,,,-40.0,0.0,0.0,0.0,0.0,0.0,549.0
2026-07-20 21:46:41.471,,,,,,,,,-40.0,0.0,0.0,0.0,0.0,0.0,549.0
2026-07-20 21:46:41.695,,,,,,,,,-40.0,0.0,0.0,0.0,0.0,0.0,549.0
2026-07-20 21:46:41.871,,,,,,,,,-40.0,0.0,0.0,0.0,0.0,0.0,549.0
2026-07-20 21:46:42.072,,,,,,,,,-40.0,0.0,0.0,0.0,0.0,0.0,550.0
2026-07-20 21:46:42.278,,,,,,,,,-40.0,0.0,0.0,0.0,0.0,0.0,550.0
2026-07-20 21:46:42.471,,,,,,,,,-40.0,0.0,0.0,0.0,0.0,0.0,550.0
2026-07-20 21:46:42.671,,,,,,,,,-40.0,0.0,0.0,0.0,0.0,0.0,550.0
2026-07-20 21:46:42.871,,,,,,,,,-40.0,0.0,0.0,0.0,0.0,0.0,550.0
2026-07-20 21:46:43.072,,,,,,,,,-40.0,0.0,0.0,0.0,0.0,0.0,551.0
2026-07-20 21:46:43.271,,,,,,,,,-40.0,0.0,0.0,0.0,0.0,0.0,551.0
2026-07-20 21:46:43.471,,,,,,,,,-40.0,0.0,0.0,0.0,0.0,0.0,551.0
2026-07-20 21:46:43.672,,,,,,,,,-40.0,0.0,0.0,0.0,0.0,0.0,551.0
2026-07-20 21:46:43.871,,,,,,,,,-40.0,0.0,0.0,0.0,0.0,0.0,551.0
2026-07-20 21:46:44.072,,,,,,,,,-40.0,0.0,0.0,0.0,0.0,0.0,552.0
2026-07-20 21:46:44.271,,,,,,,,,-40.0,0.0,0.0,0.0,0.0,0.0,552.0
2026-07-20 21:46:44.471,,,,,,,,,-40.0,0.0,0.0,0.0,0.0,0.0,552.0
2026-07-20 21:46:44.671,,,,,,,,,-40.0,0.0,0.0,0.0,0.0,0.0,552.0
2026-07-20 21:46:44.871,,,,,,,,,-40.0,0.0,0.0,0.0,0.0,0.0,552.0
2026-07-20 21:46:45.072,,,,,,,,,-40.0,0.0,0.0,0.0,0.0,0.0,553.0
2026-07-20 21:46:45.271,,,,,,,,,-40.0,0.0,0.0,0.0,0.0,0.0,553.0
2026-07-20 21:46:45.471,,,,,,,,,-40.0,0.0,0.0,0.0,0.0,0.0,553.0
2026-07-20 21:46:45.671,,,,,,,,,-40.0,0.0,0.0,0.0,0.0,0.0,553.0
2026-07-20 21:46:45.871,,,,,,,,,-40.0,0.0,0.0,0.0,0.0,0.0,553.0
2026-07-20 21:46:46.082,,,,,,,,,-40.0,0.0,0.0,0.0,0.0,0.0,554.0
2026-07-20 21:46:46.271,,,,,,,,,-40.0,0.0,0.0,0.0,0.0,0.0,554.0
2026-07-20 21:46:46.471,,,,,,,,,-40.0,0.0,0.0,0.0,0.0,0.0,554.0
2026-07-20 21:46:46.672,,,,,,,,,-40.0,0.0,0.0,0.0,0.0,0.0,554.0
2026-07-20 21:46:46.871,,,,,,,,,-40.0,0.0,0.0,0.0,0.0,0.0,554.0
2026-07-20 21:46:47.072,,,,,,,,,-40.0,0.0,0.0,0.0,0.0,0.0,555.0
2026-07-20 21:46:47.272,,,,,,,,,-40.0,0.0,0.0,0.0,0.0,0.0,555.0
2026-07-20 21:46:47.472,,,,,,,,,-40.0,0.0,0.0,0.0,0.0,0.0,555.0
2026-07-20 21:46:47.672,,,,,,,,,-40.0,0.0,0.0,0.0,0.0,0.0,555.0
2026-07-20 21:46:47.871,,,,,,,,,-40.0,0.0,0.0,0.0,0.0,0.0,555.0
2026-07-20 21:46:48.072,,,,,,,,,-40.0,0.0,0.0,0.0,0.0,0.0,556.0
2026-07-20 21:46:48.271,,,,,,,,,-40.0,0.0,0.0,0.0,0.0,0.0,556.0
2026-07-20 21:46:48.471,,,,,,,,,-40.0,0.0,0.0,0.0,0.0,0.0,556.0
2026-07-20 21:46:48.671,,,,,,,,,-40.0,0.0,0.0,0.0,0.0,0.0,556.0
2026-07-20 21:46:48.871,,,,,,,,,-40.0,0.0,0.0,0.0,0.0,0.0,556.0
2026-07-20 21:46:49.079,,,,,,,,,-40.0,0.0,0.0,0.0,0.0,0.0,557.0
2026-07-20 21:46:49.271,,,,,,,,,-40.0,0.0,0.0,0.0,0.0,0.0,557.0
2026-07-20 21:46:49.472,,,,,,,,,-40.0,0.0,0.0,0.0,0.0,0.0,557.0
2026-07-20 21:46:49.680,,,,,,,,,-40.0,0.0,0.0,0.0,0.0,0.0,557.0
2026-07-20 21:46:49.871,,,,,,,,,-40.0,0.0,0.0,0.0,0.0,0.0,557.0
2026-07-20 21:46:50.072,,,,,,,,,-40.0,0.0,0.0,0.0,0.0,0.0,558.0
2026-07-20 21:46:50.291,,,,,,,,,-40.0,0.0,0.0,0.0,0.0,0.0,558.0
2026-07-20 21:46:50.471,,,,,,,,,-40.0,0.0,0.0,0.0,0.0,0.0,558.0
2026-07-20 21:46:50.711,,,,,,,,,-40.0,0.0,0.0,0.0,0.0,0.0,558.0
2026-07-20 21:46:50.871,,,,,,,,,-40.0,0.0,0.0,0.0,0.0,0.0,558.0
2026-07-20 21:46:51.072,,,,,,,,,-40.0,0.0,0.0,0.0,0.0,0.0,559.0
2026-07-20 21:46:51.271,,,,,,,,,-40.0,0.0,0.0,0.0,0.0,0.0,559.0
2026-07-20 21:46:51.471,,,,,,,,,-40.0,0.0,0.0,0.0,0.0,0.0,559.0
2026-07-20 21:46:51.672,,,,,,,,,-40.0,0.0,0.0,0.0,0.0,0.0,559.0
2026-07-20 21:46:51.872,,,,,,,,,-40.0,0.0,0.0,0.0,0.0,0.0,559.0
2026-07-20 21:46:52.072,,,,,,,,,-40.0,0.0,0.0,0.0,0.0,0.0,560.0
2026-07-20 21:46:52.271,,,,,,,,,-40.0,0.0,0.0,0.0,0.0,0.0,560.0
2026-07-20 21:46:52.471,,,,,,,,,-40.0,0.0,0.0,0.0,0.0,0.0,560.0
2026-07-20 21:46:52.671,,,,,,,,,-40.0,0.0,0.0,0.0,0.0,0.0,560.0
2026-07-20 21:46:52.871,,,,,,,,,-40.0,0.0,0.0,0.0,0.0,0.0,560.0
2026-07-20 21:46:53.072,,,,,,,,,-40.0,0.0,0.0,0.0,0.0,0.0,561.0
2026-07-20 21:46:53.271,,,,,,,,,-40.0,0.0,0.0,0.0,0.0,0.0,561.0
2026-07-20 21:46:53.471,,,,,,,,,-40.0,0.0,0.0,0.0,0.0,0.0,561.0
2026-07-20 21:46:53.672,,,,,,,,,-40.0,0.0,0.0,0.0,0.0,0.0,561.0
2026-07-20 21:46:53.871,,,,,,,,,-40.0,0.0,0.0,0.0,0.0,0.0,561.0
2026-07-20 21:46:54.072,,,,,,,,,-40.0,0.0,0.0,0.0,0.0,0.0,562.0
2026-07-20 21:46:54.273,,,,,,,,,-40.0,0.0,0.0,0.0,0.0,0.0,562.0
2026-07-20 21:46:54.488,,,,,,,,,-40.0,0.0,0.0,0.0,0.0,0.0,562.0
2026-07-20 21:46:54.671,,,,,,,,,-40.0,0.0,0.0,0.0,0.0,0.0,562.0
2026-07-20 21:46:54.871,,,,,,,,,-40.0,0.0,0.0,0.0,0.0,0.0,562.0
2026-07-20 21:46:55.086,,,,,,,,,-40.0,0.0,0.0,0.0,0.0,0.0,563.0
2026-07-20 21:46:55.272,,,,,,,,,-40.0,0.0,0.0,0.0,0.0,0.0,563.0
2026-07-20 21:46:55.471,,,,,,,,,-40.0,0.0,0.0,0.0,0.0,0.0,563.0
2026-07-20 21:46:55.672,,,,,,,,,-40.0,0.0,0.0,0.0,0.0,0.0,563.0
2026-07-20 21:46:55.871,,,,,,,,,-40.0,0.0,0.0,0.0,0.0,0.0,563.0
2026-07-20 21:46:56.073,,,,,,,,,-40.0,0.0,0.0,0.0,0.0,0.0,564.0
2026-07-20 21:46:56.271,,,,,,,,,-40.0,0.0,0.0,0.0,0.0,0.0,564.0
2026-07-20 21:46:56.471,,,,,,,,,-40.0,0.0,0.0,0.0,0.0,0.0,564.0
2026-07-20 21:46:56.671,,,,,,,,,-40.0,0.0,0.0,0.0,0.0,0.0,564.0
2026-07-20 21:46:56.871,,,,,,,,,-40.0,0.0,0.0,0.0,0.0,0.0,564.0
2026-07-20 21:46:57.075,,,,,,,,,-40.0,0.0,0.0,0.0,0.0,0.0,565.0
2026-07-20 21:46:57.271,,,,,,,,,-40.0,0.0,0.0,0.0,0.0,0.0,565.0
2026-07-20 21:46:57.471,,,,,,,,,-40.0,0.0,0.0,0.0,0.0,0.0,565.0
2026-07-20 21:46:57.683,,,,,,,,,-40.0,0.0,0.0,0.0,0.0,0.0,565.0
2026-07-20 21:46:57.872,,,,,,,,,-40.0,0.0,0.0,0.0,0.0,0.0,565.0
2026-07-20 21:46:58.071,,,,,,,,,-40.0,0.0,0.0,0.0,0.0,0.0,566.0
2026-07-20 21:46:58.271,,,,,,,,,-40.0,0.0,0.0,0.0,0.0,0.0,566.0
2026-07-20 21:46:58.471,,,,,,,,,-40.0,0.0,0.0,0.0,0.0,0.0,566.0
2026-07-20 21:46:58.671,,,,,,,,,-40.0,0.0,0.0,0.0,0.0,0.0,566.0
2026-07-20 21:46:58.871,,,,,,,,,-40.0,0.0,0.0,0.0,0.0,0.0,566.0
2026-07-20 21:46:59.071,,,,,,,,,-40.0,0.0,0.0,0.0,0.0,0.0,567.0
2026-07-20 21:46:59.271,,,,,,,,,-40.0,0.0,0.0,0.0,0.0,0.0,567.0
2026-07-20 21:46:59.471,,,,,,,,,-40.0,0.0,0.0,0.0,0.0,0.0,567.0
2026-07-20 21:46:59.671,,,,,,,,,-40.0,0.0,0.0,0.0,0.0,0.0,567.0
2026-07-20 21:46:59.871,,,,,,,,,-40.0,0.0,0.0,0.0,0.0,0.0,567.0
2026-07-20 21:47:00.072,,,,,,,,,-40.0,0.0,0.0,0.0,0.0,0.0,568.0
2026-07-20 21:47:00.271,,,,,,,,,-40.0,0.0,0.0,0.0,0.0,0.0,568.0
2026-07-20 21:47:00.471,,,,,,,,,-40.0,0.0,0.0,0.0,0.0,0.0,568.0
2026-07-20 21:47:00.671,,,,,,,,,-40.0,0.0,0.0,0.0,0.0,0.0,568.0
2026-07-20 21:47:00.871,,,,,,,,,-40.0,0.0,0.0,0.0,0.0,0.0,568.0
2026-07-20 21:47:01.072,,,,,,,,,-40.0,0.0,0.0,0.0,0.0,0.0,569.0
2026-07-20 21:47:01.271,,,,,,,,,-40.0,0.0,0.0,0.0,0.0,0.0,569.0
2026-07-20 21:47:01.500,,,,,,,,,-40.0,0.0,0.0,0.0,0.0,0.0,569.0
2026-07-20 21:47:01.671,,,,,,,,,-40.0,0.0,0.0,0.0,0.0,0.0,569.0
2026-07-20 21:47:01.871,,,,,,,,,-40.0,0.0,0.0,0.0,0.0,0.0,569.0
2026-07-20 21:47:02.072,,,,,,,,,-40.0,0.0,0.0,0.0,0.0,0.0,570.0
2026-07-20 21:47:02.271,,,,,,,,,-40.0,0.0,0.0,0.0,0.0,0.0,570.0
2026-07-20 21:47:02.471,,,,,,,,,-40.0,0.0,0.0,0.0,0.0,0.0,570.0
2026-07-20 21:47:02.671,,,,,,,,,-40.0,0.0,0.0,0.0,0.0,0.0,570.0
2026-07-20 21:47:02.871,,,,,,,,,-40.0,0.0,0.0,0.0,0.0,0.0,570.0
2026-07-20 21:47:03.072,,,,,,,,,-40.0,0.0,0.0,0.0,0.0,0.0,571.0
2026-07-20 21:47:03.271,,,,,,,,,-40.0,0.0,0.0,0.0,0.0,0.0,571.0
2026-07-20 21:47:03.471,,,,,,,,,-40.0,0.0,0.0,0.0,0.0,0.0,571.0
2026-07-20 21:47:03.671,,,,,,,,,-40.0,0.0,0.0,0.0,0.0,0.0,571.0
2026-07-20 21:47:03.871,,,,,,,,,-40.0,0.0,0.0,0.0,0.0,0.0,571.0
2026-07-20 21:47:04.072,,,,,,,,,-40.0,0.0,0.0,0.0,0.0,0.0,572.0
2026-07-20 21:47:04.271,,,,,,,,,-40.0,0.0,0.0,0.0,0.0,0.0,572.0
2026-07-20 21:47:04.470,,,,,,,,,-40.0,0.0,0.0,0.0,0.0,0.0,572.0
2026-07-20 21:47:04.671,,,,,,,,,-40.0,0.0,0.0,0.0,0.0,0.0,572.0
2026-07-20 21:47:04.870,,,,,,,,,-40.0,0.0,0.0,0.0,0.0,0.0,572.0
2026-07-20 21:47:05.071,,,,,,,,,-40.0,0.0,0.0,0.0,0.0,0.0,573.0
2026-07-20 21:47:05.271,,,,,,,,,-40.0,0.0,0.0,0.0,0.0,0.0,573.0
2026-07-20 21:47:05.471,,,,,,,,,-40.0,0.0,0.0,0.0,0.0,0.0,573.0
2026-07-20 21:47:05.671,,,,,,,,,-40.0,0.0,0.0,0.0,0.0,0.0,573.0
2026-07-20 21:47:05.871,,,,,,,,,-40.0,0.0,0.0,0.0,0.0,0.0,573.0
2026-07-20 21:47:06.072,,,,,,,,,-40.0,0.0,0.0,0.0,0.0,0.0,574.0
2026-07-20 21:47:06.270,,,,,,,,,-40.0,0.0,0.0,0.0,0.0,0.0,574.0
2026-07-20 21:47:06.471,,,,,,,,,-40.0,0.0,0.0,0.0,0.0,0.0,574.0
2026-07-20 21:47:06.671,,,,,,,,,-40.0,0.0,0.0,0.0,0.0,0.0,574.0
2026-07-20 21:47:06.870,,,,,,,,,-40.0,0.0,0.0,0.0,0.0,0.0,574.0
2026-07-20 21:47:07.072,,,,,,,,,-40.0,0.0,0.0,0.0,0.0,0.0,575.0
2026-07-20 21:47:07.271,,,,,,,,,-40.0,0.0,0.0,0.0,0.0,0.0,575.0
2026-07-20 21:47:07.470,,,,,,,,,-40.0,0.0,0.0,0.0,0.0,0.0,575.0
2026-07-20 21:47:07.671,,,,,,,,,-40.0,0.0,0.0,0.0,0.0,0.0,575.0
2026-07-20 21:47:07.871,,,,,,,,,-40.0,0.0,0.0,0.0,0.0,0.0,575.0
2026-07-20 21:47:08.072,,,,,,,,,-40.0,0.0,0.0,0.0,0.0,0.0,576.0
2026-07-20 21:47:08.271,,,,,,,,,-40.0,0.0,0.0,0.0,0.0,0.0,576.0
2026-07-20 21:47:08.471,,,,,,,,,-40.0,0.0,0.0,0.0,0.0,0.0,576.0
2026-07-20 21:47:08.671,,,,,,,,,-40.0,0.0,0.0,0.0,0.0,0.0,576.0
2026-07-20 21:47:08.870,,,,,,,,,-40.0,0.0,0.0,0.0,0.0,0.0,576.0
2026-07-20 21:47:09.072,,,,,,,,,-40.0,0.0,0.0,0.0,0.0,0.0,577.0
2026-07-20 21:47:09.270,,,,,,,,,-40.0,0.0,0.0,0.0,0.0,0.0,577.0
2026-07-20 21:47:09.471,,,,,,,,,-40.0,0.0,0.0,0.0,0.0,0.0,577.0
2026-07-20 21:47:09.671,,,,,,,,,-40.0,0.0,0.0,0.0,0.0,0.0,577.0
2026-07-20 21:47:09.870,,,,,,,,,-40.0,0.0,0.0,0.0,0.0,0.0,577.0
2026-07-20 21:47:10.072,,,,,,,,,-40.0,0.0,0.0,0.0,0.0,0.0,578.0
2026-07-20 21:47:10.271,,,,,,,,,-40.0,0.0,0.0,0.0,0.0,0.0,578.0
2026-07-20 21:47:10.470,,,,,,,,,-40.0,0.0,0.0,0.0,0.0,0.0,578.0
2026-07-20 21:47:10.671,,,,,,,,,-40.0,0.0,0.0,0.0,0.0,0.0,578.0
2026-07-20 21:47:10.871,,,,,,,,,-40.0,0.0,0.0,0.0,0.0,0.0,578.0
2026-07-20 21:47:11.072,,,,,,,,,-40.0,0.0,0.0,0.0,0.0,0.0,579.0
2026-07-20 21:47:11.270,,,,,,,,,-40.0,0.0,0.0,0.0,0.0,0.0,579.0
2026-07-20 21:47:11.470,,,,,,,,,-40.0,0.0,0.0,0.0,0.0,0.0,579.0
2026-07-20 21:47:11.670,,,,,,,,,-40.0,0.0,0.0,0.0,0.0,0.0,579.0
2026-07-20 21:47:11.871,,,,,,,,,-40.0,0.0,0.0,0.0,0.0,0.0,579.0
2026-07-20 21:47:12.072,,,,,,,,,-40.0,0.0,0.0,0.0,0.0,0.0,580.0
2026-07-20 21:47:12.272,,,,,,,,,-40.0,0.0,0.0,0.0,0.0,0.0,580.0
2026-07-20 21:47:12.471,,,,,,,,,-40.0,0.0,0.0,0.0,0.0,0.0,580.0
2026-07-20 21:47:12.672,,,,,,,,,-40.0,0.0,0.0,0.0,0.0,0.0,580.0
2026-07-20 21:47:12.871,,,,,,,,,-40.0,0.0,0.0,0.0,0.0,0.0,580.0
2026-07-20 21:47:13.071,,,,,,,,,-40.0,0.0,0.0,0.0,0.0,0.0,581.0
2026-07-20 21:47:13.270,,,,,,,,,-40.0,0.0,0.0,0.0,0.0,0.0,581.0
2026-07-20 21:47:13.471,,,,,,,,,-40.0,0.0,0.0,0.0,0.0,0.0,581.0
2026-07-20 21:47:13.671,,,,,,,,,-40.0,0.0,0.0,0.0,0.0,0.0,581.0
2026-07-20 21:47:13.871,,,,,,,,,-40.0,0.0,0.0,0.0,0.0,0.0,581.0
2026-07-20 21:47:14.073,,,,,,,,,-40.0,0.0,0.0,0.0,0.0,0.0,582.0
2026-07-20 21:47:14.271,,,,,,,,,-40.0,0.0,0.0,0.0,0.0,0.0,582.0
2026-07-20 21:47:14.471,,,,,,,,,-40.0,0.0,0.0,0.0,0.0,0.0,582.0
2026-07-20 21:47:14.670,,,,,,,,,-40.0,0.0,0.0,0.0,0.0,0.0,582.0
2026-07-20 21:47:14.870,,,,,,,,,-40.0,0.0,0.0,0.0,0.0,0.0,582.0
2026-07-20 21:47:15.072,,,,,,,,,-40.0,0.0,0.0,0.0,0.0,0.0,583.0
2026-07-20 21:47:15.271,,,,,,,,,-40.0,0.0,0.0,0.0,0.0,0.0,583.0
2026-07-20 21:47:15.471,,,,,,,,,-40.0,0.0,0.0,0.0,0.0,0.0,583.0
2026-07-20 21:47:15.671,,,,,,,,,-40.0,0.0,0.0,0.0,0.0,0.0,583.0
2026-07-20 21:47:15.871,,,,,,,,,-40.0,0.0,0.0,0.0,0.0,0.0,583.0
2026-07-20 21:47:16.071,,,,,,,,,-40.0,0.0,0.0,0.0,0.0,0.0,584.0
2026-07-20 21:47:16.270,,,,,,,,,-40.0,0.0,0.0,0.0,0.0,0.0,584.0
2026-07-20 21:47:16.471,,,,,,,,,-40.0,0.0,0.0,0.0,0.0,0.0,584.0
2026-07-20 21:47:16.670,,,,,,,,,-40.0,0.0,0.0,0.0,0.0,0.0,584.0
2026-07-20 21:47:16.870,,,,,,,,,-40.0,0.0,0.0,0.0,0.0,0.0,584.0
2026-07-20 21:47:17.071,,,,,,,,,-40.0,0.0,0.0,0.0,0.0,0.0,585.0
2026-07-20 21:47:17.271,,,,,,,,,-40.0,0.0,0.0,0.0,0.0,0.0,585.0
2026-07-20 21:47:17.472,,,,,,,,,-40.0,0.0,0.0,0.0,0.0,0.0,585.0
2026-07-20 21:47:17.671,,,,,,,,,-40.0,0.0,0.0,0.0,0.0,0.0,585.0
2026-07-20 21:47:17.871,,,,,,,,,-40.0,0.0,0.0,0.0,0.0,0.0,585.0
2026-07-20 21:47:18.071,,,,,,,,,-40.0,0.0,0.0,0.0,0.0,0.0,586.0
2026-07-20 21:47:18.272,,,,,,,,,-40.0,0.0,0.0,0.0,0.0,0.0,586.0
2026-07-20 21:47:18.471,,,,,,,,,-40.0,0.0,0.0,0.0,0.0,0.0,586.0
2026-07-20 21:47:18.670,,,,,,,,,-40.0,0.0,0.0,0.0,0.0,0.0,586.0
2026-07-20 21:47:18.871,,,,,,,,,-40.0,0.0,0.0,0.0,0.0,0.0,586.0
2026-07-20 21:47:19.072,,,,,,,,,-40.0,0.0,0.0,0.0,0.0,0.0,587.0
2026-07-20 21:47:19.271,,,,,,,,,-40.0,0.0,0.0,0.0,0.0,0.0,587.0
2026-07-20 21:47:19.470,,,,,,,,,-40.0,0.0,0.0,0.0,0.0,0.0,587.0
2026-07-20 21:47:19.671,,,,,,,,,-40.0,0.0,0.0,0.0,0.0,0.0,587.0
2026-07-20 21:47:19.870,,,,,,,,,-40.0,0.0,0.0,0.0,0.0,0.0,587.0
2026-07-20 21:47:20.071,,,,,,,,,-40.0,0.0,0.0,0.0,0.0,0.0,588.0
2026-07-20 21:47:20.271,,,,,,,,,-40.0,0.0,0.0,0.0,0.0,0.0,588.0
2026-07-20 21:47:20.471,,,,,,,,,-40.0,0.0,0.0,0.0,0.0,0.0,588.0
2026-07-20 21:47:20.672,,,,,,,,,-40.0,0.0,0.0,0.0,0.0,0.0,588.0
2026-07-20 21:47:20.871,,,,,,,,,-40.0,0.0,0.0,0.0,0.0,0.0,588.0
2026-07-20 21:47:21.071,,,,,,,,,-40.0,0.0,0.0,0.0,0.0,0.0,589.0
2026-07-20 21:47:21.271,,,,,,,,,-40.0,0.0,0.0,0.0,0.0,0.0,589.0
2026-07-20 21:47:21.471,,,,,,,,,-40.0,0.0,0.0,0.0,0.0,0.0,589.0
2026-07-20 21:47:21.671,,,,,,,,,-40.0,0.0,0.0,0.0,0.0,0.0,589.0
2026-07-20 21:47:21.871,,,,,,,,,-40.0,0.0,0.0,0.0,0.0,0.0,589.0
2026-07-20 21:47:22.071,,,,,,,,,-40.0,0.0,0.0,0.0,0.0,0.0,590.0
2026-07-20 21:47:22.270,,,,,,,,,-40.0,0.0,0.0,0.0,0.0,0.0,590.0
2026-07-20 21:47:22.470,,,,,,,,,-40.0,0.0,0.0,0.0,0.0,0.0,590.0
2026-07-20 21:47:22.670,,,,,,,,,-40.0,0.0,0.0,0.0,0.0,0.0,590.0
2026-07-20 21:47:22.871,,,,,,,,,-40.0,0.0,0.0,0.0,0.0,0.0,590.0
2026-07-20 21:47:23.071,,,,,,,,,-40.0,0.0,0.0,0.0,0.0,0.0,591.0
2026-07-20 21:47:23.270,,,,,,,,,-40.0,0.0,0.0,0.0,0.0,0.0,591.0
2026-07-20 21:47:23.471,,,,,,,,,-40.0,0.0,0.0,0.0,0.0,0.0,591.0
2026-07-20 21:47:23.670,,,,,,,,,-40.0,0.0,0.0,0.0,0.0,0.0,591.0
2026-07-20 21:47:23.870,,,,,,,,,-40.0,0.0,0.0,0.0,0.0,0.0,591.0
2026-07-20 21:47:24.071,,,,,,,,,-40.0,0.0,0.0,0.0,0.0,0.0,592.0
2026-07-20 21:47:24.271,,,,,,,,,-40.0,0.0,0.0,0.0,0.0,0.0,592.0
2026-07-20 21:47:24.470,,,,,,,,,-40.0,0.0,0.0,0.0,0.0,0.0,592.0
2026-07-20 21:47:24.670,,,,,,,,,-40.0,0.0,0.0,0.0,0.0,0.0,592.0
2026-07-20 21:47:24.870,,,,,,,,,-40.0,0.0,0.0,0.0,0.0,0.0,592.0
2026-07-20 21:47:25.071,,,,,,,,,-40.0,0.0,0.0,0.0,0.0,0.0,593.0
2026-07-20 21:47:25.271,,,,,,,,,-40.0,0.0,0.0,0.0,0.0,0.0,593.0
2026-07-20 21:47:25.470,,,,,,,,,-40.0,0.0,0.0,0.0,0.0,0.0,593.0
2026-07-20 21:47:25.671,,,,,,,,,-40.0,0.0,0.0,0.0,0.0,0.0,593.0
2026-07-20 21:47:25.869,,,,,,,,,-40.0,0.0,0.0,0.0,0.0,0.0,593.0
2026-07-20 21:47:26.071,,,,,,,,,-40.0,0.0,0.0,0.0,0.0,0.0,594.0
2026-07-20 21:47:26.270,,,,,,,,,-40.0,0.0,0.0,0.0,0.0,0.0,594.0
2026-07-20 21:47:26.471,,,,,,,,,-40.0,0.0,0.0,0.0,0.0,0.0,594.0
2026-07-20 21:47:26.670,,,,,,,,,-40.0,0.0,0.0,0.0,0.0,0.0,594.0
2026-07-20 21:47:26.871,,,,,,,,,-40.0,0.0,0.0,0.0,0.0,0.0,594.0
2026-07-20 21:47:27.073,,,,,,,,,-40.0,0.0,0.0,0.0,0.0,0.0,595.0
2026-07-20 21:47:27.270,,,,,,,,,-40.0,0.0,0.0,0.0,0.0,0.0,595.0
2026-07-20 21:47:27.471,,,,,,,,,-40.0,0.0,0.0,0.0,0.0,0.0,595.0
2026-07-20 21:47:27.670,,,,,,,,,-40.0,0.0,0.0,0.0,0.0,0.0,595.0
2026-07-20 21:47:27.871,,,,,,,,,-40.0,0.0,0.0,0.0,0.0,0.0,595.0
2026-07-20 21:47:28.071,,,,,,,,,-40.0,0.0,0.0,0.0,0.0,0.0,596.0
2026-07-20 21:47:28.270,,,,,,,,,-40.0,0.0,0.0,0.0,0.0,0.0,596.0
2026-07-20 21:47:28.470,,,,,,,,,-40.0,0.0,0.0,0.0,0.0,0.0,596.0
2026-07-20 21:47:28.670,,,,,,,,,-40.0,0.0,0.0,0.0,0.0,0.0,596.0
2026-07-20 21:47:28.870,,,,,,,,,-40.0,0.0,0.0,0.0,0.0,0.0,596.0
2026-07-20 21:47:29.071,,,,,,,,,-40.0,0.0,0.0,0.0,0.0,0.0,597.0
2026-07-20 21:47:29.271,,,,,,,,,-40.0,0.0,0.0,0.0,0.0,0.0,597.0
2026-07-20 21:47:29.471,,,,,,,,,-40.0,0.0,0.0,0.0,0.0,0.0,597.0
2026-07-20 21:47:29.670,,,,,,,,,-40.0,0.0,0.0,0.0,0.0,0.0,597.0
2026-07-20 21:47:29.870,,,,,,,,,-40.0,0.0,0.0,0.0,0.0,0.0,597.0
2026-07-20 21:47:30.073,,,,,,,,,-40.0,0.0,0.0,0.0,0.0,0.0,598.0
2026-07-20 21:47:30.271,,,,,,,,,-40.0,0.0,0.0,0.0,0.0,0.0,598.0
2026-07-20 21:47:30.470,,,,,,,,,-40.0,0.0,0.0,0.0,0.0,0.0,598.0
2026-07-20 21:47:30.670,,,,,,,,,-40.0,0.0,0.0,0.0,0.0,0.0,598.0
2026-07-20 21:47:30.870,,,,,,,,,-40.0,0.0,0.0,0.0,0.0,0.0,598.0
2026-07-20 21:47:31.073,,,,,,,,,-40.0,0.0,0.0,0.0,0.0,0.0,599.0
2026-07-20 21:47:31.270,,,,,,,,,-40.0,0.0,0.0,0.0,0.0,0.0,599.0
2026-07-20 21:47:31.470,,,,,,,,,-40.0,0.0,0.0,0.0,0.0,0.0,599.0
2026-07-20 21:47:31.671,,,,,,,,,-40.0,0.0,0.0,0.0,0.0,0.0,599.0
2026-07-20 21:47:31.870,,,,,,,,,-40.0,0.0,0.0,0.0,0.0,0.0,599.0
2026-07-20 21:47:32.070,,,,,,,,,-40.0,0.0,0.0,0.0,0.0,0.0,600.0
2026-07-20 21:47:32.271,,,,,,,,,-40.0,0.0,0.0,0.0,0.0,0.0,600.0
2026-07-20 21:47:32.470,,,,,,,,,-40.0,0.0,0.0,0.0,0.0,0.0,600.0
2026-07-20 21:47:32.670,,,,,,,,,-40.0,0.0,0.0,0.0,0.0,0.0,600.0
2026-07-20 21:47:32.871,,,,,,,,,-40.0,0.0,0.0,0.0,0.0,0.0,600.0
2026-07-20 21:47:33.071,,,,,,,,,-40.0,0.0,0.0,0.0,0.0,0.0,601.0
2026-07-20 21:47:33.270,,,,,,,,,-40.0,0.0,0.0,0.0,0.0,0.0,601.0
2026-07-20 21:47:33.471,,,,,,,,,-40.0,0.0,0.0,0.0,0.0,0.0,601.0
2026-07-20 21:47:33.671,,,,,,,,,-40.0,0.0,0.0,0.0,0.0,0.0,601.0
2026-07-20 21:47:33.870,,,,,,,,,-40.0,0.0,0.0,0.0,0.0,0.0,601.0
2026-07-20 21:47:34.070,,,,,,,,,-40.0,0.0,0.0,0.0,0.0,0.0,602.0
2026-07-20 21:47:34.271,,,,,,,,,-40.0,0.0,0.0,0.0,0.0,0.0,602.0
2026-07-20 21:47:34.471,,,,,,,,,-40.0,0.0,0.0,0.0,0.0,0.0,602.0
2026-07-20 21:47:34.671,,,,,,,,,-40.0,0.0,0.0,0.0,0.0,0.0,602.0
2026-07-20 21:47:34.886,,,,,,,,,-40.0,0.0,0.0,0.0,0.0,0.0,602.0
2026-07-20 21:47:35.073,,,,,,,,,-40.0,0.0,0.0,0.0,0.0,0.0,603.0
2026-07-20 21:47:35.271,,,,,,,,,-40.0,0.0,0.0,0.0,0.0,0.0,603.0
2026-07-20 21:47:35.470,,,,,,,,,-40.0,0.0,0.0,0.0,0.0,0.0,603.0
2026-07-20 21:47:35.670,,,,,,,,,-40.0,0.0,0.0,0.0,0.0,0.0,603.0
2026-07-20 21:47:35.870,,,,,,,,,-40.0,0.0,0.0,0.0,0.0,0.0,603.0
2026-07-20 21:47:36.071,,,,,,,,,-40.0,0.0,0.0,0.0,0.0,0.0,604.0
2026-07-20 21:47:36.270,,,,,,,,,-40.0,0.0,0.0,0.0,0.0,0.0,604.0
2026-07-20 21:47:36.470,,,,,,,,,-40.0,0.0,0.0,0.0,0.0,0.0,604.0
2026-07-20 21:47:36.670,,,,,,,,,-40.0,0.0,0.0,0.0,0.0,0.0,604.0
2026-07-20 21:47:36.870,,,,,,,,,-40.0,0.0,0.0,0.0,0.0,0.0,604.0
2026-07-20 21:47:37.072,,,,,,,,,-40.0,0.0,0.0,0.0,0.0,0.0,605.0
2026-07-20 21:47:37.271,,,,,,,,,-40.0,0.0,0.0,0.0,0.0,0.0,605.0
2026-07-20 21:47:37.470,,,,,,,,,-40.0,0.0,0.0,0.0,0.0,0.0,605.0
2026-07-20 21:47:37.670,,,,,,,,,-40.0,0.0,0.0,0.0,0.0,0.0,605.0
2026-07-20 21:47:37.870,,,,,,,,,-40.0,0.0,0.0,0.0,0.0,0.0,605.0
2026-07-20 21:47:38.071,,,,,,,,,-40.0,0.0,0.0,0.0,0.0,0.0,606.0
2026-07-20 21:47:38.271,,,,,,,,,-40.0,0.0,0.0,0.0,0.0,0.0,606.0
2026-07-20 21:47:38.471,,,,,,,,,-40.0,0.0,0.0,0.0,0.0,0.0,606.0
2026-07-20 21:47:38.669,,,,,,,,,-40.0,0.0,0.0,0.0,0.0,0.0,606.0
2026-07-20 21:47:38.871,,,,,,,,,-40.0,0.0,0.0,0.0,0.0,0.0,606.0
2026-07-20 21:47:39.071,,,,,,,,,-40.0,0.0,0.0,0.0,0.0,0.0,607.0
2026-07-20 21:47:39.270,,,,,,,,,-40.0,0.0,0.0,0.0,0.0,0.0,607.0
2026-07-20 21:47:39.470,,,,,,,,,-40.0,0.0,0.0,0.0,0.0,0.0,607.0
2026-07-20 21:47:39.670,,,,,,,,,-40.0,0.0,0.0,0.0,0.0,0.0,607.0
2026-07-20 21:47:39.871,,,,,,,,,-40.0,0.0,0.0,0.0,0.0,0.0,607.0
2026-07-20 21:47:40.071,,,,,,,,,-40.0,0.0,0.0,0.0,0.0,0.0,608.0
2026-07-20 21:47:40.270,,,,,,,,,-40.0,0.0,0.0,0.0,0.0,0.0,608.0
2026-07-20 21:47:40.469,,,,,,,,,-40.0,0.0,0.0,0.0,0.0,0.0,608.0
2026-07-20 21:47:40.671,,,,,,,,,-40.0,0.0,0.0,0.0,0.0,0.0,608.0
2026-07-20 21:47:40.869,,,,,,,,,-40.0,0.0,0.0,0.0,0.0,0.0,608.0
2026-07-20 21:47:41.072,,,,,,,,,-40.0,0.0,0.0,0.0,0.0,0.0,609.0
2026-07-20 21:47:41.271,,,,,,,,,-40.0,0.0,0.0,0.0,0.0,0.0,609.0
2026-07-20 21:47:41.470,,,,,,,,,-40.0,0.0,0.0,0.0,0.0,0.0,609.0
2026-07-20 21:47:41.671,,,,,,,,,-40.0,0.0,0.0,0.0,0.0,0.0,609.0
2026-07-20 21:47:41.870,,,,,,,,,-40.0,0.0,0.0,0.0,0.0,0.0,609.0
2026-07-20 21:47:42.072,,,,,,,,,-40.0,0.0,0.0,0.0,0.0,0.0,610.0
2026-07-20 21:47:42.272,,,,,,,,,-40.0,0.0,0.0,0.0,0.0,0.0,610.0
2026-07-20 21:47:42.471,,,,,,,,,-40.0,0.0,0.0,0.0,0.0,0.0,610.0
2026-07-20 21:47:42.671,,,,,,,,,-40.0,0.0,0.0,0.0,0.0,0.0,610.0
2026-07-20 21:47:42.870,,,,,,,,,-40.0,0.0,0.0,0.0,0.0,0.0,610.0
2026-07-20 21:47:43.072,,,,,,,,,-40.0,0.0,0.0,0.0,0.0,0.0,611.0
2026-07-20 21:47:43.291,,,,,,,,,-40.0,0.0,0.0,0.0,0.0,0.0,611.0
2026-07-20 21:47:43.470,,,,,,,,,-40.0,0.0,0.0,0.0,0.0,0.0,611.0
2026-07-20 21:47:43.671,,,,,,,,,-40.0,0.0,0.0,0.0,0.0,0.0,611.0
2026-07-20 21:47:43.870,,,,,,,,,-40.0,0.0,0.0,0.0,0.0,0.0,611.0
2026-07-20 21:47:44.072,,,,,,,,,-40.0,0.0,0.0,0.0,0.0,0.0,612.0
2026-07-20 21:47:44.271,,,,,,,,,-40.0,0.0,0.0,0.0,0.0,0.0,612.0
2026-07-20 21:47:44.470,,,,,,,,,-40.0,0.0,0.0,0.0,0.0,0.0,612.0
2026-07-20 21:47:44.672,,,,,,,,,-40.0,0.0,0.0,0.0,0.0,0.0,612.0
2026-07-20 21:47:44.870,,,,,,,,,-40.0,0.0,0.0,0.0,0.0,0.0,612.0
2026-07-20 21:47:45.072,,,,,,,,,-40.0,0.0,0.0,0.0,0.0,0.0,613.0
2026-07-20 21:47:45.270,,,,,,,,,-40.0,0.0,0.0,0.0,0.0,0.0,613.0
2026-07-20 21:47:45.469,,,,,,,,,-40.0,0.0,0.0,0.0,0.0,0.0,613.0
2026-07-20 21:47:45.670,,,,,,,,,-40.0,0.0,0.0,0.0,0.0,0.0,613.0
2026-07-20 21:47:45.870,,,,,,,,,-40.0,0.0,0.0,0.0,0.0,0.0,613.0
2026-07-20 21:47:46.073,,,,,,,,,-40.0,0.0,0.0,0.0,0.0,0.0,614.0
2026-07-20 21:47:46.270,,,,,,,,,-40.0,0.0,0.0,0.0,0.0,0.0,614.0
2026-07-20 21:47:46.470,,,,,,,,,-40.0,0.0,0.0,0.0,0.0,0.0,614.0
2026-07-20 21:47:46.670,,,,,,,,,-40.0,0.0,0.0,0.0,0.0,0.0,614.0
2026-07-20 21:47:46.870,,,,,,,,,-40.0,0.0,0.0,0.0,0.0,0.0,614.0
2026-07-20 21:47:47.071,,,,,,,,,-40.0,0.0,0.0,0.0,0.0,0.0,615.0
2026-07-20 21:47:47.270,,,,,,,,,-40.0,0.0,0.0,0.0,0.0,0.0,615.0
2026-07-20 21:47:47.470,,,,,,,,,-40.0,0.0,0.0,0.0,0.0,0.0,615.0
2026-07-20 21:47:47.670,,,,,,,,,-40.0,0.0,0.0,0.0,0.0,0.0,615.0
2026-07-20 21:47:47.869,,,,,,,,,-40.0,0.0,0.0,0.0,0.0,0.0,615.0
2026-07-20 21:47:48.072,,,,,,,,,-40.0,0.0,0.0,0.0,0.0,0.0,616.0
2026-07-20 21:47:48.270,,,,,,,,,-40.0,0.0,0.0,0.0,0.0,0.0,616.0
2026-07-20 21:47:48.469,,,,,,,,,-40.0,0.0,0.0,0.0,0.0,0.0,616.0
2026-07-20 21:47:48.670,,,,,,,,,-40.0,0.0,0.0,0.0,0.0,0.0,616.0
2026-07-20 21:47:48.869,,,,,,,,,-40.0,0.0,0.0,0.0,0.0,0.0,616.0
2026-07-20 21:47:49.072,,,,,,,,,-40.0,0.0,0.0,0.0,0.0,0.0,617.0
2026-07-20 21:47:49.269,,,,,,,,,-40.0,0.0,0.0,0.0,0.0,0.0,617.0
2026-07-20 21:47:49.470,,,,,,,,,-40.0,0.0,0.0,0.0,0.0,0.0,617.0
2026-07-20 21:47:49.670,,,,,,,,,-40.0,0.0,0.0,0.0,0.0,0.0,617.0
2026-07-20 21:47:49.870,,,,,,,,,-40.0,0.0,0.0,0.0,0.0,0.0,617.0
2026-07-20 21:47:50.071,,,,,,,,,-40.0,0.0,0.0,0.0,0.0,0.0,618.0
2026-07-20 21:47:50.269,,,,,,,,,-40.0,0.0,0.0,0.0,0.0,0.0,618.0
2026-07-20 21:47:50.470,,,,,,,,,-40.0,0.0,0.0,0.0,0.0,0.0,618.0
2026-07-20 21:47:50.670,,,,,,,,,-40.0,0.0,0.0,0.0,0.0,0.0,618.0
2026-07-20 21:47:50.869,,,,,,,,,-40.0,0.0,0.0,0.0,0.0,0.0,618.0
2026-07-20 21:47:51.071,,,,,,,,,-40.0,0.0,0.0,0.0,0.0,0.0,619.0
2026-07-20 21:47:51.270,,,,,,,,,-40.0,0.0,0.0,0.0,0.0,0.0,619.0
2026-07-20 21:47:51.470,,,,,,,,,-40.0,0.0,0.0,0.0,0.0,0.0,619.0
2026-07-20 21:47:51.670,,,,,,,,,-40.0,0.0,0.0,0.0,0.0,0.0,619.0
2026-07-20 21:47:51.869,,,,,,,,,-40.0,0.0,0.0,0.0,0.0,0.0,619.0
2026-07-20 21:47:52.071,,,,,,,,,-40.0,0.0,0.0,0.0,0.0,0.0,620.0
2026-07-20 21:47:52.270,,,,,,,,,-40.0,0.0,0.0,0.0,0.0,0.0,620.0
2026-07-20 21:47:52.470,,,,,,,,,-40.0,0.0,0.0,0.0,0.0,0.0,620.0
2026-07-20 21:47:52.670,,,,,,,,,-40.0,0.0,0.0,0.0,0.0,0.0,620.0
2026-07-20 21:47:52.870,,,,,,,,,-40.0,0.0,0.0,0.0,0.0,0.0,620.0
2026-07-20 21:47:53.071,,,,,,,,,-40.0,0.0,0.0,0.0,0.0,0.0,621.0
2026-07-20 21:47:53.270,,,,,,,,,-40.0,0.0,0.0,0.0,0.0,0.0,621.0
2026-07-20 21:47:53.470,,,,,,,,,-40.0,0.0,0.0,0.0,0.0,0.0,621.0
2026-07-20 21:47:53.670,,,,,,,,,-40.0,0.0,0.0,0.0,0.0,0.0,621.0
2026-07-20 21:47:53.869,,,,,,,,,-40.0,0.0,0.0,0.0,0.0,0.0,621.0
2026-07-20 21:47:54.071,,,,,,,,,-40.0,0.0,0.0,0.0,0.0,0.0,622.0
2026-07-20 21:47:54.270,,,,,,,,,-40.0,0.0,0.0,0.0,0.0,0.0,622.0
2026-07-20 21:47:54.470,,,,,,,,,-40.0,0.0,0.0,0.0,0.0,0.0,622.0
2026-07-20 21:47:54.670,,,,,,,,,-40.0,0.0,0.0,0.0,0.0,0.0,622.0
2026-07-20 21:47:54.869,,,,,,,,,-40.0,0.0,0.0,0.0,0.0,0.0,622.0
2026-07-20 21:47:55.070,,,,,,,,,-40.0,0.0,0.0,0.0,0.0,0.0,623.0
2026-07-20 21:47:55.271,,,,,,,,,-40.0,0.0,0.0,0.0,0.0,0.0,623.0
2026-07-20 21:47:55.469,,,,,,,,,-40.0,0.0,0.0,0.0,0.0,0.0,623.0
2026-07-20 21:47:55.671,,,,,,,,,-40.0,0.0,0.0,0.0,0.0,0.0,623.0
2026-07-20 21:47:55.870,,,,,,,,,-40.0,0.0,0.0,0.0,0.0,0.0,623.0
2026-07-20 21:47:56.070,,,,,,,,,-40.0,0.0,0.0,0.0,0.0,0.0,624.0
2026-07-20 21:47:56.270,,,,,,,,,-40.0,0.0,0.0,0.0,0.0,0.0,624.0
2026-07-20 21:47:56.469,,,,,,,,,-40.0,0.0,0.0,0.0,0.0,0.0,624.0
2026-07-20 21:47:56.670,,,,,,,,,-40.0,0.0,0.0,0.0,0.0,0.0,624.0
2026-07-20 21:47:56.870,,,,,,,,,-40.0,0.0,0.0,0.0,0.0,0.0,624.0
2026-07-20 21:47:57.074,,,,,,,,,-40.0,0.0,0.0,0.0,0.0,0.0,625.0
2026-07-20 21:47:57.270,,,,,,,,,-40.0,0.0,0.0,0.0,0.0,0.0,625.0
2026-07-20 21:47:57.470,,,,,,,,,-40.0,0.0,0.0,0.0,0.0,0.0,625.0
2026-07-20 21:47:57.670,,,,,,,,,-40.0,0.0,0.0,0.0,0.0,0.0,625.0
2026-07-20 21:47:57.870,,,,,,,,,-40.0,0.0,0.0,0.0,0.0,0.0,625.0
2026-07-20 21:47:58.072,,,,,,,,,-40.0,0.0,0.0,0.0,0.0,0.0,626.0
2026-07-20 21:47:58.270,,,,,,,,,-40.0,0.0,0.0,0.0,0.0,0.0,626.0
2026-07-20 21:47:58.469,,,,,,,,,-40.0,0.0,0.0,0.0,0.0,0.0,626.0
2026-07-20 21:47:58.675,,,,,,,,,-40.0,0.0,0.0,0.0,0.0,0.0,626.0
2026-07-20 21:47:58.870,,,,,,,,,-40.0,0.0,0.0,0.0,0.0,0.0,626.0
2026-07-20 21:47:59.071,,,,,,,,,-40.0,0.0,0.0,0.0,0.0,0.0,627.0
2026-07-20 21:47:59.269,,,,,,,,,-40.0,0.0,0.0,0.0,0.0,0.0,627.0
2026-07-20 21:47:59.470,,,,,,,,,-40.0,0.0,0.0,0.0,0.0,0.0,627.0
2026-07-20 21:47:59.670,,,,,,,,,-40.0,0.0,0.0,0.0,0.0,0.0,627.0
2026-07-20 21:47:59.870,,,,,,,,,-40.0,0.0,0.0,0.0,0.0,0.0,627.0
2026-07-20 21:48:00.073,,,,,,,,,-40.0,0.0,0.0,0.0,0.0,0.0,628.0
2026-07-20 21:48:00.269,,,,,,,,,-40.0,0.0,0.0,0.0,0.0,0.0,628.0
2026-07-20 21:48:00.469,,,,,,,,,-40.0,0.0,0.0,0.0,0.0,0.0,628.0
2026-07-20 21:48:00.670,,,,,,,,,-40.0,0.0,0.0,0.0,0.0,0.0,628.0
2026-07-20 21:48:00.869,,,,,,,,,-40.0,0.0,0.0,0.0,0.0,0.0,628.0
2026-07-20 21:48:01.071,,,,,,,,,-40.0,0.0,0.0,0.0,0.0,0.0,629.0
2026-07-20 21:48:01.269,,,,,,,,,-40.0,0.0,0.0,0.0,0.0,0.0,629.0
2026-07-20 21:48:01.471,,,,,,,,,-40.0,0.0,0.0,0.0,0.0,0.0,629.0
2026-07-20 21:48:01.669,,,,,,,,,-40.0,0.0,0.0,0.0,0.0,0.0,629.0
2026-07-20 21:48:01.869,,,,,,,,,-40.0,0.0,0.0,0.0,0.0,0.0,629.0
2026-07-20 21:48:02.070,,,,,,,,,-40.0,0.0,0.0,0.0,0.0,0.0,630.0
2026-07-20 21:48:02.269,,,,,,,,,-40.0,0.0,0.0,0.0,0.0,0.0,630.0
2026-07-20 21:48:02.471,,,,,,,,,-40.0,0.0,0.0,0.0,0.0,0.0,630.0
2026-07-20 21:48:02.669,,,,,,,,,-40.0,0.0,0.0,0.0,0.0,0.0,630.0
2026-07-20 21:48:02.870,,,,,,,,,-40.0,0.0,0.0,0.0,0.0,0.0,630.0
2026-07-20 21:48:03.072,,,,,,,,,-40.0,0.0,0.0,0.0,0.0,0.0,631.0
2026-07-20 21:48:03.269,,,,,,,,,-40.0,0.0,0.0,0.0,0.0,0.0,631.0
2026-07-20 21:48:03.470,,,,,,,,,-40.0,0.0,0.0,0.0,0.0,0.0,631.0
2026-07-20 21:48:03.670,,,,,,,,,-40.0,0.0,0.0,0.0,0.0,0.0,631.0
2026-07-20 21:48:03.871,,,,,,,,,-40.0,0.0,0.0,0.0,0.0,0.0,631.0
2026-07-20 21:48:04.070,,,,,,,,,-40.0,0.0,0.0,0.0,0.0,0.0,632.0
2026-07-20 21:48:04.269,,,,,,,,,-40.0,0.0,0.0,0.0,0.0,0.0,632.0
2026-07-20 21:48:04.469,,,,,,,,,-40.0,0.0,0.0,0.0,0.0,0.0,632.0
2026-07-20 21:48:04.669,,,,,,,,,-40.0,0.0,0.0,0.0,0.0,0.0,632.0
2026-07-20 21:48:04.871,,,,,,,,,-40.0,0.0,0.0,0.0,0.0,0.0,632.0
2026-07-20 21:48:05.070,,,,,,,,,-40.0,0.0,0.0,0.0,0.0,0.0,633.0
2026-07-20 21:48:05.270,,,,,,,,,-40.0,0.0,0.0,0.0,0.0,0.0,633.0
2026-07-20 21:48:05.469,,,,,,,,,-40.0,0.0,0.0,0.0,0.0,0.0,633.0
2026-07-20 21:48:05.669,,,,,,,,,-40.0,0.0,0.0,0.0,0.0,0.0,633.0
2026-07-20 21:48:05.869,,,,,,,,,-40.0,0.0,0.0,0.0,0.0,0.0,633.0
2026-07-20 21:48:06.070,,,,,,,,,-40.0,0.0,0.0,0.0,0.0,0.0,634.0
2026-07-20 21:48:06.270,,,,,,,,,-40.0,0.0,0.0,0.0,0.0,0.0,634.0
2026-07-20 21:48:06.469,,,,,,,,,-40.0,0.0,0.0,0.0,0.0,0.0,634.0
2026-07-20 21:48:06.669,,,,,,,,,-40.0,0.0,0.0,0.0,0.0,0.0,634.0
2026-07-20 21:48:06.869,,,,,,,,,-40.0,0.0,0.0,0.0,0.0,0.0,634.0
2026-07-20 21:48:07.069,,,,,,,,,-40.0,0.0,0.0,0.0,0.0,0.0,635.0
2026-07-20 21:48:07.271,,,,,,,,,-40.0,0.0,0.0,0.0,0.0,0.0,635.0
2026-07-20 21:48:07.475,,,,,,,,,-40.0,0.0,0.0,0.0,0.0,0.0,635.0
2026-07-20 21:48:07.670,,,,,,,,,-40.0,0.0,0.0,0.0,0.0,0.0,635.0
2026-07-20 21:48:07.869,,,,,,,,,-40.0,0.0,0.0,0.0,0.0,0.0,635.0
2026-07-20 21:48:08.071,,,,,,,,,-40.0,0.0,0.0,0.0,0.0,0.0,636.0
2026-07-20 21:48:08.269,,,,,,,,,-40.0,0.0,0.0,0.0,0.0,0.0,636.0
2026-07-20 21:48:08.469,,,,,,,,,-40.0,0.0,0.0,0.0,0.0,0.0,636.0
2026-07-20 21:48:08.669,,,,,,,,,-40.0,0.0,0.0,0.0,0.0,0.0,636.0
2026-07-20 21:48:08.869,,,,,,,,,-40.0,0.0,0.0,0.0,0.0,0.0,636.0
2026-07-20 21:48:09.070,,,,,,,,,-40.0,0.0,0.0,0.0,0.0,0.0,637.0
2026-07-20 21:48:09.270,,,,,,,,,-40.0,0.0,0.0,0.0,0.0,0.0,637.0
2026-07-20 21:48:09.469,,,,,,,,,-40.0,0.0,0.0,0.0,0.0,0.0,637.0
2026-07-20 21:48:09.669,,,,,,,,,-40.0,0.0,0.0,0.0,0.0,0.0,637.0
2026-07-20 21:48:09.870,,,,,,,,,-40.0,0.0,0.0,0.0,0.0,0.0,637.0
2026-07-20 21:48:10.070,,,,,,,,,-40.0,0.0,0.0,0.0,0.0,0.0,638.0
2026-07-20 21:48:10.270,,,,,,,,,-40.0,0.0,0.0,0.0,0.0,0.0,638.0
2026-07-20 21:48:10.469,,,,,,,,,-40.0,0.0,0.0,0.0,0.0,0.0,638.0
2026-07-20 21:48:10.670,,,,,,,,,-40.0,0.0,0.0,0.0,0.0,0.0,638.0
2026-07-20 21:48:10.869,,,,,,,,,-40.0,0.0,0.0,0.0,0.0,0.0,638.0
2026-07-20 21:48:11.071,,,,,,,,,-40.0,0.0,0.0,0.0,0.0,0.0,639.0
2026-07-20 21:48:11.270,,,,,,,,,-40.0,0.0,0.0,0.0,0.0,0.0,639.0
2026-07-20 21:48:11.469,,,,,,,,,-40.0,0.0,0.0,0.0,0.0,0.0,639.0
2026-07-20 21:48:11.670,,,,,,,,,-40.0,0.0,0.0,0.0,0.0,0.0,639.0
2026-07-20 21:48:11.870,,,,,,,,,-40.0,0.0,0.0,0.0,0.0,0.0,639.0
2026-07-20 21:48:12.071,,,,,,,,,-40.0,0.0,0.0,0.0,0.0,0.0,640.0
2026-07-20 21:48:12.269,,,,,,,,,-40.0,0.0,0.0,0.0,0.0,0.0,640.0
2026-07-20 21:48:12.469,,,,,,,,,-40.0,0.0,0.0,0.0,0.0,0.0,640.0
2026-07-20 21:48:12.670,,,,,,,,,-40.0,0.0,0.0,0.0,0.0,0.0,640.0
2026-07-20 21:48:12.872,,,,,,,,,-40.0,0.0,0.0,0.0,0.0,0.0,640.0
2026-07-20 21:48:13.070,,,,,,,,,-40.0,0.0,0.0,0.0,0.0,0.0,641.0
2026-07-20 21:48:13.270,,,,,,,,,-40.0,0.0,0.0,0.0,0.0,0.0,641.0
2026-07-20 21:48:13.470,,,,,,,,,-40.0,0.0,0.0,0.0,0.0,0.0,641.0
2026-07-20 21:48:13.671,,,,,,,,,-40.0,0.0,0.0,0.0,0.0,0.0,641.0
2026-07-20 21:48:13.869,,,,,,,,,-40.0,0.0,0.0,0.0,0.0,0.0,641.0
2026-07-20 21:48:14.071,,,,,,,,,-40.0,0.0,0.0,0.0,0.0,0.0,642.0
2026-07-20 21:48:14.270,,,,,,,,,-40.0,0.0,0.0,0.0,0.0,0.0,642.0
2026-07-20 21:48:14.469,,,,,,,,,-40.0,0.0,0.0,0.0,0.0,0.0,642.0
2026-07-20 21:48:14.670,,,,,,,,,-40.0,0.0,0.0,0.0,0.0,0.0,642.0
2026-07-20 21:48:14.869,,,,,,,,,-40.0,0.0,0.0,0.0,0.0,0.0,642.0
2026-07-20 21:48:15.073,,,,,,,,,-40.0,0.0,0.0,0.0,0.0,0.0,643.0
2026-07-20 21:48:15.269,,,,,,,,,-40.0,0.0,0.0,0.0,0.0,0.0,643.0
2026-07-20 21:48:15.469,,,,,,,,,-40.0,0.0,0.0,0.0,0.0,0.0,643.0
2026-07-20 21:48:15.669,,,,,,,,,-40.0,0.0,0.0,0.0,0.0,0.0,643.0
2026-07-20 21:48:15.869,,,,,,,,,-40.0,0.0,0.0,0.0,0.0,0.0,643.0
2026-07-20 21:48:16.071,,,,,,,,,-40.0,0.0,0.0,0.0,0.0,0.0,644.0
2026-07-20 21:48:16.269,,,,,,,,,-40.0,0.0,0.0,0.0,0.0,0.0,644.0
2026-07-20 21:48:16.469,,,,,,,,,-40.0,0.0,0.0,0.0,0.0,0.0,644.0
2026-07-20 21:48:16.668,,,,,,,,,-40.0,0.0,0.0,0.0,0.0,0.0,644.0
2026-07-20 21:48:16.869,,,,,,,,,-40.0,0.0,0.0,0.0,0.0,0.0,644.0
2026-07-20 21:48:17.072,,,,,,,,,-40.0,0.0,0.0,0.0,0.0,0.0,645.0
2026-07-20 21:48:17.269,,,,,,,,,-40.0,0.0,0.0,0.0,0.0,0.0,645.0
2026-07-20 21:48:17.469,,,,,,,,,-40.0,0.0,0.0,0.0,0.0,0.0,645.0
2026-07-20 21:48:17.670,,,,,,,,,-40.0,0.0,0.0,0.0,0.0,0.0,645.0
2026-07-20 21:48:17.869,,,,,,,,,-40.0,0.0,0.0,0.0,0.0,0.0,645.0
2026-07-20 21:48:18.071,,,,,,,,,-40.0,0.0,0.0,0.0,0.0,0.0,646.0
2026-07-20 21:48:18.269,,,,,,,,,-40.0,0.0,0.0,0.0,0.0,0.0,646.0
2026-07-20 21:48:18.470,,,,,,,,,-40.0,0.0,0.0,0.0,0.0,0.0,646.0
2026-07-20 21:48:18.670,,,,,,,,,-40.0,0.0,0.0,0.0,0.0,0.0,646.0
2026-07-20 21:48:18.868,,,,,,,,,-40.0,0.0,0.0,0.0,0.0,0.0,646.0
2026-07-20 21:48:19.071,,,,,,,,,-40.0,0.0,0.0,0.0,0.0,0.0,647.0
2026-07-20 21:48:19.270,,,,,,,,,-40.0,0.0,0.0,0.0,0.0,0.0,647.0
2026-07-20 21:48:19.468,,,,,,,,,-40.0,0.0,0.0,0.0,0.0,0.0,647.0
2026-07-20 21:48:19.671,,,,,,,,,-40.0,0.0,0.0,0.0,0.0,0.0,647.0
2026-07-20 21:48:19.869,,,,,,,,,-40.0,0.0,0.0,0.0,0.0,0.0,647.0
2026-07-20 21:48:20.073,,,,,,,,,-40.0,0.0,0.0,0.0,0.0,0.0,648.0
2026-07-20 21:48:20.269,,,,,,,,,-40.0,0.0,0.0,0.0,0.0,0.0,648.0
2026-07-20 21:48:20.469,,,,,,,,,-40.0,0.0,0.0,0.0,0.0,0.0,648.0
2026-07-20 21:48:20.669,,,,,,,,,-40.0,0.0,0.0,0.0,0.0,0.0,648.0
2026-07-20 21:48:20.905,,,,,,,,,-40.0,0.0,0.0,0.0,0.0,0.0,648.0
2026-07-20 21:48:21.071,,,,,,,,,-40.0,0.0,0.0,0.0,0.0,0.0,649.0
2026-07-20 21:48:21.268,,,,,,,,,-40.0,0.0,0.0,0.0,0.0,0.0,649.0
2026-07-20 21:48:21.469,,,,,,,,,-40.0,0.0,0.0,0.0,0.0,0.0,649.0
2026-07-20 21:48:21.670,,,,,,,,,-40.0,0.0,0.0,0.0,0.0,0.0,649.0
2026-07-20 21:48:21.869,,,,,,,,,-40.0,0.0,0.0,0.0,0.0,0.0,649.0
2026-07-20 21:48:22.071,,,,,,,,,-40.0,0.0,0.0,0.0,0.0,0.0,650.0
2026-07-20 21:48:22.274,,,,,,,,,-40.0,0.0,0.0,0.0,0.0,0.0,650.0
2026-07-20 21:48:22.468,,,,,,,,,-40.0,0.0,0.0,0.0,0.0,0.0,650.0
2026-07-20 21:48:22.669,,,,,,,,,-40.0,0.0,0.0,0.0,0.0,0.0,650.0
2026-07-20 21:48:22.869,,,,,,,,,-40.0,0.0,0.0,0.0,0.0,0.0,650.0
2026-07-20 21:48:23.072,,,,,,,,,-40.0,0.0,0.0,0.0,0.0,0.0,651.0
2026-07-20 21:48:23.269,,,,,,,,,-40.0,0.0,0.0,0.0,0.0,0.0,651.0
2026-07-20 21:48:23.469,,,,,,,,,-40.0,0.0,0.0,0.0,0.0,0.0,651.0
2026-07-20 21:48:23.669,,,,,,,,,-40.0,0.0,0.0,0.0,0.0,0.0,651.0
2026-07-20 21:48:23.869,,,,,,,,,-40.0,0.0,0.0,0.0,0.0,0.0,651.0
2026-07-20 21:48:24.071,,,,,,,,,-40.0,0.0,0.0,0.0,0.0,0.0,652.0
2026-07-20 21:48:24.268,,,,,,,,,-40.0,0.0,0.0,0.0,0.0,0.0,652.0
2026-07-20 21:48:24.471,,,,,,,,,-40.0,0.0,0.0,0.0,0.0,0.0,652.0
2026-07-20 21:48:24.669,,,,,,,,,-40.0,0.0,0.0,0.0,0.0,0.0,652.0
2026-07-20 21:48:24.869,,,,,,,,,-40.0,0.0,0.0,0.0,0.0,0.0,652.0
2026-07-20 21:48:25.070,,,,,,,,,-40.0,0.0,0.0,0.0,0.0,0.0,653.0
2026-07-20 21:48:25.269,,,,,,,,,-40.0,0.0,0.0,0.0,0.0,0.0,653.0
2026-07-20 21:48:25.470,,,,,,,,,-40.0,0.0,0.0,0.0,0.0,0.0,653.0
2026-07-20 21:48:25.670,,,,,,,,,-40.0,0.0,0.0,0.0,0.0,0.0,653.0
2026-07-20 21:48:25.869,,,,,,,,,-40.0,0.0,0.0,0.0,0.0,0.0,653.0
2026-07-20 21:48:26.070,,,,,,,,,-40.0,0.0,0.0,0.0,0.0,0.0,654.0
2026-07-20 21:48:26.269,,,,,,,,,-40.0,0.0,0.0,0.0,0.0,0.0,654.0
2026-07-20 21:48:26.469,,,,,,,,,-40.0,0.0,0.0,0.0,0.0,0.0,654.0
2026-07-20 21:48:26.669,,,,,,,,,-40.0,0.0,0.0,0.0,0.0,0.0,654.0
2026-07-20 21:48:26.870,,,,,,,,,-40.0,0.0,0.0,0.0,0.0,0.0,654.0
2026-07-20 21:48:27.070,,,,,,,,,-40.0,0.0,0.0,0.0,0.0,0.0,655.0
2026-07-20 21:48:27.269,,,,,,,,,-40.0,0.0,0.0,0.0,0.0,0.0,655.0
2026-07-20 21:48:27.470,,,,,,,,,-40.0,0.0,0.0,0.0,0.0,0.0,655.0
2026-07-20 21:48:27.672,,,,,,,,,-40.0,0.0,0.0,0.0,0.0,0.0,655.0
2026-07-20 21:48:27.869,,,,,,,,,-40.0,0.0,0.0,0.0,0.0,0.0,655.0
2026-07-20 21:48:28.070,,,,,,,,,-40.0,0.0,0.0,0.0,0.0,0.0,656.0
2026-07-20 21:48:28.270,,,,,,,,,-40.0,0.0,0.0,0.0,0.0,0.0,656.0
2026-07-20 21:48:28.469,,,,,,,,,-40.0,0.0,0.0,0.0,0.0,0.0,656.0
2026-07-20 21:48:28.670,,,,,,,,,-40.0,0.0,0.0,0.0,0.0,0.0,656.0
2026-07-20 21:48:28.868,,,,,,,,,-40.0,0.0,0.0,0.0,0.0,0.0,656.0
2026-07-20 21:48:29.070,,,,,,,,,-40.0,0.0,0.0,0.0,0.0,0.0,657.0
2026-07-20 21:48:29.269,,,,,,,,,-40.0,0.0,0.0,0.0,0.0,0.0,657.0
2026-07-20 21:48:29.468,,,,,,,,,-40.0,0.0,0.0,0.0,0.0,0.0,657.0
2026-07-20 21:48:29.668,,,,,,,,,-40.0,0.0,0.0,0.0,0.0,0.0,657.0
2026-07-20 21:48:29.869,,,,,,,,,-40.0,0.0,0.0,0.0,0.0,0.0,657.0
2026-07-20 21:48:30.071,,,,,,,,,-40.0,0.0,0.0,0.0,0.0,0.0,658.0
2026-07-20 21:48:30.270,,,,,,,,,-40.0,0.0,0.0,0.0,0.0,0.0,658.0
2026-07-20 21:48:30.469,,,,,,,,,-40.0,0.0,0.0,0.0,0.0,0.0,658.0
2026-07-20 21:48:30.668,,,,,,,,,-40.0,0.0,0.0,0.0,0.0,0.0,658.0
2026-07-20 21:48:30.868,,,,,,,,,-40.0,0.0,0.0,0.0,0.0,0.0,658.0
2026-07-20 21:48:31.070,,,,,,,,,-40.0,0.0,0.0,0.0,0.0,0.0,659.0
2026-07-20 21:48:31.270,,,,,,,,,-40.0,0.0,0.0,0.0,0.0,0.0,659.0
2026-07-20 21:48:31.469,,,,,,,,,-40.0,0.0,0.0,0.0,0.0,0.0,659.0
2026-07-20 21:48:31.671,,,,,,,,,-40.0,0.0,0.0,0.0,0.0,0.0,659.0
2026-07-20 21:48:31.868,,,,,,,,,-40.0,0.0,0.0,0.0,0.0,0.0,659.0
2026-07-20 21:48:32.070,,,,,,,,,-40.0,0.0,0.0,0.0,0.0,0.0,660.0
2026-07-20 21:48:32.269,,,,,,,,,-40.0,0.0,0.0,0.0,0.0,0.0,660.0
2026-07-20 21:48:32.468,,,,,,,,,-40.0,0.0,0.0,0.0,0.0,0.0,660.0
2026-07-20 21:48:32.669,,,,,,,,,-40.0,0.0,0.0,0.0,0.0,0.0,660.0
2026-07-20 21:48:32.870,,,,,,,,,-40.0,0.0,0.0,0.0,0.0,0.0,660.0
2026-07-20 21:48:33.070,,,,,,,,,-40.0,0.0,0.0,0.0,0.0,0.0,661.0
2026-07-20 21:48:33.271,,,,,,,,,-40.0,0.0,0.0,0.0,0.0,0.0,661.0
2026-07-20 21:48:33.469,,,,,,,,,-40.0,0.0,0.0,0.0,0.0,0.0,661.0
2026-07-20 21:48:33.671,,,,,,,,,-40.0,0.0,0.0,0.0,0.0,0.0,661.0
2026-07-20 21:48:33.869,,,,,,,,,-40.0,0.0,0.0,0.0,0.0,0.0,661.0
2026-07-20 21:48:34.069,,,,,,,,,-40.0,0.0,0.0,0.0,0.0,0.0,662.0
2026-07-20 21:48:34.268,,,,,,,,,-40.0,0.0,0.0,0.0,0.0,0.0,662.0
2026-07-20 21:48:34.469,,,,,,,,,-40.0,0.0,0.0,0.0,0.0,0.0,662.0
2026-07-20 21:48:34.669,,,,,,,,,-40.0,0.0,0.0,0.0,0.0,0.0,662.0
2026-07-20 21:48:34.869,,,,,,,,,-40.0,0.0,0.0,0.0,0.0,0.0,662.0
2026-07-20 21:48:35.070,,,,,,,,,-40.0,0.0,0.0,0.0,0.0,0.0,663.0
2026-07-20 21:48:35.268,,,,,,,,,-40.0,0.0,0.0,0.0,0.0,0.0,663.0
2026-07-20 21:48:35.471,,,,,,,,,-40.0,0.0,0.0,0.0,0.0,0.0,663.0
2026-07-20 21:48:35.668,,,,,,,,,-40.0,0.0,0.0,0.0,0.0,0.0,663.0
2026-07-20 21:48:35.869,,,,,,,,,-40.0,0.0,0.0,0.0,0.0,0.0,663.0
2026-07-20 21:48:36.070,,,,,,,,,-40.0,0.0,0.0,0.0,0.0,0.0,664.0
2026-07-20 21:48:36.269,,,,,,,,,-40.0,0.0,0.0,0.0,0.0,0.0,664.0
2026-07-20 21:48:36.468,,,,,,,,,-40.0,0.0,0.0,0.0,0.0,0.0,664.0
2026-07-20 21:48:36.669,,,,,,,,,-40.0,0.0,0.0,0.0,0.0,0.0,664.0
2026-07-20 21:48:36.869,,,,,,,,,-40.0,0.0,0.0,0.0,0.0,0.0,664.0
2026-07-20 21:48:37.069,,,,,,,,,-40.0,0.0,0.0,0.0,0.0,0.0,665.0
2026-07-20 21:48:37.268,,,,,,,,,-40.0,0.0,0.0,0.0,0.0,0.0,665.0
2026-07-20 21:48:37.468,,,,,,,,,-40.0,0.0,0.0,0.0,0.0,0.0,665.0
2026-07-20 21:48:37.669,,,,,,,,,-40.0,0.0,0.0,0.0,0.0,0.0,665.0
2026-07-20 21:48:37.872,,,,,,,,,-40.0,0.0,0.0,0.0,0.0,0.0,665.0
2026-07-20 21:48:38.070,,,,,,,,,-40.0,0.0,0.0,0.0,0.0,0.0,666.0
2026-07-20 21:48:38.268,,,,,,,,,-40.0,0.0,0.0,0.0,0.0,0.0,666.0
2026-07-20 21:48:38.468,,,,,,,,,-40.0,0.0,0.0,0.0,0.0,0.0,666.0
2026-07-20 21:48:38.669,,,,,,,,,-40.0,0.0,0.0,0.0,0.0,0.0,666.0
2026-07-20 21:48:38.869,,,,,,,,,-40.0,0.0,0.0,0.0,0.0,0.0,666.0
2026-07-20 21:48:39.071,,,,,,,,,-40.0,0.0,0.0,0.0,0.0,0.0,667.0
2026-07-20 21:48:39.269,,,,,,,,,-40.0,0.0,0.0,0.0,0.0,0.0,667.0
2026-07-20 21:48:39.469,,,,,,,,,-40.0,0.0,0.0,0.0,0.0,0.0,667.0
2026-07-20 21:48:39.669,,,,,,,,,-40.0,0.0,0.0,0.0,0.0,0.0,667.0
2026-07-20 21:48:39.869,,,,,,,,,-40.0,0.0,0.0,0.0,0.0,0.0,667.0
2026-07-20 21:48:40.069,,,,,,,,,-40.0,0.0,0.0,0.0,0.0,0.0,668.0
2026-07-20 21:48:40.269,,,,,,,,,-40.0,0.0,0.0,0.0,0.0,0.0,668.0
2026-07-20 21:48:40.468,,,,,,,,,-40.0,0.0,0.0,0.0,0.0,0.0,668.0
2026-07-20 21:48:40.669,,,,,,,,,-40.0,0.0,0.0,0.0,0.0,0.0,668.0
2026-07-20 21:48:40.869,,,,,,,,,-40.0,0.0,0.0,0.0,0.0,0.0,668.0
2026-07-20 21:48:41.071,,,,,,,,,-40.0,0.0,0.0,0.0,0.0,0.0,669.0
2026-07-20 21:48:41.270,,,,,,,,,-40.0,0.0,0.0,0.0,0.0,0.0,669.0
2026-07-20 21:48:41.469,,,,,,,,,-40.0,0.0,0.0,0.0,0.0,0.0,669.0
2026-07-20 21:48:41.668,,,,,,,,,-40.0,0.0,0.0,0.0,0.0,0.0,669.0
2026-07-20 21:48:41.869,,,,,,,,,-40.0,0.0,0.0,0.0,0.0,0.0,669.0
2026-07-20 21:48:42.070,,,,,,,,,-40.0,0.0,0.0,0.0,0.0,0.0,670.0
2026-07-20 21:48:42.269,,,,,,,,,-40.0,0.0,0.0,0.0,0.0,0.0,670.0
2026-07-20 21:48:42.468,,,,,,,,,-40.0,0.0,0.0,0.0,0.0,0.0,670.0
2026-07-20 21:48:42.673,,,,,,,,,-40.0,0.0,0.0,0.0,0.0,0.0,670.0
2026-07-20 21:48:42.869,,,,,,,,,-40.0,0.0,0.0,0.0,0.0,0.0,670.0
2026-07-20 21:48:43.069,,,,,,,,,-40.0,0.0,0.0,0.0,0.0,0.0,671.0
2026-07-20 21:48:43.270,,,,,,,,,-40.0,0.0,0.0,0.0,0.0,0.0,671.0
2026-07-20 21:48:43.468,,,,,,,,,-40.0,0.0,0.0,0.0,0.0,0.0,671.0
2026-07-20 21:48:43.669,,,,,,,,,-40.0,0.0,0.0,0.0,0.0,0.0,671.0
2026-07-20 21:48:43.869,,,,,,,,,-40.0,0.0,0.0,0.0,0.0,0.0,671.0
2026-07-20 21:48:44.069,,,,,,,,,-40.0,0.0,0.0,0.0,0.0,0.0,672.0
2026-07-20 21:48:44.275,,,,,,,,,-40.0,0.0,0.0,0.0,0.0,0.0,672.0
2026-07-20 21:48:44.468,,,,,,,,,-40.0,0.0,0.0,0.0,0.0,0.0,672.0
2026-07-20 21:48:44.669,,,,,,,,,-40.0,0.0,0.0,0.0,0.0,0.0,672.0
2026-07-20 21:48:44.869,,,,,,,,,-40.0,0.0,0.0,0.0,0.0,0.0,672.0
2026-07-20 21:48:45.070,,,,,,,,,-40.0,0.0,0.0,0.0,0.0,0.0,673.0
2026-07-20 21:48:45.269,,,,,,,,,-40.0,0.0,0.0,0.0,0.0,0.0,673.0
2026-07-20 21:48:45.469,,,,,,,,,-40.0,0.0,0.0,0.0,0.0,0.0,673.0
2026-07-20 21:48:45.670,,,,,,,,,-40.0,0.0,0.0,0.0,0.0,0.0,673.0
2026-07-20 21:48:45.868,,,,,,,,,-40.0,0.0,0.0,0.0,0.0,0.0,673.0
2026-07-20 21:48:46.069,,,,,,,,,-40.0,0.0,0.0,0.0,0.0,0.0,674.0
2026-07-20 21:48:46.270,,,,,,,,,-40.0,0.0,0.0,0.0,0.0,0.0,674.0
2026-07-20 21:48:46.469,,,,,,,,,-40.0,0.0,0.0,0.0,0.0,0.0,674.0
2026-07-20 21:48:46.670,,,,,,,,,-40.0,0.0,0.0,0.0,0.0,0.0,674.0
2026-07-20 21:48:46.868,,,,,,,,,-40.0,0.0,0.0,0.0,0.0,0.0,674.0
2026-07-20 21:48:47.070,,,,,,,,,-40.0,0.0,0.0,0.0,0.0,0.0,675.0
2026-07-20 21:48:47.269,,,,,,,,,-40.0,0.0,0.0,0.0,0.0,0.0,675.0
2026-07-20 21:48:47.469,,,,,,,,,-40.0,0.0,0.0,0.0,0.0,0.0,675.0
2026-07-20 21:48:47.669,,,,,,,,,-40.0,0.0,0.0,0.0,0.0,0.0,675.0
2026-07-20 21:48:47.869,,,,,,,,,-40.0,0.0,0.0,0.0,0.0,0.0,675.0
2026-07-20 21:48:48.070,,,,,,,,,-40.0,0.0,0.0,0.0,0.0,0.0,676.0
2026-07-20 21:48:48.269,,,,,,,,,-40.0,0.0,0.0,0.0,0.0,0.0,676.0
2026-07-20 21:48:48.468,,,,,,,,,-40.0,0.0,0.0,0.0,0.0,0.0,676.0
2026-07-20 21:48:48.671,,,,,,,,,-40.0,0.0,0.0,0.0,0.0,0.0,676.0
2026-07-20 21:48:48.868,,,,,,,,,-40.0,0.0,0.0,0.0,0.0,0.0,676.0
2026-07-20 21:48:49.070,,,,,,,,,-40.0,0.0,0.0,0.0,0.0,0.0,677.0
2026-07-20 21:48:49.269,,,,,,,,,-40.0,0.0,0.0,0.0,0.0,0.0,677.0
2026-07-20 21:48:49.468,,,,,,,,,-40.0,0.0,0.0,0.0,0.0,0.0,677.0
2026-07-20 21:48:49.669,,,,,,,,,-40.0,0.0,0.0,0.0,0.0,0.0,677.0
2026-07-20 21:48:49.869,,,,,,,,,-40.0,0.0,0.0,0.0,0.0,0.0,677.0
2026-07-20 21:48:50.071,,,,,,,,,-40.0,0.0,0.0,0.0,0.0,0.0,678.0
2026-07-20 21:48:50.269,,,,,,,,,-40.0,0.0,0.0,0.0,0.0,0.0,678.0
2026-07-20 21:48:50.468,,,,,,,,,-40.0,0.0,0.0,0.0,0.0,0.0,678.0
2026-07-20 21:48:50.670,,,,,,,,,-40.0,0.0,0.0,0.0,0.0,0.0,678.0
2026-07-20 21:48:50.869,,,,,,,,,-40.0,0.0,0.0,0.0,0.0,0.0,678.0
2026-07-20 21:48:51.071,,,,,,,,,-40.0,0.0,0.0,0.0,0.0,0.0,679.0
2026-07-20 21:48:51.269,,,,,,,,,-40.0,0.0,0.0,0.0,0.0,0.0,679.0
2026-07-20 21:48:51.468,,,,,,,,,-40.0,0.0,0.0,0.0,0.0,0.0,679.0
2026-07-20 21:48:51.670,,,,,,,,,-40.0,0.0,0.0,0.0,0.0,0.0,679.0
2026-07-20 21:48:51.869,,,,,,,,,-40.0,0.0,0.0,0.0,0.0,0.0,679.0
2026-07-20 21:48:52.071,,,,,,,,,-40.0,0.0,0.0,0.0,0.0,0.0,680.0
2026-07-20 21:48:52.269,,,,,,,,,-40.0,0.0,0.0,0.0,0.0,0.0,680.0
2026-07-20 21:48:52.468,,,,,,,,,-40.0,0.0,0.0,0.0,0.0,0.0,680.0
2026-07-20 21:48:52.669,,,,,,,,,-40.0,0.0,0.0,0.0,0.0,0.0,680.0
2026-07-20 21:48:52.869,,,,,,,,,-40.0,0.0,0.0,0.0,0.0,0.0,680.0
2026-07-20 21:48:53.070,,,,,,,,,-40.0,0.0,0.0,0.0,0.0,0.0,681.0
2026-07-20 21:48:53.269,,,,,,,,,-40.0,0.0,0.0,0.0,0.0,0.0,681.0
2026-07-20 21:48:53.469,,,,,,,,,-40.0,0.0,0.0,0.0,0.0,0.0,681.0
2026-07-20 21:48:53.670,,,,,,,,,-40.0,0.0,0.0,0.0,0.0,0.0,681.0
2026-07-20 21:48:53.869,,,,,,,,,-40.0,0.0,0.0,0.0,0.0,0.0,681.0
2026-07-20 21:48:54.070,,,,,,,,,-40.0,0.0,0.0,0.0,0.0,0.0,682.0
2026-07-20 21:48:54.280,,,,,,,,,-40.0,0.0,0.0,0.0,0.0,0.0,682.0
2026-07-20 21:48:54.468,,,,,,,,,-40.0,0.0,0.0,0.0,0.0,0.0,682.0
2026-07-20 21:48:54.669,,,,,,,,,-40.0,0.0,0.0,0.0,0.0,0.0,682.0
2026-07-20 21:48:54.869,,,,,,,,,-40.0,0.0,0.0,0.0,0.0,0.0,682.0
2026-07-20 21:48:55.069,,,,,,,,,-40.0,0.0,0.0,0.0,0.0,0.0,683.0
2026-07-20 21:48:55.268,,,,,,,,,-40.0,0.0,0.0,0.0,0.0,0.0,683.0
2026-07-20 21:48:55.469,,,,,,,,,-40.0,0.0,0.0,0.0,0.0,0.0,683.0
2026-07-20 21:48:55.669,,,,,,,,,-40.0,0.0,0.0,0.0,0.0,0.0,683.0
2026-07-20 21:48:55.871,,,,,,,,,-40.0,0.0,0.0,0.0,0.0,0.0,683.0
2026-07-20 21:48:56.070,,,,,,,,,-40.0,0.0,0.0,0.0,0.0,0.0,684.0
2026-07-20 21:48:56.269,,,,,,,,,-40.0,0.0,0.0,0.0,0.0,0.0,684.0
2026-07-20 21:48:56.468,,,,,,,,,-40.0,0.0,0.0,0.0,0.0,0.0,684.0
2026-07-20 21:48:56.668,,,,,,,,,-40.0,0.0,0.0,0.0,0.0,0.0,684.0
2026-07-20 21:48:56.868,,,,,,,,,-40.0,0.0,0.0,0.0,0.0,0.0,684.0
2026-07-20 21:48:57.069,,,,,,,,,-40.0,0.0,0.0,0.0,0.0,0.0,685.0
2026-07-20 21:48:57.269,,,,,,,,,-40.0,0.0,0.0,0.0,0.0,0.0,685.0
2026-07-20 21:48:57.468,,,,,,,,,-40.0,0.0,0.0,0.0,0.0,0.0,685.0
2026-07-20 21:48:57.669,,,,,,,,,-40.0,0.0,0.0,0.0,0.0,0.0,685.0
2026-07-20 21:48:57.869,,,,,,,,,-40.0,0.0,0.0,0.0,0.0,0.0,685.0
2026-07-20 21:48:58.070,,,,,,,,,-40.0,0.0,0.0,0.0,0.0,0.0,686.0
2026-07-20 21:48:58.269,,,,,,,,,-40.0,0.0,0.0,0.0,0.0,0.0,686.0
2026-07-20 21:48:58.468,,,,,,,,,-40.0,0.0,0.0,0.0,0.0,0.0,686.0
2026-07-20 21:48:58.668,,,,,,,,,-40.0,0.0,0.0,0.0,0.0,0.0,686.0
2026-07-20 21:48:58.869,,,,,,,,,-40.0,0.0,0.0,0.0,0.0,0.0,686.0
2026-07-20 21:48:59.069,,,,,,,,,-40.0,0.0,0.0,0.0,0.0,0.0,687.0
2026-07-20 21:48:59.270,,,,,,,,,-40.0,0.0,0.0,0.0,0.0,0.0,687.0
2026-07-20 21:48:59.468,,,,,,,,,-40.0,0.0,0.0,0.0,0.0,0.0,687.0
2026-07-20 21:48:59.670,,,,,,,,,-40.0,0.0,0.0,0.0,0.0,0.0,687.0
2026-07-20 21:48:59.867,,,,,,,,,-40.0,0.0,0.0,0.0,0.0,0.0,687.0
2026-07-20 21:49:00.070,,,,,,,,,-40.0,0.0,0.0,0.0,0.0,0.0,688.0
2026-07-20 21:49:00.270,,,,,,,,,-40.0,0.0,0.0,0.0,0.0,0.0,688.0
2026-07-20 21:49:00.468,,,,,,,,,-40.0,0.0,0.0,0.0,0.0,0.0,688.0
2026-07-20 21:49:00.669,,,,,,,,,-40.0,0.0,0.0,0.0,0.0,0.0,688.0
2026-07-20 21:49:00.867,,,,,,,,,-40.0,0.0,0.0,0.0,0.0,0.0,688.0
2026-07-20 21:49:01.070,,,,,,,,,-40.0,0.0,0.0,0.0,0.0,0.0,689.0
2026-07-20 21:49:01.268,,,,,,,,,-40.0,0.0,0.0,0.0,0.0,0.0,689.0
2026-07-20 21:49:01.469,,,,,,,,,-40.0,0.0,0.0,0.0,0.0,0.0,689.0
2026-07-20 21:49:01.673,,,,,,,,,-40.0,0.0,0.0,0.0,0.0,0.0,689.0
2026-07-20 21:49:01.881,,,,,,,,,-40.0,0.0,0.0,0.0,0.0,0.0,689.0
2026-07-20 21:49:02.070,,,,,,,,,-40.0,0.0,0.0,0.0,0.0,0.0,690.0
2026-07-20 21:49:02.269,,,,,,,,,-40.0,0.0,0.0,0.0,0.0,0.0,690.0
2026-07-20 21:49:02.468,,,,,,,,,-40.0,0.0,0.0,0.0,0.0,0.0,690.0
2026-07-20 21:49:02.670,,,,,,,,,-40.0,0.0,0.0,0.0,0.0,0.0,690.0
2026-07-20 21:49:02.868,,,,,,,,,-40.0,0.0,0.0,0.0,0.0,0.0,690.0
2026-07-20 21:49:03.071,,,,,,,,,-40.0,0.0,0.0,0.0,0.0,0.0,691.0
2026-07-20 21:49:03.269,,,,,,,,,-40.0,0.0,0.0,0.0,0.0,0.0,691.0
2026-07-20 21:49:03.469,,,,,,,,,-40.0,0.0,0.0,0.0,0.0,0.0,691.0
2026-07-20 21:49:03.670,,,,,,,,,-40.0,0.0,0.0,0.0,0.0,0.0,691.0
2026-07-20 21:49:03.870,,,,,,,,,-40.0,0.0,0.0,0.0,0.0,0.0,691.0
2026-07-20 21:49:04.071,,,,,,,,,-40.0,0.0,0.0,0.0,0.0,0.0,692.0
2026-07-20 21:49:04.269,,,,,,,,,-40.0,0.0,0.0,0.0,0.0,0.0,692.0
2026-07-20 21:49:04.470,,,,,,,,,-40.0,0.0,0.0,0.0,0.0,0.0,692.0
2026-07-20 21:49:04.669,,,,,,,,,-40.0,0.0,0.0,0.0,0.0,0.0,692.0
2026-07-20 21:49:04.868,,,,,,,,,-40.0,0.0,0.0,0.0,0.0,0.0,692.0
2026-07-20 21:49:05.070,,,,,,,,,-40.0,0.0,0.0,0.0,0.0,0.0,693.0
2026-07-20 21:49:05.270,,,,,,,,,-40.0,0.0,0.0,0.0,0.0,0.0,693.0
2026-07-20 21:49:05.488,,,,,,,,,-40.0,0.0,0.0,0.0,0.0,0.0,693.0
2026-07-20 21:49:05.668,,,,,,,,,-40.0,0.0,0.0,0.0,0.0,0.0,693.0
2026-07-20 21:49:05.867,,,,,,,,,-40.0,0.0,0.0,0.0,0.0,0.0,693.0
2026-07-20 21:49:06.069,,,,,,,,,-40.0,0.0,0.0,0.0,0.0,0.0,694.0
2026-07-20 21:49:06.271,,,,,,,,,-40.0,0.0,0.0,0.0,0.0,0.0,694.0
2026-07-20 21:49:06.468,,,,,,,,,-40.0,0.0,0.0,0.0,0.0,0.0,694.0
2026-07-20 21:49:06.670,,,,,,,,,-40.0,0.0,0.0,0.0,0.0,0.0,694.0
2026-07-20 21:49:06.867,,,,,,,,,-40.0,0.0,0.0,0.0,0.0,0.0,694.0
2026-07-20 21:49:07.069,,,,,,,,,-40.0,0.0,0.0,0.0,0.0,0.0,695.0
2026-07-20 21:49:07.269,,,,,,,,,-40.0,0.0,0.0,0.0,0.0,0.0,695.0
2026-07-20 21:49:07.469,,,,,,,,,-40.0,0.0,0.0,0.0,0.0,0.0,695.0
2026-07-20 21:49:07.670,,,,,,,,,-40.0,0.0,0.0,0.0,0.0,0.0,695.0
2026-07-20 21:49:07.869,,,,,,,,,-40.0,0.0,0.0,0.0,0.0,0.0,695.0
2026-07-20 21:49:08.069,,,,,,,,,-40.0,0.0,0.0,0.0,0.0,0.0,696.0
2026-07-20 21:49:08.270,,,,,,,,,-40.0,0.0,0.0,0.0,0.0,0.0,696.0
2026-07-20 21:49:08.467,,,,,,,,,-40.0,0.0,0.0,0.0,0.0,0.0,696.0
2026-07-20 21:49:08.670,,,,,,,,,-40.0,0.0,0.0,0.0,0.0,0.0,696.0
2026-07-20 21:49:08.869,,,,,,,,,-40.0,0.0,0.0,0.0,0.0,0.0,696.0
2026-07-20 21:49:09.069,,,,,,,,,-40.0,0.0,0.0,0.0,0.0,0.0,697.0
2026-07-20 21:49:09.269,,,,,,,,,-40.0,0.0,0.0,0.0,0.0,0.0,697.0
2026-07-20 21:49:09.469,,,,,,,,,-40.0,0.0,0.0,0.0,0.0,0.0,697.0
2026-07-20 21:49:09.670,,,,,,,,,-40.0,0.0,0.0,0.0,0.0,0.0,697.0
2026-07-20 21:49:09.868,,,,,,,,,-40.0,0.0,0.0,0.0,0.0,0.0,697.0
2026-07-20 21:49:10.069,,,,,,,,,-40.0,0.0,0.0,0.0,0.0,0.0,698.0
2026-07-20 21:49:10.269,,,,,,,,,-40.0,0.0,0.0,0.0,0.0,0.0,698.0
2026-07-20 21:49:10.469,,,,,,,,,-40.0,0.0,0.0,0.0,0.0,0.0,698.0
2026-07-20 21:49:10.669,,,,,,,,,-40.0,0.0,0.0,0.0,0.0,0.0,698.0
2026-07-20 21:49:10.869,,,,,,,,,-40.0,0.0,0.0,0.0,0.0,0.0,698.0
2026-07-20 21:49:11.070,,,,,,,,,-40.0,0.0,0.0,0.0,0.0,0.0,699.0
2026-07-20 21:49:11.271,,,,,,,,,-40.0,0.0,0.0,0.0,0.0,0.0,699.0
2026-07-20 21:49:11.469,,,,,,,,,-40.0,0.0,0.0,0.0,0.0,0.0,699.0
2026-07-20 21:49:11.670,,,,,,,,,-40.0,0.0,0.0,0.0,0.0,0.0,699.0
2026-07-20 21:49:11.867,,,,,,,,,-40.0,0.0,0.0,0.0,0.0,0.0,699.0
2026-07-20 21:49:12.069,,,,,,,,,-40.0,0.0,0.0,0.0,0.0,0.0,700.0
2026-07-20 21:49:12.269,,,,,,,,,-40.0,0.0,0.0,0.0,0.0,0.0,700.0
2026-07-20 21:49:12.471,,,,,,,,,-40.0,0.0,0.0,0.0,0.0,0.0,700.0
2026-07-20 21:49:12.669,,,,,,,,,-40.0,0.0,0.0,0.0,0.0,0.0,700.0
2026-07-20 21:49:12.869,,,,,,,,,-40.0,0.0,0.0,0.0,0.0,0.0,700.0
2026-07-20 21:49:13.070,,,,,,,,,-40.0,0.0,0.0,0.0,0.0,0.0,701.0
2026-07-20 21:49:13.269,,,,,,,,,-40.0,0.0,0.0,0.0,0.0,0.0,701.0
2026-07-20 21:49:13.469,,,,,,,,,-40.0,0.0,0.0,0.0,0.0,0.0,701.0
2026-07-20 21:49:13.670,,,,,,,,,-40.0,0.0,0.0,0.0,0.0,0.0,701.0
2026-07-20 21:49:13.870,,,,,,,,,-40.0,0.0,0.0,0.0,0.0,0.0,701.0
2026-07-20 21:49:14.069,,,,,,,,,-40.0,0.0,0.0,0.0,0.0,0.0,702.0
2026-07-20 21:49:14.269,,,,,,,,,-40.0,0.0,0.0,0.0,0.0,0.0,702.0
2026-07-20 21:49:14.468,,,,,,,,,-40.0,0.0,0.0,0.0,0.0,0.0,702.0
2026-07-20 21:49:14.669,,,,,,,,,-40.0,0.0,0.0,0.0,0.0,0.0,702.0
2026-07-20 21:49:14.868,,,,,,,,,-40.0,0.0,0.0,0.0,0.0,0.0,702.0
2026-07-20 21:49:15.068,,,,,,,,,-40.0,0.0,0.0,0.0,0.0,0.0,703.0
2026-07-20 21:49:15.268,,,,,,,,,-40.0,0.0,0.0,0.0,0.0,0.0,703.0
2026-07-20 21:49:15.469,,,,,,,,,-40.0,0.0,0.0,0.0,0.0,0.0,703.0
2026-07-20 21:49:15.669,,,,,,,,,-40.0,0.0,0.0,0.0,0.0,0.0,703.0
2026-07-20 21:49:15.868,,,,,,,,,-40.0,0.0,0.0,0.0,0.0,0.0,703.0
2026-07-20 21:49:16.070,,,,,,,,,-40.0,0.0,0.0,0.0,0.0,0.0,704.0
2026-07-20 21:49:16.269,,,,,,,,,-40.0,0.0,0.0,0.0,0.0,0.0,704.0
2026-07-20 21:49:16.469,,,,,,,,,-40.0,0.0,0.0,0.0,0.0,0.0,704.0
2026-07-20 21:49:16.673,,,,,,,,,-40.0,0.0,0.0,0.0,0.0,0.0,704.0
2026-07-20 21:49:16.870,,,,,,,,,-40.0,0.0,0.0,0.0,0.0,0.0,704.0
2026-07-20 21:49:17.070,,,,,,,,,-40.0,0.0,0.0,0.0,0.0,0.0,705.0
2026-07-20 21:49:17.268,,,,,,,,,-40.0,0.0,0.0,0.0,0.0,0.0,705.0
2026-07-20 21:49:17.468,,,,,,,,,-40.0,0.0,0.0,0.0,0.0,0.0,705.0
2026-07-20 21:49:17.668,,,,,,,,,-40.0,0.0,0.0,0.0,0.0,0.0,705.0
2026-07-20 21:49:17.869,,,,,,,,,-40.0,0.0,0.0,0.0,0.0,0.0,705.0
2026-07-20 21:49:18.070,,,,,,,,,-40.0,0.0,0.0,0.0,0.0,0.0,706.0
2026-07-20 21:49:18.268,,,,,,,,,-40.0,0.0,0.0,0.0,0.0,0.0,706.0
2026-07-20 21:49:18.470,,,,,,,,,-40.0,0.0,0.0,0.0,0.0,0.0,706.0
2026-07-20 21:49:18.668,,,,,,,,,-40.0,0.0,0.0,0.0,0.0,0.0,706.0
2026-07-20 21:49:18.869,,,,,,,,,-40.0,0.0,0.0,0.0,0.0,0.0,706.0
2026-07-20 21:49:19.069,,,,,,,,,-40.0,0.0,0.0,0.0,0.0,0.0,707.0
2026-07-20 21:49:19.270,,,,,,,,,-40.0,0.0,0.0,0.0,0.0,0.0,707.0
2026-07-20 21:49:19.468,,,,,,,,,-40.0,0.0,0.0,0.0,0.0,0.0,707.0
2026-07-20 21:49:19.669,,,,,,,,,-40.0,0.0,0.0,0.0,0.0,0.0,707.0
2026-07-20 21:49:19.869,,,,,,,,,-40.0,0.0,0.0,0.0,0.0,0.0,707.0
2026-07-20 21:49:20.069,,,,,,,,,-40.0,0.0,0.0,0.0,0.0,0.0,708.0
2026-07-20 21:49:20.268,,,,,,,,,-40.0,0.0,0.0,0.0,0.0,0.0,708.0
2026-07-20 21:49:20.468,,,,,,,,,-40.0,0.0,0.0,0.0,0.0,0.0,708.0
2026-07-20 21:49:20.669,,,,,,,,,-40.0,0.0,0.0,0.0,0.0,0.0,708.0
2026-07-20 21:49:20.868,,,,,,,,,-40.0,0.0,0.0,0.0,0.0,0.0,708.0
2026-07-20 21:49:21.069,,,,,,,,,-40.0,0.0,0.0,0.0,0.0,0.0,709.0
2026-07-20 21:49:21.269,,,,,,,,,-40.0,0.0,0.0,0.0,0.0,0.0,709.0
2026-07-20 21:49:21.469,,,,,,,,,-40.0,0.0,0.0,0.0,0.0,0.0,709.0
2026-07-20 21:49:21.668,,,,,,,,,-40.0,0.0,0.0,0.0,0.0,0.0,709.0
2026-07-20 21:49:21.869,,,,,,,,,-40.0,0.0,0.0,0.0,0.0,0.0,709.0
2026-07-20 21:49:22.068,,,,,,,,,-40.0,0.0,0.0,0.0,0.0,0.0,710.0
2026-07-20 21:49:22.267,,,,,,,,,-40.0,0.0,0.0,0.0,0.0,0.0,710.0
2026-07-20 21:49:22.467,,,,,,,,,-40.0,0.0,0.0,0.0,0.0,0.0,710.0
2026-07-20 21:49:22.667,,,,,,,,,-40.0,0.0,0.0,0.0,0.0,0.0,710.0
2026-07-20 21:49:22.867,,,,,,,,,-40.0,0.0,0.0,0.0,0.0,0.0,710.0
2026-07-20 21:49:23.068,,,,,,,,,-40.0,0.0,0.0,0.0,0.0,0.0,711.0
2026-07-20 21:49:23.267,,,,,,,,,-40.0,0.0,0.0,0.0,0.0,0.0,711.0
2026-07-20 21:49:23.468,,,,,,,,,-40.0,0.0,0.0,0.0,0.0,0.0,711.0
2026-07-20 21:49:23.668,,,,,,,,,-40.0,0.0,0.0,0.0,0.0,0.0,711.0
2026-07-20 21:49:23.868,,,,,,,,,-40.0,0.0,0.0,0.0,0.0,0.0,711.0
2026-07-20 21:49:24.070,,,,,,,,,-40.0,0.0,0.0,0.0,0.0,0.0,712.0
2026-07-20 21:49:24.268,,,,,,,,,-40.0,0.0,0.0,0.0,0.0,0.0,712.0
2026-07-20 21:49:24.469,,,,,,,,,-40.0,0.0,0.0,0.0,0.0,0.0,712.0
2026-07-20 21:49:24.669,,,,,,,,,-40.0,0.0,0.0,0.0,0.0,0.0,712.0
2026-07-20 21:49:24.868,,,,,,,,,-40.0,0.0,0.0,0.0,0.0,0.0,712.0
2026-07-20 21:49:25.069,,,,,,,,,-40.0,0.0,0.0,0.0,0.0,0.0,713.0
2026-07-20 21:49:25.268,,,,,,,,,-40.0,0.0,0.0,0.0,0.0,0.0,713.0
2026-07-20 21:49:25.470,,,,,,,,,-40.0,0.0,0.0,0.0,0.0,0.0,713.0
2026-07-20 21:49:25.667,,,,,,,,,-40.0,0.0,0.0,0.0,0.0,0.0,713.0
2026-07-20 21:49:25.868,,,,,,,,,-40.0,0.0,0.0,0.0,0.0,0.0,713.0
2026-07-20 21:49:26.068,,,,,,,,,-40.0,0.0,0.0,0.0,0.0,0.0,714.0
2026-07-20 21:49:26.268,,,,,,,,,-40.0,0.0,0.0,0.0,0.0,0.0,714.0
2026-07-20 21:49:26.467,,,,,,,,,-40.0,0.0,0.0,0.0,0.0,0.0,714.0
2026-07-20 21:49:26.667,,,,,,,,,-40.0,0.0,0.0,0.0,0.0,0.0,714.0
2026-07-20 21:49:26.868,,,,,,,,,-40.0,0.0,0.0,0.0,0.0,0.0,714.0
2026-07-20 21:49:27.069,,,,,,,,,-40.0,0.0,0.0,0.0,0.0,0.0,715.0
2026-07-20 21:49:27.267,,,,,,,,,-40.0,0.0,0.0,0.0,0.0,0.0,715.0
2026-07-20 21:49:27.467,,,,,,,,,-40.0,0.0,0.0,0.0,0.0,0.0,715.0
2026-07-20 21:49:27.668,,,,,,,,,-40.0,0.0,0.0,0.0,0.0,0.0,715.0
2026-07-20 21:49:27.867,,,,,,,,,-40.0,0.0,0.0,0.0,0.0,0.0,715.0
2026-07-20 21:49:28.069,,,,,,,,,-40.0,0.0,0.0,0.0,0.0,0.0,716.0
2026-07-20 21:49:28.267,,,,,,,,,-40.0,0.0,0.0,0.0,0.0,0.0,716.0
2026-07-20 21:49:28.467,,,,,,,,,-40.0,0.0,0.0,0.0,0.0,0.0,716.0
2026-07-20 21:49:28.669,,,,,,,,,-40.0,0.0,0.0,0.0,0.0,0.0,716.0
2026-07-20 21:49:28.867,,,,,,,,,-40.0,0.0,0.0,0.0,0.0,0.0,716.0
2026-07-20 21:49:29.068,,,,,,,,,-40.0,0.0,0.0,0.0,0.0,0.0,717.0
2026-07-20 21:49:29.268,,,,,,,,,-40.0,0.0,0.0,0.0,0.0,0.0,717.0
2026-07-20 21:49:29.469,,,,,,,,,-40.0,0.0,0.0,0.0,0.0,0.0,717.0
2026-07-20 21:49:29.667,,,,,,,,,-40.0,0.0,0.0,0.0,0.0,0.0,717.0
2026-07-20 21:49:29.867,,,,,,,,,-40.0,0.0,0.0,0.0,0.0,0.0,717.0
2026-07-20 21:49:30.069,,,,,,,,,-40.0,0.0,0.0,0.0,0.0,0.0,718.0
2026-07-20 21:49:30.270,,,,,,,,,-40.0,0.0,0.0,0.0,0.0,0.0,718.0
2026-07-20 21:49:30.468,,,,,,,,,-40.0,0.0,0.0,0.0,0.0,0.0,718.0
2026-07-20 21:49:30.667,,,,,,,,,-40.0,0.0,0.0,0.0,0.0,0.0,718.0
2026-07-20 21:49:30.868,,,,,,,,,-40.0,0.0,0.0,0.0,0.0,0.0,718.0
2026-07-20 21:49:31.069,,,,,,,,,-40.0,0.0,0.0,0.0,0.0,0.0,719.0
2026-07-20 21:49:31.271,,,,,,,,,-40.0,0.0,0.0,0.0,0.0,0.0,719.0
2026-07-20 21:49:31.468,,,,,,,,,-40.0,0.0,0.0,0.0,0.0,0.0,719.0
2026-07-20 21:49:31.668,,,,,,,,,-40.0,0.0,0.0,0.0,0.0,0.0,719.0
2026-07-20 21:49:31.867,,,,,,,,,-40.0,0.0,0.0,0.0,0.0,0.0,719.0
2026-07-20 21:49:32.069,,,,,,,,,-40.0,0.0,0.0,0.0,0.0,0.0,720.0
2026-07-20 21:49:32.271,,,,,,,,,-40.0,0.0,0.0,0.0,0.0,0.0,720.0
2026-07-20 21:49:32.468,,,,,,,,,-40.0,0.0,0.0,0.0,0.0,0.0,720.0
2026-07-20 21:49:32.668,,,,,,,,,-40.0,0.0,0.0,0.0,0.0,0.0,720.0
2026-07-20 21:49:32.868,,,,,,,,,-40.0,0.0,0.0,0.0,0.0,0.0,720.0
2026-07-20 21:49:33.069,,,,,,,,,-40.0,0.0,0.0,0.0,0.0,0.0,721.0
2026-07-20 21:49:33.268,,,,,,,,,-40.0,0.0,0.0,0.0,0.0,0.0,721.0
2026-07-20 21:49:33.468,,,,,,,,,-40.0,0.0,0.0,0.0,0.0,0.0,721.0
2026-07-20 21:49:33.667,,,,,,,,,-40.0,0.0,0.0,0.0,0.0,0.0,721.0
2026-07-20 21:49:33.868,,,,,,,,,-40.0,0.0,0.0,0.0,0.0,0.0,721.0
2026-07-20 21:49:34.068,,,,,,,,,-40.0,0.0,0.0,0.0,0.0,0.0,722.0
2026-07-20 21:49:34.268,,,,,,,,,-40.0,0.0,0.0,0.0,0.0,0.0,722.0
2026-07-20 21:49:34.468,,,,,,,,,-40.0,0.0,0.0,0.0,0.0,0.0,722.0
2026-07-20 21:49:34.667,,,,,,,,,-40.0,0.0,0.0,0.0,0.0,0.0,722.0
2026-07-20 21:49:34.868,,,,,,,,,-40.0,0.0,0.0,0.0,0.0,0.0,722.0
2026-07-20 21:49:35.068,,,,,,,,,-40.0,0.0,0.0,0.0,0.0,0.0,723.0
2026-07-20 21:49:35.269,,,,,,,,,-40.0,0.0,0.0,0.0,0.0,0.0,723.0
2026-07-20 21:49:35.468,,,,,,,,,-40.0,0.0,0.0,0.0,0.0,0.0,723.0
2026-07-20 21:49:35.668,,,,,,,,,-40.0,0.0,0.0,0.0,0.0,0.0,723.0
2026-07-20 21:49:35.868,,,,,,,,,-40.0,0.0,0.0,0.0,0.0,0.0,723.0
2026-07-20 21:49:36.068,,,,,,,,,-40.0,0.0,0.0,0.0,0.0,0.0,724.0
2026-07-20 21:49:36.268,,,,,,,,,-40.0,0.0,0.0,0.0,0.0,0.0,724.0
2026-07-20 21:49:36.468,,,,,,,,,-40.0,0.0,0.0,0.0,0.0,0.0,724.0
2026-07-20 21:49:36.667,,,,,,,,,-40.0,0.0,0.0,0.0,0.0,0.0,724.0
2026-07-20 21:49:36.869,,,,,,,,,-40.0,0.0,0.0,0.0,0.0,0.0,724.0
2026-07-20 21:49:37.068,,,,,,,,,-40.0,0.0,0.0,0.0,0.0,0.0,725.0
2026-07-20 21:49:37.268,,,,,,,,,-40.0,0.0,0.0,0.0,0.0,0.0,725.0
2026-07-20 21:49:37.468,,,,,,,,,-40.0,0.0,0.0,0.0,0.0,0.0,725.0
2026-07-20 21:49:37.667,,,,,,,,,-40.0,0.0,0.0,0.0,0.0,0.0,725.0
2026-07-20 21:49:37.868,,,,,,,,,-40.0,0.0,0.0,0.0,0.0,0.0,725.0
2026-07-20 21:49:38.069,,,,,,,,,-40.0,0.0,0.0,0.0,0.0,0.0,726.0
2026-07-20 21:49:38.268,,,,,,,,,-40.0,0.0,0.0,0.0,0.0,0.0,726.0
2026-07-20 21:49:38.467,,,,,,,,,-40.0,0.0,0.0,0.0,0.0,0.0,726.0
2026-07-20 21:49:38.667,,,,,,,,,-40.0,0.0,0.0,0.0,0.0,0.0,726.0
2026-07-20 21:49:38.868,,,,,,,,,-40.0,0.0,0.0,0.0,0.0,0.0,726.0
2026-07-20 21:49:39.068,,,,,,,,,-40.0,0.0,0.0,0.0,0.0,0.0,727.0
2026-07-20 21:49:39.268,,,,,,,,,-40.0,0.0,0.0,0.0,0.0,0.0,727.0
2026-07-20 21:49:39.468,,,,,,,,,-40.0,0.0,0.0,0.0,0.0,0.0,727.0
2026-07-20 21:49:39.666,,,,,,,,,-40.0,0.0,0.0,0.0,0.0,0.0,727.0
2026-07-20 21:49:39.868,,,,,,,,,-40.0,0.0,0.0,0.0,0.0,0.0,727.0
2026-07-20 21:49:40.068,,,,,,,,,-40.0,0.0,0.0,0.0,0.0,0.0,728.0
2026-07-20 21:49:40.268,,,,,,,,,-40.0,0.0,0.0,0.0,0.0,0.0,728.0
2026-07-20 21:49:40.468,,,,,,,,,-40.0,0.0,0.0,0.0,0.0,0.0,728.0
2026-07-20 21:49:40.667,,,,,,,,,-40.0,0.0,0.0,0.0,0.0,0.0,728.0
2026-07-20 21:49:40.868,,,,,,,,,-40.0,0.0,0.0,0.0,0.0,0.0,728.0
2026-07-20 21:49:41.068,,,,,,,,,-40.0,0.0,0.0,0.0,0.0,0.0,729.0
2026-07-20 21:49:41.268,,,,,,,,,-40.0,0.0,0.0,0.0,0.0,0.0,729.0
2026-07-20 21:49:41.468,,,,,,,,,-40.0,0.0,0.0,0.0,0.0,0.0,729.0
2026-07-20 21:49:41.667,,,,,,,,,-40.0,0.0,0.0,0.0,0.0,0.0,729.0
2026-07-20 21:49:41.867,,,,,,,,,-40.0,0.0,0.0,0.0,0.0,0.0,729.0
2026-07-20 21:49:42.068,,,,,,,,,-40.0,0.0,0.0,0.0,0.0,0.0,730.0
2026-07-20 21:49:42.267,,,,,,,,,-40.0,0.0,0.0,0.0,0.0,0.0,730.0
2026-07-20 21:49:42.468,,,,,,,,,-40.0,0.0,0.0,0.0,0.0,0.0,730.0
2026-07-20 21:49:42.667,,,,,,,,,-40.0,0.0,0.0,0.0,0.0,0.0,730.0
2026-07-20 21:49:42.867,,,,,,,,,-40.0,0.0,0.0,0.0,0.0,0.0,730.0
2026-07-20 21:49:43.068,,,,,,,,,-40.0,0.0,0.0,0.0,0.0,0.0,731.0
2026-07-20 21:49:43.268,,,,,,,,,-40.0,0.0,0.0,0.0,0.0,0.0,731.0
2026-07-20 21:49:43.467,,,,,,,,,-40.0,0.0,0.0,0.0,0.0,0.0,731.0
2026-07-20 21:49:43.667,,,,,,,,,-40.0,0.0,0.0,0.0,0.0,0.0,731.0
2026-07-20 21:49:43.867,,,,,,,,,-40.0,0.0,0.0,0.0,0.0,0.0,731.0
2026-07-20 21:49:44.068,,,,,,,,,-40.0,0.0,0.0,0.0,0.0,0.0,732.0
2026-07-20 21:49:44.267,,,,,,,,,-40.0,0.0,0.0,0.0,0.0,0.0,732.0
2026-07-20 21:49:44.467,,,,,,,,,-40.0,0.0,0.0,0.0,0.0,0.0,732.0
2026-07-20 21:49:44.667,,,,,,,,,-40.0,0.0,0.0,0.0,0.0,0.0,732.0
2026-07-20 21:49:44.867,,,,,,,,,-40.0,0.0,0.0,0.0,0.0,0.0,732.0
2026-07-20 21:49:45.068,,,,,,,,,-40.0,0.0,0.0,0.0,0.0,0.0,733.0
2026-07-20 21:49:45.267,,,,,,,,,-40.0,0.0,0.0,0.0,0.0,0.0,733.0
2026-07-20 21:49:45.468,,,,,,,,,-40.0,0.0,0.0,0.0,0.0,0.0,733.0
2026-07-20 21:49:45.667,,,,,,,,,-40.0,0.0,0.0,0.0,0.0,0.0,733.0
2026-07-20 21:49:45.867,,,,,,,,,-40.0,0.0,0.0,0.0,0.0,0.0,733.0
2026-07-20 21:49:46.068,,,,,,,,,-40.0,0.0,0.0,0.0,0.0,0.0,734.0
2026-07-20 21:49:46.267,,,,,,,,,-40.0,0.0,0.0,0.0,0.0,0.0,734.0
2026-07-20 21:49:46.467,,,,,,,,,-40.0,0.0,0.0,0.0,0.0,0.0,734.0
2026-07-20 21:49:46.667,,,,,,,,,-40.0,0.0,0.0,0.0,0.0,0.0,734.0
2026-07-20 21:49:46.867,,,,,,,,,-40.0,0.0,0.0,0.0,0.0,0.0,734.0
2026-07-20 21:49:47.067,,,,,,,,,-40.0,0.0,0.0,0.0,0.0,0.0,735.0
2026-07-20 21:49:47.267,,,,,,,,,-40.0,0.0,0.0,0.0,0.0,0.0,735.0
2026-07-20 21:49:47.468,,,,,,,,,-40.0,0.0,0.0,0.0,0.0,0.0,735.0
2026-07-20 21:49:47.668,,,,,,,,,-40.0,0.0,0.0,0.0,0.0,0.0,735.0
2026-07-20 21:49:47.867,,,,,,,,,-40.0,0.0,0.0,0.0,0.0,0.0,735.0
2026-07-20 21:49:48.068,,,,,,,,,-40.0,0.0,0.0,0.0,0.0,0.0,736.0
2026-07-20 21:49:48.267,,,,,,,,,-40.0,0.0,0.0,0.0,0.0,0.0,736.0
2026-07-20 21:49:48.467,,,,,,,,,-40.0,0.0,0.0,0.0,0.0,0.0,736.0
2026-07-20 21:49:48.667,,,,,,,,,-40.0,0.0,0.0,0.0,0.0,0.0,736.0
2026-07-20 21:49:48.867,,,,,,,,,-40.0,0.0,0.0,0.0,0.0,0.0,736.0
2026-07-20 21:49:49.067,,,,,,,,,-40.0,0.0,0.0,0.0,0.0,0.0,737.0
2026-07-20 21:49:49.291,,,,,,,,,-40.0,0.0,0.0,0.0,0.0,0.0,737.0
2026-07-20 21:49:49.468,,,,,,,,,-40.0,0.0,0.0,0.0,0.0,0.0,737.0
2026-07-20 21:49:49.666,,,,,,,,,-40.0,0.0,0.0,0.0,0.0,0.0,737.0
2026-07-20 21:49:49.867,,,,,,,,,-40.0,0.0,0.0,0.0,0.0,0.0,737.0
2026-07-20 21:49:50.068,,,,,,,,,-40.0,0.0,0.0,0.0,0.0,0.0,738.0
2026-07-20 21:49:50.266,,,,,,,,,-40.0,0.0,0.0,0.0,0.0,0.0,738.0
2026-07-20 21:49:50.467,,,,,,,,,-40.0,0.0,0.0,0.0,0.0,0.0,738.0
2026-07-20 21:49:50.668,,,,,,,,,-40.0,0.0,0.0,0.0,0.0,0.0,738.0
2026-07-20 21:49:50.867,,,,,,,,,-40.0,0.0,0.0,0.0,0.0,0.0,738.0
2026-07-20 21:49:51.068,,,,,,,,,-40.0,0.0,0.0,0.0,0.0,0.0,739.0
2026-07-20 21:49:51.267,,,,,,,,,-40.0,0.0,0.0,0.0,0.0,0.0,739.0
2026-07-20 21:49:51.467,,,,,,,,,-40.0,0.0,0.0,0.0,0.0,0.0,739.0
2026-07-20 21:49:51.668,,,,,,,,,-40.0,0.0,0.0,0.0,0.0,0.0,739.0
2026-07-20 21:49:51.867,,,,,,,,,-40.0,0.0,0.0,0.0,0.0,0.0,739.0
2026-07-20 21:49:52.068,,,,,,,,,-40.0,0.0,0.0,0.0,0.0,0.0,740.0
2026-07-20 21:49:52.267,,,,,,,,,-40.0,0.0,0.0,0.0,0.0,0.0,740.0
2026-07-20 21:49:52.468,,,,,,,,,-40.0,0.0,0.0,0.0,0.0,0.0,740.0
2026-07-20 21:49:52.667,,,,,,,,,-40.0,0.0,0.0,0.0,0.0,0.0,740.0
2026-07-20 21:49:52.867,,,,,,,,,-40.0,0.0,0.0,0.0,0.0,0.0,740.0
2026-07-20 21:49:53.067,,,,,,,,,-40.0,0.0,0.0,0.0,0.0,0.0,741.0
2026-07-20 21:49:53.267,,,,,,,,,-40.0,0.0,0.0,0.0,0.0,0.0,741.0
2026-07-20 21:49:53.467,,,,,,,,,-40.0,0.0,0.0,0.0,0.0,0.0,741.0
2026-07-20 21:49:53.667,,,,,,,,,-40.0,0.0,0.0,0.0,0.0,0.0,741.0
2026-07-20 21:49:53.867,,,,,,,,,-40.0,0.0,0.0,0.0,0.0,0.0,741.0
2026-07-20 21:49:54.067,,,,,,,,,-40.0,0.0,0.0,0.0,0.0,0.0,742.0
2026-07-20 21:49:54.268,,,,,,,,,-40.0,0.0,0.0,0.0,0.0,0.0,742.0
2026-07-20 21:49:54.467,,,,,,,,,-40.0,0.0,0.0,0.0,0.0,0.0,742.0
2026-07-20 21:49:54.667,,,,,,,,,-40.0,0.0,0.0,0.0,0.0,0.0,742.0
2026-07-20 21:49:54.866,,,,,,,,,-40.0,0.0,0.0,0.0,0.0,0.0,742.0
2026-07-20 21:49:55.067,,,,,,,,,-40.0,0.0,0.0,0.0,0.0,0.0,743.0
2026-07-20 21:49:55.267,,,,,,,,,-40.0,0.0,0.0,0.0,0.0,0.0,743.0
2026-07-20 21:49:55.467,,,,,,,,,-40.0,0.0,0.0,0.0,0.0,0.0,743.0
2026-07-20 21:49:55.666,,,,,,,,,-40.0,0.0,0.0,0.0,0.0,0.0,743.0
2026-07-20 21:49:55.867,,,,,,,,,-40.0,0.0,0.0,0.0,0.0,0.0,743.0
2026-07-20 21:49:56.067,,,,,,,,,-40.0,0.0,0.0,0.0,0.0,0.0,744.0
2026-07-20 21:49:56.267,,,,,,,,,-40.0,0.0,0.0,0.0,0.0,0.0,744.0
2026-07-20 21:49:56.467,,,,,,,,,-40.0,0.0,0.0,0.0,0.0,0.0,744.0
2026-07-20 21:49:56.667,,,,,,,,,-40.0,0.0,0.0,0.0,0.0,0.0,744.0
2026-07-20 21:49:56.866,,,,,,,,,-40.0,0.0,0.0,0.0,0.0,0.0,744.0
2026-07-20 21:49:57.067,,,,,,,,,-40.0,0.0,0.0,0.0,0.0,0.0,745.0
2026-07-20 21:49:57.267,,,,,,,,,-40.0,0.0,0.0,0.0,0.0,0.0,745.0
2026-07-20 21:49:57.466,,,,,,,,,-40.0,0.0,0.0,0.0,0.0,0.0,745.0
2026-07-20 21:49:57.667,,,,,,,,,-40.0,0.0,0.0,0.0,0.0,0.0,745.0
2026-07-20 21:49:57.867,,,,,,,,,-40.0,0.0,0.0,0.0,0.0,0.0,745.0
2026-07-20 21:49:58.067,,,,,,,,,-40.0,0.0,0.0,0.0,0.0,0.0,746.0
2026-07-20 21:49:58.267,,,,,,,,,-40.0,0.0,0.0,0.0,0.0,0.0,746.0
2026-07-20 21:49:58.467,,,,,,,,,-40.0,0.0,0.0,0.0,0.0,0.0,746.0
2026-07-20 21:49:58.667,,,,,,,,,-40.0,0.0,0.0,0.0,0.0,0.0,746.0
2026-07-20 21:49:58.868,,,,,,,,,-40.0,0.0,0.0,0.0,0.0,0.0,746.0
2026-07-20 21:49:59.067,,,,,,,,,-40.0,0.0,0.0,0.0,0.0,0.0,747.0
2026-07-20 21:49:59.267,,,,,,,,,-40.0,0.0,0.0,0.0,0.0,0.0,747.0
2026-07-20 21:49:59.468,,,,,,,,,-40.0,0.0,0.0,0.0,0.0,0.0,747.0
2026-07-20 21:49:59.669,,,,,,,,,-40.0,0.0,0.0,0.0,0.0,0.0,747.0
2026-07-20 21:49:59.867,,,,,,,,,-40.0,0.0,0.0,0.0,0.0,0.0,747.0
2026-07-20 21:50:00.068,,,,,,,,,-40.0,0.0,0.0,0.0,0.0,0.0,748.0
2026-07-20 21:50:00.269,,,,,,,,,-40.0,0.0,0.0,0.0,0.0,0.0,748.0
2026-07-20 21:50:00.468,,,,,,,,,-40.0,0.0,0.0,0.0,0.0,0.0,748.0
2026-07-20 21:50:00.667,,,,,,,,,-40.0,0.0,0.0,0.0,0.0,0.0,748.0
2026-07-20 21:50:00.868,,,,,,,,,-40.0,0.0,0.0,0.0,0.0,0.0,748.0
2026-07-20 21:50:01.068,,,,,,,,,-40.0,0.0,0.0,0.0,0.0,0.0,749.0
2026-07-20 21:50:01.267,,,,,,,,,-40.0,0.0,0.0,0.0,0.0,0.0,749.0
2026-07-20 21:50:01.467,,,,,,,,,-40.0,0.0,0.0,0.0,0.0,0.0,749.0
2026-07-20 21:50:01.668,,,,,,,,,-40.0,0.0,0.0,0.0,0.0,0.0,749.0
2026-07-20 21:50:01.867,,,,,,,,,-40.0,0.0,0.0,0.0,0.0,0.0,749.0
2026-07-20 21:50:02.068,,,,,,,,,-40.0,0.0,0.0,0.0,0.0,0.0,750.0
2026-07-20 21:50:02.268,,,,,,,,,-40.0,0.0,0.0,0.0,0.0,0.0,750.0
2026-07-20 21:50:02.467,,,,,,,,,-40.0,0.0,0.0,0.0,0.0,0.0,750.0
2026-07-20 21:50:02.667,,,,,,,,,-40.0,0.0,0.0,0.0,0.0,0.0,750.0
2026-07-20 21:50:02.867,,,,,,,,,-40.0,0.0,0.0,0.0,0.0,0.0,750.0
2026-07-20 21:50:03.067,,,,,,,,,-40.0,0.0,0.0,0.0,0.0,0.0,751.0
2026-07-20 21:50:03.268,,,,,,,,,-40.0,0.0,0.0,0.0,0.0,0.0,751.0
2026-07-20 21:50:03.466,,,,,,,,,-40.0,0.0,0.0,0.0,0.0,0.0,751.0
2026-07-20 21:50:03.668,,,,,,,,,-40.0,0.0,0.0,0.0,0.0,0.0,751.0
2026-07-20 21:50:03.866,,,,,,,,,-40.0,0.0,0.0,0.0,0.0,0.0,751.0
2026-07-20 21:50:04.070,,,,,,,,,-40.0,0.0,0.0,0.0,0.0,0.0,752.0
2026-07-20 21:50:04.284,,,,,,,,,-40.0,0.0,0.0,0.0,0.0,0.0,752.0
2026-07-20 21:50:04.467,,,,,,,,,-40.0,0.0,0.0,0.0,0.0,0.0,752.0
2026-07-20 21:50:04.668,,,,,,,,,-40.0,0.0,0.0,0.0,0.0,0.0,752.0
2026-07-20 21:50:04.868,,,,,,,,,-40.0,0.0,0.0,0.0,0.0,0.0,752.0
2026-07-20 21:50:05.067,,,,,,,,,-40.0,0.0,0.0,0.0,0.0,0.0,753.0
2026-07-20 21:50:05.268,,,,,,,,,-40.0,0.0,0.0,0.0,0.0,0.0,753.0
2026-07-20 21:50:05.466,,,,,,,,,-40.0,0.0,0.0,0.0,0.0,0.0,753.0
2026-07-20 21:50:05.667,,,,,,,,,-40.0,0.0,0.0,0.0,0.0,0.0,753.0
2026-07-20 21:50:05.867,,,,,,,,,-40.0,0.0,0.0,0.0,0.0,0.0,753.0
2026-07-20 21:50:06.067,,,,,,,,,-40.0,0.0,0.0,0.0,0.0,0.0,754.0
2026-07-20 21:50:06.267,,,,,,,,,-40.0,0.0,0.0,0.0,0.0,0.0,754.0
2026-07-20 21:50:06.468,,,,,,,,,-40.0,0.0,0.0,0.0,0.0,0.0,754.0
2026-07-20 21:50:06.667,,,,,,,,,-40.0,0.0,0.0,0.0,0.0,0.0,754.0
2026-07-20 21:50:06.867,,,,,,,,,-40.0,0.0,0.0,0.0,0.0,0.0,754.0
2026-07-20 21:50:07.067,,,,,,,,,-40.0,0.0,0.0,0.0,0.0,0.0,755.0
2026-07-20 21:50:07.266,,,,,,,,,-40.0,0.0,0.0,0.0,0.0,0.0,755.0
2026-07-20 21:50:07.466,,,,,,,,,-40.0,0.0,0.0,0.0,0.0,0.0,755.0
2026-07-20 21:50:07.668,,,,,,,,,-40.0,0.0,0.0,0.0,0.0,0.0,755.0
2026-07-20 21:50:07.866,,,,,,,,,-40.0,0.0,0.0,0.0,0.0,0.0,755.0
2026-07-20 21:50:08.068,,,,,,,,,-40.0,0.0,0.0,0.0,0.0,0.0,756.0
2026-07-20 21:50:08.267,,,,,,,,,-40.0,0.0,0.0,0.0,0.0,0.0,756.0
2026-07-20 21:50:08.466,,,,,,,,,-40.0,0.0,0.0,0.0,0.0,0.0,756.0
2026-07-20 21:50:08.667,,,,,,,,,-40.0,0.0,0.0,0.0,0.0,0.0,756.0
2026-07-20 21:50:08.868,,,,,,,,,-40.0,0.0,0.0,0.0,0.0,0.0,756.0
2026-07-20 21:50:09.067,,,,,,,,,-40.0,0.0,0.0,0.0,0.0,0.0,757.0
2026-07-20 21:50:09.268,,,,,,,,,-40.0,0.0,0.0,0.0,0.0,0.0,757.0
2026-07-20 21:50:09.468,,,,,,,,,-40.0,0.0,0.0,0.0,0.0,0.0,757.0
2026-07-20 21:50:09.667,,,,,,,,,-40.0,0.0,0.0,0.0,0.0,0.0,757.0
2026-07-20 21:50:09.866,,,,,,,,,-40.0,0.0,0.0,0.0,0.0,0.0,757.0
2026-07-20 21:50:10.070,,,,,,,,,-40.0,0.0,0.0,0.0,0.0,0.0,758.0
2026-07-20 21:50:10.267,,,,,,,,,-40.0,0.0,0.0,0.0,0.0,0.0,758.0
2026-07-20 21:50:10.468,,,,,,,,,-40.0,0.0,0.0,0.0,0.0,0.0,758.0
2026-07-20 21:50:10.667,,,,,,,,,-40.0,0.0,0.0,0.0,0.0,0.0,758.0
2026-07-20 21:50:10.866,,,,,,,,,-40.0,0.0,0.0,0.0,0.0,0.0,758.0
2026-07-20 21:50:11.068,,,,,,,,,-40.0,0.0,0.0,0.0,0.0,0.0,759.0
2026-07-20 21:50:11.268,,,,,,,,,-40.0,0.0,0.0,0.0,0.0,0.0,759.0
2026-07-20 21:50:11.467,,,,,,,,,-40.0,0.0,0.0,0.0,0.0,0.0,759.0
2026-07-20 21:50:11.667,,,,,,,,,-40.0,0.0,0.0,0.0,0.0,0.0,759.0
2026-07-20 21:50:11.868,,,,,,,,,-40.0,0.0,0.0,0.0,0.0,0.0,759.0
2026-07-20 21:50:12.067,,,,,,,,,-40.0,0.0,0.0,0.0,0.0,0.0,760.0
2026-07-20 21:50:12.268,,,,,,,,,-40.0,0.0,0.0,0.0,0.0,0.0,760.0
2026-07-20 21:50:12.467,,,,,,,,,-40.0,0.0,0.0,0.0,0.0,0.0,760.0
2026-07-20 21:50:12.667,,,,,,,,,-40.0,0.0,0.0,0.0,0.0,0.0,760.0
2026-07-20 21:50:12.866,,,,,,,,,-40.0,0.0,0.0,0.0,0.0,0.0,760.0
2026-07-20 21:50:13.067,,,,,,,,,-40.0,0.0,0.0,0.0,0.0,0.0,761.0
2026-07-20 21:50:13.268,,,,,,,,,-40.0,0.0,0.0,0.0,0.0,0.0,761.0
2026-07-20 21:50:13.466,,,,,,,,,-40.0,0.0,0.0,0.0,0.0,0.0,761.0
2026-07-20 21:50:13.668,,,,,,,,,-40.0,0.0,0.0,0.0,0.0,0.0,761.0
2026-07-20 21:50:13.866,,,,,,,,,-40.0,0.0,0.0,0.0,0.0,0.0,761.0
2026-07-20 21:50:14.069,,,,,,,,,-40.0,0.0,0.0,0.0,0.0,0.0,762.0
2026-07-20 21:50:14.267,,,,,,,,,-40.0,0.0,0.0,0.0,0.0,0.0,762.0
2026-07-20 21:50:14.467,,,,,,,,,-40.0,0.0,0.0,0.0,0.0,0.0,762.0
2026-07-20 21:50:14.667,,,,,,,,,-40.0,0.0,0.0,0.0,0.0,0.0,762.0
2026-07-20 21:50:14.867,,,,,,,,,-40.0,0.0,0.0,0.0,0.0,0.0,762.0
2026-07-20 21:50:15.067,,,,,,,,,-40.0,0.0,0.0,0.0,0.0,0.0,763.0
2026-07-20 21:50:15.266,,,,,,,,,-40.0,0.0,0.0,0.0,0.0,0.0,763.0
2026-07-20 21:50:15.467,,,,,,,,,-40.0,0.0,0.0,0.0,0.0,0.0,763.0
2026-07-20 21:50:15.666,,,,,,,,,-40.0,0.0,0.0,0.0,0.0,0.0,763.0
2026-07-20 21:50:15.867,,,,,,,,,-40.0,0.0,0.0,0.0,0.0,0.0,763.0
2026-07-20 21:50:16.069,,,,,,,,,-40.0,0.0,0.0,0.0,0.0,0.0,764.0
2026-07-20 21:50:16.267,,,,,,,,,-40.0,0.0,0.0,0.0,0.0,0.0,764.0
2026-07-20 21:50:16.467,,,,,,,,,-40.0,0.0,0.0,0.0,0.0,0.0,764.0
2026-07-20 21:50:16.667,,,,,,,,,-40.0,0.0,0.0,0.0,0.0,0.0,764.0
2026-07-20 21:50:16.867,,,,,,,,,-40.0,0.0,0.0,0.0,0.0,0.0,764.0
2026-07-20 21:50:17.066,,,,,,,,,-40.0,0.0,0.0,0.0,0.0,0.0,765.0
2026-07-20 21:50:17.267,,,,,,,,,-40.0,0.0,0.0,0.0,0.0,0.0,765.0
2026-07-20 21:50:17.469,,,,,,,,,-40.0,0.0,0.0,0.0,0.0,0.0,765.0
2026-07-20 21:50:17.668,,,,,,,,,-40.0,0.0,0.0,0.0,0.0,0.0,765.0
2026-07-20 21:50:17.867,,,,,,,,,-40.0,0.0,0.0,0.0,0.0,0.0,765.0
2026-07-20 21:50:18.066,,,,,,,,,-40.0,0.0,0.0,0.0,0.0,0.0,766.0
2026-07-20 21:50:18.268,,,,,,,,,-40.0,0.0,0.0,0.0,0.0,0.0,766.0
2026-07-20 21:50:18.466,,,,,,,,,-40.0,0.0,0.0,0.0,0.0,0.0,766.0
2026-07-20 21:50:18.666,,,,,,,,,-40.0,0.0,0.0,0.0,0.0,0.0,766.0
2026-07-20 21:50:18.867,,,,,,,,,-40.0,0.0,0.0,0.0,0.0,0.0,766.0
2026-07-20 21:50:19.067,,,,,,,,,-40.0,0.0,0.0,0.0,0.0,0.0,767.0
2026-07-20 21:50:19.268,,,,,,,,,-40.0,0.0,0.0,0.0,0.0,0.0,767.0
2026-07-20 21:50:19.467,,,,,,,,,-40.0,0.0,0.0,0.0,0.0,0.0,767.0
2026-07-20 21:50:19.666,,,,,,,,,-40.0,0.0,0.0,0.0,0.0,0.0,767.0
2026-07-20 21:50:19.866,,,,,,,,,-40.0,0.0,0.0,0.0,0.0,0.0,767.0
2026-07-20 21:50:20.067,,,,,,,,,-40.0,0.0,0.0,0.0,0.0,0.0,768.0
2026-07-20 21:50:20.268,,,,,,,,,-40.0,0.0,0.0,0.0,0.0,0.0,768.0
2026-07-20 21:50:20.466,,,,,,,,,-40.0,0.0,0.0,0.0,0.0,0.0,768.0
2026-07-20 21:50:20.666,,,,,,,,,-40.0,0.0,0.0,0.0,0.0,0.0,768.0
2026-07-20 21:50:20.866,,,,,,,,,-40.0,0.0,0.0,0.0,0.0,0.0,768.0
2026-07-20 21:50:21.066,,,,,,,,,-40.0,0.0,0.0,0.0,0.0,0.0,769.0
2026-07-20 21:50:21.267,,,,,,,,,-40.0,0.0,0.0,0.0,0.0,0.0,769.0
2026-07-20 21:50:21.466,,,,,,,,,-40.0,0.0,0.0,0.0,0.0,0.0,769.0
2026-07-20 21:50:21.665,,,,,,,,,-40.0,0.0,0.0,0.0,0.0,0.0,769.0
2026-07-20 21:50:21.866,,,,,,,,,-40.0,0.0,0.0,0.0,0.0,0.0,769.0
2026-07-20 21:50:22.066,,,,,,,,,-40.0,0.0,0.0,0.0,0.0,0.0,770.0
2026-07-20 21:50:22.267,,,,,,,,,-40.0,0.0,0.0,0.0,0.0,0.0,770.0
2026-07-20 21:50:22.468,,,,,,,,,-40.0,0.0,0.0,0.0,0.0,0.0,770.0
2026-07-20 21:50:22.666,,,,,,,,,-40.0,0.0,0.0,0.0,0.0,0.0,770.0
2026-07-20 21:50:22.866,,,,,,,,,-40.0,0.0,0.0,0.0,0.0,0.0,770.0
2026-07-20 21:50:23.066,,,,,,,,,-40.0,0.0,0.0,0.0,0.0,0.0,771.0
2026-07-20 21:50:23.266,,,,,,,,,-40.0,0.0,0.0,0.0,0.0,0.0,771.0
2026-07-20 21:50:23.466,,,,,,,,,-40.0,0.0,0.0,0.0,0.0,0.0,771.0
2026-07-20 21:50:23.666,,,,,,,,,-40.0,0.0,0.0,0.0,0.0,0.0,771.0
2026-07-20 21:50:23.867,,,,,,,,,-40.0,0.0,0.0,0.0,0.0,0.0,771.0
2026-07-20 21:50:24.067,,,,,,,,,-40.0,0.0,0.0,0.0,0.0,0.0,772.0
2026-07-20 21:50:24.267,,,,,,,,,-40.0,0.0,0.0,0.0,0.0,0.0,772.0
2026-07-20 21:50:24.467,,,,,,,,,-40.0,0.0,0.0,0.0,0.0,0.0,772.0
2026-07-20 21:50:24.666,,,,,,,,,-40.0,0.0,0.0,0.0,0.0,0.0,772.0
2026-07-20 21:50:24.867,,,,,,,,,-40.0,0.0,0.0,0.0,0.0,0.0,772.0
2026-07-20 21:50:25.067,,,,,,,,,-40.0,0.0,0.0,0.0,0.0,0.0,773.0
2026-07-20 21:50:25.267,,,,,,,,,-40.0,0.0,0.0,0.0,0.0,0.0,773.0
2026-07-20 21:50:25.466,,,,,,,,,-40.0,0.0,0.0,0.0,0.0,0.0,773.0
2026-07-20 21:50:25.666,,,,,,,,,-40.0,0.0,0.0,0.0,0.0,0.0,773.0
2026-07-20 21:50:25.866,,,,,,,,,-40.0,0.0,0.0,0.0,0.0,0.0,773.0
2026-07-20 21:50:26.067,,,,,,,,,-40.0,0.0,0.0,0.0,0.0,0.0,774.0
2026-07-20 21:50:26.267,,,,,,,,,-40.0,0.0,0.0,0.0,0.0,0.0,774.0
2026-07-20 21:50:26.466,,,,,,,,,-40.0,0.0,0.0,0.0,0.0,0.0,774.0
2026-07-20 21:50:26.666,,,,,,,,,-40.0,0.0,0.0,0.0,0.0,0.0,774.0
2026-07-20 21:50:26.867,,,,,,,,,-40.0,0.0,0.0,0.0,0.0,0.0,774.0
2026-07-20 21:50:27.066,,,,,,,,,-40.0,0.0,0.0,0.0,0.0,0.0,775.0
2026-07-20 21:50:27.267,,,,,,,,,-40.0,0.0,0.0,0.0,0.0,0.0,775.0
2026-07-20 21:50:27.467,,,,,,,,,-40.0,0.0,0.0,0.0,0.0,0.0,775.0
2026-07-20 21:50:27.666,,,,,,,,,-40.0,0.0,0.0,0.0,0.0,0.0,775.0
2026-07-20 21:50:27.866,,,,,,,,,-40.0,0.0,0.0,0.0,0.0,0.0,775.0
2026-07-20 21:50:28.066,,,,,,,,,-40.0,0.0,0.0,0.0,0.0,0.0,776.0
2026-07-20 21:50:28.267,,,,,,,,,-40.0,0.0,0.0,0.0,0.0,0.0,776.0
2026-07-20 21:50:28.466,,,,,,,,,-40.0,0.0,0.0,0.0,0.0,0.0,776.0
2026-07-20 21:50:28.665,,,,,,,,,-40.0,0.0,0.0,0.0,0.0,0.0,776.0
2026-07-20 21:50:28.867,,,,,,,,,-40.0,0.0,0.0,0.0,0.0,0.0,776.0
2026-07-20 21:50:29.066,,,,,,,,,-40.0,0.0,0.0,0.0,0.0,0.0,777.0
2026-07-20 21:50:29.267,,,,,,,,,-40.0,0.0,0.0,0.0,0.0,0.0,777.0
2026-07-20 21:50:29.467,,,,,,,,,-40.0,0.0,0.0,0.0,0.0,0.0,777.0
2026-07-20 21:50:29.666,,,,,,,,,-40.0,0.0,0.0,0.0,0.0,0.0,777.0
2026-07-20 21:50:29.868,,,,,,,,,-40.0,0.0,0.0,0.0,0.0,0.0,777.0
2026-07-20 21:50:30.066,,,,,,,,,-40.0,0.0,0.0,0.0,0.0,0.0,778.0
2026-07-20 21:50:30.266,,,,,,,,,-40.0,0.0,0.0,0.0,0.0,0.0,778.0
2026-07-20 21:50:30.466,,,,,,,,,-40.0,0.0,0.0,0.0,0.0,0.0,778.0
2026-07-20 21:50:30.666,,,,,,,,,-40.0,0.0,0.0,0.0,0.0,0.0,778.0
2026-07-20 21:50:30.866,,,,,,,,,-40.0,0.0,0.0,0.0,0.0,0.0,778.0
2026-07-20 21:50:31.067,,,,,,,,,-40.0,0.0,0.0,0.0,0.0,0.0,779.0
2026-07-20 21:50:31.267,,,,,,,,,-40.0,0.0,0.0,0.0,0.0,0.0,779.0
2026-07-20 21:50:31.466,,,,,,,,,-40.0,0.0,0.0,0.0,0.0,0.0,779.0
2026-07-20 21:50:31.666,,,,,,,,,-40.0,0.0,0.0,0.0,0.0,0.0,779.0
2026-07-20 21:50:31.866,,,,,,,,,-40.0,0.0,0.0,0.0,0.0,0.0,779.0
2026-07-20 21:50:32.067,,,,,,,,,-40.0,0.0,0.0,0.0,0.0,0.0,780.0
2026-07-20 21:50:32.267,,,,,,,,,-40.0,0.0,0.0,0.0,0.0,0.0,780.0
2026-07-20 21:50:32.466,,,,,,,,,-40.0,0.0,0.0,0.0,0.0,0.0,780.0
2026-07-20 21:50:32.667,,,,,,,,,-40.0,0.0,0.0,0.0,0.0,0.0,780.0
2026-07-20 21:50:32.866,,,,,,,,,-40.0,0.0,0.0,0.0,0.0,0.0,780.0
2026-07-20 21:50:33.067,,,,,,,,,-40.0,0.0,0.0,0.0,0.0,0.0,781.0
2026-07-20 21:50:33.266,,,,,,,,,-40.0,0.0,0.0,0.0,0.0,0.0,781.0
2026-07-20 21:50:33.466,,,,,,,,,-40.0,0.0,0.0,0.0,0.0,0.0,781.0
2026-07-20 21:50:33.665,,,,,,,,,-40.0,0.0,0.0,0.0,0.0,0.0,781.0
2026-07-20 21:50:33.865,,,,,,,,,-40.0,0.0,0.0,0.0,0.0,0.0,781.0
2026-07-20 21:50:34.067,,,,,,,,,-40.0,0.0,0.0,0.0,0.0,0.0,782.0
2026-07-20 21:50:34.266,,,,,,,,,-40.0,0.0,0.0,0.0,0.0,0.0,782.0
2026-07-20 21:50:34.467,,,,,,,,,-40.0,0.0,0.0,0.0,0.0,0.0,782.0
2026-07-20 21:50:34.666,,,,,,,,,-40.0,0.0,0.0,0.0,0.0,0.0,782.0
2026-07-20 21:50:34.866,,,,,,,,,-40.0,0.0,0.0,0.0,0.0,0.0,782.0
2026-07-20 21:50:35.066,,,,,,,,,-40.0,0.0,0.0,0.0,0.0,0.0,783.0
2026-07-20 21:50:35.266,,,,,,,,,-40.0,0.0,0.0,0.0,0.0,0.0,783.0
2026-07-20 21:50:35.466,,,,,,,,,-40.0,0.0,0.0,0.0,0.0,0.0,783.0
2026-07-20 21:50:35.666,,,,,,,,,-40.0,0.0,0.0,0.0,0.0,0.0,783.0
2026-07-20 21:50:35.866,,,,,,,,,-40.0,0.0,0.0,0.0,0.0,0.0,783.0
2026-07-20 21:50:36.066,,,,,,,,,-40.0,0.0,0.0,0.0,0.0,0.0,784.0
2026-07-20 21:50:36.266,,,,,,,,,-40.0,0.0,0.0,0.0,0.0,0.0,784.0
2026-07-20 21:50:36.466,,,,,,,,,-40.0,0.0,0.0,0.0,0.0,0.0,784.0
2026-07-20 21:50:36.665,,,,,,,,,-40.0,0.0,0.0,0.0,0.0,0.0,784.0
2026-07-20 21:50:36.867,,,,,,,,,-40.0,0.0,0.0,0.0,0.0,0.0,784.0
2026-07-20 21:50:37.066,,,,,,,,,-40.0,0.0,0.0,0.0,0.0,0.0,785.0
2026-07-20 21:50:37.266,,,,,,,,,-40.0,0.0,0.0,0.0,0.0,0.0,785.0
2026-07-20 21:50:37.466,,,,,,,,,-40.0,0.0,0.0,0.0,0.0,0.0,785.0
2026-07-20 21:50:37.665,,,,,,,,,-40.0,0.0,0.0,0.0,0.0,0.0,785.0
2026-07-20 21:50:37.866,,,,,,,,,-40.0,0.0,0.0,0.0,0.0,0.0,785.0
2026-07-20 21:50:38.067,,,,,,,,,-40.0,0.0,0.0,0.0,0.0,0.0,786.0
2026-07-20 21:50:38.266,,,,,,,,,-40.0,0.0,0.0,0.0,0.0,0.0,786.0
2026-07-20 21:50:38.465,,,,,,,,,-40.0,0.0,0.0,0.0,0.0,0.0,786.0
2026-07-20 21:50:38.666,,,,,,,,,-40.0,0.0,0.0,0.0,0.0,0.0,786.0
2026-07-20 21:50:38.866,,,,,,,,,-40.0,0.0,0.0,0.0,0.0,0.0,786.0
2026-07-20 21:50:39.067,,,,,,,,,-40.0,0.0,0.0,0.0,0.0,0.0,787.0
2026-07-20 21:50:39.266,,,,,,,,,-40.0,0.0,0.0,0.0,0.0,0.0,787.0
2026-07-20 21:50:39.465,,,,,,,,,-40.0,0.0,0.0,0.0,0.0,0.0,787.0
2026-07-20 21:50:39.665,,,,,,,,,-40.0,0.0,0.0,0.0,0.0,0.0,787.0
2026-07-20 21:50:39.865,,,,,,,,,-40.0,0.0,0.0,0.0,0.0,0.0,787.0
2026-07-20 21:50:40.066,,,,,,,,,-40.0,0.0,0.0,0.0,0.0,0.0,788.0
2026-07-20 21:50:40.265,,,,,,,,,-40.0,0.0,0.0,0.0,0.0,0.0,788.0
2026-07-20 21:50:40.465,,,,,,,,,-40.0,0.0,0.0,0.0,0.0,0.0,788.0
2026-07-20 21:50:40.665,,,,,,,,,-40.0,0.0,0.0,0.0,0.0,0.0,788.0
2026-07-20 21:50:40.865,,,,,,,,,-40.0,0.0,0.0,0.0,0.0,0.0,788.0
2026-07-20 21:50:41.066,,,,,,,,,-40.0,0.0,0.0,0.0,0.0,0.0,789.0
2026-07-20 21:50:41.266,,,,,,,,,-40.0,0.0,0.0,0.0,0.0,0.0,789.0
2026-07-20 21:50:41.466,,,,,,,,,-40.0,0.0,0.0,0.0,0.0,0.0,789.0
2026-07-20 21:50:41.665,,,,,,,,,-40.0,0.0,0.0,0.0,0.0,0.0,789.0
2026-07-20 21:50:41.865,,,,,,,,,-40.0,0.0,0.0,0.0,0.0,0.0,789.0
2026-07-20 21:50:42.066,,,,,,,,,-40.0,0.0,0.0,0.0,0.0,0.0,790.0
2026-07-20 21:50:42.265,,,,,,,,,-40.0,0.0,0.0,0.0,0.0,0.0,790.0
2026-07-20 21:50:42.466,,,,,,,,,-40.0,0.0,0.0,0.0,0.0,0.0,790.0
2026-07-20 21:50:42.665,,,,,,,,,-40.0,0.0,0.0,0.0,0.0,0.0,790.0
2026-07-20 21:50:42.865,,,,,,,,,-40.0,0.0,0.0,0.0,0.0,0.0,790.0
2026-07-20 21:50:43.066,,,,,,,,,-40.0,0.0,0.0,0.0,0.0,0.0,791.0
2026-07-20 21:50:43.265,,,,,,,,,-40.0,0.0,0.0,0.0,0.0,0.0,791.0
2026-07-20 21:50:43.467,,,,,,,,,-40.0,0.0,0.0,0.0,0.0,0.0,791.0
2026-07-20 21:50:43.666,,,,,,,,,-40.0,0.0,0.0,0.0,0.0,0.0,791.0
2026-07-20 21:50:43.866,,,,,,,,,-40.0,0.0,0.0,0.0,0.0,0.0,791.0
2026-07-20 21:50:44.067,,,,,,,,,-40.0,0.0,0.0,0.0,0.0,0.0,792.0
2026-07-20 21:50:44.266,,,,,,,,,-40.0,0.0,0.0,0.0,0.0,0.0,792.0
2026-07-20 21:50:44.466,,,,,,,,,-40.0,0.0,0.0,0.0,0.0,0.0,792.0
2026-07-20 21:50:44.667,,,,,,,,,-40.0,0.0,0.0,0.0,0.0,0.0,792.0
2026-07-20 21:50:44.866,,,,,,,,,-40.0,0.0,0.0,0.0,0.0,0.0,792.0
2026-07-20 21:50:45.066,,,,,,,,,-40.0,0.0,0.0,0.0,0.0,0.0,793.0
2026-07-20 21:50:45.266,,,,,,,,,-40.0,0.0,0.0,0.0,0.0,0.0,793.0
2026-07-20 21:50:45.466,,,,,,,,,-40.0,0.0,0.0,0.0,0.0,0.0,793.0
2026-07-20 21:50:45.666,,,,,,,,,-40.0,0.0,0.0,0.0,0.0,0.0,793.0
2026-07-20 21:50:45.866,,,,,,,,,-40.0,0.0,0.0,0.0,0.0,0.0,793.0
2026-07-20 21:50:46.066,,,,,,,,,-40.0,0.0,0.0,0.0,0.0,0.0,794.0
2026-07-20 21:50:46.267,,,,,,,,,-40.0,0.0,0.0,0.0,0.0,0.0,794.0
2026-07-20 21:50:46.468,,,,,,,,,-40.0,0.0,0.0,0.0,0.0,0.0,794.0
2026-07-20 21:50:46.666,,,,,,,,,-40.0,0.0,0.0,0.0,0.0,0.0,794.0
2026-07-20 21:50:46.867,,,,,,,,,-40.0,0.0,0.0,0.0,0.0,0.0,794.0
2026-07-20 21:50:47.066,,,,,,,,,-40.0,0.0,0.0,0.0,0.0,0.0,795.0
2026-07-20 21:50:47.265,,,,,,,,,-40.0,0.0,0.0,0.0,0.0,0.0,795.0
2026-07-20 21:50:47.465,,,,,,,,,-40.0,0.0,0.0,0.0,0.0,0.0,795.0
2026-07-20 21:50:47.665,,,,,,,,,-40.0,0.0,0.0,0.0,0.0,0.0,795.0
2026-07-20 21:50:47.868,,,,,,,,,-40.0,0.0,0.0,0.0,0.0,0.0,795.0
2026-07-20 21:50:48.066,,,,,,,,,-40.0,0.0,0.0,0.0,0.0,0.0,796.0
2026-07-20 21:50:48.265,,,,,,,,,-40.0,0.0,0.0,0.0,0.0,0.0,796.0
2026-07-20 21:50:48.466,,,,,,,,,-40.0,0.0,0.0,0.0,0.0,0.0,796.0
2026-07-20 21:50:48.665,,,,,,,,,-40.0,0.0,0.0,0.0,0.0,0.0,796.0
2026-07-20 21:50:48.867,,,,,,,,,-40.0,0.0,0.0,0.0,0.0,0.0,796.0
2026-07-20 21:50:49.066,,,,,,,,,-40.0,0.0,0.0,0.0,0.0,0.0,797.0
2026-07-20 21:50:49.266,,,,,,,,,-40.0,0.0,0.0,0.0,0.0,0.0,797.0
2026-07-20 21:50:49.466,,,,,,,,,-40.0,0.0,0.0,0.0,0.0,0.0,797.0
2026-07-20 21:50:49.666,,,,,,,,,-40.0,0.0,0.0,0.0,0.0,0.0,797.0
2026-07-20 21:50:49.868,,,,,,,,,-40.0,0.0,0.0,0.0,0.0,0.0,797.0
2026-07-20 21:50:50.067,,,,,,,,,-40.0,0.0,0.0,0.0,0.0,0.0,798.0
2026-07-20 21:50:50.267,,,,,,,,,-40.0,0.0,0.0,0.0,0.0,0.0,798.0
2026-07-20 21:50:50.466,,,,,,,,,-40.0,0.0,0.0,0.0,0.0,0.0,798.0
2026-07-20 21:50:50.667,,,,,,,,,-40.0,0.0,0.0,0.0,0.0,0.0,798.0
2026-07-20 21:50:50.866,,,,,,,,,-40.0,0.0,0.0,0.0,0.0,0.0,798.0
2026-07-20 21:50:51.065,,,,,,,,,-40.0,0.0,0.0,0.0,0.0,0.0,799.0
2026-07-20 21:50:51.266,,,,,,,,,-40.0,0.0,0.0,0.0,0.0,0.0,799.0
2026-07-20 21:50:51.465,,,,,,,,,-40.0,0.0,0.0,0.0,0.0,0.0,799.0
2026-07-20 21:50:51.690,,,,,,,,,-40.0,0.0,0.0,0.0,0.0,0.0,799.0
2026-07-20 21:50:51.865,,,,,,,,,-40.0,0.0,0.0,0.0,0.0,0.0,799.0
2026-07-20 21:50:52.066,,,,,,,,,-40.0,0.0,0.0,0.0,0.0,0.0,800.0
2026-07-20 21:50:52.265,,,,,,,,,-40.0,0.0,0.0,0.0,0.0,0.0,800.0
2026-07-20 21:50:52.466,,,,,,,,,-40.0,0.0,0.0,0.0,0.0,0.0,800.0
2026-07-20 21:50:52.665,,,,,,,,,-40.0,0.0,0.0,0.0,0.0,0.0,800.0
2026-07-20 21:50:52.866,,,,,,,,,-40.0,0.0,0.0,0.0,0.0,0.0,800.0
2026-07-20 21:50:53.067,,,,,,,,,-40.0,0.0,0.0,0.0,0.0,0.0,801.0
2026-07-20 21:50:53.265,,,,,,,,,-40.0,0.0,0.0,0.0,0.0,0.0,801.0
2026-07-20 21:50:53.465,,,,,,,,,-40.0,0.0,0.0,0.0,0.0,0.0,801.0
2026-07-20 21:50:53.665,,,,,,,,,-40.0,0.0,0.0,0.0,0.0,0.0,801.0
2026-07-20 21:50:53.866,,,,,,,,,-40.0,0.0,0.0,0.0,0.0,0.0,801.0
2026-07-20 21:50:54.066,,,,,,,,,-40.0,0.0,0.0,0.0,0.0,0.0,802.0
2026-07-20 21:50:54.265,,,,,,,,,-40.0,0.0,0.0,0.0,0.0,0.0,802.0
2026-07-20 21:50:54.466,,,,,,,,,-40.0,0.0,0.0,0.0,0.0,0.0,802.0
2026-07-20 21:50:54.666,,,,,,,,,-40.0,0.0,0.0,0.0,0.0,0.0,802.0
2026-07-20 21:50:54.865,,,,,,,,,-40.0,0.0,0.0,0.0,0.0,0.0,802.0
2026-07-20 21:50:55.066,,,,,,,,,-40.0,0.0,0.0,0.0,0.0,0.0,803.0
2026-07-20 21:50:55.265,,,,,,,,,-40.0,0.0,0.0,0.0,0.0,0.0,803.0
2026-07-20 21:50:55.465,,,,,,,,,-40.0,0.0,0.0,0.0,0.0,0.0,803.0
2026-07-20 21:50:55.665,,,,,,,,,-40.0,0.0,0.0,0.0,0.0,0.0,803.0
2026-07-20 21:50:55.865,,,,,,,,,-40.0,0.0,0.0,0.0,0.0,0.0,803.0
2026-07-20 21:50:56.066,,,,,,,,,-40.0,0.0,0.0,0.0,0.0,0.0,804.0
2026-07-20 21:50:56.266,,,,,,,,,-40.0,0.0,0.0,0.0,0.0,0.0,804.0
2026-07-20 21:50:56.469,,,,,,,,,-40.0,0.0,0.0,0.0,0.0,0.0,804.0
2026-07-20 21:50:56.673,,,,,,,,,-40.0,0.0,0.0,0.0,0.0,0.0,804.0
2026-07-20 21:50:56.866,,,,,,,,,-40.0,0.0,0.0,0.0,0.0,0.0,804.0
2026-07-20 21:50:57.065,,,,,,,,,-40.0,0.0,0.0,0.0,0.0,0.0,805.0
2026-07-20 21:50:57.266,,,,,,,,,-40.0,0.0,0.0,0.0,0.0,0.0,805.0
2026-07-20 21:50:57.466,,,,,,,,,-40.0,0.0,0.0,0.0,0.0,0.0,805.0
2026-07-20 21:50:57.665,,,,,,,,,-40.0,0.0,0.0,0.0,0.0,0.0,805.0
2026-07-20 21:50:57.877,,,,,,,,,-40.0,0.0,0.0,0.0,0.0,0.0,805.0
2026-07-20 21:50:58.065,,,,,,,,,-40.0,0.0,0.0,0.0,0.0,0.0,806.0
2026-07-20 21:50:58.264,,,,,,,,,-40.0,0.0,0.0,0.0,0.0,0.0,806.0
2026-07-20 21:50:58.464,,,,,,,,,-40.0,0.0,0.0,0.0,0.0,0.0,806.0
2026-07-20 21:50:58.665,,,,,,,,,-40.0,0.0,0.0,0.0,0.0,0.0,806.0
2026-07-20 21:50:58.865,,,,,,,,,-40.0,0.0,0.0,0.0,0.0,0.0,806.0
2026-07-20 21:50:59.067,,,,,,,,,-40.0,0.0,0.0,0.0,0.0,0.0,807.0
2026-07-20 21:50:59.265,,,,,,,,,-40.0,0.0,0.0,0.0,0.0,0.0,807.0
2026-07-20 21:50:59.464,,,,,,,,,-40.0,0.0,0.0,0.0,0.0,0.0,807.0
2026-07-20 21:50:59.665,,,,,,,,,-40.0,0.0,0.0,0.0,0.0,0.0,807.0
2026-07-20 21:50:59.875,,,,,,,,,-40.0,0.0,0.0,0.0,0.0,0.0,807.0
2026-07-20 21:51:00.067,,,,,,,,,-40.0,0.0,0.0,0.0,0.0,0.0,808.0
2026-07-20 21:51:00.265,,,,,,,,,-40.0,0.0,0.0,0.0,0.0,0.0,808.0
2026-07-20 21:51:00.466,,,,,,,,,-40.0,0.0,0.0,0.0,0.0,0.0,808.0
2026-07-20 21:51:00.665,,,,,,,,,-40.0,0.0,0.0,0.0,0.0,0.0,808.0
2026-07-20 21:51:00.865,,,,,,,,,-40.0,0.0,0.0,0.0,0.0,0.0,808.0
2026-07-20 21:51:01.066,,,,,,,,,-40.0,0.0,0.0,0.0,0.0,0.0,809.0
2026-07-20 21:51:01.266,,,,,,,,,-40.0,0.0,0.0,0.0,0.0,0.0,809.0
2026-07-20 21:51:01.464,,,,,,,,,-40.0,0.0,0.0,0.0,0.0,0.0,809.0
2026-07-20 21:51:01.666,,,,,,,,,-40.0,0.0,0.0,0.0,0.0,0.0,809.0
2026-07-20 21:51:01.865,,,,,,,,,-40.0,0.0,0.0,0.0,0.0,0.0,809.0
2026-07-20 21:51:02.066,,,,,,,,,-40.0,0.0,0.0,0.0,0.0,0.0,810.0
2026-07-20 21:51:02.265,,,,,,,,,-40.0,0.0,0.0,0.0,0.0,0.0,810.0
2026-07-20 21:51:02.464,,,,,,,,,-40.0,0.0,0.0,0.0,0.0,0.0,810.0
2026-07-20 21:51:02.664,,,,,,,,,-40.0,0.0,0.0,0.0,0.0,0.0,810.0
2026-07-20 21:51:02.865,,,,,,,,,-40.0,0.0,0.0,0.0,0.0,0.0,810.0
2026-07-20 21:51:03.065,,,,,,,,,-40.0,0.0,0.0,0.0,0.0,0.0,811.0
2026-07-20 21:51:03.265,,,,,,,,,-40.0,0.0,0.0,0.0,0.0,0.0,811.0
2026-07-20 21:51:03.465,,,,,,,,,-40.0,0.0,0.0,0.0,0.0,0.0,811.0
2026-07-20 21:51:03.665,,,,,,,,,-40.0,0.0,0.0,0.0,0.0,0.0,811.0
2026-07-20 21:51:03.865,,,,,,,,,-40.0,0.0,0.0,0.0,0.0,0.0,811.0
2026-07-20 21:51:04.066,,,,,,,,,-40.0,0.0,0.0,0.0,0.0,0.0,812.0
2026-07-20 21:51:04.264,,,,,,,,,-40.0,0.0,0.0,0.0,0.0,0.0,812.0
2026-07-20 21:51:04.464,,,,,,,,,-40.0,0.0,0.0,0.0,0.0,0.0,812.0
2026-07-20 21:51:04.664,,,,,,,,,-40.0,0.0,0.0,0.0,0.0,0.0,812.0
2026-07-20 21:51:04.864,,,,,,,,,-40.0,0.0,0.0,0.0,0.0,0.0,812.0
2026-07-20 21:51:05.066,,,,,,,,,-40.0,0.0,0.0,0.0,0.0,0.0,813.0
2026-07-20 21:51:05.265,,,,,,,,,-40.0,0.0,0.0,0.0,0.0,0.0,813.0
2026-07-20 21:51:05.466,,,,,,,,,-40.0,0.0,0.0,0.0,0.0,0.0,813.0
2026-07-20 21:51:05.664,,,,,,,,,-40.0,0.0,0.0,0.0,0.0,0.0,813.0
2026-07-20 21:51:05.865,,,,,,,,,-40.0,0.0,0.0,0.0,0.0,0.0,813.0
2026-07-20 21:51:06.066,,,,,,,,,-40.0,0.0,0.0,0.0,0.0,0.0,814.0
2026-07-20 21:51:06.266,,,,,,,,,-40.0,0.0,0.0,0.0,0.0,0.0,814.0
2026-07-20 21:51:06.465,,,,,,,,,-40.0,0.0,0.0,0.0,0.0,0.0,814.0
2026-07-20 21:51:06.665,,,,,,,,,-40.0,0.0,0.0,0.0,0.0,0.0,814.0
2026-07-20 21:51:06.864,,,,,,,,,-40.0,0.0,0.0,0.0,0.0,0.0,814.0
2026-07-20 21:51:07.065,,,,,,,,,-40.0,0.0,0.0,0.0,0.0,0.0,815.0
2026-07-20 21:51:07.264,,,,,,,,,-40.0,0.0,0.0,0.0,0.0,0.0,815.0
2026-07-20 21:51:07.466,,,,,,,,,-40.0,0.0,0.0,0.0,0.0,0.0,815.0
2026-07-20 21:51:07.669,,,,,,,,,-40.0,0.0,0.0,0.0,0.0,0.0,815.0
2026-07-20 21:51:07.865,,,,,,,,,-40.0,0.0,0.0,0.0,0.0,0.0,815.0
2026-07-20 21:51:08.065,,,,,,,,,-40.0,0.0,0.0,0.0,0.0,0.0,816.0
2026-07-20 21:51:08.265,,,,,,,,,-40.0,0.0,0.0,0.0,0.0,0.0,816.0
2026-07-20 21:51:08.465,,,,,,,,,-40.0,0.0,0.0,0.0,0.0,0.0,816.0
2026-07-20 21:51:08.666,,,,,,,,,-40.0,0.0,0.0,0.0,0.0,0.0,816.0
2026-07-20 21:51:08.864,,,,,,,,,-40.0,0.0,0.0,0.0,0.0,0.0,816.0
2026-07-20 21:51:09.065,,,,,,,,,-40.0,0.0,0.0,0.0,0.0,0.0,817.0
2026-07-20 21:51:09.265,,,,,,,,,-40.0,0.0,0.0,0.0,0.0,0.0,817.0
2026-07-20 21:51:09.465,,,,,,,,,-40.0,0.0,0.0,0.0,0.0,0.0,817.0
2026-07-20 21:51:09.664,,,,,,,,,-40.0,0.0,0.0,0.0,0.0,0.0,817.0
2026-07-20 21:51:09.865,,,,,,,,,-40.0,0.0,0.0,0.0,0.0,0.0,817.0
2026-07-20 21:51:10.066,,,,,,,,,-40.0,0.0,0.0,0.0,0.0,0.0,818.0
2026-07-20 21:51:10.265,,,,,,,,,-40.0,0.0,0.0,0.0,0.0,0.0,818.0
2026-07-20 21:51:10.465,,,,,,,,,-40.0,0.0,0.0,0.0,0.0,0.0,818.0
2026-07-20 21:51:10.665,,,,,,,,,-40.0,0.0,0.0,0.0,0.0,0.0,818.0
2026-07-20 21:51:10.865,,,,,,,,,-40.0,0.0,0.0,0.0,0.0,0.0,818.0
2026-07-20 21:51:11.066,,,,,,,,,-40.0,0.0,0.0,0.0,0.0,0.0,819.0
2026-07-20 21:51:11.264,,,,,,,,,-40.0,0.0,0.0,0.0,0.0,0.0,819.0
2026-07-20 21:51:11.464,,,,,,,,,-40.0,0.0,0.0,0.0,0.0,0.0,819.0
2026-07-20 21:51:11.665,,,,,,,,,-40.0,0.0,0.0,0.0,0.0,0.0,819.0
2026-07-20 21:51:11.865,,,,,,,,,-40.0,0.0,0.0,0.0,0.0,0.0,819.0
2026-07-20 21:51:12.066,,,,,,,,,-40.0,0.0,0.0,0.0,0.0,0.0,820.0
2026-07-20 21:51:12.264,,,,,,,,,-40.0,0.0,0.0,0.0,0.0,0.0,820.0
2026-07-20 21:51:12.465,,,,,,,,,-40.0,0.0,0.0,0.0,0.0,0.0,820.0
2026-07-20 21:51:12.665,,,,,,,,,-40.0,0.0,0.0,0.0,0.0,0.0,820.0
2026-07-20 21:51:12.864,,,,,,,,,-40.0,0.0,0.0,0.0,0.0,0.0,820.0
2026-07-20 21:51:13.065,,,,,,,,,-40.0,0.0,0.0,0.0,0.0,0.0,821.0
2026-07-20 21:51:13.265,,,,,,,,,-40.0,0.0,0.0,0.0,0.0,0.0,821.0
2026-07-20 21:51:13.464,,,,,,,,,-40.0,0.0,0.0,0.0,0.0,0.0,821.0
2026-07-20 21:51:13.665,,,,,,,,,-40.0,0.0,0.0,0.0,0.0,0.0,821.0
2026-07-20 21:51:13.865,,,,,,,,,-40.0,0.0,0.0,0.0,0.0,0.0,821.0
2026-07-20 21:51:14.065,,,,,,,,,-40.0,0.0,0.0,0.0,0.0,0.0,822.0
2026-07-20 21:51:14.265,,,,,,,,,-40.0,0.0,0.0,0.0,0.0,0.0,822.0
2026-07-20 21:51:14.465,,,,,,,,,-40.0,0.0,0.0,0.0,0.0,0.0,822.0
2026-07-20 21:51:14.664,,,,,,,,,-40.0,0.0,0.0,0.0,0.0,0.0,822.0
2026-07-20 21:51:14.865,,,,,,,,,-40.0,0.0,0.0,0.0,0.0,0.0,822.0
2026-07-20 21:51:15.065,,,,,,,,,-40.0,0.0,0.0,0.0,0.0,0.0,823.0
2026-07-20 21:51:15.264,,,,,,,,,-40.0,0.0,0.0,0.0,0.0,0.0,823.0
2026-07-20 21:51:15.464,,,,,,,,,-40.0,0.0,0.0,0.0,0.0,0.0,823.0
2026-07-20 21:51:15.664,,,,,,,,,-40.0,0.0,0.0,0.0,0.0,0.0,823.0
2026-07-20 21:51:15.865,,,,,,,,,-40.0,0.0,0.0,0.0,0.0,0.0,823.0
2026-07-20 21:51:16.065,,,,,,,,,-40.0,0.0,0.0,0.0,0.0,0.0,824.0
2026-07-20 21:51:16.264,,,,,,,,,-40.0,0.0,0.0,0.0,0.0,0.0,824.0
2026-07-20 21:51:16.464,,,,,,,,,-40.0,0.0,0.0,0.0,0.0,0.0,824.0
2026-07-20 21:51:16.665,,,,,,,,,-40.0,0.0,0.0,0.0,0.0,0.0,824.0
2026-07-20 21:51:16.864,,,,,,,,,-40.0,0.0,0.0,0.0,0.0,0.0,824.0
2026-07-20 21:51:17.065,,,,,,,,,-40.0,0.0,0.0,0.0,0.0,0.0,825.0
2026-07-20 21:51:17.264,,,,,,,,,-40.0,0.0,0.0,0.0,0.0,0.0,825.0
2026-07-20 21:51:17.464,,,,,,,,,-40.0,0.0,0.0,0.0,0.0,0.0,825.0
2026-07-20 21:51:17.664,,,,,,,,,-40.0,0.0,0.0,0.0,0.0,0.0,825.0
2026-07-20 21:51:17.864,,,,,,,,,-40.0,0.0,0.0,0.0,0.0,0.0,825.0
2026-07-20 21:51:18.065,,,,,,,,,-40.0,0.0,0.0,0.0,0.0,0.0,826.0
2026-07-20 21:51:18.264,,,,,,,,,-40.0,0.0,0.0,0.0,0.0,0.0,826.0
2026-07-20 21:51:18.465,,,,,,,,,-40.0,0.0,0.0,0.0,0.0,0.0,826.0
2026-07-20 21:51:18.664,,,,,,,,,-40.0,0.0,0.0,0.0,0.0,0.0,826.0
2026-07-20 21:51:18.864,,,,,,,,,-40.0,0.0,0.0,0.0,0.0,0.0,826.0
2026-07-20 21:51:19.065,,,,,,,,,-40.0,0.0,0.0,0.0,0.0,0.0,827.0
2026-07-20 21:51:19.264,,,,,,,,,-40.0,0.0,0.0,0.0,0.0,0.0,827.0
2026-07-20 21:51:19.465,,,,,,,,,-40.0,0.0,0.0,0.0,0.0,0.0,827.0
2026-07-20 21:51:19.664,,,,,,,,,-40.0,0.0,0.0,0.0,0.0,0.0,827.0
2026-07-20 21:51:19.864,,,,,,,,,-40.0,0.0,0.0,0.0,0.0,0.0,827.0
2026-07-20 21:51:20.066,,,,,,,,,-40.0,0.0,0.0,0.0,0.0,0.0,828.0
2026-07-20 21:51:20.266,,,,,,,,,-40.0,0.0,0.0,0.0,0.0,0.0,828.0
2026-07-20 21:51:20.464,,,,,,,,,-40.0,0.0,0.0,0.0,0.0,0.0,828.0
2026-07-20 21:51:20.665,,,,,,,,,-40.0,0.0,0.0,0.0,0.0,0.0,828.0
2026-07-20 21:51:20.865,,,,,,,,,-40.0,0.0,0.0,0.0,0.0,0.0,828.0
2026-07-20 21:51:21.065,,,,,,,,,-40.0,0.0,0.0,0.0,0.0,0.0,829.0
2026-07-20 21:51:21.266,,,,,,,,,-40.0,0.0,0.0,0.0,0.0,0.0,829.0
2026-07-20 21:51:21.464,,,,,,,,,-40.0,0.0,0.0,0.0,0.0,0.0,829.0
2026-07-20 21:51:21.664,,,,,,,,,-40.0,0.0,0.0,0.0,0.0,0.0,829.0
2026-07-20 21:51:21.864,,,,,,,,,-40.0,0.0,0.0,0.0,0.0,0.0,829.0
2026-07-20 21:51:22.065,,,,,,,,,-40.0,0.0,0.0,0.0,0.0,0.0,830.0
2026-07-20 21:51:22.265,,,,,,,,,-40.0,0.0,0.0,0.0,0.0,0.0,830.0
2026-07-20 21:51:22.464,,,,,,,,,-40.0,0.0,0.0,0.0,0.0,0.0,830.0
2026-07-20 21:51:22.665,,,,,,,,,-40.0,0.0,0.0,0.0,0.0,0.0,830.0
2026-07-20 21:51:22.865,,,,,,,,,-40.0,0.0,0.0,0.0,0.0,0.0,830.0
2026-07-20 21:51:23.065,,,,,,,,,-40.0,0.0,0.0,0.0,0.0,0.0,831.0
2026-07-20 21:51:23.266,,,,,,,,,-40.0,0.0,0.0,0.0,0.0,0.0,831.0
2026-07-20 21:51:23.464,,,,,,,,,-40.0,0.0,0.0,0.0,0.0,0.0,831.0
2026-07-20 21:51:23.665,,,,,,,,,-40.0,0.0,0.0,0.0,0.0,0.0,831.0
2026-07-20 21:51:23.864,,,,,,,,,-40.0,0.0,0.0,0.0,0.0,0.0,831.0
2026-07-20 21:51:24.065,,,,,,,,,-40.0,0.0,0.0,0.0,0.0,0.0,832.0
2026-07-20 21:51:24.265,,,,,,,,,-40.0,0.0,0.0,0.0,0.0,0.0,832.0
2026-07-20 21:51:24.464,,,,,,,,,-40.0,0.0,0.0,0.0,0.0,0.0,832.0
2026-07-20 21:51:24.664,,,,,,,,,-40.0,0.0,0.0,0.0,0.0,0.0,832.0
2026-07-20 21:51:24.864,,,,,,,,,-40.0,0.0,0.0,0.0,0.0,0.0,832.0
2026-07-20 21:51:25.065,,,,,,,,,-40.0,0.0,0.0,0.0,0.0,0.0,833.0
2026-07-20 21:51:25.264,,,,,,,,,-40.0,0.0,0.0,0.0,0.0,0.0,833.0
2026-07-20 21:51:25.464,,,,,,,,,-40.0,0.0,0.0,0.0,0.0,0.0,833.0
2026-07-20 21:51:25.664,,,,,,,,,-40.0,0.0,0.0,0.0,0.0,0.0,833.0
2026-07-20 21:51:25.865,,,,,,,,,-40.0,0.0,0.0,0.0,0.0,0.0,833.0
2026-07-20 21:51:26.065,,,,,,,,,-40.0,0.0,0.0,0.0,0.0,0.0,834.0
2026-07-20 21:51:26.264,,,,,,,,,-40.0,0.0,0.0,0.0,0.0,0.0,834.0
2026-07-20 21:51:26.464,,,,,,,,,-40.0,0.0,0.0,0.0,0.0,0.0,834.0
2026-07-20 21:51:26.665,,,,,,,,,-40.0,0.0,0.0,0.0,0.0,0.0,834.0
2026-07-20 21:51:26.865,,,,,,,,,-40.0,0.0,0.0,0.0,0.0,0.0,834.0
2026-07-20 21:51:27.065,,,,,,,,,-40.0,0.0,0.0,0.0,0.0,0.0,835.0
2026-07-20 21:51:27.265,,,,,,,,,-40.0,0.0,0.0,0.0,0.0,0.0,835.0
2026-07-20 21:51:27.464,,,,,,,,,-40.0,0.0,0.0,0.0,0.0,0.0,835.0
2026-07-20 21:51:27.665,,,,,,,,,-40.0,0.0,0.0,0.0,0.0,0.0,835.0
2026-07-20 21:51:27.864,,,,,,,,,-40.0,0.0,0.0,0.0,0.0,0.0,835.0
2026-07-20 21:51:28.065,,,,,,,,,-40.0,0.0,0.0,0.0,0.0,0.0,836.0
2026-07-20 21:51:28.266,,,,,,,,,-40.0,0.0,0.0,0.0,0.0,0.0,836.0
2026-07-20 21:51:28.464,,,,,,,,,-40.0,0.0,0.0,0.0,0.0,0.0,836.0
2026-07-20 21:51:28.664,,,,,,,,,-40.0,0.0,0.0,0.0,0.0,0.0,836.0
2026-07-20 21:51:28.865,,,,,,,,,-40.0,0.0,0.0,0.0,0.0,0.0,836.0
2026-07-20 21:51:29.065,,,,,,,,,-40.0,0.0,0.0,0.0,0.0,0.0,837.0
2026-07-20 21:51:29.264,,,,,,,,,-40.0,0.0,0.0,0.0,0.0,0.0,837.0
2026-07-20 21:51:29.464,,,,,,,,,-40.0,0.0,0.0,0.0,0.0,0.0,837.0
2026-07-20 21:51:29.664,,,,,,,,,-40.0,0.0,0.0,0.0,0.0,0.0,837.0
2026-07-20 21:51:29.864,,,,,,,,,-40.0,0.0,0.0,0.0,0.0,0.0,837.0
2026-07-20 21:51:30.065,,,,,,,,,-40.0,0.0,0.0,0.0,0.0,0.0,838.0
2026-07-20 21:51:30.264,,,,,,,,,-40.0,0.0,0.0,0.0,0.0,0.0,838.0
2026-07-20 21:51:30.464,,,,,,,,,-40.0,0.0,0.0,0.0,0.0,0.0,838.0
2026-07-20 21:51:30.664,,,,,,,,,-40.0,0.0,0.0,0.0,0.0,0.0,838.0
2026-07-20 21:51:30.864,,,,,,,,,-40.0,0.0,0.0,0.0,0.0,0.0,838.0
2026-07-20 21:51:31.065,,,,,,,,,-40.0,0.0,0.0,0.0,0.0,0.0,839.0
2026-07-20 21:51:31.264,,,,,,,,,-40.0,0.0,0.0,0.0,0.0,0.0,839.0
2026-07-20 21:51:31.464,,,,,,,,,-40.0,0.0,0.0,0.0,0.0,0.0,839.0
2026-07-20 21:51:31.664,,,,,,,,,-40.0,0.0,0.0,0.0,0.0,0.0,839.0
2026-07-20 21:51:31.864,,,,,,,,,-40.0,0.0,0.0,0.0,0.0,0.0,839.0
2026-07-20 21:51:32.065,,,,,,,,,-40.0,0.0,0.0,0.0,0.0,0.0,840.0
2026-07-20 21:51:32.264,,,,,,,,,-40.0,0.0,0.0,0.0,0.0,0.0,840.0
2026-07-20 21:51:32.464,,,,,,,,,-40.0,0.0,0.0,0.0,0.0,0.0,840.0
2026-07-20 21:51:32.664,,,,,,,,,-40.0,0.0,0.0,0.0,0.0,0.0,840.0
2026-07-20 21:51:32.864,,,,,,,,,-40.0,0.0,0.0,0.0,0.0,0.0,840.0
2026-07-20 21:51:33.065,,,,,,,,,-40.0,0.0,0.0,0.0,0.0,0.0,841.0
2026-07-20 21:51:33.264,,,,,,,,,-40.0,0.0,0.0,0.0,0.0,0.0,841.0
2026-07-20 21:51:33.464,,,,,,,,,-40.0,0.0,0.0,0.0,0.0,0.0,841.0
2026-07-20 21:51:33.664,,,,,,,,,-40.0,0.0,0.0,0.0,0.0,0.0,841.0
2026-07-20 21:51:33.864,,,,,,,,,-40.0,0.0,0.0,0.0,0.0,0.0,841.0
2026-07-20 21:51:34.064,,,,,,,,,-40.0,0.0,0.0,0.0,0.0,0.0,842.0
2026-07-20 21:51:34.264,,,,,,,,,-40.0,0.0,0.0,0.0,0.0,0.0,842.0
2026-07-20 21:51:34.463,,,,,,,,,-40.0,0.0,0.0,0.0,0.0,0.0,842.0
2026-07-20 21:51:34.664,,,,,,,,,-40.0,0.0,0.0,0.0,0.0,0.0,842.0
2026-07-20 21:51:34.864,,,,,,,,,-40.0,0.0,0.0,0.0,0.0,0.0,842.0
2026-07-20 21:51:35.064,,,,,,,,,-40.0,0.0,0.0,0.0,0.0,0.0,843.0
2026-07-20 21:51:35.263,,,,,,,,,-40.0,0.0,0.0,0.0,0.0,0.0,843.0
2026-07-20 21:51:35.463,,,,,,,,,-40.0,0.0,0.0,0.0,0.0,0.0,843.0
2026-07-20 21:51:35.664,,,,,,,,,-40.0,0.0,0.0,0.0,0.0,0.0,843.0
2026-07-20 21:51:35.863,,,,,,,,,-40.0,0.0,0.0,0.0,0.0,0.0,843.0
2026-07-20 21:51:36.066,,,,,,,,,-40.0,0.0,0.0,0.0,0.0,0.0,844.0
2026-07-20 21:51:36.264,,,,,,,,,-40.0,0.0,0.0,0.0,0.0,0.0,844.0
2026-07-20 21:51:36.463,,,,,,,,,-40.0,0.0,0.0,0.0,0.0,0.0,844.0
2026-07-20 21:51:36.664,,,,,,,,,-40.0,0.0,0.0,0.0,0.0,0.0,844.0
2026-07-20 21:51:36.864,,,,,,,,,-40.0,0.0,0.0,0.0,0.0,0.0,844.0
2026-07-20 21:51:37.065,,,,,,,,,-40.0,0.0,0.0,0.0,0.0,0.0,845.0
2026-07-20 21:51:37.264,,,,,,,,,-40.0,0.0,0.0,0.0,0.0,0.0,845.0
2026-07-20 21:51:37.464,,,,,,,,,-40.0,0.0,0.0,0.0,0.0,0.0,845.0
2026-07-20 21:51:37.664,,,,,,,,,-40.0,0.0,0.0,0.0,0.0,0.0,845.0
2026-07-20 21:51:37.863,,,,,,,,,-40.0,0.0,0.0,0.0,0.0,0.0,845.0
2026-07-20 21:51:38.065,,,,,,,,,-40.0,0.0,0.0,0.0,0.0,0.0,846.0
2026-07-20 21:51:38.263,,,,,,,,,-40.0,0.0,0.0,0.0,0.0,0.0,846.0
2026-07-20 21:51:38.464,,,,,,,,,-40.0,0.0,0.0,0.0,0.0,0.0,846.0
2026-07-20 21:51:38.664,,,,,,,,,-40.0,0.0,0.0,0.0,0.0,0.0,846.0
2026-07-20 21:51:38.863,,,,,,,,,-40.0,0.0,0.0,0.0,0.0,0.0,846.0
2026-07-20 21:51:39.064,,,,,,,,,-40.0,0.0,0.0,0.0,0.0,0.0,847.0
2026-07-20 21:51:39.263,,,,,,,,,-40.0,0.0,0.0,0.0,0.0,0.0,847.0
2026-07-20 21:51:39.463,,,,,,,,,-40.0,0.0,0.0,0.0,0.0,0.0,847.0
2026-07-20 21:51:39.664,,,,,,,,,-40.0,0.0,0.0,0.0,0.0,0.0,847.0
2026-07-20 21:51:39.863,,,,,,,,,-40.0,0.0,0.0,0.0,0.0,0.0,847.0
2026-07-20 21:51:40.065,,,,,,,,,-40.0,0.0,0.0,0.0,0.0,0.0,848.0
2026-07-20 21:51:40.264,,,,,,,,,-40.0,0.0,0.0,0.0,0.0,0.0,848.0
2026-07-20 21:51:40.463,,,,,,,,,-40.0,0.0,0.0,0.0,0.0,0.0,848.0
2026-07-20 21:51:40.663,,,,,,,,,-40.0,0.0,0.0,0.0,0.0,0.0,848.0
2026-07-20 21:51:40.863,,,,,,,,,-40.0,0.0,0.0,0.0,0.0,0.0,848.0
2026-07-20 21:51:41.065,,,,,,,,,-40.0,0.0,0.0,0.0,0.0,0.0,849.0
2026-07-20 21:51:41.264,,,,,,,,,-40.0,0.0,0.0,0.0,0.0,0.0,849.0
2026-07-20 21:51:41.464,,,,,,,,,-40.0,0.0,0.0,0.0,0.0,0.0,849.0
2026-07-20 21:51:41.664,,,,,,,,,-40.0,0.0,0.0,0.0,0.0,0.0,849.0
2026-07-20 21:51:41.863,,,,,,,,,-40.0,0.0,0.0,0.0,0.0,0.0,849.0
2026-07-20 21:51:42.064,,,,,,,,,-40.0,0.0,0.0,0.0,0.0,0.0,850.0
2026-07-20 21:51:42.264,,,,,,,,,-40.0,0.0,1.0,0.0,0.0,0.0,850.0
2026-07-20 21:51:42.464,,,,,,,,,-40.0,0.0,1.0,0.0,0.0,0.0,850.0
2026-07-20 21:51:42.664,,,,,,,,,-40.0,0.0,1.0,0.0,0.0,0.0,850.0
2026-07-20 21:51:42.864,,,,,,,,,-40.0,0.0,1.0,0.0,0.0,0.0,850.0
2026-07-20 21:51:43.064,,,,,,,,,-40.0,0.0,1.0,0.0,0.0,0.0,851.0
2026-07-20 21:51:43.264,,,,,,,,,-40.0,0.0,1.0,0.0,0.0,0.0,851.0
2026-07-20 21:51:43.464,,,,,,,,,-40.0,0.0,1.0,0.0,0.0,0.0,851.0
2026-07-20 21:51:43.664,,,,,,,,,-40.0,0.0,1.0,0.0,0.0,0.0,851.0
2026-07-20 21:51:43.863,,,,,,,,,-40.0,0.0,1.0,0.0,0.0,0.0,851.0
2026-07-20 21:51:44.064,,,,,,,,,-40.0,0.0,1.0,0.0,0.0,0.0,852.0
2026-07-20 21:51:44.264,,,,,,,,,-40.0,0.0,1.0,0.0,0.0,0.0,852.0
2026-07-20 21:51:44.464,,,,,,,,,-40.0,0.0,1.0,0.0,0.0,0.0,852.0
2026-07-20 21:51:44.664,,,,,,,,,-40.0,0.0,1.0,0.0,0.0,0.0,852.0
2026-07-20 21:51:44.863,,,,,,,,,-40.0,0.0,1.0,0.0,0.0,0.0,852.0
2026-07-20 21:51:45.065,,,,,,,,,-40.0,0.0,1.0,0.0,0.0,0.0,853.0
2026-07-20 21:51:45.264,,,,,,,,,-40.0,0.0,1.0,0.0,0.0,0.0,853.0
2026-07-20 21:51:45.464,,,,,,,,,-40.0,0.0,1.0,0.0,0.0,0.0,853.0
2026-07-20 21:51:45.664,,,,,,,,,-40.0,0.0,1.0,0.0,0.0,0.0,853.0
2026-07-20 21:51:45.864,,,,,,,,,-40.0,0.0,1.0,0.0,0.0,0.0,853.0
2026-07-20 21:51:46.065,,,,,,,,,-40.0,0.0,1.0,0.0,0.0,0.0,854.0
2026-07-20 21:51:46.263,,,,,,,,,-40.0,0.0,1.0,0.0,0.0,0.0,854.0
2026-07-20 21:51:46.463,,,,,,,,,-40.0,0.0,1.0,0.0,0.0,0.0,854.0
2026-07-20 21:51:46.664,,,,,,,,,-40.0,0.0,1.0,0.0,0.0,0.0,854.0
2026-07-20 21:51:46.865,,,,,,,,,-40.0,0.0,0.0,0.0,0.0,0.0,854.0
2026-07-20 21:51:47.066,,,,,,,,,-40.0,0.0,0.0,0.0,0.0,0.0,855.0
2026-07-20 21:51:47.264,,,,,,,,,-40.0,0.0,0.0,0.0,0.0,0.0,855.0
2026-07-20 21:51:47.464,,,,,,,,,-40.0,0.0,0.0,0.0,0.0,0.0,855.0
2026-07-20 21:51:47.664,,,,,,,,,-40.0,0.0,0.0,0.0,0.0,0.0,855.0
2026-07-20 21:51:47.864,,,,,,,,,-40.0,0.0,0.0,0.0,0.0,0.0,855.0
2026-07-20 21:51:48.066,,,,,,,,,-40.0,0.0,0.0,0.0,0.0,0.0,856.0
2026-07-20 21:51:48.264,,,,,,,,,-40.0,0.0,0.0,0.0,0.0,0.0,856.0
2026-07-20 21:51:48.464,,,,,,,,,-40.0,0.0,0.0,0.0,0.0,0.0,856.0
2026-07-20 21:51:48.665,,,,,,,,,-40.0,0.0,0.0,0.0,0.0,0.0,856.0
2026-07-20 21:51:48.865,,,,,,,,,-40.0,0.0,0.0,0.0,0.0,0.0,856.0
2026-07-20 21:51:49.065,,,,,,,,,-40.0,0.0,0.0,0.0,0.0,0.0,857.0
2026-07-20 21:51:49.265,,,,,,,,,-40.0,0.0,0.0,0.0,0.0,0.0,857.0
2026-07-20 21:51:49.464,,,,,,,,,-40.0,0.0,0.0,0.0,0.0,0.0,857.0
2026-07-20 21:51:49.665,,,,,,,,,-40.0,0.0,0.0,0.0,0.0,0.0,857.0
2026-07-20 21:51:49.864,,,,,,,,,-40.0,0.0,0.0,0.0,0.0,0.0,857.0
2026-07-20 21:51:50.065,,,,,,,,,-40.0,0.0,0.0,0.0,0.0,0.0,858.0
2026-07-20 21:51:50.264,,,,,,,,,-40.0,0.0,0.0,0.0,0.0,0.0,858.0
2026-07-20 21:51:50.466,,,,,,,,,-40.0,0.0,0.0,0.0,0.0,0.0,858.0
2026-07-20 21:51:50.665,,,,,,,,,-40.0,0.0,0.0,0.0,0.0,0.0,858.0
2026-07-20 21:51:50.865,,,,,,,,,-40.0,0.0,0.0,0.0,0.0,0.0,858.0
2026-07-20 21:51:51.065,,,,,,,,,-40.0,0.0,0.0,0.0,0.0,0.0,859.0
2026-07-20 21:51:51.264,,,,,,,,,-40.0,0.0,0.0,0.0,0.0,0.0,859.0
2026-07-20 21:51:51.465,,,,,,,,,-40.0,0.0,0.0,0.0,0.0,0.0,859.0
2026-07-20 21:51:51.665,,,,,,,,,-40.0,0.0,1.0,0.0,0.0,0.0,859.0
2026-07-20 21:51:51.864,,,,,,,,,-40.0,0.0,1.0,0.0,0.0,0.0,859.0
2026-07-20 21:51:52.065,,,,,,,,,-40.0,0.0,1.0,0.0,0.0,0.0,860.0
2026-07-20 21:51:52.265,,,,,,,,,-40.0,0.0,1.0,0.0,0.0,0.0,860.0
2026-07-20 21:51:52.464,,,,,,,,,-40.0,0.0,1.0,0.0,0.0,0.0,860.0
2026-07-20 21:51:52.665,,,,,,,,,-40.0,0.0,1.0,0.0,0.0,0.0,860.0
2026-07-20 21:51:52.864,,,,,,,,,-40.0,0.0,1.0,0.0,0.0,0.0,860.0
2026-07-20 21:51:53.065,,,,,,,,,-40.0,0.0,1.0,0.0,0.0,0.0,861.0
2026-07-20 21:51:53.264,,,,,,,,,-40.0,0.0,1.0,0.0,0.0,0.0,861.0
2026-07-20 21:51:53.464,,,,,,,,,-40.0,0.0,1.0,0.0,0.0,0.0,861.0
2026-07-20 21:51:53.665,,,,,,,,,-40.0,0.0,1.0,0.0,0.0,0.0,861.0
2026-07-20 21:51:53.864,,,,,,,,,-40.0,0.0,1.0,0.0,0.0,0.0,861.0
2026-07-20 21:51:54.065,,,,,,,,,-40.0,0.0,1.0,0.0,0.0,0.0,862.0
2026-07-20 21:51:54.264,,,,,,,,,-40.0,0.0,1.0,0.0,0.0,0.0,862.0
2026-07-20 21:51:54.464,,,,,,,,,-40.0,0.0,1.0,0.0,0.0,0.0,862.0
2026-07-20 21:51:54.664,,,,,,,,,-40.0,0.0,1.0,0.0,0.0,0.0,862.0
2026-07-20 21:51:54.864,,,,,,,,,-40.0,0.0,1.0,0.0,0.0,0.0,862.0
2026-07-20 21:51:55.065,,,,,,,,,-40.0,0.0,1.0,0.0,0.0,0.0,863.0
2026-07-20 21:51:55.264,,,,,,,,,-40.0,0.0,1.0,0.0,0.0,0.0,863.0
2026-07-20 21:51:55.464,,,,,,,,,-40.0,0.0,1.0,0.0,0.0,0.0,863.0
2026-07-20 21:51:55.664,,,,,,,,,-40.0,0.0,1.0,0.0,0.0,0.0,863.0
2026-07-20 21:51:55.864,,,,,,,,,-40.0,0.0,1.0,0.0,0.0,0.0,863.0
2026-07-20 21:51:56.065,,,,,,,,,-40.0,0.0,1.0,0.0,0.0,0.0,864.0
2026-07-20 21:51:56.264,,,,,,,,,-40.0,0.0,1.0,0.0,0.0,0.0,864.0
2026-07-20 21:51:56.464,,,,,,,,,-40.0,0.0,1.0,0.0,0.0,0.0,864.0
2026-07-20 21:51:56.665,,,,,,,,,-40.0,0.0,1.0,0.0,0.0,0.0,864.0
2026-07-20 21:51:56.864,,,,,,,,,-40.0,0.0,1.0,0.0,0.0,0.0,864.0
2026-07-20 21:51:57.065,,,,,,,,,-40.0,0.0,1.0,0.0,0.0,0.0,865.0
2026-07-20 21:51:57.264,,,,,,,,,-40.0,0.0,1.0,0.0,0.0,0.0,865.0
2026-07-20 21:51:57.464,,,,,,,,,-40.0,0.0,1.0,0.0,0.0,0.0,865.0
2026-07-20 21:51:57.665,,,,,,,,,-40.0,0.0,1.0,0.0,0.0,0.0,865.0
2026-07-20 21:51:57.864,,,,,,,,,-40.0,0.0,1.0,0.0,0.0,0.0,865.0
2026-07-20 21:51:58.065,,,,,,,,,-40.0,0.0,1.0,0.0,0.0,0.0,866.0
2026-07-20 21:51:58.264,,,,,,,,,-40.0,0.0,1.0,0.0,0.0,0.0,866.0
2026-07-20 21:51:58.464,,,,,,,,,-40.0,0.0,1.0,0.0,0.0,0.0,866.0
2026-07-20 21:51:58.664,,,,,,,,,-40.0,0.0,1.0,0.0,0.0,0.0,866.0
2026-07-20 21:51:58.864,,,,,,,,,-40.0,0.0,1.0,0.0,0.0,0.0,866.0
2026-07-20 21:51:59.065,,,,,,,,,-40.0,0.0,1.0,0.0,0.0,0.0,867.0
2026-07-20 21:51:59.264,,,,,,,,,-40.0,0.0,1.0,0.0,0.0,0.0,867.0
2026-07-20 21:51:59.464,,,,,,,,,-40.0,0.0,1.0,0.0,0.0,0.0,867.0
2026-07-20 21:51:59.665,,,,,,,,,-40.0,0.0,1.0,0.0,0.0,0.0,867.0
2026-07-20 21:51:59.865,,,,,,,,,-40.0,0.0,1.0,0.0,0.0,0.0,867.0
2026-07-20 21:52:00.065,,,,,,,,,-40.0,0.0,1.0,0.0,0.0,0.0,868.0
2026-07-20 21:52:00.264,,,,,,,,,-40.0,0.0,1.0,0.0,0.0,0.0,868.0
2026-07-20 21:52:00.464,,,,,,,,,-40.0,0.0,1.0,0.0,0.0,0.0,868.0
2026-07-20 21:52:00.665,,,,,,,,,-40.0,0.0,1.0,0.0,0.0,0.0,868.0
2026-07-20 21:52:00.864,,,,,,,,,-40.0,0.0,1.0,0.0,0.0,0.0,868.0
2026-07-20 21:52:01.065,,,,,,,,,-40.0,0.0,1.0,0.0,0.0,0.0,869.0
2026-07-20 21:52:01.264,,,,,,,,,-40.0,0.0,1.0,0.0,0.0,0.0,869.0
2026-07-20 21:52:01.464,,,,,,,,,-40.0,0.0,1.0,0.0,0.0,0.0,869.0
2026-07-20 21:52:01.665,,,,,,,,,-40.0,0.0,1.0,0.0,0.0,0.0,869.0
2026-07-20 21:52:01.865,,,,,,,,,-40.0,0.0,1.0,0.0,0.0,0.0,869.0
2026-07-20 21:52:02.065,,,,,,,,,-40.0,0.0,1.0,0.0,0.0,0.0,870.0
2026-07-20 21:52:02.264,,,,,,,,,-40.0,0.0,1.0,0.0,0.0,0.0,870.0
2026-07-20 21:52:02.464,,,,,,,,,-40.0,0.0,1.0,0.0,0.0,0.0,870.0
2026-07-20 21:52:02.665,,,,,,,,,-40.0,0.0,1.0,0.0,0.0,0.0,870.0
2026-07-20 21:52:02.864,,,,,,,,,-40.0,0.0,1.0,0.0,0.0,0.0,870.0
2026-07-20 21:52:03.065,,,,,,,,,-40.0,0.0,1.0,0.0,0.0,0.0,871.0
2026-07-20 21:52:03.265,,,,,,,,,-40.0,0.0,1.0,0.0,0.0,0.0,871.0
2026-07-20 21:52:03.464,,,,,,,,,-40.0,0.0,1.0,0.0,0.0,0.0,871.0
2026-07-20 21:52:03.664,,,,,,,,,-40.0,0.0,1.0,0.0,0.0,0.0,871.0
2026-07-20 21:52:03.864,,,,,,,,,-40.0,0.0,1.0,0.0,0.0,0.0,871.0
2026-07-20 21:52:04.065,,,,,,,,,-40.0,0.0,1.0,0.0,0.0,0.0,872.0
2026-07-20 21:52:04.264,,,,,,,,,-40.0,0.0,1.0,0.0,0.0,0.0,872.0
2026-07-20 21:52:04.464,,,,,,,,,-40.0,0.0,1.0,0.0,0.0,0.0,872.0
2026-07-20 21:52:04.664,,,,,,,,,-40.0,0.0,1.0,0.0,0.0,0.0,872.0
2026-07-20 21:52:04.864,,,,,,,,,-40.0,0.0,1.0,0.0,0.0,0.0,872.0
2026-07-20 21:52:05.065,,,,,,,,,-40.0,0.0,1.0,0.0,0.0,0.0,873.0
2026-07-20 21:52:05.264,,,,,,,,,-40.0,0.0,1.0,0.0,0.0,0.0,873.0
2026-07-20 21:52:05.464,,,,,,,,,-40.0,0.0,1.0,0.0,0.0,0.0,873.0
2026-07-20 21:52:05.665,,,,,,,,,-40.0,0.0,1.0,0.0,0.0,0.0,873.0
2026-07-20 21:52:05.864,,,,,,,,,-40.0,0.0,1.0,0.0,0.0,0.0,873.0
2026-07-20 21:52:06.065,,,,,,,,,-40.0,0.0,1.0,0.0,0.0,0.0,874.0
2026-07-20 21:52:06.264,,,,,,,,,-40.0,0.0,1.0,0.0,0.0,0.0,874.0
2026-07-20 21:52:06.464,,,,,,,,,-40.0,0.0,1.0,0.0,0.0,0.0,874.0
2026-07-20 21:52:06.664,,,,,,,,,-40.0,0.0,1.0,0.0,0.0,0.0,874.0
2026-07-20 21:52:06.864,,,,,,,,,-40.0,0.0,1.0,0.0,0.0,0.0,874.0
2026-07-20 21:52:07.065,,,,,,,,,-40.0,0.0,1.0,0.0,0.0,0.0,875.0
2026-07-20 21:52:07.264,,,,,,,,,-40.0,0.0,1.0,0.0,0.0,0.0,875.0
2026-07-20 21:52:07.464,,,,,,,,,-40.0,0.0,1.0,0.0,0.0,0.0,875.0
2026-07-20 21:52:07.664,,,,,,,,,-40.0,0.0,1.0,0.0,0.0,0.0,875.0
2026-07-20 21:52:07.863,,,,,,,,,-40.0,0.0,1.0,0.0,0.0,0.0,875.0
2026-07-20 21:52:08.065,,,,,,,,,-40.0,0.0,1.0,0.0,0.0,0.0,876.0
2026-07-20 21:52:08.264,,,,,,,,,-40.0,0.0,1.0,0.0,0.0,0.0,876.0
2026-07-20 21:52:08.464,,,,,,,,,-40.0,0.0,1.0,0.0,0.0,0.0,876.0
2026-07-20 21:52:08.664,,,,,,,,,-40.0,0.0,1.0,0.0,0.0,0.0,876.0
2026-07-20 21:52:08.864,,,,,,,,,-40.0,0.0,1.0,0.0,0.0,0.0,876.0
2026-07-20 21:52:09.065,,,,,,,,,-40.0,0.0,1.0,0.0,0.0,0.0,877.0
2026-07-20 21:52:09.264,,,,,,,,,-40.0,0.0,1.0,0.0,0.0,0.0,877.0
2026-07-20 21:52:09.463,,,,,,,,,-40.0,0.0,1.0,0.0,0.0,0.0,877.0
2026-07-20 21:52:09.664,,,,,,,,,-40.0,0.0,1.0,0.0,0.0,0.0,877.0
2026-07-20 21:52:09.863,,,,,,,,,-40.0,0.0,1.0,0.0,0.0,0.0,877.0
2026-07-20 21:52:10.065,,,,,,,,,-40.0,0.0,1.0,0.0,0.0,0.0,878.0
2026-07-20 21:52:10.264,,,,,,,,,-40.0,0.0,1.0,0.0,0.0,0.0,878.0
2026-07-20 21:52:10.463,,,,,,,,,-40.0,0.0,1.0,0.0,0.0,0.0,878.0
2026-07-20 21:52:10.664,,,,,,,,,-40.0,0.0,1.0,0.0,0.0,0.0,878.0
2026-07-20 21:52:10.864,,,,,,,,,-40.0,0.0,1.0,0.0,0.0,0.0,878.0
2026-07-20 21:52:11.065,,,,,,,,,-40.0,0.0,1.0,0.0,0.0,0.0,879.0
2026-07-20 21:52:11.264,,,,,,,,,-40.0,0.0,1.0,0.0,0.0,0.0,879.0
2026-07-20 21:52:11.464,,,,,,,,,-40.0,0.0,1.0,0.0,0.0,0.0,879.0
2026-07-20 21:52:11.664,,,,,,,,,-40.0,0.0,1.0,0.0,0.0,0.0,879.0
2026-07-20 21:52:11.864,,,,,,,,,-40.0,0.0,1.0,0.0,0.0,0.0,879.0
2026-07-20 21:52:12.065,,,,,,,,,-40.0,0.0,1.0,0.0,0.0,0.0,880.0
2026-07-20 21:52:12.264,,,,,,,,,-40.0,0.0,1.0,0.0,0.0,0.0,880.0
2026-07-20 21:52:12.463,,,,,,,,,-40.0,0.0,1.0,0.0,0.0,0.0,880.0
2026-07-20 21:52:12.664,,,,,,,,,-40.0,0.0,1.0,0.0,0.0,0.0,880.0
2026-07-20 21:52:12.888,,,,,,,,,-40.0,0.0,1.0,0.0,0.0,0.0,880.0
2026-07-20 21:52:13.065,,,,,,,,,-40.0,0.0,1.0,0.0,0.0,0.0,881.0
2026-07-20 21:52:13.264,,,,,,,,,-40.0,0.0,1.0,0.0,0.0,0.0,881.0
2026-07-20 21:52:13.464,,,,,,,,,-40.0,0.0,1.0,0.0,0.0,0.0,881.0
2026-07-20 21:52:13.664,,,,,,,,,-40.0,0.0,1.0,0.0,0.0,0.0,881.0
2026-07-20 21:52:13.864,,,,,,,,,-40.0,0.0,1.0,0.0,0.0,0.0,881.0
2026-07-20 21:52:14.065,,,,,,,,,-40.0,0.0,1.0,0.0,0.0,0.0,882.0
2026-07-20 21:52:14.264,,,,,,,,,-40.0,0.0,1.0,0.0,0.0,0.0,882.0
2026-07-20 21:52:14.463,,,,,,,,,-40.0,0.0,1.0,0.0,0.0,0.0,882.0
2026-07-20 21:52:14.664,,,,,,,,,-40.0,0.0,1.0,0.0,0.0,0.0,882.0
2026-07-20 21:52:14.863,,,,,,,,,-40.0,0.0,1.0,0.0,0.0,0.0,882.0
2026-07-20 21:52:15.065,,,,,,,,,-40.0,0.0,1.0,0.0,0.0,0.0,883.0
2026-07-20 21:52:15.264,,,,,,,,,-40.0,0.0,1.0,0.0,0.0,0.0,883.0
2026-07-20 21:52:15.464,,,,,,,,,-40.0,0.0,1.0,0.0,0.0,0.0,883.0
2026-07-20 21:52:15.664,,,,,,,,,-40.0,0.0,1.0,0.0,0.0,0.0,883.0
2026-07-20 21:52:15.864,,,,,,,,,-40.0,0.0,1.0,0.0,0.0,0.0,883.0
2026-07-20 21:52:16.064,,,,,,,,,-40.0,0.0,1.0,0.0,0.0,0.0,884.0
2026-07-20 21:52:16.264,,,,,,,,,-40.0,0.0,1.0,0.0,0.0,0.0,884.0
2026-07-20 21:52:16.464,,,,,,,,,-40.0,0.0,1.0,0.0,0.0,0.0,884.0
2026-07-20 21:52:16.664,,,,,,,,,-40.0,0.0,1.0,0.0,0.0,0.0,884.0
2026-07-20 21:52:16.864,,,,,,,,,-40.0,0.0,1.0,0.0,0.0,0.0,884.0
2026-07-20 21:52:17.065,,,,,,,,,-40.0,0.0,1.0,0.0,0.0,0.0,885.0
2026-07-20 21:52:17.264,,,,,,,,,-40.0,0.0,1.0,0.0,0.0,0.0,885.0
2026-07-20 21:52:17.463,,,,,,,,,-40.0,0.0,1.0,0.0,0.0,0.0,885.0
2026-07-20 21:52:17.664,,,,,,,,,-40.0,0.0,1.0,0.0,0.0,0.0,885.0
2026-07-20 21:52:17.864,,,,,,,,,-40.0,0.0,1.0,0.0,0.0,0.0,885.0
2026-07-20 21:52:18.065,,,,,,,,,-40.0,0.0,1.0,0.0,0.0,0.0,886.0
2026-07-20 21:52:18.264,,,,,,,,,-40.0,0.0,1.0,0.0,0.0,0.0,886.0
2026-07-20 21:52:18.463,,,,,,,,,-40.0,0.0,1.0,0.0,0.0,0.0,886.0
2026-07-20 21:52:18.664,,,,,,,,,-40.0,0.0,1.0,0.0,0.0,0.0,886.0
2026-07-20 21:52:18.863,,,,,,,,,-40.0,0.0,1.0,0.0,0.0,0.0,886.0
2026-07-20 21:52:19.064,,,,,,,,,-40.0,0.0,1.0,0.0,0.0,0.0,887.0
2026-07-20 21:52:19.263,,,,,,,,,-40.0,0.0,1.0,0.0,0.0,0.0,887.0
2026-07-20 21:52:19.464,,,,,,,,,-40.0,0.0,1.0,0.0,0.0,0.0,887.0
2026-07-20 21:52:19.664,,,,,,,,,-40.0,0.0,1.0,0.0,0.0,0.0,887.0
2026-07-20 21:52:19.864,,,,,,,,,-40.0,0.0,1.0,0.0,0.0,0.0,887.0
2026-07-20 21:52:20.064,,,,,,,,,-40.0,0.0,1.0,0.0,0.0,0.0,888.0
2026-07-20 21:52:20.263,,,,,,,,,-40.0,0.0,1.0,0.0,0.0,0.0,888.0
2026-07-20 21:52:20.463,,,,,,,,,-40.0,0.0,1.0,0.0,0.0,0.0,888.0
2026-07-20 21:52:20.664,,,,,,,,,-40.0,0.0,1.0,0.0,0.0,0.0,888.0
2026-07-20 21:52:20.863,,,,,,,,,-40.0,0.0,1.0,0.0,0.0,0.0,888.0
2026-07-20 21:52:21.065,,,,,,,,,-40.0,0.0,1.0,0.0,0.0,0.0,889.0
2026-07-20 21:52:21.263,,,,,,,,,-40.0,0.0,1.0,0.0,0.0,0.0,889.0
2026-07-20 21:52:21.463,,,,,,,,,-40.0,0.0,1.0,0.0,0.0,0.0,889.0
2026-07-20 21:52:21.667,,,,,,,,,-40.0,0.0,1.0,0.0,0.0,0.0,889.0
2026-07-20 21:52:21.863,,,,,,,,,-40.0,0.0,1.0,0.0,0.0,0.0,889.0
2026-07-20 21:52:22.064,,,,,,,,,-40.0,0.0,1.0,0.0,0.0,0.0,890.0
2026-07-20 21:52:22.264,,,,,,,,,-40.0,0.0,1.0,0.0,0.0,0.0,890.0
2026-07-20 21:52:22.464,,,,,,,,,-40.0,0.0,1.0,0.0,0.0,0.0,890.0
2026-07-20 21:52:22.663,,,,,,,,,-40.0,0.0,1.0,0.0,0.0,0.0,890.0
2026-07-20 21:52:22.863,,,,,,,,,-40.0,0.0,1.0,0.0,0.0,0.0,890.0
2026-07-20 21:52:23.065,,,,,,,,,-40.0,0.0,1.0,0.0,0.0,0.0,891.0
2026-07-20 21:52:23.263,,,,,,,,,-40.0,0.0,1.0,0.0,0.0,0.0,891.0
2026-07-20 21:52:23.464,,,,,,,,,-40.0,0.0,1.0,0.0,0.0,0.0,891.0
2026-07-20 21:52:23.663,,,,,,,,,-40.0,0.0,1.0,0.0,0.0,0.0,891.0
2026-07-20 21:52:23.863,,,,,,,,,-40.0,0.0,1.0,0.0,0.0,0.0,891.0
2026-07-20 21:52:24.064,,,,,,,,,-40.0,0.0,1.0,0.0,0.0,0.0,892.0
2026-07-20 21:52:24.263,,,,,,,,,-40.0,0.0,1.0,0.0,0.0,0.0,892.0
2026-07-20 21:52:24.464,,,,,,,,,-40.0,0.0,1.0,0.0,0.0,0.0,892.0
2026-07-20 21:52:24.664,,,,,,,,,-40.0,0.0,1.0,0.0,0.0,0.0,892.0
2026-07-20 21:52:24.863,,,,,,,,,-40.0,0.0,1.0,0.0,0.0,0.0,892.0
2026-07-20 21:52:25.064,,,,,,,,,-40.0,0.0,1.0,0.0,0.0,0.0,893.0
2026-07-20 21:52:25.263,,,,,,,,,-40.0,0.0,1.0,0.0,0.0,0.0,893.0
2026-07-20 21:52:25.477,,,,,,,,,-40.0,0.0,1.0,0.0,0.0,0.0,893.0
2026-07-20 21:52:25.664,,,,,,,,,-40.0,0.0,1.0,0.0,0.0,0.0,893.0
2026-07-20 21:52:25.863,,,,,,,,,-40.0,0.0,1.0,0.0,0.0,0.0,893.0
2026-07-20 21:52:26.064,,,,,,,,,-40.0,0.0,1.0,0.0,0.0,0.0,894.0
2026-07-20 21:52:26.263,,,,,,,,,-40.0,0.0,1.0,0.0,0.0,0.0,894.0
2026-07-20 21:52:26.463,,,,,,,,,-40.0,0.0,1.0,0.0,0.0,0.0,894.0
2026-07-20 21:52:26.663,,,,,,,,,-40.0,0.0,1.0,0.0,0.0,0.0,894.0
2026-07-20 21:52:26.863,,,,,,,,,-40.0,0.0,1.0,0.0,0.0,0.0,894.0
2026-07-20 21:52:27.064,,,,,,,,,-40.0,0.0,1.0,0.0,0.0,0.0,895.0
2026-07-20 21:52:27.263,,,,,,,,,-40.0,0.0,1.0,0.0,0.0,0.0,895.0
2026-07-20 21:52:27.463,,,,,,,,,-40.0,0.0,1.0,0.0,0.0,0.0,895.0
2026-07-20 21:52:27.664,,,,,,,,,-40.0,0.0,1.0,0.0,0.0,0.0,895.0
2026-07-20 21:52:27.864,,,,,,,,,-40.0,0.0,1.0,0.0,0.0,0.0,895.0
2026-07-20 21:52:28.064,,,,,,,,,-40.0,0.0,1.0,0.0,0.0,0.0,896.0
2026-07-20 21:52:28.264,,,,,,,,,-40.0,0.0,1.0,0.0,0.0,0.0,896.0
2026-07-20 21:52:28.464,,,,,,,,,-40.0,0.0,1.0,0.0,0.0,0.0,896.0
2026-07-20 21:52:28.663,,,,,,,,,-40.0,0.0,1.0,0.0,0.0,0.0,896.0
2026-07-20 21:52:28.863,,,,,,,,,-40.0,0.0,1.0,0.0,0.0,0.0,896.0
2026-07-20 21:52:29.065,,,,,,,,,-40.0,0.0,1.0,0.0,0.0,0.0,897.0
2026-07-20 21:52:29.263,,,,,,,,,-40.0,0.0,1.0,0.0,0.0,0.0,897.0
2026-07-20 21:52:29.463,,,,,,,,,-40.0,0.0,1.0,0.0,0.0,0.0,897.0
2026-07-20 21:52:29.664,,,,,,,,,-40.0,0.0,1.0,0.0,0.0,0.0,897.0
2026-07-20 21:52:29.864,,,,,,,,,-40.0,0.0,1.0,0.0,0.0,0.0,897.0
2026-07-20 21:52:30.065,,,,,,,,,-40.0,0.0,1.0,0.0,0.0,0.0,898.0
2026-07-20 21:52:30.265,,,,,,,,,-40.0,0.0,1.0,0.0,0.0,0.0,898.0
2026-07-20 21:52:30.463,,,,,,,,,-40.0,0.0,1.0,0.0,0.0,0.0,898.0
2026-07-20 21:52:30.664,,,,,,,,,-40.0,0.0,1.0,0.0,0.0,0.0,898.0
2026-07-20 21:52:30.864,,,,,,,,,-40.0,0.0,1.0,0.0,0.0,0.0,898.0
2026-07-20 21:52:31.064,,,,,,,,,-40.0,0.0,1.0,0.0,0.0,0.0,899.0
2026-07-20 21:52:31.263,,,,,,,,,-40.0,0.0,1.0,0.0,0.0,0.0,899.0
2026-07-20 21:52:31.464,,,,,,,,,-40.0,0.0,1.0,0.0,0.0,0.0,899.0
2026-07-20 21:52:31.664,,,,,,,,,-40.0,0.0,1.0,0.0,0.0,0.0,899.0
2026-07-20 21:52:31.864,,,,,,,,,-40.0,0.0,1.0,0.0,0.0,0.0,899.0
2026-07-20 21:52:32.065,,,,,,,,,-40.0,0.0,1.0,0.0,0.0,0.0,900.0
2026-07-20 21:52:32.263,,,,,,,,,-40.0,0.0,1.0,0.0,0.0,0.0,900.0
2026-07-20 21:52:32.464,,,,,,,,,-40.0,0.0,1.0,0.0,0.0,0.0,900.0
2026-07-20 21:52:32.664,,,,,,,,,-40.0,0.0,1.0,0.0,0.0,0.0,900.0
2026-07-20 21:52:32.863,,,,,,,,,-40.0,0.0,1.0,0.0,0.0,0.0,900.0
2026-07-20 21:52:33.064,,,,,,,,,-40.0,0.0,1.0,0.0,0.0,0.0,901.0
2026-07-20 21:52:33.264,,,,,,,,,-40.0,0.0,1.0,0.0,0.0,0.0,901.0
2026-07-20 21:52:33.464,,,,,,,,,-40.0,0.0,1.0,0.0,0.0,0.0,901.0
2026-07-20 21:52:33.664,,,,,,,,,-40.0,0.0,1.0,0.0,0.0,0.0,901.0
2026-07-20 21:52:33.864,,,,,,,,,-40.0,0.0,1.0,0.0,0.0,0.0,901.0
2026-07-20 21:52:34.065,,,,,,,,,-40.0,0.0,1.0,0.0,0.0,0.0,902.0
2026-07-20 21:52:34.263,,,,,,,,,-40.0,0.0,1.0,0.0,0.0,0.0,902.0
2026-07-20 21:52:34.463,,,,,,,,,-40.0,0.0,1.0,0.0,0.0,0.0,902.0
2026-07-20 21:52:34.663,,,,,,,,,-40.0,0.0,1.0,0.0,0.0,0.0,902.0
2026-07-20 21:52:34.864,,,,,,,,,-40.0,0.0,1.0,0.0,0.0,0.0,902.0
2026-07-20 21:52:35.064,,,,,,,,,-40.0,0.0,1.0,0.0,0.0,0.0,903.0
2026-07-20 21:52:35.263,,,,,,,,,-40.0,0.0,1.0,0.0,0.0,0.0,903.0
2026-07-20 21:52:35.463,,,,,,,,,-40.0,0.0,1.0,0.0,0.0,0.0,903.0
2026-07-20 21:52:35.663,,,,,,,,,-40.0,0.0,1.0,0.0,0.0,0.0,903.0
2026-07-20 21:52:35.863,,,,,,,,,-40.0,0.0,1.0,0.0,0.0,0.0,903.0
2026-07-20 21:52:36.064,,,,,,,,,-40.0,0.0,1.0,0.0,0.0,0.0,904.0
2026-07-20 21:52:36.264,,,,,,,,,-40.0,0.0,1.0,0.0,0.0,0.0,904.0
2026-07-20 21:52:36.463,,,,,,,,,-40.0,0.0,1.0,0.0,0.0,0.0,904.0
2026-07-20 21:52:36.663,,,,,,,,,-40.0,0.0,1.0,0.0,0.0,0.0,904.0
2026-07-20 21:52:36.863,,,,,,,,,-40.0,0.0,1.0,0.0,0.0,0.0,904.0
2026-07-20 21:52:37.064,,,,,,,,,-40.0,0.0,1.0,0.0,0.0,0.0,905.0
2026-07-20 21:52:37.263,,,,,,,,,-40.0,0.0,1.0,0.0,0.0,0.0,905.0
2026-07-20 21:52:37.463,,,,,,,,,-40.0,0.0,1.0,0.0,0.0,0.0,905.0
2026-07-20 21:52:37.664,,,,,,,,,-40.0,0.0,1.0,0.0,0.0,0.0,905.0
2026-07-20 21:52:37.863,,,,,,,,,-40.0,0.0,1.0,0.0,0.0,0.0,905.0
2026-07-20 21:52:38.064,,,,,,,,,-40.0,0.0,1.0,0.0,0.0,0.0,906.0
2026-07-20 21:52:38.263,,,,,,,,,-40.0,0.0,1.0,0.0,0.0,0.0,906.0
2026-07-20 21:52:38.463,,,,,,,,,-40.0,0.0,1.0,0.0,0.0,0.0,906.0
2026-07-20 21:52:38.663,,,,,,,,,-40.0,0.0,1.0,0.0,0.0,0.0,906.0
2026-07-20 21:52:38.863,,,,,,,,,-40.0,0.0,1.0,0.0,0.0,0.0,906.0
2026-07-20 21:52:39.064,,,,,,,,,-40.0,0.0,1.0,0.0,0.0,0.0,907.0
2026-07-20 21:52:39.263,,,,,,,,,-40.0,0.0,1.0,0.0,0.0,0.0,907.0
2026-07-20 21:52:39.464,,,,,,,,,-40.0,0.0,1.0,0.0,0.0,0.0,907.0
2026-07-20 21:52:39.664,,,,,,,,,-40.0,0.0,1.0,0.0,0.0,0.0,907.0
2026-07-20 21:52:39.863,,,,,,,,,-40.0,0.0,1.0,0.0,0.0,0.0,907.0
2026-07-20 21:52:40.064,,,,,,,,,-40.0,0.0,1.0,0.0,0.0,0.0,908.0
2026-07-20 21:52:40.263,,,,,,,,,-40.0,0.0,1.0,0.0,0.0,0.0,908.0
2026-07-20 21:52:40.465,,,,,,,,,-40.0,0.0,1.0,0.0,0.0,0.0,908.0
2026-07-20 21:52:40.663,,,,,,,,,-40.0,0.0,1.0,0.0,0.0,0.0,908.0
2026-07-20 21:52:40.864,,,,,,,,,-40.0,0.0,1.0,0.0,0.0,0.0,908.0
2026-07-20 21:52:41.064,,,,,,,,,-40.0,0.0,1.0,0.0,0.0,0.0,909.0
2026-07-20 21:52:41.264,,,,,,,,,-40.0,0.0,1.0,0.0,0.0,0.0,909.0
2026-07-20 21:52:41.466,,,,,,,,,-40.0,0.0,1.0,0.0,0.0,0.0,909.0
2026-07-20 21:52:41.663,,,,,,,,,-40.0,0.0,1.0,0.0,0.0,0.0,909.0
2026-07-20 21:52:41.863,,,,,,,,,-40.0,0.0,1.0,0.0,0.0,0.0,909.0
2026-07-20 21:52:42.064,,,,,,,,,-40.0,0.0,1.0,0.0,0.0,0.0,910.0
2026-07-20 21:52:42.263,,,,,,,,,-40.0,0.0,1.0,0.0,0.0,0.0,910.0
2026-07-20 21:52:42.463,,,,,,,,,-40.0,0.0,1.0,0.0,0.0,0.0,910.0
2026-07-20 21:52:42.663,,,,,,,,,-40.0,0.0,1.0,0.0,0.0,0.0,910.0
2026-07-20 21:52:42.863,,,,,,,,,-40.0,0.0,1.0,0.0,0.0,0.0,910.0
2026-07-20 21:52:43.064,,,,,,,,,-40.0,0.0,1.0,0.0,0.0,0.0,911.0
2026-07-20 21:52:43.264,,,,,,,,,-40.0,0.0,1.0,0.0,0.0,0.0,911.0
2026-07-20 21:52:43.463,,,,,,,,,-40.0,0.0,1.0,0.0,0.0,0.0,911.0
2026-07-20 21:52:43.663,,,,,,,,,-40.0,0.0,1.0,0.0,0.0,0.0,911.0
2026-07-20 21:52:43.863,,,,,,,,,-40.0,0.0,1.0,0.0,0.0,0.0,911.0
2026-07-20 21:52:44.064,,,,,,,,,-40.0,0.0,1.0,0.0,0.0,0.0,912.0
2026-07-20 21:52:44.263,,,,,,,,,-40.0,0.0,1.0,0.0,0.0,0.0,912.0
2026-07-20 21:52:44.463,,,,,,,,,-40.0,0.0,1.0,0.0,0.0,0.0,912.0
2026-07-20 21:52:44.663,,,,,,,,,-40.0,0.0,1.0,0.0,0.0,0.0,912.0
2026-07-20 21:52:44.863,,,,,,,,,-40.0,0.0,1.0,0.0,0.0,0.0,912.0
2026-07-20 21:52:45.064,,,,,,,,,-40.0,0.0,1.0,0.0,0.0,0.0,913.0
2026-07-20 21:52:45.263,,,,,,,,,-40.0,0.0,1.0,0.0,0.0,0.0,913.0
2026-07-20 21:52:45.463,,,,,,,,,-40.0,0.0,1.0,0.0,0.0,0.0,913.0
2026-07-20 21:52:45.663,,,,,,,,,-40.0,0.0,1.0,0.0,0.0,0.0,913.0
2026-07-20 21:52:45.863,,,,,,,,,-40.0,0.0,1.0,0.0,0.0,0.0,913.0
2026-07-20 21:52:46.064,,,,,,,,,-40.0,0.0,1.0,0.0,0.0,0.0,914.0
2026-07-20 21:52:46.263,,,,,,,,,-40.0,0.0,1.0,0.0,0.0,0.0,914.0
2026-07-20 21:52:46.464,,,,,,,,,-40.0,0.0,1.0,0.0,0.0,0.0,914.0
2026-07-20 21:52:46.663,,,,,,,,,-40.0,0.0,1.0,0.0,0.0,0.0,914.0
2026-07-20 21:52:46.863,,,,,,,,,-40.0,0.0,1.0,0.0,0.0,0.0,914.0
2026-07-20 21:52:47.064,,,,,,,,,-40.0,0.0,1.0,0.0,0.0,0.0,915.0
2026-07-20 21:52:47.263,,,,,,,,,-40.0,0.0,1.0,0.0,0.0,0.0,915.0
2026-07-20 21:52:47.463,,,,,,,,,-40.0,0.0,1.0,0.0,0.0,0.0,915.0
2026-07-20 21:52:47.663,,,,,,,,,-40.0,0.0,1.0,0.0,0.0,0.0,915.0
2026-07-20 21:52:47.863,,,,,,,,,-40.0,0.0,1.0,0.0,0.0,0.0,915.0
2026-07-20 21:52:48.067,,,,,,,,,-40.0,0.0,1.0,0.0,0.0,0.0,916.0
2026-07-20 21:52:48.263,,,,,,,,,-40.0,0.0,1.0,0.0,0.0,0.0,916.0
2026-07-20 21:52:48.463,,,,,,,,,-40.0,0.0,1.0,0.0,0.0,0.0,916.0
2026-07-20 21:52:48.663,,,,,,,,,-40.0,0.0,1.0,0.0,0.0,0.0,916.0
2026-07-20 21:52:48.863,,,,,,,,,-40.0,0.0,1.0,0.0,0.0,0.0,916.0
2026-07-20 21:52:49.064,,,,,,,,,-40.0,0.0,1.0,0.0,0.0,0.0,917.0
2026-07-20 21:52:49.263,,,,,,,,,-40.0,0.0,1.0,0.0,0.0,0.0,917.0
2026-07-20 21:52:49.463,,,,,,,,,-40.0,0.0,0.0,0.0,0.0,0.0,917.0
2026-07-20 21:52:49.663,,,,,,,,,-40.0,0.0,0.0,0.0,0.0,0.0,917.0
2026-07-20 21:52:49.863,,,,,,,,,-40.0,0.0,0.0,0.0,0.0,0.0,917.0
2026-07-20 21:52:50.063,,,,,,,,,-40.0,0.0,0.0,0.0,0.0,0.0,918.0
2026-07-20 21:52:50.263,,,,,,,,,-40.0,0.0,0.0,0.0,0.0,0.0,918.0
2026-07-20 21:52:50.463,,,,,,,,,-40.0,0.0,0.0,0.0,0.0,0.0,918.0
2026-07-20 21:52:50.664,,,,,,,,,-40.0,0.0,0.0,0.0,0.0,0.0,918.0
2026-07-20 21:52:50.863,,,,,,,,,-40.0,0.0,0.0,0.0,0.0,0.0,918.0
2026-07-20 21:52:51.064,,,,,,,,,-40.0,0.0,0.0,0.0,0.0,0.0,919.0
2026-07-20 21:52:51.263,,,,,,,,,-40.0,0.0,0.0,0.0,0.0,0.0,919.0
2026-07-20 21:52:51.463,,,,,,,,,-40.0,0.0,0.0,0.0,0.0,0.0,919.0
2026-07-20 21:52:51.663,,,,,,,,,-40.0,0.0,0.0,0.0,0.0,0.0,919.0
2026-07-20 21:52:51.863,,,,,,,,,-40.0,0.0,0.0,0.0,0.0,0.0,919.0
2026-07-20 21:52:52.064,,,,,,,,,-40.0,0.0,0.0,0.0,0.0,0.0,920.0
2026-07-20 21:52:52.263,,,,,,,,,-40.0,0.0,0.0,0.0,0.0,0.0,920.0
2026-07-20 21:52:52.463,,,,,,,,,-40.0,0.0,0.0,0.0,0.0,0.0,920.0
2026-07-20 21:52:52.663,,,,,,,,,-40.0,0.0,0.0,0.0,0.0,0.0,920.0
2026-07-20 21:52:52.863,,,,,,,,,-40.0,0.0,0.0,0.0,0.0,0.0,920.0
2026-07-20 21:52:53.064,,,,,,,,,-40.0,0.0,0.0,0.0,0.0,0.0,921.0
2026-07-20 21:52:53.263,,,,,,,,,-40.0,0.0,0.0,0.0,0.0,0.0,921.0
2026-07-20 21:52:53.463,,,,,,,,,-40.0,0.0,0.0,0.0,0.0,0.0,921.0
2026-07-20 21:52:53.663,,,,,,,,,-40.0,0.0,0.0,0.0,0.0,0.0,921.0
2026-07-20 21:52:53.863,,,,,,,,,-40.0,0.0,0.0,0.0,0.0,0.0,921.0
2026-07-20 21:52:54.064,,,,,,,,,-40.0,0.0,0.0,0.0,0.0,0.0,922.0
2026-07-20 21:52:54.263,,,,,,,,,-40.0,0.0,0.0,0.0,0.0,0.0,922.0
2026-07-20 21:52:54.463,,,,,,,,,-40.0,0.0,0.0,0.0,0.0,0.0,922.0
2026-07-20 21:52:54.663,,,,,,,,,-40.0,0.0,0.0,0.0,0.0,0.0,922.0
2026-07-20 21:52:54.863,,,,,,,,,-40.0,0.0,0.0,0.0,0.0,0.0,922.0
2026-07-20 21:52:55.064,,,,,,,,,-40.0,0.0,0.0,0.0,0.0,0.0,923.0
2026-07-20 21:52:55.263,,,,,,,,,-40.0,0.0,0.0,0.0,0.0,0.0,923.0
2026-07-20 21:52:55.463,,,,,,,,,-40.0,0.0,0.0,0.0,0.0,0.0,923.0
2026-07-20 21:52:55.663,,,,,,,,,-40.0,0.0,0.0,0.0,0.0,0.0,923.0
2026-07-20 21:52:55.863,,,,,,,,,-40.0,0.0,0.0,0.0,0.0,0.0,923.0
2026-07-20 21:52:56.063,,,,,,,,,-40.0,0.0,0.0,0.0,0.0,0.0,924.0
2026-07-20 21:52:56.263,,,,,,,,,-40.0,0.0,0.0,0.0,0.0,0.0,924.0
2026-07-20 21:52:56.462,,,,,,,,,-40.0,0.0,0.0,0.0,0.0,0.0,924.0
2026-07-20 21:52:56.663,,,,,,,,,-40.0,0.0,0.0,0.0,0.0,0.0,924.0
2026-07-20 21:52:56.862,,,,,,,,,-40.0,0.0,0.0,0.0,0.0,0.0,924.0
2026-07-20 21:52:57.075,,,,,,,,,-40.0,0.0,0.0,0.0,0.0,0.0,925.0
2026-07-20 21:52:57.262,,,,,,,,,-40.0,0.0,0.0,0.0,0.0,0.0,925.0
2026-07-20 21:52:57.463,,,,,,,,,-40.0,0.0,0.0,0.0,0.0,0.0,925.0
2026-07-20 21:52:57.663,,,,,,,,,-40.0,0.0,0.0,0.0,0.0,0.0,925.0
2026-07-20 21:52:57.862,,,,,,,,,-40.0,0.0,0.0,0.0,0.0,0.0,925.0
2026-07-20 21:52:58.063,,,,,,,,,-40.0,0.0,0.0,0.0,0.0,0.0,926.0
2026-07-20 21:52:58.262,,,,,,,,,-40.0,0.0,0.0,0.0,0.0,0.0,926.0
2026-07-20 21:52:58.462,,,,,,,,,-40.0,0.0,0.0,0.0,0.0,0.0,926.0
2026-07-20 21:52:58.663,,,,,,,,,-40.0,0.0,0.0,0.0,0.0,0.0,926.0
2026-07-20 21:52:58.863,,,,,,,,,-40.0,0.0,0.0,0.0,0.0,0.0,926.0
2026-07-20 21:52:59.063,,,,,,,,,-40.0,0.0,0.0,0.0,0.0,0.0,927.0
2026-07-20 21:52:59.263,,,,,,,,,-40.0,0.0,0.0,0.0,0.0,0.0,927.0
2026-07-20 21:52:59.463,,,,,,,,,-40.0,0.0,0.0,0.0,0.0,0.0,927.0
2026-07-20 21:52:59.663,,,,,,,,,-40.0,0.0,0.0,0.0,0.0,0.0,927.0
2026-07-20 21:52:59.862,,,,,,,,,-40.0,0.0,0.0,0.0,0.0,0.0,927.0
2026-07-20 21:53:00.064,,,,,,,,,-40.0,0.0,0.0,0.0,0.0,0.0,928.0
2026-07-20 21:53:00.263,,,,,,,,,-40.0,0.0,0.0,0.0,0.0,0.0,928.0
2026-07-20 21:53:00.463,,,,,,,,,-40.0,0.0,0.0,0.0,0.0,0.0,928.0
2026-07-20 21:53:00.663,,,,,,,,,-40.0,0.0,0.0,0.0,0.0,0.0,928.0
2026-07-20 21:53:00.863,,,,,,,,,-40.0,0.0,0.0,0.0,0.0,0.0,928.0
2026-07-20 21:53:01.065,,,,,,,,,-40.0,0.0,0.0,0.0,0.0,0.0,929.0
2026-07-20 21:53:01.263,,,,,,,,,-40.0,0.0,0.0,0.0,0.0,0.0,929.0
2026-07-20 21:53:01.462,,,,,,,,,-40.0,0.0,0.0,0.0,0.0,0.0,929.0
2026-07-20 21:53:01.663,,,,,,,,,-40.0,0.0,0.0,0.0,0.0,0.0,929.0
2026-07-20 21:53:01.862,,,,,,,,,-40.0,0.0,0.0,0.0,0.0,0.0,929.0
2026-07-20 21:53:02.064,,,,,,,,,-40.0,0.0,0.0,0.0,0.0,0.0,930.0
2026-07-20 21:53:02.262,,,,,,,,,-40.0,0.0,0.0,0.0,0.0,0.0,930.0
2026-07-20 21:53:02.462,,,,,,,,,-40.0,0.0,0.0,0.0,0.0,0.0,930.0
2026-07-20 21:53:02.662,,,,,,,,,-40.0,0.0,0.0,0.0,0.0,0.0,930.0
2026-07-20 21:53:02.862,,,,,,,,,-40.0,0.0,0.0,0.0,0.0,0.0,930.0
2026-07-20 21:53:03.063,,,,,,,,,-40.0,0.0,0.0,0.0,0.0,0.0,931.0
2026-07-20 21:53:03.262,,,,,,,,,-40.0,0.0,0.0,0.0,0.0,0.0,931.0
2026-07-20 21:53:03.463,,,,,,,,,-40.0,0.0,0.0,0.0,0.0,0.0,931.0
2026-07-20 21:53:03.662,,,,,,,,,-40.0,0.0,0.0,0.0,0.0,0.0,931.0
2026-07-20 21:53:03.863,,,,,,,,,-40.0,0.0,0.0,0.0,0.0,0.0,931.0
2026-07-20 21:53:04.063,,,,,,,,,-40.0,0.0,0.0,0.0,0.0,0.0,932.0
2026-07-20 21:53:04.263,,,,,,,,,-40.0,0.0,0.0,0.0,0.0,0.0,932.0
2026-07-20 21:53:04.463,,,,,,,,,-40.0,0.0,0.0,0.0,0.0,0.0,932.0
2026-07-20 21:53:04.663,,,,,,,,,-40.0,0.0,0.0,0.0,0.0,0.0,932.0
2026-07-20 21:53:04.862,,,,,,,,,-40.0,0.0,0.0,0.0,0.0,0.0,932.0
2026-07-20 21:53:05.064,,,,,,,,,-40.0,0.0,0.0,0.0,0.0,0.0,933.0
2026-07-20 21:53:05.263,,,,,,,,,-40.0,0.0,0.0,0.0,0.0,0.0,933.0
2026-07-20 21:53:05.463,,,,,,,,,-40.0,0.0,0.0,0.0,0.0,0.0,933.0
2026-07-20 21:53:05.662,,,,,,,,,-40.0,0.0,0.0,0.0,0.0,0.0,933.0
2026-07-20 21:53:05.863,,,,,,,,,-40.0,0.0,0.0,0.0,0.0,0.0,933.0
2026-07-20 21:53:06.063,,,,,,,,,-40.0,0.0,0.0,0.0,0.0,0.0,934.0
2026-07-20 21:53:06.263,,,,,,,,,-40.0,0.0,0.0,0.0,0.0,0.0,934.0
2026-07-20 21:53:06.462,,,,,,,,,-40.0,0.0,0.0,0.0,0.0,0.0,934.0
2026-07-20 21:53:06.662,,,,,,,,,-40.0,0.0,0.0,0.0,0.0,0.0,934.0
2026-07-20 21:53:06.863,,,,,,,,,-40.0,0.0,0.0,0.0,0.0,0.0,934.0
2026-07-20 21:53:07.063,,,,,,,,,-40.0,0.0,0.0,0.0,0.0,0.0,935.0
2026-07-20 21:53:07.263,,,,,,,,,-40.0,0.0,0.0,0.0,0.0,0.0,935.0
2026-07-20 21:53:07.463,,,,,,,,,-40.0,0.0,0.0,0.0,0.0,0.0,935.0
2026-07-20 21:53:07.663,,,,,,,,,-40.0,0.0,0.0,0.0,0.0,0.0,935.0
2026-07-20 21:53:07.862,,,,,,,,,-40.0,0.0,0.0,0.0,0.0,0.0,935.0
2026-07-20 21:53:08.064,,,,,,,,,-40.0,0.0,0.0,0.0,0.0,0.0,936.0
2026-07-20 21:53:08.263,,,,,,,,,-40.0,0.0,0.0,0.0,0.0,0.0,936.0
2026-07-20 21:53:08.462,,,,,,,,,-40.0,0.0,0.0,0.0,0.0,0.0,936.0
2026-07-20 21:53:08.663,,,,,,,,,-40.0,0.0,0.0,0.0,0.0,0.0,936.0
2026-07-20 21:53:08.863,,,,,,,,,-40.0,0.0,0.0,0.0,0.0,0.0,936.0
2026-07-20 21:53:09.064,,,,,,,,,-40.0,0.0,0.0,0.0,0.0,0.0,937.0
2026-07-20 21:53:09.262,,,,,,,,,-40.0,0.0,0.0,0.0,0.0,0.0,937.0
2026-07-20 21:53:09.462,,,,,,,,,-40.0,0.0,0.0,0.0,0.0,0.0,937.0
2026-07-20 21:53:09.663,,,,,,,,,-40.0,0.0,0.0,0.0,0.0,0.0,937.0
2026-07-20 21:53:09.863,,,,,,,,,-40.0,0.0,0.0,0.0,0.0,0.0,937.0
2026-07-20 21:53:10.063,,,,,,,,,-40.0,0.0,0.0,0.0,0.0,0.0,938.0
2026-07-20 21:53:10.262,,,,,,,,,-40.0,0.0,0.0,0.0,0.0,0.0,938.0
2026-07-20 21:53:10.462,,,,,,,,,-40.0,0.0,0.0,0.0,0.0,0.0,938.0
2026-07-20 21:53:10.662,,,,,,,,,-40.0,0.0,0.0,0.0,0.0,0.0,938.0
2026-07-20 21:53:10.862,,,,,,,,,-40.0,0.0,0.0,0.0,0.0,0.0,938.0
2026-07-20 21:53:11.063,,,,,,,,,-40.0,0.0,0.0,0.0,0.0,0.0,939.0
2026-07-20 21:53:11.263,,,,,,,,,-40.0,0.0,0.0,0.0,0.0,0.0,939.0
2026-07-20 21:53:11.462,,,,,,,,,-40.0,0.0,0.0,0.0,0.0,0.0,939.0
2026-07-20 21:53:11.662,,,,,,,,,-40.0,0.0,0.0,0.0,0.0,0.0,939.0
2026-07-20 21:53:11.862,,,,,,,,,-40.0,0.0,0.0,0.0,0.0,0.0,939.0
2026-07-20 21:53:12.064,,,,,,,,,-40.0,0.0,0.0,0.0,0.0,0.0,940.0
2026-07-20 21:53:12.264,,,,,,,,,-40.0,0.0,0.0,0.0,0.0,0.0,940.0
2026-07-20 21:53:12.462,,,,,,,,,-40.0,0.0,0.0,0.0,0.0,0.0,940.0
2026-07-20 21:53:12.663,,,,,,,,,-40.0,0.0,0.0,0.0,0.0,0.0,940.0
2026-07-20 21:53:12.863,,,,,,,,,-40.0,0.0,0.0,0.0,0.0,0.0,940.0
2026-07-20 21:53:13.063,,,,,,,,,-40.0,0.0,0.0,0.0,0.0,0.0,941.0
2026-07-20 21:53:13.262,,,,,,,,,-40.0,0.0,0.0,0.0,0.0,0.0,941.0
2026-07-20 21:53:13.463,,,,,,,,,-40.0,0.0,0.0,0.0,0.0,0.0,941.0
2026-07-20 21:53:13.663,,,,,,,,,-40.0,0.0,0.0,0.0,0.0,0.0,941.0
2026-07-20 21:53:13.863,,,,,,,,,-40.0,0.0,0.0,0.0,0.0,0.0,941.0
2026-07-20 21:53:14.064,,,,,,,,,-40.0,0.0,0.0,0.0,0.0,0.0,942.0
2026-07-20 21:53:14.263,,,,,,,,,-40.0,0.0,0.0,0.0,0.0,0.0,942.0
2026-07-20 21:53:14.463,,,,,,,,,-40.0,0.0,0.0,0.0,0.0,0.0,942.0
2026-07-20 21:53:14.662,,,,,,,,,-40.0,0.0,0.0,0.0,0.0,0.0,942.0
2026-07-20 21:53:14.863,,,,,,,,,-40.0,0.0,0.0,0.0,0.0,0.0,942.0
2026-07-20 21:53:15.064,,,,,,,,,-40.0,0.0,0.0,0.0,0.0,0.0,943.0
2026-07-20 21:53:15.263,,,,,,,,,-40.0,0.0,0.0,0.0,0.0,0.0,943.0
2026-07-20 21:53:15.462,,,,,,,,,-40.0,0.0,0.0,0.0,0.0,0.0,943.0
2026-07-20 21:53:15.662,,,,,,,,,-40.0,0.0,0.0,0.0,0.0,0.0,943.0
2026-07-20 21:53:15.863,,,,,,,,,-40.0,0.0,0.0,0.0,0.0,0.0,943.0
2026-07-20 21:53:16.063,,,,,,,,,-40.0,0.0,0.0,0.0,0.0,0.0,944.0
2026-07-20 21:53:16.262,,,,,,,,,-40.0,0.0,0.0,0.0,0.0,0.0,944.0
2026-07-20 21:53:16.463,,,,,,,,,-40.0,0.0,0.0,0.0,0.0,0.0,944.0
2026-07-20 21:53:16.662,,,,,,,,,-40.0,0.0,0.0,0.0,0.0,0.0,944.0
2026-07-20 21:53:16.862,,,,,,,,,-40.0,0.0,0.0,0.0,0.0,0.0,944.0
