timestamp,ds0_c,ds1_c,ds2_c,ds3_c,ds4_c,bme_t_c,bme_p_hpa,bme_h_pct,target_c,comp,comp_allowed,hv,iso_duty,safe,up_s
2026-07-20 21:13:00.653,,,,,,28.09,929.6,19.1,-40.0,0.0,0.0,0.0,0.0,0.0,8.0
2026-07-20 21:13:00.901,,,,,,28.07,929.6,19.3,-40.0,0.0,0.0,0.0,0.0,0.0,9.0
2026-07-20 21:13:01.052,,,,,,28.07,929.6,19.3,-40.0,0.0,0.0,0.0,0.0,0.0,9.0
2026-07-20 21:13:01.252,,,,,,28.07,929.6,19.3,-40.0,0.0,0.0,0.0,0.0,0.0,9.0
2026-07-20 21:13:01.453,,,,,,28.07,929.6,18.8,-40.0,0.0,0.0,0.0,0.0,0.0,9.0
2026-07-20 21:13:01.653,,,,,,28.07,929.6,18.8,-40.0,0.0,0.0,0.0,0.0,0.0,9.0
2026-07-20 21:13:01.901,,,,,,28.07,929.6,19.4,-40.0,0.0,0.0,0.0,0.0,0.0,10.0
2026-07-20 21:13:02.063,,,,,,28.07,929.6,19.4,-40.0,0.0,0.0,0.0,0.0,0.0,10.0
2026-07-20 21:13:02.252,,,,,,28.07,929.6,19.4,-40.0,0.0,0.0,0.0,0.0,0.0,10.0
2026-07-20 21:13:02.453,,,,,,28.07,929.6,19.1,-40.0,0.0,0.0,0.0,0.0,0.0,10.0
2026-07-20 21:13:02.653,,,,,,28.07,929.6,19.1,-40.0,0.0,0.0,0.0,0.0,0.0,10.0
2026-07-20 21:13:02.900,,,,,,28.09,929.6,19.1,-40.0,0.0,0.0,0.0,0.0,0.0,11.0
2026-07-20 21:13:03.055,,,,,,28.09,929.6,19.1,-40.0,0.0,0.0,0.0,0.0,0.0,11.0
2026-07-20 21:13:03.253,,,,,,28.09,929.6,19.1,-40.0,0.0,0.0,0.0,0.0,0.0,11.0
2026-07-20 21:13:03.453,,,,,,28.06,929.5,19.0,-40.0,0.0,0.0,0.0,0.0,0.0,11.0
2026-07-20 21:13:03.653,,,,,,28.06,929.5,19.0,-40.0,0.0,0.0,0.0,0.0,0.0,11.0
2026-07-20 21:13:03.900,,,,,,28.07,929.6,19.3,-40.0,0.0,0.0,0.0,0.0,0.0,12.0
2026-07-20 21:13:04.052,,,,,,28.07,929.6,19.3,-40.0,0.0,0.0,0.0,0.0,0.0,12.0
2026-07-20 21:13:04.252,,,,,,28.07,929.6,19.3,-40.0,0.0,0.0,0.0,0.0,0.0,12.0
2026-07-20 21:13:04.453,,,,,,28.07,929.6,18.8,-40.0,0.0,0.0,0.0,0.0,0.0,12.0
2026-07-20 21:13:04.653,,,,,,28.07,929.6,18.8,-40.0,0.0,0.0,0.0,0.0,0.0,12.0
2026-07-20 21:13:04.900,,,,,,28.07,929.6,19.4,-40.0,0.0,0.0,0.0,0.0,0.0,13.0
2026-07-20 21:13:05.085,,,,,,28.07,929.6,19.4,-40.0,0.0,0.0,0.0,0.0,0.0,13.0
2026-07-20 21:13:05.253,,,,,,28.07,929.6,19.4,-40.0,0.0,0.0,0.0,0.0,0.0,13.0
2026-07-20 21:13:05.453,,,,,,28.09,929.6,19.0,-40.0,0.0,0.0,0.0,0.0,0.0,13.0
2026-07-20 21:13:05.653,,,,,,28.09,929.6,19.0,-40.0,0.0,0.0,0.0,0.0,0.0,13.0
2026-07-20 21:13:05.900,,,,,,28.09,929.5,18.9,-40.0,0.0,0.0,0.0,0.0,0.0,14.0
2026-07-20 21:13:06.068,,,,,,28.09,929.5,18.9,-40.0,0.0,0.0,0.0,0.0,0.0,14.0
2026-07-20 21:13:06.252,,,,,,28.09,929.5,18.9,-40.0,0.0,0.0,0.0,0.0,0.0,14.0
2026-07-20 21:13:06.453,,,,,,28.07,929.6,19.1,-40.0,0.0,0.0,0.0,0.0,0.0,14.0
2026-07-20 21:13:06.653,,,,,,28.07,929.6,19.1,-40.0,0.0,0.0,0.0,0.0,0.0,14.0
2026-07-20 21:13:06.901,,,,,,28.07,929.6,19.3,-40.0,0.0,0.0,0.0,0.0,0.0,15.0
2026-07-20 21:13:07.053,,,,,,28.07,929.6,19.3,-40.0,0.0,0.0,0.0,0.0,0.0,15.0
2026-07-20 21:13:07.252,,,,,,28.07,929.6,19.3,-40.0,0.0,0.0,0.0,0.0,0.0,15.0
2026-07-20 21:13:07.453,,,,,,28.07,929.6,18.5,-40.0,0.0,0.0,0.0,0.0,0.0,15.0
2026-07-20 21:13:07.652,,,,,,28.07,929.6,18.5,-40.0,0.0,0.0,0.0,0.0,0.0,15.0
2026-07-20 21:13:07.901,,,,,,28.07,929.6,19.2,-40.0,0.0,0.0,0.0,0.0,0.0,16.0
2026-07-20 21:13:08.077,,,,,,28.07,929.6,19.2,-40.0,0.0,0.0,0.0,0.0,0.0,16.0
2026-07-20 21:13:08.252,,,,,,28.07,929.6,19.2,-40.0,0.0,0.0,0.0,0.0,0.0,16.0
2026-07-20 21:13:08.452,,,,,,28.09,929.6,19.1,-40.0,0.0,0.0,0.0,0.0,0.0,16.0
2026-07-20 21:13:08.654,,,,,,28.09,929.6,19.1,-40.0,0.0,0.0,0.0,0.0,0.0,16.0
2026-07-20 21:13:08.901,,,,,,28.07,929.6,18.7,-40.0,0.0,0.0,0.0,0.0,0.0,17.0
2026-07-20 21:13:09.052,,,,,,28.07,929.6,18.7,-40.0,0.0,0.0,0.0,0.0,0.0,17.0
2026-07-20 21:13:09.253,,,,,,28.07,929.6,18.7,-40.0,0.0,0.0,0.0,0.0,0.0,17.0
2026-07-20 21:13:09.486,,,,,,28.07,929.6,19.0,-40.0,0.0,0.0,0.0,0.0,0.0,17.0
2026-07-20 21:13:09.653,,,,,,28.07,929.6,19.0,-40.0,0.0,0.0,0.0,0.0,0.0,17.0
2026-07-20 21:13:09.900,,,,,,28.07,929.6,18.8,-40.0,0.0,0.0,0.0,0.0,0.0,18.0
2026-07-20 21:13:10.084,,,,,,28.07,929.6,18.8,-40.0,0.0,0.0,0.0,0.0,0.0,18.0
2026-07-20 21:13:10.253,,,,,,28.07,929.6,18.8,-40.0,0.0,0.0,0.0,0.0,0.0,18.0
2026-07-20 21:13:10.453,,,,,,28.07,929.6,19.3,-40.0,0.0,0.0,0.0,0.0,0.0,18.0
2026-07-20 21:13:10.685,,,,,,28.07,929.6,19.3,-40.0,0.0,0.0,0.0,0.0,0.0,18.0
2026-07-20 21:13:10.900,,,,,,28.07,929.6,19.5,-40.0,0.0,0.0,0.0,0.0,0.0,19.0
2026-07-20 21:13:11.053,,,,,,28.07,929.6,19.5,-40.0,0.0,0.0,0.0,0.0,0.0,19.0
2026-07-20 21:13:11.271,,,,,,28.07,929.6,19.5,-40.0,0.0,0.0,0.0,0.0,0.0,19.0
2026-07-20 21:13:11.453,,,,,,28.07,929.6,18.2,-40.0,0.0,0.0,0.0,0.0,0.0,19.0
2026-07-20 21:13:11.653,,,,,,28.07,929.6,18.2,-40.0,0.0,0.0,0.0,0.0,0.0,19.0
2026-07-20 21:13:11.901,,,,,,28.07,929.6,19.2,-40.0,0.0,0.0,0.0,0.0,0.0,20.0
2026-07-20 21:13:12.052,,,,,,28.07,929.6,19.2,-40.0,0.0,0.0,0.0,0.0,0.0,20.0
2026-07-20 21:13:12.253,,,,,,28.07,929.6,19.2,-40.0,0.0,0.0,0.0,0.0,0.0,20.0
2026-07-20 21:13:12.462,,,,,,28.07,929.6,18.8,-40.0,0.0,0.0,0.0,0.0,0.0,20.0
2026-07-20 21:13:12.653,,,,,,28.07,929.6,18.8,-40.0,0.0,0.0,0.0,0.0,0.0,20.0
2026-07-20 21:13:12.902,,,,,,28.07,929.6,19.3,-40.0,0.0,0.0,0.0,0.0,0.0,21.0
2026-07-20 21:13:13.075,,,,,,28.07,929.6,19.3,-40.0,0.0,0.0,0.0,0.0,0.0,21.0
2026-07-20 21:13:13.253,,,,,,28.07,929.6,19.3,-40.0,0.0,0.0,0.0,0.0,0.0,21.0
2026-07-20 21:13:13.453,,,,,,28.09,929.6,19.4,-40.0,0.0,0.0,0.0,0.0,0.0,21.0
2026-07-20 21:13:13.692,,,,,,28.09,929.6,19.4,-40.0,0.0,0.0,0.0,0.0,0.0,21.0
2026-07-20 21:13:13.901,,,,,,28.07,929.6,18.4,-40.0,0.0,0.0,0.0,0.0,0.0,22.0
2026-07-20 21:13:14.053,,,,,,28.07,929.6,18.4,-40.0,0.0,0.0,0.0,0.0,0.0,22.0
2026-07-20 21:13:14.256,,,,,,28.07,929.6,18.4,-40.0,0.0,0.0,0.0,0.0,0.0,22.0
2026-07-20 21:13:14.453,,,,,,28.07,929.6,18.6,-40.0,0.0,0.0,0.0,0.0,0.0,22.0
2026-07-20 21:13:14.656,,,,,,28.07,929.6,18.6,-40.0,0.0,0.0,0.0,0.0,0.0,22.0
2026-07-20 21:13:14.901,,,,,,28.07,929.6,19.1,-40.0,0.0,0.0,0.0,0.0,0.0,23.0
2026-07-20 21:13:15.067,,,,,,28.07,929.6,19.1,-40.0,0.0,0.0,0.0,0.0,0.0,23.0
2026-07-20 21:13:15.252,,,,,,28.07,929.6,19.1,-40.0,0.0,0.0,0.0,0.0,0.0,23.0
2026-07-20 21:13:15.453,,,,,,28.07,929.6,19.0,-40.0,0.0,0.0,0.0,0.0,0.0,23.0
2026-07-20 21:13:15.653,,,,,,28.07,929.6,19.0,-40.0,0.0,0.0,0.0,0.0,0.0,23.0
2026-07-20 21:13:15.900,,,,,,28.07,929.7,19.0,-40.0,0.0,0.0,0.0,0.0,0.0,24.0
2026-07-20 21:13:16.073,,,,,,28.07,929.7,19.0,-40.0,0.0,0.0,0.0,0.0,0.0,24.0
2026-07-20 21:13:16.254,,,,,,28.07,929.7,19.0,-40.0,0.0,0.0,0.0,0.0,0.0,24.0
2026-07-20 21:13:16.453,,,,,,28.09,929.6,19.1,-40.0,0.0,0.0,0.0,0.0,0.0,24.0
2026-07-20 21:13:16.660,,,,,,28.09,929.6,19.1,-40.0,0.0,0.0,0.0,0.0,0.0,24.0
2026-07-20 21:13:16.900,,,,,,28.06,929.6,18.9,-40.0,0.0,0.0,0.0,0.0,0.0,25.0
2026-07-20 21:13:17.078,,,,,,28.06,929.6,18.9,-40.0,0.0,0.0,0.0,0.0,0.0,25.0
2026-07-20 21:13:17.253,,,,,,28.06,929.6,18.9,-40.0,0.0,0.0,0.0,0.0,0.0,25.0
2026-07-20 21:13:17.453,,,,,,28.07,929.6,19.4,-40.0,0.0,0.0,0.0,0.0,0.0,25.0
2026-07-20 21:13:17.653,,,,,,28.07,929.6,19.4,-40.0,0.0,0.0,0.0,0.0,0.0,25.0
2026-07-20 21:13:17.901,,,,,,28.06,929.6,18.9,-40.0,0.0,0.0,0.0,0.0,0.0,26.0
2026-07-20 21:13:18.085,,,,,,28.06,929.6,18.9,-40.0,0.0,0.0,0.0,0.0,0.0,26.0
2026-07-20 21:13:18.252,,,,,,28.06,929.6,18.9,-40.0,0.0,0.0,0.0,0.0,0.0,26.0
2026-07-20 21:13:18.453,,,,,,28.07,929.6,19.1,-40.0,0.0,0.0,0.0,0.0,0.0,26.0
2026-07-20 21:13:18.653,,,,,,28.07,929.6,19.1,-40.0,0.0,0.0,0.0,0.0,0.0,26.0
2026-07-20 21:13:18.901,,,,,,28.07,929.6,19.0,-40.0,0.0,0.0,0.0,0.0,0.0,27.0
2026-07-20 21:13:19.075,,,,,,28.07,929.6,19.0,-40.0,0.0,0.0,0.0,0.0,0.0,27.0
2026-07-20 21:13:19.253,,,,,,28.07,929.6,19.0,-40.0,0.0,0.0,0.0,0.0,0.0,27.0
2026-07-20 21:13:19.454,,,,,,28.07,929.6,19.3,-40.0,0.0,0.0,0.0,0.0,0.0,27.0
2026-07-20 21:13:19.653,,,,,,28.07,929.6,19.3,-40.0,0.0,0.0,0.0,0.0,0.0,27.0
2026-07-20 21:13:19.901,,,,,,28.07,929.6,19.5,-40.0,0.0,0.0,0.0,0.0,0.0,28.0
2026-07-20 21:13:20.073,,,,,,28.07,929.6,19.5,-40.0,0.0,0.0,0.0,0.0,0.0,28.0
2026-07-20 21:13:20.253,,,,,,28.07,929.6,19.5,-40.0,0.0,0.0,0.0,0.0,0.0,28.0
2026-07-20 21:13:20.453,,,,,,28.07,929.6,19.5,-40.0,0.0,0.0,0.0,0.0,0.0,28.0
2026-07-20 21:13:20.653,,,,,,28.07,929.6,19.5,-40.0,0.0,0.0,0.0,0.0,0.0,28.0
2026-07-20 21:13:20.901,,,,,,28.06,929.6,19.0,-40.0,0.0,0.0,0.0,0.0,0.0,29.0
2026-07-20 21:13:21.084,,,,,,28.06,929.6,19.0,-40.0,0.0,0.0,0.0,0.0,0.0,29.0
2026-07-20 21:13:21.252,,,,,,28.06,929.6,19.0,-40.0,0.0,0.0,0.0,0.0,0.0,29.0
2026-07-20 21:13:21.453,,,,,,28.07,929.6,19.5,-40.0,0.0,0.0,0.0,0.0,0.0,29.0
2026-07-20 21:13:21.654,,,,,,28.07,929.6,19.5,-40.0,0.0,0.0,0.0,0.0,0.0,29.0
2026-07-20 21:13:21.901,,,,,,28.07,929.6,19.0,-40.0,0.0,0.0,0.0,0.0,0.0,30.0
2026-07-20 21:13:22.052,,,,,,28.07,929.6,19.0,-40.0,0.0,0.0,0.0,0.0,0.0,30.0
2026-07-20 21:13:22.253,,,,,,28.07,929.6,19.0,-40.0,0.0,0.0,0.0,0.0,0.0,30.0
2026-07-20 21:13:22.452,,,,,,28.07,929.5,19.3,-40.0,0.0,0.0,0.0,0.0,0.0,30.0
2026-07-20 21:13:22.653,,,,,,28.07,929.5,19.3,-40.0,0.0,0.0,0.0,0.0,0.0,30.0
2026-07-20 21:13:22.901,,,,,,28.07,929.7,19.0,-40.0,0.0,0.0,0.0,0.0,0.0,31.0
2026-07-20 21:13:23.053,,,,,,28.07,929.7,19.0,-40.0,0.0,0.0,0.0,0.0,0.0,31.0
2026-07-20 21:13:23.253,,,,,,28.07,929.7,19.0,-40.0,0.0,0.0,0.0,0.0,0.0,31.0
2026-07-20 21:13:23.453,,,,,,28.06,929.6,19.0,-40.0,0.0,0.0,0.0,0.0,0.0,31.0
2026-07-20 21:13:23.653,,,,,,28.06,929.6,19.0,-40.0,0.0,0.0,0.0,0.0,0.0,31.0
2026-07-20 21:13:23.900,,,,,,28.06,929.6,19.4,-40.0,0.0,0.0,0.0,0.0,0.0,32.0
2026-07-20 21:13:24.074,,,,,,28.06,929.6,19.4,-40.0,0.0,0.0,0.0,0.0,0.0,32.0
2026-07-20 21:13:24.252,,,,,,28.06,929.6,19.4,-40.0,0.0,0.0,0.0,0.0,0.0,32.0
2026-07-20 21:13:24.453,,,,,,28.07,929.6,18.7,-40.0,0.0,0.0,0.0,0.0,0.0,32.0
2026-07-20 21:13:24.652,,,,,,28.07,929.6,18.7,-40.0,0.0,0.0,0.0,0.0,0.0,32.0
2026-07-20 21:13:24.901,,,,,,28.07,929.6,19.4,-40.0,0.0,0.0,0.0,0.0,0.0,33.0
2026-07-20 21:13:25.083,,,,,,28.07,929.6,19.4,-40.0,0.0,0.0,0.0,0.0,0.0,33.0
2026-07-20 21:13:25.252,,,,,,28.07,929.6,19.4,-40.0,0.0,0.0,0.0,0.0,0.0,33.0
2026-07-20 21:13:25.453,,,,,,28.06,929.6,19.3,-40.0,0.0,0.0,0.0,0.0,0.0,33.0
2026-07-20 21:13:25.653,,,,,,28.06,929.6,19.3,-40.0,0.0,0.0,0.0,0.0,0.0,33.0
2026-07-20 21:13:25.901,,,,,,28.06,929.6,18.7,-40.0,0.0,0.0,0.0,0.0,0.0,34.0
2026-07-20 21:13:26.081,,,,,,28.06,929.6,18.7,-40.0,0.0,0.0,0.0,0.0,0.0,34.0
2026-07-20 21:13:26.252,,,,,,28.06,929.6,18.7,-40.0,0.0,0.0,0.0,0.0,0.0,34.0
2026-07-20 21:13:26.453,,,,,,28.07,929.7,18.8,-40.0,0.0,0.0,0.0,0.0,0.0,34.0
2026-07-20 21:13:26.652,,,,,,28.07,929.7,18.8,-40.0,0.0,0.0,0.0,0.0,0.0,34.0
2026-07-20 21:13:26.901,,,,,,28.07,929.6,19.3,-40.0,0.0,0.0,0.0,0.0,0.0,35.0
2026-07-20 21:13:27.055,,,,,,28.07,929.6,19.3,-40.0,0.0,0.0,0.0,0.0,0.0,35.0
2026-07-20 21:13:27.253,,,,,,28.07,929.6,19.3,-40.0,0.0,0.0,0.0,0.0,0.0,35.0
2026-07-20 21:13:27.453,,,,,,28.07,929.6,19.0,-40.0,0.0,0.0,0.0,0.0,0.0,35.0
2026-07-20 21:13:27.652,,,,,,28.07,929.6,19.0,-40.0,0.0,0.0,0.0,0.0,0.0,35.0
2026-07-20 21:13:27.901,,,,,,28.07,929.6,19.0,-40.0,0.0,0.0,0.0,0.0,0.0,36.0
2026-07-20 21:13:28.081,,,,,,28.07,929.6,19.0,-40.0,0.0,0.0,0.0,0.0,0.0,36.0
2026-07-20 21:13:28.253,,,,,,28.07,929.6,19.0,-40.0,0.0,0.0,0.0,0.0,0.0,36.0
2026-07-20 21:13:28.453,,,,,,28.07,929.6,19.0,-40.0,0.0,0.0,0.0,0.0,0.0,36.0
2026-07-20 21:13:28.652,,,,,,28.07,929.6,19.0,-40.0,0.0,0.0,0.0,0.0,0.0,36.0
2026-07-20 21:13:28.900,,,,,,28.06,929.6,19.1,-40.0,0.0,0.0,0.0,0.0,0.0,37.0
2026-07-20 21:13:29.089,,,,,,28.06,929.6,19.1,-40.0,0.0,0.0,0.0,0.0,0.0,37.0
2026-07-20 21:13:29.252,,,,,,28.06,929.6,19.1,-40.0,0.0,0.0,0.0,0.0,0.0,37.0
2026-07-20 21:13:29.453,,,,,,28.06,929.6,19.2,-40.0,0.0,0.0,0.0,0.0,0.0,37.0
2026-07-20 21:13:29.652,,,,,,28.06,929.6,19.2,-40.0,0.0,0.0,0.0,0.0,0.0,37.0
2026-07-20 21:13:29.900,,,,,,28.07,929.6,19.0,-40.0,0.0,0.0,0.0,0.0,0.0,38.0
2026-07-20 21:13:30.084,,,,,,28.07,929.6,19.0,-40.0,0.0,0.0,0.0,0.0,0.0,38.0
2026-07-20 21:13:30.252,,,,,,28.07,929.6,19.0,-40.0,0.0,0.0,0.0,0.0,0.0,38.0
2026-07-20 21:13:30.453,,,,,,28.07,929.6,19.0,-40.0,0.0,0.0,0.0,0.0,0.0,38.0
2026-07-20 21:13:30.653,,,,,,28.07,929.6,19.0,-40.0,0.0,0.0,0.0,0.0,0.0,38.0
2026-07-20 21:13:30.901,,,,,,28.07,929.6,18.8,-40.0,0.0,0.0,0.0,0.0,0.0,39.0
2026-07-20 21:13:31.084,,,,,,28.07,929.6,18.8,-40.0,0.0,0.0,0.0,0.0,0.0,39.0
2026-07-20 21:13:31.252,,,,,,28.07,929.6,18.8,-40.0,0.0,0.0,0.0,0.0,0.0,39.0
2026-07-20 21:13:31.453,,,,,,28.06,929.6,19.3,-40.0,0.0,0.0,0.0,0.0,0.0,39.0
2026-07-20 21:13:31.652,,,,,,28.06,929.6,19.3,-40.0,0.0,0.0,0.0,0.0,0.0,39.0
2026-07-20 21:13:31.901,,,,,,28.07,929.6,19.5,-40.0,0.0,0.0,0.0,0.0,0.0,40.0
2026-07-20 21:13:32.052,,,,,,28.07,929.6,19.5,-40.0,0.0,0.0,0.0,0.0,0.0,40.0
2026-07-20 21:13:32.252,,,,,,28.07,929.6,19.5,-40.0,0.0,0.0,0.0,0.0,0.0,40.0
2026-07-20 21:13:32.452,,,,,,28.07,929.6,18.8,-40.0,0.0,0.0,0.0,0.0,0.0,40.0
2026-07-20 21:13:32.655,,,,,,28.07,929.6,18.8,-40.0,0.0,0.0,0.0,0.0,0.0,40.0
2026-07-20 21:13:32.901,,,,,,28.06,929.6,19.1,-40.0,0.0,0.0,0.0,0.0,0.0,41.0
2026-07-20 21:13:33.071,,,,,,28.06,929.6,19.1,-40.0,0.0,0.0,0.0,0.0,0.0,41.0
2026-07-20 21:13:33.253,,,,,,28.06,929.6,19.1,-40.0,0.0,0.0,0.0,0.0,0.0,41.0
2026-07-20 21:13:33.472,,,,,,28.06,929.6,19.5,-40.0,0.0,0.0,0.0,0.0,0.0,41.0
2026-07-20 21:13:33.653,,,,,,28.06,929.6,19.5,-40.0,0.0,0.0,0.0,0.0,0.0,41.0
2026-07-20 21:13:33.900,,,,,,28.06,929.6,19.4,-40.0,0.0,0.0,0.0,0.0,0.0,42.0
2026-07-20 21:13:34.051,,,,,,28.06,929.6,19.4,-40.0,0.0,0.0,0.0,0.0,0.0,42.0
2026-07-20 21:13:34.253,,,,,,28.06,929.6,19.4,-40.0,0.0,0.0,0.0,0.0,0.0,42.0
2026-07-20 21:13:34.452,,,,,,28.06,929.6,19.0,-40.0,0.0,0.0,0.0,0.0,0.0,42.0
2026-07-20 21:13:34.654,,,,,,28.06,929.6,19.0,-40.0,0.0,0.0,0.0,0.0,0.0,42.0
2026-07-20 21:13:34.900,,,,,,28.06,929.6,18.6,-40.0,0.0,0.0,0.0,0.0,0.0,43.0
2026-07-20 21:13:35.088,,,,,,28.06,929.6,18.6,-40.0,0.0,0.0,0.0,0.0,0.0,43.0
2026-07-20 21:13:35.252,,,,,,28.06,929.6,18.6,-40.0,0.0,0.0,0.0,0.0,0.0,43.0
2026-07-20 21:13:35.453,,,,,,28.06,929.6,19.4,-40.0,0.0,0.0,0.0,0.0,0.0,43.0
2026-07-20 21:13:35.652,,,,,,28.06,929.6,19.4,-40.0,0.0,0.0,0.0,0.0,0.0,43.0
2026-07-20 21:13:35.901,,,,,,28.06,929.6,19.2,-40.0,0.0,0.0,0.0,0.0,0.0,44.0
2026-07-20 21:13:36.087,,,,,,28.06,929.6,19.2,-40.0,0.0,0.0,0.0,0.0,0.0,44.0
2026-07-20 21:13:36.252,,,,,,28.06,929.6,19.2,-40.0,0.0,0.0,0.0,0.0,0.0,44.0
2026-07-20 21:13:36.452,,,,,,28.06,929.6,18.5,-40.0,0.0,0.0,0.0,0.0,0.0,44.0
2026-07-20 21:13:36.652,,,,,,28.06,929.6,18.5,-40.0,0.0,0.0,0.0,0.0,0.0,44.0
2026-07-20 21:13:36.901,,,,,,28.07,929.7,18.9,-40.0,0.0,0.0,0.0,0.0,0.0,45.0
2026-07-20 21:13:37.075,,,,,,28.07,929.7,18.9,-40.0,0.0,0.0,0.0,0.0,0.0,45.0
2026-07-20 21:13:37.252,,,,,,28.07,929.7,18.9,-40.0,0.0,0.0,0.0,0.0,0.0,45.0
2026-07-20 21:13:37.485,,,,,,28.07,929.6,18.9,-40.0,0.0,0.0,0.0,0.0,0.0,45.0
2026-07-20 21:13:37.652,,,,,,28.07,929.6,18.9,-40.0,0.0,0.0,0.0,0.0,0.0,45.0
2026-07-20 21:13:37.900,,,,,,28.06,929.7,19.4,-40.0,0.0,0.0,0.0,0.0,0.0,46.0
2026-07-20 21:13:38.076,,,,,,28.06,929.7,19.4,-40.0,0.0,0.0,0.0,0.0,0.0,46.0
2026-07-20 21:13:38.252,,,,,,28.06,929.7,19.4,-40.0,0.0,0.0,0.0,0.0,0.0,46.0
2026-07-20 21:13:38.453,,,,,,28.07,929.6,19.5,-40.0,0.0,0.0,0.0,0.0,0.0,46.0
2026-07-20 21:13:38.666,,,,,,28.07,929.6,19.5,-40.0,0.0,0.0,0.0,0.0,0.0,46.0
2026-07-20 21:13:38.900,,,,,,28.06,929.6,18.5,-40.0,0.0,0.0,0.0,0.0,0.0,47.0
2026-07-20 21:13:39.079,,,,,,28.06,929.6,18.5,-40.0,0.0,0.0,0.0,0.0,0.0,47.0
2026-07-20 21:13:39.252,,,,,,28.06,929.6,18.5,-40.0,0.0,0.0,0.0,0.0,0.0,47.0
2026-07-20 21:13:39.455,,,,,,28.06,929.6,19.2,-40.0,0.0,0.0,0.0,0.0,0.0,47.0
2026-07-20 21:13:39.659,,,,,,28.06,929.6,19.2,-40.0,0.0,0.0,0.0,0.0,0.0,47.0
2026-07-20 21:13:39.900,,,,,,28.06,929.6,19.2,-40.0,0.0,0.0,0.0,0.0,0.0,48.0
2026-07-20 21:13:40.082,,,,,,28.06,929.6,19.2,-40.0,0.0,0.0,0.0,0.0,0.0,48.0
2026-07-20 21:13:40.253,,,,,,28.06,929.6,19.2,-40.0,0.0,0.0,0.0,0.0,0.0,48.0
2026-07-20 21:13:40.452,,,,,,28.06,929.6,19.1,-40.0,0.0,0.0,0.0,0.0,0.0,48.0
2026-07-20 21:13:40.651,,,,,,28.06,929.6,19.1,-40.0,0.0,0.0,0.0,0.0,0.0,48.0
2026-07-20 21:13:40.901,,,,,,28.06,929.6,19.2,-40.0,0.0,0.0,0.0,0.0,0.0,49.0
2026-07-20 21:13:41.077,,,,,,28.06,929.6,19.2,-40.0,0.0,0.0,0.0,0.0,0.0,49.0
2026-07-20 21:13:41.253,,,,,,28.06,929.6,19.2,-40.0,0.0,0.0,0.0,0.0,0.0,49.0
2026-07-20 21:13:41.453,,,,,,28.07,929.7,19.5,-40.0,0.0,0.0,0.0,0.0,0.0,49.0
2026-07-20 21:13:41.653,,,,,,28.07,929.7,19.5,-40.0,0.0,0.0,0.0,0.0,0.0,49.0
2026-07-20 21:13:41.900,,,,,,28.06,929.7,18.9,-40.0,0.0,0.0,0.0,0.0,0.0,50.0
2026-07-20 21:13:42.077,,,,,,28.06,929.7,18.9,-40.0,0.0,0.0,0.0,0.0,0.0,50.0
2026-07-20 21:13:42.252,,,,,,28.06,929.7,18.9,-40.0,0.0,0.0,0.0,0.0,0.0,50.0
2026-07-20 21:13:42.452,,,,,,28.06,929.6,19.5,-40.0,0.0,0.0,0.0,0.0,0.0,50.0
2026-07-20 21:13:42.651,,,,,,28.06,929.6,19.5,-40.0,0.0,0.0,0.0,0.0,0.0,50.0
2026-07-20 21:13:42.901,,,,,,28.06,929.6,19.4,-40.0,0.0,0.0,0.0,0.0,0.0,51.0
2026-07-20 21:13:43.052,,,,,,28.06,929.6,19.4,-40.0,0.0,0.0,0.0,0.0,0.0,51.0
2026-07-20 21:13:43.252,,,,,,28.06,929.6,19.4,-40.0,0.0,0.0,0.0,0.0,0.0,51.0
2026-07-20 21:13:43.452,,,,,,28.06,929.7,18.5,-40.0,0.0,0.0,0.0,0.0,0.0,51.0
2026-07-20 21:13:43.652,,,,,,28.06,929.7,18.5,-40.0,0.0,0.0,0.0,0.0,0.0,51.0
2026-07-20 21:13:43.900,,,,,,28.06,929.6,19.3,-40.0,0.0,0.0,0.0,0.0,0.0,52.0
2026-07-20 21:13:44.073,,,,,,28.06,929.6,19.3,-40.0,0.0,0.0,0.0,0.0,0.0,52.0
2026-07-20 21:13:44.252,,,,,,28.06,929.6,19.3,-40.0,0.0,0.0,0.0,0.0,0.0,52.0
2026-07-20 21:13:44.452,,,,,,28.07,929.7,19.6,-40.0,0.0,0.0,0.0,0.0,0.0,52.0
2026-07-20 21:13:44.652,,,,,,28.07,929.7,19.6,-40.0,0.0,0.0,0.0,0.0,0.0,52.0
2026-07-20 21:13:44.902,,,,,,28.06,929.6,19.2,-40.0,0.0,0.0,0.0,0.0,0.0,53.0
2026-07-20 21:13:45.052,,,,,,28.06,929.6,19.2,-40.0,0.0,0.0,0.0,0.0,0.0,53.0
2026-07-20 21:13:45.252,,,,,,28.06,929.6,19.2,-40.0,0.0,0.0,0.0,0.0,0.0,53.0
2026-07-20 21:13:45.453,,,,,,28.05,929.6,19.3,-40.0,0.0,0.0,0.0,0.0,0.0,53.0
2026-07-20 21:13:45.653,,,,,,28.05,929.6,19.3,-40.0,0.0,0.0,0.0,0.0,0.0,53.0
2026-07-20 21:13:45.900,,,,,,28.06,929.6,19.0,-40.0,0.0,0.0,0.0,0.0,0.0,54.0
2026-07-20 21:13:46.051,,,,,,28.06,929.6,19.0,-40.0,0.0,0.0,0.0,0.0,0.0,54.0
2026-07-20 21:13:46.252,,,,,,28.06,929.6,19.0,-40.0,0.0,0.0,0.0,0.0,0.0,54.0
2026-07-20 21:13:46.453,,,,,,28.06,929.6,19.2,-40.0,0.0,0.0,0.0,0.0,0.0,54.0
2026-07-20 21:13:46.667,,,,,,28.06,929.6,19.2,-40.0,0.0,0.0,0.0,0.0,0.0,54.0
2026-07-20 21:13:46.901,,,,,,28.06,929.6,19.4,-40.0,0.0,0.0,0.0,0.0,0.0,55.0
2026-07-20 21:13:47.071,,,,,,28.06,929.6,19.4,-40.0,0.0,0.0,0.0,0.0,0.0,55.0
2026-07-20 21:13:47.252,,,,,,28.06,929.6,19.4,-40.0,0.0,0.0,0.0,0.0,0.0,55.0
2026-07-20 21:13:47.452,,,,,,28.06,929.7,19.2,-40.0,0.0,0.0,0.0,0.0,0.0,55.0
2026-07-20 21:13:47.652,,,,,,28.06,929.7,19.2,-40.0,0.0,0.0,0.0,0.0,0.0,55.0
2026-07-20 21:13:47.900,,,,,,28.06,929.6,19.1,-40.0,0.0,0.0,0.0,0.0,0.0,56.0
2026-07-20 21:13:48.056,,,,,,28.06,929.6,19.1,-40.0,0.0,0.0,0.0,0.0,0.0,56.0
2026-07-20 21:13:48.252,,,,,,28.06,929.6,19.1,-40.0,0.0,0.0,0.0,0.0,0.0,56.0
2026-07-20 21:13:48.452,,,,,,28.07,929.7,19.0,-40.0,0.0,0.0,0.0,0.0,0.0,56.0
2026-07-20 21:13:48.674,,,,,,28.07,929.7,19.0,-40.0,0.0,0.0,0.0,0.0,0.0,56.0
2026-07-20 21:13:48.899,,,,,,28.06,929.7,19.3,-40.0,0.0,0.0,0.0,0.0,0.0,57.0
2026-07-20 21:13:49.052,,,,,,28.06,929.7,19.3,-40.0,0.0,0.0,0.0,0.0,0.0,57.0
2026-07-20 21:13:49.261,,,,,,28.06,929.7,19.3,-40.0,0.0,0.0,0.0,0.0,0.0,57.0
2026-07-20 21:13:49.452,,,,,,28.06,929.6,19.6,-40.0,0.0,0.0,0.0,0.0,0.0,57.0
2026-07-20 21:13:49.652,,,,,,28.06,929.6,19.6,-40.0,0.0,0.0,0.0,0.0,0.0,57.0
2026-07-20 21:13:49.900,,,,,,28.05,929.6,19.1,-40.0,0.0,0.0,0.0,0.0,0.0,58.0
2026-07-20 21:13:50.052,,,,,,28.05,929.6,19.1,-40.0,0.0,0.0,0.0,0.0,0.0,58.0
2026-07-20 21:13:50.260,,,,,,28.05,929.6,19.1,-40.0,0.0,0.0,0.0,0.0,0.0,58.0
2026-07-20 21:13:50.452,,,,,,28.06,929.6,19.0,-40.0,0.0,0.0,0.0,0.0,0.0,58.0
2026-07-20 21:13:50.651,,,,,,28.06,929.6,19.0,-40.0,0.0,0.0,0.0,0.0,0.0,58.0
2026-07-20 21:13:50.900,,,,,,28.07,929.7,19.0,-40.0,0.0,0.0,0.0,0.0,0.0,59.0
2026-07-20 21:13:51.052,,,,,,28.07,929.7,19.0,-40.0,0.0,0.0,0.0,0.0,0.0,59.0
2026-07-20 21:13:51.257,,,,,,28.07,929.7,19.0,-40.0,0.0,0.0,0.0,0.0,0.0,59.0
2026-07-20 21:13:51.452,,,,,,28.05,929.6,19.1,-40.0,0.0,0.0,0.0,0.0,0.0,59.0
2026-07-20 21:13:51.652,,,,,,28.05,929.6,19.1,-40.0,0.0,0.0,0.0,0.0,0.0,59.0
2026-07-20 21:13:51.901,,,,,,28.06,929.6,18.9,-40.0,0.0,0.0,0.0,0.0,0.0,60.0
2026-07-20 21:13:52.052,,,,,,28.06,929.6,18.9,-40.0,0.0,0.0,0.0,0.0,0.0,60.0
2026-07-20 21:13:52.251,,,,,,28.06,929.6,18.9,-40.0,0.0,0.0,0.0,0.0,0.0,60.0
2026-07-20 21:13:52.452,,,,,,28.06,929.6,19.2,-40.0,0.0,0.0,0.0,0.0,0.0,60.0
2026-07-20 21:13:52.651,,,,,,28.06,929.6,19.2,-40.0,0.0,0.0,0.0,0.0,0.0,60.0
2026-07-20 21:13:52.900,,,,,,28.06,929.6,19.0,-40.0,0.0,0.0,0.0,0.0,0.0,61.0
2026-07-20 21:13:53.051,,,,,,28.06,929.6,19.0,-40.0,0.0,0.0,0.0,0.0,0.0,61.0
2026-07-20 21:13:53.252,,,,,,28.06,929.6,19.0,-40.0,0.0,0.0,0.0,0.0,0.0,61.0
2026-07-20 21:13:53.452,,,,,,28.06,929.6,18.9,-40.0,0.0,0.0,0.0,0.0,0.0,61.0
2026-07-20 21:13:53.651,,,,,,28.06,929.6,18.9,-40.0,0.0,0.0,0.0,0.0,0.0,61.0
2026-07-20 21:13:53.900,,,,,,28.05,929.6,19.3,-40.0,0.0,0.0,0.0,0.0,0.0,62.0
2026-07-20 21:13:54.052,,,,,,28.05,929.6,19.3,-40.0,0.0,0.0,0.0,0.0,0.0,62.0
2026-07-20 21:13:54.251,,,,,,28.05,929.6,19.3,-40.0,0.0,0.0,0.0,0.0,0.0,62.0
2026-07-20 21:13:54.452,,,,,,28.06,929.6,19.0,-40.0,0.0,0.0,0.0,0.0,0.0,62.0
2026-07-20 21:13:54.651,,,,,,28.06,929.6,19.0,-40.0,0.0,0.0,0.0,0.0,0.0,62.0
2026-07-20 21:13:54.899,,,,,,28.05,929.7,18.7,-40.0,0.0,0.0,0.0,0.0,0.0,63.0
2026-07-20 21:13:55.051,,,,,,28.05,929.7,18.7,-40.0,0.0,0.0,0.0,0.0,0.0,63.0
2026-07-20 21:13:55.252,,,,,,28.05,929.7,18.7,-40.0,0.0,0.0,0.0,0.0,0.0,63.0
2026-07-20 21:13:55.452,,,,,,28.06,929.6,18.8,-40.0,0.0,0.0,0.0,0.0,0.0,63.0
2026-07-20 21:13:55.651,,,,,,28.06,929.6,18.8,-40.0,0.0,0.0,0.0,0.0,0.0,63.0
2026-07-20 21:13:55.900,,,,,,28.07,929.6,18.4,-40.0,0.0,0.0,0.0,0.0,0.0,64.0
2026-07-20 21:13:56.052,,,,,,28.07,929.6,18.4,-40.0,0.0,0.0,0.0,0.0,0.0,64.0
2026-07-20 21:13:56.255,,,,,,28.07,929.6,18.4,-40.0,0.0,0.0,0.0,0.0,0.0,64.0
2026-07-20 21:13:56.452,,,,,,28.06,929.7,19.0,-40.0,0.0,0.0,0.0,0.0,0.0,64.0
2026-07-20 21:13:56.651,,,,,,28.06,929.7,19.0,-40.0,0.0,0.0,0.0,0.0,0.0,64.0
2026-07-20 21:13:56.900,,,,,,28.06,929.6,19.0,-40.0,0.0,0.0,0.0,0.0,0.0,65.0
2026-07-20 21:13:57.051,,,,,,28.06,929.6,19.0,-40.0,0.0,0.0,0.0,0.0,0.0,65.0
2026-07-20 21:13:57.251,,,,,,28.06,929.6,19.0,-40.0,0.0,0.0,0.0,0.0,0.0,65.0
2026-07-20 21:13:57.452,,,,,,28.06,929.6,18.9,-40.0,0.0,0.0,0.0,0.0,0.0,65.0
2026-07-20 21:13:57.651,,,,,,28.06,929.6,18.9,-40.0,0.0,0.0,0.0,0.0,0.0,65.0
2026-07-20 21:13:57.900,,,,,,28.05,929.6,19.0,-40.0,0.0,0.0,0.0,0.0,0.0,66.0
2026-07-20 21:13:58.051,,,,,,28.05,929.6,19.0,-40.0,0.0,0.0,0.0,0.0,0.0,66.0
2026-07-20 21:13:58.252,,,,,,28.05,929.6,19.0,-40.0,0.0,0.0,0.0,0.0,0.0,66.0
2026-07-20 21:13:58.452,,,,,,28.05,929.6,18.8,-40.0,0.0,0.0,0.0,0.0,0.0,66.0
2026-07-20 21:13:58.651,,,,,,28.05,929.6,18.8,-40.0,0.0,0.0,0.0,0.0,0.0,66.0
2026-07-20 21:13:58.899,,,,,,28.06,929.7,19.0,-40.0,0.0,0.0,0.0,0.0,0.0,67.0
2026-07-20 21:13:59.052,,,,,,28.06,929.7,19.0,-40.0,0.0,0.0,0.0,0.0,0.0,67.0
2026-07-20 21:13:59.251,,,,,,28.06,929.7,19.0,-40.0,0.0,0.0,0.0,0.0,0.0,67.0
2026-07-20 21:13:59.452,,,,,,28.06,929.6,18.9,-40.0,0.0,0.0,0.0,0.0,0.0,67.0
2026-07-20 21:13:59.651,,,,,,28.06,929.6,18.9,-40.0,0.0,0.0,0.0,0.0,0.0,67.0
2026-07-20 21:13:59.900,,,,,,28.06,929.7,19.0,-40.0,0.0,0.0,0.0,0.0,0.0,68.0
2026-07-20 21:14:00.051,,,,,,28.06,929.7,19.0,-40.0,0.0,0.0,0.0,0.0,0.0,68.0
2026-07-20 21:14:00.252,,,,,,28.06,929.7,19.0,-40.0,0.0,0.0,0.0,0.0,0.0,68.0
2026-07-20 21:14:00.451,,,,,,28.06,929.6,18.8,-40.0,0.0,0.0,0.0,0.0,0.0,68.0
2026-07-20 21:14:00.651,,,,,,28.06,929.6,18.8,-40.0,0.0,0.0,0.0,0.0,0.0,68.0
2026-07-20 21:14:00.900,,,,,,28.07,929.6,19.2,-40.0,0.0,0.0,0.0,0.0,0.0,69.0
2026-07-20 21:14:01.051,,,,,,28.07,929.6,19.2,-40.0,0.0,0.0,0.0,0.0,0.0,69.0
2026-07-20 21:14:01.251,,,,,,28.07,929.6,19.2,-40.0,0.0,0.0,0.0,0.0,0.0,69.0
2026-07-20 21:14:01.452,,,,,,28.06,929.6,18.9,-40.0,0.0,0.0,0.0,0.0,0.0,69.0
2026-07-20 21:14:01.651,,,,,,28.06,929.6,18.9,-40.0,0.0,0.0,0.0,0.0,0.0,69.0
2026-07-20 21:14:01.900,,,,,,28.06,929.6,19.2,-40.0,0.0,0.0,0.0,0.0,0.0,70.0
2026-07-20 21:14:02.051,,,,,,28.06,929.6,19.2,-40.0,0.0,0.0,0.0,0.0,0.0,70.0
2026-07-20 21:14:02.251,,,,,,28.06,929.6,19.2,-40.0,0.0,0.0,0.0,0.0,0.0,70.0
2026-07-20 21:14:02.452,,,,,,28.06,929.5,19.3,-40.0,0.0,0.0,0.0,0.0,0.0,70.0
2026-07-20 21:14:02.652,,,,,,28.06,929.5,19.3,-40.0,0.0,0.0,0.0,0.0,0.0,70.0
2026-07-20 21:14:02.900,,,,,,28.06,929.6,19.5,-40.0,0.0,0.0,0.0,0.0,0.0,71.0
2026-07-20 21:14:03.051,,,,,,28.06,929.6,19.5,-40.0,0.0,0.0,0.0,0.0,0.0,71.0
2026-07-20 21:14:03.254,,,,,,28.06,929.6,19.5,-40.0,0.0,0.0,0.0,0.0,0.0,71.0
2026-07-20 21:14:03.452,,,,,,28.05,929.6,19.4,-40.0,0.0,0.0,0.0,0.0,0.0,71.0
2026-07-20 21:14:03.652,,,,,,28.05,929.6,19.4,-40.0,0.0,0.0,0.0,0.0,0.0,71.0
2026-07-20 21:14:03.900,,,,,,28.05,929.6,19.1,-40.0,0.0,0.0,0.0,0.0,0.0,72.0
2026-07-20 21:14:04.082,,,,,,28.05,929.6,19.1,-40.0,0.0,0.0,0.0,0.0,0.0,72.0
2026-07-20 21:14:04.251,,,,,,28.05,929.6,19.1,-40.0,0.0,0.0,0.0,0.0,0.0,72.0
2026-07-20 21:14:04.452,,,,,,28.06,929.6,18.9,-40.0,0.0,0.0,0.0,0.0,0.0,72.0
2026-07-20 21:14:04.652,,,,,,28.06,929.6,18.9,-40.0,0.0,0.0,0.0,0.0,0.0,72.0
2026-07-20 21:14:04.900,,,,,,28.06,929.6,18.9,-40.0,0.0,0.0,0.0,0.0,0.0,73.0
2026-07-20 21:14:05.052,,,,,,28.06,929.6,18.9,-40.0,0.0,0.0,0.0,0.0,0.0,73.0
2026-07-20 21:14:05.252,,,,,,28.06,929.6,18.9,-40.0,0.0,0.0,0.0,0.0,0.0,73.0
2026-07-20 21:14:05.452,,,,,,28.05,929.6,19.4,-40.0,0.0,0.0,0.0,0.0,0.0,73.0
2026-07-20 21:14:05.652,,,,,,28.05,929.6,19.4,-40.0,0.0,0.0,0.0,0.0,0.0,73.0
2026-07-20 21:14:05.899,,,,,,28.06,929.6,19.1,-40.0,0.0,0.0,0.0,0.0,0.0,74.0
2026-07-20 21:14:06.077,,,,,,28.06,929.6,19.1,-40.0,0.0,0.0,0.0,0.0,0.0,74.0
2026-07-20 21:14:06.252,,,,,,28.06,929.6,19.1,-40.0,0.0,0.0,0.0,0.0,0.0,74.0
2026-07-20 21:14:06.452,,,,,,28.05,929.6,19.0,-40.0,0.0,0.0,0.0,0.0,0.0,74.0
2026-07-20 21:14:06.683,,,,,,28.05,929.6,19.0,-40.0,0.0,0.0,0.0,0.0,0.0,74.0
2026-07-20 21:14:06.900,,,,,,28.06,929.6,18.8,-40.0,0.0,0.0,0.0,0.0,0.0,75.0
2026-07-20 21:14:07.088,,,,,,28.06,929.6,18.8,-40.0,0.0,0.0,0.0,0.0,0.0,75.0
2026-07-20 21:14:07.252,,,,,,28.06,929.6,18.8,-40.0,0.0,0.0,0.0,0.0,0.0,75.0
2026-07-20 21:14:07.452,,,,,,28.06,929.6,19.4,-40.0,0.0,0.0,0.0,0.0,0.0,75.0
2026-07-20 21:14:07.651,,,,,,28.06,929.6,19.4,-40.0,0.0,0.0,0.0,0.0,0.0,75.0
2026-07-20 21:14:07.900,,,,,,28.06,929.6,19.4,-40.0,0.0,0.0,0.0,0.0,0.0,76.0
2026-07-20 21:14:08.066,,,,,,28.06,929.6,19.4,-40.0,0.0,0.0,0.0,0.0,0.0,76.0
2026-07-20 21:14:08.251,,,,,,28.06,929.6,19.4,-40.0,0.0,0.0,0.0,0.0,0.0,76.0
2026-07-20 21:14:08.451,,,,,,28.06,929.6,18.9,-40.0,0.0,0.0,0.0,0.0,0.0,76.0
2026-07-20 21:14:08.651,,,,,,28.06,929.6,18.9,-40.0,0.0,0.0,0.0,0.0,0.0,76.0
2026-07-20 21:14:08.900,,,,,,28.06,929.6,18.8,-40.0,0.0,0.0,0.0,0.0,0.0,77.0
2026-07-20 21:14:09.074,,,,,,28.06,929.6,18.8,-40.0,0.0,0.0,0.0,0.0,0.0,77.0
2026-07-20 21:14:09.251,,,,,,28.06,929.6,18.8,-40.0,0.0,0.0,0.0,0.0,0.0,77.0
2026-07-20 21:14:09.451,,,,,,28.07,929.6,19.5,-40.0,0.0,0.0,0.0,0.0,0.0,77.0
2026-07-20 21:14:09.652,,,,,,28.07,929.6,19.5,-40.0,0.0,0.0,0.0,0.0,0.0,77.0
2026-07-20 21:14:09.900,,,,,,28.06,929.6,19.1,-40.0,0.0,0.0,0.0,0.0,0.0,78.0
2026-07-20 21:14:10.081,,,,,,28.06,929.6,19.1,-40.0,0.0,0.0,0.0,0.0,0.0,78.0
2026-07-20 21:14:10.251,,,,,,28.06,929.6,19.1,-40.0,0.0,0.0,0.0,0.0,0.0,78.0
2026-07-20 21:14:10.452,,,,,,28.05,929.6,19.5,-40.0,0.0,0.0,0.0,0.0,0.0,78.0
2026-07-20 21:14:10.651,,,,,,28.05,929.6,19.5,-40.0,0.0,0.0,0.0,0.0,0.0,78.0
2026-07-20 21:14:10.899,,,,,,28.06,929.6,19.1,-40.0,0.0,0.0,0.0,0.0,0.0,79.0
2026-07-20 21:14:11.051,,,,,,28.06,929.6,19.1,-40.0,0.0,0.0,0.0,0.0,0.0,79.0
2026-07-20 21:14:11.251,,,,,,28.06,929.6,19.1,-40.0,0.0,0.0,0.0,0.0,0.0,79.0
2026-07-20 21:14:11.451,,,,,,28.06,929.6,19.2,-40.0,0.0,0.0,0.0,0.0,0.0,79.0
2026-07-20 21:14:11.651,,,,,,28.06,929.6,19.2,-40.0,0.0,0.0,0.0,0.0,0.0,79.0
2026-07-20 21:14:11.899,,,,,,28.06,929.6,19.0,-40.0,0.0,0.0,0.0,0.0,0.0,80.0
2026-07-20 21:14:12.051,,,,,,28.06,929.6,19.0,-40.0,0.0,0.0,0.0,0.0,0.0,80.0
2026-07-20 21:14:12.251,,,,,,28.06,929.6,19.0,-40.0,0.0,0.0,0.0,0.0,0.0,80.0
2026-07-20 21:14:12.451,,,,,,28.06,929.6,19.2,-40.0,0.0,0.0,0.0,0.0,0.0,80.0
2026-07-20 21:14:12.651,,,,,,28.06,929.6,19.2,-40.0,0.0,0.0,0.0,0.0,0.0,80.0
2026-07-20 21:14:12.899,,,,,,28.05,929.6,19.5,-40.0,0.0,0.0,0.0,0.0,0.0,81.0
2026-07-20 21:14:13.051,,,,,,28.05,929.6,19.5,-40.0,0.0,0.0,0.0,0.0,0.0,81.0
2026-07-20 21:14:13.251,,,,,,28.05,929.6,19.5,-40.0,0.0,0.0,0.0,0.0,0.0,81.0
2026-07-20 21:14:13.452,,,,,,28.06,929.6,19.3,-40.0,0.0,0.0,0.0,0.0,0.0,81.0
2026-07-20 21:14:13.651,,,,,,28.06,929.6,19.3,-40.0,0.0,0.0,0.0,0.0,0.0,81.0
2026-07-20 21:14:13.898,,,,,,28.06,929.6,19.6,-40.0,0.0,0.0,0.0,0.0,0.0,82.0
2026-07-20 21:14:14.051,,,,,,28.06,929.6,19.6,-40.0,0.0,0.0,0.0,0.0,0.0,82.0
2026-07-20 21:14:14.251,,,,,,28.06,929.6,19.6,-40.0,0.0,0.0,0.0,0.0,0.0,82.0
2026-07-20 21:14:14.451,,,,,,28.07,929.6,18.9,-40.0,0.0,0.0,0.0,0.0,0.0,82.0
2026-07-20 21:14:14.650,,,,,,28.07,929.6,18.9,-40.0,0.0,0.0,0.0,0.0,0.0,82.0
2026-07-20 21:14:14.899,,,,,,28.06,929.6,19.2,-40.0,0.0,0.0,0.0,0.0,0.0,83.0
2026-07-20 21:14:15.051,,,,,,28.06,929.6,19.2,-40.0,0.0,0.0,0.0,0.0,0.0,83.0
2026-07-20 21:14:15.251,,,,,,28.06,929.6,19.2,-40.0,0.0,0.0,0.0,0.0,0.0,83.0
2026-07-20 21:14:15.451,,,,,,28.07,929.7,19.5,-40.0,0.0,0.0,0.0,0.0,0.0,83.0
2026-07-20 21:14:15.650,,,,,,28.07,929.7,19.5,-40.0,0.0,0.0,0.0,0.0,0.0,83.0
2026-07-20 21:14:15.900,,,,,,28.06,929.6,18.5,-40.0,0.0,0.0,0.0,0.0,0.0,84.0
2026-07-20 21:14:16.051,,,,,,28.06,929.6,18.5,-40.0,0.0,0.0,0.0,0.0,0.0,84.0
2026-07-20 21:14:16.251,,,,,,28.06,929.6,18.5,-40.0,0.0,0.0,0.0,0.0,0.0,84.0
2026-07-20 21:14:16.451,,,,,,28.06,929.6,18.2,-40.0,0.0,0.0,0.0,0.0,0.0,84.0
2026-07-20 21:14:16.652,,,,,,28.06,929.6,18.2,-40.0,0.0,0.0,0.0,0.0,0.0,84.0
2026-07-20 21:14:16.899,,,,,,28.06,929.6,19.4,-40.0,0.0,0.0,0.0,0.0,0.0,85.0
2026-07-20 21:14:17.051,,,,,,28.06,929.6,19.4,-40.0,0.0,0.0,0.0,0.0,0.0,85.0
2026-07-20 21:14:17.251,,,,,,28.06,929.6,19.4,-40.0,0.0,0.0,0.0,0.0,0.0,85.0
2026-07-20 21:14:17.452,,,,,,28.06,929.6,19.0,-40.0,0.0,0.0,0.0,0.0,0.0,85.0
2026-07-20 21:14:17.650,,,,,,28.06,929.6,19.0,-40.0,0.0,0.0,0.0,0.0,0.0,85.0
2026-07-20 21:14:17.899,,,,,,28.06,929.6,19.2,-40.0,0.0,0.0,0.0,0.0,0.0,86.0
2026-07-20 21:14:18.051,,,,,,28.06,929.6,19.2,-40.0,0.0,0.0,0.0,0.0,0.0,86.0
2026-07-20 21:14:18.252,,,,,,28.06,929.6,19.2,-40.0,0.0,0.0,0.0,0.0,0.0,86.0
2026-07-20 21:14:53.127,,,,,,24.39,668.2,83.4,-40.0,0.0,1.0,0.0,0.0,1.0,0.0
2026-07-20 21:14:53.246,,,,,,24.39,668.2,83.4,-40.0,0.0,1.0,0.0,0.0,0.0,0.0
2026-07-20 21:14:53.443,,,,,,24.39,668.2,83.4,-40.0,0.0,1.0,0.0,0.0,0.0,0.0
2026-07-20 21:14:53.643,,,,,,28.07,929.6,18.9,-40.0,0.0,1.0,0.0,0.0,0.0,0.0
2026-07-20 21:14:53.843,,,,,,28.07,929.6,18.9,-40.0,0.0,1.0,0.0,0.0,0.0,0.0
2026-07-20 21:14:54.097,,,,,,28.07,929.5,18.6,-40.0,0.0,1.0,0.0,0.0,0.0,1.0
2026-07-20 21:14:54.244,,,,,,28.07,929.5,18.6,-40.0,0.0,1.0,0.0,0.0,0.0,1.0
2026-07-20 21:14:54.443,,,,,,28.07,929.5,18.6,-40.0,0.0,1.0,0.0,0.0,0.0,1.0
2026-07-20 21:14:54.643,,,,,,28.06,929.6,18.4,-40.0,0.0,1.0,0.0,0.0,0.0,1.0
2026-07-20 21:14:54.843,,,,,,28.06,929.6,18.4,-40.0,0.0,1.0,0.0,0.0,0.0,1.0
2026-07-20 21:14:55.097,,,,,,28.06,929.6,19.1,-40.0,0.0,1.0,0.0,0.0,0.0,2.0
2026-07-20 21:14:55.243,,,,,,28.06,929.6,19.1,-40.0,0.0,1.0,0.0,0.0,0.0,2.0
2026-07-20 21:14:55.443,,,,,,28.06,929.6,19.1,-40.0,0.0,1.0,0.0,0.0,0.0,2.0
2026-07-20 21:14:55.643,,,,,,28.07,929.6,19.0,-40.0,0.0,1.0,0.0,0.0,0.0,2.0
2026-07-20 21:14:55.843,,,,,,28.07,929.6,19.0,-40.0,0.0,1.0,0.0,0.0,0.0,2.0
2026-07-20 21:14:56.097,,,,,,28.07,929.6,18.8,-40.0,0.0,1.0,0.0,0.0,0.0,3.0
2026-07-20 21:14:56.243,,,,,,28.07,929.6,18.8,-40.0,0.0,1.0,0.0,0.0,0.0,3.0
2026-07-20 21:14:56.443,,,,,,28.07,929.6,18.8,-40.0,0.0,1.0,0.0,0.0,0.0,3.0
2026-07-20 21:14:56.643,,,,,,28.06,929.7,18.8,-40.0,0.0,1.0,0.0,0.0,0.0,3.0
2026-07-20 21:14:56.843,,,,,,28.06,929.7,18.8,-40.0,0.0,1.0,0.0,0.0,0.0,3.0
2026-07-20 21:14:57.097,,,,,,28.06,929.7,19.1,-40.0,0.0,1.0,0.0,0.0,0.0,4.0
2026-07-20 21:14:57.243,,,,,,28.06,929.7,19.1,-40.0,0.0,1.0,0.0,0.0,0.0,4.0
2026-07-20 21:14:57.443,,,,,,28.06,929.7,19.1,-40.0,0.0,1.0,0.0,0.0,0.0,4.0
2026-07-20 21:14:57.643,,,,,,28.07,929.6,19.2,-40.0,0.0,1.0,0.0,0.0,0.0,4.0
2026-07-20 21:14:57.844,,,,,,28.07,929.6,19.2,-40.0,0.0,1.0,0.0,0.0,0.0,4.0
2026-07-20 21:14:58.097,,,,,,28.07,929.7,18.7,-40.0,0.0,1.0,0.0,0.0,0.0,5.0
2026-07-20 21:14:58.243,,,,,,28.07,929.7,18.7,-40.0,0.0,1.0,0.0,0.0,0.0,5.0
2026-07-20 21:14:58.443,,,,,,28.07,929.7,18.7,-40.0,0.0,1.0,0.0,0.0,0.0,5.0
2026-07-20 21:14:58.643,,,,,,28.06,929.6,19.2,-40.0,0.0,1.0,0.0,0.0,0.0,5.0
2026-07-20 21:14:58.843,,,,,,28.06,929.6,19.2,-40.0,0.0,1.0,0.0,0.0,0.0,5.0
2026-07-20 21:14:59.097,,,,,,28.07,929.6,18.8,-40.0,0.0,1.0,0.0,0.0,0.0,6.0
2026-07-20 21:14:59.243,,,,,,28.07,929.6,18.8,-40.0,0.0,1.0,0.0,0.0,0.0,6.0
2026-07-20 21:14:59.443,,,,,,28.07,929.6,18.8,-40.0,0.0,1.0,0.0,0.0,0.0,6.0
2026-07-20 21:14:59.643,,,,,,28.09,929.6,19.1,-40.0,0.0,1.0,0.0,0.0,0.0,6.0
2026-07-20 21:14:59.845,,,,,,28.09,929.6,19.1,-40.0,0.0,1.0,0.0,0.0,0.0,6.0
2026-07-20 21:15:00.097,,,,,,28.07,929.5,19.1,-40.0,0.0,1.0,0.0,0.0,0.0,7.0
2026-07-20 21:15:00.263,,,,,,28.07,929.5,19.1,-40.0,0.0,1.0,0.0,0.0,0.0,7.0
2026-07-20 21:15:00.443,,,,,,28.07,929.5,19.1,-40.0,0.0,1.0,0.0,0.0,0.0,7.0
2026-07-20 21:15:00.643,,,,,,28.07,929.7,19.1,-40.0,0.0,1.0,0.0,0.0,0.0,7.0
2026-07-20 21:15:00.843,,,,,,28.07,929.7,19.1,-40.0,0.0,1.0,0.0,0.0,0.0,7.0
2026-07-20 21:15:01.097,,,,,,28.07,929.6,19.4,-40.0,0.0,1.0,0.0,0.0,0.0,8.0
2026-07-20 21:15:01.246,,,,,,28.07,929.6,19.4,-40.0,0.0,1.0,0.0,0.0,0.0,8.0
2026-07-20 21:15:01.444,,,,,,28.07,929.6,19.4,-40.0,0.0,1.0,0.0,0.0,0.0,8.0
2026-07-20 21:15:01.644,,,,,,28.07,929.6,19.1,-40.0,0.0,1.0,0.0,0.0,0.0,8.0
2026-07-20 21:15:01.843,,,,,,28.07,929.6,19.1,-40.0,0.0,1.0,0.0,0.0,0.0,8.0
2026-07-20 21:15:02.097,,,,,,28.07,929.6,19.0,-40.0,0.0,1.0,0.0,0.0,0.0,9.0
2026-07-20 21:15:02.242,,,,,,28.07,929.6,19.0,-40.0,0.0,1.0,0.0,0.0,0.0,9.0
2026-07-20 21:15:02.443,,,,,,28.07,929.6,19.0,-40.0,0.0,1.0,0.0,0.0,0.0,9.0
2026-07-20 21:15:02.643,,,,,,28.07,929.6,19.5,-40.0,0.0,1.0,0.0,0.0,0.0,9.0
2026-07-20 21:15:02.843,,,,,,28.07,929.6,19.5,-40.0,0.0,1.0,0.0,0.0,0.0,9.0
2026-07-20 21:15:03.098,,,,,,28.07,929.6,19.6,-40.0,0.0,1.0,0.0,0.0,0.0,10.0
2026-07-20 21:15:03.243,,,,,,28.07,929.6,19.6,-40.0,0.0,1.0,0.0,0.0,0.0,10.0
2026-07-20 21:15:03.443,,,,,,28.07,929.6,19.6,-40.0,0.0,1.0,0.0,0.0,0.0,10.0
2026-07-20 21:15:03.643,,,,,,28.07,929.5,19.5,-40.0,0.0,1.0,0.0,0.0,0.0,10.0
2026-07-20 21:15:03.843,,,,,,28.07,929.5,19.5,-40.0,0.0,1.0,0.0,0.0,0.0,10.0
2026-07-20 21:15:04.097,,,,,,28.09,929.6,18.8,-40.0,0.0,1.0,0.0,0.0,0.0,11.0
2026-07-20 21:15:04.256,,,,,,28.09,929.6,18.8,-40.0,0.0,1.0,0.0,0.0,0.0,11.0
2026-07-20 21:15:04.443,,,,,,28.09,929.6,18.8,-40.0,0.0,1.0,0.0,0.0,0.0,11.0
2026-07-20 21:15:04.643,,,,,,28.07,929.6,19.0,-40.0,0.0,1.0,0.0,0.0,0.0,11.0
2026-07-20 21:15:04.842,,,,,,28.07,929.6,19.0,-40.0,0.0,1.0,0.0,0.0,0.0,11.0
2026-07-20 21:15:05.097,,,,,,28.09,929.7,19.4,-40.0,0.0,1.0,0.0,0.0,0.0,12.0
2026-07-20 21:15:05.243,,,,,,28.09,929.7,19.4,-40.0,0.0,1.0,0.0,0.0,0.0,12.0
2026-07-20 21:15:05.443,,,,,,28.09,929.7,19.4,-40.0,0.0,1.0,0.0,0.0,0.0,12.0
2026-07-20 21:15:05.643,,,,,,28.07,929.6,19.2,-40.0,0.0,1.0,0.0,0.0,0.0,12.0
2026-07-20 21:15:05.843,,,,,,28.07,929.6,19.2,-40.0,0.0,1.0,0.0,0.0,0.0,12.0
2026-07-20 21:15:06.097,,,,,,28.09,929.6,19.5,-40.0,0.0,1.0,0.0,0.0,0.0,13.0
2026-07-20 21:15:06.244,,,,,,28.09,929.6,19.5,-40.0,0.0,1.0,0.0,0.0,0.0,13.0
2026-07-20 21:15:06.443,,,,,,28.09,929.6,19.5,-40.0,0.0,1.0,0.0,0.0,0.0,13.0
2026-07-20 21:15:06.643,,,,,,28.09,929.6,19.2,-40.0,0.0,1.0,0.0,0.0,0.0,13.0
2026-07-20 21:15:06.843,,,,,,28.09,929.6,19.2,-40.0,0.0,1.0,0.0,0.0,0.0,13.0
2026-07-20 21:15:07.097,,,,,,28.09,929.6,19.0,-40.0,0.0,1.0,0.0,0.0,0.0,14.0
2026-07-20 21:15:07.247,,,,,,28.09,929.6,19.0,-40.0,0.0,1.0,0.0,0.0,0.0,14.0
2026-07-20 21:15:07.442,,,,,,28.09,929.6,19.0,-40.0,0.0,1.0,0.0,0.0,0.0,14.0
2026-07-20 21:15:07.642,,,,,,28.09,929.6,19.4,-40.0,0.0,1.0,0.0,0.0,0.0,14.0
2026-07-20 21:15:07.843,,,,,,28.09,929.6,19.4,-40.0,0.0,1.0,0.0,0.0,0.0,14.0
2026-07-20 21:15:08.097,,,,,,28.09,929.6,19.0,-40.0,0.0,1.0,0.0,0.0,0.0,15.0
2026-07-20 21:15:08.245,,,,,,28.09,929.6,19.0,-40.0,0.0,1.0,0.0,0.0,0.0,15.0
2026-07-20 21:15:08.443,,,,,,28.09,929.6,19.0,-40.0,0.0,1.0,0.0,0.0,0.0,15.0
2026-07-20 21:15:08.643,,,,,,28.09,929.7,19.2,-40.0,0.0,1.0,0.0,0.0,0.0,15.0
2026-07-20 21:15:08.844,,,,,,28.09,929.7,19.2,-40.0,0.0,1.0,0.0,0.0,0.0,15.0
2026-07-20 21:15:09.097,,,,,,28.09,929.6,19.3,-40.0,0.0,1.0,0.0,0.0,0.0,16.0
2026-07-20 21:15:09.243,,,,,,28.09,929.6,19.3,-40.0,0.0,1.0,0.0,0.0,0.0,16.0
2026-07-20 21:15:09.444,,,,,,28.09,929.6,19.3,-40.0,0.0,1.0,0.0,0.0,0.0,16.0
2026-07-20 21:15:09.643,,,,,,28.09,929.6,19.4,-40.0,0.0,1.0,0.0,0.0,0.0,16.0
2026-07-20 21:15:09.843,,,,,,28.09,929.6,19.4,-40.0,0.0,1.0,0.0,0.0,0.0,16.0
2026-07-20 21:15:10.097,,,,,,28.09,929.6,19.5,-40.0,0.0,1.0,0.0,0.0,0.0,17.0
2026-07-20 21:15:10.256,,,,,,28.09,929.6,19.5,-40.0,0.0,1.0,0.0,0.0,0.0,17.0
2026-07-20 21:15:10.443,,,,,,28.09,929.6,19.5,-40.0,0.0,1.0,0.0,0.0,0.0,17.0
2026-07-20 21:15:10.643,,,,,,28.09,929.6,19.2,-40.0,0.0,1.0,0.0,0.0,0.0,17.0
2026-07-20 21:15:10.848,,,,,,28.09,929.6,19.2,-40.0,0.0,1.0,0.0,0.0,0.0,17.0
2026-07-20 21:15:11.097,,,,,,28.09,929.6,19.2,-40.0,0.0,1.0,0.0,0.0,0.0,18.0
2026-07-20 21:15:11.275,,,,,,28.09,929.6,19.2,-40.0,0.0,1.0,0.0,0.0,0.0,18.0
2026-07-20 21:15:11.443,,,,,,28.09,929.6,19.2,-40.0,0.0,1.0,0.0,0.0,0.0,18.0
2026-07-20 21:15:11.643,,,,,,28.09,929.7,19.3,-40.0,0.0,1.0,0.0,0.0,0.0,18.0
2026-07-20 21:15:11.843,,,,,,28.09,929.7,19.3,-40.0,0.0,1.0,0.0,0.0,0.0,18.0
2026-07-20 21:15:12.099,,,,,,28.09,929.6,19.2,-40.0,0.0,1.0,0.0,0.0,0.0,19.0
2026-07-20 21:15:12.279,,,,,,28.09,929.6,19.2,-40.0,0.0,1.0,0.0,0.0,0.0,19.0
2026-07-20 21:15:12.443,,,,,,28.09,929.6,19.2,-40.0,0.0,1.0,0.0,0.0,0.0,19.0
2026-07-20 21:15:12.643,,,,,,28.09,929.6,19.3,-40.0,0.0,1.0,0.0,0.0,0.0,19.0
2026-07-20 21:15:12.843,,,,,,28.09,929.6,19.3,-40.0,0.0,1.0,0.0,0.0,0.0,19.0
2026-07-20 21:15:13.096,,,,,,28.09,929.6,19.1,-40.0,0.0,1.0,0.0,0.0,0.0,20.0
2026-07-20 21:15:13.280,,,,,,28.09,929.6,19.1,-40.0,0.0,1.0,0.0,0.0,0.0,20.0
2026-07-20 21:15:13.443,,,,,,28.09,929.6,19.1,-40.0,0.0,1.0,0.0,0.0,0.0,20.0
2026-07-20 21:15:13.643,,,,,,28.09,929.6,19.4,-40.0,0.0,1.0,0.0,0.0,0.0,20.0
2026-07-20 21:15:13.843,,,,,,28.09,929.6,19.4,-40.0,0.0,1.0,0.0,0.0,0.0,20.0
2026-07-20 21:15:14.097,,,,,,28.09,929.6,19.0,-40.0,0.0,1.0,0.0,0.0,0.0,21.0
2026-07-20 21:15:14.256,,,,,,28.09,929.6,19.0,-40.0,0.0,1.0,0.0,0.0,0.0,21.0
2026-07-20 21:15:14.443,,,,,,28.09,929.6,19.0,-40.0,0.0,1.0,0.0,0.0,0.0,21.0
2026-07-20 21:15:14.643,,,,,,28.1,929.7,18.9,-40.0,0.0,1.0,0.0,0.0,0.0,21.0
2026-07-20 21:15:14.846,,,,,,28.1,929.7,18.9,-40.0,0.0,1.0,0.0,0.0,0.0,21.0
2026-07-20 21:15:15.096,,,,,,28.1,929.7,19.2,-40.0,0.0,1.0,0.0,0.0,0.0,22.0
2026-07-20 21:15:15.271,,,,,,28.1,929.7,19.2,-40.0,0.0,1.0,0.0,0.0,0.0,22.0
2026-07-20 21:15:15.443,,,,,,28.1,929.7,19.2,-40.0,0.0,1.0,0.0,0.0,0.0,22.0
2026-07-20 21:15:15.643,,,,,,28.09,929.6,19.4,-40.0,0.0,1.0,0.0,0.0,0.0,22.0
2026-07-20 21:15:15.844,,,,,,28.09,929.6,19.4,-40.0,0.0,1.0,0.0,0.0,0.0,22.0
2026-07-20 21:15:16.097,,,,,,28.09,929.6,19.4,-40.0,0.0,1.0,0.0,0.0,0.0,23.0
2026-07-20 21:15:16.248,,,,,,28.09,929.6,19.4,-40.0,0.0,1.0,0.0,0.0,0.0,23.0
2026-07-20 21:15:16.443,,,,,,28.09,929.6,19.4,-40.0,0.0,1.0,0.0,0.0,0.0,23.0
2026-07-20 21:15:16.644,,,,,,28.1,929.6,19.1,-40.0,0.0,1.0,0.0,0.0,0.0,23.0
2026-07-20 21:15:16.843,,,,,,28.1,929.6,19.1,-40.0,0.0,1.0,0.0,0.0,0.0,23.0
2026-07-20 21:15:17.097,,,,,,28.09,929.6,19.0,-40.0,0.0,1.0,0.0,0.0,0.0,24.0
2026-07-20 21:15:17.273,,,,,,28.09,929.6,19.0,-40.0,0.0,1.0,0.0,0.0,0.0,24.0
2026-07-20 21:15:17.442,,,,,,28.09,929.6,19.0,-40.0,0.0,1.0,0.0,0.0,0.0,24.0
2026-07-20 21:15:17.643,,,,,,28.09,929.6,19.2,-40.0,0.0,1.0,0.0,0.0,0.0,24.0
2026-07-20 21:15:17.843,,,,,,28.09,929.6,19.2,-40.0,0.0,1.0,0.0,0.0,0.0,24.0
2026-07-20 21:15:18.097,,,,,,28.09,929.6,19.4,-40.0,0.0,1.0,0.0,0.0,0.0,25.0
2026-07-20 21:15:18.276,,,,,,28.09,929.6,19.4,-40.0,0.0,1.0,0.0,0.0,0.0,25.0
2026-07-20 21:15:18.443,,,,,,28.09,929.6,19.4,-40.0,0.0,1.0,0.0,0.0,0.0,25.0
2026-07-20 21:15:18.643,,,,,,28.1,929.6,18.6,-40.0,0.0,1.0,0.0,0.0,0.0,25.0
2026-07-20 21:15:18.843,,,,,,28.1,929.6,18.6,-40.0,0.0,1.0,0.0,0.0,0.0,25.0
2026-07-20 21:15:19.096,,,,,,28.09,929.6,19.4,-40.0,0.0,1.0,0.0,0.0,0.0,26.0
2026-07-20 21:15:19.269,,,,,,28.09,929.6,19.4,-40.0,0.0,1.0,0.0,0.0,0.0,26.0
2026-07-20 21:15:19.443,,,,,,28.09,929.6,19.4,-40.0,0.0,1.0,0.0,0.0,0.0,26.0
2026-07-20 21:15:19.643,,,,,,28.1,929.6,18.7,-40.0,0.0,1.0,0.0,0.0,0.0,26.0
2026-07-20 21:15:19.843,,,,,,28.1,929.6,18.7,-40.0,0.0,1.0,0.0,0.0,0.0,26.0
2026-07-20 21:15:20.096,,,,,,28.1,929.6,18.9,-40.0,0.0,1.0,0.0,0.0,0.0,27.0
2026-07-20 21:15:20.262,,,,,,28.1,929.6,18.9,-40.0,0.0,1.0,0.0,0.0,0.0,27.0
2026-07-20 21:15:20.443,,,,,,28.1,929.6,18.9,-40.0,0.0,1.0,0.0,0.0,0.0,27.0
2026-07-20 21:15:20.643,,,,,,28.1,929.6,19.0,-40.0,0.0,1.0,0.0,0.0,0.0,27.0
2026-07-20 21:15:20.845,,,,,,28.1,929.6,19.0,-40.0,0.0,1.0,0.0,0.0,0.0,27.0
2026-07-20 21:15:21.096,,,,,,28.1,929.6,18.9,-40.0,0.0,1.0,0.0,0.0,0.0,28.0
2026-07-20 21:15:21.275,,,,,,28.1,929.6,18.9,-40.0,0.0,1.0,0.0,0.0,0.0,28.0
2026-07-20 21:15:21.443,,,,,,28.1,929.6,18.9,-40.0,0.0,1.0,0.0,0.0,0.0,28.0
2026-07-20 21:15:21.642,,,,,,28.1,929.6,19.4,-40.0,0.0,1.0,0.0,0.0,0.0,28.0
2026-07-20 21:15:21.843,,,,,,28.1,929.6,19.4,-40.0,0.0,1.0,0.0,0.0,0.0,28.0
2026-07-20 21:15:22.097,,,,,,28.1,929.6,18.9,-40.0,0.0,1.0,0.0,0.0,0.0,29.0
2026-07-20 21:15:22.269,,,,,,28.1,929.6,18.9,-40.0,0.0,1.0,0.0,0.0,0.0,29.0
2026-07-20 21:15:22.442,,,,,,28.1,929.6,18.9,-40.0,0.0,1.0,0.0,0.0,0.0,29.0
2026-07-20 21:15:22.643,,,,,,28.1,929.6,19.4,-40.0,0.0,1.0,0.0,0.0,0.0,29.0
2026-07-20 21:15:22.843,,,,,,28.1,929.6,19.4,-40.0,0.0,1.0,0.0,0.0,0.0,29.0
2026-07-20 21:15:23.096,,,,,,28.1,929.6,19.0,-40.0,0.0,1.0,0.0,0.0,0.0,30.0
2026-07-20 21:15:23.279,,,,,,28.1,929.6,19.0,-40.0,1.0,1.0,0.0,0.0,0.0,30.0
2026-07-20 21:15:23.442,,,,,,28.1,929.6,19.0,-40.0,1.0,1.0,0.0,0.0,0.0,30.0
2026-07-20 21:15:23.643,,,,,,28.1,929.6,18.8,-40.0,1.0,1.0,0.0,0.0,0.0,30.0
2026-07-20 21:15:23.847,,,,,,28.1,929.6,18.8,-40.0,1.0,1.0,0.0,0.0,0.0,30.0
2026-07-20 21:15:24.091,,,,,,28.11,929.6,19.1,-40.0,1.0,1.0,0.0,0.0,0.0,31.0
2026-07-20 21:15:24.274,,,,,,28.11,929.6,19.1,-40.0,1.0,1.0,0.0,0.0,0.0,31.0
2026-07-20 21:15:24.443,,,,,,28.11,929.6,19.1,-40.0,1.0,1.0,0.0,0.0,0.0,31.0
2026-07-20 21:15:24.643,,,,,,28.1,929.5,19.4,-40.0,1.0,1.0,0.0,0.0,0.0,31.0
2026-07-20 21:15:24.843,,,,,,28.1,929.5,19.4,-40.0,1.0,1.0,0.0,0.0,0.0,31.0
2026-07-20 21:15:25.091,,,,,,28.1,929.6,19.6,-40.0,1.0,1.0,0.0,0.0,0.0,32.0
2026-07-20 21:15:25.274,,,,,,28.1,929.6,19.6,-40.0,1.0,1.0,0.0,0.0,0.0,32.0
2026-07-20 21:15:25.442,,,,,,28.1,929.6,19.6,-40.0,1.0,1.0,0.0,0.0,0.0,32.0
2026-07-20 21:15:25.643,,,,,,28.1,929.6,19.4,-40.0,1.0,1.0,0.0,0.0,0.0,32.0
2026-07-20 21:15:25.868,,,,,,28.1,929.6,19.4,-40.0,1.0,1.0,0.0,0.0,0.0,32.0
2026-07-20 21:15:26.091,,,,,,28.1,929.6,19.7,-40.0,1.0,1.0,0.0,0.0,0.0,33.0
2026-07-20 21:15:26.243,,,,,,28.1,929.6,19.7,-40.0,1.0,1.0,0.0,0.0,0.0,33.0
2026-07-20 21:15:26.457,,,,,,28.1,929.6,19.7,-40.0,1.0,1.0,0.0,0.0,0.0,33.0
2026-07-20 21:15:26.643,,,,,,28.1,929.6,19.7,-40.0,1.0,1.0,0.0,0.0,0.0,33.0
2026-07-20 21:15:26.842,,,,,,28.1,929.6,19.7,-40.0,1.0,1.0,0.0,0.0,0.0,33.0
2026-07-20 21:15:27.091,,,,,,28.1,929.6,19.6,-40.0,1.0,1.0,0.0,0.0,0.0,34.0
2026-07-20 21:15:27.243,,,,,,28.1,929.6,19.6,-40.0,1.0,1.0,0.0,0.0,0.0,34.0
2026-07-20 21:15:27.442,,,,,,28.1,929.6,19.6,-40.0,1.0,1.0,0.0,0.0,0.0,34.0
2026-07-20 21:15:27.643,,,,,,28.1,929.6,19.6,-40.0,1.0,1.0,0.0,0.0,0.0,34.0
2026-07-20 21:15:27.843,,,,,,28.1,929.6,19.6,-40.0,1.0,1.0,0.0,0.0,0.0,34.0
2026-07-20 21:15:28.091,,,,,,28.11,929.6,19.4,-40.0,1.0,1.0,0.0,0.0,0.0,35.0
2026-07-20 21:15:28.242,,,,,,28.11,929.6,19.4,-40.0,1.0,1.0,0.0,0.0,0.0,35.0
2026-07-20 21:15:28.443,,,,,,28.11,929.6,19.4,-40.0,1.0,1.0,0.0,0.0,0.0,35.0
2026-07-20 21:15:28.642,,,,,,28.11,929.7,19.7,-40.0,1.0,1.0,0.0,0.0,0.0,35.0
2026-07-20 21:15:28.842,,,,,,28.11,929.7,19.7,-40.0,1.0,1.0,0.0,0.0,0.0,35.0
2026-07-20 21:15:29.091,,,,,,28.11,929.6,18.7,-40.0,1.0,1.0,0.0,0.0,0.0,36.0
2026-07-20 21:15:29.243,,,,,,28.11,929.6,18.7,-40.0,1.0,1.0,0.0,0.0,0.0,36.0
2026-07-20 21:15:29.442,,,,,,28.11,929.6,18.7,-40.0,1.0,1.0,0.0,0.0,0.0,36.0
2026-07-20 21:15:29.643,,,,,,28.1,929.6,19.7,-40.0,1.0,1.0,0.0,0.0,0.0,36.0
2026-07-20 21:15:29.843,,,,,,28.1,929.6,19.7,-40.0,1.0,1.0,0.0,0.0,0.0,36.0
2026-07-20 21:15:30.091,,,,,,28.11,929.6,19.5,-40.0,1.0,1.0,0.0,0.0,0.0,37.0
2026-07-20 21:15:30.243,,,,,,28.11,929.6,19.5,-40.0,1.0,1.0,0.0,0.0,0.0,37.0
2026-07-20 21:15:30.442,,,,,,28.11,929.6,19.5,-40.0,1.0,1.0,0.0,0.0,0.0,37.0
2026-07-20 21:15:30.643,,,,,,28.11,929.6,19.3,-40.0,1.0,1.0,0.0,0.0,0.0,37.0
2026-07-20 21:15:30.842,,,,,,28.11,929.6,19.3,-40.0,1.0,1.0,0.0,0.0,0.0,37.0
2026-07-20 21:15:31.092,,,,,,28.11,929.6,19.6,-40.0,1.0,1.0,0.0,0.0,0.0,38.0
2026-07-20 21:15:31.242,,,,,,28.11,929.6,19.6,-40.0,1.0,1.0,0.0,0.0,0.0,38.0
2026-07-20 21:15:31.443,,,,,,28.11,929.6,19.6,-40.0,1.0,1.0,0.0,0.0,0.0,38.0
2026-07-20 21:15:31.643,,,,,,28.11,929.6,18.9,-40.0,1.0,1.0,0.0,0.0,0.0,38.0
2026-07-20 21:15:31.843,,,,,,28.11,929.6,18.9,-40.0,1.0,1.0,0.0,0.0,0.0,38.0
2026-07-20 21:15:32.091,,,,,,28.11,929.6,19.1,-40.0,1.0,1.0,0.0,0.0,0.0,39.0
2026-07-20 21:15:32.242,,,,,,28.11,929.6,19.1,-40.0,1.0,1.0,0.0,0.0,0.0,39.0
2026-07-20 21:15:32.453,,,,,,28.11,929.6,19.1,-40.0,1.0,1.0,0.0,0.0,0.0,39.0
2026-07-20 21:15:32.643,,,,,,28.11,929.7,19.2,-40.0,1.0,1.0,0.0,0.0,0.0,39.0
2026-07-20 21:15:32.843,,,,,,28.11,929.7,19.2,-40.0,1.0,1.0,0.0,0.0,0.0,39.0
2026-07-20 21:15:33.091,,,,,,28.11,929.6,19.5,-40.0,1.0,1.0,0.0,0.0,0.0,40.0
2026-07-20 21:15:33.242,,,,,,28.11,929.6,19.5,-40.0,1.0,1.0,0.0,0.0,0.0,40.0
2026-07-20 21:15:33.442,,,,,,28.11,929.6,19.5,-40.0,1.0,1.0,0.0,0.0,0.0,40.0
2026-07-20 21:15:33.642,,,,,,28.11,929.7,18.6,-40.0,1.0,1.0,0.0,0.0,0.0,40.0
2026-07-20 21:15:33.842,,,,,,28.11,929.7,18.6,-40.0,1.0,1.0,0.0,0.0,0.0,40.0
2026-07-20 21:15:34.091,,,,,,28.1,929.6,19.5,-40.0,1.0,1.0,0.0,0.0,0.0,41.0
2026-07-20 21:15:34.242,,,,,,28.1,929.6,19.5,-40.0,1.0,1.0,0.0,0.0,0.0,41.0
2026-07-20 21:15:34.442,,,,,,28.1,929.6,19.5,-40.0,1.0,1.0,0.0,0.0,0.0,41.0
2026-07-20 21:15:34.642,,,,,,28.11,929.6,19.3,-40.0,1.0,1.0,0.0,0.0,0.0,41.0
2026-07-20 21:15:34.842,,,,,,28.11,929.6,19.3,-40.0,1.0,1.0,0.0,0.0,0.0,41.0
2026-07-20 21:15:35.091,,,,,,28.11,929.6,19.6,-40.0,1.0,1.0,0.0,0.0,0.0,42.0
2026-07-20 21:15:35.242,,,,,,28.11,929.6,19.6,-40.0,1.0,1.0,0.0,0.0,0.0,42.0
2026-07-20 21:15:35.442,,,,,,28.11,929.6,19.6,-40.0,1.0,1.0,0.0,0.0,0.0,42.0
2026-07-20 21:15:35.642,,,,,,28.11,929.7,19.0,-40.0,1.0,1.0,0.0,0.0,0.0,42.0
2026-07-20 21:15:35.842,,,,,,28.11,929.7,19.0,-40.0,1.0,1.0,0.0,0.0,0.0,42.0
2026-07-20 21:15:36.091,,,,,,28.11,929.6,19.0,-40.0,1.0,1.0,0.0,0.0,0.0,43.0
2026-07-20 21:15:36.269,,,,,,28.11,929.6,19.0,-40.0,1.0,1.0,0.0,0.0,0.0,43.0
2026-07-20 21:15:36.442,,,,,,28.11,929.6,19.0,-40.0,1.0,1.0,0.0,0.0,0.0,43.0
2026-07-20 21:15:36.643,,,,,,28.12,929.6,19.3,-40.0,1.0,1.0,0.0,0.0,0.0,43.0
2026-07-20 21:15:36.842,,,,,,28.12,929.6,19.3,-40.0,1.0,1.0,0.0,0.0,0.0,43.0
2026-07-20 21:15:37.090,,,,,,28.12,929.6,18.7,-40.0,1.0,1.0,0.0,0.0,0.0,44.0
2026-07-20 21:15:37.260,,,,,,28.12,929.6,18.7,-40.0,1.0,1.0,0.0,0.0,0.0,44.0
2026-07-20 21:15:37.443,,,,,,28.12,929.6,18.7,-40.0,1.0,1.0,0.0,0.0,0.0,44.0
2026-07-20 21:15:37.643,,,,,,28.11,929.5,19.2,-40.0,1.0,1.0,0.0,0.0,0.0,44.0
2026-07-20 21:15:37.842,,,,,,28.11,929.5,19.2,-40.0,1.0,1.0,0.0,0.0,0.0,44.0
2026-07-20 21:15:38.091,,,,,,28.11,929.7,19.1,-40.0,1.0,1.0,0.0,0.0,0.0,45.0
2026-07-20 21:15:38.271,,,,,,28.11,929.7,19.1,-40.0,1.0,1.0,0.0,0.0,0.0,45.0
2026-07-20 21:15:38.442,,,,,,28.11,929.7,19.1,-40.0,1.0,1.0,0.0,0.0,0.0,45.0
2026-07-20 21:15:38.642,,,,,,28.12,929.6,19.0,-40.0,1.0,1.0,0.0,0.0,0.0,45.0
2026-07-20 21:15:38.849,,,,,,28.12,929.6,19.0,-40.0,1.0,1.0,0.0,0.0,0.0,45.0
2026-07-20 21:15:39.091,,,,,,28.11,929.6,19.2,-40.0,1.0,1.0,0.0,0.0,0.0,46.0
2026-07-20 21:15:39.268,,,,,,28.11,929.6,19.2,-40.0,1.0,1.0,0.0,0.0,0.0,46.0
2026-07-20 21:15:39.442,,,,,,28.11,929.6,19.2,-40.0,1.0,1.0,0.0,0.0,0.0,46.0
2026-07-20 21:15:39.642,,,,,,28.11,929.6,18.6,-40.0,1.0,1.0,0.0,0.0,0.0,46.0
2026-07-20 21:15:39.842,,,,,,28.11,929.6,18.6,-40.0,1.0,1.0,0.0,0.0,0.0,46.0
2026-07-20 21:15:40.090,,,,,,28.12,929.6,19.0,-40.0,1.0,1.0,0.0,0.0,0.0,47.0
2026-07-20 21:15:40.242,,,,,,28.12,929.6,19.0,-40.0,1.0,1.0,0.0,0.0,0.0,47.0
2026-07-20 21:15:40.442,,,,,,28.12,929.6,19.0,-40.0,1.0,1.0,0.0,0.0,0.0,47.0
2026-07-20 21:15:40.642,,,,,,28.11,929.6,19.1,-40.0,1.0,1.0,0.0,0.0,0.0,47.0
2026-07-20 21:15:40.842,,,,,,28.11,929.6,19.1,-40.0,1.0,1.0,0.0,0.0,0.0,47.0
2026-07-20 21:15:41.091,,,,,,28.11,929.6,18.9,-40.0,1.0,1.0,0.0,0.0,0.0,48.0
2026-07-20 21:15:41.256,,,,,,28.11,929.6,18.9,-40.0,1.0,1.0,0.0,0.0,0.0,48.0
2026-07-20 21:15:41.442,,,,,,28.11,929.6,18.9,-40.0,1.0,1.0,0.0,0.0,0.0,48.0
2026-07-20 21:15:41.642,,,,,,28.12,929.6,19.3,-40.0,1.0,1.0,0.0,0.0,0.0,48.0
2026-07-20 21:15:41.842,,,,,,28.12,929.6,19.3,-40.0,1.0,1.0,0.0,0.0,0.0,48.0
2026-07-20 21:15:42.092,,,,,,28.11,929.6,19.1,-40.0,1.0,1.0,0.0,0.0,0.0,49.0
2026-07-20 21:15:42.274,,,,,,28.11,929.6,19.1,-40.0,1.0,1.0,0.0,0.0,0.0,49.0
2026-07-20 21:15:42.442,,,,,,28.11,929.6,19.1,-40.0,1.0,1.0,0.0,0.0,0.0,49.0
2026-07-20 21:15:42.642,,,,,,28.12,929.6,19.0,-40.0,1.0,1.0,0.0,0.0,0.0,49.0
2026-07-20 21:15:42.843,,,,,,28.12,929.6,19.0,-40.0,1.0,1.0,0.0,0.0,0.0,49.0
2026-07-20 21:15:43.091,,,,,,28.11,929.6,18.8,-40.0,1.0,1.0,0.0,0.0,0.0,50.0
2026-07-20 21:15:43.264,,,,,,28.11,929.6,18.8,-40.0,1.0,1.0,0.0,0.0,0.0,50.0
2026-07-20 21:15:43.442,,,,,,28.11,929.6,18.8,-40.0,1.0,1.0,0.0,0.0,0.0,50.0
2026-07-20 21:15:43.642,,,,,,28.12,929.6,19.4,-40.0,1.0,1.0,0.0,0.0,0.0,50.0
2026-07-20 21:15:43.842,,,,,,28.12,929.6,19.4,-40.0,1.0,1.0,0.0,0.0,0.0,50.0
2026-07-20 21:15:44.091,,,,,,28.11,929.6,19.0,-40.0,1.0,1.0,0.0,0.0,0.0,51.0
2026-07-20 21:15:44.242,,,,,,28.11,929.6,19.0,-40.0,1.0,1.0,0.0,0.0,0.0,51.0
2026-07-20 21:15:44.442,,,,,,28.11,929.6,19.0,-40.0,1.0,1.0,0.0,0.0,0.0,51.0
2026-07-20 21:15:44.642,,,,,,28.12,929.7,19.1,-40.0,1.0,1.0,0.0,0.0,0.0,51.0
2026-07-20 21:15:44.842,,,,,,28.12,929.7,19.1,-40.0,1.0,1.0,0.0,0.0,0.0,51.0
2026-07-20 21:15:45.091,,,,,,28.11,929.6,18.9,-40.0,1.0,1.0,0.0,0.0,0.0,52.0
2026-07-20 21:15:45.242,,,,,,28.11,929.6,18.9,-40.0,1.0,1.0,0.0,0.0,0.0,52.0
2026-07-20 21:15:45.442,,,,,,28.11,929.6,18.9,-40.0,1.0,1.0,0.0,0.0,0.0,52.0
2026-07-20 21:15:45.643,,,,,,28.11,929.6,19.3,-40.0,1.0,1.0,0.0,0.0,0.0,52.0
2026-07-20 21:15:45.842,,,,,,28.11,929.6,19.3,-40.0,1.0,1.0,0.0,0.0,0.0,52.0
2026-07-20 21:15:46.091,,,,,,28.11,929.6,19.6,-40.0,1.0,1.0,0.0,0.0,0.0,53.0
2026-07-20 21:15:46.264,,,,,,28.11,929.6,19.6,-40.0,1.0,1.0,0.0,0.0,0.0,53.0
2026-07-20 21:15:46.442,,,,,,28.11,929.6,19.6,-40.0,1.0,1.0,0.0,0.0,0.0,53.0
2026-07-20 21:15:46.642,,,,,,28.11,929.7,18.9,-40.0,1.0,1.0,0.0,0.0,0.0,53.0
2026-07-20 21:15:46.851,,,,,,28.11,929.7,18.9,-40.0,1.0,1.0,0.0,0.0,0.0,53.0
2026-07-20 21:15:47.090,,,,,,28.11,929.6,19.3,-40.0,1.0,1.0,0.0,0.0,0.0,54.0
2026-07-20 21:15:47.274,,,,,,28.11,929.6,19.3,-40.0,1.0,1.0,0.0,0.0,0.0,54.0
2026-07-20 21:15:47.442,,,,,,28.11,929.6,19.3,-40.0,1.0,1.0,0.0,0.0,0.0,54.0
2026-07-20 21:15:47.642,,,,,,28.11,929.6,19.2,-40.0,1.0,1.0,0.0,0.0,0.0,54.0
2026-07-20 21:15:47.842,,,,,,28.11,929.6,19.2,-40.0,1.0,1.0,0.0,0.0,0.0,54.0
2026-07-20 21:15:48.091,,,,,,28.11,929.7,18.9,-40.0,1.0,1.0,0.0,0.0,0.0,55.0
2026-07-20 21:15:48.242,,,,,,28.11,929.7,18.9,-40.0,1.0,1.0,0.0,0.0,0.0,55.0
2026-07-20 21:15:48.443,,,,,,28.11,929.7,18.9,-40.0,1.0,1.0,0.0,0.0,0.0,55.0
2026-07-20 21:15:48.642,,,,,,28.11,929.6,19.3,-40.0,1.0,1.0,0.0,0.0,0.0,55.0
2026-07-20 21:15:48.842,,,,,,28.11,929.6,19.3,-40.0,1.0,1.0,0.0,0.0,0.0,55.0
2026-07-20 21:15:49.090,,,,,,28.11,929.6,19.4,-40.0,1.0,1.0,0.0,0.0,0.0,56.0
2026-07-20 21:15:49.254,,,,,,28.11,929.6,19.4,-40.0,1.0,1.0,0.0,0.0,0.0,56.0
2026-07-20 21:15:49.443,,,,,,28.11,929.6,19.4,-40.0,1.0,1.0,0.0,0.0,0.0,56.0
2026-07-20 21:15:49.642,,,,,,28.11,929.7,18.8,-40.0,1.0,1.0,0.0,0.0,0.0,56.0
2026-07-20 21:15:49.842,,,,,,28.11,929.7,18.8,-40.0,1.0,1.0,0.0,0.0,0.0,56.0
2026-07-20 21:15:50.091,,,,,,28.12,929.7,18.8,-40.0,1.0,1.0,0.0,0.0,0.0,57.0
2026-07-20 21:15:50.268,,,,,,28.12,929.7,18.8,-40.0,1.0,1.0,0.0,0.0,0.0,57.0
2026-07-20 21:15:50.442,,,,,,28.12,929.7,18.8,-40.0,1.0,1.0,0.0,0.0,0.0,57.0
2026-07-20 21:15:50.641,,,,,,28.11,929.6,18.8,-40.0,1.0,1.0,0.0,0.0,0.0,57.0
2026-07-20 21:15:50.842,,,,,,28.11,929.6,18.8,-40.0,1.0,1.0,0.0,0.0,0.0,57.0
2026-07-20 21:15:51.091,,,,,,28.11,929.6,18.9,-40.0,1.0,1.0,0.0,0.0,0.0,58.0
2026-07-20 21:15:51.241,,,,,,28.11,929.6,18.9,-40.0,1.0,1.0,0.0,0.0,0.0,58.0
2026-07-20 21:15:51.442,,,,,,28.11,929.6,18.9,-40.0,1.0,1.0,0.0,0.0,0.0,58.0
2026-07-20 21:15:51.642,,,,,,28.11,929.7,18.6,-40.0,1.0,1.0,0.0,0.0,0.0,58.0
2026-07-20 21:15:51.842,,,,,,28.11,929.7,18.6,-40.0,1.0,1.0,0.0,0.0,0.0,58.0
2026-07-20 21:15:52.091,,,,,,28.12,929.6,19.2,-40.0,1.0,1.0,0.0,0.0,0.0,59.0
2026-07-20 21:15:52.275,,,,,,28.12,929.6,19.2,-40.0,1.0,1.0,0.0,0.0,0.0,59.0
2026-07-20 21:15:52.442,,,,,,28.12,929.6,19.2,-40.0,1.0,1.0,0.0,0.0,0.0,59.0
2026-07-20 21:15:52.642,,,,,,28.11,929.7,18.9,-40.0,1.0,1.0,0.0,0.0,0.0,59.0
2026-07-20 21:15:52.842,,,,,,28.11,929.7,18.9,-40.0,1.0,1.0,0.0,0.0,0.0,59.0
2026-07-20 21:15:53.090,,,,,,28.11,929.6,18.3,-40.0,1.0,1.0,0.0,0.0,0.0,60.0
2026-07-20 21:15:53.242,,,,,,28.11,929.6,18.3,-40.0,1.0,1.0,0.0,0.0,0.0,60.0
2026-07-20 21:15:53.442,,,,,,28.11,929.6,18.3,-40.0,1.0,1.0,0.0,0.0,0.0,60.0
2026-07-20 21:15:53.642,,,,,,28.11,929.6,18.6,-40.0,1.0,1.0,0.0,0.0,0.0,60.0
2026-07-20 21:15:53.842,,,,,,28.11,929.6,18.6,-40.0,1.0,1.0,0.0,0.0,0.0,60.0
2026-07-20 21:15:54.091,,,,,,28.11,929.6,19.5,-40.0,1.0,1.0,0.0,0.0,0.0,61.0
2026-07-20 21:15:54.242,,,,,,28.11,929.6,19.5,-40.0,1.0,1.0,0.0,0.0,0.0,61.0
2026-07-20 21:15:54.441,,,,,,28.11,929.6,19.5,-40.0,1.0,1.0,0.0,0.0,0.0,61.0
2026-07-20 21:15:54.642,,,,,,28.11,929.7,19.3,-40.0,1.0,1.0,0.0,0.0,0.0,61.0
2026-07-20 21:15:54.841,,,,,,28.11,929.7,19.3,-40.0,1.0,1.0,0.0,0.0,0.0,61.0
2026-07-20 21:15:55.090,,,,,,28.12,929.6,19.1,-40.0,1.0,1.0,0.0,0.0,0.0,62.0
2026-07-20 21:15:55.251,,,,,,28.12,929.6,19.1,-40.0,1.0,1.0,0.0,0.0,0.0,62.0
2026-07-20 21:15:55.442,,,,,,28.12,929.6,19.1,-40.0,1.0,1.0,0.0,0.0,0.0,62.0
2026-07-20 21:15:55.642,,,,,,28.12,929.6,18.6,-40.0,1.0,1.0,0.0,0.0,0.0,62.0
2026-07-20 21:15:55.842,,,,,,28.12,929.6,18.6,-40.0,1.0,1.0,0.0,0.0,0.0,62.0
2026-07-20 21:15:56.090,,,,,,28.11,929.6,18.9,-40.0,1.0,1.0,0.0,0.0,0.0,63.0
2026-07-20 21:15:56.251,,,,,,28.11,929.6,18.9,-40.0,1.0,1.0,0.0,0.0,0.0,63.0
2026-07-20 21:15:56.442,,,,,,28.11,929.6,18.9,-40.0,1.0,1.0,0.0,0.0,0.0,63.0
2026-07-20 21:15:56.642,,,,,,28.11,929.7,19.3,-40.0,1.0,1.0,0.0,0.0,0.0,63.0
2026-07-20 21:15:56.842,,,,,,28.11,929.7,19.3,-40.0,1.0,1.0,0.0,0.0,0.0,63.0
2026-07-20 21:15:57.090,,,,,,28.12,929.6,18.9,-40.0,1.0,1.0,0.0,0.0,0.0,64.0
2026-07-20 21:15:57.242,,,,,,28.12,929.6,18.9,-40.0,1.0,1.0,0.0,0.0,0.0,64.0
2026-07-20 21:15:57.442,,,,,,28.12,929.6,18.9,-40.0,1.0,1.0,0.0,0.0,0.0,64.0
2026-07-20 21:15:57.642,,,,,,28.11,929.6,18.5,-40.0,1.0,1.0,0.0,0.0,0.0,64.0
2026-07-20 21:15:57.841,,,,,,28.11,929.6,18.5,-40.0,1.0,1.0,0.0,0.0,0.0,64.0
2026-07-20 21:15:58.090,,,,,,28.11,929.6,19.0,-40.0,1.0,1.0,0.0,0.0,0.0,65.0
2026-07-20 21:15:58.242,,,,,,28.11,929.6,19.0,-40.0,1.0,1.0,0.0,0.0,0.0,65.0
2026-07-20 21:15:58.442,,,,,,28.11,929.6,19.0,-40.0,1.0,1.0,0.0,0.0,0.0,65.0
2026-07-20 21:15:58.642,,,,,,28.12,929.6,19.1,-40.0,1.0,1.0,0.0,0.0,0.0,65.0
2026-07-20 21:15:58.842,,,,,,28.12,929.6,19.1,-40.0,1.0,1.0,0.0,0.0,0.0,65.0
2026-07-20 21:15:59.090,,,,,,28.12,929.6,20.5,-40.0,1.0,1.0,0.0,0.0,0.0,66.0
2026-07-20 21:15:59.242,,,,,,28.12,929.6,20.5,-40.0,1.0,1.0,0.0,0.0,0.0,66.0
2026-07-20 21:15:59.442,,,,,,28.12,929.6,20.5,-40.0,1.0,1.0,0.0,0.0,0.0,66.0
2026-07-20 21:15:59.642,,,,,,28.12,929.7,21.3,-40.0,1.0,1.0,0.0,0.0,0.0,66.0
2026-07-20 21:15:59.863,,,,,,28.12,929.7,21.3,-40.0,1.0,1.0,0.0,0.0,0.0,66.0
2026-07-20 21:16:00.090,,,,,,28.12,929.6,21.7,-40.0,1.0,1.0,0.0,0.0,0.0,67.0
2026-07-20 21:16:00.242,,,,,,28.12,929.6,21.7,-40.0,1.0,1.0,0.0,0.0,0.0,67.0
2026-07-20 21:16:00.442,,,,,,28.12,929.6,21.7,-40.0,1.0,1.0,0.0,0.0,0.0,67.0
2026-07-20 21:16:00.642,,,,,,28.12,929.6,21.9,-40.0,1.0,1.0,0.0,0.0,0.0,67.0
2026-07-20 21:16:00.841,,,,,,28.12,929.6,21.9,-40.0,1.0,1.0,0.0,0.0,0.0,67.0
2026-07-20 21:16:01.090,,,,,,28.12,929.7,21.7,-40.0,1.0,1.0,0.0,0.0,0.0,68.0
2026-07-20 21:16:01.242,,,,,,28.12,929.7,21.7,-40.0,1.0,1.0,0.0,0.0,0.0,68.0
2026-07-20 21:16:01.441,,,,,,28.12,929.7,21.7,-40.0,1.0,1.0,0.0,0.0,0.0,68.0
2026-07-20 21:16:01.642,,,,,,28.12,929.7,21.4,-40.0,1.0,1.0,0.0,0.0,0.0,68.0
2026-07-20 21:16:01.842,,,,,,28.12,929.7,21.4,-40.0,1.0,1.0,0.0,0.0,0.0,68.0
2026-07-20 21:16:02.090,,,,,,28.12,929.7,21.6,-40.0,1.0,1.0,0.0,0.0,0.0,69.0
2026-07-20 21:16:02.242,,,,,,28.12,929.7,21.6,-40.0,1.0,1.0,0.0,0.0,0.0,69.0
2026-07-20 21:16:02.441,,,,,,28.12,929.7,21.6,-40.0,1.0,1.0,0.0,0.0,0.0,69.0
2026-07-20 21:16:02.642,,,,,,28.12,929.7,21.4,-40.0,1.0,1.0,0.0,0.0,0.0,69.0
2026-07-20 21:16:02.842,,,,,,28.12,929.7,21.4,-40.0,1.0,1.0,0.0,0.0,0.0,69.0
2026-07-20 21:16:03.090,,,,,,28.12,929.7,21.1,-40.0,1.0,1.0,0.0,0.0,0.0,70.0
2026-07-20 21:16:03.271,,,,,,28.12,929.7,21.1,-40.0,1.0,1.0,0.0,0.0,0.0,70.0
2026-07-20 21:16:03.442,,,,,,28.12,929.7,21.1,-40.0,1.0,1.0,0.0,0.0,0.0,70.0
2026-07-20 21:16:03.642,,,,,,28.12,929.6,20.4,-40.0,1.0,1.0,0.0,0.0,0.0,70.0
2026-07-20 21:16:03.841,,,,,,28.12,929.6,20.4,-40.0,1.0,1.0,0.0,0.0,0.0,70.0
2026-07-20 21:16:04.089,,,,,,28.12,929.7,21.0,-40.0,1.0,1.0,0.0,0.0,0.0,71.0
2026-07-20 21:16:04.261,,,,,,28.12,929.7,21.0,-40.0,1.0,1.0,0.0,0.0,0.0,71.0
2026-07-20 21:16:04.442,,,,,,28.12,929.7,21.0,-40.0,1.0,1.0,0.0,0.0,0.0,71.0
2026-07-20 21:16:04.642,,,,,,28.12,929.6,20.4,-40.0,1.0,1.0,0.0,0.0,0.0,71.0
2026-07-20 21:16:04.841,,,,,,28.12,929.6,20.4,-40.0,1.0,1.0,0.0,0.0,0.0,71.0
2026-07-20 21:16:05.090,,,,,,28.12,929.7,21.1,-40.0,1.0,1.0,0.0,0.0,0.0,72.0
2026-07-20 21:16:05.254,,,,,,28.12,929.7,21.1,-40.0,1.0,1.0,0.0,0.0,0.0,72.0
2026-07-20 21:16:05.441,,,,,,28.12,929.7,21.1,-40.0,1.0,1.0,0.0,0.0,0.0,72.0
2026-07-20 21:16:05.642,,,,,,28.12,929.7,21.0,-40.0,1.0,1.0,0.0,0.0,0.0,72.0
2026-07-20 21:16:05.841,,,,,,28.12,929.7,21.0,-40.0,1.0,1.0,0.0,0.0,0.0,72.0
2026-07-20 21:16:06.090,,,,,,28.12,929.6,20.5,-40.0,1.0,1.0,0.0,0.0,0.0,73.0
2026-07-20 21:16:06.242,,,,,,28.12,929.6,20.5,-40.0,1.0,1.0,0.0,0.0,0.0,73.0
2026-07-20 21:16:06.442,,,,,,28.12,929.6,20.5,-40.0,1.0,1.0,0.0,0.0,0.0,73.0
2026-07-20 21:16:06.641,,,,,,28.12,929.7,20.5,-40.0,1.0,1.0,0.0,0.0,0.0,73.0
2026-07-20 21:16:06.841,,,,,,28.12,929.7,20.5,-40.0,1.0,1.0,0.0,0.0,0.0,73.0
2026-07-20 21:16:07.090,,,,,,28.12,929.6,20.9,-40.0,1.0,1.0,0.0,0.0,0.0,74.0
2026-07-20 21:16:07.250,,,,,,28.12,929.6,20.9,-40.0,1.0,1.0,0.0,0.0,0.0,74.0
2026-07-20 21:16:07.442,,,,,,28.12,929.6,20.9,-40.0,1.0,1.0,0.0,0.0,0.0,74.0
2026-07-20 21:16:07.642,,,,,,28.12,929.6,19.9,-40.0,1.0,1.0,0.0,0.0,0.0,74.0
2026-07-20 21:16:07.841,,,,,,28.12,929.6,19.9,-40.0,1.0,1.0,0.0,0.0,0.0,74.0
2026-07-20 21:16:08.089,,,,,,28.12,929.7,20.7,-40.0,1.0,1.0,0.0,0.0,0.0,75.0
2026-07-20 21:16:08.249,,,,,,28.12,929.7,20.7,-40.0,1.0,1.0,0.0,0.0,0.0,75.0
2026-07-20 21:16:08.442,,,,,,28.12,929.7,20.7,-40.0,1.0,1.0,0.0,0.0,0.0,75.0
2026-07-20 21:16:08.642,,,,,,28.12,929.6,20.6,-40.0,1.0,1.0,0.0,0.0,0.0,75.0
2026-07-20 21:16:08.842,,,,,,28.12,929.6,20.6,-40.0,1.0,1.0,0.0,0.0,0.0,75.0
2026-07-20 21:16:09.091,,,,,,28.12,929.6,20.3,-40.0,1.0,1.0,0.0,0.0,0.0,76.0
2026-07-20 21:16:09.264,,,,,,28.12,929.6,20.3,-40.0,1.0,1.0,0.0,0.0,0.0,76.0
2026-07-20 21:16:09.442,,,,,,28.12,929.6,20.3,-40.0,1.0,1.0,0.0,0.0,0.0,76.0
2026-07-20 21:16:09.641,,,,,,28.12,929.6,20.1,-40.0,1.0,1.0,0.0,0.0,0.0,76.0
2026-07-20 21:16:09.873,,,,,,28.12,929.6,20.1,-40.0,1.0,1.0,0.0,0.0,0.0,76.0
2026-07-20 21:16:10.091,,,,,,28.12,929.6,20.2,-40.0,1.0,1.0,0.0,0.0,0.0,77.0
2026-07-20 21:16:10.241,,,,,,28.12,929.6,20.2,-40.0,1.0,1.0,0.0,0.0,0.0,77.0
2026-07-20 21:16:10.465,,,,,,28.12,929.6,20.2,-40.0,1.0,1.0,0.0,0.0,0.0,77.0
2026-07-20 21:16:10.642,,,,,,28.12,929.6,19.5,-40.0,1.0,1.0,0.0,0.0,0.0,77.0
2026-07-20 21:16:10.841,,,,,,28.12,929.6,19.5,-40.0,1.0,1.0,0.0,0.0,0.0,77.0
2026-07-20 21:16:11.091,,,,,,28.12,929.7,20.2,-40.0,1.0,1.0,0.0,0.0,0.0,78.0
2026-07-20 21:16:11.242,,,,,,28.12,929.7,20.2,-40.0,1.0,1.0,0.0,0.0,0.0,78.0
2026-07-20 21:16:11.442,,,,,,28.12,929.7,20.2,-40.0,1.0,1.0,0.0,0.0,0.0,78.0
2026-07-20 21:16:11.642,,,,,,28.12,929.7,20.0,-40.0,1.0,1.0,0.0,0.0,0.0,78.0
2026-07-20 21:16:11.841,,,,,,28.12,929.7,20.0,-40.0,1.0,1.0,0.0,0.0,0.0,78.0
2026-07-20 21:16:12.090,,,,,,28.12,929.6,19.8,-40.0,1.0,1.0,0.0,0.0,0.0,79.0
2026-07-20 21:16:12.245,,,,,,28.12,929.6,19.8,-40.0,1.0,1.0,0.0,0.0,0.0,79.0
2026-07-20 21:16:12.442,,,,,,28.12,929.6,19.8,-40.0,1.0,1.0,0.0,0.0,0.0,79.0
2026-07-20 21:16:12.641,,,,,,28.12,929.6,19.8,-40.0,1.0,1.0,0.0,0.0,0.0,79.0
2026-07-20 21:16:12.841,,,,,,28.12,929.6,19.8,-40.0,1.0,1.0,0.0,0.0,0.0,79.0
2026-07-20 21:16:13.089,,,,,,28.12,929.6,19.4,-40.0,1.0,1.0,0.0,0.0,0.0,80.0
2026-07-20 21:16:13.256,,,,,,28.12,929.6,19.4,-40.0,1.0,1.0,0.0,0.0,0.0,80.0
2026-07-20 21:16:13.442,,,,,,28.12,929.6,19.4,-40.0,1.0,1.0,0.0,0.0,0.0,80.0
2026-07-20 21:16:13.642,,,,,,28.12,929.7,18.6,-40.0,1.0,1.0,0.0,0.0,0.0,80.0
2026-07-20 21:16:13.841,,,,,,28.12,929.7,18.6,-40.0,1.0,1.0,0.0,0.0,0.0,80.0
2026-07-20 21:16:14.090,,,,,,28.12,929.6,19.6,-40.0,1.0,1.0,0.0,0.0,0.0,81.0
2026-07-20 21:16:14.267,,,,,,28.12,929.6,19.6,-40.0,1.0,1.0,0.0,0.0,0.0,81.0
2026-07-20 21:16:14.441,,,,,,28.12,929.6,19.6,-40.0,1.0,1.0,0.0,0.0,0.0,81.0
2026-07-20 21:16:14.642,,,,,,28.12,929.6,19.0,-40.0,1.0,1.0,0.0,0.0,0.0,81.0
2026-07-20 21:16:14.841,,,,,,28.12,929.6,19.0,-40.0,1.0,1.0,0.0,0.0,0.0,81.0
2026-07-20 21:16:15.090,,,,,,28.12,929.7,19.0,-40.0,1.0,1.0,0.0,0.0,0.0,82.0
2026-07-20 21:16:15.248,,,,,,28.12,929.7,19.0,-40.0,1.0,1.0,0.0,0.0,0.0,82.0
2026-07-20 21:16:15.441,,,,,,28.12,929.7,19.0,-40.0,1.0,1.0,0.0,0.0,0.0,82.0
2026-07-20 21:16:15.642,,,,,,28.12,929.6,19.4,-40.0,1.0,1.0,0.0,0.0,0.0,82.0
2026-07-20 21:16:15.842,,,,,,28.12,929.6,19.4,-40.0,1.0,1.0,0.0,0.0,0.0,82.0
2026-07-20 21:16:16.090,,,,,,28.12,929.6,19.5,-40.0,1.0,1.0,0.0,0.0,0.0,83.0
2026-07-20 21:16:16.277,,,,,,28.12,929.6,19.5,-40.0,1.0,1.0,0.0,0.0,0.0,83.0
2026-07-20 21:16:16.442,,,,,,28.12,929.6,19.5,-40.0,1.0,1.0,0.0,0.0,0.0,83.0
2026-07-20 21:16:16.642,,,,,,28.12,929.7,19.3,-40.0,1.0,1.0,0.0,0.0,0.0,83.0
2026-07-20 21:16:16.842,,,,,,28.12,929.7,19.3,-40.0,1.0,1.0,0.0,0.0,0.0,83.0
2026-07-20 21:16:17.090,,,,,,28.12,929.6,19.0,-40.0,1.0,1.0,0.0,0.0,0.0,84.0
2026-07-20 21:16:17.255,,,,,,28.12,929.6,19.0,-40.0,1.0,1.0,0.0,0.0,0.0,84.0
2026-07-20 21:16:17.441,,,,,,28.12,929.6,19.0,-40.0,1.0,1.0,0.0,0.0,0.0,84.0
2026-07-20 21:16:17.641,,,,,,28.12,929.6,19.2,-40.0,1.0,1.0,0.0,0.0,0.0,84.0
2026-07-20 21:16:17.842,,,,,,28.12,929.6,19.2,-40.0,1.0,1.0,0.0,0.0,0.0,84.0
2026-07-20 21:16:18.090,,,,,,28.12,929.6,18.9,-40.0,1.0,1.0,0.0,0.0,0.0,85.0
2026-07-20 21:16:18.267,,,,,,28.12,929.6,18.9,-40.0,1.0,1.0,0.0,0.0,0.0,85.0
2026-07-20 21:16:18.441,,,,,,28.12,929.6,18.9,-40.0,1.0,1.0,0.0,0.0,0.0,85.0
2026-07-20 21:16:18.641,,,,,,28.11,929.7,19.4,-40.0,1.0,1.0,0.0,0.0,0.0,85.0
2026-07-20 21:16:18.841,,,,,,28.11,929.7,19.4,-40.0,1.0,1.0,0.0,0.0,0.0,85.0
2026-07-20 21:16:19.090,,,,,,28.12,929.6,19.2,-40.0,1.0,1.0,0.0,0.0,0.0,86.0
2026-07-20 21:16:19.241,,,,,,28.12,929.6,19.2,-40.0,1.0,1.0,0.0,0.0,0.0,86.0
2026-07-20 21:16:19.441,,,,,,28.12,929.6,19.2,-40.0,1.0,1.0,0.0,0.0,0.0,86.0
2026-07-20 21:16:19.642,,,,,,28.12,929.6,19.0,-40.0,1.0,1.0,0.0,0.0,0.0,86.0
2026-07-20 21:16:19.841,,,,,,28.12,929.6,19.0,-40.0,1.0,1.0,0.0,0.0,0.0,86.0
2026-07-20 21:16:20.090,,,,,,28.12,929.6,19.2,-40.0,1.0,1.0,0.0,0.0,0.0,87.0
2026-07-20 21:16:20.268,,,,,,28.12,929.6,19.2,-40.0,1.0,1.0,0.0,0.0,0.0,87.0
2026-07-20 21:16:20.442,,,,,,28.12,929.6,19.2,-40.0,1.0,1.0,0.0,0.0,0.0,87.0
2026-07-20 21:16:20.641,,,,,,28.12,929.6,19.4,-40.0,1.0,1.0,0.0,0.0,0.0,87.0
2026-07-20 21:16:20.841,,,,,,28.12,929.6,19.4,-40.0,1.0,1.0,0.0,0.0,0.0,87.0
2026-07-20 21:16:21.090,,,,,,28.12,929.6,19.3,-40.0,1.0,1.0,0.0,0.0,0.0,88.0
2026-07-20 21:16:21.265,,,,,,28.12,929.6,19.3,-40.0,1.0,1.0,0.0,0.0,0.0,88.0
2026-07-20 21:16:21.441,,,,,,28.12,929.6,19.3,-40.0,1.0,1.0,0.0,0.0,0.0,88.0
2026-07-20 21:16:21.641,,,,,,28.12,929.6,19.4,-40.0,1.0,1.0,0.0,0.0,0.0,88.0
2026-07-20 21:16:21.841,,,,,,28.12,929.6,19.4,-40.0,1.0,1.0,0.0,0.0,0.0,88.0
2026-07-20 21:16:22.090,,,,,,28.12,929.6,19.0,-40.0,1.0,1.0,0.0,0.0,0.0,89.0
2026-07-20 21:16:22.260,,,,,,28.12,929.6,19.0,-40.0,1.0,1.0,0.0,0.0,0.0,89.0
2026-07-20 21:16:22.441,,,,,,28.12,929.6,19.0,-40.0,1.0,1.0,0.0,0.0,0.0,89.0
2026-07-20 21:16:22.642,,,,,,28.12,929.6,18.8,-40.0,1.0,1.0,0.0,0.0,0.0,89.0
2026-07-20 21:16:22.851,,,,,,28.12,929.6,18.8,-40.0,1.0,1.0,0.0,0.0,0.0,89.0
2026-07-20 21:16:23.090,,,,,,28.12,929.6,19.2,-40.0,1.0,1.0,0.0,0.0,0.0,90.0
2026-07-20 21:16:23.249,,,,,,28.12,929.6,19.2,-40.0,1.0,1.0,0.0,0.0,0.0,90.0
2026-07-20 21:16:23.441,,,,,,28.12,929.6,19.2,-40.0,1.0,1.0,0.0,0.0,0.0,90.0
2026-07-20 21:16:23.641,,,,,,28.12,929.6,18.9,-40.0,1.0,1.0,0.0,0.0,0.0,90.0
2026-07-20 21:16:23.841,,,,,,28.12,929.6,18.9,-40.0,1.0,1.0,0.0,0.0,0.0,90.0
2026-07-20 21:16:24.090,,,,,,28.12,929.6,18.7,-40.0,1.0,1.0,0.0,0.0,0.0,91.0
2026-07-20 21:16:24.241,,,,,,28.12,929.6,18.7,-40.0,1.0,1.0,0.0,0.0,0.0,91.0
2026-07-20 21:16:24.441,,,,,,28.12,929.6,18.7,-40.0,1.0,1.0,0.0,0.0,0.0,91.0
2026-07-20 21:16:24.641,,,,,,28.12,929.6,18.9,-40.0,1.0,1.0,0.0,0.0,0.0,91.0
2026-07-20 21:16:24.841,,,,,,28.12,929.6,18.9,-40.0,1.0,1.0,0.0,0.0,0.0,91.0
2026-07-20 21:16:25.090,,,,,,28.12,929.6,19.1,-40.0,1.0,1.0,0.0,0.0,0.0,92.0
2026-07-20 21:16:25.241,,,,,,28.12,929.6,19.1,-40.0,1.0,1.0,0.0,0.0,0.0,92.0
2026-07-20 21:16:25.441,,,,,,28.12,929.6,19.1,-40.0,1.0,1.0,0.0,0.0,0.0,92.0
2026-07-20 21:16:25.641,,,,,,28.12,929.7,19.2,-40.0,1.0,1.0,0.0,0.0,0.0,92.0
2026-07-20 21:16:25.841,,,,,,28.12,929.7,19.2,-40.0,1.0,1.0,0.0,0.0,0.0,92.0
2026-07-20 21:16:26.090,,,,,,28.12,929.5,19.3,-40.0,1.0,1.0,0.0,0.0,0.0,93.0
2026-07-20 21:16:26.265,,,,,,28.12,929.5,19.3,-40.0,1.0,1.0,0.0,0.0,0.0,93.0
2026-07-20 21:16:26.441,,,,,,28.12,929.5,19.3,-40.0,1.0,1.0,0.0,0.0,0.0,93.0
2026-07-20 21:16:26.642,,,,,,28.12,929.6,19.1,-40.0,1.0,1.0,0.0,0.0,0.0,93.0
2026-07-20 21:16:26.842,,,,,,28.12,929.6,19.1,-40.0,1.0,1.0,0.0,0.0,0.0,93.0
2026-07-20 21:16:27.090,,,,,,28.12,929.6,19.0,-40.0,1.0,1.0,0.0,0.0,0.0,94.0
2026-07-20 21:16:27.276,,,,,,28.12,929.6,19.0,-40.0,1.0,1.0,0.0,0.0,0.0,94.0
2026-07-20 21:16:27.441,,,,,,28.12,929.6,19.0,-40.0,1.0,1.0,0.0,0.0,0.0,94.0
2026-07-20 21:16:27.641,,,,,,28.12,929.6,19.1,-40.0,1.0,1.0,0.0,0.0,0.0,94.0
2026-07-20 21:16:27.841,,,,,,28.12,929.6,19.1,-40.0,1.0,1.0,0.0,0.0,0.0,94.0
2026-07-20 21:16:28.090,,,,,,28.12,929.6,19.3,-40.0,1.0,1.0,0.0,0.0,0.0,95.0
2026-07-20 21:16:28.267,,,,,,28.12,929.6,19.3,-40.0,1.0,1.0,0.0,0.0,0.0,95.0
2026-07-20 21:16:28.441,,,,,,28.12,929.6,19.3,-40.0,1.0,1.0,0.0,0.0,0.0,95.0
2026-07-20 21:16:28.641,,,,,,28.12,929.6,19.4,-40.0,1.0,1.0,0.0,0.0,0.0,95.0
2026-07-20 21:16:28.842,,,,,,28.12,929.6,19.4,-40.0,1.0,1.0,0.0,0.0,0.0,95.0
2026-07-20 21:16:29.090,,,,,,28.12,929.7,19.1,-40.0,1.0,1.0,0.0,0.0,0.0,96.0
2026-07-20 21:16:29.273,,,,,,28.12,929.7,19.1,-40.0,1.0,1.0,0.0,0.0,0.0,96.0
2026-07-20 21:16:29.441,,,,,,28.12,929.7,19.1,-40.0,1.0,1.0,0.0,0.0,0.0,96.0
2026-07-20 21:16:29.641,,,,,,28.12,929.6,18.9,-40.0,1.0,1.0,0.0,0.0,0.0,96.0
2026-07-20 21:16:29.841,,,,,,28.12,929.6,18.9,-40.0,1.0,1.0,0.0,0.0,0.0,96.0
2026-07-20 21:16:30.089,,,,,,28.12,929.6,18.8,-40.0,1.0,1.0,0.0,0.0,0.0,97.0
2026-07-20 21:16:30.241,,,,,,28.12,929.6,18.8,-40.0,1.0,1.0,0.0,0.0,0.0,97.0
2026-07-20 21:16:30.441,,,,,,28.12,929.6,18.8,-40.0,1.0,1.0,0.0,0.0,0.0,97.0
2026-07-20 21:16:30.641,,,,,,28.12,929.6,19.3,-40.0,1.0,1.0,0.0,0.0,0.0,97.0
2026-07-20 21:16:30.841,,,,,,28.12,929.6,19.3,-40.0,1.0,1.0,0.0,0.0,0.0,97.0
2026-07-20 21:16:31.089,,,,,,28.12,929.6,19.5,-40.0,1.0,1.0,0.0,0.0,0.0,98.0
2026-07-20 21:16:31.241,,,,,,28.12,929.6,19.5,-40.0,1.0,1.0,0.0,0.0,0.0,98.0
2026-07-20 21:16:31.441,,,,,,28.12,929.6,19.5,-40.0,1.0,1.0,0.0,0.0,0.0,98.0
2026-07-20 21:16:31.642,,,,,,28.12,929.6,18.8,-40.0,1.0,1.0,0.0,0.0,0.0,98.0
2026-07-20 21:16:31.841,,,,,,28.12,929.6,18.8,-40.0,1.0,1.0,0.0,0.0,0.0,98.0
2026-07-20 21:16:32.090,,,,,,28.12,929.6,19.1,-40.0,1.0,1.0,0.0,0.0,0.0,99.0
2026-07-20 21:16:32.242,,,,,,28.12,929.6,19.1,-40.0,1.0,1.0,0.0,0.0,0.0,99.0
2026-07-20 21:16:32.441,,,,,,28.12,929.6,19.1,-40.0,1.0,1.0,0.0,0.0,0.0,99.0
2026-07-20 21:16:32.641,,,,,,28.12,929.6,19.0,-40.0,1.0,1.0,0.0,0.0,0.0,99.0
2026-07-20 21:16:32.841,,,,,,28.12,929.6,19.0,-40.0,1.0,1.0,0.0,0.0,0.0,99.0
2026-07-20 21:16:33.089,,,,,,28.12,929.6,19.1,-40.0,1.0,1.0,0.0,0.0,0.0,100.0
2026-07-20 21:16:33.242,,,,,,28.12,929.6,19.1,-40.0,1.0,1.0,0.0,0.0,0.0,100.0
2026-07-20 21:16:33.441,,,,,,28.12,929.6,19.1,-40.0,1.0,1.0,0.0,0.0,0.0,100.0
2026-07-20 21:16:33.642,,,,,,28.12,929.6,19.1,-40.0,1.0,1.0,0.0,0.0,0.0,100.0
2026-07-20 21:16:33.841,,,,,,28.12,929.6,19.1,-40.0,1.0,1.0,0.0,0.0,0.0,100.0
2026-07-20 21:16:34.089,,,,,,28.12,929.6,19.1,-40.0,1.0,1.0,0.0,0.0,0.0,101.0
2026-07-20 21:16:34.260,,,,,,28.12,929.6,19.1,-40.0,1.0,1.0,0.0,0.0,0.0,101.0
2026-07-20 21:16:34.441,,,,,,28.12,929.6,19.1,-40.0,1.0,1.0,0.0,0.0,0.0,101.0
2026-07-20 21:16:34.641,,,,,,28.12,929.7,19.0,-40.0,1.0,1.0,0.0,0.0,0.0,101.0
2026-07-20 21:16:34.841,,,,,,28.12,929.7,19.0,-40.0,1.0,1.0,0.0,0.0,0.0,101.0
2026-07-20 21:16:35.089,,,,,,28.12,929.6,19.0,-40.0,1.0,1.0,0.0,0.0,0.0,102.0
2026-07-20 21:16:35.275,,,,,,28.12,929.6,19.0,-40.0,1.0,1.0,0.0,0.0,0.0,102.0
2026-07-20 21:16:35.441,,,,,,28.12,929.6,19.0,-40.0,1.0,1.0,0.0,0.0,0.0,102.0
2026-07-20 21:16:35.641,,,,,,28.12,929.6,19.2,-40.0,1.0,1.0,0.0,0.0,0.0,102.0
2026-07-20 21:16:35.841,,,,,,28.12,929.6,19.2,-40.0,1.0,1.0,0.0,0.0,0.0,102.0
2026-07-20 21:16:36.089,,,,,,28.13,929.6,19.1,-40.0,1.0,1.0,0.0,0.0,0.0,103.0
2026-07-20 21:16:36.241,,,,,,28.13,929.6,19.1,-40.0,1.0,1.0,0.0,0.0,0.0,103.0
2026-07-20 21:16:36.441,,,,,,28.13,929.6,19.1,-40.0,1.0,1.0,0.0,0.0,0.0,103.0
2026-07-20 21:16:36.641,,,,,,28.12,929.6,18.9,-40.0,1.0,1.0,0.0,0.0,0.0,103.0
2026-07-20 21:16:36.841,,,,,,28.12,929.6,18.9,-40.0,1.0,1.0,0.0,0.0,0.0,103.0
2026-07-20 21:16:37.089,,,,,,28.12,929.6,19.0,-40.0,1.0,1.0,0.0,0.0,0.0,104.0
2026-07-20 21:16:37.241,,,,,,28.12,929.6,19.0,-40.0,1.0,1.0,0.0,0.0,0.0,104.0
2026-07-20 21:16:37.441,,,,,,28.12,929.6,19.0,-40.0,1.0,1.0,0.0,0.0,0.0,104.0
2026-07-20 21:16:37.641,,,,,,28.12,929.6,19.0,-40.0,1.0,1.0,0.0,0.0,0.0,104.0
2026-07-20 21:16:37.841,,,,,,28.12,929.6,19.0,-40.0,1.0,1.0,0.0,0.0,0.0,104.0
2026-07-20 21:16:38.089,,,,,,28.12,929.7,18.9,-40.0,1.0,1.0,0.0,0.0,0.0,105.0
2026-07-20 21:16:38.269,,,,,,28.12,929.7,18.9,-40.0,1.0,1.0,0.0,0.0,0.0,105.0
2026-07-20 21:16:38.441,,,,,,28.12,929.7,18.9,-40.0,1.0,1.0,0.0,0.0,0.0,105.0
2026-07-20 21:16:38.641,,,,,,28.12,929.6,19.2,-40.0,1.0,1.0,0.0,0.0,0.0,105.0
2026-07-20 21:16:38.841,,,,,,28.12,929.6,19.2,-40.0,1.0,1.0,0.0,0.0,0.0,105.0
2026-07-20 21:16:39.089,,,,,,28.12,929.6,19.4,-40.0,1.0,1.0,0.0,0.0,0.0,106.0
2026-07-20 21:16:39.270,,,,,,28.12,929.6,19.4,-40.0,1.0,1.0,0.0,0.0,0.0,106.0
2026-07-20 21:16:39.441,,,,,,28.12,929.6,19.4,-40.0,1.0,1.0,0.0,0.0,0.0,106.0
2026-07-20 21:16:39.640,,,,,,28.12,929.6,19.2,-40.0,1.0,1.0,0.0,0.0,0.0,106.0
2026-07-20 21:16:39.841,,,,,,28.12,929.6,19.2,-40.0,1.0,1.0,0.0,0.0,0.0,106.0
2026-07-20 21:16:40.089,,,,,,28.12,929.6,19.0,-40.0,1.0,1.0,0.0,0.0,0.0,107.0
2026-07-20 21:16:40.269,,,,,,28.12,929.6,19.0,-40.0,1.0,1.0,0.0,0.0,0.0,107.0
2026-07-20 21:16:40.441,,,,,,28.12,929.6,19.0,-40.0,1.0,1.0,0.0,0.0,0.0,107.0
2026-07-20 21:16:40.641,,,,,,28.12,929.6,19.1,-40.0,1.0,1.0,0.0,0.0,0.0,107.0
2026-07-20 21:16:40.847,,,,,,28.12,929.6,19.1,-40.0,1.0,1.0,0.0,0.0,0.0,107.0
2026-07-20 21:16:41.090,,,,,,28.12,929.6,18.4,-40.0,1.0,1.0,0.0,0.0,0.0,108.0
2026-07-20 21:16:41.279,,,,,,28.12,929.6,18.4,-40.0,1.0,1.0,0.0,0.0,0.0,108.0
2026-07-20 21:16:41.440,,,,,,28.12,929.6,18.4,-40.0,1.0,1.0,0.0,0.0,0.0,108.0
2026-07-20 21:16:41.641,,,,,,28.12,929.6,19.2,-40.0,1.0,1.0,0.0,0.0,0.0,108.0
2026-07-20 21:16:41.841,,,,,,28.12,929.6,19.2,-40.0,1.0,1.0,0.0,0.0,0.0,108.0
2026-07-20 21:16:42.089,,,,,,28.13,929.7,19.3,-40.0,1.0,1.0,0.0,0.0,0.0,109.0
2026-07-20 21:16:42.241,,,,,,28.13,929.7,19.3,-40.0,1.0,1.0,0.0,0.0,0.0,109.0
2026-07-20 21:16:42.441,,,,,,28.13,929.7,19.3,-40.0,1.0,1.0,0.0,0.0,0.0,109.0
2026-07-20 21:16:42.641,,,,,,28.13,929.7,18.4,-40.0,1.0,1.0,0.0,0.0,0.0,109.0
2026-07-20 21:16:42.841,,,,,,28.13,929.7,18.4,-40.0,1.0,1.0,0.0,0.0,0.0,109.0
2026-07-20 21:16:43.089,,,,,,28.12,929.6,19.1,-40.0,1.0,1.0,0.0,0.0,0.0,110.0
2026-07-20 21:16:43.273,,,,,,28.12,929.6,19.1,-40.0,1.0,1.0,0.0,0.0,0.0,110.0
2026-07-20 21:16:43.441,,,,,,28.12,929.6,19.1,-40.0,1.0,1.0,0.0,0.0,0.0,110.0
2026-07-20 21:16:43.642,,,,,,28.13,929.6,19.0,-40.0,1.0,1.0,0.0,0.0,0.0,110.0
2026-07-20 21:16:43.841,,,,,,28.13,929.6,19.0,-40.0,1.0,1.0,0.0,0.0,0.0,110.0
2026-07-20 21:16:44.088,,,,,,28.12,929.6,19.0,-40.0,1.0,1.0,0.0,0.0,0.0,111.0
2026-07-20 21:16:44.262,,,,,,28.12,929.6,19.0,-40.0,1.0,1.0,0.0,0.0,0.0,111.0
2026-07-20 21:16:44.440,,,,,,28.12,929.6,19.0,-40.0,1.0,1.0,0.0,0.0,0.0,111.0
2026-07-20 21:16:44.641,,,,,,28.12,929.6,18.8,-40.0,1.0,1.0,0.0,0.0,0.0,111.0
2026-07-20 21:16:44.841,,,,,,28.12,929.6,18.8,-40.0,1.0,1.0,0.0,0.0,0.0,111.0
2026-07-20 21:16:45.089,,,,,,28.12,929.6,19.0,-40.0,1.0,1.0,0.0,0.0,0.0,112.0
2026-07-20 21:16:45.242,,,,,,28.12,929.6,19.0,-40.0,1.0,1.0,0.0,0.0,0.0,112.0
2026-07-20 21:16:45.440,,,,,,28.12,929.6,19.0,-40.0,1.0,1.0,0.0,0.0,0.0,112.0
2026-07-20 21:16:45.641,,,,,,28.12,929.6,19.2,-40.0,1.0,1.0,0.0,0.0,0.0,112.0
2026-07-20 21:16:45.841,,,,,,28.12,929.6,19.2,-40.0,1.0,1.0,0.0,0.0,0.0,112.0
2026-07-20 21:16:46.088,,,,,,28.12,929.6,19.3,-40.0,1.0,1.0,0.0,0.0,0.0,113.0
2026-07-20 21:16:46.264,,,,,,28.12,929.6,19.3,-40.0,1.0,1.0,0.0,0.0,0.0,113.0
2026-07-20 21:16:46.442,,,,,,28.12,929.6,19.3,-40.0,1.0,1.0,0.0,0.0,0.0,113.0
2026-07-20 21:16:46.641,,,,,,28.12,929.6,19.4,-40.0,1.0,1.0,0.0,0.0,0.0,113.0
2026-07-20 21:16:46.843,,,,,,28.12,929.6,19.4,-40.0,1.0,1.0,0.0,0.0,0.0,113.0
2026-07-20 21:16:47.089,,,,,,28.12,929.6,19.4,-40.0,1.0,1.0,0.0,0.0,0.0,114.0
2026-07-20 21:16:47.280,,,,,,28.12,929.6,19.4,-40.0,1.0,1.0,0.0,0.0,0.0,114.0
2026-07-20 21:16:47.440,,,,,,28.12,929.6,19.4,-40.0,1.0,1.0,0.0,0.0,0.0,114.0
2026-07-20 21:16:47.641,,,,,,28.12,929.6,18.5,-40.0,1.0,1.0,0.0,0.0,0.0,114.0
2026-07-20 21:16:47.841,,,,,,28.12,929.6,18.5,-40.0,1.0,1.0,0.0,0.0,0.0,114.0
2026-07-20 21:16:48.090,,,,,,28.13,929.6,19.5,-40.0,1.0,1.0,0.0,0.0,0.0,115.0
2026-07-20 21:16:48.246,,,,,,28.13,929.6,19.5,-40.0,1.0,1.0,0.0,0.0,0.0,115.0
2026-07-20 21:16:48.441,,,,,,28.13,929.6,19.5,-40.0,1.0,1.0,0.0,0.0,0.0,115.0
2026-07-20 21:16:48.641,,,,,,28.12,929.7,19.0,-40.0,1.0,1.0,0.0,0.0,0.0,115.0
2026-07-20 21:16:48.841,,,,,,28.12,929.7,19.0,-40.0,1.0,1.0,0.0,0.0,0.0,115.0
2026-07-20 21:16:49.089,,,,,,28.12,929.6,19.2,-40.0,1.0,1.0,0.0,0.0,0.0,116.0
2026-07-20 21:16:49.271,,,,,,28.12,929.6,19.2,-40.0,1.0,1.0,0.0,0.0,0.0,116.0
2026-07-20 21:16:49.441,,,,,,28.12,929.6,19.2,-40.0,1.0,1.0,0.0,0.0,0.0,116.0
2026-07-20 21:16:49.640,,,,,,28.13,929.6,19.0,-40.0,1.0,1.0,0.0,0.0,0.0,116.0
2026-07-20 21:16:49.841,,,,,,28.13,929.6,19.0,-40.0,1.0,1.0,0.0,0.0,0.0,116.0
2026-07-20 21:16:50.088,,,,,,28.12,929.6,18.9,-40.0,1.0,1.0,0.0,0.0,0.0,117.0
2026-07-20 21:16:50.275,,,,,,28.12,929.6,18.9,-40.0,1.0,1.0,0.0,0.0,0.0,117.0
2026-07-20 21:16:50.441,,,,,,28.12,929.6,18.9,-40.0,1.0,1.0,0.0,0.0,0.0,117.0
2026-07-20 21:16:50.641,,,,,,28.13,929.7,19.0,-40.0,1.0,1.0,0.0,0.0,0.0,117.0
2026-07-20 21:16:50.841,,,,,,28.13,929.7,19.0,-40.0,1.0,1.0,0.0,0.0,0.0,117.0
2026-07-20 21:16:51.088,,,,,,28.12,929.7,19.0,-40.0,1.0,1.0,0.0,0.0,0.0,118.0
2026-07-20 21:16:51.241,,,,,,28.12,929.7,19.0,-40.0,1.0,1.0,0.0,0.0,0.0,118.0
2026-07-20 21:16:51.441,,,,,,28.12,929.7,19.0,-40.0,1.0,1.0,0.0,0.0,0.0,118.0
2026-07-20 21:16:51.640,,,,,,28.12,929.6,19.2,-40.0,1.0,1.0,0.0,0.0,0.0,118.0
2026-07-20 21:16:51.840,,,,,,28.12,929.6,19.2,-40.0,1.0,1.0,0.0,0.0,0.0,118.0
2026-07-20 21:16:52.089,,,,,,28.12,929.6,19.4,-40.0,1.0,1.0,0.0,0.0,0.0,119.0
2026-07-20 21:16:52.247,,,,,,28.12,929.6,19.4,-40.0,1.0,1.0,0.0,0.0,0.0,119.0
2026-07-20 21:16:52.440,,,,,,28.12,929.6,19.4,-40.0,1.0,1.0,0.0,0.0,0.0,119.0
2026-07-20 21:16:52.641,,,,,,28.12,929.6,18.7,-40.0,1.0,1.0,0.0,0.0,0.0,119.0
2026-07-20 21:16:52.847,,,,,,28.12,929.6,18.7,-40.0,1.0,1.0,0.0,0.0,0.0,119.0
2026-07-20 21:16:53.088,,,,,,28.12,929.6,19.0,-40.0,1.0,1.0,0.0,0.0,0.0,120.0
2026-07-20 21:16:53.241,,,,,,28.12,929.6,19.0,-40.0,1.0,1.0,0.0,0.0,0.0,120.0
2026-07-20 21:16:53.467,,,,,,28.12,929.6,19.0,-40.0,1.0,1.0,0.0,0.0,0.0,120.0
2026-07-20 21:16:53.641,,,,,,28.12,929.6,19.0,-40.0,1.0,1.0,0.0,0.0,0.0,120.0
2026-07-20 21:16:53.840,,,,,,28.12,929.6,19.0,-40.0,1.0,1.0,0.0,0.0,0.0,120.0
2026-07-20 21:16:54.088,,,,,,28.12,929.6,18.9,-40.0,1.0,1.0,0.0,0.0,0.0,121.0
2026-07-20 21:16:54.241,,,,,,28.12,929.6,18.9,-40.0,1.0,1.0,0.0,0.0,0.0,121.0
2026-07-20 21:16:54.440,,,,,,28.12,929.6,18.9,-40.0,1.0,1.0,0.0,0.0,0.0,121.0
2026-07-20 21:16:54.641,,,,,,28.12,929.6,19.8,-40.0,1.0,1.0,0.0,0.0,0.0,121.0
2026-07-20 21:16:54.841,,,,,,28.12,929.6,19.8,-40.0,1.0,1.0,0.0,0.0,0.0,121.0
2026-07-20 21:16:55.088,,,,,,28.12,929.6,20.3,-40.0,1.0,1.0,0.0,0.0,0.0,122.0
2026-07-20 21:16:55.241,,,,,,28.12,929.6,20.3,-40.0,1.0,1.0,0.0,0.0,0.0,122.0
2026-07-20 21:16:55.441,,,,,,28.12,929.6,20.3,-40.0,1.0,1.0,0.0,0.0,0.0,122.0
2026-07-20 21:16:55.641,,,,,,28.12,929.6,20.7,-40.0,1.0,1.0,0.0,0.0,0.0,122.0
2026-07-20 21:16:55.841,,,,,,28.12,929.6,20.7,-40.0,1.0,1.0,0.0,0.0,0.0,122.0
2026-07-20 21:16:56.089,,,,,,28.12,929.6,20.5,-40.0,1.0,1.0,0.0,0.0,0.0,123.0
2026-07-20 21:16:56.240,,,,,,28.12,929.6,20.5,-40.0,1.0,1.0,0.0,0.0,0.0,123.0
2026-07-20 21:16:56.440,,,,,,28.12,929.6,20.5,-40.0,1.0,1.0,0.0,0.0,0.0,123.0
2026-07-20 21:16:56.640,,,,,,28.13,929.7,21.2,-40.0,1.0,1.0,0.0,0.0,0.0,123.0
2026-07-20 21:16:56.840,,,,,,28.13,929.7,21.2,-40.0,1.0,1.0,0.0,0.0,0.0,123.0
2026-07-20 21:16:57.088,,,,,,28.12,929.6,21.5,-40.0,1.0,1.0,0.0,0.0,0.0,124.0
2026-07-20 21:16:57.241,,,,,,28.12,929.6,21.5,-40.0,1.0,1.0,0.0,0.0,0.0,124.0
2026-07-20 21:16:57.441,,,,,,28.12,929.6,21.5,-40.0,1.0,1.0,0.0,0.0,0.0,124.0
2026-07-20 21:16:57.641,,,,,,28.13,929.6,21.3,-40.0,1.0,1.0,0.0,0.0,0.0,124.0
2026-07-20 21:16:57.840,,,,,,28.13,929.6,21.3,-40.0,1.0,1.0,0.0,0.0,0.0,124.0
2026-07-20 21:16:58.088,,,,,,28.12,929.6,21.9,-40.0,1.0,1.0,0.0,0.0,0.0,125.0
2026-07-20 21:16:58.271,,,,,,28.12,929.6,21.9,-40.0,1.0,1.0,0.0,0.0,0.0,125.0
2026-07-20 21:16:58.441,,,,,,28.12,929.6,21.9,-40.0,1.0,1.0,0.0,0.0,0.0,125.0
2026-07-20 21:16:58.641,,,,,,28.12,929.6,21.6,-40.0,1.0,1.0,0.0,0.0,0.0,125.0
2026-07-20 21:16:58.841,,,,,,28.12,929.6,21.6,-40.0,1.0,1.0,0.0,0.0,0.0,125.0
2026-07-20 21:16:59.088,,,,,,28.12,929.6,22.1,-40.0,1.0,1.0,0.0,0.0,0.0,126.0
2026-07-20 21:16:59.240,,,,,,28.12,929.6,22.1,-40.0,1.0,1.0,0.0,0.0,0.0,126.0
2026-07-20 21:16:59.441,,,,,,28.12,929.6,22.1,-40.0,1.0,1.0,0.0,0.0,0.0,126.0
2026-07-20 21:16:59.641,,,,,,28.12,929.7,21.9,-40.0,1.0,1.0,0.0,0.0,0.0,126.0
2026-07-20 21:16:59.840,,,,,,28.12,929.7,21.9,-40.0,1.0,1.0,0.0,0.0,0.0,126.0
2026-07-20 21:17:00.088,,,,,,28.13,929.7,21.3,-40.0,1.0,1.0,0.0,0.0,0.0,127.0
2026-07-20 21:17:00.240,,,,,,28.13,929.7,21.3,-40.0,1.0,1.0,0.0,0.0,0.0,127.0
2026-07-20 21:17:00.440,,,,,,28.13,929.7,21.3,-40.0,1.0,1.0,0.0,0.0,0.0,127.0
2026-07-20 21:17:00.640,,,,,,28.12,929.6,21.6,-40.0,1.0,1.0,0.0,0.0,0.0,127.0
2026-07-20 21:17:00.840,,,,,,28.12,929.6,21.6,-40.0,1.0,1.0,0.0,0.0,0.0,127.0
2026-07-20 21:17:01.088,,,,,,28.13,929.7,21.7,-40.0,1.0,1.0,0.0,0.0,0.0,128.0
2026-07-20 21:17:01.240,,,,,,28.13,929.7,21.7,-40.0,1.0,1.0,0.0,0.0,0.0,128.0
2026-07-20 21:17:01.439,,,,,,28.13,929.7,21.7,-40.0,1.0,1.0,0.0,0.0,0.0,128.0
2026-07-20 21:17:01.641,,,,,,28.13,929.7,22.3,-40.0,1.0,1.0,0.0,0.0,0.0,128.0
2026-07-20 21:17:01.841,,,,,,28.13,929.7,22.3,-40.0,1.0,1.0,0.0,0.0,0.0,128.0
2026-07-20 21:17:02.088,,,,,,28.13,929.7,21.5,-40.0,1.0,1.0,0.0,0.0,0.0,129.0
2026-07-20 21:17:02.241,,,,,,28.13,929.7,21.5,-40.0,1.0,1.0,0.0,0.0,0.0,129.0
2026-07-20 21:17:02.450,,,,,,28.13,929.7,21.5,-40.0,1.0,1.0,0.0,0.0,0.0,129.0
2026-07-20 21:17:02.641,,,,,,28.13,929.6,22.0,-40.0,1.0,1.0,0.0,0.0,0.0,129.0
2026-07-20 21:17:02.841,,,,,,28.13,929.6,22.0,-40.0,1.0,1.0,0.0,0.0,0.0,129.0
2026-07-20 21:17:03.088,,,,,,28.12,929.6,21.5,-40.0,1.0,1.0,0.0,0.0,0.0,130.0
2026-07-20 21:17:03.240,,,,,,28.12,929.6,21.5,-40.0,1.0,1.0,0.0,0.0,0.0,130.0
2026-07-20 21:17:03.440,,,,,,28.12,929.6,21.5,-40.0,1.0,1.0,0.0,0.0,0.0,130.0
2026-07-20 21:17:03.641,,,,,,28.12,929.6,21.6,-40.0,1.0,1.0,0.0,0.0,0.0,130.0
2026-07-20 21:17:03.840,,,,,,28.12,929.6,21.6,-40.0,1.0,1.0,0.0,0.0,0.0,130.0
2026-07-20 21:17:04.089,,,,,,28.12,929.6,21.7,-40.0,1.0,1.0,0.0,0.0,0.0,131.0
2026-07-20 21:17:04.242,,,,,,28.12,929.6,21.7,-40.0,1.0,1.0,0.0,0.0,0.0,131.0
2026-07-20 21:17:04.440,,,,,,28.12,929.6,21.7,-40.0,1.0,1.0,0.0,0.0,0.0,131.0
2026-07-20 21:17:04.641,,,,,,28.12,929.7,21.4,-40.0,1.0,1.0,0.0,0.0,0.0,131.0
2026-07-20 21:17:04.840,,,,,,28.12,929.7,21.4,-40.0,1.0,1.0,0.0,0.0,0.0,131.0
2026-07-20 21:17:05.088,,,,,,28.12,929.7,21.0,-40.0,1.0,1.0,0.0,0.0,0.0,132.0
2026-07-20 21:17:05.279,,,,,,28.12,929.7,21.0,-40.0,1.0,1.0,0.0,0.0,0.0,132.0
2026-07-20 21:17:05.441,,,,,,28.12,929.7,21.0,-40.0,1.0,1.0,0.0,0.0,0.0,132.0
2026-07-20 21:17:05.640,,,,,,28.12,929.6,21.4,-40.0,1.0,1.0,0.0,0.0,0.0,132.0
2026-07-20 21:17:05.840,,,,,,28.12,929.6,21.4,-40.0,1.0,1.0,0.0,0.0,0.0,132.0
2026-07-20 21:17:06.088,,,,,,28.12,929.7,20.9,-40.0,1.0,1.0,0.0,0.0,0.0,133.0
2026-07-20 21:17:06.241,,,,,,28.12,929.7,20.9,-40.0,1.0,1.0,0.0,0.0,0.0,133.0
2026-07-20 21:17:06.440,,,,,,28.12,929.7,20.9,-40.0,1.0,1.0,0.0,0.0,0.0,133.0
2026-07-20 21:17:06.641,,,,,,28.12,929.6,20.8,-40.0,1.0,1.0,0.0,0.0,0.0,133.0
2026-07-20 21:17:06.840,,,,,,28.12,929.6,20.8,-40.0,1.0,1.0,0.0,0.0,0.0,133.0
2026-07-20 21:17:07.088,,,,,,28.13,929.7,20.7,-40.0,1.0,1.0,0.0,0.0,0.0,134.0
2026-07-20 21:17:07.259,,,,,,28.13,929.7,20.7,-40.0,1.0,1.0,0.0,0.0,0.0,134.0
2026-07-20 21:17:07.440,,,,,,28.13,929.7,20.7,-40.0,1.0,1.0,0.0,0.0,0.0,134.0
2026-07-20 21:17:07.640,,,,,,28.12,929.7,20.6,-40.0,1.0,1.0,0.0,0.0,0.0,134.0
2026-07-20 21:17:07.855,,,,,,28.12,929.7,20.6,-40.0,1.0,1.0,0.0,0.0,0.0,134.0
2026-07-20 21:17:08.088,,,,,,28.13,929.7,19.8,-40.0,1.0,1.0,0.0,0.0,0.0,135.0
2026-07-20 21:17:08.240,,,,,,28.13,929.7,19.8,-40.0,1.0,1.0,0.0,0.0,0.0,135.0
2026-07-20 21:17:08.454,,,,,,28.13,929.7,19.8,-40.0,1.0,1.0,0.0,0.0,0.0,135.0
2026-07-20 21:17:08.640,,,,,,28.12,929.6,19.9,-40.0,1.0,1.0,0.0,0.0,0.0,135.0
2026-07-20 21:17:08.840,,,,,,28.12,929.6,19.9,-40.0,1.0,1.0,0.0,0.0,0.0,135.0
2026-07-20 21:17:09.088,,,,,,28.12,929.7,20.3,-40.0,1.0,1.0,0.0,0.0,0.0,136.0
2026-07-20 21:17:09.241,,,,,,28.12,929.7,20.3,-40.0,1.0,1.0,0.0,0.0,0.0,136.0
2026-07-20 21:17:09.440,,,,,,28.12,929.7,20.3,-40.0,1.0,1.0,0.0,0.0,0.0,136.0
2026-07-20 21:17:09.641,,,,,,28.12,929.6,19.7,-40.0,1.0,1.0,0.0,0.0,0.0,136.0
2026-07-20 21:17:09.841,,,,,,28.12,929.6,19.7,-40.0,1.0,1.0,0.0,0.0,0.0,136.0
2026-07-20 21:17:10.089,,,,,,28.12,929.6,20.0,-40.0,1.0,1.0,0.0,0.0,0.0,137.0
2026-07-20 21:17:10.270,,,,,,28.12,929.6,20.0,-40.0,1.0,1.0,0.0,0.0,0.0,137.0
2026-07-20 21:17:10.439,,,,,,28.12,929.6,20.0,-40.0,1.0,1.0,0.0,0.0,0.0,137.0
2026-07-20 21:17:10.641,,,,,,28.12,929.7,19.1,-40.0,1.0,1.0,0.0,0.0,0.0,137.0
2026-07-20 21:17:10.840,,,,,,28.12,929.7,19.1,-40.0,1.0,1.0,0.0,0.0,0.0,137.0
2026-07-20 21:17:11.087,,,,,,28.12,929.7,19.5,-40.0,1.0,1.0,0.0,0.0,0.0,138.0
2026-07-20 21:17:11.265,,,,,,28.12,929.7,19.5,-40.0,1.0,1.0,0.0,0.0,0.0,138.0
2026-07-20 21:17:11.440,,,,,,28.12,929.7,19.5,-40.0,1.0,1.0,0.0,0.0,0.0,138.0
2026-07-20 21:17:11.640,,,,,,28.12,929.7,19.6,-40.0,1.0,1.0,0.0,0.0,0.0,138.0
2026-07-20 21:17:11.840,,,,,,28.12,929.7,19.6,-40.0,1.0,1.0,0.0,0.0,0.0,138.0
2026-07-20 21:17:12.088,,,,,,28.12,929.7,19.8,-40.0,1.0,1.0,0.0,0.0,0.0,139.0
2026-07-20 21:17:12.258,,,,,,28.12,929.7,19.8,-40.0,1.0,1.0,0.0,0.0,0.0,139.0
2026-07-20 21:17:12.440,,,,,,28.12,929.7,19.8,-40.0,1.0,1.0,0.0,0.0,0.0,139.0
2026-07-20 21:17:12.640,,,,,,28.12,929.6,19.8,-40.0,1.0,1.0,0.0,0.0,0.0,139.0
2026-07-20 21:17:12.874,,,,,,28.12,929.6,19.8,-40.0,1.0,1.0,0.0,0.0,0.0,139.0
2026-07-20 21:17:13.088,,,,,,28.12,929.7,19.4,-40.0,1.0,1.0,0.0,0.0,0.0,140.0
2026-07-20 21:17:13.240,,,,,,28.12,929.7,19.4,-40.0,1.0,1.0,0.0,0.0,0.0,140.0
2026-07-20 21:17:13.440,,,,,,28.12,929.7,19.4,-40.0,1.0,1.0,0.0,0.0,0.0,140.0
2026-07-20 21:17:13.640,,,,,,28.12,929.7,19.2,-40.0,1.0,1.0,0.0,0.0,0.0,140.0
2026-07-20 21:17:13.840,,,,,,28.12,929.7,19.2,-40.0,1.0,1.0,0.0,0.0,0.0,140.0
2026-07-20 21:17:14.088,,,,,,28.13,929.7,18.7,-40.0,1.0,1.0,0.0,0.0,0.0,141.0
2026-07-20 21:17:14.254,,,,,,28.13,929.7,18.7,-40.0,1.0,1.0,0.0,0.0,0.0,141.0
2026-07-20 21:17:14.440,,,,,,28.13,929.7,18.7,-40.0,1.0,1.0,0.0,0.0,0.0,141.0
2026-07-20 21:17:14.640,,,,,,28.12,929.6,19.1,-40.0,1.0,1.0,0.0,0.0,0.0,141.0
2026-07-20 21:17:14.839,,,,,,28.12,929.6,19.1,-40.0,1.0,1.0,0.0,0.0,0.0,141.0
2026-07-20 21:17:15.087,,,,,,28.13,929.7,19.5,-40.0,1.0,1.0,0.0,0.0,0.0,142.0
2026-07-20 21:17:15.276,,,,,,28.13,929.7,19.5,-40.0,1.0,1.0,0.0,0.0,0.0,142.0
2026-07-20 21:17:15.440,,,,,,28.13,929.7,19.5,-40.0,1.0,1.0,0.0,0.0,0.0,142.0
2026-07-20 21:17:15.641,,,,,,28.12,929.6,18.7,-40.0,1.0,1.0,0.0,0.0,0.0,142.0
2026-07-20 21:17:15.839,,,,,,28.12,929.6,18.7,-40.0,1.0,1.0,0.0,0.0,0.0,142.0
2026-07-20 21:17:16.088,,,,,,28.12,929.6,19.3,-40.0,1.0,1.0,0.0,0.0,0.0,143.0
2026-07-20 21:17:16.240,,,,,,28.12,929.6,19.3,-40.0,1.0,1.0,0.0,0.0,0.0,143.0
2026-07-20 21:17:16.440,,,,,,28.12,929.6,19.3,-40.0,1.0,1.0,0.0,0.0,0.0,143.0
2026-07-20 21:17:16.645,,,,,,28.12,929.7,18.9,-40.0,1.0,1.0,0.0,0.0,0.0,143.0
2026-07-20 21:17:16.839,,,,,,28.12,929.7,18.9,-40.0,1.0,1.0,0.0,0.0,0.0,143.0
2026-07-20 21:17:17.088,,,,,,28.12,929.7,19.8,-40.0,1.0,1.0,0.0,0.0,0.0,144.0
2026-07-20 21:17:17.251,,,,,,28.12,929.7,19.8,-40.0,1.0,1.0,0.0,0.0,0.0,144.0
2026-07-20 21:17:17.440,,,,,,28.12,929.7,19.8,-40.0,1.0,1.0,0.0,0.0,0.0,144.0
2026-07-20 21:17:17.640,,,,,,28.12,929.6,19.6,-40.0,1.0,1.0,0.0,0.0,0.0,144.0
2026-07-20 21:17:17.844,,,,,,28.12,929.6,19.6,-40.0,1.0,1.0,0.0,0.0,0.0,144.0
2026-07-20 21:17:18.088,,,,,,28.12,929.7,19.4,-40.0,1.0,1.0,0.0,0.0,0.0,145.0
2026-07-20 21:17:18.275,,,,,,28.12,929.7,19.4,-40.0,1.0,1.0,0.0,0.0,0.0,145.0
2026-07-20 21:17:18.440,,,,,,28.12,929.7,19.4,-40.0,1.0,1.0,0.0,0.0,0.0,145.0
2026-07-20 21:17:18.639,,,,,,28.12,929.6,19.4,-40.0,1.0,1.0,0.0,0.0,0.0,145.0
2026-07-20 21:17:18.840,,,,,,28.12,929.6,19.4,-40.0,1.0,1.0,0.0,0.0,0.0,145.0
2026-07-20 21:17:19.088,,,,,,28.12,929.7,19.5,-40.0,1.0,1.0,0.0,0.0,0.0,146.0
2026-07-20 21:17:19.254,,,,,,28.12,929.7,19.5,-40.0,1.0,1.0,0.0,0.0,0.0,146.0
2026-07-20 21:17:19.441,,,,,,28.12,929.7,19.5,-40.0,1.0,1.0,0.0,0.0,0.0,146.0
2026-07-20 21:17:19.640,,,,,,28.12,929.6,19.1,-40.0,1.0,1.0,0.0,0.0,0.0,146.0
2026-07-20 21:17:19.853,,,,,,28.12,929.6,19.1,-40.0,1.0,1.0,0.0,0.0,0.0,146.0
2026-07-20 21:17:20.087,,,,,,28.13,929.7,19.6,-40.0,1.0,1.0,0.0,0.0,0.0,147.0
2026-07-20 21:17:20.259,,,,,,28.13,929.7,19.6,-40.0,1.0,1.0,0.0,0.0,0.0,147.0
2026-07-20 21:17:20.440,,,,,,28.13,929.7,19.6,-40.0,1.0,1.0,0.0,0.0,0.0,147.0
2026-07-20 21:17:20.640,,,,,,28.13,929.7,20.3,-40.0,1.0,1.0,0.0,0.0,0.0,147.0
2026-07-20 21:17:20.840,,,,,,28.13,929.7,20.3,-40.0,1.0,1.0,0.0,0.0,0.0,147.0
2026-07-20 21:17:21.089,,,,,,28.13,929.7,20.7,-40.0,1.0,1.0,0.0,0.0,0.0,148.0
2026-07-20 21:17:21.261,,,,,,28.13,929.7,20.7,-40.0,1.0,1.0,0.0,0.0,0.0,148.0
2026-07-20 21:17:21.439,,,,,,28.13,929.7,20.7,-40.0,1.0,1.0,0.0,0.0,0.0,148.0
2026-07-20 21:17:21.641,,,,,,28.12,929.7,21.1,-40.0,1.0,1.0,0.0,0.0,0.0,148.0
2026-07-20 21:17:21.841,,,,,,28.12,929.7,21.1,-40.0,1.0,1.0,0.0,0.0,0.0,148.0
2026-07-20 21:17:22.088,,,,,,28.13,929.6,21.6,-40.0,1.0,1.0,0.0,0.0,0.0,149.0
2026-07-20 21:17:22.268,,,,,,28.13,929.6,21.6,-40.0,1.0,1.0,0.0,0.0,0.0,149.0
2026-07-20 21:17:22.440,,,,,,28.13,929.6,21.6,-40.0,1.0,1.0,0.0,0.0,0.0,149.0
2026-07-20 21:17:22.641,,,,,,28.13,929.7,21.8,-40.0,1.0,1.0,0.0,0.0,0.0,149.0
2026-07-20 21:17:22.840,,,,,,28.13,929.7,21.8,-40.0,1.0,1.0,0.0,0.0,0.0,149.0
2026-07-20 21:17:23.089,,,,,,28.13,929.7,21.6,-40.0,1.0,1.0,0.0,0.0,0.0,150.0
2026-07-20 21:17:23.283,,,,,,28.13,929.7,21.6,-40.0,1.0,1.0,0.0,0.0,0.0,150.0
2026-07-20 21:17:23.439,,,,,,28.13,929.7,21.6,-40.0,1.0,1.0,0.0,0.0,0.0,150.0
2026-07-20 21:17:23.641,,,,,,28.13,929.6,21.5,-40.0,1.0,1.0,0.0,0.0,0.0,150.0
2026-07-20 21:17:23.840,,,,,,28.13,929.6,21.5,-40.0,1.0,1.0,0.0,0.0,0.0,150.0
2026-07-20 21:17:24.088,,,,,,28.13,929.6,21.4,-40.0,1.0,1.0,0.0,0.0,0.0,151.0
2026-07-20 21:17:24.266,,,,,,28.13,929.6,21.4,-40.0,1.0,1.0,0.0,0.0,0.0,151.0
2026-07-20 21:17:24.439,,,,,,28.13,929.6,21.4,-40.0,1.0,1.0,0.0,0.0,0.0,151.0
2026-07-20 21:17:24.640,,,,,,28.12,929.6,21.3,-40.0,1.0,1.0,0.0,0.0,0.0,151.0
2026-07-20 21:17:24.840,,,,,,28.12,929.6,21.3,-40.0,1.0,1.0,0.0,0.0,0.0,151.0
2026-07-20 21:17:25.088,,,,,,28.14,929.7,20.8,-40.0,1.0,1.0,0.0,0.0,0.0,152.0
2026-07-20 21:17:25.262,,,,,,28.14,929.7,20.8,-40.0,1.0,1.0,0.0,0.0,0.0,152.0
2026-07-20 21:17:25.439,,,,,,28.14,929.7,20.8,-40.0,1.0,1.0,0.0,0.0,0.0,152.0
2026-07-20 21:17:25.640,,,,,,28.12,929.6,21.2,-40.0,1.0,1.0,0.0,0.0,0.0,152.0
2026-07-20 21:17:25.839,,,,,,28.12,929.6,21.2,-40.0,1.0,1.0,0.0,0.0,0.0,152.0
2026-07-20 21:17:26.088,,,,,,28.14,929.6,20.5,-40.0,1.0,1.0,0.0,0.0,0.0,153.0
2026-07-20 21:17:26.268,,,,,,28.14,929.6,20.5,-40.0,1.0,1.0,0.0,0.0,0.0,153.0
2026-07-20 21:17:26.440,,,,,,28.14,929.6,20.5,-40.0,1.0,1.0,0.0,0.0,0.0,153.0
2026-07-20 21:17:26.640,,,,,,28.13,929.6,20.8,-40.0,1.0,1.0,0.0,0.0,0.0,153.0
2026-07-20 21:17:26.840,,,,,,28.13,929.6,20.8,-40.0,1.0,1.0,0.0,0.0,0.0,153.0
2026-07-20 21:17:27.089,,,,,,28.13,929.6,19.7,-40.0,1.0,1.0,0.0,0.0,0.0,154.0
2026-07-20 21:17:27.239,,,,,,28.13,929.6,19.7,-40.0,1.0,1.0,0.0,0.0,0.0,154.0
2026-07-20 21:17:27.439,,,,,,28.13,929.6,19.7,-40.0,1.0,1.0,0.0,0.0,0.0,154.0
2026-07-20 21:17:27.640,,,,,,28.13,929.7,20.6,-40.0,1.0,1.0,0.0,0.0,0.0,154.0
2026-07-20 21:17:27.839,,,,,,28.13,929.7,20.6,-40.0,1.0,1.0,0.0,0.0,0.0,154.0
2026-07-20 21:17:28.089,,,,,,28.13,929.7,20.4,-40.0,1.0,1.0,0.0,0.0,0.0,155.0
2026-07-20 21:17:28.260,,,,,,28.13,929.7,20.4,-40.0,1.0,1.0,0.0,0.0,0.0,155.0
2026-07-20 21:17:28.440,,,,,,28.13,929.7,20.4,-40.0,1.0,1.0,0.0,0.0,0.0,155.0
2026-07-20 21:17:28.640,,,,,,28.14,929.7,20.0,-40.0,1.0,1.0,0.0,0.0,0.0,155.0
2026-07-20 21:17:28.839,,,,,,28.14,929.7,20.0,-40.0,1.0,1.0,0.0,0.0,0.0,155.0
2026-07-20 21:17:29.088,,,,,,28.14,929.7,20.7,-40.0,1.0,1.0,0.0,0.0,0.0,156.0
2026-07-20 21:17:29.257,,,,,,28.14,929.7,20.7,-40.0,1.0,1.0,0.0,0.0,0.0,156.0
2026-07-20 21:17:29.440,,,,,,28.14,929.7,20.7,-40.0,1.0,1.0,0.0,0.0,0.0,156.0
2026-07-20 21:17:29.640,,,,,,28.13,929.7,19.7,-40.0,1.0,1.0,0.0,0.0,0.0,156.0
2026-07-20 21:17:29.840,,,,,,28.13,929.7,19.7,-40.0,1.0,1.0,0.0,0.0,0.0,156.0
2026-07-20 21:17:30.087,,,,,,28.13,929.8,19.9,-40.0,1.0,1.0,0.0,0.0,0.0,157.0
2026-07-20 21:17:30.253,,,,,,28.13,929.8,19.9,-40.0,1.0,1.0,0.0,0.0,0.0,157.0
2026-07-20 21:17:30.439,,,,,,28.13,929.8,19.9,-40.0,1.0,1.0,0.0,0.0,0.0,157.0
2026-07-20 21:17:30.640,,,,,,28.13,929.6,19.9,-40.0,1.0,1.0,0.0,0.0,0.0,157.0
2026-07-20 21:17:30.839,,,,,,28.13,929.6,19.9,-40.0,1.0,1.0,0.0,0.0,0.0,157.0
2026-07-20 21:17:31.087,,,,,,28.13,929.7,20.1,-40.0,1.0,1.0,0.0,0.0,0.0,158.0
2026-07-20 21:17:31.264,,,,,,28.13,929.7,20.1,-40.0,1.0,1.0,0.0,0.0,0.0,158.0
2026-07-20 21:17:31.440,,,,,,28.13,929.7,20.1,-40.0,1.0,1.0,0.0,0.0,0.0,158.0
2026-07-20 21:17:31.640,,,,,,28.13,929.6,20.1,-40.0,1.0,1.0,0.0,0.0,0.0,158.0
2026-07-20 21:17:31.839,,,,,,28.13,929.6,20.1,-40.0,1.0,1.0,0.0,0.0,0.0,158.0
2026-07-20 21:17:32.088,,,,,,28.14,929.7,20.0,-40.0,1.0,1.0,0.0,0.0,0.0,159.0
2026-07-20 21:17:32.239,,,,,,28.14,929.7,20.0,-40.0,1.0,1.0,0.0,0.0,0.0,159.0
2026-07-20 21:17:32.439,,,,,,28.14,929.7,20.0,-40.0,1.0,1.0,0.0,0.0,0.0,159.0
2026-07-20 21:17:32.640,,,,,,28.13,929.7,19.6,-40.0,1.0,1.0,0.0,0.0,0.0,159.0
2026-07-20 21:17:32.840,,,,,,28.13,929.7,19.6,-40.0,1.0,1.0,0.0,0.0,0.0,159.0
2026-07-20 21:17:33.088,,,,,,28.13,929.6,19.7,-40.0,1.0,1.0,0.0,0.0,0.0,160.0
2026-07-20 21:17:33.240,,,,,,28.13,929.6,19.7,-40.0,1.0,1.0,0.0,0.0,0.0,160.0
2026-07-20 21:17:33.439,,,,,,28.13,929.6,19.7,-40.0,1.0,1.0,0.0,0.0,0.0,160.0
2026-07-20 21:17:33.640,,,,,,28.12,929.7,19.9,-40.0,1.0,1.0,0.0,0.0,0.0,160.0
2026-07-20 21:17:33.839,,,,,,28.12,929.7,19.9,-40.0,1.0,1.0,0.0,0.0,0.0,160.0
2026-07-20 21:17:34.087,,,,,,28.13,929.7,19.5,-40.0,1.0,1.0,0.0,0.0,0.0,161.0
2026-07-20 21:17:34.239,,,,,,28.13,929.7,19.5,-40.0,1.0,1.0,0.0,0.0,0.0,161.0
2026-07-20 21:17:34.439,,,,,,28.13,929.7,19.5,-40.0,1.0,1.0,0.0,0.0,0.0,161.0
2026-07-20 21:17:34.640,,,,,,28.13,929.6,19.2,-40.0,1.0,1.0,0.0,0.0,0.0,161.0
2026-07-20 21:17:34.839,,,,,,28.13,929.6,19.2,-40.0,1.0,1.0,0.0,0.0,0.0,161.0
2026-07-20 21:17:35.088,,,,,,28.13,929.7,19.5,-40.0,1.0,1.0,0.0,0.0,0.0,162.0
2026-07-20 21:17:35.239,,,,,,28.13,929.7,19.5,-40.0,1.0,1.0,0.0,0.0,0.0,162.0
2026-07-20 21:17:35.439,,,,,,28.13,929.7,19.5,-40.0,1.0,1.0,0.0,0.0,0.0,162.0
2026-07-20 21:17:35.640,,,,,,28.13,929.6,19.8,-40.0,1.0,1.0,0.0,0.0,0.0,162.0
2026-07-20 21:17:35.839,,,,,,28.13,929.6,19.8,-40.0,1.0,1.0,0.0,0.0,0.0,162.0
2026-07-20 21:17:36.087,,,,,,28.13,929.7,19.7,-40.0,1.0,1.0,0.0,0.0,0.0,163.0
2026-07-20 21:17:36.239,,,,,,28.13,929.7,19.7,-40.0,1.0,1.0,0.0,0.0,0.0,163.0
2026-07-20 21:17:36.440,,,,,,28.13,929.7,19.7,-40.0,1.0,1.0,0.0,0.0,0.0,163.0
2026-07-20 21:17:36.640,,,,,,28.13,929.7,19.3,-40.0,1.0,1.0,0.0,0.0,0.0,163.0
2026-07-20 21:17:36.839,,,,,,28.13,929.7,19.3,-40.0,1.0,1.0,0.0,0.0,0.0,163.0
2026-07-20 21:17:37.088,,,,,,28.13,929.7,19.5,-40.0,1.0,1.0,0.0,0.0,0.0,164.0
2026-07-20 21:17:37.240,,,,,,28.13,929.7,19.5,-40.0,1.0,1.0,0.0,0.0,0.0,164.0
2026-07-20 21:17:37.439,,,,,,28.13,929.7,19.5,-40.0,1.0,1.0,0.0,0.0,0.0,164.0
2026-07-20 21:17:37.640,,,,,,28.13,929.6,19.4,-40.0,1.0,1.0,0.0,0.0,0.0,164.0
2026-07-20 21:17:37.839,,,,,,28.13,929.6,19.4,-40.0,1.0,1.0,0.0,0.0,0.0,164.0
2026-07-20 21:17:38.092,,,,,,28.13,929.6,19.7,-40.0,1.0,1.0,0.0,0.0,0.0,165.0
2026-07-20 21:17:38.239,,,,,,28.13,929.6,19.7,-40.0,1.0,1.0,0.0,0.0,0.0,165.0
2026-07-20 21:17:38.439,,,,,,28.13,929.6,19.7,-40.0,1.0,1.0,0.0,0.0,0.0,165.0
2026-07-20 21:17:38.640,,,,,,28.13,929.7,19.1,-40.0,1.0,1.0,0.0,0.0,0.0,165.0
2026-07-20 21:17:38.839,,,,,,28.13,929.7,19.1,-40.0,1.0,1.0,0.0,0.0,0.0,165.0
2026-07-20 21:17:39.087,,,,,,28.13,929.6,19.5,-40.0,1.0,1.0,0.0,0.0,0.0,166.0
2026-07-20 21:17:39.265,,,,,,28.13,929.6,19.5,-40.0,1.0,1.0,0.0,0.0,0.0,166.0
2026-07-20 21:17:39.439,,,,,,28.13,929.6,19.5,-40.0,1.0,1.0,0.0,0.0,0.0,166.0
2026-07-20 21:17:39.639,,,,,,28.13,929.7,19.4,-40.0,1.0,1.0,0.0,0.0,0.0,166.0
2026-07-20 21:17:39.840,,,,,,28.13,929.7,19.4,-40.0,1.0,1.0,0.0,0.0,0.0,166.0
2026-07-20 21:17:40.087,,,,,,28.12,929.6,18.9,-40.0,1.0,1.0,0.0,0.0,0.0,167.0
2026-07-20 21:17:40.263,,,,,,28.12,929.6,18.9,-40.0,1.0,1.0,0.0,0.0,0.0,167.0
2026-07-20 21:17:40.439,,,,,,28.12,929.6,18.9,-40.0,1.0,1.0,0.0,0.0,0.0,167.0
2026-07-20 21:17:40.639,,,,,,28.12,929.6,19.1,-40.0,1.0,1.0,0.0,0.0,0.0,167.0
2026-07-20 21:17:40.839,,,,,,28.12,929.6,19.1,-40.0,1.0,1.0,0.0,0.0,0.0,167.0
2026-07-20 21:17:41.087,,,,,,28.13,929.6,18.8,-40.0,1.0,1.0,0.0,0.0,0.0,168.0
2026-07-20 21:17:41.239,,,,,,28.13,929.6,18.8,-40.0,1.0,1.0,0.0,0.0,0.0,168.0
2026-07-20 21:17:41.439,,,,,,28.13,929.6,18.8,-40.0,1.0,1.0,0.0,0.0,0.0,168.0
2026-07-20 21:17:41.640,,,,,,28.13,929.6,19.1,-40.0,1.0,1.0,0.0,0.0,0.0,168.0
2026-07-20 21:17:41.839,,,,,,28.13,929.6,19.1,-40.0,1.0,1.0,0.0,0.0,0.0,168.0
2026-07-20 21:17:42.087,,,,,,28.12,929.7,18.8,-40.0,1.0,1.0,0.0,0.0,0.0,169.0
2026-07-20 21:17:42.266,,,,,,28.12,929.7,18.8,-40.0,1.0,1.0,0.0,0.0,0.0,169.0
2026-07-20 21:17:42.440,,,,,,28.12,929.7,18.8,-40.0,1.0,1.0,0.0,0.0,0.0,169.0
2026-07-20 21:17:42.639,,,,,,28.13,929.6,18.6,-40.0,1.0,1.0,0.0,0.0,0.0,169.0
2026-07-20 21:17:42.862,,,,,,28.13,929.6,18.6,-40.0,1.0,1.0,0.0,0.0,0.0,169.0
2026-07-20 21:17:43.087,,,,,,28.13,929.6,18.6,-40.0,1.0,1.0,0.0,0.0,0.0,170.0
2026-07-20 21:17:43.240,,,,,,28.13,929.6,18.6,-40.0,1.0,1.0,0.0,0.0,0.0,170.0
2026-07-20 21:17:43.439,,,,,,28.13,929.6,18.6,-40.0,1.0,1.0,0.0,0.0,0.0,170.0
2026-07-20 21:17:43.639,,,,,,28.12,929.7,19.4,-40.0,1.0,1.0,0.0,0.0,0.0,170.0
2026-07-20 21:17:43.839,,,,,,28.12,929.7,19.4,-40.0,1.0,1.0,0.0,0.0,0.0,170.0
2026-07-20 21:17:44.087,,,,,,28.12,929.6,19.3,-40.0,1.0,1.0,0.0,0.0,0.0,171.0
2026-07-20 21:17:44.239,,,,,,28.12,929.6,19.3,-40.0,1.0,1.0,0.0,0.0,0.0,171.0
2026-07-20 21:17:44.439,,,,,,28.12,929.6,19.3,-40.0,1.0,1.0,0.0,0.0,0.0,171.0
2026-07-20 21:17:44.639,,,,,,28.13,929.6,19.5,-40.0,1.0,1.0,0.0,0.0,0.0,171.0
2026-07-20 21:17:44.841,,,,,,28.13,929.6,19.5,-40.0,1.0,1.0,0.0,0.0,0.0,171.0
2026-07-20 21:17:45.088,,,,,,28.12,929.6,19.4,-40.0,1.0,1.0,0.0,0.0,0.0,172.0
2026-07-20 21:17:45.239,,,,,,28.12,929.6,19.4,-40.0,1.0,1.0,0.0,0.0,0.0,172.0
2026-07-20 21:17:45.439,,,,,,28.12,929.6,19.4,-40.0,1.0,1.0,0.0,0.0,0.0,172.0
2026-07-20 21:17:45.639,,,,,,28.13,929.7,19.2,-40.0,1.0,1.0,0.0,0.0,0.0,172.0
2026-07-20 21:17:45.839,,,,,,28.13,929.7,19.2,-40.0,1.0,1.0,0.0,0.0,0.0,172.0
2026-07-20 21:17:46.087,,,,,,28.13,929.7,19.1,-40.0,1.0,1.0,0.0,0.0,0.0,173.0
2026-07-20 21:17:46.239,,,,,,28.13,929.7,19.1,-40.0,1.0,1.0,0.0,0.0,0.0,173.0
2026-07-20 21:17:46.439,,,,,,28.13,929.7,19.1,-40.0,1.0,1.0,0.0,0.0,0.0,173.0
2026-07-20 21:17:46.640,,,,,,28.13,929.7,18.9,-40.0,1.0,1.0,0.0,0.0,0.0,173.0
2026-07-20 21:17:46.839,,,,,,28.13,929.7,18.9,-40.0,1.0,1.0,0.0,0.0,0.0,173.0
2026-07-20 21:17:47.088,,,,,,28.13,929.6,18.6,-40.0,1.0,1.0,0.0,0.0,0.0,174.0
2026-07-20 21:17:47.263,,,,,,28.13,929.6,18.6,-40.0,1.0,1.0,0.0,0.0,0.0,174.0
2026-07-20 21:17:47.440,,,,,,28.13,929.6,18.6,-40.0,1.0,1.0,0.0,0.0,0.0,174.0
2026-07-20 21:17:47.639,,,,,,28.13,929.7,19.3,-40.0,1.0,1.0,0.0,0.0,0.0,174.0
2026-07-20 21:17:47.839,,,,,,28.13,929.7,19.3,-40.0,1.0,1.0,0.0,0.0,0.0,174.0
2026-07-20 21:17:48.087,,,,,,28.12,929.6,19.0,-40.0,1.0,1.0,0.0,0.0,0.0,175.0
2026-07-20 21:17:48.248,,,,,,28.12,929.6,19.0,-40.0,1.0,1.0,0.0,0.0,0.0,175.0
2026-07-20 21:17:48.439,,,,,,28.12,929.6,19.0,-40.0,1.0,1.0,0.0,0.0,0.0,175.0
2026-07-20 21:17:48.639,,,,,,28.13,929.7,19.2,-40.0,1.0,1.0,0.0,0.0,0.0,175.0
2026-07-20 21:17:48.839,,,,,,28.13,929.7,19.2,-40.0,1.0,1.0,0.0,0.0,0.0,175.0
2026-07-20 21:17:49.086,,,,,,28.13,929.7,18.9,-40.0,1.0,1.0,0.0,0.0,0.0,176.0
2026-07-20 21:17:49.239,,,,,,28.13,929.7,18.9,-40.0,1.0,1.0,0.0,0.0,0.0,176.0
2026-07-20 21:17:49.441,,,,,,28.13,929.7,18.9,-40.0,1.0,1.0,0.0,0.0,0.0,176.0
2026-07-20 21:17:49.639,,,,,,28.13,929.7,18.9,-40.0,1.0,1.0,0.0,0.0,0.0,176.0
2026-07-20 21:17:49.839,,,,,,28.13,929.7,18.9,-40.0,1.0,1.0,0.0,0.0,0.0,176.0
2026-07-20 21:17:50.088,,,,,,28.13,929.7,19.0,-40.0,1.0,1.0,0.0,0.0,0.0,177.0
2026-07-20 21:17:50.271,,,,,,28.13,929.7,19.0,-40.0,1.0,1.0,0.0,0.0,0.0,177.0
2026-07-20 21:17:50.440,,,,,,28.13,929.7,19.0,-40.0,1.0,1.0,0.0,0.0,0.0,177.0
2026-07-20 21:17:50.638,,,,,,28.12,929.7,18.9,-40.0,1.0,1.0,0.0,0.0,0.0,177.0
2026-07-20 21:17:50.839,,,,,,28.12,929.7,18.9,-40.0,1.0,1.0,0.0,0.0,0.0,177.0
2026-07-20 21:17:51.087,,,,,,28.12,929.7,18.4,-40.0,1.0,1.0,0.0,0.0,0.0,178.0
2026-07-20 21:17:51.239,,,,,,28.12,929.7,18.4,-40.0,1.0,1.0,0.0,0.0,0.0,178.0
2026-07-20 21:17:51.439,,,,,,28.12,929.7,18.4,-40.0,1.0,1.0,0.0,0.0,0.0,178.0
2026-07-20 21:17:51.639,,,,,,28.12,929.7,19.0,-40.0,1.0,1.0,0.0,0.0,0.0,178.0
2026-07-20 21:17:51.839,,,,,,28.12,929.7,19.0,-40.0,1.0,1.0,0.0,0.0,0.0,178.0
2026-07-20 21:17:52.089,,,,,,28.13,929.7,18.7,-40.0,1.0,1.0,0.0,0.0,0.0,179.0
2026-07-20 21:17:52.239,,,,,,28.13,929.7,18.7,-40.0,1.0,1.0,0.0,0.0,0.0,179.0
2026-07-20 21:17:52.439,,,,,,28.13,929.7,18.7,-40.0,1.0,1.0,0.0,0.0,0.0,179.0
2026-07-20 21:17:52.639,,,,,,28.12,929.7,18.8,-40.0,1.0,1.0,0.0,0.0,0.0,179.0
2026-07-20 21:17:52.839,,,,,,28.12,929.7,18.8,-40.0,1.0,1.0,0.0,0.0,0.0,179.0
2026-07-20 21:17:53.087,,,,,,28.13,929.7,18.5,-40.0,1.0,1.0,0.0,0.0,0.0,180.0
2026-07-20 21:17:53.247,,,,,,28.13,929.7,18.5,-40.0,1.0,1.0,0.0,0.0,0.0,180.0
2026-07-20 21:17:53.439,,,,,,28.13,929.7,18.5,-40.0,1.0,1.0,0.0,0.0,0.0,180.0
2026-07-20 21:17:53.639,,,,,,28.12,929.7,19.0,-40.0,1.0,1.0,0.0,0.0,0.0,180.0
2026-07-20 21:17:53.838,,,,,,28.12,929.7,19.0,-40.0,1.0,1.0,0.0,0.0,0.0,180.0
2026-07-20 21:17:54.087,,,,,,28.13,929.7,18.3,-40.0,1.0,1.0,0.0,0.0,0.0,181.0
2026-07-20 21:17:54.239,,,,,,28.13,929.7,18.3,-40.0,1.0,1.0,0.0,0.0,0.0,181.0
2026-07-20 21:17:54.439,,,,,,28.13,929.7,18.3,-40.0,1.0,1.0,0.0,0.0,0.0,181.0
2026-07-20 21:17:54.640,,,,,,28.12,929.7,18.8,-40.0,1.0,1.0,0.0,0.0,0.0,181.0
2026-07-20 21:17:54.839,,,,,,28.12,929.7,18.8,-40.0,1.0,1.0,0.0,0.0,0.0,181.0
2026-07-20 21:17:55.088,,,,,,28.12,929.7,18.5,-40.0,1.0,1.0,0.0,0.0,0.0,182.0
2026-07-20 21:17:55.266,,,,,,28.12,929.7,18.5,-40.0,1.0,1.0,0.0,0.0,0.0,182.0
2026-07-20 21:17:55.439,,,,,,28.12,929.7,18.5,-40.0,1.0,1.0,0.0,0.0,0.0,182.0
2026-07-20 21:17:55.640,,,,,,28.12,929.7,19.3,-40.0,1.0,1.0,0.0,0.0,0.0,182.0
2026-07-20 21:17:55.839,,,,,,28.12,929.7,19.3,-40.0,1.0,1.0,0.0,0.0,0.0,182.0
2026-07-20 21:17:56.087,,,,,,28.12,929.7,19.0,-40.0,1.0,1.0,0.0,0.0,0.0,183.0
2026-07-20 21:17:56.239,,,,,,28.12,929.7,19.0,-40.0,1.0,1.0,0.0,0.0,0.0,183.0
2026-07-20 21:17:56.439,,,,,,28.12,929.7,19.0,-40.0,1.0,1.0,0.0,0.0,0.0,183.0
2026-07-20 21:17:56.639,,,,,,28.12,929.7,18.5,-40.0,1.0,1.0,0.0,0.0,0.0,183.0
2026-07-20 21:17:56.839,,,,,,28.12,929.7,18.5,-40.0,1.0,1.0,0.0,0.0,0.0,183.0
2026-07-20 21:17:57.087,,,,,,28.12,929.7,19.2,-40.0,1.0,1.0,0.0,0.0,0.0,184.0
2026-07-20 21:17:57.240,,,,,,28.12,929.7,19.2,-40.0,1.0,1.0,0.0,0.0,0.0,184.0
2026-07-20 21:17:57.439,,,,,,28.12,929.7,19.2,-40.0,1.0,1.0,0.0,0.0,0.0,184.0
2026-07-20 21:17:57.640,,,,,,28.12,929.6,18.7,-40.0,1.0,1.0,0.0,0.0,0.0,184.0
2026-07-20 21:17:57.839,,,,,,28.12,929.6,18.7,-40.0,1.0,1.0,0.0,0.0,0.0,184.0
2026-07-20 21:17:58.087,,,,,,28.12,929.7,19.3,-40.0,1.0,1.0,0.0,0.0,0.0,185.0
2026-07-20 21:17:58.251,,,,,,28.12,929.7,19.3,-40.0,1.0,1.0,0.0,0.0,0.0,185.0
2026-07-20 21:17:58.439,,,,,,28.12,929.7,19.3,-40.0,1.0,1.0,0.0,0.0,0.0,185.0
2026-07-20 21:17:58.639,,,,,,28.13,929.7,19.3,-40.0,1.0,1.0,0.0,0.0,0.0,185.0
2026-07-20 21:17:58.839,,,,,,28.13,929.7,19.3,-40.0,1.0,1.0,0.0,0.0,0.0,185.0
2026-07-20 21:17:59.087,,,,,,28.13,929.6,18.6,-40.0,1.0,1.0,0.0,0.0,0.0,186.0
2026-07-20 21:17:59.251,,,,,,28.13,929.6,18.6,-40.0,1.0,1.0,0.0,0.0,0.0,186.0
2026-07-20 21:17:59.439,,,,,,28.13,929.6,18.6,-40.0,1.0,1.0,0.0,0.0,0.0,186.0
2026-07-20 21:17:59.640,,,,,,28.12,929.6,18.5,-40.0,1.0,1.0,0.0,0.0,0.0,186.0
2026-07-20 21:17:59.840,,,,,,28.12,929.6,18.5,-40.0,1.0,1.0,0.0,0.0,0.0,186.0
2026-07-20 21:18:00.088,,,,,,28.12,929.6,19.1,-40.0,1.0,1.0,0.0,0.0,0.0,187.0
2026-07-20 21:18:00.261,,,,,,28.12,929.6,19.1,-40.0,1.0,1.0,0.0,0.0,0.0,187.0
2026-07-20 21:18:00.439,,,,,,28.12,929.6,19.1,-40.0,1.0,1.0,0.0,0.0,0.0,187.0
2026-07-20 21:18:00.639,,,,,,28.12,929.6,19.2,-40.0,1.0,1.0,0.0,0.0,0.0,187.0
2026-07-20 21:18:00.839,,,,,,28.12,929.6,19.2,-40.0,1.0,1.0,0.0,0.0,0.0,187.0
2026-07-20 21:18:01.087,,,,,,28.12,929.6,18.7,-40.0,1.0,1.0,0.0,0.0,0.0,188.0
2026-07-20 21:18:01.268,,,,,,28.12,929.6,18.7,-40.0,1.0,1.0,0.0,0.0,0.0,188.0
2026-07-20 21:18:01.440,,,,,,28.12,929.6,18.7,-40.0,1.0,1.0,0.0,0.0,0.0,188.0
2026-07-20 21:18:01.639,,,,,,28.12,929.7,18.9,-40.0,1.0,1.0,0.0,0.0,0.0,188.0
2026-07-20 21:18:01.841,,,,,,28.12,929.7,18.9,-40.0,1.0,1.0,0.0,0.0,0.0,188.0
2026-07-20 21:18:02.088,,,,,,28.13,929.7,19.2,-40.0,1.0,1.0,0.0,0.0,0.0,189.0
2026-07-20 21:18:02.238,,,,,,28.13,929.7,19.2,-40.0,1.0,1.0,0.0,0.0,0.0,189.0
2026-07-20 21:18:02.439,,,,,,28.13,929.7,19.2,-40.0,1.0,1.0,0.0,0.0,0.0,189.0
2026-07-20 21:18:02.639,,,,,,28.12,929.7,18.5,-40.0,1.0,1.0,0.0,0.0,0.0,189.0
2026-07-20 21:18:02.839,,,,,,28.12,929.7,18.5,-40.0,1.0,1.0,0.0,0.0,0.0,189.0
2026-07-20 21:18:03.087,,,,,,28.12,929.6,18.5,-40.0,1.0,1.0,0.0,0.0,0.0,190.0
2026-07-20 21:18:03.239,,,,,,28.12,929.6,18.5,-40.0,1.0,1.0,0.0,0.0,0.0,190.0
2026-07-20 21:18:03.438,,,,,,28.12,929.6,18.5,-40.0,1.0,1.0,0.0,0.0,0.0,190.0
2026-07-20 21:18:03.639,,,,,,28.12,929.6,19.2,-40.0,1.0,1.0,0.0,0.0,0.0,190.0
2026-07-20 21:18:03.839,,,,,,28.12,929.6,19.2,-40.0,1.0,1.0,0.0,0.0,0.0,190.0
2026-07-20 21:18:04.087,,,,,,28.12,929.6,18.5,-40.0,1.0,1.0,0.0,0.0,0.0,191.0
2026-07-20 21:18:04.238,,,,,,28.12,929.6,18.5,-40.0,1.0,1.0,0.0,0.0,0.0,191.0
2026-07-20 21:18:04.438,,,,,,28.12,929.6,18.5,-40.0,1.0,1.0,0.0,0.0,0.0,191.0
2026-07-20 21:18:04.640,,,,,,28.12,929.6,18.8,-40.0,1.0,1.0,0.0,0.0,0.0,191.0
2026-07-20 21:18:04.839,,,,,,28.12,929.6,18.8,-40.0,1.0,1.0,0.0,0.0,0.0,191.0
2026-07-20 21:18:05.087,,,,,,28.12,929.6,18.6,-40.0,1.0,1.0,0.0,0.0,0.0,192.0
2026-07-20 21:18:05.239,,,,,,28.12,929.6,18.6,-40.0,1.0,1.0,0.0,0.0,0.0,192.0
2026-07-20 21:18:05.438,,,,,,28.12,929.6,18.6,-40.0,1.0,1.0,0.0,0.0,0.0,192.0
2026-07-20 21:18:05.639,,,,,,28.12,929.7,18.7,-40.0,1.0,1.0,0.0,0.0,0.0,192.0
2026-07-20 21:18:05.838,,,,,,28.12,929.7,18.7,-40.0,1.0,1.0,0.0,0.0,0.0,192.0
2026-07-20 21:18:06.087,,,,,,28.12,929.6,18.7,-40.0,1.0,1.0,0.0,0.0,0.0,193.0
2026-07-20 21:18:06.238,,,,,,28.12,929.6,18.7,-40.0,1.0,1.0,0.0,0.0,0.0,193.0
2026-07-20 21:18:06.440,,,,,,28.12,929.6,18.7,-40.0,1.0,1.0,0.0,0.0,0.0,193.0
2026-07-20 21:18:06.639,,,,,,28.12,929.6,18.4,-40.0,1.0,1.0,0.0,0.0,0.0,193.0
2026-07-20 21:18:06.839,,,,,,28.12,929.6,18.4,-40.0,1.0,1.0,0.0,0.0,0.0,193.0
2026-07-20 21:18:07.087,,,,,,28.12,929.7,19.0,-40.0,1.0,1.0,0.0,0.0,0.0,194.0
2026-07-20 21:18:07.238,,,,,,28.12,929.7,19.0,-40.0,1.0,1.0,0.0,0.0,0.0,194.0
2026-07-20 21:18:07.439,,,,,,28.12,929.7,19.0,-40.0,1.0,1.0,0.0,0.0,0.0,194.0
2026-07-20 21:18:07.639,,,,,,28.12,929.6,19.1,-40.0,1.0,1.0,0.0,0.0,0.0,194.0
2026-07-20 21:18:07.839,,,,,,28.12,929.6,19.1,-40.0,1.0,1.0,0.0,0.0,0.0,194.0
2026-07-20 21:18:08.086,,,,,,28.12,929.6,18.9,-40.0,1.0,1.0,0.0,0.0,0.0,195.0
2026-07-20 21:18:08.262,,,,,,28.12,929.6,18.9,-40.0,1.0,1.0,0.0,0.0,0.0,195.0
2026-07-20 21:18:08.439,,,,,,28.12,929.6,18.9,-40.0,1.0,1.0,0.0,0.0,0.0,195.0
2026-07-20 21:18:08.640,,,,,,28.13,929.6,18.9,-40.0,1.0,1.0,0.0,0.0,0.0,195.0
2026-07-20 21:18:08.839,,,,,,28.13,929.6,18.9,-40.0,1.0,1.0,0.0,0.0,0.0,195.0
2026-07-20 21:18:09.086,,,,,,28.13,929.6,19.0,-40.0,1.0,1.0,0.0,0.0,0.0,196.0
2026-07-20 21:18:09.255,,,,,,28.13,929.6,19.0,-40.0,1.0,1.0,0.0,0.0,0.0,196.0
2026-07-20 21:18:09.438,,,,,,28.13,929.6,19.0,-40.0,1.0,1.0,0.0,0.0,0.0,196.0
2026-07-20 21:18:09.639,,,,,,28.12,929.6,18.8,-40.0,1.0,1.0,0.0,0.0,0.0,196.0
2026-07-20 21:18:09.838,,,,,,28.12,929.6,18.8,-40.0,1.0,1.0,0.0,0.0,0.0,196.0
2026-07-20 21:18:10.086,,,,,,28.12,929.6,19.0,-40.0,1.0,1.0,0.0,0.0,0.0,197.0
2026-07-20 21:18:10.255,,,,,,28.12,929.6,19.0,-40.0,1.0,1.0,0.0,0.0,0.0,197.0
2026-07-20 21:18:10.438,,,,,,28.12,929.6,19.0,-40.0,1.0,1.0,0.0,0.0,0.0,197.0
2026-07-20 21:18:10.638,,,,,,28.12,929.6,19.1,-40.0,1.0,1.0,0.0,0.0,0.0,197.0
2026-07-20 21:18:10.839,,,,,,28.12,929.6,19.1,-40.0,1.0,1.0,0.0,0.0,0.0,197.0
2026-07-20 21:18:11.086,,,,,,28.12,929.6,19.3,-40.0,1.0,1.0,0.0,0.0,0.0,198.0
2026-07-20 21:18:11.238,,,,,,28.12,929.6,19.3,-40.0,1.0,1.0,0.0,0.0,0.0,198.0
2026-07-20 21:18:11.439,,,,,,28.12,929.6,19.3,-40.0,1.0,1.0,0.0,0.0,0.0,198.0
2026-07-20 21:18:11.639,,,,,,28.12,929.6,19.4,-40.0,1.0,1.0,0.0,0.0,0.0,198.0
2026-07-20 21:18:11.838,,,,,,28.12,929.6,19.4,-40.0,1.0,1.0,0.0,0.0,0.0,198.0
2026-07-20 21:18:12.087,,,,,,28.12,929.6,19.0,-40.0,1.0,1.0,0.0,0.0,0.0,199.0
2026-07-20 21:18:12.238,,,,,,28.12,929.6,19.0,-40.0,1.0,1.0,0.0,0.0,0.0,199.0
2026-07-20 21:18:12.439,,,,,,28.12,929.6,19.0,-40.0,1.0,1.0,0.0,0.0,0.0,199.0
2026-07-20 21:18:12.639,,,,,,28.12,929.6,19.3,-40.0,1.0,1.0,0.0,0.0,0.0,199.0
2026-07-20 21:18:12.838,,,,,,28.12,929.6,19.3,-40.0,1.0,1.0,0.0,0.0,0.0,199.0
2026-07-20 21:18:13.087,,,,,,28.12,929.6,18.6,-40.0,1.0,1.0,0.0,0.0,0.0,200.0
2026-07-20 21:18:13.242,,,,,,28.12,929.6,18.6,-40.0,1.0,1.0,0.0,0.0,0.0,200.0
2026-07-20 21:18:13.438,,,,,,28.12,929.6,18.6,-40.0,1.0,1.0,0.0,0.0,0.0,200.0
2026-07-20 21:18:13.639,,,,,,28.12,929.6,19.4,-40.0,1.0,1.0,0.0,0.0,0.0,200.0
2026-07-20 21:18:13.838,,,,,,28.12,929.6,19.4,-40.0,1.0,1.0,0.0,0.0,0.0,200.0
2026-07-20 21:18:14.086,,,,,,28.12,929.6,19.7,-40.0,1.0,1.0,0.0,0.0,0.0,201.0
2026-07-20 21:18:14.238,,,,,,28.12,929.6,19.7,-40.0,1.0,1.0,0.0,0.0,0.0,201.0
2026-07-20 21:18:14.438,,,,,,28.12,929.6,19.7,-40.0,1.0,1.0,0.0,0.0,0.0,201.0
2026-07-20 21:18:14.639,,,,,,28.12,929.6,19.9,-40.0,1.0,1.0,0.0,0.0,0.0,201.0
2026-07-20 21:18:14.838,,,,,,28.12,929.6,19.9,-40.0,1.0,1.0,0.0,0.0,0.0,201.0
2026-07-20 21:18:15.086,,,,,,28.12,929.6,19.4,-40.0,1.0,1.0,0.0,0.0,0.0,202.0
2026-07-20 21:18:15.238,,,,,,28.12,929.6,19.4,-40.0,1.0,1.0,0.0,0.0,0.0,202.0
2026-07-20 21:18:15.438,,,,,,28.12,929.6,19.4,-40.0,1.0,1.0,0.0,0.0,0.0,202.0
2026-07-20 21:18:15.638,,,,,,28.12,929.6,20.0,-40.0,1.0,1.0,0.0,0.0,0.0,202.0
2026-07-20 21:18:15.838,,,,,,28.12,929.6,20.0,-40.0,1.0,1.0,0.0,0.0,0.0,202.0
2026-07-20 21:18:16.087,,,,,,28.12,929.6,18.9,-40.0,1.0,1.0,0.0,0.0,0.0,203.0
2026-07-20 21:18:16.239,,,,,,28.12,929.6,18.9,-40.0,1.0,1.0,0.0,0.0,0.0,203.0
2026-07-20 21:18:16.439,,,,,,28.12,929.6,18.9,-40.0,1.0,1.0,0.0,0.0,0.0,203.0
2026-07-20 21:18:16.640,,,,,,28.13,929.6,19.0,-40.0,1.0,1.0,0.0,0.0,0.0,203.0
2026-07-20 21:18:16.838,,,,,,28.13,929.6,19.0,-40.0,1.0,1.0,0.0,0.0,0.0,203.0
2026-07-20 21:18:17.087,,,,,,28.13,929.6,19.3,-40.0,1.0,1.0,0.0,0.0,0.0,204.0
2026-07-20 21:18:17.238,,,,,,28.13,929.6,19.3,-40.0,1.0,1.0,0.0,0.0,0.0,204.0
2026-07-20 21:18:17.439,,,,,,28.13,929.6,19.3,-40.0,1.0,1.0,0.0,0.0,0.0,204.0
2026-07-20 21:18:17.639,,,,,,28.12,929.6,19.7,-40.0,1.0,1.0,0.0,0.0,0.0,204.0
2026-07-20 21:18:17.839,,,,,,28.12,929.6,19.7,-40.0,1.0,1.0,0.0,0.0,0.0,204.0
2026-07-20 21:18:18.086,,,,,,28.12,929.6,19.0,-40.0,1.0,1.0,0.0,0.0,0.0,205.0
2026-07-20 21:18:18.238,,,,,,28.12,929.6,19.0,-40.0,1.0,1.0,0.0,0.0,0.0,205.0
2026-07-20 21:18:18.438,,,,,,28.12,929.6,19.0,-40.0,1.0,1.0,0.0,0.0,0.0,205.0
2026-07-20 21:18:18.639,,,,,,28.12,929.6,20.0,-40.0,1.0,1.0,0.0,0.0,0.0,205.0
2026-07-20 21:18:18.838,,,,,,28.12,929.6,20.0,-40.0,1.0,1.0,0.0,0.0,0.0,205.0
2026-07-20 21:18:19.086,,,,,,28.13,929.6,19.9,-40.0,1.0,1.0,0.0,0.0,0.0,206.0
2026-07-20 21:18:19.241,,,,,,28.13,929.6,19.9,-40.0,1.0,1.0,0.0,0.0,0.0,206.0
2026-07-20 21:18:19.439,,,,,,28.13,929.6,19.9,-40.0,1.0,1.0,0.0,0.0,0.0,206.0
2026-07-20 21:18:19.638,,,,,,28.13,929.6,20.1,-40.0,1.0,1.0,0.0,0.0,0.0,206.0
2026-07-20 21:18:19.838,,,,,,28.13,929.6,20.1,-40.0,1.0,1.0,0.0,0.0,0.0,206.0
2026-07-20 21:18:20.086,,,,,,28.12,929.6,20.2,-40.0,1.0,1.0,0.0,0.0,0.0,207.0
2026-07-20 21:18:20.260,,,,,,28.12,929.6,20.2,-40.0,1.0,1.0,0.0,0.0,0.0,207.0
2026-07-20 21:18:20.438,,,,,,28.12,929.6,20.2,-40.0,1.0,1.0,0.0,0.0,0.0,207.0
2026-07-20 21:18:20.639,,,,,,28.13,929.6,20.3,-40.0,1.0,1.0,0.0,0.0,0.0,207.0
2026-07-20 21:18:20.838,,,,,,28.13,929.6,20.3,-40.0,1.0,1.0,0.0,0.0,0.0,207.0
2026-07-20 21:18:21.086,,,,,,28.12,929.6,20.0,-40.0,1.0,1.0,0.0,0.0,0.0,208.0
2026-07-20 21:18:21.264,,,,,,28.12,929.6,20.0,-40.0,1.0,1.0,0.0,0.0,0.0,208.0
2026-07-20 21:18:21.438,,,,,,28.12,929.6,20.0,-40.0,1.0,1.0,0.0,0.0,0.0,208.0
2026-07-20 21:18:21.638,,,,,,28.12,929.6,20.1,-40.0,1.0,1.0,0.0,0.0,0.0,208.0
2026-07-20 21:18:21.838,,,,,,28.12,929.6,20.1,-40.0,1.0,1.0,0.0,0.0,0.0,208.0
2026-07-20 21:18:22.086,,,,,,28.13,929.7,19.9,-40.0,1.0,1.0,0.0,0.0,0.0,209.0
2026-07-20 21:18:22.253,,,,,,28.13,929.7,19.9,-40.0,1.0,1.0,0.0,0.0,0.0,209.0
2026-07-20 21:18:22.438,,,,,,28.13,929.7,19.9,-40.0,1.0,1.0,0.0,0.0,0.0,209.0
2026-07-20 21:18:22.638,,,,,,28.12,929.6,19.7,-40.0,1.0,1.0,0.0,0.0,0.0,209.0
2026-07-20 21:18:22.838,,,,,,28.12,929.6,19.7,-40.0,1.0,1.0,0.0,0.0,0.0,209.0
2026-07-20 21:18:23.086,,,,,,28.12,929.6,19.7,-40.0,1.0,1.0,0.0,0.0,0.0,210.0
2026-07-20 21:18:23.256,,,,,,28.12,929.6,19.7,-40.0,1.0,1.0,0.0,0.0,0.0,210.0
2026-07-20 21:18:23.439,,,,,,28.12,929.6,19.7,-40.0,1.0,1.0,0.0,0.0,0.0,210.0
2026-07-20 21:18:23.638,,,,,,28.12,929.6,19.4,-40.0,1.0,1.0,0.0,0.0,0.0,210.0
2026-07-20 21:18:23.838,,,,,,28.12,929.6,19.4,-40.0,1.0,1.0,0.0,0.0,0.0,210.0
2026-07-20 21:18:24.087,,,,,,28.13,929.6,19.6,-40.0,1.0,1.0,0.0,0.0,0.0,211.0
2026-07-20 21:18:24.238,,,,,,28.13,929.6,19.6,-40.0,1.0,1.0,0.0,0.0,0.0,211.0
2026-07-20 21:18:24.438,,,,,,28.13,929.6,19.6,-40.0,1.0,1.0,0.0,0.0,0.0,211.0
2026-07-20 21:18:24.639,,,,,,28.12,929.6,20.2,-40.0,1.0,1.0,0.0,0.0,0.0,211.0
2026-07-20 21:18:24.838,,,,,,28.12,929.6,20.2,-40.0,1.0,1.0,0.0,0.0,0.0,211.0
2026-07-20 21:18:25.086,,,,,,28.12,929.6,20.3,-40.0,1.0,1.0,0.0,0.0,0.0,212.0
2026-07-20 21:18:25.238,,,,,,28.12,929.6,20.3,-40.0,1.0,1.0,0.0,0.0,0.0,212.0
2026-07-20 21:18:25.437,,,,,,28.12,929.6,20.3,-40.0,1.0,1.0,0.0,0.0,0.0,212.0
2026-07-20 21:18:25.639,,,,,,28.13,929.7,20.5,-40.0,1.0,1.0,0.0,0.0,0.0,212.0
2026-07-20 21:18:25.838,,,,,,28.13,929.7,20.5,-40.0,1.0,1.0,0.0,0.0,0.0,212.0
2026-07-20 21:18:26.087,,,,,,28.12,929.7,21.1,-40.0,1.0,1.0,0.0,0.0,0.0,213.0
2026-07-20 21:18:26.238,,,,,,28.12,929.7,21.1,-40.0,1.0,1.0,0.0,0.0,0.0,213.0
2026-07-20 21:18:26.439,,,,,,28.12,929.7,21.1,-40.0,1.0,1.0,0.0,0.0,0.0,213.0
2026-07-20 21:18:26.639,,,,,,28.12,929.7,21.4,-40.0,1.0,1.0,0.0,0.0,0.0,213.0
2026-07-20 21:18:26.838,,,,,,28.12,929.7,21.4,-40.0,1.0,1.0,0.0,0.0,0.0,213.0
2026-07-20 21:18:27.086,,,,,,28.12,929.6,21.1,-40.0,1.0,1.0,0.0,0.0,0.0,214.0
2026-07-20 21:18:27.238,,,,,,28.12,929.6,21.1,-40.0,1.0,1.0,0.0,0.0,0.0,214.0
2026-07-20 21:18:27.439,,,,,,28.12,929.6,21.1,-40.0,1.0,1.0,0.0,0.0,0.0,214.0
2026-07-20 21:18:27.638,,,,,,28.13,929.6,21.5,-40.0,1.0,1.0,0.0,0.0,0.0,214.0
2026-07-20 21:18:27.839,,,,,,28.13,929.6,21.5,-40.0,1.0,1.0,0.0,0.0,0.0,214.0
2026-07-20 21:18:28.086,,,,,,28.12,929.6,21.0,-40.0,1.0,1.0,0.0,0.0,0.0,215.0
2026-07-20 21:18:28.238,,,,,,28.12,929.6,21.0,-40.0,1.0,1.0,0.0,0.0,0.0,215.0
2026-07-20 21:18:28.438,,,,,,28.12,929.6,21.0,-40.0,1.0,1.0,0.0,0.0,0.0,215.0
2026-07-20 21:18:28.639,,,,,,28.12,929.7,20.3,-40.0,1.0,1.0,0.0,0.0,0.0,215.0
2026-07-20 21:18:28.838,,,,,,28.12,929.7,20.3,-40.0,1.0,1.0,0.0,0.0,0.0,215.0
2026-07-20 21:18:29.086,,,,,,28.13,929.7,20.5,-40.0,1.0,1.0,0.0,0.0,0.0,216.0
2026-07-20 21:18:29.238,,,,,,28.13,929.7,20.5,-40.0,1.0,1.0,0.0,0.0,0.0,216.0
2026-07-20 21:18:29.438,,,,,,28.13,929.7,20.5,-40.0,1.0,1.0,0.0,0.0,0.0,216.0
2026-07-20 21:18:29.639,,,,,,28.12,929.7,20.6,-40.0,1.0,1.0,0.0,0.0,0.0,216.0
2026-07-20 21:18:29.838,,,,,,28.12,929.7,20.6,-40.0,1.0,1.0,0.0,0.0,0.0,216.0
2026-07-20 21:18:30.085,,,,,,28.12,929.7,20.3,-40.0,1.0,1.0,0.0,0.0,0.0,217.0
2026-07-20 21:18:30.237,,,,,,28.12,929.7,20.3,-40.0,1.0,1.0,0.0,0.0,0.0,217.0
2026-07-20 21:18:30.438,,,,,,28.12,929.7,20.3,-40.0,1.0,1.0,0.0,0.0,0.0,217.0
2026-07-20 21:18:30.637,,,,,,28.13,929.6,19.6,-40.0,1.0,1.0,0.0,0.0,0.0,217.0
2026-07-20 21:18:30.838,,,,,,28.13,929.6,19.6,-40.0,1.0,1.0,0.0,0.0,0.0,217.0
2026-07-20 21:18:31.087,,,,,,28.12,929.7,19.6,-40.0,1.0,1.0,0.0,0.0,0.0,218.0
2026-07-20 21:18:31.251,,,,,,28.12,929.7,19.6,-40.0,1.0,1.0,0.0,0.0,0.0,218.0
2026-07-20 21:18:31.438,,,,,,28.12,929.7,19.6,-40.0,1.0,1.0,0.0,0.0,0.0,218.0
2026-07-20 21:18:31.638,,,,,,28.13,929.7,20.4,-40.0,1.0,1.0,0.0,0.0,0.0,218.0
2026-07-20 21:18:31.838,,,,,,28.13,929.7,20.4,-40.0,1.0,1.0,0.0,0.0,0.0,218.0
2026-07-20 21:18:32.086,,,,,,28.13,929.6,19.3,-40.0,1.0,1.0,0.0,0.0,0.0,219.0
2026-07-20 21:18:32.238,,,,,,28.13,929.6,19.3,-40.0,1.0,1.0,0.0,0.0,0.0,219.0
2026-07-20 21:18:32.438,,,,,,28.13,929.6,19.3,-40.0,1.0,1.0,0.0,0.0,0.0,219.0
2026-07-20 21:18:32.639,,,,,,28.13,929.6,19.2,-40.0,1.0,1.0,0.0,0.0,0.0,219.0
2026-07-20 21:18:32.837,,,,,,28.13,929.6,19.2,-40.0,1.0,1.0,0.0,0.0,0.0,219.0
2026-07-20 21:18:33.085,,,,,,28.13,929.7,20.2,-40.0,1.0,1.0,0.0,0.0,0.0,220.0
2026-07-20 21:18:33.263,,,,,,28.13,929.7,20.2,-40.0,1.0,1.0,0.0,0.0,0.0,220.0
2026-07-20 21:18:33.438,,,,,,28.13,929.7,20.2,-40.0,1.0,1.0,0.0,0.0,0.0,220.0
2026-07-20 21:18:33.638,,,,,,28.12,929.7,20.1,-40.0,1.0,1.0,0.0,0.0,0.0,220.0
2026-07-20 21:18:33.838,,,,,,28.12,929.7,20.1,-40.0,1.0,1.0,0.0,0.0,0.0,220.0
2026-07-20 21:18:34.086,,,,,,28.13,929.7,20.4,-40.0,1.0,1.0,0.0,0.0,0.0,221.0
2026-07-20 21:18:34.238,,,,,,28.13,929.7,20.4,-40.0,1.0,1.0,0.0,0.0,0.0,221.0
2026-07-20 21:18:34.438,,,,,,28.13,929.7,20.4,-40.0,1.0,1.0,0.0,0.0,0.0,221.0
2026-07-20 21:18:34.639,,,,,,28.13,929.7,19.3,-40.0,1.0,1.0,0.0,0.0,0.0,221.0
2026-07-20 21:18:34.838,,,,,,28.13,929.7,19.3,-40.0,1.0,1.0,0.0,0.0,0.0,221.0
2026-07-20 21:18:35.086,,,,,,28.13,929.7,19.3,-40.0,1.0,1.0,0.0,0.0,0.0,222.0
2026-07-20 21:18:35.255,,,,,,28.13,929.7,19.3,-40.0,1.0,1.0,0.0,0.0,0.0,222.0
2026-07-20 21:18:35.438,,,,,,28.13,929.7,19.3,-40.0,1.0,1.0,0.0,0.0,0.0,222.0
2026-07-20 21:18:53.300,,,,,,24.39,668.2,83.4,-40.0,0.0,0.0,0.0,0.0,1.0,0.0
2026-07-20 21:18:53.468,,,,,,24.39,668.2,83.4,-40.0,0.0,0.0,0.0,0.0,0.0,0.0
2026-07-20 21:18:53.651,,,,,,24.39,668.2,83.4,-40.0,0.0,0.0,0.0,0.0,0.0,0.0
2026-07-20 21:18:53.852,,,,,,28.12,929.6,18.9,-40.0,0.0,0.0,0.0,0.0,0.0,0.0
2026-07-20 21:18:54.060,,,,,,28.12,929.6,18.9,-40.0,0.0,0.0,0.0,0.0,0.0,0.0
2026-07-20 21:18:54.300,,,,,,28.12,929.7,19.3,-40.0,0.0,0.0,0.0,0.0,0.0,0.0
2026-07-20 21:18:54.451,,,,,,28.12,929.7,19.3,-40.0,0.0,0.0,0.0,0.0,0.0,1.0
2026-07-20 21:18:54.651,,,,,,28.12,929.7,19.3,-40.0,0.0,0.0,0.0,0.0,0.0,1.0
2026-07-20 21:18:54.852,,,,,,28.12,929.6,18.8,-40.0,0.0,0.0,0.0,0.0,0.0,1.0
2026-07-20 21:18:55.051,,,,,,28.12,929.6,18.8,-40.0,0.0,0.0,0.0,0.0,0.0,1.0
2026-07-20 21:18:55.299,,,,,,28.12,929.7,19.0,-40.0,0.0,0.0,0.0,0.0,0.0,1.0
2026-07-20 21:18:55.451,,,,,,28.12,929.7,19.0,-40.0,0.0,0.0,0.0,0.0,0.0,2.0
2026-07-20 21:18:55.651,,,,,,28.12,929.7,19.0,-40.0,0.0,0.0,0.0,0.0,0.0,2.0
2026-07-20 21:18:55.851,,,,,,28.12,929.6,19.1,-40.0,0.0,0.0,0.0,0.0,0.0,2.0
2026-07-20 21:18:56.051,,,,,,28.12,929.6,19.1,-40.0,0.0,0.0,0.0,0.0,0.0,2.0
2026-07-20 21:18:56.299,,,,,,28.12,929.6,18.4,-40.0,0.0,0.0,0.0,0.0,0.0,3.0
2026-07-20 21:18:56.451,,,,,,28.12,929.6,18.4,-40.0,0.0,0.0,0.0,0.0,0.0,3.0
2026-07-20 21:18:56.651,,,,,,28.12,929.6,18.4,-40.0,0.0,0.0,0.0,0.0,0.0,3.0
2026-07-20 21:18:56.855,,,,,,28.12,929.7,18.8,-40.0,0.0,0.0,0.0,0.0,0.0,3.0
2026-07-20 21:18:57.051,,,,,,28.12,929.7,18.8,-40.0,0.0,0.0,0.0,0.0,0.0,3.0
2026-07-20 21:18:57.299,,,,,,28.12,929.6,18.8,-40.0,0.0,0.0,0.0,0.0,0.0,3.0
2026-07-20 21:18:57.451,,,,,,28.12,929.6,18.8,-40.0,0.0,0.0,0.0,0.0,0.0,4.0
2026-07-20 21:18:57.651,,,,,,28.12,929.6,18.8,-40.0,0.0,0.0,0.0,0.0,0.0,4.0
2026-07-20 21:18:57.851,,,,,,28.12,929.6,18.8,-40.0,0.0,0.0,0.0,0.0,0.0,4.0
2026-07-20 21:18:58.051,,,,,,28.12,929.6,18.8,-40.0,0.0,0.0,0.0,0.0,0.0,4.0
2026-07-20 21:18:58.299,,,,,,28.12,929.6,18.3,-40.0,0.0,0.0,0.0,0.0,0.0,4.0
2026-07-20 21:18:58.451,,,,,,28.12,929.6,18.3,-40.0,0.0,0.0,0.0,0.0,0.0,5.0
2026-07-20 21:18:58.651,,,,,,28.12,929.6,18.3,-40.0,0.0,0.0,0.0,0.0,0.0,5.0
2026-07-20 21:18:58.851,,,,,,28.12,929.7,18.9,-40.0,0.0,0.0,0.0,0.0,0.0,5.0
2026-07-20 21:18:59.051,,,,,,28.12,929.7,18.9,-40.0,0.0,0.0,0.0,0.0,0.0,5.0
2026-07-20 21:18:59.299,,,,,,28.12,929.6,19.0,-40.0,0.0,0.0,0.0,0.0,0.0,6.0
2026-07-20 21:18:59.451,,,,,,28.12,929.6,19.0,-40.0,0.0,0.0,0.0,0.0,0.0,6.0
2026-07-20 21:18:59.651,,,,,,28.12,929.6,19.0,-40.0,0.0,0.0,0.0,0.0,0.0,6.0
2026-07-20 21:18:59.851,,,,,,28.12,929.6,18.5,-40.0,0.0,0.0,0.0,0.0,0.0,6.0
2026-07-20 21:19:00.051,,,,,,28.12,929.6,18.5,-40.0,0.0,0.0,0.0,0.0,0.0,6.0
2026-07-20 21:19:00.298,,,,,,28.12,929.6,18.8,-40.0,0.0,0.0,0.0,0.0,0.0,6.0
2026-07-20 21:19:00.477,,,,,,28.12,929.6,18.8,-40.0,0.0,0.0,0.0,0.0,0.0,7.0
2026-07-20 21:19:00.652,,,,,,28.12,929.6,18.8,-40.0,0.0,0.0,0.0,0.0,0.0,7.0
2026-07-20 21:19:00.851,,,,,,28.12,929.6,19.1,-40.0,0.0,0.0,0.0,0.0,0.0,7.0
2026-07-20 21:19:01.051,,,,,,28.12,929.6,19.1,-40.0,0.0,0.0,0.0,0.0,0.0,7.0
2026-07-20 21:19:01.299,,,,,,28.12,929.6,18.9,-40.0,0.0,0.0,0.0,0.0,0.0,7.0
2026-07-20 21:19:01.451,,,,,,28.12,929.6,18.9,-40.0,0.0,0.0,0.0,0.0,0.0,8.0
2026-07-20 21:19:01.651,,,,,,28.12,929.6,18.9,-40.0,0.0,0.0,0.0,0.0,0.0,8.0
2026-07-20 21:19:01.851,,,,,,28.12,929.6,18.9,-40.0,0.0,0.0,0.0,0.0,0.0,8.0
2026-07-20 21:19:02.051,,,,,,28.12,929.6,18.9,-40.0,0.0,0.0,0.0,0.0,0.0,8.0
2026-07-20 21:19:02.299,,,,,,28.12,929.6,19.0,-40.0,0.0,0.0,0.0,0.0,0.0,9.0
2026-07-20 21:19:02.451,,,,,,28.12,929.6,19.0,-40.0,0.0,0.0,0.0,0.0,0.0,9.0
2026-07-20 21:19:02.651,,,,,,28.12,929.6,19.0,-40.0,0.0,0.0,0.0,0.0,0.0,9.0
2026-07-20 21:19:02.851,,,,,,28.12,929.6,19.2,-40.0,0.0,0.0,0.0,0.0,0.0,9.0
2026-07-20 21:19:03.051,,,,,,28.12,929.6,19.2,-40.0,0.0,0.0,0.0,0.0,0.0,9.0
2026-07-20 21:19:03.298,,,,,,28.12,929.6,19.3,-40.0,0.0,0.0,0.0,0.0,0.0,9.0
2026-07-20 21:19:03.451,,,,,,28.12,929.6,19.3,-40.0,0.0,0.0,0.0,0.0,0.0,10.0
2026-07-20 21:19:03.651,,,,,,28.12,929.6,19.3,-40.0,0.0,0.0,0.0,0.0,0.0,10.0
2026-07-20 21:19:03.851,,,,,,28.12,929.7,19.4,-40.0,0.0,0.0,0.0,0.0,0.0,10.0
2026-07-20 21:19:04.051,,,,,,28.12,929.7,19.4,-40.0,0.0,0.0,0.0,0.0,0.0,10.0
2026-07-20 21:19:04.299,,,,,,28.12,929.6,19.4,-40.0,0.0,0.0,0.0,0.0,0.0,10.0
2026-07-20 21:19:04.451,,,,,,28.12,929.6,19.4,-40.0,0.0,0.0,0.0,0.0,0.0,11.0
2026-07-20 21:19:04.651,,,,,,28.12,929.6,19.4,-40.0,0.0,0.0,0.0,0.0,0.0,11.0
2026-07-20 21:19:04.851,,,,,,28.12,929.7,19.2,-40.0,0.0,0.0,0.0,0.0,0.0,11.0
2026-07-20 21:19:05.051,,,,,,28.12,929.7,19.2,-40.0,0.0,0.0,0.0,0.0,0.0,11.0
2026-07-20 21:19:05.299,,,,,,28.12,929.7,19.1,-40.0,0.0,0.0,0.0,0.0,0.0,12.0
2026-07-20 21:19:05.451,,,,,,28.12,929.7,19.1,-40.0,0.0,0.0,0.0,0.0,0.0,12.0
2026-07-20 21:19:05.651,,,,,,28.12,929.7,19.1,-40.0,0.0,0.0,0.0,0.0,0.0,12.0
2026-07-20 21:19:05.851,,,,,,28.12,929.6,19.1,-40.0,0.0,0.0,0.0,0.0,0.0,12.0
2026-07-20 21:19:06.051,,,,,,28.12,929.6,19.1,-40.0,0.0,0.0,0.0,0.0,0.0,12.0
2026-07-20 21:19:06.299,,,,,,28.12,929.7,18.7,-40.0,0.0,0.0,0.0,0.0,0.0,12.0
2026-07-20 21:19:06.451,,,,,,28.12,929.7,18.7,-40.0,0.0,0.0,0.0,0.0,0.0,13.0
2026-07-20 21:19:06.651,,,,,,28.12,929.7,18.7,-40.0,0.0,0.0,0.0,0.0,0.0,13.0
2026-07-20 21:19:06.852,,,,,,28.12,929.6,19.4,-40.0,0.0,0.0,0.0,0.0,0.0,13.0
2026-07-20 21:19:07.051,,,,,,28.12,929.6,19.4,-40.0,0.0,0.0,0.0,0.0,0.0,13.0
2026-07-20 21:19:07.299,,,,,,28.12,929.6,18.9,-40.0,0.0,0.0,0.0,0.0,0.0,13.0
2026-07-20 21:19:07.467,,,,,,28.12,929.6,18.9,-40.0,0.0,0.0,0.0,0.0,0.0,14.0
2026-07-20 21:19:07.651,,,,,,28.12,929.6,18.9,-40.0,0.0,0.0,0.0,0.0,0.0,14.0
2026-07-20 21:19:07.851,,,,,,28.12,929.6,18.7,-40.0,0.0,0.0,0.0,0.0,0.0,14.0
2026-07-20 21:19:08.051,,,,,,28.12,929.6,18.7,-40.0,0.0,0.0,0.0,0.0,0.0,14.0
2026-07-20 21:19:08.299,,,,,,28.12,929.6,19.4,-40.0,0.0,0.0,0.0,0.0,0.0,15.0
2026-07-20 21:19:08.468,,,,,,28.12,929.6,19.4,-40.0,0.0,0.0,0.0,0.0,0.0,15.0
2026-07-20 21:19:08.651,,,,,,28.12,929.6,19.4,-40.0,0.0,0.0,0.0,0.0,0.0,15.0
2026-07-20 21:19:08.851,,,,,,28.12,929.6,18.4,-40.0,0.0,0.0,0.0,0.0,0.0,15.0
2026-07-20 21:19:09.051,,,,,,28.12,929.6,18.4,-40.0,0.0,0.0,0.0,0.0,0.0,15.0
2026-07-20 21:19:09.298,,,,,,28.12,929.7,19.2,-40.0,0.0,0.0,0.0,0.0,0.0,15.0
2026-07-20 21:19:09.474,,,,,,28.12,929.7,19.2,-40.0,0.0,0.0,0.0,0.0,0.0,16.0
2026-07-20 21:19:09.651,,,,,,28.12,929.7,19.2,-40.0,0.0,0.0,0.0,0.0,0.0,16.0
2026-07-20 21:19:09.851,,,,,,28.12,929.6,19.1,-40.0,0.0,0.0,0.0,0.0,0.0,16.0
2026-07-20 21:19:10.051,,,,,,28.12,929.6,19.1,-40.0,0.0,0.0,0.0,0.0,0.0,16.0
2026-07-20 21:19:10.298,,,,,,28.12,929.6,19.3,-40.0,0.0,0.0,0.0,0.0,0.0,16.0
2026-07-20 21:19:10.469,,,,,,28.12,929.6,19.3,-40.0,0.0,0.0,0.0,0.0,0.0,17.0
2026-07-20 21:19:10.651,,,,,,28.12,929.6,19.3,-40.0,0.0,0.0,0.0,0.0,0.0,17.0
2026-07-20 21:19:10.851,,,,,,28.12,929.7,19.5,-40.0,0.0,0.0,0.0,0.0,0.0,17.0
2026-07-20 21:19:11.051,,,,,,28.12,929.7,19.5,-40.0,0.0,0.0,0.0,0.0,0.0,17.0
2026-07-20 21:19:11.299,,,,,,28.12,929.6,19.3,-40.0,0.0,0.0,0.0,0.0,0.0,18.0
2026-07-20 21:19:11.451,,,,,,28.12,929.6,19.3,-40.0,0.0,0.0,0.0,0.0,0.0,18.0
2026-07-20 21:19:11.651,,,,,,28.12,929.6,19.3,-40.0,0.0,0.0,0.0,0.0,0.0,18.0
2026-07-20 21:19:11.851,,,,,,28.12,929.6,19.3,-40.0,0.0,0.0,0.0,0.0,0.0,18.0
2026-07-20 21:19:12.051,,,,,,28.12,929.6,19.3,-40.0,0.0,0.0,0.0,0.0,0.0,18.0
2026-07-20 21:19:12.299,,,,,,28.12,929.6,19.2,-40.0,0.0,0.0,0.0,0.0,0.0,18.0
2026-07-20 21:19:12.466,,,,,,28.12,929.6,19.2,-40.0,0.0,0.0,0.0,0.0,0.0,19.0
2026-07-20 21:19:12.651,,,,,,28.12,929.6,19.2,-40.0,0.0,0.0,0.0,0.0,0.0,19.0
2026-07-20 21:19:12.851,,,,,,28.12,929.6,19.3,-40.0,0.0,0.0,0.0,0.0,0.0,19.0
2026-07-20 21:19:13.051,,,,,,28.12,929.6,19.3,-40.0,0.0,0.0,0.0,0.0,0.0,19.0
2026-07-20 21:19:13.298,,,,,,28.12,929.6,18.4,-40.0,0.0,0.0,0.0,0.0,0.0,19.0
2026-07-20 21:19:13.469,,,,,,28.12,929.6,18.4,-40.0,0.0,0.0,0.0,0.0,0.0,20.0
2026-07-20 21:19:13.651,,,,,,28.12,929.6,18.4,-40.0,0.0,0.0,0.0,0.0,0.0,20.0
2026-07-20 21:19:13.851,,,,,,28.12,929.7,18.8,-40.0,0.0,0.0,0.0,0.0,0.0,20.0
2026-07-20 21:19:14.067,,,,,,28.12,929.7,18.8,-40.0,0.0,0.0,0.0,0.0,0.0,20.0
2026-07-20 21:19:14.299,,,,,,28.12,929.6,19.1,-40.0,0.0,0.0,0.0,0.0,0.0,21.0
2026-07-20 21:19:14.476,,,,,,28.12,929.6,19.1,-40.0,0.0,0.0,0.0,0.0,0.0,21.0
2026-07-20 21:19:14.651,,,,,,28.12,929.6,19.1,-40.0,0.0,0.0,0.0,0.0,0.0,21.0
2026-07-20 21:19:14.851,,,,,,28.12,929.6,18.9,-40.0,0.0,0.0,0.0,0.0,0.0,21.0
2026-07-20 21:19:15.058,,,,,,28.12,929.6,18.9,-40.0,0.0,0.0,0.0,0.0,0.0,21.0
2026-07-20 21:19:15.299,,,,,,28.12,929.7,18.8,-40.0,0.0,0.0,0.0,0.0,0.0,21.0
2026-07-20 21:19:15.484,,,,,,28.12,929.7,18.8,-40.0,0.0,0.0,0.0,0.0,0.0,22.0
2026-07-20 21:19:15.651,,,,,,28.12,929.7,18.8,-40.0,0.0,0.0,0.0,0.0,0.0,22.0
2026-07-20 21:19:15.851,,,,,,28.12,929.7,19.3,-40.0,0.0,0.0,0.0,0.0,0.0,22.0
2026-07-20 21:19:16.051,,,,,,28.12,929.7,19.3,-40.0,0.0,0.0,0.0,0.0,0.0,22.0
2026-07-20 21:19:16.298,,,,,,28.12,929.6,18.9,-40.0,0.0,0.0,0.0,0.0,0.0,22.0
2026-07-20 21:19:16.452,,,,,,28.12,929.6,18.9,-40.0,0.0,0.0,0.0,0.0,0.0,23.0
2026-07-20 21:19:16.651,,,,,,28.12,929.6,18.9,-40.0,0.0,0.0,0.0,0.0,0.0,23.0
2026-07-20 21:19:16.851,,,,,,28.12,929.6,19.2,-40.0,0.0,0.0,0.0,0.0,0.0,23.0
2026-07-20 21:19:17.050,,,,,,28.12,929.6,19.2,-40.0,0.0,0.0,0.0,0.0,0.0,23.0
2026-07-20 21:19:17.299,,,,,,28.12,929.7,19.0,-40.0,0.0,0.0,0.0,0.0,0.0,24.0
2026-07-20 21:19:17.451,,,,,,28.12,929.7,19.0,-40.0,0.0,0.0,0.0,0.0,0.0,24.0
2026-07-20 21:19:17.651,,,,,,28.12,929.7,19.0,-40.0,0.0,0.0,0.0,0.0,0.0,24.0
2026-07-20 21:19:17.851,,,,,,28.12,929.7,18.6,-40.0,0.0,0.0,0.0,0.0,0.0,24.0
2026-07-20 21:19:18.050,,,,,,28.12,929.7,18.6,-40.0,0.0,0.0,0.0,0.0,0.0,24.0
2026-07-20 21:19:18.298,,,,,,28.12,929.7,18.9,-40.0,0.0,0.0,0.0,0.0,0.0,24.0
2026-07-20 21:19:18.451,,,,,,28.12,929.7,18.9,-40.0,0.0,0.0,0.0,0.0,0.0,25.0
2026-07-20 21:19:18.651,,,,,,28.12,929.7,18.9,-40.0,0.0,0.0,0.0,0.0,0.0,25.0
2026-07-20 21:19:18.851,,,,,,28.12,929.6,19.1,-40.0,0.0,0.0,0.0,0.0,0.0,25.0
2026-07-20 21:19:19.051,,,,,,28.12,929.6,19.1,-40.0,0.0,0.0,0.0,0.0,0.0,25.0
2026-07-20 21:19:19.299,,,,,,28.12,929.7,18.2,-40.0,0.0,0.0,0.0,0.0,0.0,25.0
2026-07-20 21:19:19.450,,,,,,28.12,929.7,18.2,-40.0,0.0,0.0,0.0,0.0,0.0,26.0
2026-07-20 21:19:19.651,,,,,,28.12,929.7,18.2,-40.0,0.0,0.0,0.0,0.0,0.0,26.0
2026-07-20 21:19:19.851,,,,,,28.12,929.7,18.8,-40.0,0.0,0.0,0.0,0.0,0.0,26.0
2026-07-20 21:19:20.051,,,,,,28.12,929.7,18.8,-40.0,0.0,0.0,0.0,0.0,0.0,26.0
2026-07-20 21:19:20.298,,,,,,28.12,929.6,18.9,-40.0,0.0,0.0,0.0,0.0,0.0,27.0
2026-07-20 21:19:20.450,,,,,,28.12,929.6,18.9,-40.0,0.0,0.0,0.0,0.0,0.0,27.0
2026-07-20 21:19:20.651,,,,,,28.12,929.6,18.9,-40.0,0.0,0.0,0.0,0.0,0.0,27.0
2026-07-20 21:19:20.852,,,,,,28.12,929.7,18.9,-40.0,0.0,0.0,0.0,0.0,0.0,27.0
2026-07-20 21:19:21.050,,,,,,28.12,929.7,18.9,-40.0,0.0,0.0,0.0,0.0,0.0,27.0
2026-07-20 21:19:21.298,,,,,,28.12,929.6,19.1,-40.0,0.0,0.0,0.0,0.0,0.0,27.0
2026-07-20 21:19:21.451,,,,,,28.12,929.6,19.1,-40.0,0.0,0.0,0.0,0.0,0.0,28.0
2026-07-20 21:19:21.651,,,,,,28.12,929.6,19.1,-40.0,0.0,0.0,0.0,0.0,0.0,28.0
2026-07-20 21:19:21.851,,,,,,28.12,929.7,19.0,-40.0,0.0,0.0,0.0,0.0,0.0,28.0
2026-07-20 21:19:22.052,,,,,,28.12,929.7,19.0,-40.0,0.0,0.0,0.0,0.0,0.0,28.0
2026-07-20 21:19:22.299,,,,,,28.12,929.6,18.8,-40.0,0.0,0.0,0.0,0.0,0.0,28.0
2026-07-20 21:19:22.451,,,,,,28.12,929.6,18.8,-40.0,0.0,0.0,0.0,0.0,0.0,29.0
2026-07-20 21:19:22.651,,,,,,28.12,929.6,18.8,-40.0,0.0,0.0,0.0,0.0,0.0,29.0
2026-07-20 21:19:22.850,,,,,,28.12,929.6,19.0,-40.0,0.0,0.0,0.0,0.0,0.0,29.0
2026-07-20 21:19:23.050,,,,,,28.12,929.6,19.0,-40.0,0.0,0.0,0.0,0.0,0.0,29.0
2026-07-20 21:19:23.298,,,,,,28.11,929.6,18.8,-40.0,0.0,0.0,0.0,0.0,0.0,30.0
2026-07-20 21:19:23.480,,,,,,28.11,929.6,18.8,-40.0,0.0,0.0,0.0,0.0,0.0,30.0
2026-07-20 21:19:23.651,,,,,,28.11,929.6,18.8,-40.0,0.0,0.0,0.0,0.0,0.0,30.0
2026-07-20 21:19:23.851,,,,,,28.12,929.7,18.6,-40.0,0.0,0.0,0.0,0.0,0.0,30.0
2026-07-20 21:19:24.051,,,,,,28.12,929.7,18.6,-40.0,0.0,0.0,0.0,0.0,0.0,30.0
2026-07-20 21:19:24.298,,,,,,28.12,929.7,19.1,-40.0,0.0,0.0,0.0,0.0,0.0,30.0
2026-07-20 21:19:24.450,,,,,,28.12,929.7,19.1,-40.0,0.0,0.0,0.0,0.0,0.0,31.0
2026-07-20 21:19:24.651,,,,,,28.12,929.7,19.1,-40.0,0.0,0.0,0.0,0.0,0.0,31.0
2026-07-20 21:19:24.850,,,,,,28.11,929.7,18.9,-40.0,0.0,0.0,0.0,0.0,0.0,31.0
2026-07-20 21:19:25.050,,,,,,28.11,929.7,18.9,-40.0,0.0,0.0,0.0,0.0,0.0,31.0
2026-07-20 21:19:25.298,,,,,,28.12,929.6,18.8,-40.0,0.0,0.0,0.0,0.0,0.0,31.0
2026-07-20 21:19:25.483,,,,,,28.12,929.6,18.8,-40.0,0.0,0.0,0.0,0.0,0.0,32.0
2026-07-20 21:19:25.651,,,,,,28.12,929.6,18.8,-40.0,0.0,0.0,0.0,0.0,0.0,32.0
2026-07-20 21:19:25.851,,,,,,28.12,929.6,18.9,-40.0,0.0,0.0,0.0,0.0,0.0,32.0
2026-07-20 21:19:26.051,,,,,,28.12,929.6,18.9,-40.0,0.0,0.0,0.0,0.0,0.0,32.0
2026-07-20 21:19:26.298,,,,,,28.12,929.7,18.8,-40.0,0.0,0.0,0.0,0.0,0.0,33.0
2026-07-20 21:19:26.475,,,,,,28.12,929.7,18.8,-40.0,0.0,0.0,0.0,0.0,0.0,33.0
2026-07-20 21:19:26.651,,,,,,28.12,929.7,18.8,-40.0,0.0,0.0,0.0,0.0,0.0,33.0
2026-07-20 21:19:26.851,,,,,,28.12,929.6,19.1,-40.0,0.0,0.0,0.0,0.0,0.0,33.0
2026-07-20 21:19:27.051,,,,,,28.12,929.6,19.1,-40.0,0.0,0.0,0.0,0.0,0.0,33.0
2026-07-20 21:19:27.298,,,,,,28.12,929.7,18.9,-40.0,0.0,0.0,0.0,0.0,0.0,33.0
2026-07-20 21:19:27.472,,,,,,28.12,929.7,18.9,-40.0,0.0,0.0,0.0,0.0,0.0,34.0
2026-07-20 21:19:27.651,,,,,,28.12,929.7,18.9,-40.0,0.0,0.0,0.0,0.0,0.0,34.0
2026-07-20 21:19:27.851,,,,,,28.12,929.7,19.0,-40.0,0.0,0.0,0.0,0.0,0.0,34.0
2026-07-20 21:19:28.051,,,,,,28.12,929.7,19.0,-40.0,0.0,0.0,0.0,0.0,0.0,34.0
2026-07-20 21:19:28.298,,,,,,28.12,929.7,18.7,-40.0,0.0,0.0,0.0,0.0,0.0,34.0
2026-07-20 21:19:28.450,,,,,,28.12,929.7,18.7,-40.0,0.0,0.0,0.0,0.0,0.0,35.0
2026-07-20 21:19:28.651,,,,,,28.12,929.7,18.7,-40.0,0.0,0.0,0.0,0.0,0.0,35.0
2026-07-20 21:19:28.851,,,,,,28.12,929.6,19.2,-40.0,0.0,0.0,0.0,0.0,0.0,35.0
2026-07-20 21:19:29.050,,,,,,28.12,929.6,19.2,-40.0,0.0,0.0,0.0,0.0,0.0,35.0
2026-07-20 21:19:29.298,,,,,,28.12,929.6,19.0,-40.0,0.0,0.0,0.0,0.0,0.0,36.0
2026-07-20 21:19:29.451,,,,,,28.12,929.6,19.0,-40.0,0.0,0.0,0.0,0.0,0.0,36.0
2026-07-20 21:19:29.650,,,,,,28.12,929.6,19.0,-40.0,0.0,0.0,0.0,0.0,0.0,36.0
2026-07-20 21:19:29.851,,,,,,28.12,929.7,18.9,-40.0,0.0,0.0,0.0,0.0,0.0,36.0
2026-07-20 21:19:30.051,,,,,,28.12,929.7,18.9,-40.0,0.0,0.0,0.0,0.0,0.0,36.0
2026-07-20 21:19:30.298,,,,,,28.12,929.7,18.8,-40.0,0.0,0.0,0.0,0.0,0.0,36.0
2026-07-20 21:19:30.450,,,,,,28.12,929.7,18.8,-40.0,0.0,0.0,0.0,0.0,0.0,37.0
2026-07-20 21:19:30.651,,,,,,28.12,929.7,18.8,-40.0,0.0,0.0,0.0,0.0,0.0,37.0
2026-07-20 21:19:30.851,,,,,,28.12,929.6,18.9,-40.0,0.0,0.0,0.0,0.0,0.0,37.0
2026-07-20 21:19:31.050,,,,,,28.12,929.6,18.9,-40.0,0.0,0.0,0.0,0.0,0.0,37.0
2026-07-20 21:19:31.298,,,,,,28.12,929.7,18.7,-40.0,0.0,0.0,0.0,0.0,0.0,37.0
2026-07-20 21:19:31.450,,,,,,28.12,929.7,18.7,-40.0,0.0,0.0,0.0,0.0,0.0,38.0
2026-07-20 21:19:31.650,,,,,,28.12,929.7,18.7,-40.0,0.0,0.0,0.0,0.0,0.0,38.0
2026-07-20 21:19:31.850,,,,,,28.11,929.6,19.4,-40.0,0.0,0.0,0.0,0.0,0.0,38.0
2026-07-20 21:19:32.051,,,,,,28.11,929.6,19.4,-40.0,0.0,0.0,0.0,0.0,0.0,38.0
2026-07-20 21:19:32.298,,,,,,28.12,929.6,19.4,-40.0,0.0,0.0,0.0,0.0,0.0,39.0
2026-07-20 21:19:32.451,,,,,,28.12,929.6,19.4,-40.0,0.0,0.0,0.0,0.0,0.0,39.0
2026-07-20 21:19:32.651,,,,,,28.12,929.6,19.4,-40.0,0.0,0.0,0.0,0.0,0.0,39.0
2026-07-20 21:19:32.851,,,,,,28.12,929.7,19.2,-40.0,0.0,0.0,0.0,0.0,0.0,39.0
2026-07-20 21:19:33.050,,,,,,28.12,929.7,19.2,-40.0,0.0,0.0,0.0,0.0,0.0,39.0
2026-07-20 21:19:33.298,,,,,,28.11,929.7,19.1,-40.0,0.0,0.0,0.0,0.0,0.0,39.0
2026-07-20 21:19:33.450,,,,,,28.11,929.7,19.1,-40.0,0.0,0.0,0.0,0.0,0.0,40.0
2026-07-20 21:19:33.650,,,,,,28.11,929.7,19.1,-40.0,0.0,0.0,0.0,0.0,0.0,40.0
2026-07-20 21:19:33.851,,,,,,28.12,929.6,19.4,-40.0,0.0,0.0,0.0,0.0,0.0,40.0
2026-07-20 21:19:34.050,,,,,,28.12,929.6,19.4,-40.0,0.0,0.0,0.0,0.0,0.0,40.0
2026-07-20 21:19:34.298,,,,,,28.11,929.6,19.3,-40.0,0.0,0.0,0.0,0.0,0.0,40.0
2026-07-20 21:19:34.450,,,,,,28.11,929.6,19.3,-40.0,0.0,0.0,0.0,0.0,0.0,41.0
2026-07-20 21:19:34.650,,,,,,28.11,929.6,19.3,-40.0,0.0,0.0,0.0,0.0,0.0,41.0
2026-07-20 21:19:34.850,,,,,,28.11,929.6,18.8,-40.0,0.0,0.0,0.0,0.0,0.0,41.0
2026-07-20 21:19:35.050,,,,,,28.11,929.6,18.8,-40.0,0.0,0.0,0.0,0.0,0.0,41.0
2026-07-20 21:19:35.299,,,,,,28.12,929.7,19.1,-40.0,0.0,0.0,0.0,0.0,0.0,42.0
2026-07-20 21:19:35.451,,,,,,28.12,929.7,19.1,-40.0,0.0,0.0,0.0,0.0,0.0,42.0
2026-07-20 21:19:35.650,,,,,,28.12,929.7,19.1,-40.0,0.0,0.0,0.0,0.0,0.0,42.0
2026-07-20 21:19:35.851,,,,,,28.12,929.7,19.2,-40.0,0.0,0.0,0.0,0.0,0.0,42.0
2026-07-20 21:19:36.051,,,,,,28.12,929.7,19.2,-40.0,0.0,0.0,0.0,0.0,0.0,42.0
2026-07-20 21:19:36.298,,,,,,28.11,929.7,19.3,-40.0,0.0,0.0,0.0,0.0,0.0,42.0
2026-07-20 21:19:36.466,,,,,,28.11,929.7,19.3,-40.0,0.0,0.0,0.0,0.0,0.0,43.0
2026-07-20 21:19:36.650,,,,,,28.11,929.7,19.3,-40.0,0.0,0.0,0.0,0.0,0.0,43.0
2026-07-20 21:19:36.850,,,,,,28.11,929.6,19.0,-40.0,0.0,0.0,0.0,0.0,0.0,43.0
2026-07-20 21:19:37.050,,,,,,28.11,929.6,19.0,-40.0,0.0,0.0,0.0,0.0,0.0,43.0
2026-07-20 21:19:37.298,,,,,,28.12,929.6,18.7,-40.0,0.0,0.0,0.0,0.0,0.0,43.0
2026-07-20 21:19:37.450,,,,,,28.12,929.6,18.7,-40.0,0.0,0.0,0.0,0.0,0.0,44.0
2026-07-20 21:19:37.650,,,,,,28.12,929.6,18.7,-40.0,0.0,0.0,0.0,0.0,0.0,44.0
2026-07-20 21:19:37.850,,,,,,28.11,929.6,19.4,-40.0,0.0,0.0,0.0,0.0,0.0,44.0
2026-07-20 21:19:38.050,,,,,,28.11,929.6,19.4,-40.0,0.0,0.0,0.0,0.0,0.0,44.0
2026-07-20 21:19:38.298,,,,,,28.11,929.6,19.3,-40.0,0.0,0.0,0.0,0.0,0.0,45.0
2026-07-20 21:19:38.471,,,,,,28.11,929.6,19.3,-40.0,0.0,0.0,0.0,0.0,0.0,45.0
2026-07-20 21:19:38.650,,,,,,28.11,929.6,19.3,-40.0,0.0,0.0,0.0,0.0,0.0,45.0
2026-07-20 21:19:38.851,,,,,,28.11,929.7,19.7,-40.0,0.0,0.0,0.0,0.0,0.0,45.0
2026-07-20 21:19:39.051,,,,,,28.11,929.7,19.7,-40.0,0.0,0.0,0.0,0.0,0.0,45.0
2026-07-20 21:19:39.298,,,,,,28.11,929.7,19.2,-40.0,0.0,0.0,0.0,0.0,0.0,45.0
2026-07-20 21:19:39.477,,,,,,28.11,929.7,19.2,-40.0,0.0,0.0,0.0,0.0,0.0,46.0
2026-07-20 21:19:39.650,,,,,,28.11,929.7,19.2,-40.0,0.0,0.0,0.0,0.0,0.0,46.0
2026-07-20 21:19:39.850,,,,,,28.11,929.6,19.5,-40.0,0.0,0.0,0.0,0.0,0.0,46.0
2026-07-20 21:19:40.050,,,,,,28.11,929.6,19.5,-40.0,0.0,0.0,0.0,0.0,0.0,46.0
2026-07-20 21:19:40.298,,,,,,28.11,929.7,19.0,-40.0,0.0,0.0,0.0,0.0,0.0,46.0
2026-07-20 21:19:40.481,,,,,,28.11,929.7,19.0,-40.0,0.0,0.0,0.0,0.0,0.0,47.0
2026-07-20 21:19:40.651,,,,,,28.11,929.7,19.0,-40.0,0.0,0.0,0.0,0.0,0.0,47.0
2026-07-20 21:19:40.850,,,,,,28.12,929.7,19.4,-40.0,0.0,0.0,0.0,0.0,0.0,47.0
2026-07-20 21:19:41.050,,,,,,28.12,929.7,19.4,-40.0,0.0,0.0,0.0,0.0,0.0,47.0
2026-07-20 21:19:41.298,,,,,,28.11,929.6,19.2,-40.0,0.0,0.0,0.0,0.0,0.0,48.0
2026-07-20 21:19:41.468,,,,,,28.11,929.6,19.2,-40.0,0.0,0.0,0.0,0.0,0.0,48.0
2026-07-20 21:19:41.650,,,,,,28.11,929.6,19.2,-40.0,0.0,0.0,0.0,0.0,0.0,48.0
2026-07-20 21:19:41.850,,,,,,28.11,929.6,19.4,-40.0,0.0,0.0,0.0,0.0,0.0,48.0
2026-07-20 21:19:42.051,,,,,,28.11,929.6,19.4,-40.0,0.0,0.0,0.0,0.0,0.0,48.0
2026-07-20 21:19:42.298,,,,,,28.11,929.7,18.9,-40.0,0.0,0.0,0.0,0.0,0.0,48.0
2026-07-20 21:19:42.483,,,,,,28.11,929.7,18.9,-40.0,0.0,0.0,0.0,0.0,0.0,49.0
2026-07-20 21:19:42.650,,,,,,28.11,929.7,18.9,-40.0,0.0,0.0,0.0,0.0,0.0,49.0
2026-07-20 21:19:42.850,,,,,,28.1,929.7,18.8,-40.0,0.0,0.0,0.0,0.0,0.0,49.0
2026-07-20 21:19:43.050,,,,,,28.1,929.7,18.8,-40.0,0.0,0.0,0.0,0.0,0.0,49.0
2026-07-20 21:19:43.298,,,,,,28.11,929.6,19.1,-40.0,0.0,0.0,0.0,0.0,0.0,49.0
2026-07-20 21:19:43.473,,,,,,28.11,929.6,19.1,-40.0,0.0,0.0,0.0,0.0,0.0,50.0
2026-07-20 21:19:43.650,,,,,,28.11,929.6,19.1,-40.0,0.0,0.0,0.0,0.0,0.0,50.0
2026-07-20 21:19:43.850,,,,,,28.1,929.6,18.9,-40.0,0.0,0.0,0.0,0.0,0.0,50.0
2026-07-20 21:19:44.055,,,,,,28.1,929.6,18.9,-40.0,0.0,0.0,0.0,0.0,0.0,50.0
2026-07-20 21:19:44.298,,,,,,28.11,929.7,19.0,-40.0,0.0,0.0,0.0,0.0,0.0,51.0
2026-07-20 21:19:44.473,,,,,,28.11,929.7,19.0,-40.0,0.0,0.0,0.0,0.0,0.0,51.0
2026-07-20 21:19:44.650,,,,,,28.11,929.7,19.0,-40.0,0.0,0.0,0.0,0.0,0.0,51.0
2026-07-20 21:19:44.850,,,,,,28.1,929.6,19.0,-40.0,0.0,0.0,0.0,0.0,0.0,51.0
2026-07-20 21:19:45.050,,,,,,28.1,929.6,19.0,-40.0,0.0,0.0,0.0,0.0,0.0,51.0
2026-07-20 21:19:45.298,,,,,,28.1,929.7,18.9,-40.0,0.0,0.0,0.0,0.0,0.0,51.0
2026-07-20 21:19:45.461,,,,,,28.1,929.7,18.9,-40.0,0.0,0.0,0.0,0.0,0.0,52.0
2026-07-20 21:19:45.650,,,,,,28.1,929.7,18.9,-40.0,0.0,0.0,0.0,0.0,0.0,52.0
2026-07-20 21:19:45.850,,,,,,28.1,929.7,19.0,-40.0,0.0,0.0,0.0,0.0,0.0,52.0
2026-07-20 21:19:46.050,,,,,,28.1,929.7,19.0,-40.0,0.0,0.0,0.0,0.0,0.0,52.0
2026-07-20 21:19:46.298,,,,,,28.1,929.7,18.8,-40.0,0.0,0.0,0.0,0.0,0.0,52.0
2026-07-20 21:19:46.493,,,,,,28.1,929.7,18.8,-40.0,0.0,0.0,0.0,0.0,0.0,53.0
2026-07-20 21:19:46.650,,,,,,28.1,929.7,18.8,-40.0,0.0,0.0,0.0,0.0,0.0,53.0
2026-07-20 21:19:46.852,,,,,,28.1,929.6,18.8,-40.0,0.0,0.0,0.0,0.0,0.0,53.0
2026-07-20 21:19:47.084,,,,,,28.1,929.6,18.8,-40.0,0.0,0.0,0.0,0.0,0.0,53.0
2026-07-20 21:19:47.298,,,,,,28.1,929.7,19.1,-40.0,0.0,0.0,0.0,0.0,0.0,54.0
2026-07-20 21:19:47.450,,,,,,28.1,929.7,19.1,-40.0,0.0,0.0,0.0,0.0,0.0,54.0
2026-07-20 21:19:47.668,,,,,,28.1,929.7,19.1,-40.0,0.0,0.0,0.0,0.0,0.0,54.0
2026-07-20 21:19:47.850,,,,,,28.1,929.6,18.7,-40.0,0.0,0.0,0.0,0.0,0.0,54.0
2026-07-20 21:19:48.050,,,,,,28.1,929.6,18.7,-40.0,0.0,0.0,0.0,0.0,0.0,54.0
2026-07-20 21:19:48.298,,,,,,28.1,929.6,19.1,-40.0,0.0,0.0,0.0,0.0,0.0,54.0
2026-07-20 21:19:48.450,,,,,,28.1,929.6,19.1,-40.0,0.0,0.0,0.0,0.0,0.0,55.0
2026-07-20 21:19:48.650,,,,,,28.1,929.6,19.1,-40.0,0.0,0.0,0.0,0.0,0.0,55.0
2026-07-20 21:19:48.849,,,,,,28.09,929.6,19.0,-40.0,0.0,0.0,0.0,0.0,0.0,55.0
2026-07-20 21:19:49.050,,,,,,28.09,929.6,19.0,-40.0,0.0,0.0,0.0,0.0,0.0,55.0
2026-07-20 21:19:49.298,,,,,,28.09,929.7,18.7,-40.0,0.0,0.0,0.0,0.0,0.0,55.0
2026-07-20 21:19:49.450,,,,,,28.09,929.7,18.7,-40.0,0.0,0.0,0.0,0.0,0.0,56.0
2026-07-20 21:19:49.650,,,,,,28.09,929.7,18.7,-40.0,0.0,0.0,0.0,0.0,0.0,56.0
2026-07-20 21:19:49.851,,,,,,28.1,929.6,19.0,-40.0,0.0,0.0,0.0,0.0,0.0,56.0
2026-07-20 21:19:50.050,,,,,,28.1,929.6,19.0,-40.0,0.0,0.0,0.0,0.0,0.0,56.0
2026-07-20 21:19:50.298,,,,,,28.09,929.7,18.5,-40.0,0.0,0.0,0.0,0.0,0.0,57.0
2026-07-20 21:19:50.485,,,,,,28.09,929.7,18.5,-40.0,0.0,0.0,0.0,0.0,0.0,57.0
2026-07-20 21:19:50.650,,,,,,28.09,929.7,18.5,-40.0,0.0,0.0,0.0,0.0,0.0,57.0
2026-07-20 21:19:50.851,,,,,,28.1,929.7,19.2,-40.0,0.0,0.0,0.0,0.0,0.0,57.0
2026-07-20 21:19:51.050,,,,,,28.1,929.7,19.2,-40.0,0.0,0.0,0.0,0.0,0.0,57.0
2026-07-20 21:19:51.298,,,,,,28.09,929.7,19.0,-40.0,0.0,0.0,0.0,0.0,0.0,57.0
2026-07-20 21:19:51.481,,,,,,28.09,929.7,19.0,-40.0,0.0,0.0,0.0,0.0,0.0,58.0
2026-07-20 21:19:51.650,,,,,,28.09,929.7,19.0,-40.0,0.0,0.0,0.0,0.0,0.0,58.0
2026-07-20 21:19:51.851,,,,,,28.1,929.7,19.3,-40.0,0.0,0.0,0.0,0.0,0.0,58.0
2026-07-20 21:19:52.060,,,,,,28.1,929.7,19.3,-40.0,0.0,0.0,0.0,0.0,0.0,58.0
2026-07-20 21:19:52.298,,,,,,28.09,929.6,19.1,-40.0,0.0,0.0,0.0,0.0,0.0,58.0
2026-07-20 21:19:52.490,,,,,,28.09,929.6,19.1,-40.0,0.0,0.0,0.0,0.0,0.0,59.0
2026-07-20 21:19:52.650,,,,,,28.09,929.6,19.1,-40.0,0.0,0.0,0.0,0.0,0.0,59.0
2026-07-20 21:19:52.850,,,,,,28.09,929.7,19.4,-40.0,0.0,0.0,0.0,0.0,0.0,59.0
2026-07-20 21:19:53.050,,,,,,28.09,929.7,19.4,-40.0,0.0,0.0,0.0,0.0,0.0,59.0
2026-07-20 21:19:53.298,,,,,,28.09,929.6,19.5,-40.0,0.0,0.0,0.0,0.0,0.0,60.0
2026-07-20 21:19:53.450,,,,,,28.09,929.6,19.5,-40.0,0.0,0.0,0.0,0.0,0.0,60.0
2026-07-20 21:19:53.650,,,,,,28.09,929.6,19.5,-40.0,0.0,0.0,0.0,0.0,0.0,60.0
2026-07-20 21:19:53.850,,,,,,28.07,929.6,19.0,-40.0,0.0,0.0,0.0,0.0,0.0,60.0
2026-07-20 21:19:54.050,,,,,,28.07,929.6,19.0,-40.0,0.0,0.0,0.0,0.0,0.0,60.0
2026-07-20 21:19:54.298,,,,,,28.09,929.7,19.4,-40.0,0.0,0.0,0.0,0.0,0.0,60.0
2026-07-20 21:19:54.463,,,,,,28.09,929.7,19.4,-40.0,0.0,0.0,0.0,0.0,0.0,61.0
2026-07-20 21:19:54.650,,,,,,28.09,929.7,19.4,-40.0,0.0,0.0,0.0,0.0,0.0,61.0
2026-07-20 21:19:54.851,,,,,,28.09,929.6,19.0,-40.0,0.0,0.0,0.0,0.0,0.0,61.0
2026-07-20 21:19:55.050,,,,,,28.09,929.6,19.0,-40.0,0.0,0.0,0.0,0.0,0.0,61.0
2026-07-20 21:19:55.298,,,,,,28.07,929.7,19.5,-40.0,0.0,0.0,0.0,0.0,0.0,61.0
2026-07-20 21:19:55.472,,,,,,28.07,929.7,19.5,-40.0,0.0,0.0,0.0,0.0,0.0,62.0
2026-07-20 21:19:55.650,,,,,,28.07,929.7,19.5,-40.0,0.0,0.0,0.0,0.0,0.0,62.0
2026-07-20 21:19:55.850,,,,,,28.07,929.6,19.6,-40.0,0.0,0.0,0.0,0.0,0.0,62.0
2026-07-20 21:19:56.049,,,,,,28.07,929.6,19.6,-40.0,0.0,0.0,0.0,0.0,0.0,62.0
2026-07-20 21:19:56.298,,,,,,28.07,929.7,19.0,-40.0,0.0,0.0,0.0,0.0,0.0,63.0
2026-07-20 21:19:56.489,,,,,,28.07,929.7,19.0,-40.0,0.0,0.0,0.0,0.0,0.0,63.0
2026-07-20 21:19:56.650,,,,,,28.07,929.7,19.0,-40.0,0.0,0.0,0.0,0.0,0.0,63.0
2026-07-20 21:19:56.850,,,,,,28.09,929.6,19.2,-40.0,0.0,0.0,0.0,0.0,0.0,63.0
2026-07-20 21:19:57.050,,,,,,28.09,929.6,19.2,-40.0,0.0,0.0,0.0,0.0,0.0,63.0
2026-07-20 21:19:57.297,,,,,,28.09,929.7,19.3,-40.0,0.0,0.0,0.0,0.0,0.0,63.0
2026-07-20 21:19:57.481,,,,,,28.09,929.7,19.3,-40.0,0.0,0.0,0.0,0.0,0.0,64.0
2026-07-20 21:19:57.650,,,,,,28.09,929.7,19.3,-40.0,0.0,0.0,0.0,0.0,0.0,64.0
2026-07-20 21:19:57.850,,,,,,28.06,929.7,19.5,-40.0,0.0,0.0,0.0,0.0,0.0,64.0
2026-07-20 21:19:58.050,,,,,,28.06,929.7,19.5,-40.0,0.0,0.0,0.0,0.0,0.0,64.0
2026-07-20 21:19:58.297,,,,,,28.09,929.7,19.4,-40.0,0.0,0.0,0.0,0.0,0.0,64.0
2026-07-20 21:19:58.450,,,,,,28.09,929.7,19.4,-40.0,0.0,0.0,0.0,0.0,0.0,65.0
2026-07-20 21:19:58.650,,,,,,28.09,929.7,19.4,-40.0,0.0,0.0,0.0,0.0,0.0,65.0
2026-07-20 21:19:58.850,,,,,,28.07,929.8,19.1,-40.0,0.0,0.0,0.0,0.0,0.0,65.0
2026-07-20 21:19:59.050,,,,,,28.07,929.8,19.1,-40.0,0.0,0.0,0.0,0.0,0.0,65.0
2026-07-20 21:19:59.298,,,,,,28.07,929.7,18.8,-40.0,0.0,0.0,0.0,0.0,0.0,66.0
2026-07-20 21:19:59.450,,,,,,28.07,929.7,18.8,-40.0,0.0,0.0,0.0,0.0,0.0,66.0
2026-07-20 21:19:59.650,,,,,,28.07,929.7,18.8,-40.0,0.0,0.0,0.0,0.0,0.0,66.0
2026-07-20 21:19:59.850,,,,,,28.09,929.7,19.2,-40.0,0.0,0.0,0.0,0.0,0.0,66.0
2026-07-20 21:20:00.050,,,,,,28.09,929.7,19.2,-40.0,0.0,0.0,0.0,0.0,0.0,66.0
2026-07-20 21:20:00.298,,,,,,28.09,929.6,18.8,-40.0,0.0,0.0,0.0,0.0,0.0,66.0
2026-07-20 21:20:00.463,,,,,,28.09,929.6,18.8,-40.0,0.0,0.0,0.0,0.0,0.0,67.0
2026-07-20 21:20:00.649,,,,,,28.09,929.6,18.8,-40.0,0.0,0.0,0.0,0.0,0.0,67.0
2026-07-20 21:20:00.850,,,,,,28.07,929.7,18.8,-40.0,0.0,0.0,0.0,0.0,0.0,67.0
2026-07-20 21:20:01.050,,,,,,28.07,929.7,18.8,-40.0,0.0,0.0,0.0,0.0,0.0,67.0
2026-07-20 21:20:01.298,,,,,,28.07,929.7,19.2,-40.0,0.0,0.0,0.0,0.0,0.0,67.0
2026-07-20 21:20:01.476,,,,,,28.07,929.7,19.2,-40.0,0.0,0.0,0.0,0.0,0.0,68.0
2026-07-20 21:20:01.650,,,,,,28.07,929.7,19.2,-40.0,0.0,0.0,0.0,0.0,0.0,68.0
2026-07-20 21:20:01.850,,,,,,28.07,929.6,19.0,-40.0,0.0,0.0,0.0,0.0,0.0,68.0
2026-07-20 21:20:02.050,,,,,,28.07,929.6,19.0,-40.0,0.0,0.0,0.0,0.0,0.0,68.0
2026-07-20 21:20:02.297,,,,,,28.06,929.6,18.9,-40.0,0.0,0.0,0.0,0.0,0.0,69.0
2026-07-20 21:20:02.451,,,,,,28.06,929.6,18.9,-40.0,0.0,0.0,0.0,0.0,0.0,69.0
2026-07-20 21:20:02.650,,,,,,28.06,929.6,18.9,-40.0,0.0,0.0,0.0,0.0,0.0,69.0
2026-07-20 21:20:02.850,,,,,,28.07,929.7,19.5,-40.0,0.0,0.0,0.0,0.0,0.0,69.0
2026-07-20 21:20:03.050,,,,,,28.07,929.7,19.5,-40.0,0.0,0.0,0.0,0.0,0.0,69.0
2026-07-20 21:20:03.298,,,,,,28.07,929.6,18.9,-40.0,0.0,0.0,0.0,0.0,0.0,69.0
2026-07-20 21:20:03.450,,,,,,28.07,929.6,18.9,-40.0,0.0,0.0,0.0,0.0,0.0,70.0
2026-07-20 21:20:03.650,,,,,,28.07,929.6,18.9,-40.0,0.0,0.0,0.0,0.0,0.0,70.0
2026-07-20 21:20:03.850,,,,,,28.07,929.7,19.3,-40.0,0.0,0.0,0.0,0.0,0.0,70.0
2026-07-20 21:20:04.050,,,,,,28.07,929.7,19.3,-40.0,0.0,0.0,0.0,0.0,0.0,70.0
2026-07-20 21:20:04.297,,,,,,28.06,929.6,19.1,-40.0,0.0,0.0,0.0,0.0,0.0,70.0
2026-07-20 21:20:04.465,,,,,,28.06,929.6,19.1,-40.0,0.0,0.0,0.0,0.0,0.0,71.0
2026-07-20 21:20:04.649,,,,,,28.06,929.6,19.1,-40.0,0.0,0.0,0.0,0.0,0.0,71.0
2026-07-20 21:20:04.850,,,,,,28.09,929.6,19.4,-40.0,0.0,0.0,0.0,0.0,0.0,71.0
2026-07-20 21:20:05.050,,,,,,28.09,929.6,19.4,-40.0,0.0,0.0,0.0,0.0,0.0,71.0
2026-07-20 21:20:05.297,,,,,,28.07,929.7,19.0,-40.0,0.0,0.0,0.0,0.0,0.0,72.0
2026-07-20 21:20:05.479,,,,,,28.07,929.7,19.0,-40.0,0.0,0.0,0.0,0.0,0.0,72.0
2026-07-20 21:20:05.650,,,,,,28.07,929.7,19.0,-40.0,0.0,0.0,0.0,0.0,0.0,72.0
2026-07-20 21:20:05.850,,,,,,28.07,929.7,19.1,-40.0,0.0,0.0,0.0,0.0,0.0,72.0
2026-07-20 21:20:06.050,,,,,,28.07,929.7,19.1,-40.0,0.0,0.0,0.0,0.0,0.0,72.0
2026-07-20 21:20:06.297,,,,,,28.06,929.6,19.1,-40.0,0.0,0.0,0.0,0.0,0.0,72.0
2026-07-20 21:20:06.483,,,,,,28.06,929.6,19.1,-40.0,0.0,0.0,0.0,0.0,0.0,73.0
2026-07-20 21:20:06.650,,,,,,28.06,929.6,19.1,-40.0,0.0,0.0,0.0,0.0,0.0,73.0
2026-07-20 21:20:06.850,,,,,,28.06,929.7,19.4,-40.0,0.0,0.0,0.0,0.0,0.0,73.0
2026-07-20 21:20:07.049,,,,,,28.06,929.7,19.4,-40.0,0.0,0.0,0.0,0.0,0.0,73.0
2026-07-20 21:20:07.297,,,,,,28.06,929.6,19.0,-40.0,0.0,0.0,0.0,0.0,0.0,73.0
2026-07-20 21:20:07.450,,,,,,28.06,929.6,19.0,-40.0,0.0,0.0,0.0,0.0,0.0,74.0
2026-07-20 21:20:07.650,,,,,,28.06,929.6,19.0,-40.0,0.0,0.0,0.0,0.0,0.0,74.0
2026-07-20 21:20:07.850,,,,,,28.06,929.6,19.0,-40.0,0.0,0.0,0.0,0.0,0.0,74.0
2026-07-20 21:20:08.050,,,,,,28.06,929.6,19.0,-40.0,0.0,0.0,0.0,0.0,0.0,74.0
2026-07-20 21:20:08.297,,,,,,28.07,929.7,18.8,-40.0,0.0,0.0,0.0,0.0,0.0,75.0
2026-07-20 21:20:08.449,,,,,,28.07,929.7,18.8,-40.0,0.0,0.0,0.0,0.0,0.0,75.0
2026-07-20 21:20:08.650,,,,,,28.07,929.7,18.8,-40.0,0.0,0.0,0.0,0.0,0.0,75.0
2026-07-20 21:20:08.850,,,,,,28.07,929.6,19.4,-40.0,0.0,0.0,0.0,0.0,0.0,75.0
2026-07-20 21:20:09.050,,,,,,28.07,929.6,19.4,-40.0,0.0,0.0,0.0,0.0,0.0,75.0
2026-07-20 21:20:09.297,,,,,,28.06,929.7,18.7,-40.0,0.0,0.0,0.0,0.0,0.0,75.0
2026-07-20 21:20:09.450,,,,,,28.06,929.7,18.7,-40.0,0.0,0.0,0.0,0.0,0.0,76.0
2026-07-20 21:20:09.649,,,,,,28.06,929.7,18.7,-40.0,0.0,0.0,0.0,0.0,0.0,76.0
2026-07-20 21:20:09.850,,,,,,28.07,929.7,19.4,-40.0,0.0,0.0,0.0,0.0,0.0,76.0
2026-07-20 21:20:10.049,,,,,,28.07,929.7,19.4,-40.0,0.0,0.0,0.0,0.0,0.0,76.0
2026-07-20 21:20:10.297,,,,,,28.06,929.7,19.0,-40.0,0.0,0.0,0.0,0.0,0.0,76.0
2026-07-20 21:20:10.450,,,,,,28.06,929.7,19.0,-40.0,0.0,0.0,0.0,0.0,0.0,77.0
2026-07-20 21:20:10.649,,,,,,28.06,929.7,19.0,-40.0,0.0,0.0,0.0,0.0,0.0,77.0
2026-07-20 21:20:10.850,,,,,,28.06,929.7,18.9,-40.0,0.0,0.0,0.0,0.0,0.0,77.0
2026-07-20 21:20:11.050,,,,,,28.06,929.7,18.9,-40.0,0.0,0.0,0.0,0.0,0.0,77.0
2026-07-20 21:20:11.297,,,,,,28.05,929.6,19.3,-40.0,0.0,0.0,0.0,0.0,0.0,78.0
2026-07-20 21:20:11.460,,,,,,28.05,929.6,19.3,-40.0,0.0,0.0,0.0,0.0,0.0,78.0
2026-07-20 21:20:11.650,,,,,,28.05,929.6,19.3,-40.0,0.0,0.0,0.0,0.0,0.0,78.0
2026-07-20 21:20:11.850,,,,,,28.07,929.7,18.4,-40.0,0.0,0.0,0.0,0.0,0.0,78.0
2026-07-20 21:20:12.049,,,,,,28.07,929.7,18.4,-40.0,0.0,0.0,0.0,0.0,0.0,78.0
2026-07-20 21:20:12.297,,,,,,28.07,929.7,18.4,-40.0,0.0,0.0,0.0,0.0,0.0,78.0
2026-07-20 21:20:12.453,,,,,,28.07,929.7,18.4,-40.0,0.0,0.0,0.0,0.0,0.0,79.0
2026-07-20 21:20:12.649,,,,,,28.07,929.7,18.4,-40.0,0.0,0.0,0.0,0.0,0.0,79.0
2026-07-20 21:20:12.849,,,,,,28.05,929.7,19.2,-40.0,0.0,0.0,0.0,0.0,0.0,79.0
2026-07-20 21:20:13.050,,,,,,28.05,929.7,19.2,-40.0,0.0,0.0,0.0,0.0,0.0,79.0
2026-07-20 21:20:13.297,,,,,,28.06,929.7,19.1,-40.0,0.0,0.0,0.0,0.0,0.0,79.0
2026-07-20 21:20:13.454,,,,,,28.06,929.7,19.1,-40.0,0.0,0.0,0.0,0.0,0.0,80.0
2026-07-20 21:20:13.649,,,,,,28.06,929.7,19.1,-40.0,0.0,0.0,0.0,0.0,0.0,80.0
2026-07-20 21:20:13.849,,,,,,28.06,929.6,19.2,-40.0,0.0,0.0,0.0,0.0,0.0,80.0
2026-07-20 21:20:14.049,,,,,,28.06,929.6,19.2,-40.0,0.0,0.0,0.0,0.0,0.0,80.0
2026-07-20 21:20:14.297,,,,,,28.05,929.6,19.2,-40.0,0.0,0.0,0.0,0.0,0.0,81.0
2026-07-20 21:20:14.450,,,,,,28.05,929.6,19.2,-40.0,0.0,0.0,0.0,0.0,0.0,81.0
2026-07-20 21:20:14.650,,,,,,28.05,929.6,19.2,-40.0,0.0,0.0,0.0,0.0,0.0,81.0
2026-07-20 21:20:14.850,,,,,,28.06,929.6,18.8,-40.0,0.0,0.0,0.0,0.0,0.0,81.0
2026-07-20 21:20:15.049,,,,,,28.06,929.6,18.8,-40.0,0.0,0.0,0.0,0.0,0.0,81.0
2026-07-20 21:20:15.297,,,,,,28.06,929.7,19.3,-40.0,0.0,0.0,0.0,0.0,0.0,81.0
2026-07-20 21:20:15.449,,,,,,28.06,929.7,19.3,-40.0,0.0,0.0,0.0,0.0,0.0,82.0
2026-07-20 21:20:15.650,,,,,,28.06,929.7,19.3,-40.0,0.0,0.0,0.0,0.0,0.0,82.0
2026-07-20 21:20:15.850,,,,,,28.05,929.7,18.9,-40.0,0.0,0.0,0.0,0.0,0.0,82.0
2026-07-20 21:20:16.049,,,,,,28.05,929.7,18.9,-40.0,0.0,0.0,0.0,0.0,0.0,82.0
2026-07-20 21:20:16.297,,,,,,28.05,929.7,19.0,-40.0,0.0,0.0,0.0,0.0,0.0,82.0
2026-07-20 21:20:16.473,,,,,,28.05,929.7,19.0,-40.0,0.0,0.0,0.0,0.0,0.0,83.0
2026-07-20 21:20:16.650,,,,,,28.05,929.7,19.0,-40.0,0.0,0.0,0.0,0.0,0.0,83.0
2026-07-20 21:20:16.850,,,,,,28.06,929.6,19.1,-40.0,0.0,0.0,0.0,0.0,0.0,83.0
2026-07-20 21:20:17.049,,,,,,28.06,929.6,19.1,-40.0,0.0,0.0,0.0,0.0,0.0,83.0
2026-07-20 21:20:17.297,,,,,,28.05,929.7,19.3,-40.0,0.0,0.0,0.0,0.0,0.0,84.0
2026-07-20 21:20:17.450,,,,,,28.05,929.7,19.3,-40.0,0.0,0.0,0.0,0.0,0.0,84.0
2026-07-20 21:20:17.650,,,,,,28.05,929.7,19.3,-40.0,0.0,0.0,0.0,0.0,0.0,84.0
2026-07-20 21:20:17.850,,,,,,28.06,929.6,18.9,-40.0,0.0,0.0,0.0,0.0,0.0,84.0
2026-07-20 21:20:18.049,,,,,,28.06,929.6,18.9,-40.0,0.0,0.0,0.0,0.0,0.0,84.0
2026-07-20 21:20:18.297,,,,,,28.05,929.7,19.5,-40.0,0.0,0.0,0.0,0.0,0.0,84.0
2026-07-20 21:20:18.449,,,,,,28.05,929.7,19.5,-40.0,0.0,0.0,0.0,0.0,0.0,85.0
2026-07-20 21:20:18.649,,,,,,28.05,929.7,19.5,-40.0,0.0,0.0,0.0,0.0,0.0,85.0
2026-07-20 21:20:18.849,,,,,,28.05,929.7,19.0,-40.0,0.0,0.0,0.0,0.0,0.0,85.0
2026-07-20 21:20:19.049,,,,,,28.05,929.7,19.0,-40.0,0.0,0.0,0.0,0.0,0.0,85.0
2026-07-20 21:20:19.297,,,,,,28.05,929.6,19.6,-40.0,0.0,0.0,0.0,0.0,0.0,85.0
2026-07-20 21:20:19.449,,,,,,28.05,929.6,19.6,-40.0,0.0,0.0,0.0,0.0,0.0,86.0
2026-07-20 21:20:19.649,,,,,,28.05,929.6,19.6,-40.0,0.0,0.0,0.0,0.0,0.0,86.0
2026-07-20 21:20:19.849,,,,,,28.05,929.7,20.1,-40.0,0.0,0.0,0.0,0.0,0.0,86.0
2026-07-20 21:20:20.049,,,,,,28.05,929.7,20.1,-40.0,0.0,0.0,0.0,0.0,0.0,86.0
2026-07-20 21:20:20.297,,,,,,28.05,929.6,20.2,-40.0,0.0,0.0,0.0,0.0,0.0,87.0
2026-07-20 21:20:20.449,,,,,,28.05,929.6,20.2,-40.0,0.0,0.0,0.0,0.0,0.0,87.0
2026-07-20 21:20:20.649,,,,,,28.05,929.6,20.2,-40.0,0.0,0.0,0.0,0.0,0.0,87.0
2026-07-20 21:20:20.850,,,,,,28.06,929.6,19.9,-40.0,0.0,0.0,0.0,0.0,0.0,87.0
2026-07-20 21:20:21.049,,,,,,28.06,929.6,19.9,-40.0,0.0,0.0,0.0,0.0,0.0,87.0
2026-07-20 21:20:21.297,,,,,,28.05,929.6,19.7,-40.0,0.0,0.0,0.0,0.0,0.0,87.0
2026-07-20 21:20:21.449,,,,,,28.05,929.6,19.7,-40.0,0.0,0.0,0.0,0.0,0.0,88.0
2026-07-20 21:20:21.649,,,,,,28.05,929.6,19.7,-40.0,0.0,0.0,0.0,0.0,0.0,88.0
2026-07-20 21:20:21.849,,,,,,28.05,929.7,19.8,-40.0,0.0,0.0,0.0,0.0,0.0,88.0
2026-07-20 21:20:22.049,,,,,,28.05,929.7,19.8,-40.0,0.0,0.0,0.0,0.0,0.0,88.0
2026-07-20 21:20:22.297,,,,,,28.05,929.7,19.9,-40.0,0.0,0.0,0.0,0.0,0.0,88.0
2026-07-20 21:20:22.449,,,,,,28.05,929.7,19.9,-40.0,0.0,0.0,0.0,0.0,0.0,89.0
2026-07-20 21:20:22.650,,,,,,28.05,929.7,19.9,-40.0,0.0,0.0,0.0,0.0,0.0,89.0
2026-07-20 21:20:22.849,,,,,,28.05,929.7,19.6,-40.0,0.0,0.0,0.0,0.0,0.0,89.0
2026-07-20 21:20:23.049,,,,,,28.05,929.7,19.6,-40.0,0.0,0.0,0.0,0.0,0.0,89.0
2026-07-20 21:20:23.297,,,,,,28.05,929.6,19.5,-40.0,0.0,0.0,0.0,0.0,0.0,90.0
2026-07-20 21:20:23.449,,,,,,28.05,929.6,19.5,-40.0,0.0,0.0,0.0,0.0,0.0,90.0
2026-07-20 21:20:23.648,,,,,,28.05,929.6,19.5,-40.0,0.0,0.0,0.0,0.0,0.0,90.0
2026-07-20 21:20:23.849,,,,,,28.06,929.7,19.7,-40.0,0.0,0.0,0.0,0.0,0.0,90.0
2026-07-20 21:20:24.049,,,,,,28.06,929.7,19.7,-40.0,0.0,0.0,0.0,0.0,0.0,90.0
2026-07-20 21:20:24.297,,,,,,28.05,929.7,19.4,-40.0,0.0,0.0,0.0,0.0,0.0,90.0
2026-07-20 21:20:24.449,,,,,,28.05,929.7,19.4,-40.0,0.0,0.0,0.0,0.0,0.0,91.0
2026-07-20 21:20:24.649,,,,,,28.05,929.7,19.4,-40.0,0.0,0.0,0.0,0.0,0.0,91.0
2026-07-20 21:20:24.849,,,,,,28.05,929.7,19.6,-40.0,0.0,0.0,0.0,0.0,0.0,91.0
2026-07-20 21:20:25.049,,,,,,28.05,929.7,19.6,-40.0,0.0,0.0,0.0,0.0,0.0,91.0
2026-07-20 21:20:25.297,,,,,,28.04,929.6,19.6,-40.0,0.0,0.0,0.0,0.0,0.0,91.0
2026-07-20 21:20:25.449,,,,,,28.04,929.6,19.6,-40.0,0.0,0.0,0.0,0.0,0.0,92.0
2026-07-20 21:20:25.649,,,,,,28.04,929.6,19.6,-40.0,0.0,0.0,0.0,0.0,0.0,92.0
2026-07-20 21:20:25.849,,,,,,28.05,929.7,19.2,-40.0,0.0,0.0,0.0,0.0,0.0,92.0
2026-07-20 21:20:26.049,,,,,,28.05,929.7,19.2,-40.0,0.0,0.0,0.0,0.0,0.0,92.0
2026-07-20 21:20:26.297,,,,,,28.05,929.7,19.6,-40.0,0.0,0.0,0.0,0.0,0.0,93.0
2026-07-20 21:20:26.449,,,,,,28.05,929.7,19.6,-40.0,0.0,0.0,0.0,0.0,0.0,93.0
2026-07-20 21:20:26.649,,,,,,28.05,929.7,19.6,-40.0,0.0,0.0,0.0,0.0,0.0,93.0
2026-07-20 21:20:26.849,,,,,,28.05,929.7,19.3,-40.0,0.0,0.0,0.0,0.0,0.0,93.0
2026-07-20 21:20:27.049,,,,,,28.05,929.7,19.3,-40.0,0.0,0.0,0.0,0.0,0.0,93.0
2026-07-20 21:20:27.296,,,,,,28.05,929.7,18.8,-40.0,0.0,0.0,0.0,0.0,0.0,93.0
2026-07-20 21:20:27.449,,,,,,28.05,929.7,18.8,-40.0,0.0,0.0,0.0,0.0,0.0,94.0
2026-07-20 21:20:27.649,,,,,,28.05,929.7,18.8,-40.0,0.0,0.0,0.0,0.0,0.0,94.0
2026-07-20 21:20:27.849,,,,,,28.05,929.7,19.1,-40.0,0.0,0.0,0.0,0.0,0.0,94.0
2026-07-20 21:20:28.050,,,,,,28.05,929.7,19.1,-40.0,0.0,0.0,0.0,0.0,0.0,94.0
2026-07-20 21:20:28.297,,,,,,28.05,929.7,19.1,-40.0,0.0,0.0,0.0,0.0,0.0,94.0
2026-07-20 21:20:28.463,,,,,,28.05,929.7,19.1,-40.0,0.0,0.0,0.0,0.0,0.0,95.0
2026-07-20 21:20:28.649,,,,,,28.05,929.7,19.1,-40.0,0.0,0.0,0.0,0.0,0.0,95.0
2026-07-20 21:20:28.849,,,,,,28.05,929.7,19.2,-40.0,0.0,0.0,0.0,0.0,0.0,95.0
2026-07-20 21:20:29.049,,,,,,28.05,929.7,19.2,-40.0,0.0,0.0,0.0,0.0,0.0,95.0
2026-07-20 21:20:29.298,,,,,,28.05,929.7,19.6,-40.0,0.0,0.0,0.0,0.0,0.0,96.0
2026-07-20 21:20:29.468,,,,,,28.05,929.7,19.6,-40.0,0.0,0.0,0.0,0.0,0.0,96.0
2026-07-20 21:20:29.649,,,,,,28.05,929.7,19.6,-40.0,0.0,0.0,0.0,0.0,0.0,96.0
2026-07-20 21:20:29.849,,,,,,28.05,929.7,19.3,-40.0,0.0,0.0,0.0,0.0,0.0,96.0
2026-07-20 21:20:30.048,,,,,,28.05,929.7,19.3,-40.0,0.0,0.0,0.0,0.0,0.0,96.0
2026-07-20 21:20:30.297,,,,,,28.05,929.7,19.3,-40.0,0.0,0.0,0.0,0.0,0.0,96.0
2026-07-20 21:20:30.466,,,,,,28.05,929.7,19.3,-40.0,0.0,0.0,0.0,0.0,0.0,97.0
2026-07-20 21:20:30.648,,,,,,28.05,929.7,19.3,-40.0,0.0,0.0,0.0,0.0,0.0,97.0
2026-07-20 21:20:30.849,,,,,,28.06,929.7,19.2,-40.0,0.0,0.0,0.0,0.0,0.0,97.0
2026-07-20 21:20:31.049,,,,,,28.06,929.7,19.2,-40.0,0.0,0.0,0.0,0.0,0.0,97.0
2026-07-20 21:20:31.297,,,,,,28.05,929.7,19.5,-40.0,0.0,0.0,0.0,0.0,0.0,97.0
2026-07-20 21:20:31.450,,,,,,28.05,929.7,19.5,-40.0,0.0,0.0,0.0,0.0,0.0,98.0
2026-07-20 21:20:31.650,,,,,,28.05,929.7,19.5,-40.0,0.0,0.0,0.0,0.0,0.0,98.0
2026-07-20 21:20:31.849,,,,,,28.05,929.6,18.5,-40.0,0.0,0.0,0.0,0.0,0.0,98.0
2026-07-20 21:20:32.048,,,,,,28.05,929.6,18.5,-40.0,0.0,0.0,0.0,0.0,0.0,98.0
2026-07-20 21:20:32.297,,,,,,28.05,929.7,18.9,-40.0,0.0,0.0,0.0,0.0,0.0,99.0
2026-07-20 21:20:32.477,,,,,,28.05,929.7,18.9,-40.0,0.0,0.0,0.0,0.0,0.0,99.0
2026-07-20 21:20:32.648,,,,,,28.05,929.7,18.9,-40.0,0.0,0.0,0.0,0.0,0.0,99.0
2026-07-20 21:20:32.849,,,,,,28.05,929.7,19.0,-40.0,0.0,0.0,0.0,0.0,0.0,99.0
2026-07-20 21:20:33.049,,,,,,28.05,929.7,19.0,-40.0,0.0,0.0,0.0,0.0,0.0,99.0
2026-07-20 21:20:33.297,,,,,,28.05,929.6,19.1,-40.0,0.0,0.0,0.0,0.0,0.0,99.0
2026-07-20 21:20:33.476,,,,,,28.05,929.6,19.1,-40.0,0.0,0.0,0.0,0.0,0.0,100.0
2026-07-20 21:20:33.648,,,,,,28.05,929.6,19.1,-40.0,0.0,0.0,0.0,0.0,0.0,100.0
2026-07-20 21:20:33.849,,,,,,28.05,929.7,19.1,-40.0,0.0,0.0,0.0,0.0,0.0,100.0
2026-07-20 21:20:34.049,,,,,,28.05,929.7,19.1,-40.0,0.0,0.0,0.0,0.0,0.0,100.0
2026-07-20 21:20:34.296,,,,,,28.06,929.7,19.1,-40.0,0.0,0.0,0.0,0.0,0.0,100.0
2026-07-20 21:20:34.464,,,,,,28.06,929.7,19.1,-40.0,0.0,0.0,0.0,0.0,0.0,101.0
2026-07-20 21:20:34.648,,,,,,28.06,929.7,19.1,-40.0,0.0,0.0,0.0,0.0,0.0,101.0
2026-07-20 21:20:34.849,,,,,,28.05,929.7,19.3,-40.0,0.0,0.0,0.0,0.0,0.0,101.0
2026-07-20 21:20:35.049,,,,,,28.05,929.7,19.3,-40.0,0.0,0.0,0.0,0.0,0.0,101.0
2026-07-20 21:20:35.296,,,,,,28.05,929.7,19.3,-40.0,0.0,0.0,0.0,0.0,0.0,102.0
2026-07-20 21:20:35.468,,,,,,28.05,929.7,19.3,-40.0,0.0,0.0,0.0,0.0,0.0,102.0
2026-07-20 21:20:35.649,,,,,,28.05,929.7,19.3,-40.0,0.0,0.0,0.0,0.0,0.0,102.0
2026-07-20 21:20:35.849,,,,,,28.05,929.7,19.3,-40.0,0.0,0.0,0.0,0.0,0.0,102.0
2026-07-20 21:20:36.049,,,,,,28.05,929.7,19.3,-40.0,0.0,0.0,0.0,0.0,0.0,102.0
2026-07-20 21:20:36.297,,,,,,28.04,929.7,19.1,-40.0,0.0,0.0,0.0,0.0,0.0,102.0
2026-07-20 21:20:36.449,,,,,,28.04,929.7,19.1,-40.0,0.0,0.0,0.0,0.0,0.0,103.0
2026-07-20 21:20:36.649,,,,,,28.04,929.7,19.1,-40.0,0.0,0.0,0.0,0.0,0.0,103.0
2026-07-20 21:20:36.849,,,,,,28.05,929.6,19.3,-40.0,0.0,0.0,0.0,0.0,0.0,103.0
2026-07-20 21:20:37.048,,,,,,28.05,929.6,19.3,-40.0,0.0,0.0,0.0,0.0,0.0,103.0
2026-07-20 21:20:37.296,,,,,,28.04,929.6,19.2,-40.0,0.0,0.0,0.0,0.0,0.0,103.0
2026-07-20 21:20:37.449,,,,,,28.04,929.6,19.2,-40.0,0.0,0.0,0.0,0.0,0.0,104.0
2026-07-20 21:20:37.649,,,,,,28.04,929.6,19.2,-40.0,0.0,0.0,0.0,0.0,0.0,104.0
