timestamp,ds0_c,ds1_c,ds2_c,ds3_c,ds4_c,bme_t_c,bme_p_hpa,bme_h_pct,target_c,comp,comp_allowed,hv,iso_duty,safe,up_s
2026-07-21 15:58:16.329,29.06,29.93,30.37,29.37,29.62,28.98,928.2,24.4,-40.0,0.0,0.0,0.0,0.0,0.0,71.0
2026-07-21 15:58:16.527,29.06,29.93,30.37,29.37,29.62,28.98,928.2,24.4,-40.0,0.0,0.0,0.0,0.0,0.0,71.0
2026-07-21 15:58:16.749,29.06,29.93,30.37,29.37,29.62,29.0,928.3,24.4,-40.0,0.0,0.0,0.0,0.0,0.0,71.0
2026-07-21 15:58:16.928,29.06,29.93,30.37,29.37,29.56,29.0,928.3,24.4,-40.0,0.0,0.0,0.0,0.0,0.0,71.0
2026-07-21 15:58:17.127,29.06,29.93,30.37,29.37,29.56,28.98,928.2,24.4,-40.0,0.0,0.0,0.0,0.0,0.0,72.0
2026-07-21 15:58:17.328,29.06,29.93,30.37,29.37,29.56,28.98,928.2,24.4,-40.0,0.0,0.0,0.0,0.0,0.0,72.0
2026-07-21 15:58:17.527,29.06,29.93,30.37,29.37,29.56,28.98,928.2,24.4,-40.0,0.0,0.0,0.0,0.0,0.0,72.0
2026-07-21 15:58:17.727,29.06,29.93,30.37,29.37,29.56,28.98,928.3,24.3,-40.0,0.0,0.0,0.0,0.0,0.0,72.0
2026-07-21 15:58:17.929,29.12,29.93,30.37,29.37,29.62,28.98,928.3,24.3,-40.0,0.0,0.0,0.0,0.0,0.0,72.0
2026-07-21 15:58:18.149,29.12,29.93,30.37,29.37,29.62,28.98,928.3,24.3,-40.0,0.0,0.0,0.0,0.0,0.0,73.0
2026-07-21 15:58:18.327,29.12,29.93,30.37,29.37,29.62,28.98,928.3,24.3,-40.0,0.0,0.0,0.0,0.0,0.0,73.0
2026-07-21 15:58:18.528,29.12,29.93,30.37,29.37,29.62,28.98,928.3,24.3,-40.0,0.0,0.0,0.0,0.0,0.0,73.0
2026-07-21 15:58:18.744,29.12,29.93,30.37,29.37,29.62,29.01,928.3,24.5,-40.0,0.0,0.0,0.0,0.0,0.0,73.0
2026-07-21 15:58:18.927,29.06,29.93,30.37,29.37,29.56,29.01,928.3,24.5,-40.0,0.0,0.0,0.0,0.0,0.0,73.0
2026-07-21 15:58:19.127,29.06,29.93,30.37,29.37,29.56,28.98,928.3,24.6,-40.0,0.0,0.0,0.0,0.0,0.0,74.0
2026-07-21 15:58:19.327,29.06,29.93,30.37,29.37,29.56,28.98,928.3,24.6,-40.0,0.0,0.0,0.0,0.0,0.0,74.0
2026-07-21 15:58:19.528,29.06,29.93,30.37,29.37,29.56,28.98,928.3,24.6,-40.0,0.0,0.0,0.0,0.0,0.0,74.0
2026-07-21 15:58:19.732,29.06,29.93,30.37,29.37,29.56,29.01,928.2,24.3,-40.0,0.0,0.0,0.0,0.0,0.0,74.0
2026-07-21 15:58:19.927,29.06,29.93,30.37,29.37,29.62,29.01,928.2,24.3,-40.0,0.0,0.0,0.0,0.0,0.0,74.0
2026-07-21 15:58:20.127,29.06,29.93,30.37,29.37,29.62,28.98,928.2,24.5,-40.0,0.0,0.0,0.0,0.0,0.0,75.0
2026-07-21 15:58:20.327,29.06,29.93,30.37,29.37,29.62,28.98,928.2,24.5,-40.0,0.0,0.0,0.0,0.0,0.0,75.0
2026-07-21 15:58:20.527,29.06,29.93,30.37,29.37,29.62,28.98,928.2,24.5,-40.0,0.0,0.0,0.0,0.0,0.0,75.0
2026-07-21 15:58:20.727,29.06,29.93,30.37,29.37,29.62,28.98,928.2,24.6,-40.0,0.0,0.0,0.0,0.0,0.0,75.0
2026-07-21 15:58:20.928,29.06,29.93,30.37,29.43,29.56,28.98,928.2,24.6,-40.0,0.0,0.0,0.0,0.0,0.0,75.0
2026-07-21 15:58:21.127,29.06,29.93,30.37,29.43,29.56,29.01,928.2,24.6,-40.0,0.0,0.0,0.0,0.0,0.0,76.0
2026-07-21 15:58:21.327,29.06,29.93,30.37,29.43,29.56,29.01,928.2,24.6,-40.0,0.0,0.0,0.0,0.0,0.0,76.0
2026-07-21 15:58:21.528,29.06,29.93,30.37,29.43,29.56,29.01,928.2,24.6,-40.0,0.0,0.0,0.0,0.0,0.0,76.0
2026-07-21 15:58:21.728,29.06,29.93,30.37,29.43,29.56,28.98,928.2,24.8,-40.0,0.0,0.0,0.0,0.0,0.0,76.0
2026-07-21 15:58:21.927,29.06,29.93,30.37,29.43,29.62,28.98,928.2,24.8,-40.0,0.0,0.0,0.0,0.0,0.0,76.0
2026-07-21 15:58:22.127,29.06,29.93,30.37,29.43,29.62,28.98,928.2,24.3,-40.0,0.0,0.0,0.0,0.0,0.0,77.0
2026-07-21 15:58:22.327,29.06,29.93,30.37,29.43,29.62,28.98,928.2,24.3,-40.0,0.0,0.0,0.0,0.0,0.0,77.0
2026-07-21 15:58:22.527,29.06,29.93,30.37,29.43,29.62,28.98,928.2,24.3,-40.0,0.0,0.0,0.0,0.0,0.0,77.0
2026-07-21 15:58:22.727,29.06,29.93,30.37,29.43,29.62,29.0,928.2,24.2,-40.0,0.0,0.0,0.0,0.0,0.0,77.0
2026-07-21 15:58:22.928,29.06,30.0,30.43,29.37,29.62,29.0,928.2,24.2,-40.0,0.0,0.0,0.0,0.0,0.0,77.0
2026-07-21 15:58:23.127,29.06,30.0,30.43,29.37,29.62,29.0,928.2,24.4,-40.0,0.0,0.0,0.0,0.0,0.0,78.0
2026-07-21 15:58:23.328,29.06,30.0,30.43,29.37,29.62,29.0,928.2,24.4,-40.0,0.0,0.0,0.0,0.0,0.0,78.0
2026-07-21 15:58:23.528,29.06,30.0,30.43,29.37,29.62,29.0,928.2,24.4,-40.0,0.0,0.0,0.0,0.0,0.0,78.0
2026-07-21 15:58:23.749,29.06,30.0,30.43,29.37,29.62,29.0,928.2,24.4,-40.0,0.0,0.0,0.0,0.0,0.0,78.0
2026-07-21 15:58:23.928,29.06,30.0,30.37,29.37,29.56,29.0,928.2,24.4,-40.0,0.0,0.0,0.0,0.0,0.0,78.0
2026-07-21 15:58:24.127,29.06,30.0,30.37,29.37,29.56,29.01,928.3,24.7,-40.0,0.0,0.0,0.0,0.0,0.0,79.0
2026-07-21 15:58:24.327,29.06,30.0,30.37,29.37,29.56,29.01,928.3,24.7,-40.0,0.0,0.0,0.0,0.0,0.0,79.0
2026-07-21 15:58:24.527,29.06,30.0,30.37,29.37,29.56,29.01,928.3,24.7,-40.0,0.0,0.0,0.0,0.0,0.0,79.0
2026-07-21 15:58:24.749,29.06,30.0,30.37,29.37,29.56,28.98,928.2,24.7,-40.0,0.0,0.0,0.0,0.0,0.0,79.0
2026-07-21 15:58:24.928,29.06,29.93,30.37,29.37,29.62,28.98,928.2,24.7,-40.0,0.0,0.0,0.0,0.0,0.0,79.0
2026-07-21 15:58:25.127,29.06,29.93,30.37,29.37,29.62,29.02,928.2,24.4,-40.0,0.0,0.0,0.0,0.0,0.0,80.0
2026-07-21 15:58:25.327,29.06,29.93,30.37,29.37,29.62,29.02,928.2,24.4,-40.0,0.0,0.0,0.0,0.0,0.0,80.0
2026-07-21 15:58:25.527,29.06,29.93,30.37,29.37,29.62,29.02,928.2,24.4,-40.0,0.0,0.0,0.0,0.0,0.0,80.0
2026-07-21 15:58:25.728,29.06,29.93,30.37,29.37,29.62,29.01,928.3,24.4,-40.0,0.0,0.0,0.0,0.0,0.0,80.0
2026-07-21 15:58:25.928,29.06,29.93,30.37,29.43,29.62,29.01,928.3,24.4,-40.0,0.0,0.0,0.0,0.0,0.0,80.0
2026-07-21 15:58:26.127,29.06,29.93,30.37,29.43,29.62,28.98,928.3,24.5,-40.0,0.0,0.0,0.0,0.0,0.0,81.0
2026-07-21 15:58:26.327,29.06,29.93,30.37,29.43,29.62,28.98,928.3,24.5,-40.0,0.0,0.0,0.0,0.0,0.0,81.0
2026-07-21 15:58:26.527,29.06,29.93,30.37,29.43,29.62,28.98,928.3,24.5,-40.0,0.0,0.0,0.0,0.0,0.0,81.0
2026-07-21 15:58:26.727,29.06,29.93,30.37,29.43,29.62,29.0,928.3,24.4,-40.0,0.0,0.0,0.0,0.0,0.0,81.0
2026-07-21 15:58:26.927,29.06,29.93,30.37,29.43,29.62,29.0,928.3,24.4,-40.0,0.0,0.0,0.0,0.0,0.0,81.0
2026-07-21 15:58:27.128,29.06,29.93,30.37,29.43,29.62,28.98,928.2,24.4,-40.0,0.0,0.0,0.0,0.0,0.0,82.0
2026-07-21 15:58:27.327,29.06,29.93,30.37,29.43,29.62,28.98,928.2,24.4,-40.0,0.0,0.0,0.0,0.0,0.0,82.0
2026-07-21 15:58:27.528,29.06,29.93,30.37,29.43,29.62,28.98,928.2,24.4,-40.0,0.0,0.0,0.0,0.0,0.0,82.0
2026-07-21 15:58:27.727,29.06,29.93,30.37,29.43,29.62,28.98,928.3,24.4,-40.0,0.0,0.0,0.0,0.0,0.0,82.0
2026-07-21 15:58:27.928,29.06,29.93,30.37,29.43,29.56,28.98,928.3,24.4,-40.0,0.0,0.0,0.0,0.0,0.0,82.0
2026-07-21 15:58:28.127,29.06,29.93,30.37,29.43,29.56,28.98,928.2,24.4,-40.0,0.0,0.0,0.0,0.0,0.0,83.0
2026-07-21 15:58:28.327,29.06,29.93,30.37,29.43,29.56,28.98,928.2,24.4,-40.0,0.0,0.0,0.0,0.0,0.0,83.0
2026-07-21 15:58:28.527,29.06,29.93,30.37,29.43,29.56,28.98,928.2,24.4,-40.0,0.0,0.0,0.0,0.0,0.0,83.0
2026-07-21 15:58:28.727,29.06,29.93,30.37,29.43,29.56,29.0,928.2,24.5,-40.0,0.0,0.0,0.0,0.0,0.0,83.0
2026-07-21 15:58:28.927,29.06,29.93,30.37,29.37,29.62,29.0,928.2,24.5,-40.0,0.0,0.0,0.0,0.0,0.0,83.0
2026-07-21 15:58:29.127,29.06,29.93,30.37,29.37,29.62,29.01,928.2,24.3,-40.0,0.0,0.0,0.0,0.0,0.0,84.0
2026-07-21 15:58:29.327,29.06,29.93,30.37,29.37,29.62,29.01,928.2,24.3,-40.0,0.0,0.0,0.0,0.0,0.0,84.0
2026-07-21 15:58:29.527,29.06,29.93,30.37,29.37,29.62,29.01,928.2,24.3,-40.0,0.0,0.0,0.0,0.0,0.0,84.0
2026-07-21 15:58:29.727,29.06,29.93,30.37,29.37,29.62,29.01,928.2,24.8,-40.0,0.0,0.0,0.0,0.0,0.0,84.0
2026-07-21 15:58:29.927,29.12,30.0,30.37,29.43,29.62,29.01,928.2,24.8,-40.0,0.0,0.0,0.0,0.0,0.0,84.0
2026-07-21 15:58:30.127,29.12,30.0,30.37,29.43,29.62,28.98,928.2,24.3,-40.0,0.0,0.0,0.0,0.0,0.0,85.0
2026-07-21 15:58:30.327,29.12,30.0,30.37,29.43,29.62,28.98,928.2,24.3,-40.0,0.0,0.0,0.0,0.0,0.0,85.0
2026-07-21 15:58:30.528,29.12,30.0,30.37,29.43,29.62,28.98,928.2,24.3,-40.0,0.0,0.0,0.0,0.0,0.0,85.0
2026-07-21 15:58:30.747,29.12,30.0,30.37,29.43,29.62,29.01,928.2,24.5,-40.0,0.0,0.0,0.0,0.0,0.0,85.0
2026-07-21 15:58:30.928,29.06,29.93,30.37,29.43,29.62,29.01,928.2,24.5,-40.0,0.0,0.0,0.0,0.0,0.0,85.0
2026-07-21 15:58:31.127,29.06,29.93,30.37,29.43,29.62,29.0,928.2,24.7,-40.0,0.0,0.0,0.0,0.0,0.0,86.0
2026-07-21 15:58:31.328,29.06,29.93,30.37,29.43,29.62,29.0,928.2,24.7,-40.0,0.0,0.0,0.0,0.0,0.0,86.0
2026-07-21 15:58:31.527,29.06,29.93,30.37,29.43,29.62,29.0,928.2,24.7,-40.0,0.0,0.0,0.0,0.0,0.0,86.0
2026-07-21 15:58:31.728,29.06,29.93,30.37,29.43,29.62,29.0,928.2,24.6,-40.0,0.0,0.0,0.0,0.0,0.0,86.0
2026-07-21 15:58:31.928,29.06,29.93,30.37,29.37,29.62,29.0,928.2,24.6,-40.0,0.0,0.0,0.0,0.0,0.0,86.0
2026-07-21 15:58:32.128,29.06,29.93,30.37,29.37,29.62,29.0,928.2,24.5,-40.0,0.0,0.0,0.0,0.0,0.0,87.0
2026-07-21 15:58:32.327,29.06,29.93,30.37,29.37,29.62,29.0,928.2,24.5,-40.0,0.0,0.0,0.0,0.0,0.0,87.0
2026-07-21 15:58:32.527,29.06,29.93,30.37,29.37,29.62,29.0,928.2,24.5,-40.0,0.0,0.0,0.0,0.0,0.0,87.0
2026-07-21 15:58:32.727,29.06,29.93,30.37,29.37,29.62,29.01,928.2,24.6,-40.0,0.0,0.0,0.0,0.0,0.0,87.0
2026-07-21 15:58:32.927,29.06,30.0,30.37,29.43,29.62,29.01,928.2,24.6,-40.0,0.0,0.0,0.0,0.0,0.0,87.0
2026-07-21 15:58:33.127,29.06,30.0,30.37,29.43,29.62,28.98,928.2,24.9,-40.0,0.0,0.0,0.0,0.0,0.0,88.0
2026-07-21 15:58:33.327,29.06,30.0,30.37,29.43,29.62,28.98,928.2,24.9,-40.0,0.0,0.0,0.0,0.0,0.0,88.0
2026-07-21 15:58:33.528,29.06,30.0,30.37,29.43,29.62,28.98,928.2,24.9,-40.0,0.0,0.0,0.0,0.0,0.0,88.0
2026-07-21 15:58:33.728,29.06,30.0,30.37,29.43,29.62,29.01,928.3,24.0,-40.0,0.0,0.0,0.0,0.0,0.0,88.0
2026-07-21 15:58:33.927,29.06,29.93,30.37,29.43,29.62,29.01,928.3,24.0,-40.0,0.0,0.0,0.0,0.0,0.0,88.0
2026-07-21 15:58:34.127,29.06,29.93,30.37,29.43,29.62,29.01,928.2,24.6,-40.0,0.0,0.0,0.0,0.0,0.0,89.0
2026-07-21 15:58:34.327,29.06,29.93,30.37,29.43,29.62,29.01,928.2,24.6,-40.0,0.0,0.0,0.0,0.0,0.0,89.0
2026-07-21 15:58:34.527,29.06,29.93,30.37,29.43,29.62,29.01,928.2,24.6,-40.0,0.0,0.0,0.0,0.0,0.0,89.0
2026-07-21 15:58:34.728,29.06,29.93,30.37,29.43,29.62,29.01,928.3,24.5,-40.0,0.0,0.0,0.0,0.0,0.0,89.0
2026-07-21 15:58:34.927,29.12,29.93,30.37,29.43,29.62,29.01,928.3,24.5,-40.0,0.0,0.0,0.0,0.0,0.0,89.0
2026-07-21 15:58:35.128,29.12,29.93,30.37,29.43,29.62,28.98,928.2,24.7,-40.0,0.0,0.0,0.0,0.0,0.0,90.0
2026-07-21 15:58:35.343,29.12,29.93,30.37,29.43,29.62,28.98,928.2,24.7,-40.0,0.0,0.0,0.0,0.0,0.0,90.0
2026-07-21 15:58:35.527,29.12,29.93,30.37,29.43,29.62,28.98,928.2,24.7,-40.0,0.0,0.0,0.0,0.0,0.0,90.0
2026-07-21 15:58:35.727,29.12,29.93,30.37,29.43,29.62,29.01,928.2,24.7,-40.0,0.0,0.0,0.0,0.0,0.0,90.0
2026-07-21 15:58:35.927,29.12,29.93,30.31,29.43,29.62,29.01,928.2,24.7,-40.0,0.0,0.0,0.0,0.0,0.0,90.0
2026-07-21 15:58:36.128,29.12,29.93,30.31,29.43,29.62,28.98,928.2,24.3,-40.0,0.0,0.0,0.0,0.0,0.0,91.0
2026-07-21 15:58:36.351,29.12,29.93,30.31,29.43,29.62,28.98,928.2,24.3,-40.0,0.0,0.0,0.0,0.0,0.0,91.0
2026-07-21 15:58:36.527,29.12,29.93,30.31,29.43,29.62,28.98,928.2,24.3,-40.0,0.0,0.0,0.0,0.0,0.0,91.0
2026-07-21 15:58:36.727,29.12,29.93,30.31,29.43,29.62,28.98,928.2,24.4,-40.0,0.0,0.0,0.0,0.0,0.0,91.0
2026-07-21 15:58:36.927,29.18,29.93,30.31,29.43,29.62,28.98,928.2,24.4,-40.0,0.0,0.0,0.0,0.0,0.0,91.0
2026-07-21 15:58:37.128,29.18,29.93,30.31,29.43,29.62,29.0,928.2,24.4,-40.0,0.0,0.0,0.0,0.0,0.0,92.0
2026-07-21 15:58:37.327,29.18,29.93,30.31,29.43,29.62,29.0,928.2,24.4,-40.0,0.0,0.0,0.0,0.0,0.0,92.0
2026-07-21 15:58:37.526,29.18,29.93,30.31,29.43,29.62,29.0,928.2,24.4,-40.0,0.0,0.0,0.0,0.0,0.0,92.0
2026-07-21 15:58:37.727,29.18,29.93,30.31,29.43,29.62,29.0,928.2,24.5,-40.0,0.0,0.0,0.0,0.0,0.0,92.0
2026-07-21 15:58:37.927,29.25,29.93,30.31,29.43,29.62,29.0,928.2,24.5,-40.0,0.0,0.0,0.0,0.0,0.0,92.0
2026-07-21 15:58:38.127,29.25,29.93,30.31,29.43,29.62,28.98,928.2,24.7,-40.0,0.0,0.0,0.0,0.0,0.0,93.0
2026-07-21 15:58:38.327,29.25,29.93,30.31,29.43,29.62,28.98,928.2,24.7,-40.0,0.0,0.0,0.0,0.0,0.0,93.0
2026-07-21 15:58:38.527,29.25,29.93,30.31,29.43,29.62,28.98,928.2,24.7,-40.0,0.0,0.0,0.0,0.0,0.0,93.0
2026-07-21 15:58:38.727,29.25,29.93,30.31,29.43,29.62,29.01,928.3,24.5,-40.0,0.0,0.0,0.0,0.0,0.0,93.0
2026-07-21 15:58:38.937,29.31,30.0,30.37,29.43,29.62,29.01,928.3,24.5,-40.0,0.0,0.0,0.0,0.0,0.0,93.0
2026-07-21 15:58:39.127,29.31,30.0,30.37,29.43,29.62,29.01,928.3,24.7,-40.0,0.0,0.0,0.0,0.0,0.0,94.0
2026-07-21 15:58:39.327,29.31,30.0,30.37,29.43,29.62,29.01,928.3,24.7,-40.0,0.0,0.0,0.0,0.0,0.0,94.0
2026-07-21 15:58:39.527,29.31,30.0,30.37,29.43,29.62,29.01,928.3,24.7,-40.0,0.0,0.0,0.0,0.0,0.0,94.0
2026-07-21 15:58:39.727,29.31,30.0,30.37,29.43,29.62,29.0,928.2,24.5,-40.0,0.0,0.0,0.0,0.0,0.0,94.0
2026-07-21 15:58:39.927,29.43,29.87,30.31,29.43,29.68,29.0,928.2,24.5,-40.0,0.0,0.0,0.0,0.0,0.0,94.0
2026-07-21 15:58:40.128,29.43,29.87,30.31,29.43,29.68,29.0,928.2,24.8,-40.0,0.0,0.0,0.0,0.0,0.0,95.0
2026-07-21 15:58:40.327,29.43,29.87,30.31,29.43,29.68,29.0,928.2,24.8,-40.0,0.0,0.0,0.0,0.0,0.0,95.0
2026-07-21 15:58:40.542,29.43,29.87,30.31,29.43,29.68,29.0,928.2,24.8,-40.0,0.0,0.0,0.0,0.0,0.0,95.0
2026-07-21 15:58:40.728,29.43,29.87,30.31,29.43,29.68,29.01,928.2,24.5,-40.0,0.0,0.0,0.0,0.0,0.0,95.0
2026-07-21 15:58:40.928,29.5,29.93,30.37,29.43,29.68,29.01,928.2,24.5,-40.0,0.0,0.0,0.0,0.0,0.0,95.0
2026-07-21 15:58:41.127,29.5,29.93,30.37,29.43,29.68,28.98,928.2,24.4,-40.0,0.0,0.0,0.0,0.0,0.0,96.0
2026-07-21 15:58:41.327,29.5,29.93,30.37,29.43,29.68,28.98,928.2,24.4,-40.0,0.0,0.0,0.0,0.0,0.0,96.0
2026-07-21 15:58:41.528,29.5,29.93,30.37,29.43,29.68,28.98,928.2,24.4,-40.0,0.0,0.0,0.0,0.0,0.0,96.0
2026-07-21 15:58:41.733,29.5,29.93,30.37,29.43,29.68,29.0,928.2,24.4,-40.0,0.0,0.0,0.0,0.0,0.0,96.0
2026-07-21 15:58:41.928,29.62,29.93,30.37,29.43,29.75,29.0,928.2,24.4,-40.0,0.0,0.0,0.0,0.0,0.0,96.0
2026-07-21 15:58:42.127,29.62,29.93,30.37,29.43,29.75,29.0,928.2,24.5,-40.0,0.0,0.0,0.0,0.0,0.0,97.0
2026-07-21 15:58:42.334,29.62,29.93,30.37,29.43,29.75,29.0,928.2,24.5,-40.0,0.0,0.0,0.0,0.0,0.0,97.0
2026-07-21 15:58:42.527,29.62,29.93,30.37,29.43,29.75,29.0,928.2,24.5,-40.0,0.0,0.0,0.0,0.0,0.0,97.0
2026-07-21 15:58:42.728,29.62,29.93,30.37,29.43,29.75,29.01,928.2,24.8,-40.0,0.0,0.0,0.0,0.0,0.0,97.0
2026-07-21 15:58:42.944,29.68,29.93,30.31,29.43,29.75,29.01,928.2,24.8,-40.0,0.0,0.0,0.0,0.0,0.0,97.0
2026-07-21 15:58:43.128,29.68,29.93,30.31,29.43,29.75,28.98,928.2,24.9,-40.0,0.0,0.0,0.0,0.0,0.0,98.0
2026-07-21 15:58:43.327,29.68,29.93,30.31,29.43,29.75,28.98,928.2,24.9,-40.0,0.0,0.0,0.0,0.0,0.0,98.0
2026-07-21 15:58:43.564,29.68,29.93,30.31,29.43,29.75,28.98,928.2,24.9,-40.0,0.0,0.0,0.0,0.0,0.0,98.0
2026-07-21 15:58:43.727,29.68,29.93,30.31,29.43,29.75,29.01,928.2,24.6,-40.0,0.0,0.0,0.0,0.0,0.0,98.0
2026-07-21 15:58:43.927,29.75,29.93,30.31,29.5,29.75,29.01,928.2,24.6,-40.0,0.0,0.0,0.0,0.0,0.0,98.0
2026-07-21 15:58:44.151,29.75,29.93,30.31,29.5,29.75,28.98,928.2,24.5,-40.0,0.0,0.0,0.0,0.0,0.0,99.0
2026-07-21 15:58:44.327,29.75,29.93,30.31,29.5,29.75,28.98,928.2,24.5,-40.0,0.0,0.0,0.0,0.0,0.0,99.0
2026-07-21 15:58:44.527,29.75,29.93,30.31,29.5,29.75,28.98,928.2,24.5,-40.0,0.0,0.0,0.0,0.0,0.0,99.0
2026-07-21 15:58:44.728,29.75,29.93,30.31,29.5,29.75,29.0,928.2,24.7,-40.0,0.0,0.0,0.0,0.0,0.0,99.0
2026-07-21 15:58:44.927,29.81,29.93,30.37,29.43,29.81,29.0,928.2,24.7,-40.0,0.0,0.0,0.0,0.0,0.0,99.0
2026-07-21 15:58:45.127,29.81,29.93,30.37,29.43,29.81,29.0,928.2,25.0,-40.0,0.0,0.0,0.0,0.0,0.0,100.0
2026-07-21 15:58:45.328,29.81,29.93,30.37,29.43,29.81,29.0,928.2,25.0,-40.0,0.0,0.0,0.0,0.0,0.0,100.0
2026-07-21 15:58:45.527,29.81,29.93,30.37,29.43,29.81,29.0,928.2,25.0,-40.0,0.0,0.0,0.0,0.0,0.0,100.0
2026-07-21 15:58:45.728,29.81,29.93,30.37,29.43,29.81,29.01,928.2,24.6,-40.0,0.0,0.0,0.0,0.0,0.0,100.0
2026-07-21 15:58:45.927,29.93,29.93,30.37,29.43,29.81,29.01,928.2,24.6,-40.0,0.0,0.0,0.0,0.0,0.0,100.0
2026-07-21 15:58:46.127,29.93,29.93,30.37,29.43,29.81,29.01,928.2,24.9,-40.0,0.0,0.0,0.0,0.0,0.0,101.0
2026-07-21 15:58:46.327,29.93,29.93,30.37,29.43,29.81,29.01,928.2,24.9,-40.0,0.0,0.0,0.0,0.0,0.0,101.0
2026-07-21 15:58:46.528,29.93,29.93,30.37,29.43,29.81,29.01,928.2,24.9,-40.0,0.0,0.0,0.0,0.0,0.0,101.0
2026-07-21 15:58:46.727,29.93,29.93,30.37,29.43,29.81,29.0,928.1,24.7,-40.0,0.0,0.0,0.0,0.0,0.0,101.0
2026-07-21 15:58:46.967,29.93,29.87,30.37,29.5,29.81,29.0,928.1,24.7,-40.0,0.0,0.0,0.0,0.0,0.0,101.0
2026-07-21 15:58:47.127,29.93,29.87,30.37,29.5,29.81,29.0,928.2,24.4,-40.0,0.0,0.0,0.0,0.0,0.0,102.0
2026-07-21 15:58:47.328,29.93,29.87,30.37,29.5,29.81,29.0,928.2,24.4,-40.0,0.0,0.0,0.0,0.0,0.0,102.0
2026-07-21 15:58:47.567,29.93,29.87,30.37,29.5,29.81,29.0,928.2,24.4,-40.0,0.0,0.0,0.0,0.0,0.0,102.0
2026-07-21 15:58:47.727,29.93,29.87,30.37,29.5,29.81,29.01,928.2,24.6,-40.0,0.0,0.0,0.0,0.0,0.0,102.0
2026-07-21 15:58:47.927,30.06,29.93,30.37,29.5,29.87,29.01,928.2,24.6,-40.0,0.0,0.0,0.0,0.0,0.0,102.0
2026-07-21 15:58:48.169,30.06,29.93,30.37,29.5,29.87,29.01,928.2,24.6,-40.0,0.0,0.0,0.0,0.0,0.0,103.0
2026-07-21 15:58:48.327,30.06,29.93,30.37,29.5,29.87,29.01,928.2,24.6,-40.0,0.0,0.0,0.0,0.0,0.0,103.0
2026-07-21 15:58:48.527,30.06,29.93,30.37,29.5,29.87,29.01,928.2,24.6,-40.0,0.0,0.0,0.0,0.0,0.0,103.0
2026-07-21 15:58:48.728,30.06,29.93,30.37,29.5,29.87,29.01,928.2,24.8,-40.0,0.0,0.0,0.0,0.0,0.0,103.0
2026-07-21 15:58:48.927,30.12,29.93,30.31,29.5,29.93,29.01,928.2,24.8,-40.0,0.0,0.0,0.0,0.0,0.0,103.0
2026-07-21 15:58:49.159,30.12,29.93,30.31,29.5,29.93,29.01,928.2,24.6,-40.0,0.0,0.0,0.0,0.0,0.0,104.0
2026-07-21 15:58:49.327,30.12,29.93,30.31,29.5,29.93,29.01,928.2,24.6,-40.0,0.0,0.0,0.0,0.0,0.0,104.0
2026-07-21 15:58:49.527,30.12,29.93,30.31,29.5,29.93,29.01,928.2,24.6,-40.0,0.0,0.0,0.0,0.0,0.0,104.0
2026-07-21 15:58:49.753,30.12,29.93,30.31,29.5,29.93,29.01,928.2,24.9,-40.0,0.0,0.0,0.0,0.0,0.0,104.0
2026-07-21 15:58:49.927,30.18,29.93,30.37,29.5,29.93,29.01,928.2,24.9,-40.0,0.0,0.0,0.0,0.0,0.0,104.0
2026-07-21 15:58:50.127,30.18,29.93,30.37,29.5,29.93,29.01,928.2,24.5,-40.0,0.0,0.0,0.0,0.0,0.0,105.0
2026-07-21 15:58:50.353,30.18,29.93,30.37,29.5,29.93,29.01,928.2,24.5,-40.0,0.0,0.0,0.0,0.0,0.0,105.0
2026-07-21 15:58:50.527,30.18,29.93,30.37,29.5,29.93,29.01,928.2,24.5,-40.0,0.0,0.0,0.0,0.0,0.0,105.0
2026-07-21 15:58:50.727,30.18,29.93,30.37,29.5,29.93,29.0,928.3,24.9,-40.0,0.0,0.0,0.0,0.0,0.0,105.0
2026-07-21 15:58:50.927,30.25,29.93,30.37,29.5,29.93,29.0,928.3,24.9,-40.0,0.0,0.0,0.0,0.0,0.0,105.0
2026-07-21 15:58:51.127,30.25,29.93,30.37,29.5,29.93,29.01,928.2,24.7,-40.0,0.0,0.0,0.0,0.0,0.0,106.0
2026-07-21 15:58:51.327,30.25,29.93,30.37,29.5,29.93,29.01,928.2,24.7,-40.0,0.0,0.0,0.0,0.0,0.0,106.0
2026-07-21 15:58:51.528,30.25,29.93,30.37,29.5,29.93,29.01,928.2,24.7,-40.0,0.0,0.0,0.0,0.0,0.0,106.0
2026-07-21 15:58:51.727,30.25,29.93,30.37,29.5,29.93,29.02,928.2,24.7,-40.0,0.0,0.0,0.0,0.0,0.0,106.0
2026-07-21 15:58:51.958,30.31,29.93,30.37,29.5,30.0,29.02,928.2,24.7,-40.0,0.0,0.0,0.0,0.0,0.0,106.0
2026-07-21 15:58:52.127,30.31,29.93,30.37,29.5,30.0,29.02,928.2,24.9,-40.0,0.0,0.0,0.0,0.0,0.0,107.0
2026-07-21 15:58:52.355,30.31,29.93,30.37,29.5,30.0,29.02,928.2,24.9,-40.0,0.0,0.0,0.0,0.0,0.0,107.0
2026-07-21 15:58:52.527,30.31,29.93,30.37,29.5,30.0,29.02,928.2,24.9,-40.0,0.0,0.0,0.0,0.0,0.0,107.0
2026-07-21 15:58:52.727,30.31,29.93,30.37,29.5,30.0,29.02,928.3,24.6,-40.0,0.0,0.0,0.0,0.0,0.0,107.0
2026-07-21 15:58:52.960,30.37,29.93,30.43,29.5,30.0,29.02,928.3,24.6,-40.0,0.0,0.0,0.0,0.0,0.0,107.0
2026-07-21 15:58:53.127,30.37,29.93,30.43,29.5,30.0,29.02,928.3,24.8,-40.0,0.0,0.0,0.0,0.0,0.0,108.0
2026-07-21 15:58:53.376,30.37,29.93,30.43,29.5,30.0,29.02,928.3,24.8,-40.0,0.0,0.0,0.0,0.0,0.0,108.0
2026-07-21 15:58:53.528,30.37,29.93,30.43,29.5,30.0,29.02,928.3,24.8,-40.0,0.0,0.0,0.0,0.0,0.0,108.0
2026-07-21 15:58:53.766,30.37,29.93,30.43,29.5,30.0,29.01,928.2,24.5,-40.0,0.0,0.0,0.0,0.0,0.0,108.0
2026-07-21 15:58:53.927,30.37,29.93,30.37,29.5,30.0,29.01,928.2,24.5,-40.0,0.0,0.0,0.0,0.0,0.0,108.0
2026-07-21 15:58:54.127,30.37,29.93,30.37,29.5,30.0,29.01,928.2,25.0,-40.0,0.0,0.0,0.0,0.0,0.0,109.0
2026-07-21 15:58:54.327,30.37,29.93,30.37,29.5,30.0,29.01,928.2,25.0,-40.0,0.0,0.0,0.0,0.0,0.0,109.0
2026-07-21 15:58:54.527,30.37,29.93,30.37,29.5,30.0,29.01,928.2,25.0,-40.0,0.0,0.0,0.0,0.0,0.0,109.0
2026-07-21 15:58:54.747,30.37,29.93,30.37,29.5,30.0,29.02,928.2,24.7,-40.0,0.0,0.0,0.0,0.0,0.0,109.0
2026-07-21 15:58:54.926,30.43,29.93,30.37,29.5,30.06,29.02,928.2,24.7,-40.0,0.0,0.0,0.0,0.0,0.0,109.0
2026-07-21 15:58:55.172,30.43,29.93,30.37,29.5,30.06,29.01,928.2,24.9,-40.0,0.0,0.0,0.0,0.0,0.0,110.0
2026-07-21 15:58:55.327,30.43,29.93,30.37,29.5,30.06,29.01,928.2,24.9,-40.0,0.0,0.0,0.0,0.0,0.0,110.0
2026-07-21 15:58:55.567,30.43,29.93,30.37,29.5,30.06,29.01,928.2,24.9,-40.0,0.0,0.0,0.0,0.0,0.0,110.0
2026-07-21 15:58:55.727,30.43,29.93,30.37,29.5,30.06,29.02,928.3,24.6,-40.0,0.0,0.0,0.0,0.0,0.0,110.0
2026-07-21 15:58:55.963,30.5,29.87,30.37,29.5,30.06,29.02,928.3,24.6,-40.0,0.0,0.0,0.0,0.0,0.0,110.0
2026-07-21 15:58:56.127,30.5,29.87,30.37,29.5,30.06,29.02,928.2,24.6,-40.0,0.0,0.0,0.0,0.0,0.0,111.0
2026-07-21 15:58:56.327,30.5,29.87,30.37,29.5,30.06,29.02,928.2,24.6,-40.0,0.0,0.0,0.0,0.0,0.0,111.0
2026-07-21 15:58:56.526,30.5,29.87,30.37,29.5,30.06,29.02,928.2,24.6,-40.0,0.0,0.0,0.0,0.0,0.0,111.0
2026-07-21 15:58:56.727,30.5,29.87,30.37,29.5,30.06,29.01,928.2,24.8,-40.0,0.0,0.0,0.0,0.0,0.0,111.0
2026-07-21 15:58:56.945,30.56,29.93,30.37,29.5,30.06,29.01,928.2,24.8,-40.0,0.0,0.0,0.0,0.0,0.0,111.0
2026-07-21 15:58:57.127,30.56,29.93,30.37,29.5,30.06,29.01,928.2,25.1,-40.0,0.0,0.0,0.0,0.0,0.0,112.0
2026-07-21 15:58:57.328,30.56,29.93,30.37,29.5,30.06,29.01,928.2,25.1,-40.0,0.0,0.0,0.0,0.0,0.0,112.0
2026-07-21 15:58:57.544,30.56,29.93,30.37,29.5,30.06,29.01,928.2,25.1,-40.0,0.0,0.0,0.0,0.0,0.0,112.0
2026-07-21 15:58:57.727,30.56,29.93,30.37,29.5,30.06,29.02,928.2,24.8,-40.0,0.0,0.0,0.0,0.0,0.0,112.0
2026-07-21 15:58:57.926,30.56,29.93,30.37,29.5,30.06,29.02,928.2,24.8,-40.0,0.0,0.0,0.0,0.0,0.0,112.0
2026-07-21 15:58:58.143,30.56,29.93,30.37,29.5,30.06,29.01,928.3,24.9,-40.0,0.0,0.0,0.0,0.0,0.0,113.0
2026-07-21 15:58:58.326,30.56,29.93,30.37,29.5,30.06,29.01,928.3,24.9,-40.0,1.0,1.0,0.0,0.0,0.0,113.0
2026-07-21 15:58:58.526,30.56,29.93,30.37,29.5,30.06,29.01,928.3,24.9,-40.0,1.0,1.0,0.0,0.0,0.0,113.0
2026-07-21 15:58:58.726,30.56,29.93,30.37,29.5,30.06,29.02,928.2,24.7,-40.0,1.0,1.0,0.0,0.0,0.0,113.0
2026-07-21 15:58:58.926,30.62,29.93,30.37,29.5,30.12,29.02,928.2,24.7,-40.0,1.0,1.0,0.0,0.0,0.0,113.0
2026-07-21 15:58:59.145,30.62,29.93,30.37,29.5,30.12,29.03,928.2,25.0,-40.0,1.0,1.0,0.0,0.0,0.0,114.0
2026-07-21 15:58:59.326,30.62,29.93,30.37,29.5,30.12,29.03,928.2,25.0,-40.0,1.0,1.0,0.0,0.0,0.0,114.0
2026-07-21 15:58:59.527,30.62,29.93,30.37,29.5,30.12,29.03,928.2,25.0,-40.0,1.0,1.0,0.0,0.0,0.0,114.0
2026-07-21 15:58:59.726,30.62,29.93,30.37,29.5,30.12,29.02,928.2,24.6,-40.0,1.0,1.0,0.0,0.0,0.0,114.0
2026-07-21 15:58:59.926,30.68,29.87,30.37,29.5,30.12,29.02,928.2,24.6,-40.0,1.0,1.0,0.0,0.0,0.0,114.0
2026-07-21 15:59:00.126,30.68,29.87,30.37,29.5,30.12,29.02,928.3,24.8,-40.0,1.0,1.0,0.0,0.0,0.0,115.0
2026-07-21 15:59:00.331,30.68,29.87,30.37,29.5,30.12,29.02,928.3,24.8,-40.0,1.0,1.0,0.0,0.0,0.0,115.0
2026-07-21 15:59:00.527,30.68,29.87,30.37,29.5,30.12,29.02,928.3,24.8,-40.0,1.0,1.0,0.0,0.0,0.0,115.0
2026-07-21 15:59:00.727,30.68,29.87,30.37,29.5,30.12,29.03,928.2,24.4,-40.0,1.0,1.0,0.0,0.0,0.0,115.0
2026-07-21 15:59:00.926,30.68,29.87,30.37,29.5,30.18,29.03,928.2,24.4,-40.0,1.0,1.0,0.0,0.0,0.0,115.0
2026-07-21 15:59:01.127,30.68,29.87,30.37,29.5,30.18,29.02,928.2,24.9,-40.0,1.0,1.0,0.0,0.0,0.0,116.0
2026-07-21 15:59:01.326,30.68,29.87,30.37,29.5,30.18,29.02,928.2,24.9,-40.0,1.0,1.0,0.0,0.0,0.0,116.0
2026-07-21 15:59:01.527,30.68,29.87,30.37,29.5,30.18,29.02,928.2,24.9,-40.0,1.0,1.0,0.0,0.0,0.0,116.0
2026-07-21 15:59:01.726,30.68,29.87,30.37,29.5,30.18,29.02,928.2,24.7,-40.0,1.0,1.0,0.0,0.0,0.0,116.0
2026-07-21 15:59:01.926,30.75,29.87,30.37,29.56,30.18,29.02,928.2,24.7,-40.0,1.0,1.0,0.0,0.0,0.0,116.0
2026-07-21 15:59:02.127,30.75,29.87,30.37,29.56,30.18,29.02,928.3,24.5,-40.0,1.0,1.0,0.0,0.0,0.0,117.0
2026-07-21 15:59:02.327,30.75,29.87,30.37,29.56,30.18,29.02,928.3,24.5,-40.0,1.0,1.0,0.0,0.0,0.0,117.0
2026-07-21 15:59:02.527,30.75,29.87,30.37,29.56,30.18,29.02,928.3,24.5,-40.0,1.0,1.0,0.0,0.0,0.0,117.0
2026-07-21 15:59:02.727,30.75,29.87,30.37,29.56,30.18,29.03,928.2,24.8,-40.0,1.0,1.0,0.0,0.0,0.0,117.0
2026-07-21 15:59:02.926,30.81,29.87,30.37,29.5,30.18,29.03,928.2,24.8,-40.0,1.0,1.0,0.0,0.0,0.0,117.0
2026-07-21 15:59:03.126,30.81,29.87,30.37,29.5,30.18,29.02,928.2,24.6,-40.0,1.0,1.0,0.0,0.0,0.0,118.0
2026-07-21 15:59:03.327,30.81,29.87,30.37,29.5,30.18,29.02,928.2,24.6,-40.0,1.0,1.0,0.0,0.0,0.0,118.0
2026-07-21 15:59:03.526,30.81,29.87,30.37,29.5,30.18,29.02,928.2,24.6,-40.0,1.0,1.0,0.0,0.0,0.0,118.0
2026-07-21 15:59:03.726,30.81,29.87,30.37,29.5,30.18,29.03,928.3,24.9,-40.0,1.0,1.0,0.0,0.0,0.0,118.0
2026-07-21 15:59:03.926,30.81,29.87,30.37,29.56,30.18,29.03,928.3,24.9,-40.0,1.0,1.0,0.0,0.0,0.0,118.0
2026-07-21 15:59:04.126,30.81,29.87,30.37,29.56,30.18,29.03,928.2,24.7,-40.0,1.0,1.0,0.0,0.0,0.0,119.0
2026-07-21 15:59:04.327,30.81,29.87,30.37,29.56,30.18,29.03,928.2,24.7,-40.0,1.0,1.0,0.0,0.0,0.0,119.0
2026-07-21 15:59:04.526,30.81,29.87,30.37,29.56,30.18,29.03,928.2,24.7,-40.0,1.0,1.0,0.0,0.0,0.0,119.0
2026-07-21 15:59:04.726,30.81,29.87,30.37,29.56,30.18,29.02,928.2,24.8,-40.0,1.0,1.0,0.0,0.0,0.0,119.0
2026-07-21 15:59:04.927,30.81,29.93,30.37,29.56,30.25,29.02,928.2,24.8,-40.0,1.0,1.0,0.0,0.0,0.0,119.0
2026-07-21 15:59:05.126,30.81,29.93,30.37,29.56,30.25,29.02,928.2,24.6,-40.0,1.0,1.0,0.0,0.0,0.0,120.0
2026-07-21 15:59:05.326,30.81,29.93,30.37,29.56,30.25,29.02,928.2,24.6,-40.0,1.0,1.0,0.0,0.0,0.0,120.0
2026-07-21 15:59:05.527,30.81,29.93,30.37,29.56,30.25,29.02,928.2,24.6,-40.0,1.0,1.0,0.0,0.0,0.0,120.0
2026-07-21 15:59:05.726,30.81,29.93,30.37,29.56,30.25,29.03,928.2,24.7,-40.0,1.0,1.0,0.0,0.0,0.0,120.0
2026-07-21 15:59:05.927,30.81,29.87,30.37,29.5,30.31,29.03,928.2,24.7,-40.0,1.0,1.0,0.0,0.0,0.0,120.0
2026-07-21 15:59:06.126,30.81,29.87,30.37,29.5,30.31,29.03,928.2,24.9,-40.0,1.0,1.0,0.0,0.0,0.0,121.0
2026-07-21 15:59:06.327,30.81,29.87,30.37,29.5,30.31,29.03,928.2,24.9,-40.0,1.0,1.0,0.0,0.0,0.0,121.0
2026-07-21 15:59:06.527,30.81,29.87,30.37,29.5,30.31,29.03,928.2,24.9,-40.0,1.0,1.0,0.0,0.0,0.0,121.0
2026-07-21 15:59:06.727,30.81,29.87,30.37,29.5,30.31,29.03,928.2,24.5,-40.0,1.0,1.0,0.0,0.0,0.0,121.0
2026-07-21 15:59:06.926,30.81,29.87,30.37,29.5,30.37,29.03,928.2,24.5,-40.0,1.0,1.0,0.0,0.0,0.0,121.0
2026-07-21 15:59:07.126,30.81,29.87,30.37,29.5,30.37,29.03,928.2,24.7,-40.0,1.0,1.0,0.0,0.0,0.0,122.0
2026-07-21 15:59:07.327,30.81,29.87,30.37,29.5,30.37,29.03,928.2,24.7,-40.0,1.0,1.0,0.0,0.0,0.0,122.0
2026-07-21 15:59:07.526,30.81,29.87,30.37,29.5,30.37,29.03,928.2,24.7,-40.0,1.0,1.0,0.0,0.0,0.0,122.0
2026-07-21 15:59:07.727,30.81,29.87,30.37,29.5,30.37,29.03,928.1,25.0,-40.0,1.0,1.0,0.0,0.0,0.0,122.0
2026-07-21 15:59:07.926,30.81,29.87,30.31,29.5,30.43,29.03,928.1,25.0,-40.0,1.0,1.0,0.0,0.0,0.0,122.0
2026-07-21 15:59:08.127,30.81,29.87,30.31,29.5,30.43,29.03,928.2,24.5,-40.0,1.0,1.0,0.0,0.0,0.0,123.0
2026-07-21 15:59:08.326,30.81,29.87,30.31,29.5,30.43,29.03,928.2,24.5,-40.0,1.0,1.0,0.0,0.0,0.0,123.0
2026-07-21 15:59:08.527,30.81,29.87,30.31,29.5,30.43,29.03,928.2,24.5,-40.0,1.0,1.0,0.0,0.0,0.0,123.0
2026-07-21 15:59:08.726,30.81,29.87,30.31,29.5,30.43,29.02,928.2,24.6,-40.0,1.0,1.0,0.0,0.0,0.0,123.0
2026-07-21 15:59:08.926,30.81,29.87,30.31,29.5,30.5,29.02,928.2,24.6,-40.0,1.0,1.0,0.0,0.0,0.0,123.0
2026-07-21 15:59:09.127,30.81,29.87,30.31,29.5,30.5,29.03,928.3,24.8,-40.0,1.0,1.0,0.0,0.0,0.0,124.0
2026-07-21 15:59:09.366,30.81,29.87,30.31,29.5,30.5,29.03,928.3,24.8,-40.0,1.0,1.0,0.0,0.0,0.0,124.0
2026-07-21 15:59:09.526,30.81,29.87,30.31,29.5,30.5,29.03,928.3,24.8,-40.0,1.0,1.0,0.0,0.0,0.0,124.0
2026-07-21 15:59:09.726,30.81,29.87,30.31,29.5,30.5,29.03,928.2,24.7,-40.0,1.0,1.0,0.0,0.0,0.0,124.0
2026-07-21 15:59:09.926,30.81,29.87,30.37,29.5,30.5,29.03,928.2,24.7,-40.0,1.0,1.0,0.0,0.0,0.0,124.0
2026-07-21 15:59:10.126,30.81,29.87,30.37,29.5,30.5,29.03,928.2,24.5,-40.0,1.0,1.0,0.0,0.0,0.0,125.0
2026-07-21 15:59:10.326,30.81,29.87,30.37,29.5,30.5,29.03,928.2,24.5,-40.0,1.0,1.0,0.0,0.0,0.0,125.0
2026-07-21 15:59:10.527,30.81,29.87,30.37,29.5,30.5,29.03,928.2,24.5,-40.0,1.0,1.0,0.0,0.0,0.0,125.0
2026-07-21 15:59:10.726,30.81,29.87,30.37,29.5,30.5,29.02,928.2,24.9,-40.0,1.0,1.0,0.0,0.0,0.0,125.0
2026-07-21 15:59:10.927,30.75,29.87,30.31,29.5,30.56,29.02,928.2,24.9,-40.0,1.0,1.0,0.0,0.0,0.0,125.0
2026-07-21 15:59:11.126,30.75,29.87,30.31,29.5,30.56,29.02,928.3,24.6,-40.0,1.0,1.0,0.0,0.0,0.0,126.0
2026-07-21 15:59:11.326,30.75,29.87,30.31,29.5,30.56,29.02,928.3,24.6,-40.0,1.0,1.0,0.0,0.0,0.0,126.0
2026-07-21 15:59:11.526,30.75,29.87,30.31,29.5,30.56,29.02,928.3,24.6,-40.0,1.0,1.0,0.0,0.0,0.0,126.0
2026-07-21 15:59:11.726,30.75,29.87,30.31,29.5,30.56,29.03,928.2,24.3,-40.0,1.0,1.0,0.0,0.0,0.0,126.0
2026-07-21 15:59:11.926,30.81,29.87,30.37,29.5,30.62,29.03,928.2,24.3,-40.0,1.0,1.0,0.0,0.0,0.0,126.0
2026-07-21 15:59:12.127,30.81,29.87,30.37,29.5,30.62,29.02,928.2,24.9,-40.0,1.0,1.0,0.0,0.0,0.0,127.0
2026-07-21 15:59:12.326,30.81,29.87,30.37,29.5,30.62,29.02,928.2,24.9,-40.0,1.0,1.0,0.0,0.0,0.0,127.0
2026-07-21 15:59:12.526,30.81,29.87,30.37,29.5,30.62,29.02,928.2,24.9,-40.0,1.0,1.0,0.0,0.0,0.0,127.0
2026-07-21 15:59:12.727,30.81,29.87,30.37,29.5,30.62,29.03,928.3,24.5,-40.0,1.0,1.0,0.0,0.0,0.0,127.0
2026-07-21 15:59:12.927,30.75,29.87,30.31,29.5,30.68,29.03,928.3,24.5,-40.0,1.0,1.0,0.0,0.0,0.0,127.0
2026-07-21 15:59:13.126,30.75,29.87,30.31,29.5,30.68,29.03,928.2,24.6,-40.0,1.0,1.0,0.0,0.0,0.0,128.0
2026-07-21 15:59:13.327,30.75,29.87,30.31,29.5,30.68,29.03,928.2,24.6,-40.0,1.0,1.0,0.0,0.0,0.0,128.0
2026-07-21 15:59:13.527,30.75,29.87,30.31,29.5,30.68,29.03,928.2,24.6,-40.0,1.0,1.0,0.0,0.0,0.0,128.0
2026-07-21 15:59:13.727,30.75,29.87,30.31,29.5,30.68,29.03,928.3,25.0,-40.0,1.0,1.0,0.0,0.0,0.0,128.0
2026-07-21 15:59:13.926,30.75,29.87,30.31,29.5,30.68,29.03,928.3,25.0,-40.0,1.0,1.0,0.0,0.0,0.0,128.0
2026-07-21 15:59:14.126,30.75,29.87,30.31,29.5,30.68,29.02,928.2,25.0,-40.0,1.0,1.0,0.0,0.0,0.0,129.0
2026-07-21 15:59:14.326,30.75,29.87,30.31,29.5,30.68,29.02,928.2,25.0,-40.0,1.0,1.0,0.0,0.0,0.0,129.0
2026-07-21 15:59:14.551,30.75,29.87,30.31,29.5,30.68,29.02,928.2,25.0,-40.0,1.0,1.0,0.0,0.0,0.0,129.0
2026-07-21 15:59:14.726,30.75,29.87,30.31,29.5,30.68,29.03,928.2,24.9,-40.0,1.0,1.0,0.0,0.0,0.0,129.0
2026-07-21 15:59:14.926,30.75,29.87,30.31,29.56,30.75,29.03,928.2,24.9,-40.0,1.0,1.0,0.0,0.0,0.0,129.0
2026-07-21 15:59:15.127,30.75,29.87,30.31,29.56,30.75,29.02,928.2,24.7,-40.0,1.0,1.0,0.0,0.0,0.0,130.0
2026-07-21 15:59:15.326,30.75,29.87,30.31,29.56,30.75,29.02,928.2,24.7,-40.0,1.0,1.0,0.0,0.0,0.0,130.0
2026-07-21 15:59:15.526,30.75,29.87,30.31,29.56,30.75,29.02,928.2,24.7,-40.0,1.0,1.0,0.0,0.0,0.0,130.0
2026-07-21 15:59:15.726,30.75,29.87,30.31,29.56,30.75,29.03,928.2,24.8,-40.0,1.0,1.0,0.0,0.0,0.0,130.0
2026-07-21 15:59:15.927,30.75,29.87,30.31,29.5,30.75,29.03,928.2,24.8,-40.0,1.0,1.0,0.0,0.0,0.0,130.0
2026-07-21 15:59:16.127,30.75,29.87,30.31,29.5,30.75,29.03,928.2,24.8,-40.0,1.0,1.0,0.0,0.0,0.0,131.0
2026-07-21 15:59:16.326,30.75,29.87,30.31,29.5,30.75,29.03,928.2,24.8,-40.0,1.0,1.0,0.0,0.0,0.0,131.0
2026-07-21 15:59:16.526,30.75,29.87,30.31,29.5,30.75,29.03,928.2,24.8,-40.0,1.0,1.0,0.0,0.0,0.0,131.0
2026-07-21 15:59:16.731,30.75,29.87,30.31,29.5,30.75,29.03,928.2,24.7,-40.0,1.0,1.0,0.0,0.0,0.0,131.0
2026-07-21 15:59:16.926,30.75,29.87,30.31,29.56,30.75,29.03,928.2,24.7,-40.0,1.0,1.0,0.0,0.0,0.0,131.0
2026-07-21 15:59:17.127,30.75,29.87,30.31,29.56,30.75,29.03,928.2,24.8,-40.0,1.0,1.0,0.0,0.0,0.0,132.0
2026-07-21 15:59:17.326,30.75,29.87,30.31,29.56,30.75,29.03,928.2,24.8,-40.0,1.0,1.0,0.0,0.0,0.0,132.0
2026-07-21 15:59:17.527,30.75,29.87,30.31,29.56,30.75,29.03,928.2,24.8,-40.0,1.0,1.0,0.0,0.0,0.0,132.0
2026-07-21 15:59:17.734,30.75,29.87,30.31,29.56,30.75,29.03,928.2,24.6,-40.0,1.0,1.0,0.0,0.0,0.0,132.0
2026-07-21 15:59:17.927,30.68,29.87,30.37,29.56,30.75,29.03,928.2,24.6,-40.0,1.0,1.0,0.0,0.0,0.0,132.0
2026-07-21 15:59:18.126,30.68,29.87,30.37,29.56,30.75,29.03,928.2,24.8,-40.0,1.0,1.0,0.0,0.0,0.0,133.0
2026-07-21 15:59:18.326,30.68,29.87,30.37,29.56,30.75,29.03,928.2,24.8,-40.0,1.0,1.0,0.0,0.0,0.0,133.0
2026-07-21 15:59:18.526,30.68,29.87,30.37,29.56,30.75,29.03,928.2,24.8,-40.0,1.0,1.0,0.0,0.0,0.0,133.0
2026-07-21 15:59:18.726,30.68,29.87,30.37,29.56,30.75,29.03,928.2,24.8,-40.0,1.0,1.0,0.0,0.0,0.0,133.0
2026-07-21 15:59:18.927,30.68,29.87,30.37,29.56,30.81,29.03,928.2,24.8,-40.0,1.0,1.0,0.0,0.0,0.0,133.0
2026-07-21 15:59:19.127,30.68,29.87,30.37,29.56,30.81,29.03,928.3,24.6,-40.0,1.0,1.0,0.0,0.0,0.0,134.0
2026-07-21 15:59:19.331,30.68,29.87,30.37,29.56,30.81,29.03,928.3,24.6,-40.0,1.0,1.0,0.0,0.0,0.0,134.0
2026-07-21 15:59:19.526,30.68,29.87,30.37,29.56,30.81,29.03,928.3,24.6,-40.0,1.0,1.0,0.0,0.0,0.0,134.0
2026-07-21 15:59:19.726,30.68,29.87,30.37,29.56,30.81,29.03,928.2,24.8,-40.0,1.0,1.0,0.0,0.0,0.0,134.0
2026-07-21 15:59:19.926,30.62,29.87,30.37,29.56,30.75,29.03,928.2,24.8,-40.0,1.0,1.0,0.0,0.0,0.0,134.0
2026-07-21 15:59:20.126,30.62,29.87,30.37,29.56,30.75,29.03,928.2,24.4,-40.0,1.0,1.0,0.0,0.0,0.0,135.0
2026-07-21 15:59:20.327,30.62,29.87,30.37,29.56,30.75,29.03,928.2,24.4,-40.0,1.0,1.0,0.0,0.0,0.0,135.0
2026-07-21 15:59:20.526,30.62,29.87,30.37,29.56,30.75,29.03,928.2,24.4,-40.0,1.0,1.0,0.0,0.0,0.0,135.0
2026-07-21 15:59:20.726,30.62,29.87,30.37,29.56,30.75,29.03,928.2,24.7,-40.0,1.0,1.0,0.0,0.0,0.0,135.0
2026-07-21 15:59:20.927,30.62,29.87,30.37,29.56,30.81,29.03,928.2,24.7,-40.0,1.0,1.0,0.0,0.0,0.0,135.0
2026-07-21 15:59:21.127,30.62,29.87,30.37,29.56,30.81,29.02,928.2,24.9,-40.0,1.0,1.0,0.0,0.0,0.0,136.0
2026-07-21 15:59:21.327,30.62,29.87,30.37,29.56,30.81,29.02,928.2,24.9,-40.0,1.0,1.0,0.0,0.0,0.0,136.0
2026-07-21 15:59:21.525,30.62,29.87,30.37,29.56,30.81,29.02,928.2,24.9,-40.0,1.0,1.0,0.0,0.0,0.0,136.0
2026-07-21 15:59:21.726,30.62,29.87,30.37,29.56,30.81,29.03,928.2,24.6,-40.0,1.0,1.0,0.0,0.0,0.0,136.0
2026-07-21 15:59:21.926,30.62,29.87,30.37,29.5,30.75,29.03,928.2,24.6,-40.0,1.0,1.0,0.0,0.0,0.0,136.0
2026-07-21 15:59:22.126,30.62,29.87,30.37,29.5,30.75,29.03,928.2,24.7,-40.0,1.0,1.0,0.0,0.0,0.0,137.0
2026-07-21 15:59:22.326,30.62,29.87,30.37,29.5,30.75,29.03,928.2,24.7,-40.0,1.0,1.0,0.0,0.0,0.0,137.0
2026-07-21 15:59:22.525,30.62,29.87,30.37,29.5,30.75,29.03,928.2,24.7,-40.0,1.0,1.0,0.0,0.0,0.0,137.0
2026-07-21 15:59:22.727,30.62,29.87,30.37,29.5,30.75,29.03,928.3,24.7,-40.0,1.0,1.0,0.0,0.0,0.0,137.0
2026-07-21 15:59:22.926,30.56,29.87,30.31,29.5,30.81,29.03,928.3,24.7,-40.0,1.0,1.0,0.0,0.0,0.0,137.0
2026-07-21 15:59:23.126,30.56,29.87,30.31,29.5,30.81,29.03,928.2,24.9,-40.0,1.0,1.0,0.0,0.0,0.0,138.0
2026-07-21 15:59:23.326,30.56,29.87,30.31,29.5,30.81,29.03,928.2,24.9,-40.0,1.0,1.0,0.0,0.0,0.0,138.0
2026-07-21 15:59:23.528,30.56,29.87,30.31,29.5,30.81,29.03,928.2,24.9,-40.0,1.0,1.0,0.0,0.0,0.0,138.0
2026-07-21 15:59:23.726,30.56,29.87,30.31,29.5,30.81,29.03,928.2,24.5,-40.0,1.0,1.0,0.0,0.0,0.0,138.0
2026-07-21 15:59:23.926,30.56,29.87,30.37,29.5,30.75,29.03,928.2,24.5,-40.0,1.0,1.0,0.0,0.0,0.0,138.0
2026-07-21 15:59:24.126,30.56,29.87,30.37,29.5,30.75,29.02,928.2,24.9,-40.0,1.0,1.0,0.0,0.0,0.0,139.0
2026-07-21 15:59:24.326,30.56,29.87,30.37,29.5,30.75,29.02,928.2,24.9,-40.0,1.0,1.0,0.0,0.0,0.0,139.0
2026-07-21 15:59:24.526,30.56,29.87,30.37,29.5,30.75,29.02,928.2,24.9,-40.0,1.0,1.0,0.0,0.0,0.0,139.0
2026-07-21 15:59:24.726,30.56,29.87,30.37,29.5,30.75,29.02,928.2,24.6,-40.0,1.0,1.0,0.0,0.0,0.0,139.0
2026-07-21 15:59:24.926,30.5,29.87,30.31,29.56,30.75,29.02,928.2,24.6,-40.0,1.0,1.0,0.0,0.0,0.0,139.0
2026-07-21 15:59:25.126,30.5,29.87,30.31,29.56,30.75,29.02,928.1,24.7,-40.0,1.0,1.0,0.0,0.0,0.0,140.0
2026-07-21 15:59:25.325,30.5,29.87,30.31,29.56,30.75,29.02,928.1,24.7,-40.0,1.0,1.0,0.0,0.0,0.0,140.0
2026-07-21 15:59:25.526,30.5,29.87,30.31,29.56,30.75,29.02,928.1,24.7,-40.0,1.0,1.0,0.0,0.0,0.0,140.0
2026-07-21 15:59:25.726,30.5,29.87,30.31,29.56,30.75,29.02,928.2,24.7,-40.0,1.0,1.0,0.0,0.0,0.0,140.0
2026-07-21 15:59:25.926,30.5,29.93,30.37,29.56,30.75,29.02,928.2,24.7,-40.0,1.0,1.0,0.0,0.0,0.0,140.0
2026-07-21 15:59:26.131,30.5,29.93,30.37,29.56,30.75,29.03,928.2,24.8,-40.0,1.0,1.0,0.0,0.0,0.0,141.0
2026-07-21 15:59:26.325,30.5,29.93,30.37,29.56,30.75,29.03,928.2,24.8,-40.0,1.0,1.0,0.0,0.0,0.0,141.0
2026-07-21 15:59:26.526,30.5,29.93,30.37,29.56,30.75,29.03,928.2,24.8,-40.0,1.0,1.0,0.0,0.0,0.0,141.0
2026-07-21 15:59:26.726,30.5,29.93,30.37,29.56,30.75,29.03,928.3,24.7,-40.0,1.0,1.0,0.0,0.0,0.0,141.0
2026-07-21 15:59:26.925,30.5,29.87,30.37,29.56,30.75,29.03,928.3,24.7,-40.0,1.0,1.0,0.0,0.0,0.0,141.0
2026-07-21 15:59:27.126,30.5,29.87,30.37,29.56,30.75,29.03,928.2,24.7,-40.0,1.0,1.0,0.0,0.0,0.0,142.0
2026-07-21 15:59:27.325,30.5,29.87,30.37,29.56,30.75,29.03,928.2,24.7,-40.0,1.0,1.0,0.0,0.0,0.0,142.0
2026-07-21 15:59:27.526,30.5,29.87,30.37,29.56,30.75,29.03,928.2,24.7,-40.0,1.0,1.0,0.0,0.0,0.0,142.0
2026-07-21 15:59:27.726,30.5,29.87,30.37,29.56,30.75,29.03,928.2,24.5,-40.0,1.0,1.0,0.0,0.0,0.0,142.0
2026-07-21 15:59:27.926,30.5,29.87,30.31,29.5,30.75,29.03,928.2,24.5,-40.0,1.0,1.0,0.0,0.0,0.0,142.0
2026-07-21 15:59:28.126,30.5,29.87,30.31,29.5,30.75,29.03,928.2,24.8,-40.0,1.0,1.0,0.0,0.0,0.0,143.0
2026-07-21 15:59:28.326,30.5,29.87,30.31,29.5,30.75,29.03,928.2,24.8,-40.0,1.0,1.0,0.0,0.0,0.0,143.0
2026-07-21 15:59:28.526,30.5,29.87,30.31,29.5,30.75,29.03,928.2,24.8,-40.0,1.0,1.0,0.0,0.0,0.0,143.0
2026-07-21 15:59:28.727,30.5,29.87,30.31,29.5,30.75,29.02,928.2,24.6,-40.0,1.0,1.0,0.0,0.0,0.0,143.0
2026-07-21 15:59:28.926,30.43,29.87,30.37,29.5,30.75,29.02,928.2,24.6,-40.0,1.0,1.0,0.0,0.0,0.0,143.0
2026-07-21 15:59:29.126,30.43,29.87,30.37,29.5,30.75,29.03,928.2,24.8,-40.0,1.0,1.0,0.0,0.0,0.0,144.0
2026-07-21 15:59:29.325,30.43,29.87,30.37,29.5,30.75,29.03,928.2,24.8,-40.0,1.0,1.0,0.0,0.0,0.0,144.0
2026-07-21 15:59:29.526,30.43,29.87,30.37,29.5,30.75,29.03,928.2,24.8,-40.0,1.0,1.0,0.0,0.0,0.0,144.0
2026-07-21 15:59:29.727,30.43,29.87,30.37,29.5,30.75,29.02,928.2,24.8,-40.0,1.0,1.0,0.0,0.0,0.0,144.0
2026-07-21 15:59:29.931,30.43,29.87,30.37,29.56,30.75,29.02,928.2,24.8,-40.0,1.0,1.0,0.0,0.0,0.0,144.0
2026-07-21 15:59:30.128,30.43,29.87,30.37,29.56,30.75,29.02,928.2,24.5,-40.0,1.0,1.0,0.0,0.0,0.0,145.0
2026-07-21 15:59:30.326,30.43,29.87,30.37,29.56,30.75,29.02,928.2,24.5,-40.0,1.0,1.0,0.0,0.0,0.0,145.0
2026-07-21 15:59:30.526,30.43,29.87,30.37,29.56,30.75,29.02,928.2,24.5,-40.0,1.0,1.0,0.0,0.0,0.0,145.0
2026-07-21 15:59:30.749,30.43,29.87,30.37,29.56,30.75,29.02,928.2,24.4,-40.0,1.0,1.0,0.0,0.0,0.0,145.0
2026-07-21 15:59:30.926,30.43,29.87,30.43,29.5,30.75,29.02,928.2,24.4,-40.0,1.0,1.0,0.0,0.0,0.0,145.0
2026-07-21 15:59:31.126,30.43,29.87,30.43,29.5,30.75,29.03,928.3,24.4,-40.0,1.0,1.0,0.0,0.0,0.0,146.0
2026-07-21 15:59:31.326,30.43,29.87,30.43,29.5,30.75,29.03,928.3,24.4,-40.0,1.0,1.0,0.0,0.0,0.0,146.0
2026-07-21 15:59:31.526,30.43,29.87,30.43,29.5,30.75,29.03,928.3,24.4,-40.0,1.0,1.0,0.0,0.0,0.0,146.0
2026-07-21 15:59:31.725,30.43,29.87,30.43,29.5,30.75,29.02,928.2,24.7,-40.0,1.0,1.0,0.0,0.0,0.0,146.0
2026-07-21 15:59:31.926,30.37,29.87,30.31,29.5,30.68,29.02,928.2,24.7,-40.0,1.0,1.0,0.0,0.0,0.0,146.0
2026-07-21 15:59:32.126,30.37,29.87,30.31,29.5,30.68,29.03,928.2,24.6,-40.0,1.0,1.0,0.0,0.0,0.0,147.0
2026-07-21 15:59:32.348,30.37,29.87,30.31,29.5,30.68,29.03,928.2,24.6,-40.0,1.0,1.0,0.0,0.0,0.0,147.0
2026-07-21 15:59:32.526,30.37,29.87,30.31,29.5,30.68,29.03,928.2,24.6,-40.0,1.0,1.0,0.0,0.0,0.0,147.0
2026-07-21 15:59:32.726,30.37,29.87,30.31,29.5,30.68,29.02,928.2,24.5,-40.0,1.0,1.0,0.0,0.0,0.0,147.0
2026-07-21 15:59:32.926,30.43,29.87,30.37,29.56,30.68,29.02,928.2,24.5,-40.0,1.0,1.0,0.0,0.0,0.0,147.0
2026-07-21 15:59:33.126,30.43,29.87,30.37,29.56,30.68,29.02,928.2,24.3,-40.0,1.0,1.0,0.0,0.0,0.0,148.0
2026-07-21 15:59:33.326,30.43,29.87,30.37,29.56,30.68,29.02,928.2,24.3,-40.0,1.0,1.0,0.0,0.0,0.0,148.0
2026-07-21 15:59:33.525,30.43,29.87,30.37,29.56,30.68,29.02,928.2,24.3,-40.0,1.0,1.0,0.0,0.0,0.0,148.0
2026-07-21 15:59:33.726,30.43,29.87,30.37,29.56,30.68,29.02,928.2,24.6,-40.0,1.0,1.0,0.0,0.0,0.0,148.0
2026-07-21 15:59:33.925,30.37,29.87,30.31,29.56,30.68,29.02,928.2,24.6,-40.0,1.0,1.0,0.0,0.0,0.0,148.0
2026-07-21 15:59:34.125,30.37,29.87,30.31,29.56,30.68,29.02,928.3,24.4,-40.0,1.0,1.0,0.0,0.0,0.0,149.0
2026-07-21 15:59:34.326,30.37,29.87,30.31,29.56,30.68,29.02,928.3,24.4,-40.0,1.0,1.0,0.0,0.0,0.0,149.0
2026-07-21 15:59:34.526,30.37,29.87,30.31,29.56,30.68,29.02,928.3,24.4,-40.0,1.0,1.0,0.0,0.0,0.0,149.0
2026-07-21 15:59:34.725,30.37,29.87,30.31,29.56,30.68,29.02,928.2,24.5,-40.0,1.0,1.0,0.0,0.0,0.0,149.0
2026-07-21 15:59:34.925,30.37,29.87,30.37,29.5,30.68,29.02,928.2,24.5,-40.0,1.0,1.0,0.0,0.0,0.0,149.0
2026-07-21 15:59:35.126,30.37,29.87,30.37,29.5,30.68,29.02,928.2,24.4,-40.0,1.0,1.0,0.0,0.0,0.0,150.0
2026-07-21 15:59:35.326,30.37,29.87,30.37,29.5,30.68,29.02,928.2,24.4,-40.0,1.0,1.0,0.0,0.0,0.0,150.0
2026-07-21 15:59:35.526,30.37,29.87,30.37,29.5,30.68,29.02,928.2,24.4,-40.0,1.0,1.0,0.0,0.0,0.0,150.0
2026-07-21 15:59:35.726,30.37,29.87,30.37,29.5,30.68,29.01,928.2,24.6,-40.0,1.0,1.0,0.0,0.0,0.0,150.0
2026-07-21 15:59:35.926,30.31,29.87,30.37,29.5,30.68,29.01,928.2,24.6,-40.0,1.0,1.0,0.0,0.0,0.0,150.0
2026-07-21 15:59:36.126,30.31,29.87,30.37,29.5,30.68,29.02,928.3,24.8,-40.0,1.0,1.0,0.0,0.0,0.0,151.0
2026-07-21 15:59:36.326,30.31,29.87,30.37,29.5,30.68,29.02,928.3,24.8,-40.0,1.0,1.0,0.0,0.0,0.0,151.0
2026-07-21 15:59:36.525,30.31,29.87,30.37,29.5,30.68,29.02,928.3,24.8,-40.0,1.0,1.0,0.0,0.0,0.0,151.0
2026-07-21 15:59:36.726,30.31,29.87,30.37,29.5,30.68,29.02,928.2,24.5,-40.0,1.0,1.0,0.0,0.0,0.0,151.0
2026-07-21 15:59:36.925,30.31,29.87,30.37,29.56,30.62,29.02,928.2,24.5,-40.0,1.0,1.0,0.0,0.0,0.0,151.0
2026-07-21 15:59:37.125,30.31,29.87,30.37,29.56,30.62,29.02,928.2,24.5,-40.0,1.0,1.0,0.0,0.0,0.0,152.0
2026-07-21 15:59:37.327,30.31,29.87,30.37,29.56,30.62,29.02,928.2,24.5,-40.0,1.0,1.0,0.0,0.0,0.0,152.0
2026-07-21 15:59:37.526,30.31,29.87,30.37,29.56,30.62,29.02,928.2,24.5,-40.0,1.0,1.0,0.0,0.0,0.0,152.0
2026-07-21 15:59:37.726,30.31,29.87,30.37,29.56,30.62,29.01,928.3,24.6,-40.0,1.0,1.0,0.0,0.0,0.0,152.0
2026-07-21 15:59:37.926,30.25,29.87,30.37,29.56,30.62,29.01,928.3,24.6,-40.0,1.0,1.0,0.0,0.0,0.0,152.0
2026-07-21 15:59:38.126,30.25,29.87,30.37,29.56,30.62,29.02,928.3,24.5,-40.0,1.0,1.0,0.0,0.0,0.0,153.0
2026-07-21 15:59:38.326,30.25,29.87,30.37,29.56,30.62,29.02,928.3,24.5,-40.0,1.0,1.0,0.0,0.0,0.0,153.0
2026-07-21 15:59:38.526,30.25,29.87,30.37,29.56,30.62,29.02,928.3,24.5,-40.0,1.0,1.0,0.0,0.0,0.0,153.0
2026-07-21 15:59:38.726,30.25,29.87,30.37,29.56,30.62,29.02,928.2,24.5,-40.0,1.0,1.0,0.0,0.0,0.0,153.0
2026-07-21 15:59:38.926,30.25,29.87,30.31,29.56,30.62,29.02,928.2,24.5,-40.0,1.0,1.0,0.0,0.0,0.0,153.0
2026-07-21 15:59:39.126,30.25,29.87,30.31,29.56,30.62,29.02,928.2,24.7,-40.0,1.0,1.0,0.0,0.0,0.0,154.0
2026-07-21 15:59:39.326,30.25,29.87,30.31,29.56,30.62,29.02,928.2,24.7,-40.0,1.0,1.0,0.0,0.0,0.0,154.0
2026-07-21 15:59:39.526,30.25,29.87,30.31,29.56,30.62,29.02,928.2,24.7,-40.0,1.0,1.0,0.0,0.0,0.0,154.0
2026-07-21 15:59:39.726,30.25,29.87,30.31,29.56,30.62,29.01,928.2,24.6,-40.0,1.0,1.0,0.0,0.0,0.0,154.0
2026-07-21 15:59:39.926,30.25,29.87,30.37,29.56,30.62,29.01,928.2,24.6,-40.0,1.0,1.0,0.0,0.0,0.0,154.0
2026-07-21 15:59:40.126,30.25,29.87,30.37,29.56,30.62,29.01,928.3,24.1,-40.0,1.0,1.0,0.0,0.0,0.0,155.0
2026-07-21 15:59:40.326,30.25,29.87,30.37,29.56,30.62,29.01,928.3,24.1,-40.0,1.0,1.0,0.0,0.0,0.0,155.0
2026-07-21 15:59:40.526,30.25,29.87,30.37,29.56,30.62,29.01,928.3,24.1,-40.0,1.0,1.0,0.0,0.0,0.0,155.0
2026-07-21 15:59:40.725,30.25,29.87,30.37,29.56,30.62,29.02,928.2,24.4,-40.0,1.0,1.0,0.0,0.0,0.0,155.0
2026-07-21 15:59:40.926,30.25,29.87,30.31,29.56,30.62,29.02,928.2,24.4,-40.0,1.0,1.0,0.0,0.0,0.0,155.0
2026-07-21 15:59:41.126,30.25,29.87,30.31,29.56,30.62,29.02,928.3,24.4,-40.0,1.0,1.0,0.0,0.0,0.0,156.0
2026-07-21 15:59:41.326,30.25,29.87,30.31,29.56,30.62,29.02,928.3,24.4,-40.0,1.0,1.0,0.0,0.0,0.0,156.0
2026-07-21 15:59:41.526,30.25,29.87,30.31,29.56,30.62,29.02,928.3,24.4,-40.0,1.0,1.0,0.0,0.0,0.0,156.0
2026-07-21 15:59:41.726,30.25,29.87,30.31,29.56,30.62,29.02,928.3,24.5,-40.0,1.0,1.0,0.0,0.0,0.0,156.0
2026-07-21 15:59:41.926,30.25,29.87,30.37,29.56,30.56,29.02,928.3,24.5,-40.0,1.0,1.0,0.0,0.0,0.0,156.0
2026-07-21 15:59:42.126,30.25,29.87,30.37,29.56,30.56,29.02,928.3,24.7,-40.0,1.0,1.0,0.0,0.0,0.0,157.0
2026-07-21 15:59:42.326,30.25,29.87,30.37,29.56,30.56,29.02,928.3,24.7,-40.0,1.0,1.0,0.0,0.0,0.0,157.0
2026-07-21 15:59:42.526,30.25,29.87,30.37,29.56,30.56,29.02,928.3,24.7,-40.0,1.0,1.0,0.0,0.0,0.0,157.0
2026-07-21 15:59:42.726,30.25,29.87,30.37,29.56,30.56,29.02,928.3,24.6,-40.0,1.0,1.0,0.0,0.0,0.0,157.0
2026-07-21 15:59:42.926,30.25,29.87,30.31,29.56,30.62,29.02,928.3,24.6,-40.0,1.0,1.0,0.0,0.0,0.0,157.0
2026-07-21 15:59:43.126,30.25,29.87,30.31,29.56,30.62,29.02,928.2,24.3,-40.0,1.0,1.0,0.0,0.0,0.0,158.0
2026-07-21 15:59:43.326,30.25,29.87,30.31,29.56,30.62,29.02,928.2,24.3,-40.0,1.0,1.0,0.0,0.0,0.0,158.0
2026-07-21 15:59:43.525,30.25,29.87,30.31,29.56,30.62,29.02,928.2,24.3,-40.0,1.0,1.0,0.0,0.0,0.0,158.0
2026-07-21 15:59:43.725,30.25,29.87,30.31,29.56,30.62,29.01,928.2,24.5,-40.0,1.0,1.0,0.0,0.0,0.0,158.0
2026-07-21 15:59:43.926,30.18,29.87,30.31,29.62,30.56,29.01,928.2,24.5,-40.0,1.0,1.0,0.0,0.0,0.0,158.0
2026-07-21 15:59:44.125,30.18,29.87,30.31,29.62,30.56,29.02,928.2,24.4,-40.0,1.0,1.0,0.0,0.0,0.0,159.0
2026-07-21 15:59:44.326,30.18,29.87,30.31,29.62,30.56,29.02,928.2,24.4,-40.0,1.0,1.0,0.0,0.0,0.0,159.0
2026-07-21 15:59:44.527,30.18,29.87,30.31,29.62,30.56,29.02,928.2,24.4,-40.0,1.0,1.0,0.0,0.0,0.0,159.0
2026-07-21 15:59:44.726,30.18,29.87,30.31,29.62,30.56,29.02,928.2,24.3,-40.0,1.0,1.0,0.0,0.0,0.0,159.0
2026-07-21 15:59:44.925,30.18,29.87,30.31,29.56,30.56,29.02,928.2,24.3,-40.0,1.0,1.0,0.0,0.0,0.0,159.0
2026-07-21 15:59:45.127,30.18,29.87,30.31,29.56,30.56,29.02,928.3,24.6,-40.0,1.0,1.0,0.0,0.0,0.0,160.0
2026-07-21 15:59:45.326,30.18,29.87,30.31,29.56,30.56,29.02,928.3,24.6,-40.0,1.0,1.0,0.0,0.0,0.0,160.0
2026-07-21 15:59:45.525,30.18,29.87,30.31,29.56,30.56,29.02,928.3,24.6,-40.0,1.0,1.0,0.0,0.0,0.0,160.0
2026-07-21 15:59:45.725,30.18,29.87,30.31,29.56,30.56,29.01,928.2,24.6,-40.0,1.0,1.0,0.0,0.0,0.0,160.0
2026-07-21 15:59:45.925,30.18,29.87,30.31,29.56,30.56,29.01,928.2,24.6,-40.0,1.0,1.0,0.0,0.0,0.0,160.0
2026-07-21 15:59:46.126,30.18,29.87,30.31,29.56,30.56,29.01,928.3,24.2,-40.0,1.0,1.0,0.0,0.0,0.0,161.0
2026-07-21 15:59:46.326,30.18,29.87,30.31,29.56,30.56,29.01,928.3,24.2,-40.0,1.0,1.0,0.0,0.0,0.0,161.0
2026-07-21 15:59:46.526,30.18,29.87,30.31,29.56,30.56,29.01,928.3,24.2,-40.0,1.0,1.0,0.0,0.0,0.0,161.0
2026-07-21 15:59:46.727,30.18,29.87,30.31,29.56,30.56,29.02,928.3,24.1,-40.0,1.0,1.0,0.0,0.0,0.0,161.0
2026-07-21 15:59:46.925,30.18,29.87,30.37,29.56,30.56,29.02,928.3,24.1,-40.0,1.0,1.0,0.0,0.0,0.0,161.0
2026-07-21 15:59:47.126,30.18,29.87,30.37,29.56,30.56,29.02,928.2,24.2,-40.0,1.0,1.0,0.0,0.0,0.0,162.0
2026-07-21 15:59:47.335,30.18,29.87,30.37,29.56,30.56,29.02,928.2,24.2,-40.0,1.0,1.0,0.0,0.0,0.0,162.0
2026-07-21 15:59:47.525,30.18,29.87,30.37,29.56,30.56,29.02,928.2,24.2,-40.0,1.0,1.0,0.0,0.0,0.0,162.0
2026-07-21 15:59:47.726,30.18,29.87,30.37,29.56,30.56,29.02,928.2,24.7,-40.0,1.0,1.0,0.0,0.0,0.0,162.0
2026-07-21 15:59:47.945,30.18,29.87,30.31,29.56,30.56,29.02,928.2,24.7,-40.0,1.0,1.0,0.0,0.0,0.0,162.0
2026-07-21 15:59:48.126,30.18,29.87,30.31,29.56,30.56,29.02,928.2,24.4,-40.0,1.0,1.0,0.0,0.0,0.0,163.0
2026-07-21 15:59:48.326,30.18,29.87,30.31,29.56,30.56,29.02,928.2,24.4,-40.0,1.0,1.0,0.0,0.0,0.0,163.0
2026-07-21 15:59:48.525,30.18,29.87,30.31,29.56,30.56,29.02,928.2,24.4,-40.0,1.0,1.0,0.0,0.0,0.0,163.0
2026-07-21 15:59:48.727,30.18,29.87,30.31,29.56,30.56,29.01,928.2,24.6,-40.0,1.0,1.0,0.0,0.0,0.0,163.0
2026-07-21 15:59:48.926,30.12,29.87,30.37,29.62,30.56,29.01,928.2,24.6,-40.0,1.0,1.0,0.0,0.0,0.0,163.0
2026-07-21 15:59:49.126,30.12,29.87,30.37,29.62,30.56,29.01,928.3,24.7,-40.0,1.0,1.0,0.0,0.0,0.0,164.0
2026-07-21 15:59:49.325,30.12,29.87,30.37,29.62,30.56,29.01,928.3,24.7,-40.0,1.0,1.0,0.0,0.0,0.0,164.0
2026-07-21 15:59:49.526,30.12,29.87,30.37,29.62,30.56,29.01,928.3,24.7,-40.0,1.0,1.0,0.0,0.0,0.0,164.0
2026-07-21 15:59:49.726,30.12,29.87,30.37,29.62,30.56,29.02,928.3,24.5,-40.0,1.0,1.0,0.0,0.0,0.0,164.0
2026-07-21 15:59:49.926,30.12,29.87,30.31,29.56,30.5,29.02,928.3,24.5,-40.0,1.0,1.0,0.0,0.0,0.0,164.0
2026-07-21 15:59:50.125,30.12,29.87,30.31,29.56,30.5,29.01,928.2,24.6,-40.0,1.0,1.0,0.0,0.0,0.0,165.0
2026-07-21 15:59:50.326,30.12,29.87,30.31,29.56,30.5,29.01,928.2,24.6,-40.0,1.0,1.0,0.0,0.0,0.0,165.0
2026-07-21 15:59:50.525,30.12,29.87,30.31,29.56,30.5,29.01,928.2,24.6,-40.0,1.0,1.0,0.0,0.0,0.0,165.0
2026-07-21 15:59:50.725,30.12,29.87,30.31,29.56,30.5,29.01,928.2,24.3,-40.0,1.0,1.0,0.0,0.0,0.0,165.0
2026-07-21 15:59:50.926,30.12,29.87,30.31,29.56,30.5,29.01,928.2,24.3,-40.0,1.0,1.0,0.0,0.0,0.0,165.0
2026-07-21 15:59:51.126,30.12,29.87,30.31,29.56,30.5,29.02,928.2,24.2,-40.0,1.0,1.0,0.0,0.0,0.0,166.0
2026-07-21 15:59:51.326,30.12,29.87,30.31,29.56,30.5,29.02,928.2,24.2,-40.0,1.0,1.0,0.0,0.0,0.0,166.0
2026-07-21 15:59:51.560,30.12,29.87,30.31,29.56,30.5,29.02,928.2,24.2,-40.0,1.0,1.0,0.0,0.0,0.0,166.0
2026-07-21 15:59:51.725,30.12,29.87,30.31,29.56,30.5,29.01,928.2,24.6,-40.0,1.0,1.0,0.0,0.0,0.0,166.0
2026-07-21 15:59:51.927,30.12,29.87,30.31,29.56,30.5,29.01,928.2,24.6,-40.0,1.0,1.0,0.0,0.0,0.0,166.0
2026-07-21 15:59:52.126,30.12,29.87,30.31,29.56,30.5,29.02,928.2,24.7,-40.0,1.0,1.0,0.0,0.0,0.0,167.0
2026-07-21 15:59:52.326,30.12,29.87,30.31,29.56,30.5,29.02,928.2,24.7,-40.0,1.0,1.0,0.0,0.0,0.0,167.0
2026-07-21 15:59:52.525,30.12,29.87,30.31,29.56,30.5,29.02,928.2,24.7,-40.0,1.0,1.0,0.0,0.0,0.0,167.0
2026-07-21 15:59:52.725,30.12,29.87,30.31,29.56,30.5,29.01,928.1,24.7,-40.0,1.0,1.0,0.0,0.0,0.0,167.0
2026-07-21 15:59:52.926,30.12,29.87,30.31,29.62,30.5,29.01,928.1,24.7,-40.0,1.0,1.0,0.0,0.0,0.0,167.0
2026-07-21 15:59:53.126,30.12,29.87,30.31,29.62,30.5,28.98,928.2,24.3,-40.0,1.0,1.0,0.0,0.0,0.0,168.0
2026-07-21 15:59:53.326,30.12,29.87,30.31,29.62,30.5,28.98,928.2,24.3,-40.0,1.0,1.0,0.0,0.0,0.0,168.0
2026-07-21 15:59:53.526,30.12,29.87,30.31,29.62,30.5,28.98,928.2,24.3,-40.0,1.0,1.0,0.0,0.0,0.0,168.0
2026-07-21 15:59:53.725,30.12,29.87,30.31,29.62,30.5,29.01,928.2,24.3,-40.0,1.0,1.0,0.0,0.0,0.0,168.0
2026-07-21 15:59:53.925,30.12,29.87,30.37,29.62,30.5,29.01,928.2,24.3,-40.0,1.0,1.0,0.0,0.0,0.0,168.0
2026-07-21 15:59:54.125,30.12,29.87,30.37,29.62,30.5,29.01,928.3,24.4,-40.0,1.0,1.0,0.0,0.0,0.0,169.0
2026-07-21 15:59:54.326,30.12,29.87,30.37,29.62,30.5,29.01,928.3,24.4,-40.0,1.0,1.0,0.0,0.0,0.0,169.0
2026-07-21 15:59:54.525,30.12,29.87,30.37,29.62,30.5,29.01,928.3,24.4,-40.0,1.0,1.0,0.0,0.0,0.0,169.0
2026-07-21 15:59:54.726,30.12,29.87,30.37,29.62,30.5,29.01,928.2,24.5,-40.0,1.0,1.0,0.0,0.0,0.0,169.0
2026-07-21 15:59:54.926,30.12,29.87,30.37,29.62,30.5,29.01,928.2,24.5,-40.0,1.0,1.0,0.0,0.0,0.0,169.0
2026-07-21 15:59:55.126,30.12,29.87,30.37,29.62,30.5,29.01,928.2,24.6,-40.0,1.0,1.0,0.0,0.0,0.0,170.0
2026-07-21 15:59:55.332,30.12,29.87,30.37,29.62,30.5,29.01,928.2,24.6,-40.0,1.0,1.0,0.0,0.0,0.0,170.0
2026-07-21 15:59:55.527,30.12,29.87,30.37,29.62,30.5,29.01,928.2,24.6,-40.0,1.0,1.0,0.0,0.0,0.0,170.0
2026-07-21 15:59:55.725,30.12,29.87,30.37,29.62,30.5,29.01,928.2,24.4,-40.0,1.0,1.0,0.0,0.0,0.0,170.0
2026-07-21 15:59:55.926,30.06,29.87,30.37,29.62,30.43,29.01,928.2,24.4,-40.0,1.0,1.0,0.0,0.0,0.0,170.0
2026-07-21 15:59:56.125,30.06,29.87,30.37,29.62,30.43,29.02,928.2,24.8,-40.0,1.0,1.0,0.0,0.0,0.0,171.0
2026-07-21 15:59:56.325,30.06,29.87,30.37,29.62,30.43,29.02,928.2,24.8,-40.0,1.0,1.0,0.0,0.0,0.0,171.0
2026-07-21 15:59:56.525,30.06,29.87,30.37,29.62,30.43,29.02,928.2,24.8,-40.0,1.0,1.0,0.0,0.0,0.0,171.0
2026-07-21 15:59:56.725,30.06,29.87,30.37,29.62,30.43,29.01,928.2,24.4,-40.0,1.0,1.0,0.0,0.0,0.0,171.0
2026-07-21 15:59:56.925,30.12,29.87,30.37,29.62,30.43,29.01,928.2,24.4,-40.0,1.0,1.0,0.0,0.0,0.0,171.0
2026-07-21 15:59:57.126,30.12,29.87,30.37,29.62,30.43,29.01,928.2,24.7,-40.0,1.0,1.0,0.0,0.0,0.0,172.0
2026-07-21 15:59:57.325,30.12,29.87,30.37,29.62,30.43,29.01,928.2,24.7,-40.0,1.0,1.0,0.0,0.0,0.0,172.0
2026-07-21 15:59:57.525,30.12,29.87,30.37,29.62,30.43,29.01,928.2,24.7,-40.0,1.0,1.0,0.0,0.0,0.0,172.0
2026-07-21 15:59:57.725,30.12,29.87,30.37,29.62,30.43,29.01,928.2,24.6,-40.0,1.0,1.0,0.0,0.0,0.0,172.0
2026-07-21 15:59:57.925,30.06,29.87,30.37,29.62,30.43,29.01,928.2,24.6,-40.0,1.0,1.0,0.0,0.0,0.0,172.0
2026-07-21 15:59:58.125,30.06,29.87,30.37,29.62,30.43,29.02,928.3,24.5,-40.0,1.0,1.0,0.0,0.0,0.0,173.0
2026-07-21 15:59:58.326,30.06,29.87,30.37,29.62,30.43,29.02,928.3,24.5,-40.0,1.0,1.0,0.0,0.0,0.0,173.0
2026-07-21 15:59:58.528,30.06,29.87,30.37,29.62,30.43,29.02,928.3,24.5,-40.0,1.0,1.0,0.0,0.0,0.0,173.0
2026-07-21 15:59:58.726,30.06,29.87,30.37,29.62,30.43,29.02,928.2,24.4,-40.0,1.0,1.0,0.0,0.0,0.0,173.0
2026-07-21 15:59:58.925,30.06,29.87,30.37,29.62,30.43,29.02,928.2,24.4,-40.0,1.0,1.0,0.0,0.0,0.0,173.0
2026-07-21 15:59:59.126,30.06,29.87,30.37,29.62,30.43,29.0,928.2,24.5,-40.0,1.0,1.0,0.0,0.0,0.0,174.0
2026-07-21 15:59:59.326,30.06,29.87,30.37,29.62,30.43,29.0,928.2,24.5,-40.0,1.0,1.0,0.0,0.0,0.0,174.0
2026-07-21 15:59:59.525,30.06,29.87,30.37,29.62,30.43,29.0,928.2,24.5,-40.0,1.0,1.0,0.0,0.0,0.0,174.0
2026-07-21 15:59:59.725,30.06,29.87,30.37,29.62,30.43,29.02,928.3,24.7,-40.0,1.0,1.0,0.0,0.0,0.0,174.0
2026-07-21 15:59:59.925,30.0,29.87,30.31,29.62,30.43,29.02,928.3,24.7,-40.0,1.0,1.0,0.0,0.0,0.0,174.0
2026-07-21 16:00:00.126,30.0,29.87,30.31,29.62,30.43,29.01,928.2,24.4,-40.0,1.0,1.0,0.0,0.0,0.0,175.0
2026-07-21 16:00:00.342,30.0,29.87,30.31,29.62,30.43,29.01,928.2,24.4,-40.0,1.0,1.0,0.0,0.0,0.0,175.0
2026-07-21 16:00:00.525,30.0,29.87,30.31,29.62,30.43,29.01,928.2,24.4,-40.0,1.0,1.0,0.0,0.0,0.0,175.0
2026-07-21 16:00:00.725,30.0,29.87,30.31,29.62,30.43,29.02,928.2,24.7,-40.0,1.0,1.0,0.0,0.0,0.0,175.0
2026-07-21 16:00:00.925,30.06,29.87,30.37,29.62,30.43,29.02,928.2,24.7,-40.0,1.0,1.0,0.0,0.0,0.0,175.0
2026-07-21 16:00:01.126,30.06,29.87,30.37,29.62,30.43,29.02,928.2,24.6,-40.0,1.0,1.0,0.0,0.0,0.0,176.0
2026-07-21 16:00:01.325,30.06,29.87,30.37,29.62,30.43,29.02,928.2,24.6,-40.0,1.0,1.0,0.0,0.0,0.0,176.0
2026-07-21 16:00:01.524,30.06,29.87,30.37,29.62,30.43,29.02,928.2,24.6,-40.0,1.0,1.0,0.0,0.0,0.0,176.0
2026-07-21 16:00:01.726,30.06,29.87,30.37,29.62,30.43,29.02,928.2,24.2,-40.0,1.0,1.0,0.0,0.0,0.0,176.0
2026-07-21 16:00:01.925,30.0,29.87,30.37,29.62,30.43,29.02,928.2,24.2,-40.0,1.0,1.0,0.0,0.0,0.0,176.0
2026-07-21 16:00:02.126,30.0,29.87,30.37,29.62,30.43,29.01,928.2,24.6,-40.0,1.0,1.0,0.0,0.0,0.0,177.0
2026-07-21 16:00:02.325,30.0,29.87,30.37,29.62,30.43,29.01,928.2,24.6,-40.0,1.0,1.0,0.0,0.0,0.0,177.0
2026-07-21 16:00:02.525,30.0,29.87,30.37,29.62,30.43,29.01,928.2,24.6,-40.0,1.0,1.0,0.0,0.0,0.0,177.0
2026-07-21 16:00:02.726,30.0,29.87,30.37,29.62,30.43,29.02,928.2,24.6,-40.0,1.0,1.0,0.0,0.0,0.0,177.0
2026-07-21 16:00:02.925,30.0,29.87,30.37,29.62,30.43,29.02,928.2,24.6,-40.0,1.0,1.0,0.0,0.0,0.0,177.0
2026-07-21 16:00:03.125,30.0,29.87,30.37,29.62,30.43,29.02,928.2,24.7,-40.0,1.0,1.0,0.0,0.0,0.0,178.0
2026-07-21 16:00:03.345,30.0,29.87,30.37,29.62,30.43,29.02,928.2,24.7,-40.0,1.0,1.0,0.0,0.0,0.0,178.0
2026-07-21 16:00:03.526,30.0,29.87,30.37,29.62,30.43,29.02,928.2,24.7,-40.0,1.0,1.0,0.0,0.0,0.0,178.0
2026-07-21 16:00:03.725,30.0,29.87,30.37,29.62,30.43,29.01,928.2,24.7,-40.0,1.0,1.0,0.0,0.0,0.0,178.0
2026-07-21 16:00:03.925,30.0,29.87,30.37,29.62,30.37,29.01,928.2,24.7,-40.0,1.0,1.0,0.0,0.0,0.0,178.0
2026-07-21 16:00:04.125,30.0,29.87,30.37,29.62,30.37,29.02,928.2,24.3,-40.0,1.0,1.0,0.0,0.0,0.0,179.0
2026-07-21 16:00:04.326,30.0,29.87,30.37,29.62,30.37,29.02,928.2,24.3,-40.0,1.0,1.0,0.0,0.0,0.0,179.0
2026-07-21 16:00:04.525,30.0,29.87,30.37,29.62,30.37,29.02,928.2,24.3,-40.0,1.0,1.0,0.0,0.0,0.0,179.0
2026-07-21 16:00:04.725,30.0,29.87,30.37,29.62,30.37,29.01,928.2,24.5,-40.0,1.0,1.0,0.0,0.0,0.0,179.0
2026-07-21 16:00:04.925,30.0,29.81,30.37,29.62,30.37,29.01,928.2,24.5,-40.0,1.0,1.0,0.0,0.0,0.0,179.0
2026-07-21 16:00:05.125,30.0,29.81,30.37,29.62,30.37,29.02,928.3,24.5,-40.0,1.0,1.0,0.0,0.0,0.0,180.0
2026-07-21 16:00:05.325,30.0,29.81,30.37,29.62,30.37,29.02,928.3,24.5,-40.0,1.0,1.0,0.0,0.0,0.0,180.0
2026-07-21 16:00:05.525,30.0,29.81,30.37,29.62,30.37,29.02,928.3,24.5,-40.0,1.0,1.0,0.0,0.0,0.0,180.0
2026-07-21 16:00:05.726,30.0,29.81,30.37,29.62,30.37,29.01,928.3,24.7,-40.0,1.0,1.0,0.0,0.0,0.0,180.0
2026-07-21 16:00:05.927,29.93,29.81,30.37,29.62,30.37,29.01,928.3,24.7,-40.0,1.0,1.0,0.0,0.0,0.0,180.0
2026-07-21 16:00:06.126,29.93,29.81,30.37,29.62,30.37,29.02,928.2,24.5,-40.0,1.0,1.0,0.0,0.0,0.0,181.0
2026-07-21 16:00:06.326,29.93,29.81,30.37,29.62,30.37,29.02,928.2,24.5,-40.0,1.0,1.0,0.0,0.0,0.0,181.0
2026-07-21 16:00:06.525,29.93,29.81,30.37,29.62,30.37,29.02,928.2,24.5,-40.0,1.0,1.0,0.0,0.0,0.0,181.0
2026-07-21 16:00:06.725,29.93,29.81,30.37,29.62,30.37,29.01,928.2,24.8,-40.0,1.0,1.0,0.0,0.0,0.0,181.0
2026-07-21 16:00:06.925,29.93,29.81,30.37,29.62,30.37,29.01,928.2,24.8,-40.0,1.0,1.0,0.0,0.0,0.0,181.0
2026-07-21 16:00:07.126,29.93,29.81,30.37,29.62,30.37,29.02,928.2,24.8,-40.0,1.0,1.0,0.0,0.0,0.0,182.0
2026-07-21 16:00:07.325,29.93,29.81,30.37,29.62,30.37,29.02,928.2,24.8,-40.0,1.0,1.0,0.0,0.0,0.0,182.0
2026-07-21 16:00:07.525,29.93,29.81,30.37,29.62,30.37,29.02,928.2,24.8,-40.0,1.0,1.0,0.0,0.0,0.0,182.0
2026-07-21 16:00:07.725,29.93,29.81,30.37,29.62,30.37,29.02,928.3,24.1,-40.0,1.0,1.0,0.0,0.0,0.0,182.0
2026-07-21 16:00:07.929,29.93,29.87,30.37,29.62,30.37,29.02,928.3,24.1,-40.0,1.0,1.0,0.0,0.0,0.0,182.0
2026-07-21 16:00:08.125,29.93,29.87,30.37,29.62,30.37,29.0,928.2,24.5,-40.0,1.0,1.0,0.0,0.0,0.0,183.0
2026-07-21 16:00:08.339,29.93,29.87,30.37,29.62,30.37,29.0,928.2,24.5,-40.0,1.0,1.0,0.0,0.0,0.0,183.0
2026-07-21 16:00:08.525,29.93,29.87,30.37,29.62,30.37,29.0,928.2,24.5,-40.0,1.0,1.0,0.0,0.0,0.0,183.0
2026-07-21 16:00:08.725,29.93,29.87,30.37,29.62,30.37,29.01,928.3,24.7,-40.0,1.0,1.0,0.0,0.0,0.0,183.0
2026-07-21 16:00:08.926,29.93,29.87,30.37,29.62,30.37,29.01,928.3,24.7,-40.0,1.0,1.0,0.0,0.0,0.0,183.0
2026-07-21 16:00:09.125,29.93,29.87,30.37,29.62,30.37,29.01,928.3,24.6,-40.0,1.0,1.0,0.0,0.0,0.0,184.0
2026-07-21 16:00:09.325,29.93,29.87,30.37,29.62,30.37,29.01,928.3,24.6,-40.0,1.0,1.0,0.0,0.0,0.0,184.0
2026-07-21 16:00:09.525,29.93,29.87,30.37,29.62,30.37,29.01,928.3,24.6,-40.0,1.0,1.0,0.0,0.0,0.0,184.0
2026-07-21 16:00:09.725,29.93,29.87,30.37,29.62,30.37,29.02,928.2,24.4,-40.0,1.0,1.0,0.0,0.0,0.0,184.0
2026-07-21 16:00:09.925,29.93,29.81,30.31,29.62,30.37,29.02,928.2,24.4,-40.0,1.0,1.0,0.0,0.0,0.0,184.0
2026-07-21 16:00:10.125,29.93,29.81,30.31,29.62,30.37,29.01,928.2,24.5,-40.0,1.0,1.0,0.0,0.0,0.0,185.0
2026-07-21 16:00:10.325,29.93,29.81,30.31,29.62,30.37,29.01,928.2,24.5,-40.0,1.0,1.0,0.0,0.0,0.0,185.0
2026-07-21 16:00:10.525,29.93,29.81,30.31,29.62,30.37,29.01,928.2,24.5,-40.0,1.0,1.0,0.0,0.0,0.0,185.0
2026-07-21 16:00:10.725,29.93,29.81,30.31,29.62,30.37,29.02,928.2,24.8,-40.0,1.0,1.0,0.0,0.0,0.0,185.0
2026-07-21 16:00:10.925,29.93,29.87,30.31,29.62,30.31,29.02,928.2,24.8,-40.0,1.0,1.0,0.0,0.0,0.0,185.0
2026-07-21 16:00:11.125,29.93,29.87,30.31,29.62,30.31,29.01,928.3,24.8,-40.0,1.0,1.0,0.0,0.0,0.0,186.0
2026-07-21 16:00:11.325,29.93,29.87,30.31,29.62,30.31,29.01,928.3,24.8,-40.0,1.0,1.0,0.0,0.0,0.0,186.0
2026-07-21 16:00:11.557,29.93,29.87,30.31,29.62,30.31,29.01,928.3,24.8,-40.0,1.0,1.0,0.0,0.0,0.0,186.0
2026-07-21 16:00:11.726,29.93,29.87,30.31,29.62,30.31,29.01,928.2,24.4,-40.0,1.0,1.0,0.0,0.0,0.0,186.0
2026-07-21 16:00:11.925,29.87,29.81,30.31,29.62,30.37,29.01,928.2,24.4,-40.0,1.0,1.0,0.0,0.0,0.0,186.0
2026-07-21 16:00:12.125,29.87,29.81,30.31,29.62,30.37,29.02,928.3,24.5,-40.0,1.0,1.0,0.0,0.0,0.0,187.0
2026-07-21 16:00:12.325,29.87,29.81,30.31,29.62,30.37,29.02,928.3,24.5,-40.0,1.0,1.0,0.0,0.0,0.0,187.0
2026-07-21 16:00:12.526,29.87,29.81,30.31,29.62,30.37,29.02,928.3,24.5,-40.0,1.0,1.0,0.0,0.0,0.0,187.0
2026-07-21 16:00:12.725,29.87,29.81,30.31,29.62,30.37,29.01,928.2,24.9,-40.0,1.0,1.0,0.0,0.0,0.0,187.0
2026-07-21 16:00:12.924,29.87,29.81,30.31,29.62,30.31,29.01,928.2,24.9,-40.0,1.0,1.0,0.0,0.0,0.0,187.0
2026-07-21 16:00:13.125,29.87,29.81,30.31,29.62,30.31,29.02,928.3,24.6,-40.0,1.0,1.0,0.0,0.0,0.0,188.0
2026-07-21 16:00:13.325,29.87,29.81,30.31,29.62,30.31,29.02,928.3,24.6,-40.0,1.0,1.0,0.0,0.0,0.0,188.0
2026-07-21 16:00:13.525,29.87,29.81,30.31,29.62,30.31,29.02,928.3,24.6,-40.0,1.0,1.0,0.0,0.0,0.0,188.0
2026-07-21 16:00:13.725,29.87,29.81,30.31,29.62,30.31,29.02,928.2,24.6,-40.0,1.0,1.0,0.0,0.0,0.0,188.0
2026-07-21 16:00:13.925,29.87,29.81,30.37,29.62,30.31,29.02,928.2,24.6,-40.0,1.0,1.0,0.0,0.0,0.0,188.0
2026-07-21 16:00:14.126,29.87,29.81,30.37,29.62,30.31,29.02,928.2,24.9,-40.0,1.0,1.0,0.0,0.0,0.0,189.0
2026-07-21 16:00:14.325,29.87,29.81,30.37,29.62,30.31,29.02,928.2,24.9,-40.0,1.0,1.0,0.0,0.0,0.0,189.0
2026-07-21 16:00:14.525,29.87,29.81,30.37,29.62,30.31,29.02,928.2,24.9,-40.0,1.0,1.0,0.0,0.0,0.0,189.0
2026-07-21 16:00:14.728,29.87,29.81,30.37,29.62,30.31,29.01,928.2,24.5,-40.0,1.0,1.0,0.0,0.0,0.0,189.0
2026-07-21 16:00:14.925,29.87,29.81,30.31,29.62,30.37,29.01,928.2,24.5,-40.0,1.0,1.0,0.0,0.0,0.0,189.0
2026-07-21 16:00:15.124,29.87,29.81,30.31,29.62,30.37,29.02,928.3,24.8,-40.0,1.0,1.0,0.0,0.0,0.0,190.0
2026-07-21 16:00:15.325,29.87,29.81,30.31,29.62,30.37,29.02,928.3,24.8,-40.0,1.0,1.0,0.0,0.0,0.0,190.0
2026-07-21 16:00:15.525,29.87,29.81,30.31,29.62,30.37,29.02,928.3,24.8,-40.0,1.0,1.0,0.0,0.0,0.0,190.0
2026-07-21 16:00:15.725,29.87,29.81,30.31,29.62,30.37,29.01,928.2,24.4,-40.0,1.0,1.0,0.0,0.0,0.0,190.0
2026-07-21 16:00:15.925,29.87,29.81,30.37,29.62,30.31,29.01,928.2,24.4,-40.0,1.0,1.0,0.0,0.0,0.0,190.0
2026-07-21 16:00:16.125,29.87,29.81,30.37,29.62,30.31,29.02,928.2,24.7,-40.0,1.0,1.0,0.0,0.0,0.0,191.0
2026-07-21 16:00:16.325,29.87,29.81,30.37,29.62,30.31,29.02,928.2,24.7,-40.0,1.0,1.0,0.0,0.0,0.0,191.0
2026-07-21 16:00:16.524,29.87,29.81,30.37,29.62,30.31,29.02,928.2,24.7,-40.0,1.0,1.0,0.0,0.0,0.0,191.0
2026-07-21 16:00:16.725,29.87,29.81,30.37,29.62,30.31,29.02,928.3,24.6,-40.0,1.0,1.0,0.0,0.0,0.0,191.0
2026-07-21 16:00:16.925,29.81,29.81,30.31,29.62,30.31,29.02,928.3,24.6,-40.0,1.0,1.0,0.0,0.0,0.0,191.0
2026-07-21 16:00:17.125,29.81,29.81,30.31,29.62,30.31,29.02,928.2,24.8,-40.0,1.0,1.0,0.0,0.0,0.0,192.0
2026-07-21 16:00:17.335,29.81,29.81,30.31,29.62,30.31,29.02,928.2,24.8,-40.0,1.0,1.0,0.0,0.0,0.0,192.0
2026-07-21 16:00:17.525,29.81,29.81,30.31,29.62,30.31,29.02,928.2,24.8,-40.0,1.0,1.0,0.0,0.0,0.0,192.0
2026-07-21 16:00:17.725,29.81,29.81,30.31,29.62,30.31,29.02,928.2,24.6,-40.0,1.0,1.0,0.0,0.0,0.0,192.0
2026-07-21 16:00:17.924,29.81,29.81,30.31,29.62,30.31,29.02,928.2,24.6,-40.0,1.0,1.0,0.0,0.0,0.0,192.0
2026-07-21 16:00:18.125,29.81,29.81,30.31,29.62,30.31,29.02,928.3,24.9,-40.0,1.0,1.0,0.0,0.0,0.0,193.0
2026-07-21 16:00:18.325,29.81,29.81,30.31,29.62,30.31,29.02,928.3,24.9,-40.0,1.0,1.0,0.0,0.0,0.0,193.0
2026-07-21 16:00:18.525,29.81,29.81,30.31,29.62,30.31,29.02,928.3,24.9,-40.0,1.0,1.0,0.0,0.0,0.0,193.0
2026-07-21 16:00:18.725,29.81,29.81,30.31,29.62,30.31,29.02,928.2,24.7,-40.0,1.0,1.0,0.0,0.0,0.0,193.0
2026-07-21 16:00:18.925,29.81,29.75,30.31,29.62,30.31,29.02,928.2,24.7,-40.0,1.0,1.0,0.0,0.0,0.0,193.0
2026-07-21 16:00:19.125,29.81,29.75,30.31,29.62,30.31,29.02,928.2,24.6,-40.0,1.0,1.0,0.0,0.0,0.0,194.0
2026-07-21 16:00:19.325,29.81,29.75,30.31,29.62,30.31,29.02,928.2,24.6,-40.0,1.0,1.0,0.0,0.0,0.0,194.0
2026-07-21 16:00:19.525,29.81,29.75,30.31,29.62,30.31,29.02,928.2,24.6,-40.0,1.0,1.0,0.0,0.0,0.0,194.0
2026-07-21 16:00:19.725,29.81,29.75,30.31,29.62,30.31,29.01,928.2,24.6,-40.0,1.0,1.0,0.0,0.0,0.0,194.0
2026-07-21 16:00:19.925,29.75,29.81,30.31,29.56,30.25,29.01,928.2,24.6,-40.0,1.0,1.0,0.0,0.0,0.0,194.0
2026-07-21 16:00:20.125,29.75,29.81,30.31,29.56,30.25,29.02,928.2,25.1,-40.0,1.0,1.0,0.0,0.0,0.0,195.0
2026-07-21 16:00:20.324,29.75,29.81,30.31,29.56,30.25,29.02,928.2,25.1,-40.0,1.0,1.0,0.0,0.0,0.0,195.0
2026-07-21 16:00:20.524,29.75,29.81,30.31,29.56,30.25,29.02,928.2,25.1,-40.0,1.0,1.0,0.0,0.0,0.0,195.0
2026-07-21 16:00:20.725,29.75,29.81,30.31,29.56,30.25,29.02,928.2,24.2,-40.0,1.0,1.0,0.0,0.0,0.0,195.0
2026-07-21 16:00:20.924,29.81,29.81,30.37,29.62,30.31,29.02,928.2,24.2,-40.0,1.0,1.0,0.0,0.0,0.0,195.0
2026-07-21 16:00:21.124,29.81,29.81,30.37,29.62,30.31,29.02,928.2,24.6,-40.0,1.0,1.0,0.0,0.0,0.0,196.0
2026-07-21 16:00:21.327,29.81,29.81,30.37,29.62,30.31,29.02,928.2,24.6,-40.0,1.0,1.0,0.0,0.0,0.0,196.0
2026-07-21 16:00:21.524,29.81,29.81,30.37,29.62,30.31,29.02,928.2,24.6,-40.0,1.0,1.0,0.0,0.0,0.0,196.0
2026-07-21 16:00:21.725,29.81,29.81,30.37,29.62,30.31,29.01,928.3,24.9,-40.0,1.0,1.0,0.0,0.0,0.0,196.0
2026-07-21 16:00:21.925,29.75,29.81,30.31,29.62,30.31,29.01,928.3,24.9,-40.0,1.0,1.0,0.0,0.0,0.0,196.0
2026-07-21 16:00:22.124,29.75,29.81,30.31,29.62,30.31,29.01,928.2,24.6,-40.0,1.0,1.0,0.0,0.0,0.0,197.0
2026-07-21 16:00:22.330,29.75,29.81,30.31,29.62,30.31,29.01,928.2,24.6,-40.0,1.0,1.0,0.0,0.0,0.0,197.0
2026-07-21 16:00:22.524,29.75,29.81,30.31,29.62,30.31,29.01,928.2,24.6,-40.0,1.0,1.0,0.0,0.0,0.0,197.0
2026-07-21 16:00:22.724,29.75,29.81,30.31,29.62,30.31,29.02,928.2,24.8,-40.0,1.0,1.0,0.0,0.0,0.0,197.0
2026-07-21 16:00:22.924,29.75,29.81,30.37,29.62,30.25,29.02,928.2,24.8,-40.0,1.0,1.0,0.0,0.0,0.0,197.0
2026-07-21 16:00:23.125,29.75,29.81,30.37,29.62,30.25,29.01,928.2,24.4,-40.0,1.0,1.0,0.0,0.0,0.0,198.0
2026-07-21 16:00:23.336,29.75,29.81,30.37,29.62,30.25,29.01,928.2,24.4,-40.0,1.0,1.0,0.0,0.0,0.0,198.0
2026-07-21 16:00:23.525,29.75,29.81,30.37,29.62,30.25,29.01,928.2,24.4,-40.0,1.0,1.0,0.0,0.0,0.0,198.0
2026-07-21 16:00:23.724,29.75,29.81,30.37,29.62,30.25,29.01,928.2,24.8,-40.0,1.0,1.0,0.0,0.0,0.0,198.0
2026-07-21 16:00:23.925,29.75,29.81,30.31,29.62,30.25,29.01,928.2,24.8,-40.0,1.0,1.0,0.0,0.0,0.0,198.0
2026-07-21 16:00:24.124,29.75,29.81,30.31,29.62,30.25,29.01,928.3,24.6,-40.0,1.0,1.0,0.0,0.0,0.0,199.0
2026-07-21 16:00:24.330,29.75,29.81,30.31,29.62,30.25,29.01,928.3,24.6,-40.0,1.0,1.0,0.0,0.0,0.0,199.0
2026-07-21 16:00:24.524,29.75,29.81,30.31,29.62,30.25,29.01,928.3,24.6,-40.0,1.0,1.0,0.0,0.0,0.0,199.0
2026-07-21 16:00:24.725,29.75,29.81,30.31,29.62,30.25,29.02,928.2,24.6,-40.0,1.0,1.0,0.0,0.0,0.0,199.0
2026-07-21 16:00:24.924,29.75,29.87,30.31,29.62,30.25,29.02,928.2,24.6,-40.0,1.0,1.0,0.0,0.0,0.0,199.0
2026-07-21 16:00:25.125,29.75,29.87,30.31,29.62,30.25,29.01,928.2,24.7,-40.0,1.0,1.0,0.0,0.0,0.0,200.0
2026-07-21 16:00:25.328,29.75,29.87,30.31,29.62,30.25,29.01,928.2,24.7,-40.0,1.0,1.0,0.0,0.0,0.0,200.0
2026-07-21 16:00:25.524,29.75,29.87,30.31,29.62,30.25,29.01,928.2,24.7,-40.0,1.0,1.0,0.0,0.0,0.0,200.0
2026-07-21 16:00:25.725,29.75,29.87,30.31,29.62,30.25,29.01,928.2,24.8,-40.0,1.0,1.0,0.0,0.0,0.0,200.0
2026-07-21 16:00:25.924,29.68,29.81,30.31,29.62,30.25,29.01,928.2,24.8,-40.0,1.0,1.0,0.0,0.0,0.0,200.0
2026-07-21 16:00:26.125,29.68,29.81,30.31,29.62,30.25,29.01,928.2,24.5,-40.0,1.0,1.0,0.0,0.0,0.0,201.0
2026-07-21 16:00:26.336,29.68,29.81,30.31,29.62,30.25,29.01,928.2,24.5,-40.0,1.0,1.0,0.0,0.0,0.0,201.0
2026-07-21 16:00:26.524,29.68,29.81,30.31,29.62,30.25,29.01,928.2,24.5,-40.0,1.0,1.0,0.0,0.0,0.0,201.0
2026-07-21 16:00:26.725,29.68,29.81,30.31,29.62,30.25,29.02,928.2,24.7,-40.0,1.0,1.0,0.0,0.0,0.0,201.0
2026-07-21 16:00:26.924,29.68,29.81,30.31,29.62,30.25,29.02,928.2,24.7,-40.0,1.0,1.0,0.0,0.0,0.0,201.0
2026-07-21 16:00:27.125,29.68,29.81,30.31,29.62,30.25,29.01,928.2,24.6,-40.0,1.0,1.0,0.0,0.0,0.0,202.0
2026-07-21 16:00:27.339,29.68,29.81,30.31,29.62,30.25,29.01,928.2,24.6,-40.0,1.0,1.0,0.0,0.0,0.0,202.0
2026-07-21 16:00:27.525,29.68,29.81,30.31,29.62,30.25,29.01,928.2,24.6,-40.0,1.0,1.0,0.0,0.0,0.0,202.0
2026-07-21 16:00:27.725,29.68,29.81,30.31,29.62,30.25,29.01,928.2,24.5,-40.0,1.0,1.0,0.0,0.0,0.0,202.0
2026-07-21 16:00:27.925,29.68,29.81,30.31,29.62,30.25,29.01,928.2,24.5,-40.0,1.0,1.0,0.0,0.0,0.0,202.0
2026-07-21 16:00:28.125,29.68,29.81,30.31,29.62,30.25,29.02,928.3,24.7,-40.0,1.0,1.0,0.0,0.0,0.0,203.0
2026-07-21 16:00:28.325,29.68,29.81,30.31,29.62,30.25,29.02,928.3,24.7,-40.0,1.0,1.0,0.0,0.0,0.0,203.0
2026-07-21 16:00:28.524,29.68,29.81,30.31,29.62,30.25,29.02,928.3,24.7,-40.0,1.0,1.0,0.0,0.0,0.0,203.0
2026-07-21 16:00:28.724,29.68,29.81,30.31,29.62,30.25,29.02,928.2,24.8,-40.0,1.0,1.0,0.0,0.0,0.0,203.0
2026-07-21 16:00:28.924,29.68,29.81,30.31,29.62,30.25,29.02,928.2,24.8,-40.0,1.0,1.0,0.0,0.0,0.0,203.0
2026-07-21 16:00:29.125,29.68,29.81,30.31,29.62,30.25,29.02,928.2,24.5,-40.0,1.0,1.0,0.0,0.0,0.0,204.0
2026-07-21 16:00:29.325,29.68,29.81,30.31,29.62,30.25,29.02,928.2,24.5,-40.0,1.0,1.0,0.0,0.0,0.0,204.0
2026-07-21 16:00:29.524,29.68,29.81,30.31,29.62,30.25,29.02,928.2,24.5,-40.0,1.0,1.0,0.0,0.0,0.0,204.0
2026-07-21 16:00:29.725,29.68,29.81,30.31,29.62,30.25,29.01,928.2,24.3,-40.0,1.0,1.0,0.0,0.0,0.0,204.0
2026-07-21 16:00:29.925,29.62,29.81,30.31,29.62,30.25,29.01,928.2,24.3,-40.0,1.0,1.0,0.0,0.0,0.0,204.0
2026-07-21 16:00:30.125,29.62,29.81,30.31,29.62,30.25,29.0,928.2,24.4,-40.0,1.0,1.0,0.0,0.0,0.0,205.0
2026-07-21 16:00:30.324,29.62,29.81,30.31,29.62,30.25,29.0,928.2,24.4,-40.0,1.0,1.0,0.0,0.0,0.0,205.0
2026-07-21 16:00:30.524,29.62,29.81,30.31,29.62,30.25,29.0,928.2,24.4,-40.0,1.0,1.0,0.0,0.0,0.0,205.0
2026-07-21 16:00:30.724,29.62,29.81,30.31,29.62,30.25,29.01,928.3,24.5,-40.0,1.0,1.0,0.0,0.0,0.0,205.0
2026-07-21 16:00:30.924,29.62,29.81,30.31,29.62,30.18,29.01,928.3,24.5,-40.0,1.0,1.0,0.0,0.0,0.0,205.0
2026-07-21 16:00:31.125,29.62,29.81,30.31,29.62,30.18,29.02,928.2,24.5,-40.0,1.0,1.0,0.0,0.0,0.0,206.0
2026-07-21 16:00:31.325,29.62,29.81,30.31,29.62,30.18,29.02,928.2,24.5,-40.0,1.0,1.0,0.0,0.0,0.0,206.0
2026-07-21 16:00:31.524,29.62,29.81,30.31,29.62,30.18,29.02,928.2,24.5,-40.0,1.0,1.0,0.0,0.0,0.0,206.0
2026-07-21 16:00:31.725,29.62,29.81,30.31,29.62,30.18,29.01,928.2,24.4,-40.0,1.0,1.0,0.0,0.0,0.0,206.0
2026-07-21 16:00:31.924,29.62,29.81,30.37,29.62,30.25,29.01,928.2,24.4,-40.0,1.0,1.0,0.0,0.0,0.0,206.0
2026-07-21 16:00:32.124,29.62,29.81,30.37,29.62,30.25,29.02,928.2,24.8,-40.0,1.0,1.0,0.0,0.0,0.0,207.0
2026-07-21 16:00:32.325,29.62,29.81,30.37,29.62,30.25,29.02,928.2,24.8,-40.0,1.0,1.0,0.0,0.0,0.0,207.0
2026-07-21 16:00:32.524,29.62,29.81,30.37,29.62,30.25,29.02,928.2,24.8,-40.0,1.0,1.0,0.0,0.0,0.0,207.0
2026-07-21 16:00:32.725,29.62,29.81,30.37,29.62,30.25,29.01,928.2,24.5,-40.0,1.0,1.0,0.0,0.0,0.0,207.0
2026-07-21 16:00:32.924,29.62,29.81,30.31,29.62,30.18,29.01,928.2,24.5,-40.0,1.0,1.0,0.0,0.0,0.0,207.0
2026-07-21 16:00:33.124,29.62,29.81,30.31,29.62,30.18,29.02,928.3,24.4,-40.0,1.0,1.0,0.0,0.0,0.0,208.0
2026-07-21 16:00:33.325,29.62,29.81,30.31,29.62,30.18,29.02,928.3,24.4,-40.0,1.0,1.0,0.0,0.0,0.0,208.0
2026-07-21 16:00:33.524,29.62,29.81,30.31,29.62,30.18,29.02,928.3,24.4,-40.0,1.0,1.0,0.0,0.0,0.0,208.0
2026-07-21 16:00:33.724,29.62,29.81,30.31,29.62,30.18,29.01,928.2,24.4,-40.0,1.0,1.0,0.0,0.0,0.0,208.0
2026-07-21 16:00:33.925,29.62,29.81,30.31,29.62,30.25,29.01,928.2,24.4,-40.0,1.0,1.0,0.0,0.0,0.0,208.0
2026-07-21 16:00:34.125,29.62,29.81,30.31,29.62,30.25,29.01,928.3,24.9,-40.0,1.0,1.0,0.0,0.0,0.0,209.0
2026-07-21 16:00:34.324,29.62,29.81,30.31,29.62,30.25,29.01,928.3,24.9,-40.0,1.0,1.0,0.0,0.0,0.0,209.0
2026-07-21 16:00:34.524,29.62,29.81,30.31,29.62,30.25,29.01,928.3,24.9,-40.0,1.0,1.0,0.0,0.0,0.0,209.0
2026-07-21 16:00:34.724,29.62,29.81,30.31,29.62,30.25,29.02,928.3,24.2,-40.0,1.0,1.0,0.0,0.0,0.0,209.0
2026-07-21 16:00:34.924,29.62,29.81,30.31,29.62,30.25,29.02,928.3,24.2,-40.0,1.0,1.0,0.0,0.0,0.0,209.0
2026-07-21 16:00:35.124,29.62,29.81,30.31,29.62,30.25,29.02,928.2,24.5,-40.0,1.0,1.0,0.0,0.0,0.0,210.0
2026-07-21 16:00:35.324,29.62,29.81,30.31,29.62,30.25,29.02,928.2,24.5,-40.0,1.0,1.0,0.0,0.0,0.0,210.0
2026-07-21 16:00:35.524,29.62,29.81,30.31,29.62,30.25,29.02,928.2,24.5,-40.0,1.0,1.0,0.0,0.0,0.0,210.0
2026-07-21 16:00:35.724,29.62,29.81,30.31,29.62,30.25,29.02,928.2,24.5,-40.0,1.0,1.0,0.0,0.0,0.0,210.0
2026-07-21 16:00:35.924,29.62,29.75,30.31,29.62,30.18,29.02,928.2,24.5,-40.0,1.0,1.0,0.0,0.0,0.0,210.0
2026-07-21 16:00:36.124,29.62,29.75,30.31,29.62,30.18,29.01,928.2,24.1,-40.0,1.0,1.0,0.0,0.0,0.0,211.0
2026-07-21 16:00:36.324,29.62,29.75,30.31,29.62,30.18,29.01,928.2,24.1,-40.0,1.0,1.0,0.0,0.0,0.0,211.0
2026-07-21 16:00:36.524,29.62,29.75,30.31,29.62,30.18,29.01,928.2,24.1,-40.0,1.0,1.0,0.0,0.0,0.0,211.0
2026-07-21 16:00:36.725,29.62,29.75,30.31,29.62,30.18,29.02,928.2,24.4,-40.0,1.0,1.0,0.0,0.0,0.0,211.0
2026-07-21 16:00:36.925,29.62,29.81,30.37,29.62,30.18,29.02,928.2,24.4,-40.0,1.0,1.0,0.0,0.0,0.0,211.0
2026-07-21 16:00:37.124,29.62,29.81,30.37,29.62,30.18,29.02,928.2,24.5,-40.0,1.0,1.0,0.0,0.0,0.0,212.0
2026-07-21 16:00:37.325,29.62,29.81,30.37,29.62,30.18,29.02,928.2,24.5,-40.0,1.0,1.0,0.0,0.0,0.0,212.0
2026-07-21 16:00:37.524,29.62,29.81,30.37,29.62,30.18,29.02,928.2,24.5,-40.0,1.0,1.0,0.0,0.0,0.0,212.0
2026-07-21 16:00:37.724,29.62,29.81,30.37,29.62,30.18,29.02,928.2,24.7,-40.0,1.0,1.0,0.0,0.0,0.0,212.0
2026-07-21 16:00:37.924,29.62,29.75,30.31,29.62,30.18,29.02,928.2,24.7,-40.0,1.0,1.0,0.0,0.0,0.0,212.0
2026-07-21 16:00:38.124,29.62,29.75,30.31,29.62,30.18,29.02,928.2,24.4,-40.0,1.0,1.0,0.0,0.0,0.0,213.0
2026-07-21 16:00:38.337,29.62,29.75,30.31,29.62,30.18,29.02,928.2,24.4,-40.0,1.0,1.0,0.0,0.0,0.0,213.0
2026-07-21 16:00:38.524,29.62,29.75,30.31,29.62,30.18,29.02,928.2,24.4,-40.0,1.0,1.0,0.0,0.0,0.0,213.0
2026-07-21 16:00:38.725,29.62,29.75,30.31,29.62,30.18,29.01,928.2,24.8,-40.0,1.0,1.0,0.0,0.0,0.0,213.0
2026-07-21 16:00:38.924,29.56,29.81,30.31,29.62,30.18,29.01,928.2,24.8,-40.0,1.0,1.0,0.0,0.0,0.0,213.0
2026-07-21 16:00:39.124,29.56,29.81,30.31,29.62,30.18,29.01,928.2,24.6,-40.0,1.0,1.0,0.0,0.0,0.0,214.0
2026-07-21 16:00:39.325,29.56,29.81,30.31,29.62,30.18,29.01,928.2,24.6,-40.0,1.0,1.0,0.0,0.0,0.0,214.0
2026-07-21 16:00:39.524,29.56,29.81,30.31,29.62,30.18,29.01,928.2,24.6,-40.0,1.0,1.0,0.0,0.0,0.0,214.0
2026-07-21 16:00:39.724,29.56,29.81,30.31,29.62,30.18,29.01,928.2,24.5,-40.0,1.0,1.0,0.0,0.0,0.0,214.0
2026-07-21 16:00:39.924,29.56,29.81,30.31,29.62,30.18,29.01,928.2,24.5,-40.0,1.0,1.0,0.0,0.0,0.0,214.0
2026-07-21 16:00:40.124,29.56,29.81,30.31,29.62,30.18,29.0,928.2,24.4,-40.0,1.0,1.0,0.0,0.0,0.0,215.0
2026-07-21 16:00:40.324,29.56,29.81,30.31,29.62,30.18,29.0,928.2,24.4,-40.0,1.0,1.0,0.0,0.0,0.0,215.0
2026-07-21 16:00:40.524,29.56,29.81,30.31,29.62,30.18,29.0,928.2,24.4,-40.0,1.0,1.0,0.0,0.0,0.0,215.0
2026-07-21 16:00:40.724,29.56,29.81,30.31,29.62,30.18,29.01,928.2,24.7,-40.0,1.0,1.0,0.0,0.0,0.0,215.0
2026-07-21 16:00:40.924,29.56,29.75,30.31,29.62,30.18,29.01,928.2,24.7,-40.0,1.0,1.0,0.0,0.0,0.0,215.0
2026-07-21 16:00:41.124,29.56,29.75,30.31,29.62,30.18,29.02,928.2,24.5,-40.0,1.0,1.0,0.0,0.0,0.0,216.0
2026-07-21 16:00:41.338,29.56,29.75,30.31,29.62,30.18,29.02,928.2,24.5,-40.0,1.0,1.0,0.0,0.0,0.0,216.0
2026-07-21 16:00:41.524,29.56,29.75,30.31,29.62,30.18,29.02,928.2,24.5,-40.0,1.0,1.0,0.0,0.0,0.0,216.0
2026-07-21 16:00:41.724,29.56,29.75,30.31,29.62,30.18,29.0,928.2,24.4,-40.0,1.0,1.0,0.0,0.0,0.0,216.0
2026-07-21 16:00:41.924,29.56,29.81,30.31,29.62,30.18,29.0,928.2,24.4,-40.0,1.0,1.0,0.0,0.0,0.0,216.0
2026-07-21 16:00:42.124,29.56,29.81,30.31,29.62,30.18,29.01,928.2,24.4,-40.0,1.0,1.0,0.0,0.0,0.0,217.0
2026-07-21 16:00:42.324,29.56,29.81,30.31,29.62,30.18,29.01,928.2,24.4,-40.0,1.0,1.0,0.0,0.0,0.0,217.0
2026-07-21 16:00:42.524,29.56,29.81,30.31,29.62,30.18,29.01,928.2,24.4,-40.0,1.0,1.0,0.0,0.0,0.0,217.0
2026-07-21 16:00:42.724,29.56,29.81,30.31,29.62,30.18,29.01,928.2,24.4,-40.0,1.0,1.0,0.0,0.0,0.0,217.0
2026-07-21 16:00:42.924,29.56,29.81,30.31,29.62,30.18,29.01,928.2,24.4,-40.0,1.0,1.0,0.0,0.0,0.0,217.0
2026-07-21 16:00:43.125,29.56,29.81,30.31,29.62,30.18,29.0,928.1,24.7,-40.0,1.0,1.0,0.0,0.0,0.0,218.0
2026-07-21 16:00:43.324,29.56,29.81,30.31,29.62,30.18,29.0,928.1,24.7,-40.0,1.0,1.0,0.0,0.0,0.0,218.0
2026-07-21 16:00:43.524,29.56,29.81,30.31,29.62,30.18,29.0,928.1,24.7,-40.0,1.0,1.0,0.0,0.0,0.0,218.0
2026-07-21 16:00:43.724,29.56,29.81,30.31,29.62,30.18,29.01,928.2,24.6,-40.0,1.0,1.0,0.0,0.0,0.0,218.0
2026-07-21 16:00:43.924,29.56,29.75,30.31,29.62,30.18,29.01,928.2,24.6,-40.0,1.0,1.0,0.0,0.0,0.0,218.0
2026-07-21 16:00:44.124,29.56,29.75,30.31,29.62,30.18,29.0,928.2,24.6,-40.0,1.0,1.0,0.0,0.0,0.0,219.0
2026-07-21 16:00:44.324,29.56,29.75,30.31,29.62,30.18,29.0,928.2,24.6,-40.0,1.0,1.0,0.0,0.0,0.0,219.0
2026-07-21 16:00:44.523,29.56,29.75,30.31,29.62,30.18,29.0,928.2,24.6,-40.0,1.0,1.0,0.0,0.0,0.0,219.0
2026-07-21 16:00:44.725,29.56,29.75,30.31,29.62,30.18,29.02,928.2,24.6,-40.0,1.0,1.0,0.0,0.0,0.0,219.0
2026-07-21 16:00:44.924,29.56,29.81,30.31,29.62,30.18,29.02,928.2,24.6,-40.0,1.0,1.0,0.0,0.0,0.0,219.0
2026-07-21 16:00:45.124,29.56,29.81,30.31,29.62,30.18,29.01,928.2,24.4,-40.0,1.0,1.0,0.0,0.0,0.0,220.0
2026-07-21 16:00:45.324,29.56,29.81,30.31,29.62,30.18,29.01,928.2,24.4,-40.0,1.0,1.0,0.0,0.0,0.0,220.0
2026-07-21 16:00:45.524,29.56,29.81,30.31,29.62,30.18,29.01,928.2,24.4,-40.0,1.0,1.0,0.0,0.0,0.0,220.0
2026-07-21 16:00:45.724,29.56,29.81,30.31,29.62,30.18,29.01,928.2,24.6,-40.0,1.0,1.0,0.0,0.0,0.0,220.0
2026-07-21 16:00:45.924,29.56,29.81,30.31,29.62,30.18,29.01,928.2,24.6,-40.0,1.0,1.0,0.0,0.0,0.0,220.0
2026-07-21 16:00:46.124,29.56,29.81,30.31,29.62,30.18,29.01,928.2,24.4,-40.0,1.0,1.0,0.0,0.0,0.0,221.0
2026-07-21 16:00:46.324,29.56,29.81,30.31,29.62,30.18,29.01,928.2,24.4,-40.0,1.0,1.0,0.0,0.0,0.0,221.0
2026-07-21 16:00:46.525,29.56,29.81,30.31,29.62,30.18,29.01,928.2,24.4,-40.0,1.0,1.0,0.0,0.0,0.0,221.0
2026-07-21 16:00:46.724,29.56,29.81,30.31,29.62,30.18,29.01,928.2,24.5,-40.0,1.0,1.0,0.0,0.0,0.0,221.0
2026-07-21 16:00:46.924,29.56,29.81,30.31,29.62,30.18,29.01,928.2,24.5,-40.0,1.0,1.0,0.0,0.0,0.0,221.0
2026-07-21 16:00:47.124,29.56,29.81,30.31,29.62,30.18,29.0,928.2,24.4,-40.0,1.0,1.0,0.0,0.0,0.0,222.0
2026-07-21 16:00:47.324,29.56,29.81,30.31,29.62,30.18,29.0,928.2,24.4,-40.0,1.0,1.0,0.0,0.0,0.0,222.0
2026-07-21 16:00:47.524,29.56,29.81,30.31,29.62,30.18,29.0,928.2,24.4,-40.0,1.0,1.0,0.0,0.0,0.0,222.0
2026-07-21 16:00:47.724,29.56,29.81,30.31,29.62,30.18,29.01,928.1,24.5,-40.0,1.0,1.0,0.0,0.0,0.0,222.0
2026-07-21 16:00:47.924,29.56,29.81,30.31,29.62,30.18,29.01,928.1,24.5,-40.0,1.0,1.0,0.0,0.0,0.0,222.0
2026-07-21 16:00:48.124,29.56,29.81,30.31,29.62,30.18,28.98,928.2,24.3,-40.0,1.0,1.0,0.0,0.0,0.0,223.0
2026-07-21 16:00:48.324,29.56,29.81,30.31,29.62,30.18,28.98,928.2,24.3,-40.0,1.0,1.0,0.0,0.0,0.0,223.0
2026-07-21 16:00:48.523,29.56,29.81,30.31,29.62,30.18,28.98,928.2,24.3,-40.0,1.0,1.0,0.0,0.0,0.0,223.0
2026-07-21 16:00:48.724,29.56,29.81,30.31,29.62,30.18,29.0,928.1,24.4,-40.0,1.0,1.0,0.0,0.0,0.0,223.0
2026-07-21 16:00:48.924,29.56,29.75,30.31,29.62,30.12,29.0,928.1,24.4,-40.0,1.0,1.0,0.0,0.0,0.0,223.0
2026-07-21 16:00:49.124,29.56,29.75,30.31,29.62,30.12,29.01,928.2,24.3,-40.0,1.0,1.0,0.0,0.0,0.0,224.0
2026-07-21 16:00:49.324,29.56,29.75,30.31,29.62,30.12,29.01,928.2,24.3,-40.0,1.0,1.0,0.0,0.0,0.0,224.0
2026-07-21 16:00:49.524,29.56,29.75,30.31,29.62,30.12,29.01,928.2,24.3,-40.0,1.0,1.0,0.0,0.0,0.0,224.0
2026-07-21 16:00:49.724,29.56,29.75,30.31,29.62,30.12,28.98,928.2,24.5,-40.0,1.0,1.0,0.0,0.0,0.0,224.0
2026-07-21 16:00:49.924,29.56,29.81,30.31,29.62,30.12,28.98,928.2,24.5,-40.0,1.0,1.0,0.0,0.0,0.0,224.0
2026-07-21 16:00:50.124,29.56,29.81,30.31,29.62,30.12,29.0,928.2,24.8,-40.0,1.0,1.0,0.0,0.0,0.0,225.0
2026-07-21 16:00:50.323,29.56,29.81,30.31,29.62,30.12,29.0,928.2,24.8,-40.0,1.0,1.0,0.0,0.0,0.0,225.0
2026-07-21 16:00:50.524,29.56,29.81,30.31,29.62,30.12,29.0,928.2,24.8,-40.0,1.0,1.0,0.0,0.0,0.0,225.0
2026-07-21 16:00:50.725,29.56,29.81,30.31,29.62,30.12,29.01,928.2,24.7,-40.0,1.0,1.0,0.0,0.0,0.0,225.0
2026-07-21 16:00:50.924,29.5,29.81,30.31,29.62,30.12,29.01,928.2,24.7,-40.0,1.0,1.0,0.0,0.0,0.0,225.0
2026-07-21 16:00:51.124,29.5,29.81,30.31,29.62,30.12,28.98,928.2,24.6,-40.0,1.0,1.0,0.0,0.0,0.0,226.0
2026-07-21 16:00:51.325,29.5,29.81,30.31,29.62,30.12,28.98,928.2,24.6,-40.0,1.0,1.0,0.0,0.0,0.0,226.0
2026-07-21 16:00:51.524,29.5,29.81,30.31,29.62,30.12,28.98,928.2,24.6,-40.0,1.0,1.0,0.0,0.0,0.0,226.0
2026-07-21 16:00:51.724,29.5,29.81,30.31,29.62,30.12,28.98,928.2,24.3,-40.0,1.0,1.0,0.0,0.0,0.0,226.0
2026-07-21 16:00:51.923,29.56,29.75,30.31,29.62,30.12,28.98,928.2,24.3,-40.0,1.0,1.0,0.0,0.0,0.0,226.0
2026-07-21 16:00:52.124,29.56,29.75,30.31,29.62,30.12,29.0,928.2,24.6,-40.0,1.0,1.0,0.0,0.0,0.0,227.0
2026-07-21 16:00:52.324,29.56,29.75,30.31,29.62,30.12,29.0,928.2,24.6,-40.0,1.0,1.0,0.0,0.0,0.0,227.0
2026-07-21 16:00:52.524,29.56,29.75,30.31,29.62,30.12,29.0,928.2,24.6,-40.0,1.0,1.0,0.0,0.0,0.0,227.0
2026-07-21 16:00:52.724,29.56,29.75,30.31,29.62,30.12,29.0,928.2,24.8,-40.0,1.0,1.0,0.0,0.0,0.0,227.0
2026-07-21 16:00:52.924,29.5,29.75,30.31,29.62,30.12,29.0,928.2,24.8,-40.0,1.0,1.0,0.0,0.0,0.0,227.0
2026-07-21 16:00:53.124,29.5,29.75,30.31,29.62,30.12,28.98,928.2,24.6,-40.0,1.0,1.0,0.0,0.0,0.0,228.0
2026-07-21 16:00:53.324,29.5,29.75,30.31,29.62,30.12,28.98,928.2,24.6,-40.0,1.0,1.0,0.0,0.0,0.0,228.0
2026-07-21 16:00:53.523,29.5,29.75,30.31,29.62,30.12,28.98,928.2,24.6,-40.0,1.0,1.0,0.0,0.0,0.0,228.0
2026-07-21 16:00:53.725,29.5,29.75,30.31,29.62,30.12,28.98,928.3,24.5,-40.0,1.0,1.0,0.0,0.0,0.0,228.0
2026-07-21 16:00:53.924,29.5,29.81,30.37,29.62,30.12,28.98,928.3,24.5,-40.0,1.0,1.0,0.0,0.0,0.0,228.0
2026-07-21 16:00:54.124,29.5,29.81,30.37,29.62,30.12,28.98,928.2,24.4,-40.0,1.0,1.0,0.0,0.0,0.0,229.0
2026-07-21 16:00:54.323,29.5,29.81,30.37,29.62,30.12,28.98,928.2,24.4,-40.0,1.0,1.0,0.0,0.0,0.0,229.0
2026-07-21 16:00:54.524,29.5,29.81,30.37,29.62,30.12,28.98,928.2,24.4,-40.0,1.0,1.0,0.0,0.0,0.0,229.0
2026-07-21 16:00:54.724,29.5,29.81,30.37,29.62,30.12,29.01,928.3,24.4,-40.0,1.0,1.0,0.0,0.0,0.0,229.0
2026-07-21 16:00:54.924,29.5,29.81,30.31,29.68,30.06,29.01,928.3,24.4,-40.0,1.0,1.0,0.0,0.0,0.0,229.0
2026-07-21 16:00:55.124,29.5,29.81,30.31,29.68,30.06,29.0,928.2,24.7,-40.0,1.0,1.0,0.0,0.0,0.0,230.0
2026-07-21 16:00:55.324,29.5,29.81,30.31,29.68,30.06,29.0,928.2,24.7,-40.0,1.0,1.0,0.0,0.0,0.0,230.0
2026-07-21 16:00:55.524,29.5,29.81,30.31,29.68,30.06,29.0,928.2,24.7,-40.0,1.0,1.0,0.0,0.0,0.0,230.0
2026-07-21 16:00:55.724,29.5,29.81,30.31,29.68,30.06,28.98,928.2,24.7,-40.0,1.0,1.0,0.0,0.0,0.0,230.0
2026-07-21 16:00:55.923,29.5,29.75,30.31,29.62,30.0,28.98,928.2,24.7,-40.0,1.0,1.0,0.0,0.0,0.0,230.0
2026-07-21 16:00:56.124,29.5,29.75,30.31,29.62,30.0,28.98,928.2,24.6,-40.0,1.0,1.0,0.0,0.0,0.0,231.0
2026-07-21 16:00:56.339,29.5,29.75,30.31,29.62,30.0,28.98,928.2,24.6,-40.0,1.0,1.0,0.0,0.0,0.0,231.0
2026-07-21 16:00:56.523,29.5,29.75,30.31,29.62,30.0,28.98,928.2,24.6,-40.0,1.0,1.0,0.0,0.0,0.0,231.0
2026-07-21 16:00:56.724,29.5,29.75,30.31,29.62,30.0,28.98,928.2,24.3,-40.0,1.0,1.0,0.0,0.0,0.0,231.0
2026-07-21 16:00:56.923,29.5,29.75,30.31,29.68,29.93,28.98,928.2,24.3,-40.0,1.0,1.0,0.0,0.0,0.0,231.0
2026-07-21 16:00:57.124,29.5,29.75,30.31,29.68,29.93,28.98,928.2,24.3,-40.0,1.0,1.0,0.0,0.0,0.0,232.0
2026-07-21 16:00:57.323,29.5,29.75,30.31,29.68,29.93,28.98,928.2,24.3,-40.0,1.0,1.0,0.0,0.0,0.0,232.0
2026-07-21 16:00:57.523,29.5,29.75,30.31,29.68,29.93,28.98,928.2,24.3,-40.0,1.0,1.0,0.0,0.0,0.0,232.0
2026-07-21 16:00:57.725,29.5,29.75,30.31,29.68,29.93,28.98,928.3,24.2,-40.0,1.0,1.0,0.0,0.0,0.0,232.0
2026-07-21 16:00:57.924,29.5,29.81,30.31,29.62,29.93,28.98,928.3,24.2,-40.0,1.0,1.0,0.0,0.0,0.0,232.0
2026-07-21 16:00:58.124,29.5,29.81,30.31,29.62,29.93,28.98,928.2,24.2,-40.0,1.0,1.0,0.0,0.0,0.0,233.0
2026-07-21 16:00:58.324,29.5,29.81,30.31,29.62,29.93,28.98,928.2,24.2,-40.0,1.0,1.0,0.0,0.0,0.0,233.0
2026-07-21 16:00:58.524,29.5,29.81,30.31,29.62,29.93,28.98,928.2,24.2,-40.0,1.0,1.0,0.0,0.0,0.0,233.0
2026-07-21 16:00:58.724,29.5,29.81,30.31,29.62,29.93,28.98,928.2,24.4,-40.0,1.0,1.0,0.0,0.0,0.0,233.0
2026-07-21 16:00:58.923,29.5,29.75,30.31,29.62,29.87,28.98,928.2,24.4,-40.0,1.0,1.0,0.0,0.0,0.0,233.0
2026-07-21 16:00:59.124,29.5,29.75,30.31,29.62,29.87,28.98,928.2,24.3,-40.0,1.0,1.0,0.0,0.0,0.0,234.0
2026-07-21 16:00:59.324,29.5,29.75,30.31,29.62,29.87,28.98,928.2,24.3,-40.0,1.0,1.0,0.0,0.0,0.0,234.0
2026-07-21 16:00:59.523,29.5,29.75,30.31,29.62,29.87,28.98,928.2,24.3,-40.0,1.0,1.0,0.0,0.0,0.0,234.0
2026-07-21 16:00:59.724,29.5,29.75,30.31,29.62,29.87,28.98,928.2,24.3,-40.0,1.0,1.0,0.0,0.0,0.0,234.0
2026-07-21 16:00:59.924,29.5,29.81,30.31,29.62,29.81,28.98,928.2,24.3,-40.0,1.0,1.0,0.0,0.0,0.0,234.0
2026-07-21 16:01:00.123,29.5,29.81,30.31,29.62,29.81,28.98,928.2,24.2,-40.0,1.0,1.0,0.0,0.0,0.0,235.0
2026-07-21 16:01:00.324,29.5,29.81,30.31,29.62,29.81,28.98,928.2,24.2,-40.0,1.0,1.0,0.0,0.0,0.0,235.0
2026-07-21 16:01:00.524,29.5,29.81,30.31,29.62,29.81,28.98,928.2,24.2,-40.0,1.0,1.0,0.0,0.0,0.0,235.0
2026-07-21 16:01:00.724,29.5,29.81,30.31,29.62,29.81,28.98,928.2,24.3,-40.0,1.0,1.0,0.0,0.0,0.0,235.0
2026-07-21 16:01:00.924,29.5,29.75,30.37,29.68,29.81,28.98,928.2,24.3,-40.0,1.0,1.0,0.0,0.0,0.0,235.0
2026-07-21 16:01:01.124,29.5,29.75,30.37,29.68,29.81,28.98,928.2,24.5,-40.0,1.0,1.0,0.0,0.0,0.0,236.0
2026-07-21 16:01:01.339,29.5,29.75,30.37,29.68,29.81,28.98,928.2,24.5,-40.0,1.0,1.0,0.0,0.0,0.0,236.0
2026-07-21 16:01:01.524,29.5,29.75,30.37,29.68,29.81,28.98,928.2,24.5,-40.0,1.0,1.0,0.0,0.0,0.0,236.0
2026-07-21 16:01:01.724,29.5,29.75,30.37,29.68,29.81,28.98,928.2,24.2,-40.0,1.0,1.0,0.0,0.0,0.0,236.0
2026-07-21 16:01:01.923,29.5,29.75,30.31,29.68,29.81,28.98,928.2,24.2,-40.0,1.0,1.0,0.0,0.0,0.0,236.0
2026-07-21 16:01:02.124,29.5,29.75,30.31,29.68,29.81,29.0,928.2,24.4,-40.0,1.0,1.0,0.0,0.0,0.0,237.0
2026-07-21 16:01:02.324,29.5,29.75,30.31,29.68,29.81,29.0,928.2,24.4,-40.0,1.0,1.0,0.0,0.0,0.0,237.0
2026-07-21 16:01:02.523,29.5,29.75,30.31,29.68,29.81,29.0,928.2,24.4,-40.0,1.0,1.0,0.0,0.0,0.0,237.0
2026-07-21 16:01:02.724,29.5,29.75,30.31,29.68,29.81,28.98,928.2,24.3,-40.0,1.0,1.0,0.0,0.0,0.0,237.0
2026-07-21 16:01:02.924,29.5,29.75,30.31,29.62,29.87,28.98,928.2,24.3,-40.0,1.0,1.0,0.0,0.0,0.0,237.0
2026-07-21 16:01:03.123,29.5,29.75,30.31,29.62,29.87,29.0,928.2,24.3,-40.0,1.0,1.0,0.0,0.0,0.0,238.0
2026-07-21 16:01:03.323,29.5,29.75,30.31,29.62,29.87,29.0,928.2,24.3,-40.0,1.0,1.0,0.0,0.0,0.0,238.0
2026-07-21 16:01:03.523,29.5,29.75,30.31,29.62,29.87,29.0,928.2,24.3,-40.0,1.0,1.0,0.0,0.0,0.0,238.0
2026-07-21 16:01:03.723,29.5,29.75,30.31,29.62,29.87,28.98,928.2,24.6,-40.0,1.0,1.0,0.0,0.0,0.0,238.0
2026-07-21 16:01:03.923,29.5,29.75,30.31,29.62,29.87,28.98,928.2,24.6,-40.0,1.0,1.0,0.0,0.0,0.0,238.0
2026-07-21 16:01:04.124,29.5,29.75,30.31,29.62,29.87,28.97,928.2,24.7,-40.0,1.0,1.0,0.0,0.0,0.0,239.0
2026-07-21 16:01:04.323,29.5,29.75,30.31,29.62,29.87,28.97,928.2,24.7,-40.0,1.0,1.0,0.0,0.0,0.0,239.0
2026-07-21 16:01:04.524,29.5,29.75,30.31,29.62,29.87,28.97,928.2,24.7,-40.0,1.0,1.0,0.0,0.0,0.0,239.0
2026-07-21 16:01:04.724,29.5,29.75,30.31,29.62,29.87,28.98,928.2,24.6,-40.0,1.0,1.0,0.0,0.0,0.0,239.0
2026-07-21 16:01:04.923,29.43,29.75,30.31,29.68,29.87,28.98,928.2,24.6,-40.0,1.0,1.0,0.0,0.0,0.0,239.0
2026-07-21 16:01:05.124,29.43,29.75,30.31,29.68,29.87,28.97,928.2,24.2,-40.0,1.0,1.0,0.0,0.0,0.0,240.0
2026-07-21 16:01:05.324,29.43,29.75,30.31,29.68,29.87,28.97,928.2,24.2,-40.0,1.0,1.0,0.0,0.0,0.0,240.0
2026-07-21 16:01:05.523,29.43,29.75,30.31,29.68,29.87,28.97,928.2,24.2,-40.0,1.0,1.0,0.0,0.0,0.0,240.0
2026-07-21 16:01:05.723,29.43,29.75,30.31,29.68,29.87,28.98,928.2,24.5,-40.0,1.0,1.0,0.0,0.0,0.0,240.0
2026-07-21 16:01:05.924,29.43,29.81,30.31,29.62,29.93,28.98,928.2,24.5,-40.0,1.0,1.0,0.0,0.0,0.0,240.0
2026-07-21 16:01:06.123,29.43,29.81,30.31,29.62,29.93,28.98,928.2,24.4,-40.0,1.0,1.0,0.0,0.0,0.0,241.0
2026-07-21 16:01:06.323,29.43,29.81,30.31,29.62,29.93,28.98,928.2,24.4,-40.0,1.0,1.0,0.0,0.0,0.0,241.0
2026-07-21 16:01:06.523,29.43,29.81,30.31,29.62,29.93,28.98,928.2,24.4,-40.0,1.0,1.0,0.0,0.0,0.0,241.0
2026-07-21 16:01:06.723,29.43,29.81,30.31,29.62,29.93,28.97,928.2,24.3,-40.0,1.0,1.0,0.0,0.0,0.0,241.0
2026-07-21 16:01:06.924,29.43,29.75,30.31,29.68,30.0,28.97,928.2,24.3,-40.0,1.0,1.0,0.0,0.0,0.0,241.0
2026-07-21 16:01:07.123,29.43,29.75,30.31,29.68,30.0,28.97,928.3,24.6,-40.0,1.0,1.0,0.0,0.0,0.0,242.0
2026-07-21 16:01:07.324,29.43,29.75,30.31,29.68,30.0,28.97,928.3,24.6,-40.0,1.0,1.0,0.0,0.0,0.0,242.0
2026-07-21 16:01:07.524,29.43,29.75,30.31,29.68,30.0,28.97,928.3,24.6,-40.0,1.0,1.0,0.0,0.0,0.0,242.0
2026-07-21 16:01:07.723,29.43,29.75,30.31,29.68,30.0,28.97,928.2,24.6,-40.0,1.0,1.0,0.0,0.0,0.0,242.0
2026-07-21 16:01:07.924,29.43,29.75,30.37,29.62,30.06,28.97,928.2,24.6,-40.0,1.0,1.0,0.0,0.0,0.0,242.0
2026-07-21 16:01:08.124,29.43,29.75,30.37,29.62,30.06,28.97,928.2,25.0,-40.0,1.0,1.0,0.0,0.0,0.0,243.0
2026-07-21 16:01:08.324,29.43,29.75,30.37,29.62,30.06,28.97,928.2,25.0,-40.0,1.0,1.0,0.0,0.0,0.0,243.0
2026-07-21 16:01:08.523,29.43,29.75,30.37,29.62,30.06,28.97,928.2,25.0,-40.0,1.0,1.0,0.0,0.0,0.0,243.0
2026-07-21 16:01:08.723,29.43,29.75,30.37,29.62,30.06,28.97,928.2,24.5,-40.0,1.0,1.0,0.0,0.0,0.0,243.0
2026-07-21 16:01:08.923,29.43,29.75,30.31,29.62,30.12,28.97,928.2,24.5,-40.0,1.0,1.0,0.0,0.0,0.0,243.0
2026-07-21 16:01:09.123,29.43,29.75,30.31,29.62,30.12,28.98,928.2,24.6,-40.0,1.0,1.0,0.0,0.0,0.0,244.0
2026-07-21 16:01:09.324,29.43,29.75,30.31,29.62,30.12,28.98,928.2,24.6,-40.0,1.0,1.0,0.0,0.0,0.0,244.0
2026-07-21 16:01:09.523,29.43,29.75,30.31,29.62,30.12,28.98,928.2,24.6,-40.0,1.0,1.0,0.0,0.0,0.0,244.0
2026-07-21 16:01:09.723,29.43,29.75,30.31,29.62,30.12,28.97,928.2,24.5,-40.0,1.0,1.0,0.0,0.0,0.0,244.0
2026-07-21 16:01:09.924,29.43,29.75,30.31,29.62,30.12,28.97,928.2,24.5,-40.0,1.0,1.0,0.0,0.0,0.0,244.0
2026-07-21 16:01:10.124,29.43,29.75,30.31,29.62,30.12,28.97,928.2,24.5,-40.0,1.0,1.0,0.0,0.0,0.0,245.0
2026-07-21 16:01:10.327,29.43,29.75,30.31,29.62,30.12,28.97,928.2,24.5,-40.0,1.0,1.0,0.0,0.0,0.0,245.0
2026-07-21 16:01:10.524,29.43,29.75,30.31,29.62,30.12,28.97,928.2,24.5,-40.0,1.0,1.0,0.0,0.0,0.0,245.0
2026-07-21 16:01:10.723,29.43,29.75,30.31,29.62,30.12,28.97,928.2,24.7,-40.0,1.0,1.0,0.0,0.0,0.0,245.0
2026-07-21 16:01:10.923,29.43,29.75,30.31,29.62,30.18,28.97,928.2,24.7,-40.0,1.0,1.0,0.0,0.0,0.0,245.0
2026-07-21 16:01:11.123,29.43,29.75,30.31,29.62,30.18,28.98,928.2,24.4,-40.0,1.0,1.0,0.0,0.0,0.0,246.0
2026-07-21 16:01:11.323,29.43,29.75,30.31,29.62,30.18,28.98,928.2,24.4,-40.0,1.0,1.0,0.0,0.0,0.0,246.0
2026-07-21 16:01:11.523,29.43,29.75,30.31,29.62,30.18,28.98,928.2,24.4,-40.0,1.0,1.0,0.0,0.0,0.0,246.0
2026-07-21 16:01:11.724,29.43,29.75,30.31,29.62,30.18,28.97,928.2,24.4,-40.0,1.0,1.0,0.0,0.0,0.0,246.0
2026-07-21 16:01:11.923,29.43,29.75,30.31,29.62,30.25,28.97,928.2,24.4,-40.0,1.0,1.0,0.0,0.0,0.0,246.0
2026-07-21 16:01:12.123,29.43,29.75,30.31,29.62,30.25,28.96,928.2,24.4,-40.0,1.0,1.0,0.0,0.0,0.0,247.0
2026-07-21 16:01:12.324,29.43,29.75,30.31,29.62,30.25,28.96,928.2,24.4,-40.0,1.0,1.0,0.0,0.0,0.0,247.0
2026-07-21 16:01:12.523,29.43,29.75,30.31,29.62,30.25,28.96,928.2,24.4,-40.0,1.0,1.0,0.0,0.0,0.0,247.0
2026-07-21 16:01:12.724,29.43,29.75,30.31,29.62,30.25,28.97,928.2,24.6,-40.0,1.0,1.0,0.0,0.0,0.0,247.0
2026-07-21 16:01:12.923,29.37,29.75,30.31,29.62,30.31,28.97,928.2,24.6,-40.0,1.0,1.0,0.0,0.0,0.0,247.0
2026-07-21 16:01:13.123,29.37,29.75,30.31,29.62,30.31,28.96,928.2,24.6,-40.0,1.0,1.0,0.0,0.0,0.0,248.0
2026-07-21 16:01:13.326,29.37,29.75,30.31,29.62,30.31,28.96,928.2,24.6,-40.0,1.0,1.0,0.0,0.0,0.0,248.0
2026-07-21 16:01:13.523,29.37,29.75,30.31,29.62,30.31,28.96,928.2,24.6,-40.0,1.0,1.0,0.0,0.0,0.0,248.0
2026-07-21 16:01:13.723,29.37,29.75,30.31,29.62,30.31,28.96,928.3,24.5,-40.0,1.0,1.0,0.0,0.0,0.0,248.0
2026-07-21 16:01:13.923,29.43,29.75,30.31,29.62,30.31,28.96,928.3,24.5,-40.0,1.0,1.0,0.0,0.0,0.0,248.0
2026-07-21 16:01:14.123,29.43,29.75,30.31,29.62,30.31,28.96,928.2,24.7,-40.0,1.0,1.0,0.0,0.0,0.0,249.0
2026-07-21 16:01:14.329,29.43,29.75,30.31,29.62,30.31,28.96,928.2,24.7,-40.0,1.0,1.0,0.0,0.0,0.0,249.0
2026-07-21 16:01:14.523,29.43,29.75,30.31,29.62,30.31,28.96,928.2,24.7,-40.0,1.0,1.0,0.0,0.0,0.0,249.0
2026-07-21 16:01:14.724,29.43,29.75,30.31,29.62,30.31,28.97,928.2,24.6,-40.0,1.0,1.0,0.0,0.0,0.0,249.0
2026-07-21 16:01:14.923,29.37,29.75,30.31,29.62,30.37,28.97,928.2,24.6,-40.0,1.0,1.0,0.0,0.0,0.0,249.0
2026-07-21 16:01:15.123,29.37,29.75,30.31,29.62,30.37,28.96,928.2,24.5,-40.0,1.0,1.0,0.0,0.0,0.0,250.0
2026-07-21 16:01:15.324,29.37,29.75,30.31,29.62,30.37,28.96,928.2,24.5,-40.0,1.0,1.0,0.0,0.0,0.0,250.0
2026-07-21 16:01:15.523,29.37,29.75,30.31,29.62,30.37,28.96,928.2,24.5,-40.0,1.0,1.0,0.0,0.0,0.0,250.0
2026-07-21 16:01:15.723,29.37,29.75,30.31,29.62,30.37,28.96,928.3,24.7,-40.0,1.0,1.0,0.0,0.0,0.0,250.0
2026-07-21 16:01:15.923,29.37,29.75,30.31,29.68,30.37,28.96,928.3,24.7,-40.0,1.0,1.0,0.0,0.0,0.0,250.0
2026-07-21 16:01:16.123,29.37,29.75,30.31,29.68,30.37,28.96,928.2,24.7,-40.0,1.0,1.0,0.0,0.0,0.0,251.0
2026-07-21 16:01:16.323,29.37,29.75,30.31,29.68,30.37,28.96,928.2,24.7,-40.0,1.0,1.0,0.0,0.0,0.0,251.0
2026-07-21 16:01:16.523,29.37,29.75,30.31,29.68,30.37,28.96,928.2,24.7,-40.0,1.0,1.0,0.0,0.0,0.0,251.0
2026-07-21 16:01:16.723,29.37,29.75,30.31,29.68,30.37,28.96,928.2,24.5,-40.0,1.0,1.0,0.0,0.0,0.0,251.0
2026-07-21 16:01:16.923,29.37,29.81,30.31,29.68,30.43,28.96,928.2,24.5,-40.0,1.0,1.0,0.0,0.0,0.0,251.0
2026-07-21 16:01:17.124,29.37,29.81,30.31,29.68,30.43,28.95,928.2,24.5,-40.0,1.0,1.0,0.0,0.0,0.0,252.0
2026-07-21 16:01:17.324,29.37,29.81,30.31,29.68,30.43,28.95,928.2,24.5,-40.0,1.0,1.0,0.0,0.0,0.0,252.0
2026-07-21 16:01:17.523,29.37,29.81,30.31,29.68,30.43,28.95,928.2,24.5,-40.0,1.0,1.0,0.0,0.0,0.0,252.0
2026-07-21 16:01:17.724,29.37,29.81,30.31,29.68,30.43,28.96,928.3,24.8,-40.0,1.0,1.0,0.0,0.0,0.0,252.0
2026-07-21 16:01:17.923,29.43,29.75,30.37,29.68,30.37,28.96,928.3,24.8,-40.0,1.0,1.0,0.0,0.0,0.0,252.0
2026-07-21 16:01:18.124,29.43,29.75,30.37,29.68,30.37,28.96,928.1,24.5,-40.0,1.0,1.0,0.0,0.0,0.0,253.0
2026-07-21 16:01:18.324,29.43,29.75,30.37,29.68,30.37,28.96,928.1,24.5,-40.0,1.0,1.0,0.0,0.0,0.0,253.0
2026-07-21 16:01:18.523,29.43,29.75,30.37,29.68,30.37,28.96,928.1,24.5,-40.0,1.0,1.0,0.0,0.0,0.0,253.0
2026-07-21 16:01:18.723,29.43,29.75,30.37,29.68,30.37,28.96,928.3,24.4,-40.0,1.0,1.0,0.0,0.0,0.0,253.0
2026-07-21 16:01:18.923,29.37,29.75,30.37,29.68,30.37,28.96,928.3,24.4,-40.0,1.0,1.0,0.0,0.0,0.0,253.0
2026-07-21 16:01:19.124,29.37,29.75,30.37,29.68,30.37,28.95,928.2,24.8,-40.0,1.0,1.0,0.0,0.0,0.0,254.0
2026-07-21 16:01:19.323,29.37,29.75,30.37,29.68,30.37,28.95,928.2,24.8,-40.0,1.0,1.0,0.0,0.0,0.0,254.0
2026-07-21 16:01:19.523,29.37,29.75,30.37,29.68,30.37,28.95,928.2,24.8,-40.0,1.0,1.0,0.0,0.0,0.0,254.0
2026-07-21 16:01:19.723,29.37,29.75,30.37,29.68,30.37,28.95,928.2,24.4,-40.0,1.0,1.0,0.0,0.0,0.0,254.0
2026-07-21 16:01:19.923,29.37,29.81,30.31,29.68,30.31,28.95,928.2,24.4,-40.0,1.0,1.0,0.0,0.0,0.0,254.0
2026-07-21 16:01:20.123,29.37,29.81,30.31,29.68,30.31,28.95,928.2,24.7,-40.0,1.0,1.0,0.0,0.0,0.0,255.0
2026-07-21 16:01:20.323,29.37,29.81,30.31,29.68,30.31,28.95,928.2,24.7,-40.0,1.0,1.0,0.0,0.0,0.0,255.0
2026-07-21 16:01:20.523,29.37,29.81,30.31,29.68,30.31,28.95,928.2,24.7,-40.0,1.0,1.0,0.0,0.0,0.0,255.0
2026-07-21 16:01:20.723,29.37,29.81,30.31,29.68,30.31,28.95,928.2,24.7,-40.0,1.0,1.0,0.0,0.0,0.0,255.0
2026-07-21 16:01:20.923,29.37,29.75,30.31,29.68,30.25,28.95,928.2,24.7,-40.0,1.0,1.0,0.0,0.0,0.0,255.0
2026-07-21 16:01:21.123,29.37,29.75,30.31,29.68,30.25,28.95,928.2,24.8,-40.0,1.0,1.0,0.0,0.0,0.0,256.0
2026-07-21 16:01:21.324,29.37,29.75,30.31,29.68,30.25,28.95,928.2,24.8,-40.0,1.0,1.0,0.0,0.0,0.0,256.0
2026-07-21 16:01:21.523,29.37,29.75,30.31,29.68,30.25,28.95,928.2,24.8,-40.0,1.0,1.0,0.0,0.0,0.0,256.0
2026-07-21 16:01:21.723,29.37,29.75,30.31,29.68,30.25,28.95,928.2,24.7,-40.0,1.0,1.0,0.0,0.0,0.0,256.0
2026-07-21 16:01:21.923,29.37,29.75,30.31,29.62,30.12,28.95,928.2,24.7,-40.0,1.0,1.0,0.0,0.0,0.0,256.0
2026-07-21 16:01:22.123,29.37,29.75,30.31,29.62,30.12,28.96,928.2,24.8,-40.0,1.0,1.0,0.0,0.0,0.0,257.0
2026-07-21 16:01:22.323,29.37,29.75,30.31,29.62,30.12,28.96,928.2,24.8,-40.0,1.0,1.0,0.0,0.0,0.0,257.0
2026-07-21 16:01:22.523,29.37,29.75,30.31,29.62,30.12,28.96,928.2,24.8,-40.0,1.0,1.0,0.0,0.0,0.0,257.0
2026-07-21 16:01:22.723,29.37,29.75,30.31,29.62,30.12,28.96,928.2,24.4,-40.0,1.0,1.0,0.0,0.0,0.0,257.0
2026-07-21 16:01:22.923,29.37,29.75,30.31,29.68,30.06,28.96,928.2,24.4,-40.0,1.0,1.0,0.0,0.0,0.0,257.0
2026-07-21 16:01:23.123,29.37,29.75,30.31,29.68,30.06,28.95,928.3,24.5,-40.0,1.0,1.0,0.0,0.0,0.0,258.0
2026-07-21 16:01:23.325,29.37,29.75,30.31,29.68,30.06,28.95,928.3,24.5,-40.0,1.0,1.0,0.0,0.0,0.0,258.0
2026-07-21 16:01:23.523,29.37,29.75,30.31,29.68,30.06,28.95,928.3,24.5,-40.0,1.0,1.0,0.0,0.0,0.0,258.0
2026-07-21 16:01:23.723,29.37,29.75,30.31,29.68,30.06,28.95,928.2,24.9,-40.0,1.0,1.0,0.0,0.0,0.0,258.0
2026-07-21 16:01:23.924,29.37,29.75,30.31,29.68,29.93,28.95,928.2,24.9,-40.0,1.0,1.0,0.0,0.0,0.0,258.0
2026-07-21 16:01:24.124,29.37,29.75,30.31,29.68,29.93,28.95,928.2,24.8,-40.0,1.0,1.0,0.0,0.0,0.0,259.0
2026-07-21 16:01:24.323,29.37,29.75,30.31,29.68,29.93,28.95,928.2,24.8,-40.0,1.0,1.0,0.0,0.0,0.0,259.0
2026-07-21 16:01:24.524,29.37,29.75,30.31,29.68,29.93,28.95,928.2,24.8,-40.0,1.0,1.0,0.0,0.0,0.0,259.0
2026-07-21 16:01:24.724,29.37,29.75,30.31,29.68,29.93,28.95,928.2,24.7,-40.0,1.0,1.0,0.0,0.0,0.0,259.0
2026-07-21 16:01:24.923,29.37,29.75,30.31,29.68,29.87,28.95,928.2,24.7,-40.0,1.0,1.0,0.0,0.0,0.0,259.0
2026-07-21 16:01:25.123,29.37,29.75,30.31,29.68,29.87,28.95,928.2,24.8,-40.0,1.0,1.0,0.0,0.0,0.0,260.0
2026-07-21 16:01:25.323,29.37,29.75,30.31,29.68,29.87,28.95,928.2,24.8,-40.0,1.0,1.0,0.0,0.0,0.0,260.0
2026-07-21 16:01:25.523,29.37,29.75,30.31,29.68,29.87,28.95,928.2,24.8,-40.0,1.0,1.0,0.0,0.0,0.0,260.0
2026-07-21 16:01:25.723,29.37,29.75,30.31,29.68,29.87,28.95,928.2,24.4,-40.0,1.0,1.0,0.0,0.0,0.0,260.0
2026-07-21 16:01:25.923,29.37,29.75,30.31,29.68,29.75,28.95,928.2,24.4,-40.0,1.0,1.0,0.0,0.0,0.0,260.0
2026-07-21 16:01:26.123,29.37,29.75,30.31,29.68,29.75,28.95,928.2,24.7,-40.0,1.0,1.0,0.0,0.0,0.0,261.0
2026-07-21 16:01:26.324,29.37,29.75,30.31,29.68,29.75,28.95,928.2,24.7,-40.0,1.0,1.0,0.0,0.0,0.0,261.0
2026-07-21 16:01:26.523,29.37,29.75,30.31,29.68,29.75,28.95,928.2,24.7,-40.0,1.0,1.0,0.0,0.0,0.0,261.0
2026-07-21 16:01:26.723,29.37,29.75,30.31,29.68,29.75,28.95,928.2,24.4,-40.0,1.0,1.0,0.0,0.0,0.0,261.0
2026-07-21 16:01:26.923,29.31,29.75,30.31,29.68,29.62,28.95,928.2,24.4,-40.0,1.0,1.0,0.0,0.0,0.0,261.0
2026-07-21 16:01:27.123,29.31,29.75,30.31,29.68,29.62,28.95,928.2,24.6,-40.0,1.0,1.0,0.0,0.0,0.0,262.0
2026-07-21 16:01:27.323,29.31,29.75,30.31,29.68,29.62,28.95,928.2,24.6,-40.0,1.0,1.0,0.0,0.0,0.0,262.0
2026-07-21 16:01:27.523,29.31,29.75,30.31,29.68,29.62,28.95,928.2,24.6,-40.0,1.0,1.0,0.0,0.0,0.0,262.0
2026-07-21 16:01:27.723,29.31,29.75,30.31,29.68,29.62,28.95,928.2,24.8,-40.0,1.0,1.0,0.0,0.0,0.0,262.0
2026-07-21 16:01:27.923,29.31,29.75,30.31,29.62,29.43,28.95,928.2,24.8,-40.0,1.0,1.0,0.0,0.0,0.0,262.0
2026-07-21 16:01:28.123,29.31,29.75,30.31,29.62,29.43,28.95,928.2,24.5,-40.0,1.0,1.0,0.0,0.0,0.0,263.0
2026-07-21 16:01:28.323,29.31,29.75,30.31,29.62,29.43,28.95,928.2,24.5,-40.0,1.0,1.0,0.0,0.0,0.0,263.0
2026-07-21 16:01:28.571,29.31,29.75,30.31,29.62,29.43,28.95,928.2,24.5,-40.0,1.0,1.0,0.0,0.0,0.0,263.0
2026-07-21 16:01:28.723,29.31,29.75,30.31,29.62,29.43,28.96,928.2,24.5,-40.0,1.0,1.0,0.0,0.0,0.0,263.0
2026-07-21 16:01:28.923,29.31,29.75,30.31,29.68,29.37,28.96,928.2,24.5,-40.0,1.0,1.0,0.0,0.0,0.0,263.0
2026-07-21 16:01:29.159,29.31,29.75,30.31,29.68,29.37,28.95,928.2,24.6,-40.0,1.0,1.0,0.0,0.0,0.0,264.0
2026-07-21 16:01:29.323,29.31,29.75,30.31,29.68,29.37,28.95,928.2,24.6,-40.0,1.0,1.0,0.0,0.0,0.0,264.0
2026-07-21 16:01:29.523,29.31,29.75,30.31,29.68,29.37,28.95,928.2,24.6,-40.0,1.0,1.0,0.0,0.0,0.0,264.0
2026-07-21 16:01:29.753,29.31,29.75,30.31,29.68,29.37,28.95,928.2,24.6,-40.0,1.0,1.0,0.0,0.0,0.0,264.0
2026-07-21 16:01:29.924,29.31,29.75,30.31,29.68,29.18,28.95,928.2,24.6,-40.0,1.0,1.0,0.0,0.0,0.0,264.0
2026-07-21 16:01:30.123,29.31,29.75,30.31,29.68,29.18,28.95,928.2,24.5,-40.0,1.0,1.0,0.0,0.0,0.0,265.0
2026-07-21 16:01:30.351,29.31,29.75,30.31,29.68,29.18,28.95,928.2,24.5,-40.0,1.0,1.0,0.0,0.0,0.0,265.0
2026-07-21 16:01:30.524,29.31,29.75,30.31,29.68,29.18,28.95,928.2,24.5,-40.0,1.0,1.0,0.0,0.0,0.0,265.0
2026-07-21 16:01:30.724,29.31,29.75,30.31,29.68,29.18,28.94,928.2,24.6,-40.0,1.0,1.0,0.0,0.0,0.0,265.0
2026-07-21 16:01:30.949,29.31,29.75,30.31,29.62,29.06,28.94,928.2,24.6,-40.0,1.0,1.0,0.0,0.0,0.0,265.0
2026-07-21 16:01:31.123,29.31,29.75,30.31,29.62,29.06,28.94,928.2,24.4,-40.0,1.0,1.0,0.0,0.0,0.0,266.0
2026-07-21 16:01:31.323,29.31,29.75,30.31,29.62,29.06,28.94,928.2,24.4,-40.0,1.0,1.0,0.0,0.0,0.0,266.0
2026-07-21 16:01:31.547,29.31,29.75,30.31,29.62,29.06,28.94,928.2,24.4,-40.0,1.0,1.0,0.0,0.0,0.0,266.0
2026-07-21 16:01:31.724,29.31,29.75,30.31,29.62,29.06,28.95,928.2,24.3,-40.0,1.0,1.0,0.0,0.0,0.0,266.0
2026-07-21 16:01:31.923,29.31,29.75,30.31,29.68,28.93,28.95,928.2,24.3,-40.0,1.0,1.0,0.0,0.0,0.0,266.0
2026-07-21 16:01:32.145,29.31,29.75,30.31,29.68,28.93,28.95,928.2,24.7,-40.0,1.0,1.0,0.0,0.0,0.0,267.0
2026-07-21 16:01:32.324,29.31,29.75,30.31,29.68,28.93,28.95,928.2,24.7,-40.0,1.0,1.0,0.0,0.0,0.0,267.0
2026-07-21 16:01:32.524,29.31,29.75,30.31,29.68,28.93,28.95,928.2,24.7,-40.0,1.0,1.0,0.0,0.0,0.0,267.0
2026-07-21 16:01:32.752,29.31,29.75,30.31,29.68,28.93,28.95,928.2,24.1,-40.0,1.0,1.0,0.0,0.0,0.0,267.0
2026-07-21 16:01:32.923,29.31,29.75,30.31,29.68,28.81,28.95,928.2,24.1,-40.0,1.0,1.0,0.0,0.0,0.0,267.0
2026-07-21 16:01:33.124,29.31,29.75,30.31,29.68,28.81,28.94,928.2,24.5,-40.0,1.0,1.0,0.0,0.0,0.0,268.0
2026-07-21 16:01:33.346,29.31,29.75,30.31,29.68,28.81,28.94,928.2,24.5,-40.0,1.0,1.0,0.0,0.0,0.0,268.0
2026-07-21 16:01:33.523,29.31,29.75,30.31,29.68,28.81,28.94,928.2,24.5,-40.0,1.0,1.0,0.0,0.0,0.0,268.0
2026-07-21 16:01:33.724,29.31,29.75,30.31,29.68,28.81,28.93,928.2,24.5,-40.0,1.0,1.0,0.0,0.0,0.0,268.0
2026-07-21 16:01:33.952,29.31,29.75,30.31,29.68,28.68,28.93,928.2,24.5,-40.0,1.0,1.0,0.0,0.0,0.0,268.0
2026-07-21 16:01:34.124,29.31,29.75,30.31,29.68,28.68,28.94,928.2,24.4,-40.0,1.0,1.0,0.0,0.0,0.0,269.0
2026-07-21 16:01:34.323,29.31,29.75,30.31,29.68,28.68,28.94,928.2,24.4,-40.0,1.0,1.0,0.0,0.0,0.0,269.0
2026-07-21 16:01:34.560,29.31,29.75,30.31,29.68,28.68,28.94,928.2,24.4,-40.0,1.0,1.0,0.0,0.0,0.0,269.0
2026-07-21 16:01:34.723,29.31,29.75,30.31,29.68,28.68,28.93,928.2,24.6,-40.0,1.0,1.0,0.0,0.0,0.0,269.0
2026-07-21 16:01:34.923,29.31,29.75,30.31,29.62,28.56,28.93,928.2,24.6,-40.0,1.0,1.0,0.0,0.0,0.0,269.0
2026-07-21 16:01:35.123,29.31,29.75,30.31,29.62,28.56,28.94,928.2,24.7,-40.0,1.0,1.0,0.0,0.0,0.0,270.0
2026-07-21 16:01:35.323,29.31,29.75,30.31,29.62,28.56,28.94,928.2,24.7,-40.0,1.0,1.0,0.0,0.0,0.0,270.0
2026-07-21 16:01:35.523,29.31,29.75,30.31,29.62,28.56,28.94,928.2,24.7,-40.0,1.0,1.0,0.0,0.0,0.0,270.0
2026-07-21 16:01:35.723,29.31,29.75,30.31,29.62,28.56,28.94,928.1,24.6,-40.0,1.0,1.0,0.0,0.0,0.0,270.0
2026-07-21 16:01:35.923,29.31,29.75,30.31,29.62,28.37,28.94,928.1,24.6,-40.0,1.0,1.0,0.0,0.0,0.0,270.0
2026-07-21 16:01:36.123,29.31,29.75,30.31,29.62,28.37,28.94,928.2,24.3,-40.0,1.0,1.0,0.0,0.0,0.0,271.0
2026-07-21 16:01:36.323,29.31,29.75,30.31,29.62,28.37,28.94,928.2,24.3,-40.0,1.0,1.0,0.0,0.0,0.0,271.0
2026-07-21 16:01:36.551,29.31,29.75,30.31,29.62,28.37,28.94,928.2,24.3,-40.0,1.0,1.0,0.0,0.0,0.0,271.0
2026-07-21 16:01:36.723,29.31,29.75,30.31,29.62,28.37,28.94,928.2,24.4,-40.0,1.0,1.0,0.0,0.0,0.0,271.0
2026-07-21 16:01:36.923,29.25,29.75,30.31,29.68,28.31,28.94,928.2,24.4,-40.0,1.0,1.0,0.0,0.0,0.0,271.0
2026-07-21 16:01:37.124,29.25,29.75,30.31,29.68,28.31,28.94,928.2,24.5,-40.0,1.0,1.0,0.0,0.0,0.0,272.0
2026-07-21 16:01:37.322,29.25,29.75,30.31,29.68,28.31,28.94,928.2,24.5,-40.0,1.0,1.0,0.0,0.0,0.0,272.0
2026-07-21 16:01:37.523,29.25,29.75,30.31,29.68,28.31,28.94,928.2,24.5,-40.0,1.0,1.0,0.0,0.0,0.0,272.0
2026-07-21 16:01:37.723,29.25,29.75,30.31,29.68,28.31,28.94,928.2,24.8,-40.0,1.0,1.0,0.0,0.0,0.0,272.0
2026-07-21 16:01:37.923,29.31,29.75,30.31,29.62,28.12,28.94,928.2,24.8,-40.0,1.0,1.0,0.0,0.0,0.0,272.0
2026-07-21 16:01:38.123,29.31,29.75,30.31,29.62,28.12,28.93,928.1,24.6,-40.0,1.0,1.0,0.0,0.0,0.0,273.0
2026-07-21 16:01:38.323,29.31,29.75,30.31,29.62,28.12,28.93,928.1,24.6,-40.0,1.0,1.0,0.0,0.0,0.0,273.0
2026-07-21 16:01:38.522,29.31,29.75,30.31,29.62,28.12,28.93,928.1,24.6,-40.0,1.0,1.0,0.0,0.0,0.0,273.0
2026-07-21 16:01:38.723,29.31,29.75,30.31,29.62,28.12,28.94,928.2,24.6,-40.0,1.0,1.0,0.0,0.0,0.0,273.0
2026-07-21 16:01:38.923,29.25,29.75,30.31,29.62,28.06,28.94,928.2,24.6,-40.0,1.0,1.0,0.0,0.0,0.0,273.0
2026-07-21 16:01:39.123,29.25,29.75,30.31,29.62,28.06,28.94,928.2,24.5,-40.0,1.0,1.0,0.0,0.0,0.0,274.0
2026-07-21 16:01:39.322,29.25,29.75,30.31,29.62,28.06,28.94,928.2,24.5,-40.0,1.0,1.0,0.0,0.0,0.0,274.0
2026-07-21 16:01:39.523,29.25,29.75,30.31,29.62,28.06,28.94,928.2,24.5,-40.0,1.0,1.0,0.0,0.0,0.0,274.0
2026-07-21 16:01:39.723,29.25,29.75,30.31,29.62,28.06,28.94,928.2,24.5,-40.0,1.0,1.0,0.0,0.0,0.0,274.0
2026-07-21 16:01:39.924,29.25,29.81,30.31,29.68,27.87,28.94,928.2,24.5,-40.0,1.0,1.0,0.0,0.0,0.0,274.0
2026-07-21 16:01:40.123,29.25,29.81,30.31,29.68,27.87,28.94,928.1,24.5,-40.0,1.0,1.0,0.0,0.0,0.0,275.0
2026-07-21 16:01:40.332,29.25,29.81,30.31,29.68,27.87,28.94,928.1,24.5,-40.0,1.0,1.0,0.0,0.0,0.0,275.0
2026-07-21 16:01:40.522,29.25,29.81,30.31,29.68,27.87,28.94,928.1,24.5,-40.0,1.0,1.0,0.0,0.0,0.0,275.0
2026-07-21 16:01:40.723,29.25,29.81,30.31,29.68,27.87,28.93,928.2,24.3,-40.0,1.0,1.0,0.0,0.0,0.0,275.0
2026-07-21 16:01:40.923,29.25,29.75,30.31,29.62,27.81,28.93,928.2,24.3,-40.0,1.0,1.0,0.0,0.0,0.0,275.0
2026-07-21 16:01:41.123,29.25,29.75,30.31,29.62,27.81,28.93,928.2,24.6,-40.0,1.0,1.0,0.0,0.0,0.0,276.0
2026-07-21 16:01:41.323,29.25,29.75,30.31,29.62,27.81,28.93,928.2,24.6,-40.0,1.0,1.0,0.0,0.0,0.0,276.0
2026-07-21 16:01:41.523,29.25,29.75,30.31,29.62,27.81,28.93,928.2,24.6,-40.0,1.0,1.0,0.0,0.0,0.0,276.0
2026-07-21 16:01:41.723,29.25,29.75,30.31,29.62,27.81,28.94,928.2,24.6,-40.0,1.0,1.0,0.0,0.0,0.0,276.0
2026-07-21 16:01:41.923,29.25,29.75,30.31,29.62,27.62,28.94,928.2,24.6,-40.0,1.0,1.0,0.0,0.0,0.0,276.0
2026-07-21 16:01:42.123,29.25,29.75,30.31,29.62,27.62,28.93,928.2,24.6,-40.0,1.0,1.0,0.0,0.0,0.0,277.0
2026-07-21 16:01:42.323,29.25,29.75,30.31,29.62,27.62,28.93,928.2,24.6,-40.0,1.0,1.0,0.0,0.0,0.0,277.0
2026-07-21 16:01:42.523,29.25,29.75,30.31,29.62,27.62,28.93,928.2,24.6,-40.0,1.0,1.0,0.0,0.0,0.0,277.0
2026-07-21 16:01:42.723,29.25,29.75,30.31,29.62,27.62,28.93,928.2,24.6,-40.0,1.0,1.0,0.0,0.0,0.0,277.0
2026-07-21 16:01:42.923,29.18,29.75,30.31,29.62,27.5,28.93,928.2,24.6,-40.0,1.0,1.0,0.0,0.0,0.0,277.0
2026-07-21 16:01:43.124,29.18,29.75,30.31,29.62,27.5,28.93,928.2,24.7,-40.0,1.0,1.0,0.0,0.0,0.0,278.0
2026-07-21 16:01:43.322,29.18,29.75,30.31,29.62,27.5,28.93,928.2,24.7,-40.0,1.0,1.0,0.0,0.0,0.0,278.0
2026-07-21 16:01:43.522,29.18,29.75,30.31,29.62,27.5,28.93,928.2,24.7,-40.0,1.0,1.0,0.0,0.0,0.0,278.0
2026-07-21 16:01:43.723,29.18,29.75,30.31,29.62,27.5,28.93,928.2,24.3,-40.0,1.0,1.0,0.0,0.0,0.0,278.0
2026-07-21 16:01:43.923,29.18,29.75,30.31,29.62,27.43,28.93,928.2,24.3,-40.0,1.0,1.0,0.0,0.0,0.0,278.0
2026-07-21 16:01:44.123,29.18,29.75,30.31,29.62,27.43,28.93,928.2,24.3,-40.0,1.0,1.0,0.0,0.0,0.0,279.0
2026-07-21 16:01:44.322,29.18,29.75,30.31,29.62,27.43,28.93,928.2,24.3,-40.0,1.0,1.0,0.0,0.0,0.0,279.0
2026-07-21 16:01:44.522,29.18,29.75,30.31,29.62,27.43,28.93,928.2,24.3,-40.0,1.0,1.0,0.0,0.0,0.0,279.0
2026-07-21 16:01:44.723,29.18,29.75,30.31,29.62,27.43,28.93,928.2,24.0,-40.0,1.0,1.0,0.0,0.0,0.0,279.0
2026-07-21 16:01:44.922,29.18,29.75,30.31,29.62,27.25,28.93,928.2,24.0,-40.0,1.0,1.0,0.0,0.0,0.0,279.0
2026-07-21 16:01:45.122,29.18,29.75,30.31,29.62,27.25,28.92,928.2,24.5,-40.0,1.0,1.0,0.0,0.0,0.0,280.0
2026-07-21 16:01:45.322,29.18,29.75,30.31,29.62,27.25,28.92,928.2,24.5,-40.0,1.0,1.0,0.0,0.0,0.0,280.0
2026-07-21 16:01:45.522,29.18,29.75,30.31,29.62,27.25,28.92,928.2,24.5,-40.0,1.0,1.0,0.0,0.0,0.0,280.0
2026-07-21 16:01:45.723,29.18,29.75,30.31,29.62,27.25,28.93,928.2,24.6,-40.0,1.0,1.0,0.0,0.0,0.0,280.0
2026-07-21 16:01:45.922,29.18,29.75,30.31,29.62,27.12,28.93,928.2,24.6,-40.0,1.0,1.0,0.0,0.0,0.0,280.0
2026-07-21 16:01:46.123,29.18,29.75,30.31,29.62,27.12,28.93,928.2,24.4,-40.0,1.0,1.0,0.0,0.0,0.0,281.0
2026-07-21 16:01:46.323,29.18,29.75,30.31,29.62,27.12,28.93,928.2,24.4,-40.0,1.0,1.0,0.0,0.0,0.0,281.0
2026-07-21 16:01:46.525,29.18,29.75,30.31,29.62,27.12,28.93,928.2,24.4,-40.0,1.0,1.0,0.0,0.0,0.0,281.0
2026-07-21 16:01:46.722,29.18,29.75,30.31,29.62,27.12,28.93,928.2,24.5,-40.0,1.0,1.0,0.0,0.0,0.0,281.0
2026-07-21 16:01:46.922,29.25,29.75,30.31,29.62,27.06,28.93,928.2,24.5,-40.0,1.0,1.0,0.0,0.0,0.0,281.0
2026-07-21 16:01:47.122,29.25,29.75,30.31,29.62,27.06,28.93,928.3,24.7,-40.0,1.0,1.0,0.0,0.0,0.0,282.0
2026-07-21 16:01:47.323,29.25,29.75,30.31,29.62,27.06,28.93,928.3,24.7,-40.0,1.0,1.0,0.0,0.0,0.0,282.0
2026-07-21 16:01:47.522,29.25,29.75,30.31,29.62,27.06,28.93,928.3,24.7,-40.0,1.0,1.0,0.0,0.0,0.0,282.0
2026-07-21 16:01:47.722,29.25,29.75,30.31,29.62,27.06,28.93,928.2,24.4,-40.0,1.0,1.0,0.0,0.0,0.0,282.0
2026-07-21 16:01:47.922,29.18,29.75,30.31,29.62,26.87,28.93,928.2,24.4,-40.0,1.0,1.0,0.0,0.0,0.0,282.0
2026-07-21 16:01:48.124,29.18,29.75,30.31,29.62,26.87,28.93,928.2,24.4,-40.0,1.0,1.0,0.0,0.0,0.0,283.0
2026-07-21 16:01:48.322,29.18,29.75,30.31,29.62,26.87,28.93,928.2,24.4,-40.0,1.0,1.0,0.0,0.0,0.0,283.0
2026-07-21 16:01:48.522,29.18,29.75,30.31,29.62,26.87,28.93,928.2,24.4,-40.0,1.0,1.0,0.0,0.0,0.0,283.0
2026-07-21 16:01:48.722,29.18,29.75,30.31,29.62,26.87,28.93,928.2,24.6,-40.0,1.0,1.0,0.0,0.0,0.0,283.0
2026-07-21 16:01:48.922,29.18,29.75,30.31,29.62,26.75,28.93,928.2,24.6,-40.0,1.0,1.0,0.0,0.0,0.0,283.0
2026-07-21 16:01:49.122,29.18,29.75,30.31,29.62,26.75,28.93,928.2,24.3,-40.0,1.0,1.0,0.0,0.0,0.0,284.0
2026-07-21 16:01:49.322,29.18,29.75,30.31,29.62,26.75,28.93,928.2,24.3,-40.0,1.0,1.0,0.0,0.0,0.0,284.0
2026-07-21 16:01:49.522,29.18,29.75,30.31,29.62,26.75,28.93,928.2,24.3,-40.0,1.0,1.0,0.0,0.0,0.0,284.0
2026-07-21 16:01:49.722,29.18,29.75,30.31,29.62,26.75,28.92,928.2,24.6,-40.0,1.0,1.0,0.0,0.0,0.0,284.0
2026-07-21 16:01:49.923,29.18,29.75,30.31,29.62,26.68,28.92,928.2,24.6,-40.0,1.0,1.0,0.0,0.0,0.0,284.0
2026-07-21 16:01:50.122,29.18,29.75,30.31,29.62,26.68,28.92,928.2,24.5,-40.0,1.0,1.0,0.0,0.0,0.0,285.0
2026-07-21 16:01:50.323,29.18,29.75,30.31,29.62,26.68,28.92,928.2,24.5,-40.0,1.0,1.0,0.0,0.0,0.0,285.0
2026-07-21 16:01:50.522,29.18,29.75,30.31,29.62,26.68,28.92,928.2,24.5,-40.0,1.0,1.0,0.0,0.0,0.0,285.0
2026-07-21 16:01:50.722,29.18,29.75,30.31,29.62,26.68,28.92,928.2,24.7,-40.0,1.0,1.0,0.0,0.0,0.0,285.0
2026-07-21 16:01:50.923,29.12,29.75,30.31,29.62,26.56,28.92,928.2,24.7,-40.0,1.0,1.0,0.0,0.0,0.0,285.0
2026-07-21 16:01:51.123,29.12,29.75,30.31,29.62,26.56,28.9,928.2,24.7,-40.0,1.0,1.0,0.0,0.0,0.0,286.0
2026-07-21 16:01:51.322,29.12,29.75,30.31,29.62,26.56,28.9,928.2,24.7,-40.0,1.0,1.0,0.0,0.0,0.0,286.0
2026-07-21 16:01:51.522,29.12,29.75,30.31,29.62,26.56,28.9,928.2,24.7,-40.0,1.0,1.0,0.0,0.0,0.0,286.0
2026-07-21 16:01:51.722,29.12,29.75,30.31,29.62,26.56,28.9,928.2,24.5,-40.0,1.0,1.0,0.0,0.0,0.0,286.0
2026-07-21 16:01:51.928,29.18,29.75,30.31,29.62,26.43,28.9,928.2,24.5,-40.0,1.0,1.0,0.0,0.0,0.0,286.0
2026-07-21 16:01:52.123,29.18,29.75,30.31,29.62,26.43,28.92,928.2,24.5,-40.0,1.0,1.0,0.0,0.0,0.0,287.0
2026-07-21 16:01:52.322,29.18,29.75,30.31,29.62,26.43,28.92,928.2,24.5,-40.0,1.0,1.0,0.0,0.0,0.0,287.0
2026-07-21 16:01:52.522,29.18,29.75,30.31,29.62,26.43,28.92,928.2,24.5,-40.0,1.0,1.0,0.0,0.0,0.0,287.0
2026-07-21 16:01:52.722,29.18,29.75,30.31,29.62,26.43,28.92,928.2,24.4,-40.0,1.0,1.0,0.0,0.0,0.0,287.0
2026-07-21 16:01:52.922,29.12,29.75,30.31,29.62,26.37,28.92,928.2,24.4,-40.0,1.0,1.0,0.0,0.0,0.0,287.0
2026-07-21 16:01:53.122,29.12,29.75,30.31,29.62,26.37,28.92,928.2,24.4,-40.0,1.0,1.0,0.0,0.0,0.0,288.0
2026-07-21 16:01:53.322,29.12,29.75,30.31,29.62,26.37,28.92,928.2,24.4,-40.0,1.0,1.0,0.0,0.0,0.0,288.0
2026-07-21 16:01:53.522,29.12,29.75,30.31,29.62,26.37,28.92,928.2,24.4,-40.0,1.0,1.0,0.0,0.0,0.0,288.0
2026-07-21 16:01:53.723,29.12,29.75,30.31,29.62,26.37,28.92,928.2,24.6,-40.0,1.0,1.0,0.0,0.0,0.0,288.0
2026-07-21 16:01:53.922,29.12,29.75,30.31,29.68,26.18,28.92,928.2,24.6,-40.0,1.0,1.0,0.0,0.0,0.0,288.0
2026-07-21 16:01:54.122,29.12,29.75,30.31,29.68,26.18,28.93,928.2,24.7,-40.0,1.0,1.0,0.0,0.0,0.0,289.0
2026-07-21 16:01:54.323,29.12,29.75,30.31,29.68,26.18,28.93,928.2,24.7,-40.0,1.0,1.0,0.0,0.0,0.0,289.0
2026-07-21 16:01:54.523,29.12,29.75,30.31,29.68,26.18,28.93,928.2,24.7,-40.0,1.0,1.0,0.0,0.0,0.0,289.0
2026-07-21 16:01:54.723,29.12,29.75,30.31,29.68,26.18,28.92,928.2,24.5,-40.0,1.0,1.0,0.0,0.0,0.0,289.0
2026-07-21 16:01:54.922,29.12,29.75,30.31,29.62,26.12,28.92,928.2,24.5,-40.0,1.0,1.0,0.0,0.0,0.0,289.0
2026-07-21 16:01:55.123,29.12,29.75,30.31,29.62,26.12,28.92,928.2,24.6,-40.0,1.0,1.0,0.0,0.0,0.0,290.0
2026-07-21 16:01:55.322,29.12,29.75,30.31,29.62,26.12,28.92,928.2,24.6,-40.0,1.0,1.0,0.0,0.0,0.0,290.0
2026-07-21 16:01:55.522,29.12,29.75,30.31,29.62,26.12,28.92,928.2,24.6,-40.0,1.0,1.0,0.0,0.0,0.0,290.0
2026-07-21 16:01:55.723,29.12,29.75,30.31,29.62,26.12,28.92,928.2,24.8,-40.0,1.0,1.0,0.0,0.0,0.0,290.0
2026-07-21 16:01:55.923,29.12,29.75,30.31,29.62,26.0,28.92,928.2,24.8,-40.0,1.0,1.0,0.0,0.0,0.0,290.0
2026-07-21 16:01:56.122,29.12,29.75,30.31,29.62,26.0,28.92,928.2,24.2,-40.0,1.0,1.0,0.0,0.0,0.0,291.0
2026-07-21 16:01:56.323,29.12,29.75,30.31,29.62,26.0,28.92,928.2,24.2,-40.0,1.0,1.0,0.0,0.0,0.0,291.0
2026-07-21 16:01:56.522,29.12,29.75,30.31,29.62,26.0,28.92,928.2,24.2,-40.0,1.0,1.0,0.0,0.0,0.0,291.0
2026-07-21 16:01:56.722,29.12,29.75,30.31,29.62,26.0,28.93,928.2,24.8,-40.0,1.0,1.0,0.0,0.0,0.0,291.0
2026-07-21 16:01:56.922,29.12,29.68,30.31,29.62,25.93,28.93,928.2,24.8,-40.0,1.0,1.0,0.0,0.0,0.0,291.0
2026-07-21 16:01:57.122,29.12,29.68,30.31,29.62,25.93,28.9,928.2,24.1,-40.0,1.0,1.0,0.0,0.0,0.0,292.0
2026-07-21 16:01:57.322,29.12,29.68,30.31,29.62,25.93,28.9,928.2,24.1,-40.0,1.0,1.0,0.0,0.0,0.0,292.0
2026-07-21 16:01:57.522,29.12,29.68,30.31,29.62,25.93,28.9,928.2,24.1,-40.0,1.0,1.0,0.0,0.0,0.0,292.0
2026-07-21 16:01:57.722,29.12,29.68,30.31,29.62,25.93,28.92,928.2,24.1,-40.0,1.0,1.0,0.0,0.0,0.0,292.0
2026-07-21 16:01:57.928,29.12,29.68,30.31,29.68,25.81,28.92,928.2,24.1,-40.0,1.0,1.0,0.0,0.0,0.0,292.0
2026-07-21 16:01:58.122,29.12,29.68,30.31,29.68,25.81,28.9,928.2,24.6,-40.0,1.0,1.0,0.0,0.0,0.0,293.0
2026-07-21 16:01:58.322,29.12,29.68,30.31,29.68,25.81,28.9,928.2,24.6,-40.0,1.0,1.0,0.0,0.0,0.0,293.0
2026-07-21 16:01:58.522,29.12,29.68,30.31,29.68,25.81,28.9,928.2,24.6,-40.0,1.0,1.0,0.0,0.0,0.0,293.0
2026-07-21 16:01:58.722,29.12,29.68,30.31,29.68,25.81,28.92,928.2,24.4,-40.0,1.0,1.0,0.0,0.0,0.0,293.0
2026-07-21 16:01:58.922,29.12,29.68,30.31,29.68,25.68,28.92,928.2,24.4,-40.0,1.0,1.0,0.0,0.0,0.0,293.0
2026-07-21 16:01:59.123,29.12,29.68,30.31,29.68,25.68,28.9,928.2,24.5,-40.0,1.0,1.0,0.0,0.0,0.0,294.0
2026-07-21 16:01:59.323,29.12,29.68,30.31,29.68,25.68,28.9,928.2,24.5,-40.0,1.0,1.0,0.0,0.0,0.0,294.0
2026-07-21 16:01:59.522,29.12,29.68,30.31,29.68,25.68,28.9,928.2,24.5,-40.0,1.0,1.0,0.0,0.0,0.0,294.0
2026-07-21 16:01:59.722,29.12,29.68,30.31,29.68,25.68,28.9,928.2,24.4,-40.0,1.0,1.0,0.0,0.0,0.0,294.0
2026-07-21 16:01:59.922,29.12,29.68,30.31,29.62,25.56,28.9,928.2,24.4,-40.0,1.0,1.0,0.0,0.0,0.0,294.0
2026-07-21 16:02:00.122,29.12,29.68,30.31,29.62,25.56,28.9,928.2,24.5,-40.0,1.0,1.0,0.0,0.0,0.0,295.0
2026-07-21 16:02:00.322,29.12,29.68,30.31,29.62,25.56,28.9,928.2,24.5,-40.0,1.0,1.0,0.0,0.0,0.0,295.0
2026-07-21 16:02:00.522,29.12,29.68,30.31,29.62,25.56,28.9,928.2,24.5,-40.0,1.0,1.0,0.0,0.0,0.0,295.0
2026-07-21 16:02:00.722,29.12,29.68,30.31,29.62,25.56,28.92,928.2,24.6,-40.0,1.0,1.0,0.0,0.0,0.0,295.0
2026-07-21 16:02:00.922,29.12,29.68,30.31,29.62,25.5,28.92,928.2,24.6,-40.0,1.0,1.0,0.0,0.0,0.0,295.0
2026-07-21 16:02:01.122,29.12,29.68,30.31,29.62,25.5,28.92,928.2,24.4,-40.0,1.0,1.0,0.0,0.0,0.0,296.0
2026-07-21 16:02:01.322,29.12,29.68,30.31,29.62,25.5,28.92,928.2,24.4,-40.0,1.0,1.0,0.0,0.0,0.0,296.0
2026-07-21 16:02:01.522,29.12,29.68,30.31,29.62,25.5,28.92,928.2,24.4,-40.0,1.0,1.0,0.0,0.0,0.0,296.0
2026-07-21 16:02:01.722,29.12,29.68,30.31,29.62,25.5,28.92,928.2,24.7,-40.0,1.0,1.0,0.0,0.0,0.0,296.0
2026-07-21 16:02:01.922,29.12,29.68,30.31,29.62,25.37,28.92,928.2,24.7,-40.0,1.0,1.0,0.0,0.0,0.0,296.0
2026-07-21 16:02:02.123,29.12,29.68,30.31,29.62,25.37,28.9,928.2,24.5,-40.0,1.0,1.0,0.0,0.0,0.0,297.0
2026-07-21 16:02:02.322,29.12,29.68,30.31,29.62,25.37,28.9,928.2,24.5,-40.0,1.0,1.0,0.0,0.0,0.0,297.0
2026-07-21 16:02:02.522,29.12,29.68,30.31,29.62,25.37,28.9,928.2,24.5,-40.0,1.0,1.0,0.0,0.0,0.0,297.0
2026-07-21 16:02:02.722,29.12,29.68,30.31,29.62,25.37,28.92,928.2,24.7,-40.0,1.0,1.0,0.0,0.0,0.0,297.0
2026-07-21 16:02:02.922,29.12,29.68,30.31,29.62,25.31,28.92,928.2,24.7,-40.0,1.0,1.0,0.0,0.0,0.0,297.0
2026-07-21 16:02:03.122,29.12,29.68,30.31,29.62,25.31,28.92,928.2,24.6,-40.0,1.0,1.0,0.0,0.0,0.0,298.0
2026-07-21 16:02:03.322,29.12,29.68,30.31,29.62,25.31,28.92,928.2,24.6,-40.0,1.0,1.0,0.0,0.0,0.0,298.0
2026-07-21 16:02:03.521,29.12,29.68,30.31,29.62,25.31,28.92,928.2,24.6,-40.0,1.0,1.0,0.0,0.0,0.0,298.0
2026-07-21 16:02:03.722,29.12,29.68,30.31,29.62,25.31,28.9,928.2,24.6,-40.0,1.0,1.0,0.0,0.0,0.0,298.0
2026-07-21 16:02:03.922,29.12,29.68,30.31,29.62,25.18,28.9,928.2,24.6,-40.0,1.0,1.0,0.0,0.0,0.0,298.0
2026-07-21 16:02:04.122,29.12,29.68,30.31,29.62,25.18,28.9,928.2,24.6,-40.0,1.0,1.0,0.0,0.0,0.0,299.0
2026-07-21 16:02:04.322,29.12,29.68,30.31,29.62,25.18,28.9,928.2,24.6,-40.0,1.0,1.0,0.0,0.0,0.0,299.0
2026-07-21 16:02:04.522,29.12,29.68,30.31,29.62,25.18,28.9,928.2,24.6,-40.0,1.0,1.0,0.0,0.0,0.0,299.0
2026-07-21 16:02:04.722,29.12,29.68,30.31,29.62,25.18,28.92,928.1,24.6,-40.0,1.0,1.0,0.0,0.0,0.0,299.0
2026-07-21 16:02:04.923,29.12,29.68,30.31,29.62,25.06,28.92,928.1,24.6,-40.0,1.0,1.0,0.0,0.0,0.0,299.0
2026-07-21 16:02:05.122,29.12,29.68,30.31,29.62,25.06,28.9,928.2,24.8,-40.0,1.0,1.0,0.0,0.0,0.0,300.0
2026-07-21 16:02:05.322,29.12,29.68,30.31,29.62,25.06,28.9,928.2,24.8,-40.0,1.0,1.0,0.0,0.0,0.0,300.0
2026-07-21 16:02:05.523,29.12,29.68,30.31,29.62,25.06,28.9,928.2,24.8,-40.0,1.0,1.0,0.0,0.0,0.0,300.0
2026-07-21 16:02:05.722,29.12,29.68,30.31,29.62,25.06,28.9,928.2,24.7,-40.0,1.0,1.0,0.0,0.0,0.0,300.0
2026-07-21 16:02:05.922,29.06,29.68,30.31,29.62,25.0,28.9,928.2,24.7,-40.0,1.0,1.0,0.0,0.0,0.0,300.0
2026-07-21 16:02:06.122,29.06,29.68,30.31,29.62,25.0,28.9,928.2,24.7,-40.0,1.0,1.0,0.0,0.0,0.0,301.0
2026-07-21 16:02:06.322,29.06,29.68,30.31,29.62,25.0,28.9,928.2,24.7,-40.0,1.0,1.0,0.0,0.0,0.0,301.0
2026-07-21 16:02:06.522,29.06,29.68,30.31,29.62,25.0,28.9,928.2,24.7,-40.0,1.0,1.0,0.0,0.0,0.0,301.0
2026-07-21 16:02:06.723,29.06,29.68,30.31,29.62,25.0,28.9,928.2,24.7,-40.0,1.0,1.0,0.0,0.0,0.0,301.0
2026-07-21 16:02:06.922,29.06,29.68,30.31,29.62,24.87,28.9,928.2,24.7,-40.0,1.0,1.0,0.0,0.0,0.0,301.0
2026-07-21 16:02:07.122,29.06,29.68,30.31,29.62,24.87,28.89,928.2,24.4,-40.0,1.0,1.0,0.0,0.0,0.0,302.0
2026-07-21 16:02:07.322,29.06,29.68,30.31,29.62,24.87,28.89,928.2,24.4,-40.0,1.0,1.0,0.0,0.0,0.0,302.0
2026-07-21 16:02:07.522,29.06,29.68,30.31,29.62,24.87,28.89,928.2,24.4,-40.0,1.0,1.0,0.0,0.0,0.0,302.0
2026-07-21 16:02:07.722,29.06,29.68,30.31,29.62,24.87,28.9,928.2,24.5,-40.0,1.0,1.0,0.0,0.0,0.0,302.0
2026-07-21 16:02:07.922,29.06,29.68,30.31,29.62,24.81,28.9,928.2,24.5,-40.0,1.0,1.0,0.0,0.0,0.0,302.0
2026-07-21 16:02:08.122,29.06,29.68,30.31,29.62,24.81,28.89,928.2,24.5,-40.0,1.0,1.0,0.0,0.0,0.0,303.0
2026-07-21 16:02:08.322,29.06,29.68,30.31,29.62,24.81,28.89,928.2,24.5,-40.0,1.0,1.0,0.0,0.0,0.0,303.0
2026-07-21 16:02:08.522,29.06,29.68,30.31,29.62,24.81,28.89,928.2,24.5,-40.0,1.0,1.0,0.0,0.0,0.0,303.0
2026-07-21 16:02:08.723,29.06,29.68,30.31,29.62,24.81,28.89,928.2,24.6,-40.0,1.0,1.0,0.0,0.0,0.0,303.0
2026-07-21 16:02:08.922,29.06,29.68,30.31,29.62,24.75,28.89,928.2,24.6,-40.0,1.0,1.0,0.0,0.0,0.0,303.0
2026-07-21 16:02:09.122,29.06,29.68,30.31,29.62,24.75,28.89,928.2,24.8,-40.0,1.0,1.0,0.0,0.0,0.0,304.0
2026-07-21 16:02:09.321,29.06,29.68,30.31,29.62,24.75,28.89,928.2,24.8,-40.0,1.0,1.0,0.0,0.0,0.0,304.0
2026-07-21 16:02:09.532,29.06,29.68,30.31,29.62,24.75,28.89,928.2,24.8,-40.0,1.0,1.0,0.0,0.0,0.0,304.0
2026-07-21 16:02:09.722,29.06,29.68,30.31,29.62,24.75,28.9,928.2,24.5,-40.0,1.0,1.0,0.0,0.0,0.0,304.0
2026-07-21 16:02:09.922,29.06,29.68,30.37,29.62,24.62,28.9,928.2,24.5,-40.0,1.0,1.0,0.0,0.0,0.0,304.0
2026-07-21 16:02:10.122,29.06,29.68,30.37,29.62,24.62,28.9,928.2,24.4,-40.0,1.0,1.0,0.0,0.0,0.0,305.0
2026-07-21 16:02:10.323,29.06,29.68,30.37,29.62,24.62,28.9,928.2,24.4,-40.0,1.0,1.0,0.0,0.0,0.0,305.0
2026-07-21 16:02:10.522,29.06,29.68,30.37,29.62,24.62,28.9,928.2,24.4,-40.0,1.0,1.0,0.0,0.0,0.0,305.0
2026-07-21 16:02:10.723,29.06,29.68,30.37,29.62,24.62,28.89,928.2,24.8,-40.0,1.0,1.0,0.0,0.0,0.0,305.0
2026-07-21 16:02:10.922,29.06,29.68,30.31,29.62,24.5,28.89,928.2,24.8,-40.0,1.0,1.0,0.0,0.0,0.0,305.0
2026-07-21 16:02:11.122,29.06,29.68,30.31,29.62,24.5,28.89,928.2,24.5,-40.0,1.0,1.0,0.0,0.0,0.0,306.0
2026-07-21 16:02:11.322,29.06,29.68,30.31,29.62,24.5,28.89,928.2,24.5,-40.0,1.0,1.0,0.0,0.0,0.0,306.0
2026-07-21 16:02:11.522,29.06,29.68,30.31,29.62,24.5,28.89,928.2,24.5,-40.0,1.0,1.0,0.0,0.0,0.0,306.0
2026-07-21 16:02:11.722,29.06,29.68,30.31,29.62,24.5,28.89,928.2,24.7,-40.0,1.0,1.0,0.0,0.0,0.0,306.0
2026-07-21 16:02:11.922,29.06,29.62,30.31,29.62,24.43,28.89,928.2,24.7,-40.0,1.0,1.0,0.0,0.0,0.0,306.0
2026-07-21 16:02:12.122,29.06,29.62,30.31,29.62,24.43,28.9,928.2,24.5,-40.0,1.0,1.0,0.0,0.0,0.0,307.0
2026-07-21 16:02:12.322,29.06,29.62,30.31,29.62,24.43,28.9,928.2,24.5,-40.0,1.0,1.0,0.0,0.0,0.0,307.0
2026-07-21 16:02:12.522,29.06,29.62,30.31,29.62,24.43,28.9,928.2,24.5,-40.0,1.0,1.0,0.0,0.0,0.0,307.0
2026-07-21 16:02:12.722,29.06,29.62,30.31,29.62,24.43,28.89,928.2,24.4,-40.0,1.0,1.0,0.0,0.0,0.0,307.0
2026-07-21 16:02:12.922,29.06,29.62,30.31,29.68,24.37,28.89,928.2,24.4,-40.0,1.0,1.0,0.0,0.0,0.0,307.0
2026-07-21 16:02:13.122,29.06,29.62,30.31,29.68,24.37,28.89,928.1,24.8,-40.0,1.0,1.0,0.0,0.0,0.0,308.0
2026-07-21 16:02:13.322,29.06,29.62,30.31,29.68,24.37,28.89,928.1,24.8,-40.0,1.0,1.0,0.0,0.0,0.0,308.0
2026-07-21 16:02:13.521,29.06,29.62,30.31,29.68,24.37,28.89,928.1,24.8,-40.0,1.0,1.0,0.0,0.0,0.0,308.0
2026-07-21 16:02:13.722,29.06,29.62,30.31,29.68,24.37,28.88,928.2,24.3,-40.0,1.0,1.0,0.0,0.0,0.0,308.0
2026-07-21 16:02:13.922,29.06,29.68,30.31,29.62,24.25,28.88,928.2,24.3,-40.0,1.0,1.0,0.0,0.0,0.0,308.0
2026-07-21 16:02:14.123,29.06,29.68,30.31,29.62,24.25,28.89,928.2,24.5,-40.0,1.0,1.0,0.0,0.0,0.0,309.0
2026-07-21 16:02:14.321,29.06,29.68,30.31,29.62,24.25,28.89,928.2,24.5,-40.0,1.0,1.0,0.0,0.0,0.0,309.0
2026-07-21 16:02:14.522,29.06,29.68,30.31,29.62,24.25,28.89,928.2,24.5,-40.0,1.0,1.0,0.0,0.0,0.0,309.0
2026-07-21 16:02:14.722,29.06,29.68,30.31,29.62,24.25,28.89,928.2,24.8,-40.0,1.0,1.0,0.0,0.0,0.0,309.0
2026-07-21 16:02:14.922,29.06,29.62,30.31,29.62,24.18,28.89,928.2,24.8,-40.0,1.0,1.0,0.0,0.0,0.0,309.0
2026-07-21 16:02:15.122,29.06,29.62,30.31,29.62,24.18,28.89,928.1,24.7,-40.0,1.0,1.0,0.0,0.0,0.0,310.0
2026-07-21 16:02:15.322,29.06,29.62,30.31,29.62,24.18,28.89,928.1,24.7,-40.0,1.0,1.0,0.0,0.0,0.0,310.0
2026-07-21 16:02:15.522,29.06,29.62,30.31,29.62,24.18,28.89,928.1,24.7,-40.0,1.0,1.0,0.0,0.0,0.0,310.0
2026-07-21 16:02:15.722,29.06,29.62,30.31,29.62,24.18,28.89,928.2,24.4,-40.0,1.0,1.0,0.0,0.0,0.0,310.0
2026-07-21 16:02:15.922,29.0,29.62,30.31,29.62,24.06,28.89,928.2,24.4,-40.0,1.0,1.0,0.0,0.0,0.0,310.0
2026-07-21 16:02:16.122,29.0,29.62,30.31,29.62,24.06,28.89,928.2,24.6,-40.0,1.0,1.0,0.0,0.0,0.0,311.0
2026-07-21 16:02:16.321,29.0,29.62,30.31,29.62,24.06,28.89,928.2,24.6,-40.0,1.0,1.0,0.0,0.0,0.0,311.0
2026-07-21 16:02:16.521,29.0,29.62,30.31,29.62,24.06,28.89,928.2,24.6,-40.0,1.0,1.0,0.0,0.0,0.0,311.0
2026-07-21 16:02:16.722,29.0,29.62,30.31,29.62,24.06,28.9,928.1,24.6,-40.0,1.0,1.0,0.0,0.0,0.0,311.0
2026-07-21 16:02:16.922,29.0,29.62,30.25,29.62,24.0,28.9,928.1,24.6,-40.0,1.0,1.0,0.0,0.0,0.0,311.0
2026-07-21 16:02:17.122,29.0,29.62,30.25,29.62,24.0,28.89,928.1,24.5,-40.0,1.0,1.0,0.0,0.0,0.0,312.0
2026-07-21 16:02:17.322,29.0,29.62,30.25,29.62,24.0,28.89,928.1,24.5,-40.0,1.0,1.0,0.0,0.0,0.0,312.0
2026-07-21 16:02:17.522,29.0,29.62,30.25,29.62,24.0,28.89,928.1,24.5,-40.0,1.0,1.0,0.0,0.0,0.0,312.0
2026-07-21 16:02:17.722,29.0,29.62,30.25,29.62,24.0,28.89,928.2,24.7,-40.0,1.0,1.0,0.0,0.0,0.0,312.0
2026-07-21 16:02:17.922,29.0,29.62,30.25,29.62,23.87,28.89,928.2,24.7,-40.0,1.0,1.0,0.0,0.0,0.0,312.0
2026-07-21 16:02:18.129,29.0,29.62,30.25,29.62,23.87,28.89,928.2,24.5,-40.0,1.0,1.0,0.0,0.0,0.0,313.0
2026-07-21 16:02:18.322,29.0,29.62,30.25,29.62,23.87,28.89,928.2,24.5,-40.0,1.0,1.0,0.0,0.0,0.0,313.0
2026-07-21 16:02:18.522,29.0,29.62,30.25,29.62,23.87,28.89,928.2,24.5,-40.0,1.0,1.0,0.0,0.0,0.0,313.0
2026-07-21 16:02:18.722,29.0,29.62,30.25,29.62,23.87,28.88,928.2,24.4,-40.0,1.0,1.0,0.0,0.0,0.0,313.0
2026-07-21 16:02:18.922,29.0,29.62,30.31,29.62,23.81,28.88,928.2,24.4,-40.0,1.0,1.0,0.0,0.0,0.0,313.0
2026-07-21 16:02:19.122,29.0,29.62,30.31,29.62,23.81,28.89,928.2,24.9,-40.0,1.0,1.0,0.0,0.0,0.0,314.0
2026-07-21 16:02:19.322,29.0,29.62,30.31,29.62,23.81,28.89,928.2,24.9,-40.0,1.0,1.0,0.0,0.0,0.0,314.0
2026-07-21 16:02:19.522,29.0,29.62,30.31,29.62,23.81,28.89,928.2,24.9,-40.0,1.0,1.0,0.0,0.0,0.0,314.0
2026-07-21 16:02:19.722,29.0,29.62,30.31,29.62,23.81,28.88,928.2,24.8,-40.0,1.0,1.0,0.0,0.0,0.0,314.0
2026-07-21 16:02:19.921,29.0,29.56,30.25,29.62,23.75,28.88,928.2,24.8,-40.0,1.0,1.0,0.0,0.0,0.0,314.0
2026-07-21 16:02:20.122,29.0,29.56,30.25,29.62,23.75,28.88,928.2,24.3,-40.0,1.0,1.0,0.0,0.0,0.0,315.0
2026-07-21 16:02:20.322,29.0,29.56,30.25,29.62,23.75,28.88,928.2,24.3,-40.0,1.0,1.0,0.0,0.0,0.0,315.0
2026-07-21 16:02:20.522,29.0,29.56,30.25,29.62,23.75,28.88,928.2,24.3,-40.0,1.0,1.0,0.0,0.0,0.0,315.0
2026-07-21 16:02:20.722,29.0,29.56,30.25,29.62,23.75,28.88,928.2,24.8,-40.0,1.0,1.0,0.0,0.0,0.0,315.0
2026-07-21 16:02:20.922,29.0,29.62,30.25,29.62,23.68,28.88,928.2,24.8,-40.0,1.0,1.0,0.0,0.0,0.0,315.0
2026-07-21 16:02:21.122,29.0,29.62,30.25,29.62,23.68,28.89,928.2,24.9,-40.0,1.0,1.0,0.0,0.0,0.0,316.0
2026-07-21 16:02:21.322,29.0,29.62,30.25,29.62,23.68,28.89,928.2,24.9,-40.0,1.0,1.0,0.0,0.0,0.0,316.0
2026-07-21 16:02:21.522,29.0,29.62,30.25,29.62,23.68,28.89,928.2,24.9,-40.0,1.0,1.0,0.0,0.0,0.0,316.0
2026-07-21 16:02:21.722,29.0,29.62,30.25,29.62,23.68,28.89,928.2,24.5,-40.0,1.0,1.0,0.0,0.0,0.0,316.0
2026-07-21 16:02:21.922,29.0,29.56,30.25,29.68,23.56,28.89,928.2,24.5,-40.0,1.0,1.0,0.0,0.0,0.0,316.0
2026-07-21 16:02:22.121,29.0,29.56,30.25,29.68,23.56,28.88,928.2,24.6,-40.0,1.0,1.0,0.0,0.0,0.0,317.0
2026-07-21 16:02:22.322,29.0,29.56,30.25,29.68,23.56,28.88,928.2,24.6,-40.0,1.0,1.0,0.0,0.0,0.0,317.0
2026-07-21 16:02:22.522,29.0,29.56,30.25,29.68,23.56,28.88,928.2,24.6,-40.0,1.0,1.0,0.0,0.0,0.0,317.0
2026-07-21 16:02:22.721,29.0,29.56,30.25,29.68,23.56,28.88,928.2,25.0,-40.0,1.0,1.0,0.0,0.0,0.0,317.0
2026-07-21 16:02:22.922,29.0,29.62,30.31,29.62,23.5,28.88,928.2,25.0,-40.0,1.0,1.0,0.0,0.0,0.0,317.0
2026-07-21 16:02:23.122,29.0,29.62,30.31,29.62,23.5,28.88,928.2,24.6,-40.0,1.0,1.0,0.0,0.0,0.0,318.0
2026-07-21 16:02:23.321,29.0,29.62,30.31,29.62,23.5,28.88,928.2,24.6,-40.0,1.0,1.0,0.0,0.0,0.0,318.0
2026-07-21 16:02:23.522,29.0,29.62,30.31,29.62,23.5,28.88,928.2,24.6,-40.0,1.0,1.0,0.0,0.0,0.0,318.0
2026-07-21 16:02:23.722,29.0,29.62,30.31,29.62,23.5,28.89,928.2,24.7,-40.0,1.0,1.0,0.0,0.0,0.0,318.0
2026-07-21 16:02:23.921,28.93,29.62,30.25,29.68,23.43,28.89,928.2,24.7,-40.0,1.0,1.0,0.0,0.0,0.0,318.0
2026-07-21 16:02:24.122,28.93,29.62,30.25,29.68,23.43,28.88,928.2,24.8,-40.0,1.0,1.0,0.0,0.0,0.0,319.0
2026-07-21 16:02:24.322,28.93,29.62,30.25,29.68,23.43,28.88,928.2,24.8,-40.0,1.0,1.0,0.0,0.0,0.0,319.0
2026-07-21 16:02:24.521,28.93,29.62,30.25,29.68,23.43,28.88,928.2,24.8,-40.0,1.0,1.0,0.0,0.0,0.0,319.0
2026-07-21 16:02:24.722,28.93,29.62,30.25,29.68,23.43,28.88,928.2,24.4,-40.0,1.0,1.0,0.0,0.0,0.0,319.0
2026-07-21 16:02:24.922,28.93,29.62,30.25,29.62,23.31,28.88,928.2,24.4,-40.0,1.0,1.0,0.0,0.0,0.0,319.0
2026-07-21 16:02:25.123,28.93,29.62,30.25,29.62,23.31,28.89,928.2,24.3,-40.0,1.0,1.0,0.0,0.0,0.0,320.0
2026-07-21 16:02:25.321,28.93,29.62,30.25,29.62,23.31,28.89,928.2,24.3,-40.0,1.0,1.0,0.0,0.0,0.0,320.0
2026-07-21 16:02:25.522,28.93,29.62,30.25,29.62,23.31,28.89,928.2,24.3,-40.0,1.0,1.0,0.0,0.0,0.0,320.0
2026-07-21 16:02:25.722,28.93,29.62,30.25,29.62,23.31,28.88,928.2,24.3,-40.0,1.0,1.0,0.0,0.0,0.0,320.0
2026-07-21 16:02:25.921,28.93,29.62,30.25,29.68,23.18,28.88,928.2,24.3,-40.0,1.0,1.0,0.0,0.0,0.0,320.0
2026-07-21 16:02:26.122,28.93,29.62,30.25,29.68,23.18,28.88,928.2,24.0,-40.0,1.0,1.0,0.0,0.0,0.0,321.0
2026-07-21 16:02:26.321,28.93,29.62,30.25,29.68,23.18,28.88,928.2,24.0,-40.0,1.0,1.0,0.0,0.0,0.0,321.0
2026-07-21 16:02:26.522,28.93,29.62,30.25,29.68,23.18,28.88,928.2,24.0,-40.0,1.0,1.0,0.0,0.0,0.0,321.0
2026-07-21 16:02:26.722,28.93,29.62,30.25,29.68,23.18,28.88,928.2,24.7,-40.0,1.0,1.0,0.0,0.0,0.0,321.0
2026-07-21 16:02:26.934,28.93,29.62,30.25,29.68,23.12,28.88,928.2,24.7,-40.0,1.0,1.0,0.0,0.0,0.0,321.0
2026-07-21 16:02:27.121,28.93,29.62,30.25,29.68,23.12,28.88,928.2,24.3,-40.0,1.0,1.0,0.0,0.0,0.0,322.0
2026-07-21 16:02:27.322,28.93,29.62,30.25,29.68,23.12,28.88,928.2,24.3,-40.0,1.0,1.0,0.0,0.0,0.0,322.0
2026-07-21 16:02:27.521,28.93,29.62,30.25,29.68,23.12,28.88,928.2,24.3,-40.0,1.0,1.0,0.0,0.0,0.0,322.0
2026-07-21 16:02:27.722,28.93,29.62,30.25,29.68,23.12,28.88,928.2,24.7,-40.0,1.0,1.0,0.0,0.0,0.0,322.0
2026-07-21 16:02:27.922,28.93,29.56,30.31,29.68,23.06,28.88,928.2,24.7,-40.0,1.0,1.0,0.0,0.0,0.0,322.0
2026-07-21 16:02:28.121,28.93,29.56,30.31,29.68,23.06,28.88,928.2,24.7,-40.0,1.0,1.0,0.0,0.0,0.0,323.0
2026-07-21 16:02:28.321,28.93,29.56,30.31,29.68,23.06,28.88,928.2,24.7,-40.0,1.0,1.0,0.0,0.0,0.0,323.0
2026-07-21 16:02:28.521,28.93,29.56,30.31,29.68,23.06,28.88,928.2,24.7,-40.0,1.0,1.0,0.0,0.0,0.0,323.0
2026-07-21 16:02:28.721,28.93,29.56,30.31,29.68,23.06,28.88,928.2,24.8,-40.0,1.0,1.0,0.0,0.0,0.0,323.0
2026-07-21 16:02:28.921,28.93,29.62,30.25,29.68,23.0,28.88,928.2,24.8,-40.0,1.0,1.0,0.0,0.0,0.0,323.0
2026-07-21 16:02:29.122,28.93,29.62,30.25,29.68,23.0,28.87,928.1,24.4,-40.0,1.0,1.0,0.0,0.0,0.0,324.0
2026-07-21 16:02:29.322,28.93,29.62,30.25,29.68,23.0,28.87,928.1,24.4,-40.0,1.0,1.0,0.0,0.0,0.0,324.0
2026-07-21 16:02:29.521,28.93,29.62,30.25,29.68,23.0,28.87,928.1,24.4,-40.0,1.0,1.0,0.0,0.0,0.0,324.0
2026-07-21 16:02:29.722,28.93,29.62,30.25,29.68,23.0,28.88,928.2,24.5,-40.0,1.0,1.0,0.0,0.0,0.0,324.0
2026-07-21 16:02:29.921,28.93,29.56,30.25,29.68,22.93,28.88,928.2,24.5,-40.0,1.0,1.0,0.0,0.0,0.0,324.0
2026-07-21 16:02:30.122,28.93,29.56,30.25,29.68,22.93,28.88,928.3,24.8,-40.0,1.0,1.0,0.0,0.0,0.0,325.0
2026-07-21 16:02:30.321,28.93,29.56,30.25,29.68,22.93,28.88,928.3,24.8,-40.0,1.0,1.0,0.0,0.0,0.0,325.0
2026-07-21 16:02:30.522,28.93,29.56,30.25,29.68,22.93,28.88,928.3,24.8,-40.0,1.0,1.0,0.0,0.0,0.0,325.0
2026-07-21 16:02:30.721,28.93,29.56,30.25,29.68,22.93,28.88,928.2,24.6,-40.0,1.0,1.0,0.0,0.0,0.0,325.0
2026-07-21 16:02:30.921,28.93,29.56,30.25,29.68,22.81,28.88,928.2,24.6,-40.0,1.0,1.0,0.0,0.0,0.0,325.0
2026-07-21 16:02:31.121,28.93,29.56,30.25,29.68,22.81,28.88,928.2,25.0,-40.0,1.0,1.0,0.0,0.0,0.0,326.0
2026-07-21 16:02:31.321,28.93,29.56,30.25,29.68,22.81,28.88,928.2,25.0,-40.0,1.0,1.0,0.0,0.0,0.0,326.0
2026-07-21 16:02:31.521,28.93,29.56,30.25,29.68,22.81,28.88,928.2,25.0,-40.0,1.0,1.0,0.0,0.0,0.0,326.0
2026-07-21 16:02:31.722,28.93,29.56,30.25,29.68,22.81,28.88,928.2,24.4,-40.0,1.0,1.0,0.0,0.0,0.0,326.0
2026-07-21 16:02:31.921,28.93,29.56,30.25,29.68,22.75,28.88,928.2,24.4,-40.0,1.0,1.0,0.0,0.0,0.0,326.0
2026-07-21 16:02:32.122,28.93,29.56,30.25,29.68,22.75,28.88,928.2,25.0,-40.0,1.0,1.0,0.0,0.0,0.0,327.0
2026-07-21 16:02:32.321,28.93,29.56,30.25,29.68,22.75,28.88,928.2,25.0,-40.0,1.0,1.0,0.0,0.0,0.0,327.0
2026-07-21 16:02:32.521,28.93,29.56,30.25,29.68,22.75,28.88,928.2,25.0,-40.0,1.0,1.0,0.0,0.0,0.0,327.0
2026-07-21 16:02:32.722,28.93,29.56,30.25,29.68,22.75,28.88,928.2,24.8,-40.0,1.0,1.0,0.0,0.0,0.0,327.0
2026-07-21 16:02:32.921,28.87,29.56,30.31,29.68,22.68,28.88,928.2,24.8,-40.0,1.0,1.0,0.0,0.0,0.0,327.0
2026-07-21 16:02:33.121,28.87,29.56,30.31,29.68,22.68,28.88,928.2,24.5,-40.0,1.0,1.0,0.0,0.0,0.0,328.0
2026-07-21 16:02:33.322,28.87,29.56,30.31,29.68,22.68,28.88,928.2,24.5,-40.0,1.0,1.0,0.0,0.0,0.0,328.0
2026-07-21 16:02:33.521,28.87,29.56,30.31,29.68,22.68,28.88,928.2,24.5,-40.0,1.0,1.0,0.0,0.0,0.0,328.0
2026-07-21 16:02:33.722,28.87,29.56,30.31,29.68,22.68,28.87,928.2,24.9,-40.0,1.0,1.0,0.0,0.0,0.0,328.0
2026-07-21 16:02:33.922,28.87,29.56,30.31,29.68,22.62,28.87,928.2,24.9,-40.0,1.0,1.0,0.0,0.0,0.0,328.0
2026-07-21 16:02:34.128,28.87,29.56,30.31,29.68,22.62,28.87,928.2,24.5,-40.0,1.0,1.0,0.0,0.0,0.0,329.0
2026-07-21 16:02:34.322,28.87,29.56,30.31,29.68,22.62,28.87,928.2,24.5,-40.0,1.0,1.0,0.0,0.0,0.0,329.0
2026-07-21 16:02:34.521,28.87,29.56,30.31,29.68,22.62,28.87,928.2,24.5,-40.0,1.0,1.0,0.0,0.0,0.0,329.0
2026-07-21 16:02:34.721,28.87,29.56,30.31,29.68,22.62,28.88,928.2,24.6,-40.0,1.0,1.0,0.0,0.0,0.0,329.0
2026-07-21 16:02:34.922,28.87,29.56,30.25,29.68,22.5,28.88,928.2,24.6,-40.0,1.0,1.0,0.0,0.0,0.0,329.0
2026-07-21 16:02:35.122,28.87,29.56,30.25,29.68,22.5,28.88,928.2,24.7,-40.0,1.0,1.0,0.0,0.0,0.0,330.0
2026-07-21 16:02:35.322,28.87,29.56,30.25,29.68,22.5,28.88,928.2,24.7,-40.0,1.0,1.0,0.0,0.0,0.0,330.0
2026-07-21 16:02:35.521,28.87,29.56,30.25,29.68,22.5,28.88,928.2,24.7,-40.0,1.0,1.0,0.0,0.0,0.0,330.0
2026-07-21 16:02:35.721,28.87,29.56,30.25,29.68,22.5,28.88,928.2,24.8,-40.0,1.0,1.0,0.0,0.0,0.0,330.0
2026-07-21 16:02:35.921,28.87,29.56,30.25,29.68,22.43,28.88,928.2,24.8,-40.0,1.0,1.0,0.0,0.0,0.0,330.0
2026-07-21 16:02:36.122,28.87,29.56,30.25,29.68,22.43,28.87,928.2,24.4,-40.0,1.0,1.0,0.0,0.0,0.0,331.0
2026-07-21 16:02:36.321,28.87,29.56,30.25,29.68,22.43,28.87,928.2,24.4,-40.0,1.0,1.0,0.0,0.0,0.0,331.0
2026-07-21 16:02:36.521,28.87,29.56,30.25,29.68,22.43,28.87,928.2,24.4,-40.0,1.0,1.0,0.0,0.0,0.0,331.0
2026-07-21 16:02:36.721,28.87,29.56,30.25,29.68,22.43,28.88,928.2,24.4,-40.0,1.0,1.0,0.0,0.0,0.0,331.0
2026-07-21 16:02:36.921,28.87,29.56,30.25,29.68,22.37,28.88,928.2,24.4,-40.0,1.0,1.0,0.0,0.0,0.0,331.0
2026-07-21 16:02:37.122,28.87,29.56,30.25,29.68,22.37,28.88,928.2,24.5,-40.0,1.0,1.0,0.0,0.0,0.0,332.0
2026-07-21 16:02:37.322,28.87,29.56,30.25,29.68,22.37,28.88,928.2,24.5,-40.0,1.0,1.0,0.0,0.0,0.0,332.0
2026-07-21 16:02:37.521,28.87,29.56,30.25,29.68,22.37,28.88,928.2,24.5,-40.0,1.0,1.0,0.0,0.0,0.0,332.0
2026-07-21 16:02:37.722,28.87,29.56,30.25,29.68,22.37,28.87,928.2,24.6,-40.0,1.0,1.0,0.0,0.0,0.0,332.0
2026-07-21 16:02:37.921,28.87,29.56,30.25,29.68,22.31,28.87,928.2,24.6,-40.0,1.0,1.0,0.0,0.0,0.0,332.0
2026-07-21 16:02:38.121,28.87,29.56,30.25,29.68,22.31,28.88,928.2,24.9,-40.0,1.0,1.0,0.0,0.0,0.0,333.0
2026-07-21 16:02:38.323,28.87,29.56,30.25,29.68,22.31,28.88,928.2,24.9,-40.0,1.0,1.0,0.0,0.0,0.0,333.0
2026-07-21 16:02:38.521,28.87,29.56,30.25,29.68,22.31,28.88,928.2,24.9,-40.0,1.0,1.0,0.0,0.0,0.0,333.0
2026-07-21 16:02:38.721,28.87,29.56,30.25,29.68,22.31,28.87,928.2,24.5,-40.0,1.0,1.0,0.0,0.0,0.0,333.0
2026-07-21 16:02:38.921,28.87,29.56,30.25,29.68,22.25,28.87,928.2,24.5,-40.0,1.0,1.0,0.0,0.0,0.0,333.0
2026-07-21 16:02:39.122,28.87,29.56,30.25,29.68,22.25,28.87,928.2,25.1,-40.0,1.0,1.0,0.0,0.0,0.0,334.0
2026-07-21 16:02:39.322,28.87,29.56,30.25,29.68,22.25,28.87,928.2,25.1,-40.0,1.0,1.0,0.0,0.0,0.0,334.0
2026-07-21 16:02:39.521,28.87,29.56,30.25,29.68,22.25,28.87,928.2,25.1,-40.0,1.0,1.0,0.0,0.0,0.0,334.0
2026-07-21 16:02:39.722,28.87,29.56,30.25,29.68,22.25,28.87,928.2,24.9,-40.0,1.0,1.0,0.0,0.0,0.0,334.0
2026-07-21 16:02:39.921,28.87,29.56,30.31,29.68,22.18,28.87,928.2,24.9,-40.0,1.0,1.0,0.0,0.0,0.0,334.0
2026-07-21 16:02:40.121,28.87,29.56,30.31,29.68,22.18,28.87,928.2,24.8,-40.0,1.0,1.0,0.0,0.0,0.0,335.0
2026-07-21 16:02:40.321,28.87,29.56,30.31,29.68,22.18,28.87,928.2,24.8,-40.0,1.0,1.0,0.0,0.0,0.0,335.0
2026-07-21 16:02:40.521,28.87,29.56,30.31,29.68,22.18,28.87,928.2,24.8,-40.0,1.0,1.0,0.0,0.0,0.0,335.0
2026-07-21 16:02:40.721,28.87,29.56,30.31,29.68,22.18,28.87,928.2,24.4,-40.0,1.0,1.0,0.0,0.0,0.0,335.0
2026-07-21 16:02:40.921,28.87,29.56,30.25,29.68,22.12,28.87,928.2,24.4,-40.0,1.0,1.0,0.0,0.0,0.0,335.0
2026-07-21 16:02:41.121,28.87,29.56,30.25,29.68,22.12,28.87,928.2,24.5,-40.0,1.0,1.0,0.0,0.0,0.0,336.0
2026-07-21 16:02:41.321,28.87,29.56,30.25,29.68,22.12,28.87,928.2,24.5,-40.0,1.0,1.0,0.0,0.0,0.0,336.0
2026-07-21 16:02:41.522,28.87,29.56,30.25,29.68,22.12,28.87,928.2,24.5,-40.0,1.0,1.0,0.0,0.0,0.0,336.0
2026-07-21 16:02:41.722,28.87,29.56,30.25,29.68,22.12,28.87,928.2,24.5,-40.0,1.0,1.0,0.0,0.0,0.0,336.0
2026-07-21 16:02:41.922,28.87,29.56,30.31,29.68,22.0,28.87,928.2,24.5,-40.0,1.0,1.0,0.0,0.0,0.0,336.0
2026-07-21 16:02:42.121,28.87,29.56,30.31,29.68,22.0,28.87,928.3,25.0,-40.0,1.0,1.0,0.0,0.0,0.0,337.0
2026-07-21 16:02:42.322,28.87,29.56,30.31,29.68,22.0,28.87,928.3,25.0,-40.0,1.0,1.0,0.0,0.0,0.0,337.0
2026-07-21 16:02:42.522,28.87,29.56,30.31,29.68,22.0,28.87,928.3,25.0,-40.0,1.0,1.0,0.0,0.0,0.0,337.0
2026-07-21 16:02:42.722,28.87,29.56,30.31,29.68,22.0,28.87,928.2,24.4,-40.0,1.0,1.0,0.0,0.0,0.0,337.0
2026-07-21 16:02:42.921,28.87,29.56,30.25,29.68,21.93,28.87,928.2,24.4,-40.0,1.0,1.0,0.0,0.0,0.0,337.0
2026-07-21 16:02:43.121,28.87,29.56,30.25,29.68,21.93,28.87,928.2,24.8,-40.0,1.0,1.0,0.0,0.0,0.0,338.0
2026-07-21 16:02:43.322,28.87,29.56,30.25,29.68,21.93,28.87,928.2,24.8,-40.0,1.0,1.0,0.0,0.0,0.0,338.0
2026-07-21 16:02:43.520,28.87,29.56,30.25,29.68,21.93,28.87,928.2,24.8,-40.0,1.0,1.0,0.0,0.0,0.0,338.0
2026-07-21 16:02:43.722,28.87,29.56,30.25,29.68,21.93,28.87,928.2,24.9,-40.0,1.0,1.0,0.0,0.0,0.0,338.0
2026-07-21 16:02:43.921,28.87,29.56,30.25,29.68,21.87,28.87,928.2,24.9,-40.0,1.0,1.0,0.0,0.0,0.0,338.0
2026-07-21 16:02:44.121,28.87,29.56,30.25,29.68,21.87,28.87,928.2,24.8,-40.0,1.0,1.0,0.0,0.0,0.0,339.0
2026-07-21 16:02:44.322,28.87,29.56,30.25,29.68,21.87,28.87,928.2,24.8,-40.0,1.0,1.0,0.0,0.0,0.0,339.0
2026-07-21 16:02:44.521,28.87,29.56,30.25,29.68,21.87,28.87,928.2,24.8,-40.0,1.0,1.0,0.0,0.0,0.0,339.0
2026-07-21 16:02:44.721,28.87,29.56,30.25,29.68,21.87,28.87,928.2,24.3,-40.0,1.0,1.0,0.0,0.0,0.0,339.0
2026-07-21 16:02:44.921,28.87,29.56,30.25,29.68,21.81,28.87,928.2,24.3,-40.0,1.0,1.0,0.0,0.0,0.0,339.0
2026-07-21 16:02:45.121,28.87,29.56,30.25,29.68,21.81,28.87,928.2,24.7,-40.0,1.0,1.0,0.0,0.0,0.0,340.0
2026-07-21 16:02:45.321,28.87,29.56,30.25,29.68,21.81,28.87,928.2,24.7,-40.0,1.0,1.0,0.0,0.0,0.0,340.0
2026-07-21 16:02:45.547,28.87,29.56,30.25,29.68,21.81,28.87,928.2,24.7,-40.0,1.0,1.0,0.0,0.0,0.0,340.0
2026-07-21 16:02:45.721,28.87,29.56,30.25,29.68,21.81,28.87,928.2,24.9,-40.0,1.0,1.0,0.0,0.0,0.0,340.0
2026-07-21 16:02:45.921,28.87,29.56,30.25,29.62,21.75,28.87,928.2,24.9,-40.0,1.0,1.0,0.0,0.0,0.0,340.0
2026-07-21 16:02:46.121,28.87,29.56,30.25,29.62,21.75,28.87,928.2,24.5,-40.0,1.0,1.0,0.0,0.0,0.0,341.0
2026-07-21 16:02:46.322,28.87,29.56,30.25,29.62,21.75,28.87,928.2,24.5,-40.0,1.0,1.0,0.0,0.0,0.0,341.0
2026-07-21 16:02:46.521,28.87,29.56,30.25,29.62,21.75,28.87,928.2,24.5,-40.0,1.0,1.0,0.0,0.0,0.0,341.0
2026-07-21 16:02:46.721,28.87,29.56,30.25,29.62,21.75,28.87,928.2,25.0,-40.0,1.0,1.0,0.0,0.0,0.0,341.0
2026-07-21 16:02:46.921,28.87,29.56,30.25,29.62,21.68,28.87,928.2,25.0,-40.0,1.0,1.0,0.0,0.0,0.0,341.0
2026-07-21 16:02:47.121,28.87,29.56,30.25,29.62,21.68,28.87,928.2,24.6,-40.0,1.0,1.0,0.0,0.0,0.0,342.0
2026-07-21 16:02:47.321,28.87,29.56,30.25,29.62,21.68,28.87,928.2,24.6,-40.0,1.0,1.0,0.0,0.0,0.0,342.0
2026-07-21 16:02:47.521,28.87,29.56,30.25,29.62,21.68,28.87,928.2,24.6,-40.0,1.0,1.0,0.0,0.0,0.0,342.0
2026-07-21 16:02:47.721,28.87,29.56,30.25,29.62,21.68,28.87,928.2,24.7,-40.0,1.0,1.0,0.0,0.0,0.0,342.0
2026-07-21 16:02:47.921,28.87,29.56,30.25,29.68,21.62,28.87,928.2,24.7,-40.0,1.0,1.0,0.0,0.0,0.0,342.0
2026-07-21 16:02:48.121,28.87,29.56,30.25,29.68,21.62,28.87,928.2,24.5,-40.0,1.0,1.0,0.0,0.0,0.0,343.0
2026-07-21 16:02:48.321,28.87,29.56,30.25,29.68,21.62,28.87,928.2,24.5,-40.0,1.0,1.0,0.0,0.0,0.0,343.0
2026-07-21 16:02:48.521,28.87,29.56,30.25,29.68,21.62,28.87,928.2,24.5,-40.0,1.0,1.0,0.0,0.0,0.0,343.0
2026-07-21 16:02:48.721,28.87,29.56,30.25,29.68,21.62,28.87,928.2,24.8,-40.0,1.0,1.0,0.0,0.0,0.0,343.0
2026-07-21 16:02:48.921,28.81,29.56,30.25,29.68,21.5,28.87,928.2,24.8,-40.0,1.0,1.0,0.0,0.0,0.0,343.0
2026-07-21 16:02:49.121,28.81,29.56,30.25,29.68,21.5,28.87,928.1,24.4,-40.0,1.0,1.0,0.0,0.0,0.0,344.0
2026-07-21 16:02:49.321,28.81,29.56,30.25,29.68,21.5,28.87,928.1,24.4,-40.0,1.0,1.0,0.0,0.0,0.0,344.0
2026-07-21 16:02:49.521,28.81,29.56,30.25,29.68,21.5,28.87,928.1,24.4,-40.0,1.0,1.0,0.0,0.0,0.0,344.0
2026-07-21 16:02:49.721,28.81,29.56,30.25,29.68,21.5,28.87,928.2,24.5,-40.0,1.0,1.0,0.0,0.0,0.0,344.0
2026-07-21 16:02:49.921,28.87,29.56,30.25,29.68,21.43,28.87,928.2,24.5,-40.0,1.0,1.0,0.0,0.0,0.0,344.0
2026-07-21 16:02:50.122,28.87,29.56,30.25,29.68,21.43,28.87,928.1,24.8,-40.0,1.0,1.0,0.0,0.0,0.0,345.0
2026-07-21 16:02:50.320,28.87,29.56,30.25,29.68,21.43,28.87,928.1,24.8,-40.0,1.0,1.0,0.0,0.0,0.0,345.0
2026-07-21 16:02:50.521,28.87,29.56,30.25,29.68,21.43,28.87,928.1,24.8,-40.0,1.0,1.0,0.0,0.0,0.0,345.0
2026-07-21 16:02:50.721,28.87,29.56,30.25,29.68,21.43,28.87,928.1,24.8,-40.0,1.0,1.0,0.0,0.0,0.0,345.0
2026-07-21 16:02:50.921,28.81,29.56,30.31,29.62,21.37,28.87,928.1,24.8,-40.0,1.0,1.0,0.0,0.0,0.0,345.0
2026-07-21 16:02:51.121,28.81,29.56,30.31,29.62,21.37,28.87,928.2,24.1,-40.0,1.0,1.0,0.0,0.0,0.0,346.0
2026-07-21 16:02:51.322,28.81,29.56,30.31,29.62,21.37,28.87,928.2,24.1,-40.0,1.0,1.0,0.0,0.0,0.0,346.0
2026-07-21 16:02:51.521,28.81,29.56,30.31,29.62,21.37,28.87,928.2,24.1,-40.0,1.0,1.0,0.0,0.0,0.0,346.0
2026-07-21 16:02:51.721,28.81,29.56,30.31,29.62,21.37,28.87,928.2,24.8,-40.0,1.0,1.0,0.0,0.0,0.0,346.0
2026-07-21 16:02:51.921,28.87,29.56,30.31,29.68,21.31,28.87,928.2,24.8,-40.0,1.0,1.0,0.0,0.0,0.0,346.0
2026-07-21 16:02:52.121,28.87,29.56,30.31,29.68,21.31,28.87,928.2,24.8,-40.0,1.0,1.0,0.0,0.0,0.0,347.0
2026-07-21 16:02:52.320,28.87,29.56,30.31,29.68,21.31,28.87,928.2,24.8,-40.0,1.0,1.0,0.0,0.0,0.0,347.0
2026-07-21 16:02:52.521,28.87,29.56,30.31,29.68,21.31,28.87,928.2,24.8,-40.0,1.0,1.0,0.0,0.0,0.0,347.0
2026-07-21 16:02:52.721,28.87,29.56,30.31,29.68,21.31,28.87,928.2,24.7,-40.0,1.0,1.0,0.0,0.0,0.0,347.0
2026-07-21 16:02:52.921,28.87,29.56,30.25,29.62,21.25,28.87,928.2,24.7,-40.0,1.0,1.0,0.0,0.0,0.0,347.0
2026-07-21 16:02:53.121,28.87,29.56,30.25,29.62,21.25,28.87,928.2,24.9,-40.0,1.0,1.0,0.0,0.0,0.0,348.0
2026-07-21 16:02:53.320,28.87,29.56,30.25,29.62,21.25,28.87,928.2,24.9,-40.0,1.0,1.0,0.0,0.0,0.0,348.0
2026-07-21 16:02:53.521,28.87,29.56,30.25,29.62,21.25,28.87,928.2,24.9,-40.0,1.0,1.0,0.0,0.0,0.0,348.0
2026-07-21 16:02:53.721,28.87,29.56,30.25,29.62,21.25,28.87,928.2,24.3,-40.0,1.0,1.0,0.0,0.0,0.0,348.0
2026-07-21 16:02:53.921,28.87,29.56,30.31,29.68,21.18,28.87,928.2,24.3,-40.0,1.0,1.0,0.0,0.0,0.0,348.0
2026-07-21 16:02:54.121,28.87,29.56,30.31,29.68,21.18,28.87,928.2,24.4,-40.0,1.0,1.0,0.0,0.0,0.0,349.0
2026-07-21 16:02:54.320,28.87,29.56,30.31,29.68,21.18,28.87,928.2,24.4,-40.0,1.0,1.0,0.0,0.0,0.0,349.0
2026-07-21 16:02:54.521,28.87,29.56,30.31,29.68,21.18,28.87,928.2,24.4,-40.0,1.0,1.0,0.0,0.0,0.0,349.0
2026-07-21 16:02:54.721,28.87,29.56,30.31,29.68,21.18,28.87,928.2,24.6,-40.0,1.0,1.0,0.0,0.0,0.0,349.0
2026-07-21 16:02:54.921,28.81,29.56,30.25,29.62,21.12,28.87,928.2,24.6,-40.0,1.0,1.0,0.0,0.0,0.0,349.0
2026-07-21 16:02:55.121,28.81,29.56,30.25,29.62,21.12,28.87,928.2,25.0,-40.0,1.0,1.0,0.0,0.0,0.0,350.0
2026-07-21 16:02:55.321,28.81,29.56,30.25,29.62,21.12,28.87,928.2,25.0,-40.0,1.0,1.0,0.0,0.0,0.0,350.0
2026-07-21 16:02:55.521,28.81,29.56,30.25,29.62,21.12,28.87,928.2,25.0,-40.0,1.0,1.0,0.0,0.0,0.0,350.0
2026-07-21 16:02:55.721,28.81,29.56,30.25,29.62,21.12,28.87,928.2,24.3,-40.0,1.0,1.0,0.0,0.0,0.0,350.0
2026-07-21 16:02:55.921,28.87,29.56,30.31,29.68,21.06,28.87,928.2,24.3,-40.0,1.0,1.0,0.0,0.0,0.0,350.0
2026-07-21 16:02:56.121,28.87,29.56,30.31,29.68,21.06,28.87,928.2,24.3,-40.0,1.0,1.0,0.0,0.0,0.0,351.0
2026-07-21 16:02:56.321,28.87,29.56,30.31,29.68,21.06,28.87,928.2,24.3,-40.0,1.0,1.0,0.0,0.0,0.0,351.0
2026-07-21 16:02:56.521,28.87,29.56,30.31,29.68,21.06,28.87,928.2,24.3,-40.0,1.0,1.0,0.0,0.0,0.0,351.0
2026-07-21 16:02:56.721,28.87,29.56,30.31,29.68,21.06,28.87,928.2,24.7,-40.0,1.0,1.0,0.0,0.0,0.0,351.0
2026-07-21 16:02:56.921,28.81,29.56,30.25,29.68,21.0,28.87,928.2,24.7,-40.0,1.0,1.0,0.0,0.0,0.0,351.0
2026-07-21 16:02:57.121,28.81,29.56,30.25,29.68,21.0,28.87,928.2,24.8,-40.0,1.0,1.0,0.0,0.0,0.0,352.0
2026-07-21 16:02:57.321,28.81,29.56,30.25,29.68,21.0,28.87,928.2,24.8,-40.0,1.0,1.0,0.0,0.0,0.0,352.0
2026-07-21 16:02:57.521,28.81,29.56,30.25,29.68,21.0,28.87,928.2,24.8,-40.0,1.0,1.0,0.0,0.0,0.0,352.0
2026-07-21 16:02:57.721,28.81,29.56,30.25,29.68,21.0,28.87,928.2,24.6,-40.0,1.0,1.0,0.0,0.0,0.0,352.0
2026-07-21 16:02:57.921,28.87,29.56,30.25,29.68,20.93,28.87,928.2,24.6,-40.0,1.0,1.0,0.0,0.0,0.0,352.0
2026-07-21 16:02:58.121,28.87,29.56,30.25,29.68,20.93,28.87,928.2,24.3,-40.0,1.0,1.0,0.0,0.0,0.0,353.0
2026-07-21 16:02:58.321,28.87,29.56,30.25,29.68,20.93,28.87,928.2,24.3,-40.0,1.0,1.0,0.0,0.0,0.0,353.0
2026-07-21 16:02:58.521,28.87,29.56,30.25,29.68,20.93,28.87,928.2,24.3,-40.0,1.0,1.0,0.0,0.0,0.0,353.0
2026-07-21 16:02:58.721,28.87,29.56,30.25,29.68,20.93,28.87,928.2,24.4,-40.0,1.0,1.0,0.0,0.0,0.0,353.0
2026-07-21 16:02:58.921,28.87,29.56,30.25,29.68,20.87,28.87,928.2,24.4,-40.0,1.0,1.0,0.0,0.0,0.0,353.0
2026-07-21 16:02:59.121,28.87,29.56,30.25,29.68,20.87,28.88,928.2,24.6,-40.0,1.0,1.0,0.0,0.0,0.0,354.0
2026-07-21 16:02:59.321,28.87,29.56,30.25,29.68,20.87,28.88,928.2,24.6,-40.0,1.0,1.0,0.0,0.0,0.0,354.0
2026-07-21 16:02:59.521,28.87,29.56,30.25,29.68,20.87,28.88,928.2,24.6,-40.0,1.0,1.0,0.0,0.0,0.0,354.0
2026-07-21 16:02:59.721,28.87,29.56,30.25,29.68,20.87,28.87,928.2,24.9,-40.0,1.0,1.0,0.0,0.0,0.0,354.0
2026-07-21 16:02:59.921,28.87,29.56,30.31,29.68,20.81,28.87,928.2,24.9,-40.0,1.0,1.0,0.0,0.0,0.0,354.0
2026-07-21 16:03:00.121,28.87,29.56,30.31,29.68,20.81,28.87,928.2,24.5,-40.0,1.0,1.0,0.0,0.0,0.0,355.0
2026-07-21 16:03:00.320,28.87,29.56,30.31,29.68,20.81,28.87,928.2,24.5,-40.0,1.0,1.0,0.0,0.0,0.0,355.0
2026-07-21 16:03:00.521,28.87,29.56,30.31,29.68,20.81,28.87,928.2,24.5,-40.0,1.0,1.0,0.0,0.0,0.0,355.0
2026-07-21 16:03:00.721,28.87,29.56,30.31,29.68,20.81,28.87,928.2,24.9,-40.0,1.0,1.0,0.0,0.0,0.0,355.0
2026-07-21 16:03:00.921,28.87,29.56,30.25,29.68,20.75,28.87,928.2,24.9,-40.0,1.0,1.0,0.0,0.0,0.0,355.0
2026-07-21 16:03:01.121,28.87,29.56,30.25,29.68,20.75,28.87,928.2,24.4,-40.0,1.0,1.0,0.0,0.0,0.0,356.0
2026-07-21 16:03:01.320,28.87,29.56,30.25,29.68,20.75,28.87,928.2,24.4,-40.0,1.0,1.0,0.0,0.0,0.0,356.0
2026-07-21 16:03:01.520,28.87,29.56,30.25,29.68,20.75,28.87,928.2,24.4,-40.0,1.0,1.0,0.0,0.0,0.0,356.0
2026-07-21 16:03:01.721,28.87,29.56,30.25,29.68,20.75,28.87,928.1,24.6,-40.0,1.0,1.0,0.0,0.0,0.0,356.0
2026-07-21 16:03:01.921,28.81,29.56,30.31,29.62,20.68,28.87,928.1,24.6,-40.0,1.0,1.0,0.0,0.0,0.0,356.0
2026-07-21 16:03:02.120,28.81,29.56,30.31,29.62,20.68,28.87,928.2,24.8,-40.0,1.0,1.0,0.0,0.0,0.0,357.0
2026-07-21 16:03:02.320,28.81,29.56,30.31,29.62,20.68,28.87,928.2,24.8,-40.0,1.0,1.0,0.0,0.0,0.0,357.0
2026-07-21 16:03:02.521,28.81,29.56,30.31,29.62,20.68,28.87,928.2,24.8,-40.0,1.0,1.0,0.0,0.0,0.0,357.0
2026-07-21 16:03:02.721,28.81,29.56,30.31,29.62,20.68,28.87,928.2,24.5,-40.0,1.0,1.0,0.0,0.0,0.0,357.0
2026-07-21 16:03:02.921,28.87,29.56,30.25,29.68,20.62,28.87,928.2,24.5,-40.0,1.0,1.0,0.0,0.0,0.0,357.0
2026-07-21 16:03:03.121,28.87,29.56,30.25,29.68,20.62,28.87,928.1,24.6,-40.0,1.0,1.0,0.0,0.0,0.0,358.0
2026-07-21 16:03:03.320,28.87,29.56,30.25,29.68,20.62,28.87,928.1,24.6,-40.0,1.0,1.0,0.0,0.0,0.0,358.0
2026-07-21 16:03:03.521,28.87,29.56,30.25,29.68,20.62,28.87,928.1,24.6,-40.0,1.0,1.0,0.0,0.0,0.0,358.0
2026-07-21 16:03:03.721,28.87,29.56,30.25,29.68,20.62,28.87,928.1,25.0,-40.0,1.0,1.0,0.0,0.0,0.0,358.0
2026-07-21 16:03:03.921,28.87,29.56,30.25,29.68,20.56,28.87,928.1,25.0,-40.0,1.0,1.0,0.0,0.0,0.0,358.0
2026-07-21 16:03:04.121,28.87,29.56,30.25,29.68,20.56,28.87,928.2,24.7,-40.0,1.0,1.0,0.0,0.0,0.0,359.0
2026-07-21 16:03:04.320,28.87,29.56,30.25,29.68,20.56,28.87,928.2,24.7,-40.0,1.0,1.0,0.0,0.0,0.0,359.0
2026-07-21 16:03:04.521,28.87,29.56,30.25,29.68,20.56,28.87,928.2,24.7,-40.0,1.0,1.0,0.0,0.0,0.0,359.0
2026-07-21 16:03:04.721,28.87,29.56,30.25,29.68,20.56,28.87,928.2,24.8,-40.0,1.0,1.0,0.0,0.0,0.0,359.0
2026-07-21 16:03:04.921,28.81,29.56,30.31,29.68,20.5,28.87,928.2,24.8,-40.0,1.0,1.0,0.0,0.0,0.0,359.0
2026-07-21 16:03:05.121,28.81,29.56,30.31,29.68,20.5,28.87,928.1,24.8,-40.0,1.0,1.0,0.0,0.0,0.0,360.0
2026-07-21 16:03:05.320,28.81,29.56,30.31,29.68,20.5,28.87,928.1,24.8,-40.0,1.0,1.0,0.0,0.0,0.0,360.0
2026-07-21 16:03:05.520,28.81,29.56,30.31,29.68,20.5,28.87,928.1,24.8,-40.0,1.0,1.0,0.0,0.0,0.0,360.0
2026-07-21 16:03:05.721,28.81,29.56,30.31,29.68,20.5,28.87,928.2,24.5,-40.0,1.0,1.0,0.0,0.0,0.0,360.0
2026-07-21 16:03:05.921,28.87,29.56,30.25,29.68,20.43,28.87,928.2,24.5,-40.0,1.0,1.0,0.0,0.0,0.0,360.0
2026-07-21 16:03:06.121,28.87,29.56,30.25,29.68,20.43,28.87,928.1,24.4,-40.0,1.0,1.0,0.0,0.0,0.0,361.0
2026-07-21 16:03:06.322,28.87,29.56,30.25,29.68,20.43,28.87,928.1,24.4,-40.0,1.0,1.0,0.0,0.0,0.0,361.0
2026-07-21 16:03:06.521,28.87,29.56,30.25,29.68,20.43,28.87,928.1,24.4,-40.0,1.0,1.0,0.0,0.0,0.0,361.0
2026-07-21 16:03:06.721,28.87,29.56,30.25,29.68,20.43,28.87,928.2,24.9,-40.0,1.0,1.0,0.0,0.0,0.0,361.0
2026-07-21 16:03:06.921,28.81,29.56,30.31,29.68,20.37,28.87,928.2,24.9,-40.0,1.0,1.0,0.0,0.0,0.0,361.0
2026-07-21 16:03:07.121,28.81,29.56,30.31,29.68,20.37,28.87,928.2,24.8,-40.0,1.0,1.0,0.0,0.0,0.0,362.0
2026-07-21 16:03:07.321,28.81,29.56,30.31,29.68,20.37,28.87,928.2,24.8,-40.0,1.0,1.0,0.0,0.0,0.0,362.0
2026-07-21 16:03:07.521,28.81,29.56,30.31,29.68,20.37,28.87,928.2,24.8,-40.0,1.0,1.0,0.0,0.0,0.0,362.0
2026-07-21 16:03:07.721,28.81,29.56,30.31,29.68,20.37,28.87,928.2,24.9,-40.0,1.0,1.0,0.0,0.0,0.0,362.0
2026-07-21 16:03:07.921,28.81,29.62,30.31,29.68,20.31,28.87,928.2,24.9,-40.0,1.0,1.0,0.0,0.0,0.0,362.0
2026-07-21 16:03:08.121,28.81,29.62,30.31,29.68,20.31,28.87,928.2,24.5,-40.0,1.0,1.0,0.0,0.0,0.0,363.0
2026-07-21 16:03:08.321,28.81,29.62,30.31,29.68,20.31,28.87,928.2,24.5,-40.0,1.0,1.0,0.0,0.0,0.0,363.0
2026-07-21 16:03:08.521,28.81,29.62,30.31,29.68,20.31,28.87,928.2,24.5,-40.0,1.0,1.0,0.0,0.0,0.0,363.0
2026-07-21 16:03:08.721,28.81,29.62,30.31,29.68,20.31,28.87,928.2,24.8,-40.0,1.0,1.0,0.0,0.0,0.0,363.0
2026-07-21 16:03:08.921,28.81,29.5,30.31,29.68,20.25,28.87,928.2,24.8,-40.0,1.0,1.0,0.0,0.0,0.0,363.0
2026-07-21 16:03:09.120,28.81,29.5,30.31,29.68,20.25,28.87,928.1,24.8,-40.0,1.0,1.0,0.0,0.0,0.0,364.0
2026-07-21 16:03:09.320,28.81,29.5,30.31,29.68,20.25,28.87,928.1,24.8,-40.0,1.0,1.0,0.0,0.0,0.0,364.0
2026-07-21 16:03:09.521,28.81,29.5,30.31,29.68,20.25,28.87,928.1,24.8,-40.0,1.0,1.0,0.0,0.0,0.0,364.0
2026-07-21 16:03:09.721,28.81,29.5,30.31,29.68,20.25,28.87,928.1,24.9,-40.0,1.0,1.0,0.0,0.0,0.0,364.0
2026-07-21 16:03:09.920,28.81,29.56,30.25,29.68,20.25,28.87,928.1,24.9,-40.0,1.0,1.0,0.0,0.0,0.0,364.0
2026-07-21 16:03:10.121,28.81,29.56,30.25,29.68,20.25,28.87,928.1,24.5,-40.0,1.0,1.0,0.0,0.0,0.0,365.0
2026-07-21 16:03:10.321,28.81,29.56,30.25,29.68,20.25,28.87,928.1,24.5,-40.0,1.0,1.0,0.0,0.0,0.0,365.0
2026-07-21 16:03:10.539,28.81,29.56,30.25,29.68,20.25,28.87,928.1,24.5,-40.0,1.0,1.0,0.0,0.0,0.0,365.0
2026-07-21 16:03:10.721,28.81,29.56,30.25,29.68,20.25,28.87,928.2,24.7,-40.0,1.0,1.0,0.0,0.0,0.0,365.0
2026-07-21 16:03:10.921,28.81,29.56,30.25,29.68,20.18,28.87,928.2,24.7,-40.0,1.0,1.0,0.0,0.0,0.0,365.0
2026-07-21 16:03:11.120,28.81,29.56,30.25,29.68,20.18,28.87,928.1,24.4,-40.0,1.0,1.0,0.0,0.0,0.0,366.0
2026-07-21 16:03:11.321,28.81,29.56,30.25,29.68,20.18,28.87,928.1,24.4,-40.0,1.0,1.0,0.0,0.0,0.0,366.0
2026-07-21 16:03:11.520,28.81,29.56,30.25,29.68,20.18,28.87,928.1,24.4,-40.0,1.0,1.0,0.0,0.0,0.0,366.0
2026-07-21 16:03:11.721,28.81,29.56,30.25,29.68,20.18,28.87,928.2,24.9,-40.0,1.0,1.0,0.0,0.0,0.0,366.0
2026-07-21 16:03:11.920,28.81,29.56,30.31,29.68,20.12,28.87,928.2,24.9,-40.0,1.0,1.0,0.0,0.0,0.0,366.0
2026-07-21 16:03:12.120,28.81,29.56,30.31,29.68,20.12,28.87,928.2,24.5,-40.0,1.0,1.0,0.0,0.0,0.0,367.0
2026-07-21 16:03:12.320,28.81,29.56,30.31,29.68,20.12,28.87,928.2,24.5,-40.0,1.0,1.0,0.0,0.0,0.0,367.0
2026-07-21 16:03:12.520,28.81,29.56,30.31,29.68,20.12,28.87,928.2,24.5,-40.0,1.0,1.0,0.0,0.0,0.0,367.0
2026-07-21 16:03:12.720,28.81,29.56,30.31,29.68,20.12,28.87,928.2,24.7,-40.0,1.0,1.0,0.0,0.0,0.0,367.0
2026-07-21 16:03:12.920,28.81,29.56,30.25,29.62,20.06,28.87,928.2,24.7,-40.0,1.0,1.0,0.0,0.0,0.0,367.0
2026-07-21 16:03:13.121,28.81,29.56,30.25,29.62,20.06,28.87,928.1,24.7,-40.0,1.0,1.0,0.0,0.0,0.0,368.0
2026-07-21 16:03:13.320,28.81,29.56,30.25,29.62,20.06,28.87,928.1,24.7,-40.0,1.0,1.0,0.0,0.0,0.0,368.0
2026-07-21 16:03:13.524,28.81,29.56,30.25,29.62,20.06,28.87,928.1,24.7,-40.0,1.0,1.0,0.0,0.0,0.0,368.0
2026-07-21 16:03:13.720,28.81,29.56,30.25,29.62,20.06,28.87,928.2,24.1,-40.0,1.0,1.0,0.0,0.0,0.0,368.0
2026-07-21 16:03:13.921,28.81,29.56,30.25,29.62,20.0,28.87,928.2,24.1,-40.0,1.0,1.0,0.0,0.0,0.0,368.0
2026-07-21 16:03:14.121,28.81,29.56,30.25,29.62,20.0,28.87,928.2,24.5,-40.0,1.0,1.0,0.0,0.0,0.0,369.0
2026-07-21 16:03:14.321,28.81,29.56,30.25,29.62,20.0,28.87,928.2,24.5,-40.0,1.0,1.0,0.0,0.0,0.0,369.0
2026-07-21 16:03:14.533,28.81,29.56,30.25,29.62,20.0,28.87,928.2,24.5,-40.0,1.0,1.0,0.0,0.0,0.0,369.0
2026-07-21 16:03:14.721,28.81,29.56,30.25,29.62,20.0,28.87,928.1,25.0,-40.0,1.0,1.0,0.0,0.0,0.0,369.0
2026-07-21 16:03:14.921,28.87,29.56,30.31,29.62,19.93,28.87,928.1,25.0,-40.0,1.0,1.0,0.0,0.0,0.0,369.0
2026-07-21 16:03:15.121,28.87,29.56,30.31,29.62,19.93,28.87,928.2,24.2,-40.0,1.0,1.0,0.0,0.0,0.0,370.0
2026-07-21 16:03:15.321,28.87,29.56,30.31,29.62,19.93,28.87,928.2,24.2,-40.0,1.0,1.0,0.0,0.0,0.0,370.0
2026-07-21 16:03:15.545,28.87,29.56,30.31,29.62,19.93,28.87,928.2,24.2,-40.0,1.0,1.0,0.0,0.0,0.0,370.0
2026-07-21 16:03:15.720,28.87,29.56,30.31,29.62,19.93,28.87,928.2,24.4,-40.0,1.0,1.0,0.0,0.0,0.0,370.0
2026-07-21 16:03:15.921,28.81,29.56,30.25,29.62,19.93,28.87,928.2,24.4,-40.0,1.0,1.0,0.0,0.0,0.0,370.0
2026-07-21 16:03:16.121,28.81,29.56,30.25,29.62,19.93,28.87,928.2,24.8,-40.0,1.0,1.0,0.0,0.0,0.0,371.0
2026-07-21 16:03:16.321,28.81,29.56,30.25,29.62,19.93,28.87,928.2,24.8,-40.0,1.0,1.0,0.0,0.0,0.0,371.0
2026-07-21 16:03:16.520,28.81,29.56,30.25,29.62,19.93,28.87,928.2,24.8,-40.0,1.0,1.0,0.0,0.0,0.0,371.0
2026-07-21 16:03:16.720,28.81,29.56,30.25,29.62,19.93,28.87,928.2,24.8,-40.0,1.0,1.0,0.0,0.0,0.0,371.0
2026-07-21 16:03:16.920,28.81,29.56,30.25,29.68,19.87,28.87,928.2,24.8,-40.0,1.0,1.0,0.0,0.0,0.0,371.0
2026-07-21 16:03:17.120,28.81,29.56,30.25,29.68,19.87,28.87,928.1,24.7,-40.0,1.0,1.0,0.0,0.0,0.0,372.0
2026-07-21 16:03:17.320,28.81,29.56,30.25,29.68,19.87,28.87,928.1,24.7,-40.0,1.0,1.0,0.0,0.0,0.0,372.0
2026-07-21 16:03:17.526,28.81,29.56,30.25,29.68,19.87,28.87,928.1,24.7,-40.0,1.0,1.0,0.0,0.0,0.0,372.0
2026-07-21 16:03:17.721,28.81,29.56,30.25,29.68,19.87,28.87,928.2,24.6,-40.0,1.0,1.0,0.0,0.0,0.0,372.0
2026-07-21 16:03:17.920,28.81,29.56,30.25,29.68,19.75,28.87,928.2,24.6,-40.0,1.0,1.0,0.0,0.0,0.0,372.0
2026-07-21 16:03:18.120,28.81,29.56,30.25,29.68,19.75,28.87,928.2,24.7,-40.0,1.0,1.0,0.0,0.0,0.0,373.0
2026-07-21 16:03:18.320,28.81,29.56,30.25,29.68,19.75,28.87,928.2,24.7,-40.0,1.0,1.0,0.0,0.0,0.0,373.0
2026-07-21 16:03:18.520,28.81,29.56,30.25,29.68,19.75,28.87,928.2,24.7,-40.0,1.0,1.0,0.0,0.0,0.0,373.0
2026-07-21 16:03:18.720,28.81,29.56,30.25,29.68,19.75,28.87,928.1,24.6,-40.0,1.0,1.0,0.0,0.0,0.0,373.0
2026-07-21 16:03:18.921,28.81,29.5,30.25,29.68,19.68,28.87,928.1,24.6,-40.0,1.0,1.0,0.0,0.0,0.0,373.0
2026-07-21 16:03:19.121,28.81,29.5,30.25,29.68,19.68,28.87,928.1,24.8,-40.0,1.0,1.0,0.0,0.0,0.0,374.0
2026-07-21 16:03:19.320,28.81,29.5,30.25,29.68,19.68,28.87,928.1,24.8,-40.0,1.0,1.0,0.0,0.0,0.0,374.0
2026-07-21 16:03:19.528,28.81,29.5,30.25,29.68,19.68,28.87,928.1,24.8,-40.0,1.0,1.0,0.0,0.0,0.0,374.0
2026-07-21 16:03:19.720,28.81,29.5,30.25,29.68,19.68,28.87,928.1,24.8,-40.0,1.0,1.0,0.0,0.0,0.0,374.0
2026-07-21 16:03:19.920,28.81,29.56,30.25,29.68,19.68,28.87,928.1,24.8,-40.0,1.0,1.0,0.0,0.0,0.0,374.0
2026-07-21 16:03:20.121,28.81,29.56,30.25,29.68,19.68,28.87,928.2,24.7,-40.0,1.0,1.0,0.0,0.0,0.0,375.0
2026-07-21 16:03:20.321,28.81,29.56,30.25,29.68,19.68,28.87,928.2,24.7,-40.0,1.0,1.0,0.0,0.0,0.0,375.0
2026-07-21 16:03:20.553,28.81,29.56,30.25,29.68,19.68,28.87,928.2,24.7,-40.0,1.0,1.0,0.0,0.0,0.0,375.0
2026-07-21 16:03:20.720,28.81,29.56,30.25,29.68,19.68,28.87,928.1,25.2,-40.0,1.0,1.0,0.0,0.0,0.0,375.0
2026-07-21 16:03:20.920,28.87,29.56,30.25,29.68,19.62,28.87,928.1,25.2,-40.0,1.0,1.0,0.0,0.0,0.0,375.0
2026-07-21 16:03:21.121,28.87,29.56,30.25,29.68,19.62,28.88,928.2,24.4,-40.0,1.0,1.0,0.0,0.0,0.0,376.0
2026-07-21 16:03:21.320,28.87,29.56,30.25,29.68,19.62,28.88,928.2,24.4,-40.0,1.0,1.0,0.0,0.0,0.0,376.0
2026-07-21 16:03:21.520,28.87,29.56,30.25,29.68,19.62,28.88,928.2,24.4,-40.0,1.0,1.0,0.0,0.0,0.0,376.0
2026-07-21 16:03:21.720,28.87,29.56,30.25,29.68,19.62,28.87,928.2,24.5,-40.0,1.0,1.0,0.0,0.0,0.0,376.0
2026-07-21 16:03:21.920,28.81,29.56,30.25,29.68,19.62,28.87,928.2,24.5,-40.0,1.0,1.0,0.0,0.0,0.0,376.0
2026-07-21 16:03:22.120,28.81,29.56,30.25,29.68,19.62,28.87,928.2,24.9,-40.0,1.0,1.0,0.0,0.0,0.0,377.0
2026-07-21 16:03:22.320,28.81,29.56,30.25,29.68,19.62,28.87,928.2,24.9,-40.0,1.0,1.0,0.0,0.0,0.0,377.0
2026-07-21 16:03:22.520,28.81,29.56,30.25,29.68,19.62,28.87,928.2,24.9,-40.0,1.0,1.0,0.0,0.0,0.0,377.0
2026-07-21 16:03:22.720,28.81,29.56,30.25,29.68,19.62,28.87,928.1,24.3,-40.0,1.0,1.0,0.0,0.0,0.0,377.0
2026-07-21 16:03:22.921,28.81,29.56,30.25,29.68,19.56,28.87,928.1,24.3,-40.0,1.0,1.0,0.0,0.0,0.0,377.0
2026-07-21 16:03:23.121,28.81,29.56,30.25,29.68,19.56,28.87,928.2,24.7,-40.0,1.0,1.0,0.0,0.0,0.0,378.0
2026-07-21 16:03:23.320,28.81,29.56,30.25,29.68,19.56,28.87,928.2,24.7,-40.0,1.0,1.0,0.0,0.0,0.0,378.0
2026-07-21 16:03:23.520,28.81,29.56,30.25,29.68,19.56,28.87,928.2,24.7,-40.0,1.0,1.0,0.0,0.0,0.0,378.0
2026-07-21 16:03:23.720,28.81,29.56,30.25,29.68,19.56,28.88,928.1,24.1,-40.0,1.0,1.0,0.0,0.0,0.0,378.0
2026-07-21 16:03:23.920,28.81,29.56,30.25,29.68,19.5,28.88,928.1,24.1,-40.0,1.0,1.0,0.0,0.0,0.0,378.0
2026-07-21 16:03:24.120,28.81,29.56,30.25,29.68,19.5,28.87,928.2,24.3,-40.0,1.0,1.0,0.0,0.0,0.0,379.0
2026-07-21 16:03:24.321,28.81,29.56,30.25,29.68,19.5,28.87,928.2,24.3,-40.0,1.0,1.0,0.0,0.0,0.0,379.0
2026-07-21 16:03:24.520,28.81,29.56,30.25,29.68,19.5,28.87,928.2,24.3,-40.0,1.0,1.0,0.0,0.0,0.0,379.0
2026-07-21 16:03:24.721,28.81,29.56,30.25,29.68,19.5,28.87,928.2,24.4,-40.0,1.0,1.0,0.0,0.0,0.0,379.0
2026-07-21 16:03:24.920,28.87,29.56,30.25,29.68,19.43,28.87,928.2,24.4,-40.0,1.0,1.0,0.0,0.0,0.0,379.0
2026-07-21 16:03:25.120,28.87,29.56,30.25,29.68,19.43,28.87,928.1,24.2,-40.0,1.0,1.0,0.0,0.0,0.0,380.0
2026-07-21 16:03:25.320,28.87,29.56,30.25,29.68,19.43,28.87,928.1,24.2,-40.0,1.0,1.0,0.0,0.0,0.0,380.0
2026-07-21 16:03:25.523,28.87,29.56,30.25,29.68,19.43,28.87,928.1,24.2,-40.0,1.0,1.0,0.0,0.0,0.0,380.0
2026-07-21 16:03:25.720,28.87,29.56,30.25,29.68,19.43,28.87,928.2,24.7,-40.0,1.0,1.0,0.0,0.0,0.0,380.0
2026-07-21 16:03:25.920,28.81,29.56,30.25,29.68,19.37,28.87,928.2,24.7,-40.0,1.0,1.0,0.0,0.0,0.0,380.0
2026-07-21 16:03:26.120,28.81,29.56,30.25,29.68,19.37,28.87,928.1,24.4,-40.0,1.0,1.0,0.0,0.0,0.0,381.0
2026-07-21 16:03:26.320,28.81,29.56,30.25,29.68,19.37,28.87,928.1,24.4,-40.0,1.0,1.0,0.0,0.0,0.0,381.0
2026-07-21 16:03:26.521,28.81,29.56,30.25,29.68,19.37,28.87,928.1,24.4,-40.0,1.0,1.0,0.0,0.0,0.0,381.0
2026-07-21 16:03:26.720,28.81,29.56,30.25,29.68,19.37,28.87,928.1,24.8,-40.0,1.0,1.0,0.0,0.0,0.0,381.0
2026-07-21 16:03:26.921,28.87,29.56,30.25,29.68,19.31,28.87,928.1,24.8,-40.0,1.0,1.0,0.0,0.0,0.0,381.0
2026-07-21 16:03:27.120,28.87,29.56,30.25,29.68,19.31,28.88,928.2,24.5,-40.0,1.0,1.0,0.0,0.0,0.0,382.0
2026-07-21 16:03:27.319,28.87,29.56,30.25,29.68,19.31,28.88,928.2,24.5,-40.0,1.0,1.0,0.0,0.0,0.0,382.0
2026-07-21 16:03:27.529,28.87,29.56,30.25,29.68,19.31,28.88,928.2,24.5,-40.0,1.0,1.0,0.0,0.0,0.0,382.0
2026-07-21 16:03:27.720,28.87,29.56,30.25,29.68,19.31,28.87,928.2,24.7,-40.0,1.0,1.0,0.0,0.0,0.0,382.0
2026-07-21 16:03:27.920,28.81,29.5,30.25,29.68,19.31,28.87,928.2,24.7,-40.0,1.0,1.0,0.0,0.0,0.0,382.0
2026-07-21 16:03:28.120,28.81,29.5,30.25,29.68,19.31,28.87,928.2,24.6,-40.0,1.0,1.0,0.0,0.0,0.0,383.0
2026-07-21 16:03:28.321,28.81,29.5,30.25,29.68,19.31,28.87,928.2,24.6,-40.0,1.0,1.0,0.0,0.0,0.0,383.0
2026-07-21 16:03:28.524,28.81,29.5,30.25,29.68,19.31,28.87,928.2,24.6,-40.0,1.0,1.0,0.0,0.0,0.0,383.0
2026-07-21 16:03:28.720,28.81,29.5,30.25,29.68,19.31,28.87,928.2,24.8,-40.0,1.0,1.0,0.0,0.0,0.0,383.0
2026-07-21 16:03:28.921,28.87,29.56,30.25,29.68,19.25,28.87,928.2,24.8,-40.0,1.0,1.0,0.0,0.0,0.0,383.0
2026-07-21 16:03:29.120,28.87,29.56,30.25,29.68,19.25,28.88,928.2,24.4,-40.0,1.0,1.0,0.0,0.0,0.0,384.0
2026-07-21 16:03:29.320,28.87,29.56,30.25,29.68,19.25,28.88,928.2,24.4,-40.0,1.0,1.0,0.0,0.0,0.0,384.0
2026-07-21 16:03:29.520,28.87,29.56,30.25,29.68,19.25,28.88,928.2,24.4,-40.0,1.0,1.0,0.0,0.0,0.0,384.0
2026-07-21 16:03:29.720,28.87,29.56,30.25,29.68,19.25,28.87,928.2,24.4,-40.0,1.0,1.0,0.0,0.0,0.0,384.0
2026-07-21 16:03:29.921,28.81,29.56,30.25,29.68,19.18,28.87,928.2,24.4,-40.0,1.0,1.0,0.0,0.0,0.0,384.0
2026-07-21 16:03:30.120,28.81,29.56,30.25,29.68,19.18,28.87,928.2,24.4,-40.0,1.0,1.0,0.0,0.0,0.0,385.0
2026-07-21 16:03:30.320,28.81,29.56,30.25,29.68,19.18,28.87,928.2,24.4,-40.0,1.0,1.0,0.0,0.0,0.0,385.0
2026-07-21 16:03:30.520,28.81,29.56,30.25,29.68,19.18,28.87,928.2,24.4,-40.0,1.0,1.0,0.0,0.0,0.0,385.0
2026-07-21 16:03:30.720,28.81,29.56,30.25,29.68,19.18,28.87,928.2,24.5,-40.0,1.0,1.0,0.0,0.0,0.0,385.0
2026-07-21 16:03:30.921,28.87,29.56,30.25,29.68,19.12,28.87,928.2,24.5,-40.0,1.0,1.0,0.0,0.0,0.0,385.0
2026-07-21 16:03:31.146,28.87,29.56,30.25,29.68,19.12,28.87,928.1,24.6,-40.0,1.0,1.0,0.0,0.0,0.0,386.0
2026-07-21 16:03:31.319,28.87,29.56,30.25,29.68,19.12,28.87,928.1,24.6,-40.0,1.0,1.0,0.0,0.0,0.0,386.0
2026-07-21 16:03:31.520,28.87,29.56,30.25,29.68,19.12,28.87,928.1,24.6,-40.0,1.0,1.0,0.0,0.0,0.0,386.0
2026-07-21 16:03:31.720,28.87,29.56,30.25,29.68,19.12,28.87,928.2,24.5,-40.0,1.0,1.0,0.0,0.0,0.0,386.0
2026-07-21 16:03:31.920,28.87,29.56,30.25,29.68,19.06,28.87,928.2,24.5,-40.0,1.0,1.0,0.0,0.0,0.0,386.0
2026-07-21 16:03:32.120,28.87,29.56,30.25,29.68,19.06,28.87,928.2,24.8,-40.0,1.0,1.0,0.0,0.0,0.0,387.0
2026-07-21 16:03:32.321,28.87,29.56,30.25,29.68,19.06,28.87,928.2,24.8,-40.0,1.0,1.0,0.0,0.0,0.0,387.0
2026-07-21 16:03:32.520,28.87,29.56,30.25,29.68,19.06,28.87,928.2,24.8,-40.0,1.0,1.0,0.0,0.0,0.0,387.0
2026-07-21 16:03:32.720,28.87,29.56,30.25,29.68,19.06,28.87,928.1,24.7,-40.0,1.0,1.0,0.0,0.0,0.0,387.0
2026-07-21 16:03:32.921,28.87,29.56,30.25,29.68,19.0,28.87,928.1,24.7,-40.0,1.0,1.0,0.0,0.0,0.0,387.0
2026-07-21 16:03:33.120,28.87,29.56,30.25,29.68,19.0,28.87,928.1,24.7,-40.0,1.0,1.0,0.0,0.0,0.0,388.0
2026-07-21 16:03:33.320,28.87,29.56,30.25,29.68,19.0,28.87,928.1,24.7,-40.0,1.0,1.0,0.0,0.0,0.0,388.0
2026-07-21 16:03:33.520,28.87,29.56,30.25,29.68,19.0,28.87,928.1,24.7,-40.0,1.0,1.0,0.0,0.0,0.0,388.0
2026-07-21 16:03:33.720,28.87,29.56,30.25,29.68,19.0,28.87,928.2,24.8,-40.0,1.0,1.0,0.0,0.0,0.0,388.0
2026-07-21 16:03:33.920,28.81,29.56,30.25,29.68,19.0,28.87,928.2,24.8,-40.0,1.0,1.0,0.0,0.0,0.0,388.0
2026-07-21 16:03:34.120,28.81,29.56,30.25,29.68,19.0,28.87,928.2,24.6,-40.0,1.0,1.0,0.0,0.0,0.0,389.0
2026-07-21 16:03:34.319,28.81,29.56,30.25,29.68,19.0,28.87,928.2,24.6,-40.0,1.0,1.0,0.0,0.0,0.0,389.0
2026-07-21 16:03:34.520,28.81,29.56,30.25,29.68,19.0,28.87,928.2,24.6,-40.0,1.0,1.0,0.0,0.0,0.0,389.0
2026-07-21 16:03:34.720,28.81,29.56,30.25,29.68,19.0,28.87,928.2,24.5,-40.0,1.0,1.0,0.0,0.0,0.0,389.0
2026-07-21 16:03:34.920,28.81,29.56,30.25,29.62,18.93,28.87,928.2,24.5,-40.0,1.0,1.0,0.0,0.0,0.0,389.0
2026-07-21 16:03:35.120,28.81,29.56,30.25,29.62,18.93,28.87,928.2,24.9,-40.0,1.0,1.0,0.0,0.0,0.0,390.0
2026-07-21 16:03:35.319,28.81,29.56,30.25,29.62,18.93,28.87,928.2,24.9,-40.0,1.0,1.0,0.0,0.0,0.0,390.0
2026-07-21 16:03:35.520,28.81,29.56,30.25,29.62,18.93,28.87,928.2,24.9,-40.0,1.0,1.0,0.0,0.0,0.0,390.0
2026-07-21 16:03:35.720,28.81,29.56,30.25,29.62,18.93,28.87,928.1,24.6,-40.0,1.0,1.0,0.0,0.0,0.0,390.0
2026-07-21 16:03:35.920,28.87,29.56,30.31,29.68,18.87,28.87,928.1,24.6,-40.0,1.0,1.0,0.0,0.0,0.0,390.0
2026-07-21 16:03:36.120,28.87,29.56,30.31,29.68,18.87,28.88,928.2,24.7,-40.0,1.0,1.0,0.0,0.0,0.0,391.0
2026-07-21 16:03:36.335,28.87,29.56,30.31,29.68,18.87,28.88,928.2,24.7,-40.0,1.0,1.0,0.0,0.0,0.0,391.0
2026-07-21 16:03:36.519,28.87,29.56,30.31,29.68,18.87,28.88,928.2,24.7,-40.0,1.0,1.0,0.0,0.0,0.0,391.0
2026-07-21 16:03:36.720,28.87,29.56,30.31,29.68,18.87,28.87,928.1,24.9,-40.0,1.0,1.0,0.0,0.0,0.0,391.0
2026-07-21 16:03:36.920,28.81,29.56,30.25,29.68,18.81,28.87,928.1,24.9,-40.0,1.0,1.0,0.0,0.0,0.0,391.0
2026-07-21 16:03:37.120,28.81,29.56,30.25,29.68,18.81,28.87,928.2,24.6,-40.0,1.0,1.0,0.0,0.0,0.0,392.0
2026-07-21 16:03:37.321,28.81,29.56,30.25,29.68,18.81,28.87,928.2,24.6,-40.0,1.0,1.0,0.0,0.0,0.0,392.0
2026-07-21 16:03:37.519,28.81,29.56,30.25,29.68,18.81,28.87,928.2,24.6,-40.0,1.0,1.0,0.0,0.0,0.0,392.0
2026-07-21 16:03:37.720,28.81,29.56,30.25,29.68,18.81,28.87,928.2,24.4,-40.0,1.0,1.0,0.0,0.0,0.0,392.0
2026-07-21 16:03:37.920,28.81,29.56,30.25,29.68,18.81,28.87,928.2,24.4,-40.0,1.0,1.0,0.0,0.0,0.0,392.0
2026-07-21 16:03:38.120,28.81,29.56,30.25,29.68,18.81,28.87,928.2,24.7,-40.0,1.0,1.0,0.0,0.0,0.0,393.0
2026-07-21 16:03:38.320,28.81,29.56,30.25,29.68,18.81,28.87,928.2,24.7,-40.0,1.0,1.0,0.0,0.0,0.0,393.0
2026-07-21 16:03:38.520,28.81,29.56,30.25,29.68,18.81,28.87,928.2,24.7,-40.0,1.0,1.0,0.0,0.0,0.0,393.0
2026-07-21 16:03:38.720,28.81,29.56,30.25,29.68,18.81,28.87,928.2,24.6,-40.0,1.0,1.0,0.0,0.0,0.0,393.0
2026-07-21 16:03:38.919,28.87,29.56,30.25,29.68,18.75,28.87,928.2,24.6,-40.0,1.0,1.0,0.0,0.0,0.0,393.0
2026-07-21 16:03:39.120,28.87,29.56,30.25,29.68,18.75,28.87,928.2,24.8,-40.0,1.0,1.0,0.0,0.0,0.0,394.0
2026-07-21 16:03:39.320,28.87,29.56,30.25,29.68,18.75,28.87,928.2,24.8,-40.0,1.0,1.0,0.0,0.0,0.0,394.0
2026-07-21 16:03:39.539,28.87,29.56,30.25,29.68,18.75,28.87,928.2,24.8,-40.0,1.0,1.0,0.0,0.0,0.0,394.0
2026-07-21 16:03:39.720,28.87,29.56,30.25,29.68,18.75,28.87,928.1,24.4,-40.0,1.0,1.0,0.0,0.0,0.0,394.0
2026-07-21 16:03:39.919,28.81,29.56,30.25,29.68,18.68,28.87,928.1,24.4,-40.0,1.0,1.0,0.0,0.0,0.0,394.0
2026-07-21 16:03:40.120,28.81,29.56,30.25,29.68,18.68,28.87,928.1,24.6,-40.0,1.0,1.0,0.0,0.0,0.0,395.0
2026-07-21 16:03:40.320,28.81,29.56,30.25,29.68,18.68,28.87,928.1,24.6,-40.0,1.0,1.0,0.0,0.0,0.0,395.0
2026-07-21 16:03:40.520,28.81,29.56,30.25,29.68,18.68,28.87,928.1,24.6,-40.0,1.0,1.0,0.0,0.0,0.0,395.0
2026-07-21 16:03:40.720,28.81,29.56,30.25,29.68,18.68,28.87,928.1,24.6,-40.0,1.0,1.0,0.0,0.0,0.0,395.0
2026-07-21 16:03:40.919,28.81,29.56,30.25,29.68,18.68,28.87,928.1,24.6,-40.0,1.0,1.0,0.0,0.0,0.0,395.0
2026-07-21 16:03:41.158,28.81,29.56,30.25,29.68,18.68,28.87,928.1,24.6,-40.0,1.0,1.0,0.0,0.0,0.0,396.0
2026-07-21 16:03:41.319,28.81,29.56,30.25,29.68,18.68,28.87,928.1,24.6,-40.0,1.0,1.0,0.0,0.0,0.0,396.0
2026-07-21 16:03:41.545,28.81,29.56,30.25,29.68,18.68,28.87,928.1,24.6,-40.0,1.0,1.0,0.0,0.0,0.0,396.0
2026-07-21 16:03:41.720,28.81,29.56,30.25,29.68,18.68,28.87,928.1,24.8,-40.0,1.0,1.0,0.0,0.0,0.0,396.0
2026-07-21 16:03:41.920,28.81,29.56,30.25,29.68,18.62,28.87,928.1,24.8,-40.0,1.0,1.0,0.0,0.0,0.0,396.0
2026-07-21 16:03:42.120,28.81,29.56,30.25,29.68,18.62,28.87,928.2,24.9,-40.0,1.0,1.0,0.0,0.0,0.0,397.0
2026-07-21 16:03:42.320,28.81,29.56,30.25,29.68,18.62,28.87,928.2,24.9,-40.0,1.0,1.0,0.0,0.0,0.0,397.0
2026-07-21 16:03:42.520,28.81,29.56,30.25,29.68,18.62,28.87,928.2,24.9,-40.0,1.0,1.0,0.0,0.0,0.0,397.0
2026-07-21 16:03:42.720,28.81,29.56,30.25,29.68,18.62,28.87,928.1,24.3,-40.0,1.0,1.0,0.0,0.0,0.0,397.0
2026-07-21 16:03:42.920,28.81,29.62,30.25,29.62,18.56,28.87,928.1,24.3,-40.0,1.0,1.0,0.0,0.0,0.0,397.0
2026-07-21 16:03:43.120,28.81,29.62,30.25,29.62,18.56,28.87,928.2,24.9,-40.0,1.0,1.0,0.0,0.0,0.0,398.0
2026-07-21 16:03:43.320,28.81,29.62,30.25,29.62,18.56,28.87,928.2,24.9,-40.0,1.0,1.0,0.0,0.0,0.0,398.0
2026-07-21 16:03:43.520,28.81,29.62,30.25,29.62,18.56,28.87,928.2,24.9,-40.0,1.0,1.0,0.0,0.0,0.0,398.0
2026-07-21 16:03:43.720,28.81,29.62,30.25,29.62,18.56,28.87,928.2,24.5,-40.0,1.0,1.0,0.0,0.0,0.0,398.0
2026-07-21 16:03:43.920,28.81,29.56,30.25,29.62,18.5,28.87,928.2,24.5,-40.0,1.0,1.0,0.0,0.0,0.0,398.0
2026-07-21 16:03:44.120,28.81,29.56,30.25,29.62,18.5,28.87,928.2,24.6,-40.0,1.0,1.0,0.0,0.0,0.0,399.0
2026-07-21 16:03:44.319,28.81,29.56,30.25,29.62,18.5,28.87,928.2,24.6,-40.0,1.0,1.0,0.0,0.0,0.0,399.0
2026-07-21 16:03:44.520,28.81,29.56,30.25,29.62,18.5,28.87,928.2,24.6,-40.0,1.0,1.0,0.0,0.0,0.0,399.0
2026-07-21 16:03:44.720,28.81,29.56,30.25,29.62,18.5,28.87,928.2,24.7,-40.0,1.0,1.0,0.0,0.0,0.0,399.0
2026-07-21 16:03:44.920,28.81,29.62,30.25,29.62,18.5,28.87,928.2,24.7,-40.0,1.0,1.0,0.0,0.0,0.0,399.0
2026-07-21 16:03:45.121,28.81,29.62,30.25,29.62,18.5,28.87,928.1,24.8,-40.0,1.0,1.0,0.0,0.0,0.0,400.0
2026-07-21 16:03:45.320,28.81,29.62,30.25,29.62,18.5,28.87,928.1,24.8,-40.0,1.0,1.0,0.0,0.0,0.0,400.0
2026-07-21 16:03:45.519,28.81,29.62,30.25,29.62,18.5,28.87,928.1,24.8,-40.0,1.0,1.0,0.0,0.0,0.0,400.0
2026-07-21 16:03:45.720,28.81,29.62,30.25,29.62,18.5,28.87,928.2,24.7,-40.0,1.0,1.0,0.0,0.0,0.0,400.0
2026-07-21 16:03:45.919,28.81,29.62,30.25,29.62,18.43,28.87,928.2,24.7,-40.0,1.0,1.0,0.0,0.0,0.0,400.0
2026-07-21 16:03:46.123,28.81,29.62,30.25,29.62,18.43,28.87,928.2,24.4,-40.0,1.0,1.0,0.0,0.0,0.0,401.0
2026-07-21 16:03:46.319,28.81,29.62,30.25,29.62,18.43,28.87,928.2,24.4,-40.0,1.0,1.0,0.0,0.0,0.0,401.0
2026-07-21 16:03:46.519,28.81,29.62,30.25,29.62,18.43,28.87,928.2,24.4,-40.0,1.0,1.0,0.0,0.0,0.0,401.0
2026-07-21 16:03:46.720,28.81,29.62,30.25,29.62,18.43,28.87,928.2,24.3,-40.0,1.0,1.0,0.0,0.0,0.0,401.0
2026-07-21 16:03:46.920,28.81,29.56,30.25,29.68,18.43,28.87,928.2,24.3,-40.0,1.0,1.0,0.0,0.0,0.0,401.0
2026-07-21 16:03:47.120,28.81,29.56,30.25,29.68,18.43,28.87,928.2,24.7,-40.0,1.0,1.0,0.0,0.0,0.0,402.0
2026-07-21 16:03:47.319,28.81,29.56,30.25,29.68,18.43,28.87,928.2,24.7,-40.0,1.0,1.0,0.0,0.0,0.0,402.0
2026-07-21 16:03:47.520,28.81,29.56,30.25,29.68,18.43,28.87,928.2,24.7,-40.0,1.0,1.0,0.0,0.0,0.0,402.0
2026-07-21 16:03:47.721,28.81,29.56,30.25,29.68,18.43,28.87,928.2,24.4,-40.0,1.0,1.0,0.0,0.0,0.0,402.0
2026-07-21 16:03:47.920,28.81,29.62,30.25,29.62,18.37,28.87,928.2,24.4,-40.0,1.0,1.0,0.0,0.0,0.0,402.0
2026-07-21 16:03:48.120,28.81,29.62,30.25,29.62,18.37,28.87,928.1,24.4,-40.0,1.0,1.0,0.0,0.0,0.0,403.0
2026-07-21 16:03:48.319,28.81,29.62,30.25,29.62,18.37,28.87,928.1,24.4,-40.0,1.0,1.0,0.0,0.0,0.0,403.0
2026-07-21 16:03:48.520,28.81,29.62,30.25,29.62,18.37,28.87,928.1,24.4,-40.0,1.0,1.0,0.0,0.0,0.0,403.0
2026-07-21 16:03:48.720,28.81,29.62,30.25,29.62,18.37,28.87,928.2,24.4,-40.0,1.0,1.0,0.0,0.0,0.0,403.0
2026-07-21 16:03:48.920,28.81,29.56,30.25,29.62,18.31,28.87,928.2,24.4,-40.0,1.0,1.0,0.0,0.0,0.0,403.0
2026-07-21 16:03:49.120,28.81,29.56,30.25,29.62,18.31,28.87,928.2,24.2,-40.0,1.0,1.0,0.0,0.0,0.0,404.0
2026-07-21 16:03:49.320,28.81,29.56,30.25,29.62,18.31,28.87,928.2,24.2,-40.0,1.0,1.0,0.0,0.0,0.0,404.0
2026-07-21 16:03:49.519,28.81,29.56,30.25,29.62,18.31,28.87,928.2,24.2,-40.0,1.0,1.0,0.0,0.0,0.0,404.0
2026-07-21 16:03:49.720,28.81,29.56,30.25,29.62,18.31,28.87,928.1,24.3,-40.0,1.0,1.0,0.0,0.0,0.0,404.0
2026-07-21 16:03:49.920,28.81,29.56,30.25,29.62,18.25,28.87,928.1,24.3,-40.0,1.0,1.0,0.0,0.0,0.0,404.0
2026-07-21 16:03:50.119,28.81,29.56,30.25,29.62,18.25,28.87,928.2,24.3,-40.0,1.0,1.0,0.0,0.0,0.0,405.0
2026-07-21 16:03:50.319,28.81,29.56,30.25,29.62,18.25,28.87,928.2,24.3,-40.0,1.0,1.0,0.0,0.0,0.0,405.0
2026-07-21 16:03:50.519,28.81,29.56,30.25,29.62,18.25,28.87,928.2,24.3,-40.0,1.0,1.0,0.0,0.0,0.0,405.0
2026-07-21 16:03:50.719,28.81,29.56,30.25,29.62,18.25,28.87,928.2,24.4,-40.0,1.0,1.0,0.0,0.0,0.0,405.0
2026-07-21 16:03:50.919,28.81,29.62,30.25,29.68,18.25,28.87,928.2,24.4,-40.0,1.0,1.0,0.0,0.0,0.0,405.0
2026-07-21 16:03:51.120,28.81,29.62,30.25,29.68,18.25,28.87,928.1,24.4,-40.0,1.0,1.0,0.0,0.0,0.0,406.0
2026-07-21 16:03:51.319,28.81,29.62,30.25,29.68,18.25,28.87,928.1,24.4,-40.0,1.0,1.0,0.0,0.0,0.0,406.0
2026-07-21 16:03:51.520,28.81,29.62,30.25,29.68,18.25,28.87,928.1,24.4,-40.0,1.0,1.0,0.0,0.0,0.0,406.0
2026-07-21 16:03:51.720,28.81,29.62,30.25,29.68,18.25,28.87,928.2,24.3,-40.0,1.0,1.0,0.0,0.0,0.0,406.0
2026-07-21 16:03:51.919,28.81,29.56,30.25,29.68,18.18,28.87,928.2,24.3,-40.0,1.0,1.0,0.0,0.0,0.0,406.0
2026-07-21 16:03:52.120,28.81,29.56,30.25,29.68,18.18,28.87,928.2,24.4,-40.0,1.0,1.0,0.0,0.0,0.0,407.0
2026-07-21 16:03:52.321,28.81,29.56,30.25,29.68,18.18,28.87,928.2,24.4,-40.0,1.0,1.0,0.0,0.0,0.0,407.0
2026-07-21 16:03:52.519,28.81,29.56,30.25,29.68,18.18,28.87,928.2,24.4,-40.0,1.0,1.0,0.0,0.0,0.0,407.0
2026-07-21 16:03:52.720,28.81,29.56,30.25,29.68,18.18,28.87,928.1,24.4,-40.0,1.0,1.0,0.0,0.0,0.0,407.0
2026-07-21 16:03:52.919,28.81,29.56,30.25,29.62,18.12,28.87,928.1,24.4,-40.0,1.0,1.0,0.0,0.0,0.0,407.0
2026-07-21 16:03:53.120,28.81,29.56,30.25,29.62,18.12,28.86,928.2,24.3,-40.0,1.0,1.0,0.0,0.0,0.0,408.0
2026-07-21 16:03:53.319,28.81,29.56,30.25,29.62,18.12,28.86,928.2,24.3,-40.0,1.0,1.0,0.0,0.0,0.0,408.0
2026-07-21 16:03:53.520,28.81,29.56,30.25,29.62,18.12,28.86,928.2,24.3,-40.0,1.0,1.0,0.0,0.0,0.0,408.0
2026-07-21 16:03:53.720,28.81,29.56,30.25,29.62,18.12,28.87,928.2,24.7,-40.0,1.0,1.0,0.0,0.0,0.0,408.0
2026-07-21 16:03:53.920,28.81,29.56,30.25,29.68,18.12,28.87,928.2,24.7,-40.0,1.0,1.0,0.0,0.0,0.0,408.0
2026-07-21 16:03:54.120,28.81,29.56,30.25,29.68,18.12,28.86,928.1,24.4,-40.0,1.0,1.0,0.0,0.0,0.0,409.0
2026-07-21 16:03:54.319,28.81,29.56,30.25,29.68,18.12,28.86,928.1,24.4,-40.0,1.0,1.0,0.0,0.0,0.0,409.0
2026-07-21 16:03:54.520,28.81,29.56,30.25,29.68,18.12,28.86,928.1,24.4,-40.0,1.0,1.0,0.0,0.0,0.0,409.0
2026-07-21 16:03:54.720,28.81,29.56,30.25,29.68,18.12,28.87,928.1,24.2,-40.0,1.0,1.0,0.0,0.0,0.0,409.0
2026-07-21 16:03:54.920,28.81,29.56,30.25,29.68,18.06,28.87,928.1,24.2,-40.0,1.0,1.0,0.0,0.0,0.0,409.0
2026-07-21 16:03:55.120,28.81,29.56,30.25,29.68,18.06,28.86,928.1,24.6,-40.0,1.0,1.0,0.0,0.0,0.0,410.0
2026-07-21 16:03:55.320,28.81,29.56,30.25,29.68,18.06,28.86,928.1,24.6,-40.0,1.0,1.0,0.0,0.0,0.0,410.0
2026-07-21 16:03:55.520,28.81,29.56,30.25,29.68,18.06,28.86,928.1,24.6,-40.0,1.0,1.0,0.0,0.0,0.0,410.0
2026-07-21 16:03:55.719,28.81,29.56,30.25,29.68,18.06,28.87,928.1,24.4,-40.0,1.0,1.0,0.0,0.0,0.0,410.0
2026-07-21 16:03:55.919,28.75,29.56,30.25,29.68,18.06,28.87,928.1,24.4,-40.0,1.0,1.0,0.0,0.0,0.0,410.0
2026-07-21 16:03:56.135,28.75,29.56,30.25,29.68,18.06,28.87,928.2,24.2,-40.0,1.0,1.0,0.0,0.0,0.0,411.0
2026-07-21 16:03:56.319,28.75,29.56,30.25,29.68,18.06,28.87,928.2,24.2,-40.0,1.0,1.0,0.0,0.0,0.0,411.0
2026-07-21 16:03:56.520,28.75,29.56,30.25,29.68,18.06,28.87,928.2,24.2,-40.0,1.0,1.0,0.0,0.0,0.0,411.0
2026-07-21 16:03:56.719,28.75,29.56,30.25,29.68,18.06,28.87,928.1,24.2,-40.0,1.0,1.0,0.0,0.0,0.0,411.0
2026-07-21 16:03:56.919,28.81,29.56,30.25,29.62,18.0,28.87,928.1,24.2,-40.0,1.0,1.0,0.0,0.0,0.0,411.0
2026-07-21 16:03:57.120,28.81,29.56,30.25,29.62,18.0,28.87,928.2,24.2,-40.0,1.0,1.0,0.0,0.0,0.0,412.0
2026-07-21 16:03:57.320,28.81,29.56,30.25,29.62,18.0,28.87,928.2,24.2,-40.0,1.0,1.0,0.0,0.0,0.0,412.0
2026-07-21 16:03:57.519,28.81,29.56,30.25,29.62,18.0,28.87,928.2,24.2,-40.0,1.0,1.0,0.0,0.0,0.0,412.0
2026-07-21 16:03:57.719,28.81,29.56,30.25,29.62,18.0,28.87,928.1,24.2,-40.0,1.0,1.0,0.0,0.0,0.0,412.0
2026-07-21 16:03:57.920,28.75,29.56,30.25,29.68,17.93,28.87,928.1,24.2,-40.0,1.0,1.0,0.0,0.0,0.0,412.0
2026-07-21 16:03:58.120,28.75,29.56,30.25,29.68,17.93,28.87,928.1,24.4,-40.0,1.0,1.0,0.0,0.0,0.0,413.0
2026-07-21 16:03:58.319,28.75,29.56,30.25,29.68,17.93,28.87,928.1,24.4,-40.0,1.0,1.0,0.0,0.0,0.0,413.0
2026-07-21 16:03:58.520,28.75,29.56,30.25,29.68,17.93,28.87,928.1,24.4,-40.0,1.0,1.0,0.0,0.0,0.0,413.0
2026-07-21 16:03:58.720,28.75,29.56,30.25,29.68,17.93,28.86,928.2,24.2,-40.0,1.0,1.0,0.0,0.0,0.0,413.0
2026-07-21 16:03:58.919,28.75,29.56,30.25,29.62,17.87,28.86,928.2,24.2,-40.0,1.0,1.0,0.0,0.0,0.0,413.0
2026-07-21 16:03:59.121,28.75,29.56,30.25,29.62,17.87,28.87,928.2,24.5,-40.0,1.0,1.0,0.0,0.0,0.0,414.0
2026-07-21 16:03:59.319,28.75,29.56,30.25,29.62,17.87,28.87,928.2,24.5,-40.0,1.0,1.0,0.0,0.0,0.0,414.0
2026-07-21 16:03:59.519,28.75,29.56,30.25,29.62,17.87,28.87,928.2,24.5,-40.0,1.0,1.0,0.0,0.0,0.0,414.0
2026-07-21 16:03:59.719,28.75,29.56,30.25,29.62,17.87,28.86,928.1,24.6,-40.0,1.0,1.0,0.0,0.0,0.0,414.0
2026-07-21 16:03:59.919,28.81,29.56,30.25,29.68,17.87,28.86,928.1,24.6,-40.0,1.0,1.0,0.0,0.0,0.0,414.0
2026-07-21 16:04:00.119,28.81,29.56,30.25,29.68,17.87,28.86,928.2,24.7,-40.0,1.0,1.0,0.0,0.0,0.0,415.0
2026-07-21 16:04:00.319,28.81,29.56,30.25,29.68,17.87,28.86,928.2,24.7,-40.0,1.0,1.0,0.0,0.0,0.0,415.0
2026-07-21 16:04:00.519,28.81,29.56,30.25,29.68,17.87,28.86,928.2,24.7,-40.0,1.0,1.0,0.0,0.0,0.0,415.0
2026-07-21 16:04:00.719,28.81,29.56,30.25,29.68,17.87,28.86,928.1,24.4,-40.0,1.0,1.0,0.0,0.0,0.0,415.0
2026-07-21 16:04:00.919,28.75,29.56,30.25,29.62,17.81,28.86,928.1,24.4,-40.0,1.0,1.0,0.0,0.0,0.0,415.0
2026-07-21 16:04:01.123,28.75,29.56,30.25,29.62,17.81,28.87,928.1,24.2,-40.0,1.0,1.0,0.0,0.0,0.0,416.0
2026-07-21 16:04:01.319,28.75,29.56,30.25,29.62,17.81,28.87,928.1,24.2,-40.0,1.0,1.0,0.0,0.0,0.0,416.0
2026-07-21 16:04:01.523,28.75,29.56,30.25,29.62,17.81,28.87,928.1,24.2,-40.0,1.0,1.0,0.0,0.0,0.0,416.0
2026-07-21 16:04:01.733,28.75,29.56,30.25,29.62,17.81,28.85,928.1,24.0,-40.0,1.0,1.0,0.0,0.0,0.0,416.0
2026-07-21 16:04:01.920,28.75,29.56,30.25,29.68,17.81,28.85,928.1,24.0,-40.0,1.0,1.0,0.0,0.0,0.0,416.0
2026-07-21 16:04:02.120,28.75,29.56,30.25,29.68,17.81,28.87,928.2,24.4,-40.0,1.0,1.0,0.0,0.0,0.0,417.0
2026-07-21 16:04:02.319,28.75,29.56,30.25,29.68,17.81,28.87,928.2,24.4,-40.0,1.0,1.0,0.0,0.0,0.0,417.0
2026-07-21 16:04:02.562,28.75,29.56,30.25,29.68,17.81,28.87,928.2,24.4,-40.0,1.0,1.0,0.0,0.0,0.0,417.0
2026-07-21 16:04:02.727,28.75,29.56,30.25,29.68,17.81,28.87,928.2,24.3,-40.0,1.0,1.0,0.0,0.0,0.0,417.0
2026-07-21 16:04:02.919,28.81,29.56,30.25,29.62,17.75,28.87,928.2,24.3,-40.0,1.0,1.0,0.0,0.0,0.0,417.0
2026-07-21 16:04:03.119,28.81,29.56,30.25,29.62,17.75,28.87,928.1,24.1,-40.0,1.0,1.0,0.0,0.0,0.0,418.0
2026-07-21 16:04:03.319,28.81,29.56,30.25,29.62,17.75,28.87,928.1,24.1,-40.0,1.0,1.0,0.0,0.0,0.0,418.0
2026-07-21 16:04:03.519,28.81,29.56,30.25,29.62,17.75,28.87,928.1,24.1,-40.0,1.0,1.0,0.0,0.0,0.0,418.0
2026-07-21 16:04:03.719,28.81,29.56,30.25,29.62,17.75,28.86,928.1,24.4,-40.0,1.0,1.0,0.0,0.0,0.0,418.0
2026-07-21 16:04:03.919,28.75,29.56,30.25,29.62,17.75,28.86,928.1,24.4,-40.0,1.0,1.0,0.0,0.0,0.0,418.0
2026-07-21 16:04:04.119,28.75,29.56,30.25,29.62,17.75,28.86,928.1,24.3,-40.0,1.0,1.0,0.0,0.0,0.0,419.0
2026-07-21 16:04:04.319,28.75,29.56,30.25,29.62,17.75,28.86,928.1,24.3,-40.0,1.0,1.0,0.0,0.0,0.0,419.0
2026-07-21 16:04:04.520,28.75,29.56,30.25,29.62,17.75,28.86,928.1,24.3,-40.0,1.0,1.0,0.0,0.0,0.0,419.0
2026-07-21 16:04:04.719,28.75,29.56,30.25,29.62,17.75,28.85,928.1,24.4,-40.0,1.0,1.0,0.0,0.0,0.0,419.0
2026-07-21 16:04:04.919,28.75,29.5,30.25,29.62,17.68,28.85,928.1,24.4,-40.0,1.0,1.0,0.0,0.0,0.0,419.0
2026-07-21 16:04:05.120,28.75,29.5,30.25,29.62,17.68,28.86,928.2,24.6,-40.0,1.0,1.0,0.0,0.0,0.0,420.0
2026-07-21 16:04:05.323,28.75,29.5,30.25,29.62,17.68,28.86,928.2,24.6,-40.0,1.0,1.0,0.0,0.0,0.0,420.0
2026-07-21 16:04:05.520,28.75,29.5,30.25,29.62,17.68,28.86,928.2,24.6,-40.0,1.0,1.0,0.0,0.0,0.0,420.0
2026-07-21 16:04:05.720,28.75,29.5,30.25,29.62,17.68,28.86,928.1,24.8,-40.0,1.0,1.0,0.0,0.0,0.0,420.0
2026-07-21 16:04:05.920,28.75,29.56,30.25,29.68,17.62,28.86,928.1,24.8,-40.0,1.0,1.0,0.0,0.0,0.0,420.0
2026-07-21 16:04:06.120,28.75,29.56,30.25,29.68,17.62,28.86,928.1,24.4,-40.0,1.0,1.0,0.0,0.0,0.0,421.0
2026-07-21 16:04:06.319,28.75,29.56,30.25,29.68,17.62,28.86,928.1,24.4,-40.0,1.0,1.0,0.0,0.0,0.0,421.0
2026-07-21 16:04:06.521,28.75,29.56,30.25,29.68,17.62,28.86,928.1,24.4,-40.0,1.0,1.0,0.0,0.0,0.0,421.0
2026-07-21 16:04:06.719,28.75,29.56,30.25,29.68,17.62,28.86,928.1,24.6,-40.0,1.0,1.0,0.0,0.0,0.0,421.0
2026-07-21 16:04:06.932,28.81,29.56,30.25,29.62,17.62,28.86,928.1,24.6,-40.0,1.0,1.0,0.0,0.0,0.0,421.0
2026-07-21 16:04:07.119,28.81,29.56,30.25,29.62,17.62,28.86,928.1,24.7,-40.0,1.0,1.0,0.0,0.0,0.0,422.0
2026-07-21 16:04:07.320,28.81,29.56,30.25,29.62,17.62,28.86,928.1,24.7,-40.0,1.0,1.0,0.0,0.0,0.0,422.0
2026-07-21 16:04:07.519,28.81,29.56,30.25,29.62,17.62,28.86,928.1,24.7,-40.0,1.0,1.0,0.0,0.0,0.0,422.0
2026-07-21 16:04:07.719,28.81,29.56,30.25,29.62,17.62,28.87,928.2,24.4,-40.0,1.0,1.0,0.0,0.0,0.0,422.0
2026-07-21 16:04:07.919,28.75,29.56,30.25,29.62,17.56,28.87,928.2,24.4,-40.0,1.0,1.0,0.0,0.0,0.0,422.0
2026-07-21 16:04:08.120,28.75,29.56,30.25,29.62,17.56,28.86,928.2,24.8,-40.0,1.0,1.0,0.0,0.0,0.0,423.0
2026-07-21 16:04:08.319,28.75,29.56,30.25,29.62,17.56,28.86,928.2,24.8,-40.0,1.0,1.0,0.0,0.0,0.0,423.0
2026-07-21 16:04:08.519,28.75,29.56,30.25,29.62,17.56,28.86,928.2,24.8,-40.0,1.0,1.0,0.0,0.0,0.0,423.0
2026-07-21 16:04:08.719,28.75,29.56,30.25,29.62,17.56,28.86,928.2,24.9,-40.0,1.0,1.0,0.0,0.0,0.0,423.0
2026-07-21 16:04:08.926,28.81,29.56,30.25,29.62,17.56,28.86,928.2,24.9,-40.0,1.0,1.0,0.0,0.0,0.0,423.0
2026-07-21 16:04:09.120,28.81,29.56,30.25,29.62,17.56,28.86,928.1,24.1,-40.0,1.0,1.0,0.0,0.0,0.0,424.0
2026-07-21 16:04:09.319,28.81,29.56,30.25,29.62,17.56,28.86,928.1,24.1,-40.0,1.0,1.0,0.0,0.0,0.0,424.0
2026-07-21 16:04:09.519,28.81,29.56,30.25,29.62,17.56,28.86,928.1,24.1,-40.0,1.0,1.0,0.0,0.0,0.0,424.0
2026-07-21 16:04:09.719,28.81,29.56,30.25,29.62,17.56,28.86,928.1,24.3,-40.0,1.0,1.0,0.0,0.0,0.0,424.0
2026-07-21 16:04:09.919,28.81,29.56,30.25,29.62,17.5,28.86,928.1,24.3,-40.0,1.0,1.0,0.0,0.0,0.0,424.0
2026-07-21 16:04:10.119,28.81,29.56,30.25,29.62,17.5,28.86,928.1,24.5,-40.0,1.0,1.0,0.0,0.0,0.0,425.0
2026-07-21 16:04:10.319,28.81,29.56,30.25,29.62,17.5,28.86,928.1,24.5,-40.0,1.0,1.0,0.0,0.0,0.0,425.0
2026-07-21 16:04:10.519,28.81,29.56,30.25,29.62,17.5,28.86,928.1,24.5,-40.0,1.0,1.0,0.0,0.0,0.0,425.0
2026-07-21 16:04:10.719,28.81,29.56,30.25,29.62,17.5,28.85,928.1,24.7,-40.0,1.0,1.0,0.0,0.0,0.0,425.0
2026-07-21 16:04:10.919,28.75,29.56,30.25,29.62,17.5,28.85,928.1,24.7,-40.0,1.0,1.0,0.0,0.0,0.0,425.0
2026-07-21 16:04:11.120,28.75,29.56,30.25,29.62,17.5,28.86,928.1,24.6,-40.0,1.0,1.0,0.0,0.0,0.0,426.0
2026-07-21 16:04:11.319,28.75,29.56,30.25,29.62,17.5,28.86,928.1,24.6,-40.0,1.0,1.0,0.0,0.0,0.0,426.0
2026-07-21 16:04:11.519,28.75,29.56,30.25,29.62,17.5,28.86,928.1,24.6,-40.0,1.0,1.0,0.0,0.0,0.0,426.0
2026-07-21 16:04:11.719,28.75,29.56,30.25,29.62,17.5,28.87,928.1,24.7,-40.0,1.0,1.0,0.0,0.0,0.0,426.0
2026-07-21 16:04:11.922,28.75,29.56,30.25,29.62,17.43,28.87,928.1,24.7,-40.0,1.0,1.0,0.0,0.0,0.0,426.0
2026-07-21 16:04:12.120,28.75,29.56,30.25,29.62,17.43,28.86,928.2,24.6,-40.0,1.0,1.0,0.0,0.0,0.0,427.0
2026-07-21 16:04:12.319,28.75,29.56,30.25,29.62,17.43,28.86,928.2,24.6,-40.0,1.0,1.0,0.0,0.0,0.0,427.0
2026-07-21 16:04:12.519,28.75,29.56,30.25,29.62,17.43,28.86,928.2,24.6,-40.0,1.0,1.0,0.0,0.0,0.0,427.0
2026-07-21 16:04:12.720,28.75,29.56,30.25,29.62,17.43,28.85,928.2,24.9,-40.0,1.0,1.0,0.0,0.0,0.0,427.0
2026-07-21 16:04:12.919,28.75,29.56,30.25,29.62,17.37,28.85,928.2,24.9,-40.0,1.0,1.0,0.0,0.0,0.0,427.0
2026-07-21 16:04:13.120,28.75,29.56,30.25,29.62,17.37,28.84,928.2,24.6,-40.0,1.0,1.0,0.0,0.0,0.0,428.0
2026-07-21 16:04:13.318,28.75,29.56,30.25,29.62,17.37,28.84,928.2,24.6,-40.0,1.0,1.0,0.0,0.0,0.0,428.0
2026-07-21 16:04:13.519,28.75,29.56,30.25,29.62,17.37,28.84,928.2,24.6,-40.0,1.0,1.0,0.0,0.0,0.0,428.0
2026-07-21 16:04:13.719,28.75,29.56,30.25,29.62,17.37,28.85,928.2,25.0,-40.0,1.0,1.0,0.0,0.0,0.0,428.0
2026-07-21 16:04:13.919,28.75,29.56,30.25,29.62,17.37,28.85,928.2,25.0,-40.0,1.0,1.0,0.0,0.0,0.0,428.0
2026-07-21 16:04:14.119,28.75,29.56,30.25,29.62,17.37,28.85,928.1,24.5,-40.0,1.0,1.0,0.0,0.0,0.0,429.0
2026-07-21 16:04:14.319,28.75,29.56,30.25,29.62,17.37,28.85,928.1,24.5,-40.0,1.0,1.0,0.0,0.0,0.0,429.0
2026-07-21 16:04:14.519,28.75,29.56,30.25,29.62,17.37,28.85,928.1,24.5,-40.0,1.0,1.0,0.0,0.0,0.0,429.0
2026-07-21 16:04:14.720,28.75,29.56,30.25,29.62,17.37,28.86,928.2,24.7,-40.0,1.0,1.0,0.0,0.0,0.0,429.0
2026-07-21 16:04:14.919,28.75,29.5,30.25,29.56,17.31,28.86,928.2,24.7,-40.0,1.0,1.0,0.0,0.0,0.0,429.0
2026-07-21 16:04:15.119,28.75,29.5,30.25,29.56,17.31,28.85,928.1,24.8,-40.0,1.0,1.0,0.0,0.0,0.0,430.0
2026-07-21 16:04:15.319,28.75,29.5,30.25,29.56,17.31,28.85,928.1,24.8,-40.0,1.0,1.0,0.0,0.0,0.0,430.0
2026-07-21 16:04:15.519,28.75,29.5,30.25,29.56,17.31,28.85,928.1,24.8,-40.0,1.0,1.0,0.0,0.0,0.0,430.0
2026-07-21 16:04:15.719,28.75,29.5,30.25,29.56,17.31,28.85,928.1,24.3,-40.0,1.0,1.0,0.0,0.0,0.0,430.0
2026-07-21 16:04:15.919,28.75,29.5,30.25,29.62,17.31,28.85,928.1,24.3,-40.0,1.0,1.0,0.0,0.0,0.0,430.0
2026-07-21 16:04:16.120,28.75,29.5,30.25,29.62,17.31,28.85,928.1,24.5,-40.0,1.0,1.0,0.0,0.0,0.0,431.0
2026-07-21 16:04:16.319,28.75,29.5,30.25,29.62,17.31,28.85,928.1,24.5,-40.0,1.0,1.0,0.0,0.0,0.0,431.0
2026-07-21 16:04:16.518,28.75,29.5,30.25,29.62,17.31,28.85,928.1,24.5,-40.0,1.0,1.0,0.0,0.0,0.0,431.0
2026-07-21 16:04:16.720,28.75,29.5,30.25,29.62,17.31,28.85,928.2,24.4,-40.0,1.0,1.0,0.0,0.0,0.0,431.0
2026-07-21 16:04:16.919,28.81,29.5,30.25,29.56,17.31,28.85,928.2,24.4,-40.0,1.0,1.0,0.0,0.0,0.0,431.0
2026-07-21 16:04:17.119,28.81,29.5,30.25,29.56,17.31,28.86,928.2,24.5,-40.0,1.0,1.0,0.0,0.0,0.0,432.0
2026-07-21 16:04:17.318,28.81,29.5,30.25,29.56,17.31,28.86,928.2,24.5,-40.0,1.0,1.0,0.0,0.0,0.0,432.0
2026-07-21 16:04:17.519,28.81,29.5,30.25,29.56,17.31,28.86,928.2,24.5,-40.0,1.0,1.0,0.0,0.0,0.0,432.0
2026-07-21 16:04:17.720,28.81,29.5,30.25,29.56,17.31,28.86,928.2,24.7,-40.0,1.0,1.0,0.0,0.0,0.0,432.0
2026-07-21 16:04:17.919,28.81,29.5,30.25,29.62,17.25,28.86,928.2,24.7,-40.0,1.0,1.0,0.0,0.0,0.0,432.0
2026-07-21 16:04:18.120,28.81,29.5,30.25,29.62,17.25,28.86,928.2,24.4,-40.0,1.0,1.0,0.0,0.0,0.0,433.0
2026-07-21 16:04:18.319,28.81,29.5,30.25,29.62,17.25,28.86,928.2,24.4,-40.0,1.0,1.0,0.0,0.0,0.0,433.0
2026-07-21 16:04:18.519,28.81,29.5,30.25,29.62,17.25,28.86,928.2,24.4,-40.0,1.0,1.0,0.0,0.0,0.0,433.0
2026-07-21 16:04:18.720,28.81,29.5,30.25,29.62,17.25,28.84,928.1,24.4,-40.0,1.0,1.0,0.0,0.0,0.0,433.0
2026-07-21 16:04:18.919,28.81,29.5,30.25,29.62,17.18,28.84,928.1,24.4,-40.0,1.0,1.0,0.0,0.0,0.0,433.0
2026-07-21 16:04:19.119,28.81,29.5,30.25,29.62,17.18,28.86,928.2,24.4,-40.0,1.0,1.0,0.0,0.0,0.0,434.0
2026-07-21 16:04:19.319,28.81,29.5,30.25,29.62,17.18,28.86,928.2,24.4,-40.0,1.0,1.0,0.0,0.0,0.0,434.0
2026-07-21 16:04:19.520,28.81,29.5,30.25,29.62,17.18,28.86,928.2,24.4,-40.0,1.0,1.0,0.0,0.0,0.0,434.0
2026-07-21 16:04:19.719,28.81,29.5,30.25,29.62,17.18,28.85,928.1,24.3,-40.0,1.0,1.0,0.0,0.0,0.0,434.0
2026-07-21 16:04:19.919,28.87,29.5,30.25,29.62,17.18,28.85,928.1,24.3,-40.0,1.0,1.0,0.0,0.0,0.0,434.0
2026-07-21 16:04:20.119,28.87,29.5,30.25,29.62,17.18,28.85,928.1,24.3,-40.0,1.0,1.0,0.0,0.0,0.0,435.0
2026-07-21 16:04:20.319,28.87,29.5,30.25,29.62,17.18,28.85,928.1,24.3,-40.0,1.0,1.0,0.0,0.0,0.0,435.0
2026-07-21 16:04:20.519,28.87,29.5,30.25,29.62,17.18,28.85,928.1,24.3,-40.0,1.0,1.0,0.0,0.0,0.0,435.0
2026-07-21 16:04:20.719,28.87,29.5,30.25,29.62,17.18,28.85,928.1,24.3,-40.0,1.0,1.0,0.0,0.0,0.0,435.0
2026-07-21 16:04:20.919,28.87,29.5,30.25,29.62,17.12,28.85,928.1,24.3,-40.0,1.0,1.0,0.0,0.0,0.0,435.0
2026-07-21 16:04:21.119,28.87,29.5,30.25,29.62,17.12,28.85,928.1,24.3,-40.0,1.0,1.0,0.0,0.0,0.0,436.0
2026-07-21 16:04:21.319,28.87,29.5,30.25,29.62,17.12,28.85,928.1,24.3,-40.0,1.0,1.0,0.0,0.0,0.0,436.0
2026-07-21 16:04:21.519,28.87,29.5,30.25,29.62,17.12,28.85,928.1,24.3,-40.0,1.0,1.0,0.0,0.0,0.0,436.0
2026-07-21 16:04:21.719,28.87,29.5,30.25,29.62,17.12,28.86,928.1,24.4,-40.0,1.0,1.0,0.0,0.0,0.0,436.0
2026-07-21 16:04:21.919,28.87,29.5,30.25,29.62,17.12,28.86,928.1,24.4,-40.0,1.0,1.0,0.0,0.0,0.0,436.0
2026-07-21 16:04:22.120,28.87,29.5,30.25,29.62,17.12,28.86,928.2,24.6,-40.0,1.0,1.0,0.0,0.0,0.0,437.0
2026-07-21 16:04:22.319,28.87,29.5,30.25,29.62,17.12,28.86,928.2,24.6,-40.0,1.0,1.0,0.0,0.0,0.0,437.0
2026-07-21 16:04:22.519,28.87,29.5,30.25,29.62,17.12,28.86,928.2,24.6,-40.0,1.0,1.0,0.0,0.0,0.0,437.0
2026-07-21 16:04:22.719,28.87,29.5,30.25,29.62,17.12,28.86,928.2,24.2,-40.0,1.0,1.0,0.0,0.0,0.0,437.0
2026-07-21 16:04:22.918,28.93,29.56,30.25,29.56,17.06,28.86,928.2,24.2,-40.0,1.0,1.0,0.0,0.0,0.0,437.0
2026-07-21 16:04:23.120,28.93,29.56,30.25,29.56,17.06,28.85,928.2,24.2,-40.0,1.0,1.0,0.0,0.0,0.0,438.0
2026-07-21 16:04:23.319,28.93,29.56,30.25,29.56,17.06,28.85,928.2,24.2,-40.0,1.0,1.0,0.0,0.0,0.0,438.0
2026-07-21 16:04:23.519,28.93,29.56,30.25,29.56,17.06,28.85,928.2,24.2,-40.0,1.0,1.0,0.0,0.0,0.0,438.0
2026-07-21 16:04:23.719,28.93,29.56,30.25,29.56,17.06,28.84,928.1,24.5,-40.0,1.0,1.0,0.0,0.0,0.0,438.0
2026-07-21 16:04:23.919,28.93,29.56,30.25,29.62,17.0,28.84,928.1,24.5,-40.0,1.0,1.0,0.0,0.0,0.0,438.0
2026-07-21 16:04:24.119,28.93,29.56,30.25,29.62,17.0,28.85,928.1,24.7,-40.0,1.0,1.0,0.0,0.0,0.0,439.0
2026-07-21 16:04:24.319,28.93,29.56,30.25,29.62,17.0,28.85,928.1,24.7,-40.0,1.0,1.0,0.0,0.0,0.0,439.0
2026-07-21 16:04:24.519,28.93,29.56,30.25,29.62,17.0,28.85,928.1,24.7,-40.0,1.0,1.0,0.0,0.0,0.0,439.0
2026-07-21 16:04:24.720,28.93,29.56,30.25,29.62,17.0,28.84,928.1,24.6,-40.0,1.0,1.0,0.0,0.0,0.0,439.0
2026-07-21 16:04:24.919,29.0,29.5,30.25,29.62,17.0,28.84,928.1,24.6,-40.0,1.0,1.0,0.0,0.0,0.0,439.0
2026-07-21 16:04:25.119,29.0,29.5,30.25,29.62,17.0,28.86,928.1,24.5,-40.0,1.0,1.0,0.0,0.0,0.0,440.0
2026-07-21 16:04:25.319,29.0,29.5,30.25,29.62,17.0,28.86,928.1,24.5,-40.0,1.0,1.0,0.0,0.0,0.0,440.0
2026-07-21 16:04:25.537,29.0,29.5,30.25,29.62,17.0,28.86,928.1,24.5,-40.0,1.0,1.0,0.0,0.0,0.0,440.0
2026-07-21 16:04:25.719,29.0,29.5,30.25,29.62,17.0,28.86,928.1,24.8,-40.0,1.0,1.0,0.0,0.0,0.0,440.0
2026-07-21 16:04:25.920,29.06,29.5,30.25,29.56,17.0,28.86,928.1,24.8,-40.0,1.0,1.0,0.0,0.0,0.0,440.0
2026-07-21 16:04:26.119,29.06,29.5,30.25,29.56,17.0,28.86,928.1,24.2,-40.0,1.0,1.0,0.0,0.0,0.0,441.0
2026-07-21 16:04:26.318,29.06,29.5,30.25,29.56,17.0,28.86,928.1,24.2,-40.0,1.0,1.0,0.0,0.0,0.0,441.0
2026-07-21 16:04:26.519,29.06,29.5,30.25,29.56,17.0,28.86,928.1,24.2,-40.0,1.0,1.0,0.0,0.0,0.0,441.0
2026-07-21 16:04:26.719,29.06,29.5,30.25,29.56,17.0,28.85,928.1,24.2,-40.0,1.0,1.0,0.0,0.0,0.0,441.0
2026-07-21 16:04:26.919,29.06,29.56,30.25,29.56,16.93,28.85,928.1,24.2,-40.0,1.0,1.0,0.0,0.0,0.0,441.0
2026-07-21 16:04:27.119,29.06,29.56,30.25,29.56,16.93,28.85,928.2,24.7,-40.0,1.0,1.0,0.0,0.0,0.0,442.0
2026-07-21 16:04:27.320,29.06,29.56,30.25,29.56,16.93,28.85,928.2,24.7,-40.0,1.0,1.0,0.0,0.0,0.0,442.0
2026-07-21 16:04:27.519,29.06,29.56,30.25,29.56,16.93,28.85,928.2,24.7,-40.0,1.0,1.0,0.0,0.0,0.0,442.0
2026-07-21 16:04:27.731,29.06,29.56,30.25,29.56,16.93,28.84,928.1,24.5,-40.0,1.0,1.0,0.0,0.0,0.0,442.0
2026-07-21 16:04:27.919,29.12,29.56,30.25,29.62,16.93,28.84,928.1,24.5,-40.0,1.0,1.0,0.0,0.0,0.0,442.0
2026-07-21 16:04:28.119,29.12,29.56,30.25,29.62,16.93,28.85,928.1,24.5,-40.0,1.0,1.0,0.0,0.0,0.0,443.0
2026-07-21 16:04:28.318,29.12,29.56,30.25,29.62,16.93,28.85,928.1,24.5,-40.0,1.0,1.0,0.0,0.0,0.0,443.0
2026-07-21 16:04:28.519,29.12,29.56,30.25,29.62,16.93,28.85,928.1,24.5,-40.0,1.0,1.0,0.0,0.0,0.0,443.0
2026-07-21 16:04:28.719,29.12,29.56,30.25,29.62,16.93,28.85,928.1,24.6,-40.0,1.0,1.0,0.0,0.0,0.0,443.0
2026-07-21 16:04:28.919,29.18,29.56,30.25,29.62,16.93,28.85,928.1,24.6,-40.0,1.0,1.0,0.0,0.0,0.0,443.0
2026-07-21 16:04:29.118,29.18,29.56,30.25,29.62,16.93,28.85,928.1,24.2,-40.0,1.0,1.0,0.0,0.0,0.0,444.0
2026-07-21 16:04:29.318,29.18,29.56,30.25,29.62,16.93,28.85,928.1,24.2,-40.0,1.0,1.0,0.0,0.0,0.0,444.0
2026-07-21 16:04:29.519,29.18,29.56,30.25,29.62,16.93,28.85,928.1,24.2,-40.0,1.0,1.0,0.0,0.0,0.0,444.0
2026-07-21 16:04:29.719,29.18,29.56,30.25,29.62,16.93,28.85,928.1,24.4,-40.0,1.0,1.0,0.0,0.0,0.0,444.0
2026-07-21 16:04:29.919,29.25,29.56,30.25,29.62,16.87,28.85,928.1,24.4,-40.0,1.0,1.0,0.0,0.0,0.0,444.0
2026-07-21 16:04:30.119,29.25,29.56,30.25,29.62,16.87,28.84,928.1,24.5,-40.0,1.0,1.0,0.0,0.0,0.0,445.0
2026-07-21 16:04:30.319,29.25,29.56,30.25,29.62,16.87,28.84,928.1,24.5,-40.0,1.0,1.0,0.0,0.0,0.0,445.0
2026-07-21 16:04:30.519,29.25,29.56,30.25,29.62,16.87,28.84,928.1,24.5,-40.0,1.0,1.0,0.0,0.0,0.0,445.0
2026-07-21 16:04:30.719,29.25,29.56,30.25,29.62,16.87,28.85,928.1,24.2,-40.0,1.0,1.0,0.0,0.0,0.0,445.0
2026-07-21 16:04:30.919,29.31,29.56,30.25,29.62,16.87,28.85,928.1,24.2,-40.0,1.0,1.0,0.0,0.0,0.0,445.0
2026-07-21 16:04:31.118,29.31,29.56,30.25,29.62,16.87,28.82,928.1,24.5,-40.0,1.0,1.0,0.0,0.0,0.0,446.0
2026-07-21 16:04:31.319,29.31,29.56,30.25,29.62,16.87,28.82,928.1,24.5,-40.0,1.0,1.0,0.0,0.0,0.0,446.0
2026-07-21 16:04:31.519,29.31,29.56,30.25,29.62,16.87,28.82,928.1,24.5,-40.0,1.0,1.0,0.0,0.0,0.0,446.0
2026-07-21 16:04:31.718,29.31,29.56,30.25,29.62,16.87,28.84,928.1,24.6,-40.0,1.0,1.0,0.0,0.0,0.0,446.0
2026-07-21 16:04:31.919,29.37,29.56,30.25,29.56,16.81,28.84,928.1,24.6,-40.0,1.0,1.0,0.0,0.0,0.0,446.0
2026-07-21 16:04:32.121,29.37,29.56,30.25,29.56,16.81,28.85,928.2,24.8,-40.0,1.0,1.0,0.0,0.0,0.0,447.0
2026-07-21 16:04:32.318,29.37,29.56,30.25,29.56,16.81,28.85,928.2,24.8,-40.0,1.0,1.0,0.0,0.0,0.0,447.0
2026-07-21 16:04:32.518,29.37,29.56,30.25,29.56,16.81,28.85,928.2,24.8,-40.0,1.0,1.0,0.0,0.0,0.0,447.0
2026-07-21 16:04:32.720,29.37,29.56,30.25,29.56,16.81,28.85,928.2,24.6,-40.0,1.0,1.0,0.0,0.0,0.0,447.0
2026-07-21 16:04:32.918,29.43,29.56,30.25,29.62,16.81,28.85,928.2,24.6,-40.0,1.0,1.0,0.0,0.0,0.0,447.0
2026-07-21 16:04:33.119,29.43,29.56,30.25,29.62,16.81,28.85,928.1,24.6,-40.0,1.0,1.0,0.0,0.0,0.0,448.0
2026-07-21 16:04:33.319,29.43,29.56,30.25,29.62,16.81,28.85,928.1,24.6,-40.0,1.0,1.0,0.0,0.0,0.0,448.0
2026-07-21 16:04:33.518,29.43,29.56,30.25,29.62,16.81,28.85,928.1,24.6,-40.0,1.0,1.0,0.0,0.0,0.0,448.0
2026-07-21 16:04:33.720,29.43,29.56,30.25,29.62,16.81,28.85,928.2,24.5,-40.0,1.0,1.0,0.0,0.0,0.0,448.0
2026-07-21 16:04:33.919,29.5,29.56,30.25,29.62,16.75,28.85,928.2,24.5,-40.0,1.0,1.0,0.0,0.0,0.0,448.0
2026-07-21 16:04:34.119,29.5,29.56,30.25,29.62,16.75,28.85,928.2,24.5,-40.0,1.0,1.0,0.0,0.0,0.0,449.0
2026-07-21 16:04:34.319,29.5,29.56,30.25,29.62,16.75,28.85,928.2,24.5,-40.0,1.0,1.0,0.0,0.0,0.0,449.0
2026-07-21 16:04:34.519,29.5,29.56,30.25,29.62,16.75,28.85,928.2,24.5,-40.0,1.0,1.0,0.0,0.0,0.0,449.0
2026-07-21 16:04:34.719,29.5,29.56,30.25,29.62,16.75,28.85,928.2,24.6,-40.0,1.0,1.0,0.0,0.0,0.0,449.0
2026-07-21 16:04:34.919,29.5,29.56,30.25,29.56,16.75,28.85,928.2,24.6,-40.0,1.0,1.0,0.0,0.0,0.0,449.0
2026-07-21 16:04:35.119,29.5,29.56,30.25,29.56,16.75,28.85,928.2,24.7,-40.0,1.0,1.0,0.0,0.0,0.0,450.0
2026-07-21 16:04:35.318,29.5,29.56,30.25,29.56,16.75,28.85,928.2,24.7,-40.0,1.0,1.0,0.0,0.0,0.0,450.0
2026-07-21 16:04:35.518,29.5,29.56,30.25,29.56,16.75,28.85,928.2,24.7,-40.0,1.0,1.0,0.0,0.0,0.0,450.0
2026-07-21 16:04:35.719,29.5,29.56,30.25,29.56,16.75,28.84,928.2,24.3,-40.0,1.0,1.0,0.0,0.0,0.0,450.0
2026-07-21 16:04:35.919,29.56,29.56,30.25,29.56,16.75,28.84,928.2,24.3,-40.0,1.0,1.0,0.0,0.0,0.0,450.0
2026-07-21 16:04:36.119,29.56,29.56,30.25,29.56,16.75,28.84,928.2,24.4,-40.0,1.0,1.0,0.0,0.0,0.0,451.0
2026-07-21 16:04:36.319,29.56,29.56,30.25,29.56,16.75,28.84,928.2,24.4,-40.0,1.0,1.0,0.0,0.0,0.0,451.0
2026-07-21 16:04:36.532,29.56,29.56,30.25,29.56,16.75,28.84,928.2,24.4,-40.0,1.0,1.0,0.0,0.0,0.0,451.0
2026-07-21 16:04:36.719,29.56,29.56,30.25,29.56,16.75,28.84,928.1,24.5,-40.0,1.0,1.0,0.0,0.0,0.0,451.0
2026-07-21 16:04:36.919,29.56,29.56,30.25,29.62,16.68,28.84,928.1,24.5,-40.0,1.0,1.0,0.0,0.0,0.0,451.0
2026-07-21 16:04:37.119,29.56,29.56,30.25,29.62,16.68,28.85,928.1,24.8,-40.0,1.0,1.0,0.0,0.0,0.0,452.0
2026-07-21 16:04:37.318,29.56,29.56,30.25,29.62,16.68,28.85,928.1,24.8,-40.0,1.0,1.0,0.0,0.0,0.0,452.0
2026-07-21 16:04:37.518,29.56,29.56,30.25,29.62,16.68,28.85,928.1,24.8,-40.0,1.0,1.0,0.0,0.0,0.0,452.0
2026-07-21 16:04:37.719,29.56,29.56,30.25,29.62,16.68,28.85,928.1,24.6,-40.0,1.0,1.0,0.0,0.0,0.0,452.0
2026-07-21 16:04:37.919,29.62,29.5,30.25,29.56,16.68,28.85,928.1,24.6,-40.0,1.0,1.0,0.0,0.0,0.0,452.0
2026-07-21 16:04:38.119,29.62,29.5,30.25,29.56,16.68,28.84,928.1,24.5,-40.0,1.0,1.0,0.0,0.0,0.0,453.0
2026-07-21 16:04:38.319,29.62,29.5,30.25,29.56,16.68,28.84,928.1,24.5,-40.0,1.0,1.0,0.0,0.0,0.0,453.0
2026-07-21 16:04:38.519,29.62,29.5,30.25,29.56,16.68,28.84,928.1,24.5,-40.0,1.0,1.0,0.0,0.0,0.0,453.0
2026-07-21 16:04:38.719,29.62,29.5,30.25,29.56,16.68,28.85,928.2,24.5,-40.0,1.0,1.0,0.0,0.0,0.0,453.0
2026-07-21 16:04:38.919,29.68,29.56,30.25,29.62,16.68,28.85,928.2,24.5,-40.0,1.0,1.0,0.0,0.0,0.0,453.0
2026-07-21 16:04:39.119,29.68,29.56,30.25,29.62,16.68,28.84,928.1,24.6,-40.0,1.0,1.0,0.0,0.0,0.0,454.0
2026-07-21 16:04:39.319,29.68,29.56,30.25,29.62,16.68,28.84,928.1,24.6,-40.0,1.0,1.0,0.0,0.0,0.0,454.0
2026-07-21 16:04:39.530,29.68,29.56,30.25,29.62,16.68,28.84,928.1,24.6,-40.0,1.0,1.0,0.0,0.0,0.0,454.0
2026-07-21 16:04:39.719,29.68,29.56,30.25,29.62,16.68,28.84,928.2,24.7,-40.0,1.0,1.0,0.0,0.0,0.0,454.0
2026-07-21 16:04:39.918,29.75,29.56,30.25,29.62,16.62,28.84,928.2,24.7,-40.0,1.0,1.0,0.0,0.0,0.0,454.0
2026-07-21 16:04:40.119,29.75,29.56,30.25,29.62,16.62,28.85,928.2,25.0,-40.0,1.0,1.0,0.0,0.0,0.0,455.0
2026-07-21 16:04:40.318,29.75,29.56,30.25,29.62,16.62,28.85,928.2,25.0,-40.0,1.0,1.0,0.0,0.0,0.0,455.0
2026-07-21 16:04:40.518,29.75,29.56,30.25,29.62,16.62,28.85,928.2,25.0,-40.0,1.0,1.0,0.0,0.0,0.0,455.0
2026-07-21 16:04:40.720,29.75,29.56,30.25,29.62,16.62,28.85,928.1,24.3,-40.0,1.0,1.0,0.0,0.0,0.0,455.0
2026-07-21 16:04:40.919,29.75,29.56,30.25,29.56,16.62,28.85,928.1,24.3,-40.0,1.0,1.0,0.0,0.0,0.0,455.0
2026-07-21 16:04:41.118,29.75,29.56,30.25,29.56,16.62,28.86,928.1,24.2,-40.0,1.0,1.0,0.0,0.0,0.0,456.0
2026-07-21 16:04:41.318,29.75,29.56,30.25,29.56,16.62,28.86,928.1,24.2,-40.0,1.0,1.0,0.0,0.0,0.0,456.0
2026-07-21 16:04:41.518,29.75,29.56,30.25,29.56,16.62,28.86,928.1,24.2,-40.0,1.0,1.0,0.0,0.0,0.0,456.0
2026-07-21 16:04:41.718,29.75,29.56,30.25,29.56,16.62,28.86,928.2,24.4,-40.0,1.0,1.0,0.0,0.0,0.0,456.0
2026-07-21 16:04:41.919,29.75,29.56,30.25,29.56,16.62,28.86,928.2,24.4,-40.0,1.0,1.0,0.0,0.0,0.0,456.0
2026-07-21 16:04:42.119,29.75,29.56,30.25,29.56,16.62,28.85,928.1,24.6,-40.0,1.0,1.0,0.0,0.0,0.0,457.0
2026-07-21 16:04:42.318,29.75,29.56,30.25,29.56,16.62,28.85,928.1,24.6,-40.0,1.0,1.0,0.0,0.0,0.0,457.0
2026-07-21 16:04:42.518,29.75,29.56,30.25,29.56,16.62,28.85,928.1,24.6,-40.0,1.0,1.0,0.0,0.0,0.0,457.0
2026-07-21 16:04:42.719,29.75,29.56,30.25,29.56,16.62,28.85,928.2,24.6,-40.0,1.0,1.0,0.0,0.0,0.0,457.0
2026-07-21 16:04:42.918,29.81,29.56,30.25,29.56,16.56,28.85,928.2,24.6,-40.0,1.0,1.0,0.0,0.0,0.0,457.0
2026-07-21 16:04:43.118,29.81,29.56,30.25,29.56,16.56,28.85,928.2,24.3,-40.0,1.0,1.0,0.0,0.0,0.0,458.0
2026-07-21 16:04:43.318,29.81,29.56,30.25,29.56,16.56,28.85,928.2,24.3,-40.0,1.0,1.0,0.0,0.0,0.0,458.0
2026-07-21 16:04:43.519,29.81,29.56,30.25,29.56,16.56,28.85,928.2,24.3,-40.0,1.0,1.0,0.0,0.0,0.0,458.0
2026-07-21 16:04:43.718,29.81,29.56,30.25,29.56,16.56,28.85,928.1,24.5,-40.0,1.0,1.0,0.0,0.0,0.0,458.0
2026-07-21 16:04:43.919,29.81,29.56,30.25,29.62,16.56,28.85,928.1,24.5,-40.0,1.0,1.0,0.0,0.0,0.0,458.0
2026-07-21 16:04:44.119,29.81,29.56,30.25,29.62,16.56,28.86,928.2,24.4,-40.0,1.0,1.0,0.0,0.0,0.0,459.0
2026-07-21 16:04:44.318,29.81,29.56,30.25,29.62,16.56,28.86,928.2,24.4,-40.0,1.0,1.0,0.0,0.0,0.0,459.0
2026-07-21 16:04:44.518,29.81,29.56,30.25,29.62,16.56,28.86,928.2,24.4,-40.0,1.0,1.0,0.0,0.0,0.0,459.0
2026-07-21 16:04:44.719,29.81,29.56,30.25,29.62,16.56,28.86,928.2,24.2,-40.0,1.0,1.0,0.0,0.0,0.0,459.0
2026-07-21 16:04:44.919,29.87,29.56,30.25,29.56,16.56,28.86,928.2,24.2,-40.0,1.0,1.0,0.0,0.0,0.0,459.0
2026-07-21 16:04:45.118,29.87,29.56,30.25,29.56,16.56,28.85,928.2,24.2,-40.0,1.0,1.0,0.0,0.0,0.0,460.0
2026-07-21 16:04:45.318,29.87,29.56,30.25,29.56,16.56,28.85,928.2,24.2,-40.0,1.0,1.0,0.0,0.0,0.0,460.0
2026-07-21 16:04:45.518,29.87,29.56,30.25,29.56,16.56,28.85,928.2,24.2,-40.0,1.0,1.0,0.0,0.0,0.0,460.0
2026-07-21 16:04:45.719,29.87,29.56,30.25,29.56,16.56,28.86,928.2,24.4,-40.0,1.0,1.0,0.0,0.0,0.0,460.0
2026-07-21 16:04:45.918,29.93,29.56,30.25,29.62,16.5,28.86,928.2,24.4,-40.0,1.0,1.0,0.0,0.0,0.0,460.0
2026-07-21 16:04:46.119,29.93,29.56,30.25,29.62,16.5,28.86,928.1,24.5,-40.0,1.0,1.0,0.0,0.0,0.0,461.0
2026-07-21 16:04:46.318,29.93,29.56,30.25,29.62,16.5,28.86,928.1,24.5,-40.0,1.0,1.0,0.0,0.0,0.0,461.0
2026-07-21 16:04:46.518,29.93,29.56,30.25,29.62,16.5,28.86,928.1,24.5,-40.0,1.0,1.0,0.0,0.0,0.0,461.0
2026-07-21 16:04:46.718,29.93,29.56,30.25,29.62,16.5,28.85,928.2,24.5,-40.0,1.0,1.0,0.0,0.0,0.0,461.0
2026-07-21 16:04:46.924,29.93,29.56,30.25,29.56,16.5,28.85,928.2,24.5,-40.0,1.0,1.0,0.0,0.0,0.0,461.0
2026-07-21 16:04:47.118,29.93,29.56,30.25,29.56,16.5,28.84,928.2,24.6,-40.0,1.0,1.0,0.0,0.0,0.0,462.0
2026-07-21 16:04:47.318,29.93,29.56,30.25,29.56,16.5,28.84,928.2,24.6,-40.0,1.0,1.0,0.0,0.0,0.0,462.0
2026-07-21 16:04:47.518,29.93,29.56,30.25,29.56,16.5,28.84,928.2,24.6,-40.0,1.0,1.0,0.0,0.0,0.0,462.0
2026-07-21 16:04:47.718,29.93,29.56,30.25,29.56,16.5,28.85,928.1,24.7,-40.0,1.0,1.0,0.0,0.0,0.0,462.0
2026-07-21 16:04:47.918,30.0,29.56,30.25,29.56,16.5,28.85,928.1,24.7,-40.0,1.0,1.0,0.0,0.0,0.0,462.0
2026-07-21 16:04:48.119,30.0,29.56,30.25,29.56,16.5,28.85,928.1,24.5,-40.0,1.0,1.0,0.0,0.0,0.0,463.0
2026-07-21 16:04:48.318,30.0,29.56,30.25,29.56,16.5,28.85,928.1,24.5,-40.0,1.0,1.0,0.0,0.0,0.0,463.0
2026-07-21 16:04:48.519,30.0,29.56,30.25,29.56,16.5,28.85,928.1,24.5,-40.0,1.0,1.0,0.0,0.0,0.0,463.0
2026-07-21 16:04:48.719,30.0,29.56,30.25,29.56,16.5,28.86,928.2,24.5,-40.0,1.0,1.0,0.0,0.0,0.0,463.0
2026-07-21 16:04:48.918,30.0,29.56,30.25,29.56,16.43,28.86,928.2,24.5,-40.0,1.0,1.0,0.0,0.0,0.0,463.0
2026-07-21 16:04:49.119,30.0,29.56,30.25,29.56,16.43,28.86,928.1,24.7,-40.0,1.0,1.0,0.0,0.0,0.0,464.0
2026-07-21 16:04:49.318,30.0,29.56,30.25,29.56,16.43,28.86,928.1,24.7,-40.0,1.0,1.0,0.0,0.0,0.0,464.0
2026-07-21 16:04:49.517,30.0,29.56,30.25,29.56,16.43,28.86,928.1,24.7,-40.0,1.0,1.0,0.0,0.0,0.0,464.0
2026-07-21 16:04:49.718,30.0,29.56,30.25,29.56,16.43,28.85,928.2,24.4,-40.0,1.0,1.0,0.0,0.0,0.0,464.0
2026-07-21 16:04:49.918,30.06,29.56,30.25,29.56,16.43,28.85,928.2,24.4,-40.0,1.0,1.0,0.0,0.0,0.0,464.0
2026-07-21 16:04:50.118,30.06,29.56,30.25,29.56,16.43,28.86,928.2,24.6,-40.0,1.0,1.0,0.0,0.0,0.0,465.0
2026-07-21 16:04:50.318,30.06,29.56,30.25,29.56,16.43,28.86,928.2,24.6,-40.0,1.0,1.0,0.0,0.0,0.0,465.0
2026-07-21 16:04:50.521,30.06,29.56,30.25,29.56,16.43,28.86,928.2,24.6,-40.0,1.0,1.0,0.0,0.0,0.0,465.0
2026-07-21 16:04:50.718,30.06,29.56,30.25,29.56,16.43,28.87,928.1,24.7,-40.0,1.0,1.0,0.0,0.0,0.0,465.0
2026-07-21 16:04:50.919,30.12,29.56,30.25,29.62,16.43,28.87,928.1,24.7,-40.0,1.0,1.0,0.0,0.0,0.0,465.0
2026-07-21 16:04:51.118,30.12,29.56,30.25,29.62,16.43,28.86,928.1,24.2,-40.0,1.0,1.0,0.0,0.0,0.0,466.0
2026-07-21 16:04:51.318,30.12,29.56,30.25,29.62,16.43,28.86,928.1,24.2,-40.0,1.0,1.0,0.0,0.0,0.0,466.0
2026-07-21 16:04:51.517,30.12,29.56,30.25,29.62,16.43,28.86,928.1,24.2,-40.0,1.0,1.0,0.0,0.0,0.0,466.0
2026-07-21 16:04:51.718,30.12,29.56,30.25,29.62,16.43,28.86,928.2,24.6,-40.0,1.0,1.0,0.0,0.0,0.0,466.0
2026-07-21 16:04:51.920,30.12,29.56,30.25,29.56,16.37,28.86,928.2,24.6,-40.0,1.0,1.0,0.0,0.0,0.0,466.0
2026-07-21 16:04:52.118,30.12,29.56,30.25,29.56,16.37,28.86,928.1,24.5,-40.0,1.0,1.0,0.0,0.0,0.0,467.0
2026-07-21 16:04:52.318,30.12,29.56,30.25,29.56,16.37,28.86,928.1,24.5,-40.0,1.0,1.0,0.0,0.0,0.0,467.0
2026-07-21 16:04:52.518,30.12,29.56,30.25,29.56,16.37,28.86,928.1,24.5,-40.0,1.0,1.0,0.0,0.0,0.0,467.0
2026-07-21 16:04:52.718,30.12,29.56,30.25,29.56,16.37,28.86,928.2,24.7,-40.0,1.0,1.0,0.0,0.0,0.0,467.0
2026-07-21 16:04:52.919,30.18,29.56,30.25,29.56,16.37,28.86,928.2,24.7,-40.0,1.0,1.0,0.0,0.0,0.0,467.0
2026-07-21 16:04:53.118,30.18,29.56,30.25,29.56,16.37,28.86,928.1,24.6,-40.0,1.0,1.0,0.0,0.0,0.0,468.0
2026-07-21 16:04:53.318,30.18,29.56,30.25,29.56,16.37,28.86,928.1,24.6,-40.0,1.0,1.0,0.0,0.0,0.0,468.0
2026-07-21 16:04:53.518,30.18,29.56,30.25,29.56,16.37,28.86,928.1,24.6,-40.0,1.0,1.0,0.0,0.0,0.0,468.0
2026-07-21 16:04:53.718,30.18,29.56,30.25,29.56,16.37,28.85,928.1,24.3,-40.0,1.0,1.0,0.0,0.0,0.0,468.0
2026-07-21 16:04:53.917,30.25,29.56,30.25,29.56,16.31,28.85,928.1,24.3,-40.0,1.0,1.0,0.0,0.0,0.0,468.0
2026-07-21 16:04:54.118,30.25,29.56,30.25,29.56,16.31,28.86,928.1,24.5,-40.0,1.0,1.0,0.0,0.0,0.0,469.0
2026-07-21 16:04:54.318,30.25,29.56,30.25,29.56,16.31,28.86,928.1,24.5,-40.0,1.0,1.0,0.0,0.0,0.0,469.0
2026-07-21 16:04:54.519,30.25,29.56,30.25,29.56,16.31,28.86,928.1,24.5,-40.0,1.0,1.0,0.0,0.0,0.0,469.0
2026-07-21 16:04:54.719,30.25,29.56,30.25,29.56,16.31,28.86,928.2,24.9,-40.0,1.0,1.0,0.0,0.0,0.0,469.0
2026-07-21 16:04:54.918,30.25,29.56,30.25,29.62,16.31,28.86,928.2,24.9,-40.0,1.0,1.0,0.0,0.0,0.0,469.0
2026-07-21 16:04:55.118,30.25,29.56,30.25,29.62,16.31,28.86,928.1,24.2,-40.0,1.0,1.0,0.0,0.0,0.0,470.0
2026-07-21 16:04:55.318,30.25,29.56,30.25,29.62,16.31,28.86,928.1,24.2,-40.0,1.0,1.0,0.0,0.0,0.0,470.0
2026-07-21 16:04:55.518,30.25,29.56,30.25,29.62,16.31,28.86,928.1,24.2,-40.0,1.0,1.0,0.0,0.0,0.0,470.0
2026-07-21 16:04:55.718,30.25,29.56,30.25,29.62,16.31,28.86,928.1,24.5,-40.0,1.0,1.0,0.0,0.0,0.0,470.0
2026-07-21 16:04:55.918,30.31,29.56,30.25,29.56,16.25,28.86,928.1,24.5,-40.0,1.0,1.0,0.0,0.0,0.0,470.0
2026-07-21 16:04:56.119,30.31,29.56,30.25,29.56,16.25,28.87,928.1,24.7,-40.0,1.0,1.0,0.0,0.0,0.0,471.0
2026-07-21 16:04:56.318,30.31,29.56,30.25,29.56,16.25,28.87,928.1,24.7,-40.0,1.0,1.0,0.0,0.0,0.0,471.0
2026-07-21 16:04:56.525,30.31,29.56,30.25,29.56,16.25,28.87,928.1,24.7,-40.0,1.0,1.0,0.0,0.0,0.0,471.0
2026-07-21 16:04:56.718,30.31,29.56,30.25,29.56,16.25,28.86,928.1,24.6,-40.0,1.0,1.0,0.0,0.0,0.0,471.0
2026-07-21 16:04:56.918,30.37,29.56,30.25,29.56,16.25,28.86,928.1,24.6,-40.0,1.0,1.0,0.0,0.0,0.0,471.0
2026-07-21 16:04:57.118,30.37,29.56,30.25,29.56,16.25,28.85,928.2,24.5,-40.0,1.0,1.0,0.0,0.0,0.0,472.0
2026-07-21 16:04:57.318,30.37,29.56,30.25,29.56,16.25,28.85,928.2,24.5,-40.0,1.0,1.0,0.0,0.0,0.0,472.0
2026-07-21 16:04:57.518,30.37,29.56,30.25,29.56,16.25,28.85,928.2,24.5,-40.0,1.0,1.0,0.0,0.0,0.0,472.0
2026-07-21 16:04:57.718,30.37,29.56,30.25,29.56,16.25,28.86,928.2,24.6,-40.0,1.0,1.0,0.0,0.0,0.0,472.0
2026-07-21 16:04:57.918,30.43,29.56,30.25,29.56,16.25,28.86,928.2,24.6,-40.0,1.0,1.0,0.0,0.0,0.0,472.0
2026-07-21 16:04:58.119,30.43,29.56,30.25,29.56,16.25,28.86,928.2,24.7,-40.0,1.0,1.0,0.0,0.0,0.0,473.0
2026-07-21 16:04:58.317,30.43,29.56,30.25,29.56,16.25,28.86,928.2,24.7,-40.0,1.0,1.0,0.0,0.0,0.0,473.0
2026-07-21 16:04:58.522,30.43,29.56,30.25,29.56,16.25,28.86,928.2,24.7,-40.0,1.0,1.0,0.0,0.0,0.0,473.0
2026-07-21 16:04:58.718,30.43,29.56,30.25,29.56,16.25,28.87,928.2,24.6,-40.0,1.0,1.0,0.0,0.0,0.0,473.0
2026-07-21 16:04:58.918,30.43,29.62,30.25,29.62,16.18,28.87,928.2,24.6,-40.0,1.0,1.0,0.0,0.0,0.0,473.0
2026-07-21 16:04:59.118,30.43,29.62,30.25,29.62,16.18,28.86,928.2,24.5,-40.0,1.0,1.0,0.0,0.0,0.0,474.0
2026-07-21 16:04:59.318,30.43,29.62,30.25,29.62,16.18,28.86,928.2,24.5,-40.0,1.0,1.0,0.0,0.0,0.0,474.0
2026-07-21 16:04:59.518,30.43,29.62,30.25,29.62,16.18,28.86,928.2,24.5,-40.0,1.0,1.0,0.0,0.0,0.0,474.0
2026-07-21 16:04:59.718,30.43,29.62,30.25,29.62,16.18,28.86,928.1,24.7,-40.0,1.0,1.0,0.0,0.0,0.0,474.0
2026-07-21 16:04:59.918,30.5,29.62,30.25,29.56,16.18,28.86,928.1,24.7,-40.0,1.0,1.0,0.0,0.0,0.0,474.0
2026-07-21 16:05:00.118,30.5,29.62,30.25,29.56,16.18,28.86,928.2,24.6,-40.0,1.0,1.0,0.0,0.0,0.0,475.0
2026-07-21 16:05:00.318,30.5,29.62,30.25,29.56,16.18,28.86,928.2,24.6,-40.0,1.0,1.0,0.0,0.0,0.0,475.0
2026-07-21 16:05:00.520,30.5,29.62,30.25,29.56,16.18,28.86,928.2,24.6,-40.0,1.0,1.0,0.0,0.0,0.0,475.0
2026-07-21 16:05:00.720,30.5,29.62,30.25,29.56,16.18,28.87,928.2,25.0,-40.0,1.0,1.0,0.0,0.0,0.0,475.0
2026-07-21 16:05:00.918,30.56,29.56,30.25,29.62,16.18,28.87,928.2,25.0,-40.0,1.0,1.0,0.0,0.0,0.0,475.0
2026-07-21 16:05:01.120,30.56,29.56,30.25,29.62,16.18,28.86,928.1,24.3,-40.0,1.0,1.0,0.0,0.0,0.0,476.0
2026-07-21 16:05:01.318,30.56,29.56,30.25,29.62,16.18,28.86,928.1,24.3,-40.0,1.0,1.0,0.0,0.0,0.0,476.0
2026-07-21 16:05:01.518,30.56,29.56,30.25,29.62,16.18,28.86,928.1,24.3,-40.0,1.0,1.0,0.0,0.0,0.0,476.0
2026-07-21 16:05:01.718,30.56,29.56,30.25,29.62,16.18,28.87,928.1,24.5,-40.0,1.0,1.0,0.0,0.0,0.0,476.0
2026-07-21 16:05:01.918,30.56,29.56,30.25,29.56,16.12,28.87,928.1,24.5,-40.0,1.0,1.0,0.0,0.0,0.0,476.0
2026-07-21 16:05:02.118,30.56,29.56,30.25,29.56,16.12,28.87,928.1,24.7,-40.0,1.0,1.0,0.0,0.0,0.0,477.0
2026-07-21 16:05:02.318,30.56,29.56,30.25,29.56,16.12,28.87,928.1,24.7,-40.0,1.0,1.0,0.0,0.0,0.0,477.0
2026-07-21 16:05:02.518,30.56,29.56,30.25,29.56,16.12,28.87,928.1,24.7,-40.0,1.0,1.0,0.0,0.0,0.0,477.0
2026-07-21 16:05:02.718,30.56,29.56,30.25,29.56,16.12,28.86,928.1,24.5,-40.0,1.0,1.0,0.0,0.0,0.0,477.0
2026-07-21 16:05:02.917,30.62,29.62,30.25,29.56,16.12,28.86,928.1,24.5,-40.0,1.0,1.0,0.0,0.0,0.0,477.0
2026-07-21 16:05:03.119,30.62,29.62,30.25,29.56,16.12,28.87,928.1,24.7,-40.0,1.0,1.0,0.0,0.0,0.0,478.0
2026-07-21 16:05:03.318,30.62,29.62,30.25,29.56,16.12,28.87,928.1,24.7,-40.0,1.0,1.0,0.0,0.0,0.0,478.0
2026-07-21 16:05:03.517,30.62,29.62,30.25,29.56,16.12,28.87,928.1,24.7,-40.0,1.0,1.0,0.0,0.0,0.0,478.0
2026-07-21 16:05:03.718,30.62,29.62,30.25,29.56,16.12,28.87,928.1,24.2,-40.0,1.0,1.0,0.0,0.0,0.0,478.0
2026-07-21 16:05:03.918,30.62,29.56,30.25,29.56,16.06,28.87,928.1,24.2,-40.0,1.0,1.0,0.0,0.0,0.0,478.0
2026-07-21 16:05:04.118,30.62,29.56,30.25,29.56,16.06,28.86,928.2,24.1,-40.0,1.0,1.0,0.0,0.0,0.0,479.0
2026-07-21 16:05:04.318,30.62,29.56,30.25,29.56,16.06,28.86,928.2,24.1,-40.0,1.0,1.0,0.0,0.0,0.0,479.0
2026-07-21 16:05:04.517,30.62,29.56,30.25,29.56,16.06,28.86,928.2,24.1,-40.0,1.0,1.0,0.0,0.0,0.0,479.0
2026-07-21 16:05:04.718,30.62,29.56,30.25,29.56,16.06,28.86,928.2,24.3,-40.0,1.0,1.0,0.0,0.0,0.0,479.0
2026-07-21 16:05:04.918,30.68,29.62,30.25,29.56,16.06,28.86,928.2,24.3,-40.0,1.0,1.0,0.0,0.0,0.0,479.0
2026-07-21 16:05:05.118,30.68,29.62,30.25,29.56,16.06,28.86,928.1,24.2,-40.0,1.0,1.0,0.0,0.0,0.0,480.0
2026-07-21 16:05:05.318,30.68,29.62,30.25,29.56,16.06,28.86,928.1,24.2,-40.0,1.0,1.0,0.0,0.0,0.0,480.0
2026-07-21 16:05:05.517,30.68,29.62,30.25,29.56,16.06,28.86,928.1,24.2,-40.0,1.0,1.0,0.0,0.0,0.0,480.0
2026-07-21 16:05:05.719,30.68,29.62,30.25,29.56,16.06,28.87,928.2,24.9,-40.0,1.0,1.0,0.0,0.0,0.0,480.0
2026-07-21 16:05:05.920,30.68,29.62,30.25,29.56,16.06,28.87,928.2,24.9,-40.0,1.0,1.0,0.0,0.0,0.0,480.0
2026-07-21 16:05:06.120,30.68,29.62,30.25,29.56,16.06,28.86,928.2,24.2,-40.0,1.0,1.0,0.0,0.0,0.0,481.0
2026-07-21 16:05:06.318,30.68,29.62,30.25,29.56,16.06,28.86,928.2,24.2,-40.0,1.0,1.0,0.0,0.0,0.0,481.0
2026-07-21 16:05:06.518,30.68,29.62,30.25,29.56,16.06,28.86,928.2,24.2,-40.0,1.0,1.0,0.0,0.0,0.0,481.0
2026-07-21 16:05:06.739,30.68,29.62,30.25,29.56,16.06,28.86,928.2,24.7,-40.0,1.0,1.0,0.0,0.0,0.0,481.0
2026-07-21 16:05:06.918,30.68,29.62,30.25,29.56,16.0,28.86,928.2,24.7,-40.0,1.0,1.0,0.0,0.0,0.0,481.0
2026-07-21 16:05:07.118,30.68,29.62,30.25,29.56,16.0,28.86,928.1,24.6,-40.0,1.0,1.0,0.0,0.0,0.0,482.0
2026-07-21 16:05:07.318,30.68,29.62,30.25,29.56,16.0,28.86,928.1,24.6,-40.0,1.0,1.0,0.0,0.0,0.0,482.0
2026-07-21 16:05:07.520,30.68,29.62,30.25,29.56,16.0,28.86,928.1,24.6,-40.0,1.0,1.0,0.0,0.0,0.0,482.0
2026-07-21 16:05:07.718,30.68,29.62,30.25,29.56,16.0,28.86,928.2,24.5,-40.0,1.0,1.0,0.0,0.0,0.0,482.0
2026-07-21 16:05:07.918,30.68,29.62,30.25,29.56,16.0,28.86,928.2,24.5,-40.0,1.0,1.0,0.0,0.0,0.0,482.0
2026-07-21 16:05:08.118,30.68,29.62,30.25,29.56,16.0,28.87,928.1,24.6,-40.0,1.0,1.0,0.0,0.0,0.0,483.0
2026-07-21 16:05:08.317,30.68,29.62,30.25,29.56,16.0,28.87,928.1,24.6,-40.0,1.0,1.0,0.0,0.0,0.0,483.0
2026-07-21 16:05:08.519,30.68,29.62,30.25,29.56,16.0,28.87,928.1,24.6,-40.0,1.0,1.0,0.0,0.0,0.0,483.0
2026-07-21 16:05:08.719,30.68,29.62,30.25,29.56,16.0,28.87,928.2,24.5,-40.0,1.0,1.0,0.0,0.0,0.0,483.0
2026-07-21 16:05:08.918,30.75,29.62,30.25,29.56,16.0,28.87,928.2,24.5,-40.0,1.0,1.0,0.0,0.0,0.0,483.0
2026-07-21 16:05:09.118,30.75,29.62,30.25,29.56,16.0,28.87,928.2,24.6,-40.0,1.0,1.0,0.0,0.0,0.0,484.0
2026-07-21 16:05:09.318,30.75,29.62,30.25,29.56,16.0,28.87,928.2,24.6,-40.0,1.0,1.0,0.0,0.0,0.0,484.0
2026-07-21 16:05:09.518,30.75,29.62,30.25,29.56,16.0,28.87,928.2,24.6,-40.0,1.0,1.0,0.0,0.0,0.0,484.0
2026-07-21 16:05:09.719,30.75,29.62,30.25,29.56,16.0,28.87,928.1,24.6,-40.0,1.0,1.0,0.0,0.0,0.0,484.0
2026-07-21 16:05:09.918,30.68,29.62,30.25,29.56,16.0,28.87,928.1,24.6,-40.0,1.0,1.0,0.0,0.0,0.0,484.0
2026-07-21 16:05:10.120,30.68,29.62,30.25,29.56,16.0,28.87,928.1,24.9,-40.0,1.0,1.0,0.0,0.0,0.0,485.0
2026-07-21 16:05:10.318,30.68,29.62,30.25,29.56,16.0,28.87,928.1,24.9,-40.0,1.0,1.0,0.0,0.0,0.0,485.0
2026-07-21 16:05:10.517,30.68,29.62,30.25,29.56,16.0,28.87,928.1,24.9,-40.0,1.0,1.0,0.0,0.0,0.0,485.0
2026-07-21 16:05:10.718,30.68,29.62,30.25,29.56,16.0,28.87,928.2,24.7,-40.0,1.0,1.0,0.0,0.0,0.0,485.0
2026-07-21 16:05:10.918,30.75,29.56,30.25,29.62,15.93,28.87,928.2,24.7,-40.0,1.0,1.0,0.0,0.0,0.0,485.0
2026-07-21 16:05:11.118,30.75,29.56,30.25,29.62,15.93,28.86,928.1,24.5,-40.0,1.0,1.0,0.0,0.0,0.0,486.0
2026-07-21 16:05:11.317,30.75,29.56,30.25,29.62,15.93,28.86,928.1,24.5,-40.0,1.0,1.0,0.0,0.0,0.0,486.0
2026-07-21 16:05:11.518,30.75,29.56,30.25,29.62,15.93,28.86,928.1,24.5,-40.0,1.0,1.0,0.0,0.0,0.0,486.0
2026-07-21 16:05:11.719,30.75,29.56,30.25,29.62,15.93,28.87,928.2,24.7,-40.0,1.0,1.0,0.0,0.0,0.0,486.0
2026-07-21 16:05:11.918,30.68,29.62,30.25,29.56,15.93,28.87,928.2,24.7,-40.0,1.0,1.0,0.0,0.0,0.0,486.0
2026-07-21 16:05:12.119,30.68,29.62,30.25,29.56,15.93,28.87,928.1,24.7,-40.0,1.0,1.0,0.0,0.0,0.0,487.0
2026-07-21 16:05:12.318,30.68,29.62,30.25,29.56,15.93,28.87,928.1,24.7,-40.0,1.0,1.0,0.0,0.0,0.0,487.0
2026-07-21 16:05:12.518,30.68,29.62,30.25,29.56,15.93,28.87,928.1,24.7,-40.0,1.0,1.0,0.0,0.0,0.0,487.0
2026-07-21 16:05:12.718,30.68,29.62,30.25,29.56,15.93,28.86,928.1,24.5,-40.0,1.0,1.0,0.0,0.0,0.0,487.0
2026-07-21 16:05:12.918,30.68,29.62,30.25,29.56,15.93,28.86,928.1,24.5,-40.0,1.0,1.0,0.0,0.0,0.0,487.0
2026-07-21 16:05:13.118,30.68,29.62,30.25,29.56,15.93,28.87,928.1,24.8,-40.0,1.0,1.0,0.0,0.0,0.0,488.0
2026-07-21 16:05:13.318,30.68,29.62,30.25,29.56,15.93,28.87,928.1,24.8,-40.0,1.0,1.0,0.0,0.0,0.0,488.0
2026-07-21 16:05:13.517,30.68,29.62,30.25,29.56,15.93,28.87,928.1,24.8,-40.0,1.0,1.0,0.0,0.0,0.0,488.0
2026-07-21 16:05:13.718,30.68,29.62,30.25,29.56,15.93,28.87,928.1,24.5,-40.0,1.0,1.0,0.0,0.0,0.0,488.0
2026-07-21 16:05:13.918,30.75,29.62,30.25,29.56,15.93,28.87,928.1,24.5,-40.0,1.0,1.0,0.0,0.0,0.0,488.0
2026-07-21 16:05:14.118,30.75,29.62,30.25,29.56,15.93,28.86,928.2,24.7,-40.0,1.0,1.0,0.0,0.0,0.0,489.0
2026-07-21 16:05:14.317,30.75,29.62,30.25,29.56,15.93,28.86,928.2,24.7,-40.0,1.0,1.0,0.0,0.0,0.0,489.0
2026-07-21 16:05:14.519,30.75,29.62,30.25,29.56,15.93,28.86,928.2,24.7,-40.0,1.0,1.0,0.0,0.0,0.0,489.0
2026-07-21 16:05:14.719,30.75,29.62,30.25,29.56,15.93,28.87,928.1,24.9,-40.0,1.0,1.0,0.0,0.0,0.0,489.0
2026-07-21 16:05:14.918,30.75,29.62,30.25,29.56,15.87,28.87,928.1,24.9,-40.0,1.0,1.0,0.0,0.0,0.0,489.0
2026-07-21 16:05:15.118,30.75,29.62,30.25,29.56,15.87,28.87,928.2,24.5,-40.0,1.0,1.0,0.0,0.0,0.0,490.0
2026-07-21 16:05:15.317,30.75,29.62,30.25,29.56,15.87,28.87,928.2,24.5,-40.0,1.0,1.0,0.0,0.0,0.0,490.0
2026-07-21 16:05:15.518,30.75,29.62,30.25,29.56,15.87,28.87,928.2,24.5,-40.0,1.0,1.0,0.0,0.0,0.0,490.0
2026-07-21 16:05:15.717,30.75,29.62,30.25,29.56,15.87,28.87,928.1,24.6,-40.0,1.0,1.0,0.0,0.0,0.0,490.0
2026-07-21 16:05:15.919,30.68,29.62,30.25,29.56,15.87,28.87,928.1,24.6,-40.0,1.0,1.0,0.0,0.0,0.0,490.0
2026-07-21 16:05:16.118,30.68,29.62,30.25,29.56,15.87,28.87,928.1,24.4,-40.0,1.0,1.0,0.0,0.0,0.0,491.0
2026-07-21 16:05:16.318,30.68,29.62,30.25,29.56,15.87,28.87,928.1,24.4,-40.0,1.0,1.0,0.0,0.0,0.0,491.0
2026-07-21 16:05:16.517,30.68,29.62,30.25,29.56,15.87,28.87,928.1,24.4,-40.0,1.0,1.0,0.0,0.0,0.0,491.0
2026-07-21 16:05:16.718,30.68,29.62,30.25,29.56,15.87,28.87,928.2,24.3,-40.0,1.0,1.0,0.0,0.0,0.0,491.0
2026-07-21 16:05:16.918,30.68,29.68,30.25,29.56,15.81,28.87,928.2,24.3,-40.0,1.0,1.0,0.0,0.0,0.0,491.0
2026-07-21 16:05:17.117,30.68,29.68,30.25,29.56,15.81,28.87,928.1,24.7,-40.0,1.0,1.0,0.0,0.0,0.0,492.0
2026-07-21 16:05:17.317,30.68,29.68,30.25,29.56,15.81,28.87,928.1,24.7,-40.0,1.0,1.0,0.0,0.0,0.0,492.0
2026-07-21 16:05:17.517,30.68,29.68,30.25,29.56,15.81,28.87,928.1,24.7,-40.0,1.0,1.0,0.0,0.0,0.0,492.0
2026-07-21 16:05:17.720,30.68,29.68,30.25,29.56,15.81,28.87,928.1,24.4,-40.0,1.0,1.0,0.0,0.0,0.0,492.0
2026-07-21 16:05:17.918,30.68,29.62,30.25,29.62,15.81,28.87,928.1,24.4,-40.0,1.0,1.0,0.0,0.0,0.0,492.0
2026-07-21 16:05:18.118,30.68,29.62,30.25,29.62,15.81,28.87,928.2,24.6,-40.0,1.0,1.0,0.0,0.0,0.0,493.0
2026-07-21 16:05:18.317,30.68,29.62,30.25,29.62,15.81,28.87,928.2,24.6,-40.0,1.0,1.0,0.0,0.0,0.0,493.0
2026-07-21 16:05:18.518,30.68,29.62,30.25,29.62,15.81,28.87,928.2,24.6,-40.0,1.0,1.0,0.0,0.0,0.0,493.0
2026-07-21 16:05:18.718,30.68,29.62,30.25,29.62,15.81,28.87,928.2,24.4,-40.0,1.0,1.0,0.0,0.0,0.0,493.0
2026-07-21 16:05:18.918,30.68,29.68,30.25,29.56,15.81,28.87,928.2,24.4,-40.0,1.0,1.0,0.0,0.0,0.0,493.0
2026-07-21 16:05:19.118,30.68,29.68,30.25,29.56,15.81,28.87,928.1,24.3,-40.0,1.0,1.0,0.0,0.0,0.0,494.0
2026-07-21 16:05:19.317,30.68,29.68,30.25,29.56,15.81,28.87,928.1,24.3,-40.0,1.0,1.0,0.0,0.0,0.0,494.0
2026-07-21 16:05:19.518,30.68,29.68,30.25,29.56,15.81,28.87,928.1,24.3,-40.0,1.0,1.0,0.0,0.0,0.0,494.0
2026-07-21 16:05:19.718,30.68,29.68,30.25,29.56,15.81,28.87,928.2,24.1,-40.0,1.0,1.0,0.0,0.0,0.0,494.0
2026-07-21 16:05:19.918,30.68,29.68,30.25,29.56,15.75,28.87,928.2,24.1,-40.0,1.0,1.0,0.0,0.0,0.0,494.0
2026-07-21 16:05:20.119,30.68,29.68,30.25,29.56,15.75,28.87,928.1,24.4,-40.0,1.0,1.0,0.0,0.0,0.0,495.0
2026-07-21 16:05:20.317,30.68,29.68,30.25,29.56,15.75,28.87,928.1,24.4,-40.0,1.0,1.0,0.0,0.0,0.0,495.0
2026-07-21 16:05:20.518,30.68,29.68,30.25,29.56,15.75,28.87,928.1,24.4,-40.0,1.0,1.0,0.0,0.0,0.0,495.0
2026-07-21 16:05:20.719,30.68,29.68,30.25,29.56,15.75,28.86,928.1,24.7,-40.0,1.0,1.0,0.0,0.0,0.0,495.0
2026-07-21 16:05:20.918,30.68,29.68,30.25,29.56,15.75,28.86,928.1,24.7,-40.0,1.0,1.0,0.0,0.0,0.0,495.0
2026-07-21 16:05:21.118,30.68,29.68,30.25,29.56,15.75,28.87,928.1,24.8,-40.0,1.0,1.0,0.0,0.0,0.0,496.0
2026-07-21 16:05:21.318,30.68,29.68,30.25,29.56,15.75,28.87,928.1,24.8,-40.0,1.0,1.0,0.0,0.0,0.0,496.0
2026-07-21 16:05:21.518,30.68,29.68,30.25,29.56,15.75,28.87,928.1,24.8,-40.0,1.0,1.0,0.0,0.0,0.0,496.0
2026-07-21 16:05:21.717,30.68,29.68,30.25,29.56,15.75,28.87,928.1,24.3,-40.0,1.0,1.0,0.0,0.0,0.0,496.0
2026-07-21 16:05:21.917,30.68,29.68,30.25,29.56,15.75,28.87,928.1,24.3,-40.0,1.0,1.0,0.0,0.0,0.0,496.0
2026-07-21 16:05:22.118,30.68,29.68,30.25,29.56,15.75,28.87,928.2,24.6,-40.0,1.0,1.0,0.0,0.0,0.0,497.0
2026-07-21 16:05:22.333,30.68,29.68,30.25,29.56,15.75,28.87,928.2,24.6,-40.0,1.0,1.0,0.0,0.0,0.0,497.0
2026-07-21 16:05:22.518,30.68,29.68,30.25,29.56,15.75,28.87,928.2,24.6,-40.0,1.0,1.0,0.0,0.0,0.0,497.0
2026-07-21 16:05:22.719,30.68,29.68,30.25,29.56,15.75,28.87,928.2,24.8,-40.0,1.0,1.0,0.0,0.0,0.0,497.0
2026-07-21 16:05:22.918,30.62,29.68,30.25,29.56,15.75,28.87,928.2,24.8,-40.0,1.0,1.0,0.0,0.0,0.0,497.0
2026-07-21 16:05:23.118,30.62,29.68,30.25,29.56,15.75,28.87,928.2,24.5,-40.0,1.0,1.0,0.0,0.0,0.0,498.0
2026-07-21 16:05:23.317,30.62,29.68,30.25,29.56,15.75,28.87,928.2,24.5,-40.0,1.0,1.0,0.0,0.0,0.0,498.0
2026-07-21 16:05:23.518,30.62,29.68,30.25,29.56,15.75,28.87,928.2,24.5,-40.0,1.0,1.0,0.0,0.0,0.0,498.0
2026-07-21 16:05:23.718,30.62,29.68,30.25,29.56,15.75,28.87,928.2,24.6,-40.0,1.0,1.0,0.0,0.0,0.0,498.0
2026-07-21 16:05:23.917,30.62,29.68,30.25,29.56,15.68,28.87,928.2,24.6,-40.0,1.0,1.0,0.0,0.0,0.0,498.0
2026-07-21 16:05:24.119,30.62,29.68,30.25,29.56,15.68,28.87,928.2,24.6,-40.0,1.0,1.0,0.0,0.0,0.0,499.0
2026-07-21 16:05:24.318,30.62,29.68,30.25,29.56,15.68,28.87,928.2,24.6,-40.0,1.0,1.0,0.0,0.0,0.0,499.0
2026-07-21 16:05:24.517,30.62,29.68,30.25,29.56,15.68,28.87,928.2,24.6,-40.0,1.0,1.0,0.0,0.0,0.0,499.0
2026-07-21 16:05:24.718,30.62,29.68,30.25,29.56,15.68,28.87,928.2,24.7,-40.0,1.0,1.0,0.0,0.0,0.0,499.0
2026-07-21 16:05:24.918,30.62,29.68,30.25,29.56,15.68,28.87,928.2,24.7,-40.0,1.0,1.0,0.0,0.0,0.0,499.0
2026-07-21 16:05:25.118,30.62,29.68,30.25,29.56,15.68,28.87,928.2,24.1,-40.0,1.0,1.0,0.0,0.0,0.0,500.0
2026-07-21 16:05:25.318,30.62,29.68,30.25,29.56,15.68,28.87,928.2,24.1,-40.0,1.0,1.0,0.0,0.0,0.0,500.0
2026-07-21 16:05:25.518,30.62,29.68,30.25,29.56,15.68,28.87,928.2,24.1,-40.0,1.0,1.0,0.0,0.0,0.0,500.0
2026-07-21 16:05:25.719,30.62,29.68,30.25,29.56,15.68,28.87,928.2,24.3,-40.0,1.0,1.0,0.0,0.0,0.0,500.0
2026-07-21 16:05:25.918,30.62,29.68,30.25,29.56,15.68,28.87,928.2,24.3,-40.0,1.0,1.0,0.0,0.0,0.0,500.0
2026-07-21 16:05:26.119,30.62,29.68,30.25,29.56,15.68,28.87,928.2,24.3,-40.0,1.0,1.0,0.0,0.0,0.0,501.0
2026-07-21 16:05:26.317,30.62,29.68,30.25,29.56,15.68,28.87,928.2,24.3,-40.0,1.0,1.0,0.0,0.0,0.0,501.0
2026-07-21 16:05:26.517,30.62,29.68,30.25,29.56,15.68,28.87,928.2,24.3,-40.0,1.0,1.0,0.0,0.0,0.0,501.0
2026-07-21 16:05:26.718,30.62,29.68,30.25,29.56,15.68,28.87,928.2,24.0,-40.0,1.0,1.0,0.0,0.0,0.0,501.0
2026-07-21 16:05:26.917,30.56,29.68,30.25,29.56,15.62,28.87,928.2,24.0,-40.0,1.0,1.0,0.0,0.0,0.0,501.0
2026-07-21 16:05:27.118,30.56,29.68,30.25,29.56,15.62,28.87,928.1,24.4,-40.0,1.0,1.0,0.0,0.0,0.0,502.0
2026-07-21 16:05:27.317,30.56,29.68,30.25,29.56,15.62,28.87,928.1,24.4,-40.0,1.0,1.0,0.0,0.0,0.0,502.0
2026-07-21 16:05:27.517,30.56,29.68,30.25,29.56,15.62,28.87,928.1,24.4,-40.0,1.0,1.0,0.0,0.0,0.0,502.0
2026-07-21 16:05:27.718,30.56,29.68,30.25,29.56,15.62,28.87,928.1,24.8,-40.0,1.0,1.0,0.0,0.0,0.0,502.0
2026-07-21 16:05:27.917,30.56,29.68,30.25,29.56,15.62,28.87,928.1,24.8,-40.0,1.0,1.0,0.0,0.0,0.0,502.0
2026-07-21 16:05:28.117,30.56,29.68,30.25,29.56,15.62,28.87,928.2,24.4,-40.0,1.0,1.0,0.0,0.0,0.0,503.0
2026-07-21 16:05:28.317,30.56,29.68,30.25,29.56,15.62,28.87,928.2,24.4,-40.0,1.0,1.0,0.0,0.0,0.0,503.0
2026-07-21 16:05:28.518,30.56,29.68,30.25,29.56,15.62,28.87,928.2,24.4,-40.0,1.0,1.0,0.0,0.0,0.0,503.0
2026-07-21 16:05:28.717,30.56,29.68,30.25,29.56,15.62,28.87,928.1,24.1,-40.0,1.0,1.0,0.0,0.0,0.0,503.0
2026-07-21 16:05:28.918,30.56,29.68,30.25,29.56,15.62,28.87,928.1,24.1,-40.0,1.0,1.0,0.0,0.0,0.0,503.0
2026-07-21 16:05:29.118,30.56,29.68,30.25,29.56,15.62,28.87,928.2,24.3,-40.0,1.0,1.0,0.0,0.0,0.0,504.0
2026-07-21 16:05:29.317,30.56,29.68,30.25,29.56,15.62,28.87,928.2,24.3,-40.0,1.0,1.0,0.0,0.0,0.0,504.0
2026-07-21 16:05:29.518,30.56,29.68,30.25,29.56,15.62,28.87,928.2,24.3,-40.0,1.0,1.0,0.0,0.0,0.0,504.0
2026-07-21 16:05:29.719,30.56,29.68,30.25,29.56,15.62,28.87,928.2,24.5,-40.0,1.0,1.0,0.0,0.0,0.0,504.0
2026-07-21 16:05:29.919,30.56,29.68,30.25,29.56,15.62,28.87,928.2,24.5,-40.0,1.0,1.0,0.0,0.0,0.0,504.0
2026-07-21 16:05:30.118,30.56,29.68,30.25,29.56,15.62,28.87,928.1,24.2,-40.0,1.0,1.0,0.0,0.0,0.0,505.0
2026-07-21 16:05:30.317,30.56,29.68,30.25,29.56,15.62,28.87,928.1,24.2,-40.0,1.0,1.0,0.0,0.0,0.0,505.0
2026-07-21 16:05:30.517,30.56,29.68,30.25,29.56,15.62,28.87,928.1,24.2,-40.0,1.0,1.0,0.0,0.0,0.0,505.0
2026-07-21 16:05:30.718,30.56,29.68,30.25,29.56,15.62,28.87,928.2,24.7,-40.0,1.0,1.0,0.0,0.0,0.0,505.0
2026-07-21 16:05:30.918,30.56,29.75,30.25,29.56,15.62,28.87,928.2,24.7,-40.0,1.0,1.0,0.0,0.0,0.0,505.0
2026-07-21 16:05:31.118,30.56,29.75,30.25,29.56,15.62,28.87,928.2,24.3,-40.0,1.0,1.0,0.0,0.0,0.0,506.0
2026-07-21 16:05:31.317,30.56,29.75,30.25,29.56,15.62,28.87,928.2,24.3,-40.0,1.0,1.0,0.0,0.0,0.0,506.0
2026-07-21 16:05:31.517,30.56,29.75,30.25,29.56,15.62,28.87,928.2,24.3,-40.0,1.0,1.0,0.0,0.0,0.0,506.0
2026-07-21 16:05:31.718,30.56,29.75,30.25,29.56,15.62,28.87,928.1,24.2,-40.0,1.0,1.0,0.0,0.0,0.0,506.0
2026-07-21 16:05:31.917,30.56,29.68,30.25,29.56,15.62,28.87,928.1,24.2,-40.0,1.0,1.0,0.0,0.0,0.0,506.0
2026-07-21 16:05:32.118,30.56,29.68,30.25,29.56,15.62,28.87,928.1,24.2,-40.0,1.0,1.0,0.0,0.0,0.0,507.0
2026-07-21 16:05:32.317,30.56,29.68,30.25,29.56,15.62,28.87,928.1,24.2,-40.0,1.0,1.0,0.0,0.0,0.0,507.0
2026-07-21 16:05:32.518,30.56,29.68,30.25,29.56,15.62,28.87,928.1,24.2,-40.0,1.0,1.0,0.0,0.0,0.0,507.0
2026-07-21 16:05:32.718,30.56,29.68,30.25,29.56,15.62,28.87,928.1,24.5,-40.0,1.0,1.0,0.0,0.0,0.0,507.0
2026-07-21 16:05:32.917,30.5,29.68,30.25,29.56,15.62,28.87,928.1,24.5,-40.0,1.0,1.0,0.0,0.0,0.0,507.0
2026-07-21 16:05:33.118,30.5,29.68,30.25,29.56,15.62,28.87,928.1,24.6,-40.0,1.0,1.0,0.0,0.0,0.0,508.0
2026-07-21 16:05:33.317,30.5,29.68,30.25,29.56,15.62,28.87,928.1,24.6,-40.0,1.0,1.0,0.0,0.0,0.0,508.0
2026-07-21 16:05:33.517,30.5,29.68,30.25,29.56,15.62,28.87,928.1,24.6,-40.0,1.0,1.0,0.0,0.0,0.0,508.0
2026-07-21 16:05:33.718,30.5,29.68,30.25,29.56,15.62,28.87,928.1,24.6,-40.0,1.0,1.0,0.0,0.0,0.0,508.0
2026-07-21 16:05:33.917,30.5,29.68,30.25,29.56,15.62,28.87,928.1,24.6,-40.0,1.0,1.0,0.0,0.0,0.0,508.0
2026-07-21 16:05:34.117,30.5,29.68,30.25,29.56,15.62,28.87,928.1,24.7,-40.0,1.0,1.0,0.0,0.0,0.0,509.0
2026-07-21 16:05:34.316,30.5,29.68,30.25,29.56,15.62,28.87,928.1,24.7,-40.0,1.0,1.0,0.0,0.0,0.0,509.0
2026-07-21 16:05:34.517,30.5,29.68,30.25,29.56,15.62,28.87,928.1,24.7,-40.0,1.0,1.0,0.0,0.0,0.0,509.0
2026-07-21 16:05:34.718,30.5,29.68,30.25,29.56,15.62,28.87,928.2,24.8,-40.0,1.0,1.0,0.0,0.0,0.0,509.0
2026-07-21 16:05:34.917,30.5,29.68,30.25,29.56,15.56,28.87,928.2,24.8,-40.0,1.0,1.0,0.0,0.0,0.0,509.0
2026-07-21 16:05:35.117,30.5,29.68,30.25,29.56,15.56,28.87,928.1,24.4,-40.0,1.0,1.0,0.0,0.0,0.0,510.0
2026-07-21 16:05:35.317,30.5,29.68,30.25,29.56,15.56,28.87,928.1,24.4,-40.0,1.0,1.0,0.0,0.0,0.0,510.0
2026-07-21 16:05:35.517,30.5,29.68,30.25,29.56,15.56,28.87,928.1,24.4,-40.0,1.0,1.0,0.0,0.0,0.0,510.0
2026-07-21 16:05:35.718,30.5,29.68,30.25,29.56,15.56,28.87,928.1,24.2,-40.0,1.0,1.0,0.0,0.0,0.0,510.0
2026-07-21 16:05:35.917,30.5,29.68,30.25,29.56,15.56,28.87,928.1,24.2,-40.0,1.0,1.0,0.0,0.0,0.0,510.0
2026-07-21 16:05:36.118,30.5,29.68,30.25,29.56,15.56,28.87,928.2,24.7,-40.0,1.0,1.0,0.0,0.0,0.0,511.0
2026-07-21 16:05:36.317,30.5,29.68,30.25,29.56,15.56,28.87,928.2,24.7,-40.0,1.0,1.0,0.0,0.0,0.0,511.0
2026-07-21 16:05:36.518,30.5,29.68,30.25,29.56,15.56,28.87,928.2,24.7,-40.0,1.0,1.0,0.0,0.0,0.0,511.0
2026-07-21 16:05:36.718,30.5,29.68,30.25,29.56,15.56,28.87,928.1,24.3,-40.0,1.0,1.0,0.0,0.0,0.0,511.0
2026-07-21 16:05:36.917,30.43,29.75,30.25,29.56,15.62,28.87,928.1,24.3,-40.0,1.0,1.0,0.0,0.0,0.0,511.0
2026-07-21 16:05:37.118,30.43,29.75,30.25,29.56,15.62,28.87,928.1,24.8,-40.0,1.0,1.0,0.0,0.0,0.0,512.0
2026-07-21 16:05:37.317,30.43,29.75,30.25,29.56,15.62,28.87,928.1,24.8,-40.0,1.0,1.0,0.0,0.0,0.0,512.0
2026-07-21 16:05:37.518,30.43,29.75,30.25,29.56,15.62,28.87,928.1,24.8,-40.0,1.0,1.0,0.0,0.0,0.0,512.0
2026-07-21 16:05:37.718,30.43,29.75,30.25,29.56,15.62,28.87,928.1,24.6,-40.0,1.0,1.0,0.0,0.0,0.0,512.0
2026-07-21 16:05:37.917,30.43,29.68,30.25,29.56,15.62,28.87,928.1,24.6,-40.0,1.0,1.0,0.0,0.0,0.0,512.0
2026-07-21 16:05:38.117,30.43,29.68,30.25,29.56,15.62,28.87,928.2,24.6,-40.0,1.0,1.0,0.0,0.0,0.0,513.0
2026-07-21 16:05:38.317,30.43,29.68,30.25,29.56,15.62,28.87,928.2,24.6,-40.0,1.0,1.0,0.0,0.0,0.0,513.0
2026-07-21 16:05:38.517,30.43,29.68,30.25,29.56,15.62,28.87,928.2,24.6,-40.0,1.0,1.0,0.0,0.0,0.0,513.0
2026-07-21 16:05:38.720,30.43,29.68,30.25,29.56,15.62,28.87,928.2,24.5,-40.0,1.0,1.0,0.0,0.0,0.0,513.0
2026-07-21 16:05:38.918,30.43,29.68,30.25,29.56,15.56,28.87,928.2,24.5,-40.0,1.0,1.0,0.0,0.0,0.0,513.0
2026-07-21 16:05:39.118,30.43,29.68,30.25,29.56,15.56,28.87,928.1,24.8,-40.0,1.0,1.0,0.0,0.0,0.0,514.0
2026-07-21 16:05:39.318,30.43,29.68,30.25,29.56,15.56,28.87,928.1,24.8,-40.0,1.0,1.0,0.0,0.0,0.0,514.0
2026-07-21 16:05:39.517,30.43,29.68,30.25,29.56,15.56,28.87,928.1,24.8,-40.0,1.0,1.0,0.0,0.0,0.0,514.0
2026-07-21 16:05:39.717,30.43,29.68,30.25,29.56,15.56,28.87,928.1,24.8,-40.0,1.0,1.0,0.0,0.0,0.0,514.0
2026-07-21 16:05:39.918,30.43,29.75,30.25,29.56,15.56,28.87,928.1,24.8,-40.0,1.0,1.0,0.0,0.0,0.0,514.0
2026-07-21 16:05:40.118,30.43,29.75,30.25,29.56,15.56,28.87,928.2,25.0,-40.0,1.0,1.0,0.0,0.0,0.0,515.0
2026-07-21 16:05:40.317,30.43,29.75,30.25,29.56,15.56,28.87,928.2,25.0,-40.0,1.0,1.0,0.0,0.0,0.0,515.0
2026-07-21 16:05:40.517,30.43,29.75,30.25,29.56,15.56,28.87,928.2,25.0,-40.0,1.0,1.0,0.0,0.0,0.0,515.0
2026-07-21 16:05:40.717,30.43,29.75,30.25,29.56,15.56,28.87,928.1,24.8,-40.0,1.0,1.0,0.0,0.0,0.0,515.0
2026-07-21 16:05:40.918,30.43,29.68,30.25,29.56,15.56,28.87,928.1,24.8,-40.0,1.0,1.0,0.0,0.0,0.0,515.0
2026-07-21 16:05:41.148,30.43,29.68,30.25,29.56,15.56,28.87,928.1,24.3,-40.0,1.0,1.0,0.0,0.0,0.0,516.0
2026-07-21 16:05:41.317,30.43,29.68,30.25,29.56,15.56,28.87,928.1,24.3,-40.0,1.0,1.0,0.0,0.0,0.0,516.0
2026-07-21 16:05:41.518,30.43,29.68,30.25,29.56,15.56,28.87,928.1,24.3,-40.0,1.0,1.0,0.0,0.0,0.0,516.0
2026-07-21 16:05:41.717,30.43,29.68,30.25,29.56,15.56,28.87,928.1,24.5,-40.0,1.0,1.0,0.0,0.0,0.0,516.0
2026-07-21 16:05:41.917,30.37,29.75,30.31,29.56,15.5,28.87,928.1,24.5,-40.0,1.0,1.0,0.0,0.0,0.0,516.0
2026-07-21 16:05:42.118,30.37,29.75,30.31,29.56,15.5,28.87,928.2,24.8,-40.0,1.0,1.0,0.0,0.0,0.0,517.0
2026-07-21 16:05:42.318,30.37,29.75,30.31,29.56,15.5,28.87,928.2,24.8,-40.0,1.0,1.0,0.0,0.0,0.0,517.0
2026-07-21 16:05:42.519,30.37,29.75,30.31,29.56,15.5,28.87,928.2,24.8,-40.0,1.0,1.0,0.0,0.0,0.0,517.0
2026-07-21 16:05:42.738,30.37,29.75,30.31,29.56,15.5,28.88,928.1,24.6,-40.0,1.0,1.0,0.0,0.0,0.0,517.0
2026-07-21 16:05:42.917,30.37,29.68,30.25,29.56,15.5,28.88,928.1,24.6,-40.0,1.0,1.0,0.0,0.0,0.0,517.0
2026-07-21 16:05:43.117,30.37,29.68,30.25,29.56,15.5,28.87,928.1,24.7,-40.0,1.0,1.0,0.0,0.0,0.0,518.0
2026-07-21 16:05:43.317,30.37,29.68,30.25,29.56,15.5,28.87,928.1,24.7,-40.0,1.0,1.0,0.0,0.0,0.0,518.0
2026-07-21 16:05:43.517,30.37,29.68,30.25,29.56,15.5,28.87,928.1,24.7,-40.0,1.0,1.0,0.0,0.0,0.0,518.0
2026-07-21 16:05:43.718,30.37,29.68,30.25,29.56,15.5,28.87,928.2,24.6,-40.0,1.0,1.0,0.0,0.0,0.0,518.0
2026-07-21 16:05:43.917,30.37,29.75,30.25,29.56,15.5,28.87,928.2,24.6,-40.0,1.0,1.0,0.0,0.0,0.0,518.0
2026-07-21 16:05:44.117,30.37,29.75,30.25,29.56,15.5,28.87,928.1,25.0,-40.0,1.0,1.0,0.0,0.0,0.0,519.0
2026-07-21 16:05:44.317,30.37,29.75,30.25,29.56,15.5,28.87,928.1,25.0,-40.0,1.0,1.0,0.0,0.0,0.0,519.0
2026-07-21 16:05:44.517,30.37,29.75,30.25,29.56,15.5,28.87,928.1,25.0,-40.0,1.0,1.0,0.0,0.0,0.0,519.0
2026-07-21 16:05:44.716,30.37,29.75,30.25,29.56,15.5,28.87,928.1,24.6,-40.0,1.0,1.0,0.0,0.0,0.0,519.0
2026-07-21 16:05:44.917,30.37,29.75,30.31,29.56,15.5,28.87,928.1,24.6,-40.0,1.0,1.0,0.0,0.0,0.0,519.0
2026-07-21 16:05:45.117,30.37,29.75,30.31,29.56,15.5,28.87,928.1,24.8,-40.0,1.0,1.0,0.0,0.0,0.0,520.0
2026-07-21 16:05:45.318,30.37,29.75,30.31,29.56,15.5,28.87,928.1,24.8,-40.0,1.0,1.0,0.0,0.0,0.0,520.0
2026-07-21 16:05:45.517,30.37,29.75,30.31,29.56,15.5,28.87,928.1,24.8,-40.0,1.0,1.0,0.0,0.0,0.0,520.0
2026-07-21 16:05:45.717,30.37,29.75,30.31,29.56,15.5,28.88,928.1,24.9,-40.0,1.0,1.0,0.0,0.0,0.0,520.0
2026-07-21 16:05:45.917,30.37,29.75,30.25,29.56,15.5,28.88,928.1,24.9,-40.0,1.0,1.0,0.0,0.0,0.0,520.0
2026-07-21 16:05:46.118,30.37,29.75,30.25,29.56,15.5,28.87,928.1,24.4,-40.0,1.0,1.0,0.0,0.0,0.0,521.0
2026-07-21 16:05:46.319,30.37,29.75,30.25,29.56,15.5,28.87,928.1,24.4,-40.0,1.0,1.0,0.0,0.0,0.0,521.0
2026-07-21 16:05:46.517,30.37,29.75,30.25,29.56,15.5,28.87,928.1,24.4,-40.0,1.0,1.0,0.0,0.0,0.0,521.0
2026-07-21 16:05:46.717,30.37,29.75,30.25,29.56,15.5,28.88,928.1,24.8,-40.0,1.0,1.0,0.0,0.0,0.0,521.0
2026-07-21 16:05:46.917,30.37,29.75,30.25,29.56,15.43,28.88,928.1,24.8,-40.0,1.0,1.0,0.0,0.0,0.0,521.0
2026-07-21 16:05:47.118,30.37,29.75,30.25,29.56,15.43,28.87,928.1,24.4,-40.0,1.0,1.0,0.0,0.0,0.0,522.0
2026-07-21 16:05:47.317,30.37,29.75,30.25,29.56,15.43,28.87,928.1,24.4,-40.0,1.0,1.0,0.0,0.0,0.0,522.0
2026-07-21 16:05:47.517,30.37,29.75,30.25,29.56,15.43,28.87,928.1,24.4,-40.0,1.0,1.0,0.0,0.0,0.0,522.0
2026-07-21 16:05:47.718,30.37,29.75,30.25,29.56,15.43,28.87,928.1,24.7,-40.0,1.0,1.0,0.0,0.0,0.0,522.0
2026-07-21 16:05:47.917,30.31,29.75,30.25,29.56,15.43,28.87,928.1,24.7,-40.0,1.0,1.0,0.0,0.0,0.0,522.0
2026-07-21 16:05:48.117,30.31,29.75,30.25,29.56,15.43,28.87,928.1,24.3,-40.0,1.0,1.0,0.0,0.0,0.0,523.0
2026-07-21 16:05:48.318,30.31,29.75,30.25,29.56,15.43,28.87,928.1,24.3,-40.0,1.0,1.0,0.0,0.0,0.0,523.0
2026-07-21 16:05:48.517,30.31,29.75,30.25,29.56,15.43,28.87,928.1,24.3,-40.0,1.0,1.0,0.0,0.0,0.0,523.0
2026-07-21 16:05:48.717,30.31,29.75,30.25,29.56,15.43,28.88,928.1,24.3,-40.0,1.0,1.0,0.0,0.0,0.0,523.0
2026-07-21 16:05:48.917,30.31,29.75,30.25,29.56,15.37,28.88,928.1,24.3,-40.0,1.0,1.0,0.0,0.0,0.0,523.0
2026-07-21 16:05:49.117,30.31,29.75,30.25,29.56,15.37,28.87,928.2,24.3,-40.0,1.0,1.0,0.0,0.0,0.0,524.0
2026-07-21 16:05:49.318,30.31,29.75,30.25,29.56,15.37,28.87,928.2,24.3,-40.0,1.0,1.0,0.0,0.0,0.0,524.0
2026-07-21 16:05:49.517,30.31,29.75,30.25,29.56,15.37,28.87,928.2,24.3,-40.0,1.0,1.0,0.0,0.0,0.0,524.0
2026-07-21 16:05:49.718,30.31,29.75,30.25,29.56,15.37,28.87,928.1,24.6,-40.0,1.0,1.0,0.0,0.0,0.0,524.0
2026-07-21 16:05:49.918,30.31,29.75,30.25,29.56,15.37,28.87,928.1,24.6,-40.0,1.0,1.0,0.0,0.0,0.0,524.0
2026-07-21 16:05:50.117,30.31,29.75,30.25,29.56,15.37,28.87,928.1,24.8,-40.0,1.0,1.0,0.0,0.0,0.0,525.0
2026-07-21 16:05:50.317,30.31,29.75,30.25,29.56,15.37,28.87,928.1,24.8,-40.0,1.0,1.0,0.0,0.0,0.0,525.0
2026-07-21 16:05:50.517,30.31,29.75,30.25,29.56,15.37,28.87,928.1,24.8,-40.0,1.0,1.0,0.0,0.0,0.0,525.0
2026-07-21 16:05:50.718,30.31,29.75,30.25,29.56,15.37,28.88,928.2,24.4,-40.0,1.0,1.0,0.0,0.0,0.0,525.0
2026-07-21 16:05:50.917,30.31,29.75,30.25,29.56,15.37,28.88,928.2,24.4,-40.0,1.0,1.0,0.0,0.0,0.0,525.0
2026-07-21 16:05:51.118,30.31,29.75,30.25,29.56,15.37,28.88,928.1,24.6,-40.0,1.0,1.0,0.0,0.0,0.0,526.0
2026-07-21 16:05:51.316,30.31,29.75,30.25,29.56,15.37,28.88,928.1,24.6,-40.0,1.0,1.0,0.0,0.0,0.0,526.0
2026-07-21 16:05:51.517,30.31,29.75,30.25,29.56,15.37,28.88,928.1,24.6,-40.0,1.0,1.0,0.0,0.0,0.0,526.0
2026-07-21 16:05:51.717,30.31,29.75,30.25,29.56,15.37,28.88,928.1,24.4,-40.0,1.0,1.0,0.0,0.0,0.0,526.0
2026-07-21 16:05:51.917,30.31,29.75,30.31,29.56,15.37,28.88,928.1,24.4,-40.0,1.0,1.0,0.0,0.0,0.0,526.0
2026-07-21 16:05:52.117,30.31,29.75,30.31,29.56,15.37,28.88,928.1,24.8,-40.0,1.0,1.0,0.0,0.0,0.0,527.0
2026-07-21 16:05:52.316,30.31,29.75,30.31,29.56,15.37,28.88,928.1,24.8,-40.0,1.0,1.0,0.0,0.0,0.0,527.0
2026-07-21 16:05:52.516,30.31,29.75,30.31,29.56,15.37,28.88,928.1,24.8,-40.0,1.0,1.0,0.0,0.0,0.0,527.0
2026-07-21 16:05:52.717,30.31,29.75,30.31,29.56,15.37,28.88,928.2,24.3,-40.0,1.0,1.0,0.0,0.0,0.0,527.0
2026-07-21 16:05:52.917,30.25,29.75,30.25,29.56,15.37,28.88,928.2,24.3,-40.0,1.0,1.0,0.0,0.0,0.0,527.0
2026-07-21 16:05:53.119,30.25,29.75,30.25,29.56,15.37,28.88,928.1,24.7,-40.0,1.0,1.0,0.0,0.0,0.0,528.0
2026-07-21 16:05:53.319,30.25,29.75,30.25,29.56,15.37,28.88,928.1,24.7,-40.0,1.0,1.0,0.0,0.0,0.0,528.0
2026-07-21 16:05:53.517,30.25,29.75,30.25,29.56,15.37,28.88,928.1,24.7,-40.0,1.0,1.0,0.0,0.0,0.0,528.0
2026-07-21 16:05:53.717,30.25,29.75,30.25,29.56,15.37,28.88,928.1,24.2,-40.0,1.0,1.0,0.0,0.0,0.0,528.0
2026-07-21 16:05:53.922,30.25,29.75,30.25,29.56,15.37,28.88,928.1,24.2,-40.0,1.0,1.0,0.0,0.0,0.0,528.0
2026-07-21 16:05:54.118,30.25,29.75,30.25,29.56,15.37,28.88,928.1,24.5,-40.0,1.0,1.0,0.0,0.0,0.0,529.0
2026-07-21 16:05:54.317,30.25,29.75,30.25,29.56,15.37,28.88,928.1,24.5,-40.0,1.0,1.0,0.0,0.0,0.0,529.0
2026-07-21 16:05:54.518,30.25,29.75,30.25,29.56,15.37,28.88,928.1,24.5,-40.0,1.0,1.0,0.0,0.0,0.0,529.0
2026-07-21 16:05:54.718,30.25,29.75,30.25,29.56,15.37,28.88,928.2,24.8,-40.0,1.0,1.0,0.0,0.0,0.0,529.0
2026-07-21 16:05:54.942,30.18,29.75,30.25,29.56,15.31,28.88,928.2,24.8,-40.0,1.0,1.0,0.0,0.0,0.0,529.0
2026-07-21 16:05:55.117,30.18,29.75,30.25,29.56,15.31,28.88,928.2,24.8,-40.0,1.0,1.0,0.0,0.0,0.0,530.0
2026-07-21 16:05:55.317,30.18,29.75,30.25,29.56,15.31,28.88,928.2,24.8,-40.0,1.0,1.0,0.0,0.0,0.0,530.0
2026-07-21 16:05:55.518,30.18,29.75,30.25,29.56,15.31,28.88,928.2,24.8,-40.0,1.0,1.0,0.0,0.0,0.0,530.0
2026-07-21 16:05:55.717,30.18,29.75,30.25,29.56,15.31,28.88,928.2,24.5,-40.0,1.0,1.0,0.0,0.0,0.0,530.0
2026-07-21 16:05:55.947,30.25,29.75,30.25,29.56,15.31,28.88,928.2,24.5,-40.0,1.0,1.0,0.0,0.0,0.0,530.0
2026-07-21 16:05:56.117,30.25,29.75,30.25,29.56,15.31,28.88,928.1,24.5,-40.0,1.0,1.0,0.0,0.0,0.0,531.0
2026-07-21 16:05:56.318,30.25,29.75,30.25,29.56,15.31,28.88,928.1,24.5,-40.0,1.0,1.0,0.0,0.0,0.0,531.0
2026-07-21 16:05:56.518,30.25,29.75,30.25,29.56,15.31,28.88,928.1,24.5,-40.0,1.0,1.0,0.0,0.0,0.0,531.0
2026-07-21 16:05:56.717,30.25,29.75,30.25,29.56,15.31,28.88,928.1,24.6,-40.0,1.0,1.0,0.0,0.0,0.0,531.0
2026-07-21 16:05:56.917,30.18,29.75,30.18,29.56,15.31,28.88,928.1,24.6,-40.0,1.0,1.0,0.0,0.0,0.0,531.0
2026-07-21 16:05:57.118,30.18,29.75,30.18,29.56,15.31,28.88,928.1,24.7,-40.0,1.0,1.0,0.0,0.0,0.0,532.0
2026-07-21 16:05:57.317,30.18,29.75,30.18,29.56,15.31,28.88,928.1,24.7,-40.0,1.0,1.0,0.0,0.0,0.0,532.0
2026-07-21 16:05:57.526,30.18,29.75,30.18,29.56,15.31,28.88,928.1,24.7,-40.0,1.0,1.0,0.0,0.0,0.0,532.0
2026-07-21 16:05:57.717,30.18,29.75,30.18,29.56,15.31,28.88,928.2,24.4,-40.0,1.0,1.0,0.0,0.0,0.0,532.0
2026-07-21 16:05:57.918,30.18,29.75,30.25,29.56,15.25,28.88,928.2,24.4,-40.0,1.0,1.0,0.0,0.0,0.0,532.0
2026-07-21 16:05:58.117,30.18,29.75,30.25,29.56,15.25,28.88,928.1,24.5,-40.0,1.0,1.0,0.0,0.0,0.0,533.0
2026-07-21 16:05:58.317,30.18,29.75,30.25,29.56,15.25,28.88,928.1,24.5,-40.0,1.0,1.0,0.0,0.0,0.0,533.0
2026-07-21 16:05:58.517,30.18,29.75,30.25,29.56,15.25,28.88,928.1,24.5,-40.0,1.0,1.0,0.0,0.0,0.0,533.0
2026-07-21 16:05:58.717,30.18,29.75,30.25,29.56,15.25,28.88,928.1,24.6,-40.0,1.0,1.0,0.0,0.0,0.0,533.0
2026-07-21 16:05:58.917,30.18,29.75,30.25,29.56,15.25,28.88,928.1,24.6,-40.0,1.0,1.0,0.0,0.0,0.0,533.0
2026-07-21 16:05:59.118,30.18,29.75,30.25,29.56,15.25,28.89,928.2,24.5,-40.0,1.0,1.0,0.0,0.0,0.0,534.0
2026-07-21 16:05:59.317,30.18,29.75,30.25,29.56,15.25,28.89,928.2,24.5,-40.0,1.0,1.0,0.0,0.0,0.0,534.0
2026-07-21 16:05:59.517,30.18,29.75,30.25,29.56,15.25,28.89,928.2,24.5,-40.0,1.0,1.0,0.0,0.0,0.0,534.0
2026-07-21 16:05:59.718,30.18,29.75,30.25,29.56,15.25,28.89,928.1,24.6,-40.0,1.0,1.0,0.0,0.0,0.0,534.0
2026-07-21 16:05:59.917,30.18,29.75,30.25,29.56,15.25,28.89,928.1,24.6,-40.0,1.0,1.0,0.0,0.0,0.0,534.0
2026-07-21 16:06:00.117,30.18,29.75,30.25,29.56,15.25,28.89,928.2,24.6,-40.0,1.0,1.0,0.0,0.0,0.0,535.0
2026-07-21 16:06:00.317,30.18,29.75,30.25,29.56,15.25,28.89,928.2,24.6,-40.0,1.0,1.0,0.0,0.0,0.0,535.0
2026-07-21 16:06:00.517,30.18,29.75,30.25,29.56,15.25,28.89,928.2,24.6,-40.0,1.0,1.0,0.0,0.0,0.0,535.0
2026-07-21 16:06:00.717,30.18,29.75,30.25,29.56,15.25,28.89,928.1,24.5,-40.0,1.0,1.0,0.0,0.0,0.0,535.0
2026-07-21 16:06:00.918,30.18,29.75,30.25,29.56,15.18,28.89,928.1,24.5,-40.0,1.0,1.0,0.0,0.0,0.0,535.0
2026-07-21 16:06:01.124,30.18,29.75,30.25,29.56,15.18,28.89,928.1,24.7,-40.0,1.0,1.0,0.0,0.0,0.0,536.0
2026-07-21 16:06:01.317,30.18,29.75,30.25,29.56,15.18,28.89,928.1,24.7,-40.0,1.0,1.0,0.0,0.0,0.0,536.0
2026-07-21 16:06:01.516,30.18,29.75,30.25,29.56,15.18,28.89,928.1,24.7,-40.0,1.0,1.0,0.0,0.0,0.0,536.0
2026-07-21 16:06:01.717,30.18,29.75,30.25,29.56,15.18,28.89,928.1,24.6,-40.0,1.0,1.0,0.0,0.0,0.0,536.0
2026-07-21 16:06:01.918,30.12,29.75,30.25,29.56,15.18,28.89,928.1,24.6,-40.0,1.0,1.0,0.0,0.0,0.0,536.0
2026-07-21 16:06:02.118,30.12,29.75,30.25,29.56,15.18,28.89,928.1,24.6,-40.0,1.0,1.0,0.0,0.0,0.0,537.0
2026-07-21 16:06:02.317,30.12,29.75,30.25,29.56,15.18,28.89,928.1,24.6,-40.0,1.0,1.0,0.0,0.0,0.0,537.0
2026-07-21 16:06:02.517,30.12,29.75,30.25,29.56,15.18,28.89,928.1,24.6,-40.0,1.0,1.0,0.0,0.0,0.0,537.0
2026-07-21 16:06:02.717,30.12,29.75,30.25,29.56,15.18,28.89,928.1,24.6,-40.0,1.0,1.0,0.0,0.0,0.0,537.0
2026-07-21 16:06:02.917,30.12,29.75,30.25,29.56,15.18,28.89,928.1,24.6,-40.0,1.0,1.0,0.0,0.0,0.0,537.0
2026-07-21 16:06:03.117,30.12,29.75,30.25,29.56,15.18,28.89,928.2,24.8,-40.0,1.0,1.0,0.0,0.0,0.0,538.0
2026-07-21 16:06:03.316,30.12,29.75,30.25,29.56,15.18,28.89,928.2,24.8,-40.0,1.0,1.0,0.0,0.0,0.0,538.0
2026-07-21 16:06:03.517,30.12,29.75,30.25,29.56,15.18,28.89,928.2,24.8,-40.0,1.0,1.0,0.0,0.0,0.0,538.0
2026-07-21 16:06:03.717,30.12,29.75,30.25,29.56,15.18,28.89,928.1,24.4,-40.0,1.0,1.0,0.0,0.0,0.0,538.0
2026-07-21 16:06:03.917,30.12,29.75,30.25,29.56,15.12,28.89,928.1,24.4,-40.0,1.0,1.0,0.0,0.0,0.0,538.0
2026-07-21 16:06:04.116,30.12,29.75,30.25,29.56,15.12,28.89,928.1,24.3,-40.0,1.0,1.0,0.0,0.0,0.0,539.0
2026-07-21 16:06:04.317,30.12,29.75,30.25,29.56,15.12,28.89,928.1,24.3,-40.0,1.0,1.0,0.0,0.0,0.0,539.0
2026-07-21 16:06:04.516,30.12,29.75,30.25,29.56,15.12,28.89,928.1,24.3,-40.0,1.0,1.0,0.0,0.0,0.0,539.0
2026-07-21 16:06:04.717,30.12,29.75,30.25,29.56,15.12,28.88,928.1,24.4,-40.0,1.0,1.0,0.0,0.0,0.0,539.0
2026-07-21 16:06:04.917,30.12,29.75,30.25,29.56,15.12,28.88,928.1,24.4,-40.0,1.0,1.0,0.0,0.0,0.0,539.0
2026-07-21 16:06:05.119,30.12,29.75,30.25,29.56,15.12,28.89,928.1,24.7,-40.0,1.0,1.0,0.0,0.0,0.0,540.0
2026-07-21 16:06:05.316,30.12,29.75,30.25,29.56,15.12,28.89,928.1,24.7,-40.0,1.0,1.0,0.0,0.0,0.0,540.0
2026-07-21 16:06:05.517,30.12,29.75,30.25,29.56,15.12,28.89,928.1,24.7,-40.0,1.0,1.0,0.0,0.0,0.0,540.0
2026-07-21 16:06:05.717,30.12,29.75,30.25,29.56,15.12,28.89,928.2,24.4,-40.0,1.0,1.0,0.0,0.0,0.0,540.0
2026-07-21 16:06:05.918,30.06,29.75,30.25,29.56,15.12,28.89,928.2,24.4,-40.0,1.0,1.0,0.0,0.0,0.0,540.0
2026-07-21 16:06:06.137,30.06,29.75,30.25,29.56,15.12,28.89,928.1,24.7,-40.0,1.0,1.0,0.0,0.0,0.0,541.0
2026-07-21 16:06:06.316,30.06,29.75,30.25,29.56,15.12,28.89,928.1,24.7,-40.0,1.0,1.0,0.0,0.0,0.0,541.0
2026-07-21 16:06:06.517,30.06,29.75,30.25,29.56,15.12,28.89,928.1,24.7,-40.0,1.0,1.0,0.0,0.0,0.0,541.0
2026-07-21 16:06:06.718,30.06,29.75,30.25,29.56,15.12,28.9,928.1,24.7,-40.0,1.0,1.0,0.0,0.0,0.0,541.0
2026-07-21 16:06:06.917,30.12,29.75,30.25,29.56,15.06,28.9,928.1,24.7,-40.0,1.0,1.0,0.0,0.0,0.0,541.0
2026-07-21 16:06:07.117,30.12,29.75,30.25,29.56,15.06,28.89,928.1,24.4,-40.0,1.0,1.0,0.0,0.0,0.0,542.0
2026-07-21 16:06:07.316,30.12,29.75,30.25,29.56,15.06,28.89,928.1,24.4,-40.0,1.0,1.0,0.0,0.0,0.0,542.0
2026-07-21 16:06:07.517,30.12,29.75,30.25,29.56,15.06,28.89,928.1,24.4,-40.0,1.0,1.0,0.0,0.0,0.0,542.0
2026-07-21 16:06:07.731,30.12,29.75,30.25,29.56,15.06,28.9,928.2,24.5,-40.0,1.0,1.0,0.0,0.0,0.0,542.0
2026-07-21 16:06:07.916,30.06,29.75,30.25,29.56,15.06,28.9,928.2,24.5,-40.0,1.0,1.0,0.0,0.0,0.0,542.0
2026-07-21 16:06:08.117,30.06,29.75,30.25,29.56,15.06,28.88,928.1,24.4,-40.0,1.0,1.0,0.0,0.0,0.0,543.0
2026-07-21 16:06:08.316,30.06,29.75,30.25,29.56,15.06,28.88,928.1,24.4,-40.0,1.0,1.0,0.0,0.0,0.0,543.0
2026-07-21 16:06:08.516,30.06,29.75,30.25,29.56,15.06,28.88,928.1,24.4,-40.0,1.0,1.0,0.0,0.0,0.0,543.0
2026-07-21 16:06:08.717,30.06,29.75,30.25,29.56,15.06,28.89,928.2,24.6,-40.0,1.0,1.0,0.0,0.0,0.0,543.0
2026-07-21 16:06:08.925,30.06,29.75,30.25,29.56,15.06,28.89,928.2,24.6,-40.0,1.0,1.0,0.0,0.0,0.0,543.0
2026-07-21 16:06:09.116,30.06,29.75,30.25,29.56,15.06,28.89,928.1,24.7,-40.0,1.0,1.0,0.0,0.0,0.0,544.0
2026-07-21 16:06:09.317,30.06,29.75,30.25,29.56,15.06,28.89,928.1,24.7,-40.0,1.0,1.0,0.0,0.0,0.0,544.0
2026-07-21 16:06:09.517,30.06,29.75,30.25,29.56,15.06,28.89,928.1,24.7,-40.0,1.0,1.0,0.0,0.0,0.0,544.0
2026-07-21 16:06:09.724,30.06,29.75,30.25,29.56,15.06,28.9,928.2,24.4,-40.0,1.0,1.0,0.0,0.0,0.0,544.0
2026-07-21 16:06:09.916,30.06,29.81,30.25,29.56,15.06,28.9,928.2,24.4,-40.0,1.0,1.0,0.0,0.0,0.0,544.0
2026-07-21 16:06:10.117,30.06,29.81,30.25,29.56,15.06,28.89,928.2,24.4,-40.0,1.0,1.0,0.0,0.0,0.0,545.0
2026-07-21 16:06:10.316,30.06,29.81,30.25,29.56,15.06,28.89,928.2,24.4,-40.0,1.0,1.0,0.0,0.0,0.0,545.0
2026-07-21 16:06:10.517,30.06,29.81,30.25,29.56,15.06,28.89,928.2,24.4,-40.0,1.0,1.0,0.0,0.0,0.0,545.0
2026-07-21 16:06:10.716,30.06,29.81,30.25,29.56,15.06,28.89,928.2,24.6,-40.0,1.0,1.0,0.0,0.0,0.0,545.0
2026-07-21 16:06:10.916,30.06,29.75,30.25,29.56,15.0,28.89,928.2,24.6,-40.0,1.0,1.0,0.0,0.0,0.0,545.0
2026-07-21 16:06:11.117,30.06,29.75,30.25,29.56,15.0,28.89,928.2,24.5,-40.0,1.0,1.0,0.0,0.0,0.0,546.0
2026-07-21 16:06:11.316,30.06,29.75,30.25,29.56,15.0,28.89,928.2,24.5,-40.0,1.0,1.0,0.0,0.0,0.0,546.0
2026-07-21 16:06:11.519,30.06,29.75,30.25,29.56,15.0,28.89,928.2,24.5,-40.0,1.0,1.0,0.0,0.0,0.0,546.0
2026-07-21 16:06:11.716,30.06,29.75,30.25,29.56,15.0,28.89,928.1,24.6,-40.0,1.0,1.0,0.0,0.0,0.0,546.0
2026-07-21 16:06:11.916,30.06,29.75,30.18,29.56,15.0,28.89,928.1,24.6,-40.0,1.0,1.0,0.0,0.0,0.0,546.0
2026-07-21 16:06:12.140,30.06,29.75,30.18,29.56,15.0,28.89,928.2,24.4,-40.0,1.0,1.0,0.0,0.0,0.0,547.0
2026-07-21 16:06:12.317,30.06,29.75,30.18,29.56,15.0,28.89,928.2,24.4,-40.0,1.0,1.0,0.0,0.0,0.0,547.0
2026-07-21 16:06:12.519,30.06,29.75,30.18,29.56,15.0,28.89,928.2,24.4,-40.0,1.0,1.0,0.0,0.0,0.0,547.0
2026-07-21 16:06:12.723,30.06,29.75,30.18,29.56,15.0,28.89,928.1,24.6,-40.0,1.0,1.0,0.0,0.0,0.0,547.0
2026-07-21 16:06:12.916,30.06,29.81,30.18,29.56,15.0,28.89,928.1,24.6,-40.0,1.0,1.0,0.0,0.0,0.0,547.0
2026-07-21 16:06:13.117,30.06,29.81,30.18,29.56,15.0,28.88,928.2,24.6,-40.0,1.0,1.0,0.0,0.0,0.0,548.0
2026-07-21 16:06:13.317,30.06,29.81,30.18,29.56,15.0,28.88,928.2,24.6,-40.0,1.0,1.0,0.0,0.0,0.0,548.0
2026-07-21 16:06:13.516,30.06,29.81,30.18,29.56,15.0,28.88,928.2,24.6,-40.0,1.0,1.0,0.0,0.0,0.0,548.0
2026-07-21 16:06:13.716,30.06,29.81,30.18,29.56,15.0,28.89,928.2,24.7,-40.0,1.0,1.0,0.0,0.0,0.0,548.0
2026-07-21 16:06:13.916,30.06,29.75,30.25,29.56,15.0,28.89,928.2,24.7,-40.0,1.0,1.0,0.0,0.0,0.0,548.0
2026-07-21 16:06:14.116,30.06,29.75,30.25,29.56,15.0,28.89,928.2,24.6,-40.0,1.0,1.0,0.0,0.0,0.0,549.0
2026-07-21 16:06:14.316,30.06,29.75,30.25,29.56,15.0,28.89,928.2,24.6,-40.0,1.0,1.0,0.0,0.0,0.0,549.0
2026-07-21 16:06:14.517,30.06,29.75,30.25,29.56,15.0,28.89,928.2,24.6,-40.0,1.0,1.0,0.0,0.0,0.0,549.0
2026-07-21 16:06:14.718,30.06,29.75,30.25,29.56,15.0,28.9,928.1,24.7,-40.0,1.0,1.0,0.0,0.0,0.0,549.0
2026-07-21 16:06:14.916,30.0,29.68,30.25,29.56,15.0,28.9,928.1,24.7,-40.0,1.0,1.0,0.0,0.0,0.0,549.0
2026-07-21 16:06:15.116,30.0,29.68,30.25,29.56,15.0,28.89,928.2,24.5,-40.0,1.0,1.0,0.0,0.0,0.0,550.0
2026-07-21 16:06:15.316,30.0,29.68,30.25,29.56,15.0,28.89,928.2,24.5,-40.0,1.0,1.0,0.0,0.0,0.0,550.0
2026-07-21 16:06:15.517,30.0,29.68,30.25,29.56,15.0,28.89,928.2,24.5,-40.0,1.0,1.0,0.0,0.0,0.0,550.0
2026-07-21 16:06:15.717,30.0,29.68,30.25,29.56,15.0,28.89,928.1,24.6,-40.0,1.0,1.0,0.0,0.0,0.0,550.0
2026-07-21 16:06:15.935,30.0,29.75,30.25,29.56,14.93,28.89,928.1,24.6,-40.0,1.0,1.0,0.0,0.0,0.0,550.0
2026-07-21 16:06:16.117,30.0,29.75,30.25,29.56,14.93,28.9,928.1,24.3,-40.0,1.0,1.0,0.0,0.0,0.0,551.0
2026-07-21 16:06:16.317,30.0,29.75,30.25,29.56,14.93,28.9,928.1,24.3,-40.0,1.0,1.0,0.0,0.0,0.0,551.0
2026-07-21 16:06:16.516,30.0,29.75,30.25,29.56,14.93,28.9,928.1,24.3,-40.0,1.0,1.0,0.0,0.0,0.0,551.0
2026-07-21 16:06:16.717,30.0,29.75,30.25,29.56,14.93,28.9,928.1,24.4,-40.0,1.0,1.0,0.0,0.0,0.0,551.0
2026-07-21 16:06:16.931,30.0,29.75,30.25,29.56,14.93,28.9,928.1,24.4,-40.0,1.0,1.0,0.0,0.0,0.0,551.0
2026-07-21 16:06:17.116,30.0,29.75,30.25,29.56,14.93,28.89,928.1,24.4,-40.0,1.0,1.0,0.0,0.0,0.0,552.0
2026-07-21 16:06:17.316,30.0,29.75,30.25,29.56,14.93,28.89,928.1,24.4,-40.0,1.0,1.0,0.0,0.0,0.0,552.0
2026-07-21 16:06:17.528,30.0,29.75,30.25,29.56,14.93,28.89,928.1,24.4,-40.0,1.0,1.0,0.0,0.0,0.0,552.0
2026-07-21 16:06:17.717,30.0,29.75,30.25,29.56,14.93,28.9,928.1,24.6,-40.0,1.0,1.0,0.0,0.0,0.0,552.0
2026-07-21 16:06:17.917,30.0,29.75,30.25,29.56,14.93,28.9,928.1,24.6,-40.0,1.0,1.0,0.0,0.0,0.0,552.0
2026-07-21 16:06:18.155,30.0,29.75,30.25,29.56,14.93,28.89,928.1,24.4,-40.0,1.0,1.0,0.0,0.0,0.0,553.0
2026-07-21 16:06:18.316,30.0,29.75,30.25,29.56,14.93,28.89,928.1,24.4,-40.0,1.0,1.0,0.0,0.0,0.0,553.0
2026-07-21 16:06:18.516,30.0,29.75,30.25,29.56,14.93,28.89,928.1,24.4,-40.0,1.0,1.0,0.0,0.0,0.0,553.0
2026-07-21 16:06:18.716,30.0,29.75,30.25,29.56,14.93,28.89,928.1,24.5,-40.0,1.0,1.0,0.0,0.0,0.0,553.0
2026-07-21 16:06:18.916,30.0,29.75,30.25,29.56,14.87,28.89,928.1,24.5,-40.0,1.0,1.0,0.0,0.0,0.0,553.0
2026-07-21 16:06:19.144,30.0,29.75,30.25,29.56,14.87,28.89,928.2,24.6,-40.0,1.0,1.0,0.0,0.0,0.0,554.0
2026-07-21 16:06:19.316,30.0,29.75,30.25,29.56,14.87,28.89,928.2,24.6,-40.0,1.0,1.0,0.0,0.0,0.0,554.0
2026-07-21 16:06:19.516,30.0,29.75,30.25,29.56,14.87,28.89,928.2,24.6,-40.0,1.0,1.0,0.0,0.0,0.0,554.0
2026-07-21 16:06:19.746,30.0,29.75,30.25,29.56,14.87,28.89,928.2,24.7,-40.0,1.0,1.0,0.0,0.0,0.0,554.0
2026-07-21 16:06:19.917,30.0,29.75,30.25,29.56,14.87,28.89,928.2,24.7,-40.0,1.0,1.0,0.0,0.0,0.0,554.0
2026-07-21 16:06:20.116,30.0,29.75,30.25,29.56,14.87,28.9,928.2,24.7,-40.0,1.0,1.0,0.0,0.0,0.0,555.0
2026-07-21 16:06:20.317,30.0,29.75,30.25,29.56,14.87,28.9,928.2,24.7,-40.0,1.0,1.0,0.0,0.0,0.0,555.0
2026-07-21 16:06:20.516,30.0,29.75,30.25,29.56,14.87,28.9,928.2,24.7,-40.0,1.0,1.0,0.0,0.0,0.0,555.0
2026-07-21 16:06:20.716,30.0,29.75,30.25,29.56,14.87,28.9,928.2,24.6,-40.0,1.0,1.0,0.0,0.0,0.0,555.0
2026-07-21 16:06:20.916,29.93,29.75,30.25,29.56,14.87,28.9,928.2,24.6,-40.0,1.0,1.0,0.0,0.0,0.0,555.0
2026-07-21 16:06:21.117,29.93,29.75,30.25,29.56,14.87,28.89,928.1,24.7,-40.0,1.0,1.0,0.0,0.0,0.0,556.0
2026-07-21 16:06:21.348,29.93,29.75,30.25,29.56,14.87,28.89,928.1,24.7,-40.0,1.0,1.0,0.0,0.0,0.0,556.0
2026-07-21 16:06:21.516,29.93,29.75,30.25,29.56,14.87,28.89,928.1,24.7,-40.0,1.0,1.0,0.0,0.0,0.0,556.0
2026-07-21 16:06:21.716,29.93,29.75,30.25,29.56,14.87,28.89,928.1,24.8,-40.0,1.0,1.0,0.0,0.0,0.0,556.0
2026-07-21 16:06:21.936,29.93,29.75,30.25,29.56,14.87,28.89,928.1,24.8,-40.0,1.0,1.0,0.0,0.0,0.0,556.0
2026-07-21 16:06:22.117,29.93,29.75,30.25,29.56,14.87,28.9,928.2,24.4,-40.0,1.0,1.0,0.0,0.0,0.0,557.0
2026-07-21 16:06:22.316,29.93,29.75,30.25,29.56,14.87,28.9,928.2,24.4,-40.0,1.0,1.0,0.0,0.0,0.0,557.0
2026-07-21 16:06:22.516,29.93,29.75,30.25,29.56,14.87,28.9,928.2,24.4,-40.0,1.0,1.0,0.0,0.0,0.0,557.0
2026-07-21 16:06:22.717,29.93,29.75,30.25,29.56,14.87,28.89,928.2,24.6,-40.0,1.0,1.0,0.0,0.0,0.0,557.0
2026-07-21 16:06:22.917,29.93,29.75,30.25,29.56,14.87,28.89,928.2,24.6,-40.0,1.0,1.0,0.0,0.0,0.0,557.0
2026-07-21 16:06:23.116,29.93,29.75,30.25,29.56,14.87,28.9,928.2,24.8,-40.0,1.0,1.0,0.0,0.0,0.0,558.0
2026-07-21 16:06:23.317,29.93,29.75,30.25,29.56,14.87,28.9,928.2,24.8,-40.0,1.0,1.0,0.0,0.0,0.0,558.0
2026-07-21 16:06:23.542,29.93,29.75,30.25,29.56,14.87,28.9,928.2,24.8,-40.0,1.0,1.0,0.0,0.0,0.0,558.0
2026-07-21 16:06:23.716,29.93,29.75,30.25,29.56,14.87,28.9,928.2,24.6,-40.0,1.0,1.0,0.0,0.0,0.0,558.0
2026-07-21 16:06:23.916,29.93,29.75,30.25,29.56,14.81,28.9,928.2,24.6,-40.0,1.0,1.0,0.0,0.0,0.0,558.0
2026-07-21 16:06:24.117,29.93,29.75,30.25,29.56,14.81,28.89,928.1,24.6,-40.0,1.0,1.0,0.0,0.0,0.0,559.0
2026-07-21 16:06:24.316,29.93,29.75,30.25,29.56,14.81,28.89,928.1,24.6,-40.0,1.0,1.0,0.0,0.0,0.0,559.0
2026-07-21 16:06:24.516,29.93,29.75,30.25,29.56,14.81,28.89,928.1,24.6,-40.0,1.0,1.0,0.0,0.0,0.0,559.0
2026-07-21 16:06:24.717,29.93,29.75,30.25,29.56,14.81,28.89,928.1,24.6,-40.0,1.0,1.0,0.0,0.0,0.0,559.0
2026-07-21 16:06:24.918,29.93,29.75,30.25,29.56,14.81,28.89,928.1,24.6,-40.0,1.0,1.0,0.0,0.0,0.0,559.0
2026-07-21 16:06:25.152,29.93,29.75,30.25,29.56,14.81,28.9,928.1,24.6,-40.0,1.0,1.0,0.0,0.0,0.0,560.0
2026-07-21 16:06:25.316,29.93,29.75,30.25,29.56,14.81,28.9,928.1,24.6,-40.0,1.0,1.0,0.0,0.0,0.0,560.0
2026-07-21 16:06:25.516,29.93,29.75,30.25,29.56,14.81,28.9,928.1,24.6,-40.0,1.0,1.0,0.0,0.0,0.0,560.0
2026-07-21 16:06:25.760,29.93,29.75,30.25,29.56,14.81,28.9,928.1,24.3,-40.0,1.0,1.0,0.0,0.0,0.0,560.0
2026-07-21 16:06:25.916,29.93,29.75,30.25,29.56,14.81,28.9,928.1,24.3,-40.0,1.0,1.0,0.0,0.0,0.0,560.0
2026-07-21 16:06:26.116,29.93,29.75,30.25,29.56,14.81,28.89,928.1,24.3,-40.0,1.0,1.0,0.0,0.0,0.0,561.0
2026-07-21 16:06:26.316,29.93,29.75,30.25,29.56,14.81,28.89,928.1,24.3,-40.0,1.0,1.0,0.0,0.0,0.0,561.0
2026-07-21 16:06:26.516,29.93,29.75,30.25,29.56,14.81,28.89,928.1,24.3,-40.0,1.0,1.0,0.0,0.0,0.0,561.0
2026-07-21 16:06:26.716,29.93,29.75,30.25,29.56,14.81,28.9,928.2,24.6,-40.0,1.0,1.0,0.0,0.0,0.0,561.0
2026-07-21 16:06:26.917,29.93,29.75,30.25,29.56,14.81,28.9,928.2,24.6,-40.0,1.0,1.0,0.0,0.0,0.0,561.0
2026-07-21 16:06:27.116,29.93,29.75,30.25,29.56,14.81,28.9,928.2,24.8,-40.0,1.0,1.0,0.0,0.0,0.0,562.0
2026-07-21 16:06:27.316,29.93,29.75,30.25,29.56,14.81,28.9,928.2,24.8,-40.0,1.0,1.0,0.0,0.0,0.0,562.0
2026-07-21 16:06:27.517,29.93,29.75,30.25,29.56,14.81,28.9,928.2,24.8,-40.0,1.0,1.0,0.0,0.0,0.0,562.0
2026-07-21 16:06:27.757,29.93,29.75,30.25,29.56,14.81,28.9,928.2,24.5,-40.0,1.0,1.0,0.0,0.0,0.0,562.0
2026-07-21 16:06:27.916,29.93,29.75,30.25,29.56,14.81,28.9,928.2,24.5,-40.0,1.0,1.0,0.0,0.0,0.0,562.0
2026-07-21 16:06:28.117,29.93,29.75,30.25,29.56,14.81,28.89,928.1,24.7,-40.0,1.0,1.0,0.0,0.0,0.0,563.0
2026-07-21 16:06:28.338,29.93,29.75,30.25,29.56,14.81,28.89,928.1,24.7,-40.0,1.0,1.0,0.0,0.0,0.0,563.0
2026-07-21 16:06:28.516,29.93,29.75,30.25,29.56,14.81,28.89,928.1,24.7,-40.0,1.0,1.0,0.0,0.0,0.0,563.0
2026-07-21 16:06:28.716,29.93,29.75,30.25,29.56,14.81,28.9,928.2,24.6,-40.0,1.0,1.0,0.0,0.0,0.0,563.0
2026-07-21 16:06:28.917,29.93,29.81,30.25,29.56,14.81,28.9,928.2,24.6,-40.0,1.0,1.0,0.0,0.0,0.0,563.0
2026-07-21 16:06:29.117,29.93,29.81,30.25,29.56,14.81,28.9,928.2,24.6,-40.0,1.0,1.0,0.0,0.0,0.0,564.0
2026-07-21 16:06:29.316,29.93,29.81,30.25,29.56,14.81,28.9,928.2,24.6,-40.0,1.0,1.0,0.0,0.0,0.0,564.0
2026-07-21 16:06:29.516,29.93,29.81,30.25,29.56,14.81,28.9,928.2,24.6,-40.0,1.0,1.0,0.0,0.0,0.0,564.0
2026-07-21 16:06:29.717,29.93,29.81,30.25,29.56,14.81,28.9,928.2,24.6,-40.0,1.0,1.0,0.0,0.0,0.0,564.0
2026-07-21 16:06:29.948,29.93,29.75,30.25,29.56,14.75,28.9,928.2,24.6,-40.0,1.0,1.0,0.0,0.0,0.0,564.0
2026-07-21 16:06:30.116,29.93,29.75,30.25,29.56,14.75,28.92,928.2,24.5,-40.0,1.0,1.0,0.0,0.0,0.0,565.0
2026-07-21 16:06:30.317,29.93,29.75,30.25,29.56,14.75,28.92,928.2,24.5,-40.0,1.0,1.0,0.0,0.0,0.0,565.0
2026-07-21 16:06:30.548,29.93,29.75,30.25,29.56,14.75,28.92,928.2,24.5,-40.0,1.0,1.0,0.0,0.0,0.0,565.0
2026-07-21 16:06:30.716,29.93,29.75,30.25,29.56,14.75,28.92,928.2,24.5,-40.0,1.0,1.0,0.0,0.0,0.0,565.0
2026-07-21 16:06:30.916,29.87,29.75,30.25,29.56,14.81,28.92,928.2,24.5,-40.0,1.0,1.0,0.0,0.0,0.0,565.0
2026-07-21 16:06:31.134,29.87,29.75,30.25,29.56,14.81,28.9,928.2,24.6,-40.0,1.0,1.0,0.0,0.0,0.0,566.0
2026-07-21 16:06:31.315,29.87,29.75,30.25,29.56,14.81,28.9,928.2,24.6,-40.0,1.0,1.0,0.0,0.0,0.0,566.0
2026-07-21 16:06:31.516,29.87,29.75,30.25,29.56,14.81,28.9,928.2,24.6,-40.0,1.0,1.0,0.0,0.0,0.0,566.0
2026-07-21 16:06:31.717,29.87,29.75,30.25,29.56,14.81,28.9,928.1,24.8,-40.0,1.0,1.0,0.0,0.0,0.0,566.0
2026-07-21 16:06:31.916,29.87,29.75,30.25,29.56,14.75,28.9,928.1,24.8,-40.0,1.0,1.0,0.0,0.0,0.0,566.0
2026-07-21 16:06:32.116,29.87,29.75,30.25,29.56,14.75,28.92,928.2,24.3,-40.0,1.0,1.0,0.0,0.0,0.0,567.0
2026-07-21 16:06:32.316,29.87,29.75,30.25,29.56,14.75,28.92,928.2,24.3,-40.0,1.0,1.0,0.0,0.0,0.0,567.0
2026-07-21 16:06:32.516,29.87,29.75,30.25,29.56,14.75,28.92,928.2,24.3,-40.0,1.0,1.0,0.0,0.0,0.0,567.0
2026-07-21 16:06:32.741,29.87,29.75,30.25,29.56,14.75,28.9,928.2,24.6,-40.0,1.0,1.0,0.0,0.0,0.0,567.0
2026-07-21 16:06:32.916,29.87,29.75,30.25,29.56,14.75,28.9,928.2,24.6,-40.0,1.0,1.0,0.0,0.0,0.0,567.0
2026-07-21 16:06:33.116,29.87,29.75,30.25,29.56,14.75,28.9,928.2,24.6,-40.0,1.0,1.0,0.0,0.0,0.0,568.0
2026-07-21 16:06:33.316,29.87,29.75,30.25,29.56,14.75,28.9,928.2,24.6,-40.0,1.0,1.0,0.0,0.0,0.0,568.0
2026-07-21 16:06:33.516,29.87,29.75,30.25,29.56,14.75,28.9,928.2,24.6,-40.0,1.0,1.0,0.0,0.0,0.0,568.0
2026-07-21 16:06:33.716,29.87,29.75,30.25,29.56,14.75,28.9,928.1,24.5,-40.0,1.0,1.0,0.0,0.0,0.0,568.0
2026-07-21 16:06:33.916,29.87,29.75,30.25,29.56,14.75,28.9,928.1,24.5,-40.0,1.0,1.0,0.0,0.0,0.0,568.0
2026-07-21 16:06:34.117,29.87,29.75,30.25,29.56,14.75,28.9,928.2,24.4,-40.0,1.0,1.0,0.0,0.0,0.0,569.0
2026-07-21 16:06:34.329,29.87,29.75,30.25,29.56,14.75,28.9,928.2,24.4,-40.0,1.0,1.0,0.0,0.0,0.0,569.0
2026-07-21 16:06:34.516,29.87,29.75,30.25,29.56,14.75,28.9,928.2,24.4,-40.0,1.0,1.0,0.0,0.0,0.0,569.0
2026-07-21 16:06:34.716,29.87,29.75,30.25,29.56,14.75,28.9,928.2,24.6,-40.0,1.0,1.0,0.0,0.0,0.0,569.0
2026-07-21 16:06:34.917,29.87,29.75,30.25,29.56,14.75,28.9,928.2,24.6,-40.0,1.0,1.0,0.0,0.0,0.0,569.0
2026-07-21 16:06:35.116,29.87,29.75,30.25,29.56,14.75,28.9,928.1,24.6,-40.0,1.0,1.0,0.0,0.0,0.0,570.0
2026-07-21 16:06:35.316,29.87,29.75,30.25,29.56,14.75,28.9,928.1,24.6,-40.0,1.0,1.0,0.0,0.0,0.0,570.0
2026-07-21 16:06:35.516,29.87,29.75,30.25,29.56,14.75,28.9,928.1,24.6,-40.0,1.0,1.0,0.0,0.0,0.0,570.0
2026-07-21 16:06:35.716,29.87,29.75,30.25,29.56,14.75,28.9,928.1,24.5,-40.0,1.0,1.0,0.0,0.0,0.0,570.0
2026-07-21 16:06:35.915,29.87,29.81,30.25,29.62,14.68,28.9,928.1,24.5,-40.0,1.0,1.0,0.0,0.0,0.0,570.0
2026-07-21 16:06:36.116,29.87,29.81,30.25,29.62,14.68,28.92,928.2,24.2,-40.0,1.0,1.0,0.0,0.0,0.0,571.0
2026-07-21 16:06:36.316,29.87,29.81,30.25,29.62,14.68,28.92,928.2,24.2,-40.0,1.0,1.0,0.0,0.0,0.0,571.0
2026-07-21 16:06:36.516,29.87,29.81,30.25,29.62,14.68,28.92,928.2,24.2,-40.0,1.0,1.0,0.0,0.0,0.0,571.0
2026-07-21 16:06:36.717,29.87,29.81,30.25,29.62,14.68,28.9,928.2,24.4,-40.0,1.0,1.0,0.0,0.0,0.0,571.0
2026-07-21 16:06:36.944,29.87,29.81,30.31,29.56,14.68,28.9,928.2,24.4,-40.0,1.0,1.0,0.0,0.0,0.0,571.0
2026-07-21 16:06:37.116,29.87,29.81,30.31,29.56,14.68,28.9,928.2,24.4,-40.0,1.0,1.0,0.0,0.0,0.0,572.0
2026-07-21 16:06:37.317,29.87,29.81,30.31,29.56,14.68,28.9,928.2,24.4,-40.0,1.0,1.0,0.0,0.0,0.0,572.0
2026-07-21 16:06:37.530,29.87,29.81,30.31,29.56,14.68,28.9,928.2,24.4,-40.0,1.0,1.0,0.0,0.0,0.0,572.0
2026-07-21 16:06:37.716,29.87,29.81,30.31,29.56,14.68,28.9,928.2,24.4,-40.0,1.0,1.0,0.0,0.0,0.0,572.0
2026-07-21 16:06:37.916,29.87,29.81,30.25,29.56,14.68,28.9,928.2,24.4,-40.0,1.0,1.0,0.0,0.0,0.0,572.0
2026-07-21 16:06:38.122,29.87,29.81,30.25,29.56,14.68,28.9,928.2,24.5,-40.0,1.0,1.0,0.0,0.0,0.0,573.0
2026-07-21 16:06:38.317,29.87,29.81,30.25,29.56,14.68,28.9,928.2,24.5,-40.0,1.0,1.0,0.0,0.0,0.0,573.0
2026-07-21 16:06:38.516,29.87,29.81,30.25,29.56,14.68,28.9,928.2,24.5,-40.0,1.0,1.0,0.0,0.0,0.0,573.0
2026-07-21 16:06:38.716,29.87,29.81,30.25,29.56,14.68,28.9,928.2,24.5,-40.0,1.0,1.0,0.0,0.0,0.0,573.0
2026-07-21 16:06:38.916,29.87,29.75,30.25,29.56,14.68,28.9,928.2,24.5,-40.0,1.0,1.0,0.0,0.0,0.0,573.0
2026-07-21 16:06:39.116,29.87,29.75,30.25,29.56,14.68,28.89,928.1,24.5,-40.0,1.0,1.0,0.0,0.0,0.0,574.0
2026-07-21 16:06:39.316,29.87,29.75,30.25,29.56,14.68,28.89,928.1,24.5,-40.0,1.0,1.0,0.0,0.0,0.0,574.0
2026-07-21 16:06:39.518,29.87,29.75,30.25,29.56,14.68,28.89,928.1,24.5,-40.0,1.0,1.0,0.0,0.0,0.0,574.0
2026-07-21 16:06:39.716,29.87,29.75,30.25,29.56,14.68,28.9,928.2,24.3,-40.0,1.0,1.0,0.0,0.0,0.0,574.0
2026-07-21 16:06:39.916,29.87,29.81,30.25,29.56,14.68,28.9,928.2,24.3,-40.0,1.0,1.0,0.0,0.0,0.0,574.0
2026-07-21 16:06:40.116,29.87,29.81,30.25,29.56,14.68,28.9,928.1,24.6,-40.0,1.0,1.0,0.0,0.0,0.0,575.0
2026-07-21 16:06:40.316,29.87,29.81,30.25,29.56,14.68,28.9,928.1,24.6,-40.0,1.0,1.0,0.0,0.0,0.0,575.0
2026-07-21 16:06:40.517,29.87,29.81,30.25,29.56,14.68,28.9,928.1,24.6,-40.0,1.0,1.0,0.0,0.0,0.0,575.0
2026-07-21 16:06:40.737,29.87,29.81,30.25,29.56,14.68,28.9,928.2,24.4,-40.0,1.0,1.0,0.0,0.0,0.0,575.0
2026-07-21 16:06:40.916,29.81,29.81,30.25,29.56,14.62,28.9,928.2,24.4,-40.0,1.0,1.0,0.0,0.0,0.0,575.0
2026-07-21 16:06:41.117,29.81,29.81,30.25,29.56,14.62,28.9,928.1,24.2,-40.0,1.0,1.0,0.0,0.0,0.0,576.0
2026-07-21 16:06:41.316,29.81,29.81,30.25,29.56,14.62,28.9,928.1,24.2,-40.0,1.0,1.0,0.0,0.0,0.0,576.0
2026-07-21 16:06:41.515,29.81,29.81,30.25,29.56,14.62,28.9,928.1,24.2,-40.0,1.0,1.0,0.0,0.0,0.0,576.0
2026-07-21 16:06:41.716,29.81,29.81,30.25,29.56,14.62,28.9,928.2,24.3,-40.0,1.0,1.0,0.0,0.0,0.0,576.0
2026-07-21 16:06:41.916,29.81,29.81,30.25,29.5,14.62,28.9,928.2,24.3,-40.0,1.0,1.0,0.0,0.0,0.0,576.0
2026-07-21 16:06:42.116,29.81,29.81,30.25,29.5,14.62,28.89,928.2,24.4,-40.0,1.0,1.0,0.0,0.0,0.0,577.0
2026-07-21 16:06:42.316,29.81,29.81,30.25,29.5,14.62,28.89,928.2,24.4,-40.0,1.0,1.0,0.0,0.0,0.0,577.0
2026-07-21 16:06:42.516,29.81,29.81,30.25,29.5,14.62,28.89,928.2,24.4,-40.0,1.0,1.0,0.0,0.0,0.0,577.0
2026-07-21 16:06:42.716,29.81,29.81,30.25,29.5,14.62,28.89,928.2,24.5,-40.0,1.0,1.0,0.0,0.0,0.0,577.0
2026-07-21 16:06:42.939,29.81,29.81,30.25,29.56,14.62,28.89,928.2,24.5,-40.0,1.0,1.0,0.0,0.0,0.0,577.0
2026-07-21 16:06:43.116,29.81,29.81,30.25,29.56,14.62,28.9,928.2,24.6,-40.0,1.0,1.0,0.0,0.0,0.0,578.0
2026-07-21 16:06:43.315,29.81,29.81,30.25,29.56,14.62,28.9,928.2,24.6,-40.0,1.0,1.0,0.0,0.0,0.0,578.0
2026-07-21 16:06:43.515,29.81,29.81,30.25,29.56,14.62,28.9,928.2,24.6,-40.0,1.0,1.0,0.0,0.0,0.0,578.0
2026-07-21 16:06:43.716,29.81,29.81,30.25,29.56,14.62,28.9,928.1,24.7,-40.0,1.0,1.0,0.0,0.0,0.0,578.0
2026-07-21 16:06:43.916,29.81,29.81,30.25,29.56,14.62,28.9,928.1,24.7,-40.0,1.0,1.0,0.0,0.0,0.0,578.0
2026-07-21 16:06:44.117,29.81,29.81,30.25,29.56,14.62,28.9,928.1,24.7,-40.0,1.0,1.0,0.0,0.0,0.0,579.0
2026-07-21 16:06:44.316,29.81,29.81,30.25,29.56,14.62,28.9,928.1,24.7,-40.0,1.0,1.0,0.0,0.0,0.0,579.0
2026-07-21 16:06:44.532,29.81,29.81,30.25,29.56,14.62,28.9,928.1,24.7,-40.0,1.0,1.0,0.0,0.0,0.0,579.0
2026-07-21 16:06:44.715,29.81,29.81,30.25,29.56,14.62,28.9,928.2,24.6,-40.0,1.0,1.0,0.0,0.0,0.0,579.0
2026-07-21 16:06:44.917,29.81,29.81,30.31,29.56,14.62,28.9,928.2,24.6,-40.0,1.0,1.0,0.0,0.0,0.0,579.0
2026-07-21 16:06:45.134,29.81,29.81,30.31,29.56,14.62,28.9,928.2,24.8,-40.0,1.0,1.0,0.0,0.0,0.0,580.0
2026-07-21 16:06:45.316,29.81,29.81,30.31,29.56,14.62,28.9,928.2,24.8,-40.0,1.0,1.0,0.0,0.0,0.0,580.0
2026-07-21 16:06:45.516,29.81,29.81,30.31,29.56,14.62,28.9,928.2,24.8,-40.0,1.0,1.0,0.0,0.0,0.0,580.0
2026-07-21 16:06:45.716,29.81,29.81,30.31,29.56,14.62,28.9,928.2,24.7,-40.0,1.0,1.0,0.0,0.0,0.0,580.0
2026-07-21 16:06:45.919,29.81,29.81,30.25,29.56,14.62,28.9,928.2,24.7,-40.0,1.0,1.0,0.0,0.0,0.0,580.0
2026-07-21 16:06:46.117,29.81,29.81,30.25,29.56,14.62,28.92,928.2,25.1,-40.0,1.0,1.0,0.0,0.0,0.0,581.0
2026-07-21 16:06:46.317,29.81,29.81,30.25,29.56,14.62,28.92,928.2,25.1,-40.0,1.0,1.0,0.0,0.0,0.0,581.0
2026-07-21 16:06:46.516,29.81,29.81,30.25,29.56,14.62,28.92,928.2,25.1,-40.0,1.0,1.0,0.0,0.0,0.0,581.0
2026-07-21 16:06:46.747,29.81,29.81,30.25,29.56,14.62,28.9,928.2,24.8,-40.0,1.0,1.0,0.0,0.0,0.0,581.0
2026-07-21 16:06:46.915,29.75,29.81,30.25,29.56,14.56,28.9,928.2,24.8,-40.0,1.0,1.0,0.0,0.0,0.0,581.0
2026-07-21 16:06:47.116,29.75,29.81,30.25,29.56,14.56,28.9,928.2,24.5,-40.0,1.0,1.0,0.0,0.0,0.0,582.0
2026-07-21 16:06:47.315,29.75,29.81,30.25,29.56,14.56,28.9,928.2,24.5,-40.0,1.0,1.0,0.0,0.0,0.0,582.0
2026-07-21 16:06:47.516,29.75,29.81,30.25,29.56,14.56,28.9,928.2,24.5,-40.0,1.0,1.0,0.0,0.0,0.0,582.0
2026-07-21 16:06:47.738,29.75,29.81,30.25,29.56,14.56,28.9,928.2,24.9,-40.0,1.0,1.0,0.0,0.0,0.0,582.0
2026-07-21 16:06:47.916,29.75,29.87,30.25,29.56,14.56,28.9,928.2,24.9,-40.0,1.0,1.0,0.0,0.0,0.0,582.0
2026-07-21 16:06:48.115,29.75,29.87,30.25,29.56,14.56,28.9,928.2,24.4,-40.0,1.0,1.0,0.0,0.0,0.0,583.0
2026-07-21 16:06:48.315,29.75,29.87,30.25,29.56,14.56,28.9,928.2,24.4,-40.0,1.0,1.0,0.0,0.0,0.0,583.0
2026-07-21 16:06:48.516,29.75,29.87,30.25,29.56,14.56,28.9,928.2,24.4,-40.0,1.0,1.0,0.0,0.0,0.0,583.0
2026-07-21 16:06:48.716,29.75,29.87,30.25,29.56,14.56,28.9,928.2,24.7,-40.0,1.0,1.0,0.0,0.0,0.0,583.0
2026-07-21 16:06:48.916,29.75,29.87,30.25,29.56,14.56,28.9,928.2,24.7,-40.0,1.0,1.0,0.0,0.0,0.0,583.0
2026-07-21 16:06:49.151,29.75,29.87,30.25,29.56,14.56,28.9,928.1,24.5,-40.0,1.0,1.0,0.0,0.0,0.0,584.0
2026-07-21 16:06:49.317,29.75,29.87,30.25,29.56,14.56,28.9,928.1,24.5,-40.0,1.0,1.0,0.0,0.0,0.0,584.0
2026-07-21 16:06:49.516,29.75,29.87,30.25,29.56,14.56,28.9,928.1,24.5,-40.0,1.0,1.0,0.0,0.0,0.0,584.0
2026-07-21 16:06:49.718,29.75,29.87,30.25,29.56,14.56,28.9,928.2,24.6,-40.0,1.0,1.0,0.0,0.0,0.0,584.0
2026-07-21 16:06:49.916,29.75,29.81,30.25,29.56,14.56,28.9,928.2,24.6,-40.0,1.0,1.0,0.0,0.0,0.0,584.0
2026-07-21 16:06:50.116,29.75,29.81,30.25,29.56,14.56,28.92,928.1,24.8,-40.0,1.0,1.0,0.0,0.0,0.0,585.0
2026-07-21 16:06:50.315,29.75,29.81,30.25,29.56,14.56,28.92,928.1,24.8,-40.0,1.0,1.0,0.0,0.0,0.0,585.0
2026-07-21 16:06:50.515,29.75,29.81,30.25,29.56,14.56,28.92,928.1,24.8,-40.0,1.0,1.0,0.0,0.0,0.0,585.0
2026-07-21 16:06:50.717,29.75,29.81,30.25,29.56,14.56,28.9,928.2,24.6,-40.0,1.0,1.0,0.0,0.0,0.0,585.0
2026-07-21 16:06:50.916,29.75,29.81,30.25,29.56,14.56,28.9,928.2,24.6,-40.0,1.0,1.0,0.0,0.0,0.0,585.0
2026-07-21 16:06:51.116,29.75,29.81,30.25,29.56,14.56,28.9,928.1,24.4,-40.0,1.0,1.0,0.0,0.0,0.0,586.0
2026-07-21 16:06:51.315,29.75,29.81,30.25,29.56,14.56,28.9,928.1,24.4,-40.0,1.0,1.0,0.0,0.0,0.0,586.0
2026-07-21 16:06:51.516,29.75,29.81,30.25,29.56,14.56,28.9,928.1,24.4,-40.0,1.0,1.0,0.0,0.0,0.0,586.0
2026-07-21 16:06:51.715,29.75,29.81,30.25,29.56,14.56,28.9,928.1,24.4,-40.0,1.0,1.0,0.0,0.0,0.0,586.0
2026-07-21 16:06:51.916,29.81,29.81,30.25,29.56,14.56,28.9,928.1,24.4,-40.0,1.0,1.0,0.0,0.0,0.0,586.0
2026-07-21 16:06:52.115,29.81,29.81,30.25,29.56,14.56,28.9,928.2,24.4,-40.0,1.0,1.0,0.0,0.0,0.0,587.0
2026-07-21 16:06:52.315,29.81,29.81,30.25,29.56,14.56,28.9,928.2,24.4,-40.0,1.0,1.0,0.0,0.0,0.0,587.0
2026-07-21 16:06:52.515,29.81,29.81,30.25,29.56,14.56,28.9,928.2,24.4,-40.0,1.0,1.0,0.0,0.0,0.0,587.0
2026-07-21 16:06:52.715,29.81,29.81,30.25,29.56,14.56,28.9,928.2,24.5,-40.0,1.0,1.0,0.0,0.0,0.0,587.0
2026-07-21 16:06:52.916,29.75,29.81,30.25,29.5,14.56,28.9,928.2,24.5,-40.0,1.0,1.0,0.0,0.0,0.0,587.0
2026-07-21 16:06:53.116,29.75,29.81,30.25,29.5,14.56,28.92,928.2,24.5,-40.0,1.0,1.0,0.0,0.0,0.0,588.0
2026-07-21 16:06:53.315,29.75,29.81,30.25,29.5,14.56,28.92,928.2,24.5,-40.0,1.0,1.0,0.0,0.0,0.0,588.0
2026-07-21 16:06:53.515,29.75,29.81,30.25,29.5,14.56,28.92,928.2,24.5,-40.0,1.0,1.0,0.0,0.0,0.0,588.0
2026-07-21 16:06:53.715,29.75,29.81,30.25,29.5,14.56,28.9,928.2,24.4,-40.0,1.0,1.0,0.0,0.0,0.0,588.0
2026-07-21 16:06:53.917,29.75,29.81,30.25,29.5,14.56,28.9,928.2,24.4,-40.0,1.0,1.0,0.0,0.0,0.0,588.0
2026-07-21 16:06:54.116,29.75,29.81,30.25,29.5,14.56,28.9,928.2,24.6,-40.0,1.0,1.0,0.0,0.0,0.0,589.0
2026-07-21 16:06:54.315,29.75,29.81,30.25,29.5,14.56,28.9,928.2,24.6,-40.0,1.0,1.0,0.0,0.0,0.0,589.0
2026-07-21 16:06:54.515,29.75,29.81,30.25,29.5,14.56,28.9,928.2,24.6,-40.0,1.0,1.0,0.0,0.0,0.0,589.0
2026-07-21 16:06:54.716,29.75,29.81,30.25,29.5,14.56,28.9,928.2,24.6,-40.0,1.0,1.0,0.0,0.0,0.0,589.0
2026-07-21 16:06:54.955,29.75,29.81,30.25,29.5,14.56,28.9,928.2,24.6,-40.0,1.0,1.0,0.0,0.0,0.0,589.0
2026-07-21 16:06:55.116,29.75,29.81,30.25,29.5,14.56,28.9,928.1,24.5,-40.0,1.0,1.0,0.0,0.0,0.0,590.0
2026-07-21 16:06:55.317,29.75,29.81,30.25,29.5,14.56,28.9,928.1,24.5,-40.0,1.0,1.0,0.0,0.0,0.0,590.0
2026-07-21 16:06:55.515,29.75,29.81,30.25,29.5,14.56,28.9,928.1,24.5,-40.0,1.0,1.0,0.0,0.0,0.0,590.0
2026-07-21 16:06:55.716,29.75,29.81,30.25,29.5,14.56,28.92,928.2,24.5,-40.0,1.0,1.0,0.0,0.0,0.0,590.0
2026-07-21 16:06:55.935,29.75,29.87,30.25,29.5,14.5,28.92,928.2,24.5,-40.0,1.0,1.0,0.0,0.0,0.0,590.0
2026-07-21 16:06:56.116,29.75,29.87,30.25,29.5,14.5,28.92,928.1,24.6,-40.0,1.0,1.0,0.0,0.0,0.0,591.0
2026-07-21 16:06:56.315,29.75,29.87,30.25,29.5,14.5,28.92,928.1,24.6,-40.0,1.0,1.0,0.0,0.0,0.0,591.0
2026-07-21 16:06:56.516,29.75,29.87,30.25,29.5,14.5,28.92,928.1,24.6,-40.0,1.0,1.0,0.0,0.0,0.0,591.0
2026-07-21 16:06:56.716,29.75,29.87,30.25,29.5,14.5,28.9,928.2,24.7,-40.0,1.0,1.0,0.0,0.0,0.0,591.0
2026-07-21 16:06:56.915,29.75,29.87,30.25,29.56,14.5,28.9,928.2,24.7,-40.0,1.0,1.0,0.0,0.0,0.0,591.0
2026-07-21 16:06:57.116,29.75,29.87,30.25,29.56,14.5,28.9,928.2,24.4,-40.0,1.0,1.0,0.0,0.0,0.0,592.0
2026-07-21 16:06:57.316,29.75,29.87,30.25,29.56,14.5,28.9,928.2,24.4,-40.0,1.0,1.0,0.0,0.0,0.0,592.0
2026-07-21 16:06:57.521,29.75,29.87,30.25,29.56,14.5,28.9,928.2,24.4,-40.0,1.0,1.0,0.0,0.0,0.0,592.0
2026-07-21 16:06:57.716,29.75,29.87,30.25,29.56,14.5,28.9,928.2,24.5,-40.0,1.0,1.0,0.0,0.0,0.0,592.0
2026-07-21 16:06:57.915,29.75,29.81,30.25,29.56,14.5,28.9,928.2,24.5,-40.0,1.0,1.0,0.0,0.0,0.0,592.0
2026-07-21 16:06:58.116,29.75,29.81,30.25,29.56,14.5,28.9,928.2,24.5,-40.0,1.0,1.0,0.0,0.0,0.0,593.0
2026-07-21 16:06:58.316,29.75,29.81,30.25,29.56,14.5,28.9,928.2,24.5,-40.0,1.0,1.0,0.0,0.0,0.0,593.0
2026-07-21 16:06:58.515,29.75,29.81,30.25,29.56,14.5,28.9,928.2,24.5,-40.0,1.0,1.0,0.0,0.0,0.0,593.0
2026-07-21 16:06:58.715,29.75,29.81,30.25,29.56,14.5,28.92,928.2,24.6,-40.0,1.0,1.0,0.0,0.0,0.0,593.0
2026-07-21 16:06:58.915,29.75,29.87,30.25,29.5,14.5,28.92,928.2,24.6,-40.0,1.0,1.0,0.0,0.0,0.0,593.0
2026-07-21 16:06:59.117,29.75,29.87,30.25,29.5,14.5,28.9,928.2,24.6,-40.0,1.0,1.0,0.0,0.0,0.0,594.0
2026-07-21 16:06:59.315,29.75,29.87,30.25,29.5,14.5,28.9,928.2,24.6,-40.0,1.0,1.0,0.0,0.0,0.0,594.0
2026-07-21 16:06:59.516,29.75,29.87,30.25,29.5,14.5,28.9,928.2,24.6,-40.0,1.0,1.0,0.0,0.0,0.0,594.0
2026-07-21 16:06:59.716,29.75,29.87,30.25,29.5,14.5,28.9,928.2,24.5,-40.0,1.0,1.0,0.0,0.0,0.0,594.0
2026-07-21 16:06:59.915,29.75,29.87,30.25,29.5,14.5,28.9,928.2,24.5,-40.0,1.0,1.0,0.0,0.0,0.0,594.0
2026-07-21 16:07:00.138,29.75,29.87,30.25,29.5,14.5,28.92,928.2,24.5,-40.0,1.0,1.0,0.0,0.0,0.0,595.0
2026-07-21 16:07:00.315,29.75,29.87,30.25,29.5,14.5,28.92,928.2,24.5,-40.0,1.0,1.0,0.0,0.0,0.0,595.0
2026-07-21 16:07:00.516,29.75,29.87,30.25,29.5,14.5,28.92,928.2,24.5,-40.0,1.0,1.0,0.0,0.0,0.0,595.0
2026-07-21 16:07:00.719,29.75,29.87,30.25,29.5,14.5,28.92,928.2,24.8,-40.0,1.0,1.0,0.0,0.0,0.0,595.0
2026-07-21 16:07:00.915,29.75,29.87,30.25,29.5,14.5,28.92,928.2,24.8,-40.0,1.0,1.0,0.0,0.0,0.0,595.0
2026-07-21 16:07:01.116,29.75,29.87,30.25,29.5,14.5,28.92,928.2,24.5,-40.0,1.0,1.0,0.0,0.0,0.0,596.0
2026-07-21 16:07:01.316,29.75,29.87,30.25,29.5,14.5,28.92,928.2,24.5,-40.0,1.0,1.0,0.0,0.0,0.0,596.0
2026-07-21 16:07:01.515,29.75,29.87,30.25,29.5,14.5,28.92,928.2,24.5,-40.0,1.0,1.0,0.0,0.0,0.0,596.0
2026-07-21 16:07:01.715,29.75,29.87,30.25,29.5,14.5,28.9,928.1,24.6,-40.0,1.0,1.0,0.0,0.0,0.0,596.0
2026-07-21 16:07:01.916,29.68,29.87,30.25,29.5,14.43,28.9,928.1,24.6,-40.0,1.0,1.0,0.0,0.0,0.0,596.0
2026-07-21 16:07:02.116,29.68,29.87,30.25,29.5,14.43,28.9,928.1,24.5,-40.0,1.0,1.0,0.0,0.0,0.0,597.0
2026-07-21 16:07:02.336,29.68,29.87,30.25,29.5,14.43,28.9,928.1,24.5,-40.0,1.0,1.0,0.0,0.0,0.0,597.0
2026-07-21 16:07:02.516,29.68,29.87,30.25,29.5,14.43,28.9,928.1,24.5,-40.0,1.0,1.0,0.0,0.0,0.0,597.0
2026-07-21 16:07:02.716,29.68,29.87,30.25,29.5,14.43,28.92,928.2,24.4,-40.0,1.0,1.0,0.0,0.0,0.0,597.0
2026-07-21 16:07:02.930,29.68,29.87,30.25,29.5,14.5,28.92,928.2,24.4,-40.0,1.0,1.0,0.0,0.0,0.0,597.0
2026-07-21 16:07:03.115,29.68,29.87,30.25,29.5,14.5,28.9,928.2,24.3,-40.0,1.0,1.0,0.0,0.0,0.0,598.0
2026-07-21 16:07:03.315,29.68,29.87,30.25,29.5,14.5,28.9,928.2,24.3,-40.0,1.0,1.0,0.0,0.0,0.0,598.0
2026-07-21 16:07:03.516,29.68,29.87,30.25,29.5,14.5,28.9,928.2,24.3,-40.0,1.0,1.0,0.0,0.0,0.0,598.0
2026-07-21 16:07:03.715,29.68,29.87,30.25,29.5,14.5,28.9,928.2,24.6,-40.0,1.0,1.0,0.0,0.0,0.0,598.0
2026-07-21 16:07:03.915,29.75,29.87,30.25,29.5,14.43,28.9,928.2,24.6,-40.0,1.0,1.0,0.0,0.0,0.0,598.0
2026-07-21 16:07:04.115,29.75,29.87,30.25,29.5,14.43,28.9,928.2,24.6,-40.0,1.0,1.0,0.0,0.0,0.0,599.0
2026-07-21 16:07:04.315,29.75,29.87,30.25,29.5,14.43,28.9,928.2,24.6,-40.0,1.0,1.0,0.0,0.0,0.0,599.0
2026-07-21 16:07:04.527,29.75,29.87,30.25,29.5,14.43,28.9,928.2,24.6,-40.0,1.0,1.0,0.0,0.0,0.0,599.0
2026-07-21 16:07:04.715,29.75,29.87,30.25,29.5,14.43,28.92,928.2,24.4,-40.0,1.0,1.0,0.0,0.0,0.0,599.0
2026-07-21 16:07:04.915,29.68,29.87,30.25,29.56,14.43,28.92,928.2,24.4,-40.0,1.0,1.0,0.0,0.0,0.0,599.0
2026-07-21 16:07:05.115,29.68,29.87,30.25,29.56,14.43,28.92,928.2,24.7,-40.0,1.0,1.0,0.0,0.0,0.0,600.0
2026-07-21 16:07:05.315,29.68,29.87,30.25,29.56,14.43,28.92,928.2,24.7,-40.0,1.0,1.0,0.0,0.0,0.0,600.0
2026-07-21 16:07:05.516,29.68,29.87,30.25,29.56,14.43,28.92,928.2,24.7,-40.0,1.0,1.0,0.0,0.0,0.0,600.0
2026-07-21 16:07:05.715,29.68,29.87,30.25,29.56,14.43,28.92,928.2,24.6,-40.0,1.0,1.0,0.0,0.0,0.0,600.0
2026-07-21 16:07:05.915,29.68,29.87,30.25,29.56,14.43,28.92,928.2,24.6,-40.0,1.0,1.0,0.0,0.0,0.0,600.0
2026-07-21 16:07:06.117,29.68,29.87,30.25,29.56,14.43,28.9,928.2,24.7,-40.0,1.0,1.0,0.0,0.0,0.0,601.0
2026-07-21 16:07:06.316,29.68,29.87,30.25,29.56,14.43,28.9,928.2,24.7,-40.0,1.0,1.0,0.0,0.0,0.0,601.0
2026-07-21 16:07:06.515,29.68,29.87,30.25,29.56,14.43,28.9,928.2,24.7,-40.0,1.0,1.0,0.0,0.0,0.0,601.0
2026-07-21 16:07:06.716,29.68,29.87,30.25,29.56,14.43,28.92,928.2,24.6,-40.0,1.0,1.0,0.0,0.0,0.0,601.0
2026-07-21 16:07:06.916,29.68,29.87,30.25,29.5,14.43,28.92,928.2,24.6,-40.0,1.0,1.0,0.0,0.0,0.0,601.0
2026-07-21 16:07:07.115,29.68,29.87,30.25,29.5,14.43,28.92,928.2,24.5,-40.0,1.0,1.0,0.0,0.0,0.0,602.0
2026-07-21 16:07:07.316,29.68,29.87,30.25,29.5,14.43,28.92,928.2,24.5,-40.0,1.0,1.0,0.0,0.0,0.0,602.0
2026-07-21 16:07:07.515,29.68,29.87,30.25,29.5,14.43,28.92,928.2,24.5,-40.0,1.0,1.0,0.0,0.0,0.0,602.0
2026-07-21 16:07:07.716,29.68,29.87,30.25,29.5,14.43,28.92,928.2,24.6,-40.0,1.0,1.0,0.0,0.0,0.0,602.0
2026-07-21 16:07:07.916,29.62,29.87,30.25,29.56,14.43,28.92,928.2,24.6,-40.0,1.0,1.0,0.0,0.0,0.0,602.0
2026-07-21 16:07:08.115,29.62,29.87,30.25,29.56,14.43,28.92,928.2,24.9,-40.0,1.0,1.0,0.0,0.0,0.0,603.0
2026-07-21 16:07:08.316,29.62,29.87,30.25,29.56,14.43,28.92,928.2,24.9,-40.0,1.0,1.0,0.0,0.0,0.0,603.0
2026-07-21 16:07:08.516,29.62,29.87,30.25,29.56,14.43,28.92,928.2,24.9,-40.0,1.0,1.0,0.0,0.0,0.0,603.0
2026-07-21 16:07:08.732,29.62,29.87,30.25,29.56,14.43,28.9,928.2,24.5,-40.0,1.0,1.0,0.0,0.0,0.0,603.0
2026-07-21 16:07:08.915,29.68,29.87,30.25,29.56,14.37,28.9,928.2,24.5,-40.0,1.0,1.0,0.0,0.0,0.0,603.0
2026-07-21 16:07:09.116,29.68,29.87,30.25,29.56,14.37,28.92,928.2,24.8,-40.0,1.0,1.0,0.0,0.0,0.0,604.0
2026-07-21 16:07:09.315,29.68,29.87,30.25,29.56,14.37,28.92,928.2,24.8,-40.0,1.0,1.0,0.0,0.0,0.0,604.0
2026-07-21 16:07:09.515,29.68,29.87,30.25,29.56,14.37,28.92,928.2,24.8,-40.0,1.0,1.0,0.0,0.0,0.0,604.0
2026-07-21 16:07:09.744,29.68,29.87,30.25,29.56,14.37,28.92,928.2,24.7,-40.0,1.0,1.0,0.0,0.0,0.0,604.0
2026-07-21 16:07:09.916,29.62,29.87,30.25,29.56,14.37,28.92,928.2,24.7,-40.0,1.0,1.0,0.0,0.0,0.0,604.0
2026-07-21 16:07:10.116,29.62,29.87,30.25,29.56,14.37,28.92,928.2,25.0,-40.0,1.0,1.0,0.0,0.0,0.0,605.0
2026-07-21 16:07:10.315,29.62,29.87,30.25,29.56,14.37,28.92,928.2,25.0,-40.0,1.0,1.0,0.0,0.0,0.0,605.0
2026-07-21 16:07:10.515,29.62,29.87,30.25,29.56,14.37,28.92,928.2,25.0,-40.0,1.0,1.0,0.0,0.0,0.0,605.0
2026-07-21 16:07:10.735,29.62,29.87,30.25,29.56,14.37,28.92,928.2,24.6,-40.0,1.0,1.0,0.0,0.0,0.0,605.0
2026-07-21 16:07:10.915,29.62,29.87,30.25,29.5,14.37,28.92,928.2,24.6,-40.0,1.0,1.0,0.0,0.0,0.0,605.0
2026-07-21 16:07:11.115,29.62,29.87,30.25,29.5,14.37,28.92,928.2,24.8,-40.0,1.0,1.0,0.0,0.0,0.0,606.0
2026-07-21 16:07:11.315,29.62,29.87,30.25,29.5,14.37,28.92,928.2,24.8,-40.0,1.0,1.0,0.0,0.0,0.0,606.0
2026-07-21 16:07:11.515,29.62,29.87,30.25,29.5,14.37,28.92,928.2,24.8,-40.0,1.0,1.0,0.0,0.0,0.0,606.0
2026-07-21 16:07:11.715,29.62,29.87,30.25,29.5,14.37,28.9,928.1,24.8,-40.0,1.0,1.0,0.0,0.0,0.0,606.0
2026-07-21 16:07:11.916,29.62,29.87,30.25,29.56,14.37,28.9,928.1,24.8,-40.0,1.0,1.0,0.0,0.0,0.0,606.0
2026-07-21 16:07:12.115,29.62,29.87,30.25,29.56,14.37,28.92,928.2,24.3,-40.0,1.0,1.0,0.0,0.0,0.0,607.0
2026-07-21 16:07:12.316,29.62,29.87,30.25,29.56,14.37,28.92,928.2,24.3,-40.0,1.0,1.0,0.0,0.0,0.0,607.0
2026-07-21 16:07:12.515,29.62,29.87,30.25,29.56,14.37,28.92,928.2,24.3,-40.0,1.0,1.0,0.0,0.0,0.0,607.0
2026-07-21 16:07:12.715,29.62,29.87,30.25,29.56,14.37,28.9,928.2,24.8,-40.0,1.0,1.0,0.0,0.0,0.0,607.0
2026-07-21 16:07:12.932,29.62,29.87,30.25,29.5,14.37,28.9,928.2,24.8,-40.0,1.0,1.0,0.0,0.0,0.0,607.0
2026-07-21 16:07:13.116,29.62,29.87,30.25,29.5,14.37,28.92,928.2,24.8,-40.0,1.0,1.0,0.0,0.0,0.0,608.0
2026-07-21 16:07:13.315,29.62,29.87,30.25,29.5,14.37,28.92,928.2,24.8,-40.0,1.0,1.0,0.0,0.0,0.0,608.0
2026-07-21 16:07:13.515,29.62,29.87,30.25,29.5,14.37,28.92,928.2,24.8,-40.0,1.0,1.0,0.0,0.0,0.0,608.0
2026-07-21 16:07:13.715,29.62,29.87,30.25,29.5,14.37,28.9,928.2,24.8,-40.0,1.0,1.0,0.0,0.0,0.0,608.0
2026-07-21 16:07:13.915,29.62,29.87,30.25,29.5,14.37,28.9,928.2,24.8,-40.0,1.0,1.0,0.0,0.0,0.0,608.0
2026-07-21 16:07:14.114,29.62,29.87,30.25,29.5,14.37,28.9,928.1,24.7,-40.0,1.0,1.0,0.0,0.0,0.0,609.0
2026-07-21 16:07:14.316,29.62,29.87,30.25,29.5,14.37,28.9,928.1,24.7,-40.0,1.0,1.0,0.0,0.0,0.0,609.0
2026-07-21 16:07:14.514,29.62,29.87,30.25,29.5,14.37,28.9,928.1,24.7,-40.0,1.0,1.0,0.0,0.0,0.0,609.0
2026-07-21 16:07:14.717,29.62,29.87,30.25,29.5,14.37,28.9,928.1,24.7,-40.0,1.0,1.0,0.0,0.0,0.0,609.0
2026-07-21 16:07:14.915,29.56,29.87,30.31,29.56,14.31,28.9,928.1,24.7,-40.0,1.0,1.0,0.0,0.0,0.0,609.0
2026-07-21 16:07:15.118,29.56,29.87,30.31,29.56,14.31,28.92,928.1,24.8,-40.0,1.0,1.0,0.0,0.0,0.0,610.0
2026-07-21 16:07:15.315,29.56,29.87,30.31,29.56,14.31,28.92,928.1,24.8,-40.0,1.0,1.0,0.0,0.0,0.0,610.0
2026-07-21 16:07:15.515,29.56,29.87,30.31,29.56,14.31,28.92,928.1,24.8,-40.0,1.0,1.0,0.0,0.0,0.0,610.0
2026-07-21 16:07:15.719,29.56,29.87,30.31,29.56,14.31,28.92,928.2,24.9,-40.0,1.0,1.0,0.0,0.0,0.0,610.0
2026-07-21 16:07:15.915,29.56,29.87,30.25,29.56,14.31,28.92,928.2,24.9,-40.0,1.0,1.0,0.0,0.0,0.0,610.0
2026-07-21 16:07:16.115,29.56,29.87,30.25,29.56,14.31,28.92,928.2,25.1,-40.0,1.0,1.0,0.0,0.0,0.0,611.0
2026-07-21 16:07:16.315,29.56,29.87,30.25,29.56,14.31,28.92,928.2,25.1,-40.0,1.0,1.0,0.0,0.0,0.0,611.0
2026-07-21 16:07:16.515,29.56,29.87,30.25,29.56,14.31,28.92,928.2,25.1,-40.0,1.0,1.0,0.0,0.0,0.0,611.0
2026-07-21 16:07:16.744,29.56,29.87,30.25,29.56,14.31,28.92,928.2,25.1,-40.0,1.0,1.0,0.0,0.0,0.0,611.0
2026-07-21 16:07:16.915,29.56,29.87,30.25,29.56,14.31,28.92,928.2,25.1,-40.0,1.0,1.0,0.0,0.0,0.0,611.0
2026-07-21 16:07:17.115,29.56,29.87,30.25,29.56,14.31,28.92,928.2,24.7,-40.0,1.0,1.0,0.0,0.0,0.0,612.0
2026-07-21 16:07:17.315,29.56,29.87,30.25,29.56,14.31,28.92,928.2,24.7,-40.0,1.0,1.0,0.0,0.0,0.0,612.0
2026-07-21 16:07:17.515,29.56,29.87,30.25,29.56,14.31,28.92,928.2,24.7,-40.0,1.0,1.0,0.0,0.0,0.0,612.0
2026-07-21 16:07:17.715,29.56,29.87,30.25,29.56,14.31,28.92,928.1,25.2,-40.0,1.0,1.0,0.0,0.0,0.0,612.0
2026-07-21 16:07:17.914,29.56,29.87,30.25,29.56,14.25,28.92,928.1,25.2,-40.0,1.0,1.0,0.0,0.0,0.0,612.0
2026-07-21 16:07:18.115,29.56,29.87,30.25,29.56,14.25,28.9,928.1,25.1,-40.0,1.0,1.0,0.0,0.0,0.0,613.0
2026-07-21 16:07:18.315,29.56,29.87,30.25,29.56,14.25,28.9,928.1,25.1,-40.0,1.0,1.0,0.0,0.0,0.0,613.0
2026-07-21 16:07:18.515,29.56,29.87,30.25,29.56,14.25,28.9,928.1,25.1,-40.0,1.0,1.0,0.0,0.0,0.0,613.0
2026-07-21 16:07:18.737,29.56,29.87,30.25,29.56,14.25,28.92,928.1,24.6,-40.0,1.0,1.0,0.0,0.0,0.0,613.0
2026-07-21 16:07:18.915,29.56,29.87,30.25,29.56,14.31,28.92,928.1,24.6,-40.0,1.0,1.0,0.0,0.0,0.0,613.0
2026-07-21 16:07:19.117,29.56,29.87,30.25,29.56,14.31,28.92,928.2,25.1,-40.0,1.0,1.0,0.0,0.0,0.0,614.0
2026-07-21 16:07:19.326,29.56,29.87,30.25,29.56,14.31,28.92,928.2,25.1,-40.0,1.0,1.0,0.0,0.0,0.0,614.0
2026-07-21 16:07:19.515,29.56,29.87,30.25,29.56,14.31,28.92,928.2,25.1,-40.0,1.0,1.0,0.0,0.0,0.0,614.0
2026-07-21 16:07:19.715,29.56,29.87,30.25,29.56,14.31,28.9,928.2,25.1,-40.0,1.0,1.0,0.0,0.0,0.0,614.0
2026-07-21 16:07:19.916,29.5,29.87,30.25,29.5,14.25,28.9,928.2,25.1,-40.0,1.0,1.0,0.0,0.0,0.0,614.0
2026-07-21 16:07:20.115,29.5,29.87,30.25,29.5,14.25,28.9,928.1,24.7,-40.0,1.0,1.0,0.0,0.0,0.0,615.0
2026-07-21 16:07:20.315,29.5,29.87,30.25,29.5,14.25,28.9,928.1,24.7,-40.0,1.0,1.0,0.0,0.0,0.0,615.0
2026-07-21 16:07:20.515,29.5,29.87,30.25,29.5,14.25,28.9,928.1,24.7,-40.0,1.0,1.0,0.0,0.0,0.0,615.0
2026-07-21 16:07:20.715,29.5,29.87,30.25,29.5,14.25,28.92,928.2,25.0,-40.0,1.0,1.0,0.0,0.0,0.0,615.0
2026-07-21 16:07:20.934,29.56,29.93,30.25,29.56,14.25,28.92,928.2,25.0,-40.0,1.0,1.0,0.0,0.0,0.0,615.0
2026-07-21 16:07:21.115,29.56,29.93,30.25,29.56,14.25,28.9,928.2,24.4,-40.0,1.0,1.0,0.0,0.0,0.0,616.0
2026-07-21 16:07:21.314,29.56,29.93,30.25,29.56,14.25,28.9,928.2,24.4,-40.0,1.0,1.0,0.0,0.0,0.0,616.0
2026-07-21 16:07:21.515,29.56,29.93,30.25,29.56,14.25,28.9,928.2,24.4,-40.0,1.0,1.0,0.0,0.0,0.0,616.0
2026-07-21 16:07:21.715,29.56,29.93,30.25,29.56,14.25,28.9,928.1,24.9,-40.0,1.0,1.0,0.0,0.0,0.0,616.0
2026-07-21 16:07:21.915,29.56,29.87,30.25,29.5,14.25,28.9,928.1,24.9,-40.0,1.0,1.0,0.0,0.0,0.0,616.0
2026-07-21 16:07:22.115,29.56,29.87,30.25,29.5,14.25,28.9,928.1,24.6,-40.0,1.0,1.0,0.0,0.0,0.0,617.0
2026-07-21 16:07:22.315,29.56,29.87,30.25,29.5,14.25,28.9,928.1,24.6,-40.0,1.0,1.0,0.0,0.0,0.0,617.0
2026-07-21 16:07:22.551,29.56,29.87,30.25,29.5,14.25,28.9,928.1,24.6,-40.0,1.0,1.0,0.0,0.0,0.0,617.0
2026-07-21 16:07:22.717,29.56,29.87,30.25,29.5,14.25,28.92,928.2,24.7,-40.0,1.0,1.0,0.0,0.0,0.0,617.0
2026-07-21 16:07:22.915,29.5,29.87,30.25,29.56,14.25,28.92,928.2,24.7,-40.0,1.0,1.0,0.0,0.0,0.0,617.0
2026-07-21 16:07:23.117,29.5,29.87,30.25,29.56,14.25,28.9,928.2,25.0,-40.0,1.0,1.0,0.0,0.0,0.0,618.0
2026-07-21 16:07:23.315,29.5,29.87,30.25,29.56,14.25,28.9,928.2,25.0,-40.0,1.0,1.0,0.0,0.0,0.0,618.0
2026-07-21 16:07:23.514,29.5,29.87,30.25,29.56,14.25,28.9,928.2,25.0,-40.0,1.0,1.0,0.0,0.0,0.0,618.0
2026-07-21 16:07:23.719,29.5,29.87,30.25,29.56,14.25,28.92,928.2,24.7,-40.0,1.0,1.0,0.0,0.0,0.0,618.0
2026-07-21 16:07:23.915,29.5,29.93,30.25,29.56,14.25,28.92,928.2,24.7,-40.0,1.0,1.0,0.0,0.0,0.0,618.0
2026-07-21 16:07:24.115,29.5,29.93,30.25,29.56,14.25,28.92,928.2,24.9,-40.0,1.0,1.0,0.0,0.0,0.0,619.0
2026-07-21 16:07:24.316,29.5,29.93,30.25,29.56,14.25,28.92,928.2,24.9,-40.0,1.0,1.0,0.0,0.0,0.0,619.0
2026-07-21 16:07:24.515,29.5,29.93,30.25,29.56,14.25,28.92,928.2,24.9,-40.0,1.0,1.0,0.0,0.0,0.0,619.0
2026-07-21 16:07:24.715,29.5,29.93,30.25,29.56,14.25,28.92,928.1,24.7,-40.0,1.0,1.0,0.0,0.0,0.0,619.0
2026-07-21 16:07:24.915,29.5,29.87,30.31,29.56,14.18,28.92,928.1,24.7,-40.0,1.0,1.0,0.0,0.0,0.0,619.0
2026-07-21 16:07:25.115,29.5,29.87,30.31,29.56,14.18,28.92,928.1,24.7,-40.0,1.0,1.0,0.0,0.0,0.0,620.0
2026-07-21 16:07:25.315,29.5,29.87,30.31,29.56,14.18,28.92,928.1,24.7,-40.0,1.0,1.0,0.0,0.0,0.0,620.0
2026-07-21 16:07:25.515,29.5,29.87,30.31,29.56,14.18,28.92,928.1,24.7,-40.0,1.0,1.0,0.0,0.0,0.0,620.0
2026-07-21 16:07:25.715,29.5,29.87,30.31,29.56,14.18,28.92,928.1,24.6,-40.0,1.0,1.0,0.0,0.0,0.0,620.0
2026-07-21 16:07:25.936,29.5,29.87,30.25,29.5,14.18,28.92,928.1,24.6,-40.0,1.0,1.0,0.0,0.0,0.0,620.0
2026-07-21 16:07:26.115,29.5,29.87,30.25,29.5,14.18,28.92,928.1,24.6,-40.0,1.0,1.0,0.0,0.0,0.0,621.0
2026-07-21 16:07:26.315,29.5,29.87,30.25,29.5,14.18,28.92,928.1,24.6,-40.0,1.0,1.0,0.0,0.0,0.0,621.0
2026-07-21 16:07:26.554,29.5,29.87,30.25,29.5,14.18,28.92,928.1,24.6,-40.0,1.0,1.0,0.0,0.0,0.0,621.0
2026-07-21 16:07:26.715,29.5,29.87,30.25,29.5,14.18,28.92,928.2,24.6,-40.0,1.0,1.0,0.0,0.0,0.0,621.0
2026-07-21 16:07:26.915,29.5,29.87,30.25,29.5,14.18,28.92,928.2,24.6,-40.0,1.0,1.0,0.0,0.0,0.0,621.0
2026-07-21 16:07:27.141,29.5,29.87,30.25,29.5,14.18,28.92,928.1,24.8,-40.0,1.0,1.0,0.0,0.0,0.0,622.0
2026-07-21 16:07:27.314,29.5,29.87,30.25,29.5,14.18,28.92,928.1,24.8,-40.0,1.0,1.0,0.0,0.0,0.0,622.0
2026-07-21 16:07:27.515,29.5,29.87,30.25,29.5,14.18,28.92,928.1,24.8,-40.0,1.0,1.0,0.0,0.0,0.0,622.0
2026-07-21 16:07:27.736,29.5,29.87,30.25,29.5,14.18,28.93,928.2,24.8,-40.0,1.0,1.0,0.0,0.0,0.0,622.0
2026-07-21 16:07:27.915,29.5,29.87,30.31,29.5,14.18,28.93,928.2,24.8,-40.0,1.0,1.0,0.0,0.0,0.0,622.0
2026-07-21 16:07:28.115,29.5,29.87,30.31,29.5,14.18,28.92,928.1,24.4,-40.0,1.0,1.0,0.0,0.0,0.0,623.0
2026-07-21 16:07:28.347,29.5,29.87,30.31,29.5,14.18,28.92,928.1,24.4,-40.0,1.0,1.0,0.0,0.0,0.0,623.0
2026-07-21 16:07:28.515,29.5,29.87,30.31,29.5,14.18,28.92,928.1,24.4,-40.0,1.0,1.0,0.0,0.0,0.0,623.0
2026-07-21 16:07:28.715,29.5,29.87,30.31,29.5,14.18,28.92,928.2,24.7,-40.0,1.0,1.0,0.0,0.0,0.0,623.0
2026-07-21 16:07:28.948,29.5,29.87,30.31,29.5,14.18,28.92,928.2,24.7,-40.0,1.0,1.0,0.0,0.0,0.0,623.0
2026-07-21 16:07:29.115,29.5,29.87,30.31,29.5,14.18,28.92,928.1,24.5,-40.0,1.0,1.0,0.0,0.0,0.0,624.0
2026-07-21 16:07:29.314,29.5,29.87,30.31,29.5,14.18,28.92,928.1,24.5,-40.0,1.0,1.0,0.0,0.0,0.0,624.0
2026-07-21 16:07:29.524,29.5,29.87,30.31,29.5,14.18,28.92,928.1,24.5,-40.0,1.0,1.0,0.0,0.0,0.0,624.0
2026-07-21 16:07:29.714,29.5,29.87,30.31,29.5,14.18,28.92,928.2,24.4,-40.0,1.0,1.0,0.0,0.0,0.0,624.0
2026-07-21 16:07:29.915,29.43,29.87,30.25,29.5,14.12,28.92,928.2,24.4,-40.0,1.0,1.0,0.0,0.0,0.0,624.0
2026-07-21 16:07:30.120,29.43,29.87,30.25,29.5,14.12,28.92,928.2,24.6,-40.0,1.0,1.0,0.0,0.0,0.0,625.0
2026-07-21 16:07:30.316,29.43,29.87,30.25,29.5,14.12,28.92,928.2,24.6,-40.0,1.0,1.0,0.0,0.0,0.0,625.0
2026-07-21 16:07:30.514,29.43,29.87,30.25,29.5,14.12,28.92,928.2,24.6,-40.0,1.0,1.0,0.0,0.0,0.0,625.0
2026-07-21 16:07:30.715,29.43,29.87,30.25,29.5,14.12,28.92,928.1,24.8,-40.0,1.0,1.0,0.0,0.0,0.0,625.0
2026-07-21 16:07:30.915,29.43,29.87,30.25,29.5,14.18,28.92,928.1,24.8,-40.0,1.0,1.0,0.0,0.0,0.0,625.0
2026-07-21 16:07:31.115,29.43,29.87,30.25,29.5,14.18,28.93,928.1,24.6,-40.0,1.0,1.0,0.0,0.0,0.0,626.0
2026-07-21 16:07:31.315,29.43,29.87,30.25,29.5,14.18,28.93,928.1,24.6,-40.0,1.0,1.0,0.0,0.0,0.0,626.0
2026-07-21 16:07:31.515,29.43,29.87,30.25,29.5,14.18,28.93,928.1,24.6,-40.0,1.0,1.0,0.0,0.0,0.0,626.0
2026-07-21 16:07:31.753,29.43,29.87,30.25,29.5,14.18,28.92,928.2,24.6,-40.0,1.0,1.0,0.0,0.0,0.0,626.0
2026-07-21 16:07:31.914,29.43,29.87,30.25,29.5,14.12,28.92,928.2,24.6,-40.0,1.0,1.0,0.0,0.0,0.0,626.0
2026-07-21 16:07:32.115,29.43,29.87,30.25,29.5,14.12,28.93,928.2,24.7,-40.0,1.0,1.0,0.0,0.0,0.0,627.0
2026-07-21 16:07:32.348,29.43,29.87,30.25,29.5,14.12,28.93,928.2,24.7,-40.0,1.0,1.0,0.0,0.0,0.0,627.0
2026-07-21 16:07:32.514,29.43,29.87,30.25,29.5,14.12,28.93,928.2,24.7,-40.0,1.0,1.0,0.0,0.0,0.0,627.0
2026-07-21 16:07:32.715,29.43,29.87,30.25,29.5,14.12,28.93,928.2,24.7,-40.0,1.0,1.0,0.0,0.0,0.0,627.0
2026-07-21 16:07:32.937,29.43,29.93,30.25,29.5,14.12,28.93,928.2,24.7,-40.0,1.0,1.0,0.0,0.0,0.0,627.0
2026-07-21 16:07:33.115,29.43,29.93,30.25,29.5,14.12,28.93,928.2,24.6,-40.0,1.0,1.0,0.0,0.0,0.0,628.0
2026-07-21 16:07:33.315,29.43,29.93,30.25,29.5,14.12,28.93,928.2,24.6,-40.0,1.0,1.0,0.0,0.0,0.0,628.0
2026-07-21 16:07:33.543,29.43,29.93,30.25,29.5,14.12,28.93,928.2,24.6,-40.0,1.0,1.0,0.0,0.0,0.0,628.0
2026-07-21 16:07:33.716,29.43,29.93,30.25,29.5,14.12,28.92,928.1,24.8,-40.0,1.0,1.0,0.0,0.0,0.0,628.0
2026-07-21 16:07:33.914,29.43,29.87,30.25,29.5,14.12,28.92,928.1,24.8,-40.0,1.0,1.0,0.0,0.0,0.0,628.0
2026-07-21 16:07:34.143,29.43,29.87,30.25,29.5,14.12,28.92,928.2,24.5,-40.0,1.0,1.0,0.0,0.0,0.0,629.0
2026-07-21 16:07:34.314,29.43,29.87,30.25,29.5,14.12,28.92,928.2,24.5,-40.0,1.0,1.0,0.0,0.0,0.0,629.0
2026-07-21 16:07:34.515,29.43,29.87,30.25,29.5,14.12,28.92,928.2,24.5,-40.0,1.0,1.0,0.0,0.0,0.0,629.0
2026-07-21 16:07:34.743,29.43,29.87,30.25,29.5,14.12,28.94,928.2,24.8,-40.0,1.0,1.0,0.0,0.0,0.0,629.0
2026-07-21 16:07:34.914,29.43,29.87,30.25,29.5,14.12,28.94,928.2,24.8,-40.0,1.0,1.0,0.0,0.0,0.0,629.0
2026-07-21 16:07:35.115,29.43,29.87,30.25,29.5,14.12,28.93,928.2,24.6,-40.0,1.0,1.0,0.0,0.0,0.0,630.0
2026-07-21 16:07:35.351,29.43,29.87,30.25,29.5,14.12,28.93,928.2,24.6,-40.0,1.0,1.0,0.0,0.0,0.0,630.0
2026-07-21 16:07:35.514,29.43,29.87,30.25,29.5,14.12,28.93,928.2,24.6,-40.0,1.0,1.0,0.0,0.0,0.0,630.0
2026-07-21 16:07:35.714,29.43,29.87,30.25,29.5,14.12,28.92,928.2,24.4,-40.0,1.0,1.0,0.0,0.0,0.0,630.0
2026-07-21 16:07:35.938,29.43,29.93,30.31,29.5,14.06,28.92,928.2,24.4,-40.0,1.0,1.0,0.0,0.0,0.0,630.0
2026-07-21 16:07:36.116,29.43,29.93,30.31,29.5,14.06,28.93,928.2,24.7,-40.0,1.0,1.0,0.0,0.0,0.0,631.0
2026-07-21 16:07:36.314,29.43,29.93,30.31,29.5,14.06,28.93,928.2,24.7,-40.0,1.0,1.0,0.0,0.0,0.0,631.0
2026-07-21 16:07:36.543,29.43,29.93,30.31,29.5,14.06,28.93,928.2,24.7,-40.0,1.0,1.0,0.0,0.0,0.0,631.0
2026-07-21 16:07:36.714,29.43,29.93,30.31,29.5,14.06,28.93,928.2,24.5,-40.0,1.0,1.0,0.0,0.0,0.0,631.0
2026-07-21 16:07:36.915,29.43,29.87,30.25,29.5,14.06,28.93,928.2,24.5,-40.0,1.0,1.0,0.0,0.0,0.0,631.0
2026-07-21 16:07:37.134,29.43,29.87,30.25,29.5,14.06,28.93,928.1,24.6,-40.0,1.0,1.0,0.0,0.0,0.0,632.0
2026-07-21 16:07:37.314,29.43,29.87,30.25,29.5,14.06,28.93,928.1,24.6,-40.0,1.0,1.0,0.0,0.0,0.0,632.0
2026-07-21 16:07:37.515,29.43,29.87,30.25,29.5,14.06,28.93,928.1,24.6,-40.0,1.0,1.0,0.0,0.0,0.0,632.0
2026-07-21 16:07:37.745,29.43,29.87,30.25,29.5,14.06,28.93,928.1,24.5,-40.0,1.0,1.0,0.0,0.0,0.0,632.0
2026-07-21 16:07:37.915,29.43,29.87,30.25,29.5,14.06,28.93,928.1,24.5,-40.0,1.0,1.0,0.0,0.0,0.0,632.0
2026-07-21 16:07:38.119,29.43,29.87,30.25,29.5,14.06,28.93,928.1,24.4,-40.0,1.0,1.0,0.0,0.0,0.0,633.0
2026-07-21 16:07:38.314,29.43,29.87,30.25,29.5,14.06,28.93,928.1,24.4,-40.0,1.0,1.0,0.0,0.0,0.0,633.0
2026-07-21 16:07:38.516,29.43,29.87,30.25,29.5,14.06,28.93,928.1,24.4,-40.0,1.0,1.0,0.0,0.0,0.0,633.0
2026-07-21 16:07:38.716,29.43,29.87,30.25,29.5,14.06,28.93,928.2,24.7,-40.0,1.0,1.0,0.0,0.0,0.0,633.0
2026-07-21 16:07:38.914,29.43,29.87,30.25,29.5,14.06,28.93,928.2,24.7,-40.0,1.0,1.0,0.0,0.0,0.0,633.0
2026-07-21 16:07:39.115,29.43,29.87,30.25,29.5,14.06,28.93,928.1,24.5,-40.0,1.0,1.0,0.0,0.0,0.0,634.0
2026-07-21 16:07:39.344,29.43,29.87,30.25,29.5,14.06,28.93,928.1,24.5,-40.0,1.0,1.0,0.0,0.0,0.0,634.0
2026-07-21 16:07:39.514,29.43,29.87,30.25,29.5,14.06,28.93,928.1,24.5,-40.0,1.0,1.0,0.0,0.0,0.0,634.0
2026-07-21 16:07:39.714,29.43,29.87,30.25,29.5,14.06,28.93,928.2,24.7,-40.0,1.0,1.0,0.0,0.0,0.0,634.0
2026-07-21 16:07:39.914,29.37,29.87,30.25,29.5,14.06,28.93,928.2,24.7,-40.0,1.0,1.0,0.0,0.0,0.0,634.0
2026-07-21 16:07:40.114,29.37,29.87,30.25,29.5,14.06,28.93,928.1,24.9,-40.0,1.0,1.0,0.0,0.0,0.0,635.0
2026-07-21 16:07:40.341,29.37,29.87,30.25,29.5,14.06,28.93,928.1,24.9,-40.0,1.0,1.0,0.0,0.0,0.0,635.0
2026-07-21 16:07:40.514,29.37,29.87,30.25,29.5,14.06,28.93,928.1,24.9,-40.0,1.0,1.0,0.0,0.0,0.0,635.0
2026-07-21 16:07:40.714,29.37,29.87,30.25,29.5,14.06,28.93,928.1,24.6,-40.0,1.0,1.0,0.0,0.0,0.0,635.0
2026-07-21 16:07:40.922,29.37,29.87,30.25,29.5,14.0,28.93,928.1,24.6,-40.0,1.0,1.0,0.0,0.0,0.0,635.0
2026-07-21 16:07:41.114,29.37,29.87,30.25,29.5,14.0,28.94,928.1,24.6,-40.0,1.0,1.0,0.0,0.0,0.0,636.0
2026-07-21 16:07:41.314,29.37,29.87,30.25,29.5,14.0,28.94,928.1,24.6,-40.0,1.0,1.0,0.0,0.0,0.0,636.0
2026-07-21 16:07:41.535,29.37,29.87,30.25,29.5,14.0,28.94,928.1,24.6,-40.0,1.0,1.0,0.0,0.0,0.0,636.0
2026-07-21 16:07:41.715,29.37,29.87,30.25,29.5,14.0,28.94,928.2,24.8,-40.0,1.0,1.0,0.0,0.0,0.0,636.0
2026-07-21 16:07:41.914,29.43,29.87,30.25,29.5,14.06,28.94,928.2,24.8,-40.0,1.0,1.0,0.0,0.0,0.0,636.0
2026-07-21 16:07:42.140,29.43,29.87,30.25,29.5,14.06,28.94,928.2,24.8,-40.0,1.0,1.0,0.0,0.0,0.0,637.0
2026-07-21 16:07:42.315,29.43,29.87,30.25,29.5,14.06,28.94,928.2,24.8,-40.0,1.0,1.0,0.0,0.0,0.0,637.0
2026-07-21 16:07:42.514,29.43,29.87,30.25,29.5,14.06,28.94,928.2,24.8,-40.0,1.0,1.0,0.0,0.0,0.0,637.0
2026-07-21 16:07:42.749,29.43,29.87,30.25,29.5,14.06,28.94,928.1,24.7,-40.0,1.0,1.0,0.0,0.0,0.0,637.0
2026-07-21 16:07:42.914,29.37,29.87,30.25,29.5,14.0,28.94,928.1,24.7,-40.0,1.0,1.0,0.0,0.0,0.0,637.0
2026-07-21 16:07:43.114,29.37,29.87,30.25,29.5,14.0,28.94,928.1,24.6,-40.0,1.0,1.0,0.0,0.0,0.0,638.0
2026-07-21 16:07:43.345,29.37,29.87,30.25,29.5,14.0,28.94,928.1,24.6,-40.0,1.0,1.0,0.0,0.0,0.0,638.0
2026-07-21 16:07:43.514,29.37,29.87,30.25,29.5,14.0,28.94,928.1,24.6,-40.0,1.0,1.0,0.0,0.0,0.0,638.0
2026-07-21 16:07:43.715,29.37,29.87,30.25,29.5,14.0,28.93,928.2,24.7,-40.0,1.0,1.0,0.0,0.0,0.0,638.0
2026-07-21 16:07:43.914,29.37,29.87,30.25,29.5,14.0,28.93,928.2,24.7,-40.0,1.0,1.0,0.0,0.0,0.0,638.0
2026-07-21 16:07:44.114,29.37,29.87,30.25,29.5,14.0,28.94,928.2,24.9,-40.0,1.0,1.0,0.0,0.0,0.0,639.0
2026-07-21 16:07:44.359,29.37,29.87,30.25,29.5,14.0,28.94,928.2,24.9,-40.0,1.0,1.0,0.0,0.0,0.0,639.0
2026-07-21 16:07:44.514,29.37,29.87,30.25,29.5,14.0,28.94,928.2,24.9,-40.0,1.0,1.0,0.0,0.0,0.0,639.0
2026-07-21 16:07:44.715,29.37,29.87,30.25,29.5,14.0,28.95,928.2,24.9,-40.0,1.0,1.0,0.0,0.0,0.0,639.0
2026-07-21 16:07:44.914,29.37,29.87,30.25,29.5,14.0,28.95,928.2,24.9,-40.0,1.0,1.0,0.0,0.0,0.0,639.0
2026-07-21 16:07:45.114,29.37,29.87,30.25,29.5,14.0,28.94,928.1,24.6,-40.0,1.0,1.0,0.0,0.0,0.0,640.0
2026-07-21 16:07:45.357,29.37,29.87,30.25,29.5,14.0,28.94,928.1,24.6,-40.0,1.0,1.0,0.0,0.0,0.0,640.0
2026-07-21 16:07:45.514,29.37,29.87,30.25,29.5,14.0,28.94,928.1,24.6,-40.0,1.0,1.0,0.0,0.0,0.0,640.0
2026-07-21 16:07:45.714,29.37,29.87,30.25,29.5,14.0,28.95,928.1,25.0,-40.0,1.0,1.0,0.0,0.0,0.0,640.0
2026-07-21 16:07:45.914,29.37,29.87,30.25,29.5,13.93,28.95,928.1,25.0,-40.0,1.0,1.0,0.0,0.0,0.0,640.0
2026-07-21 16:07:46.114,29.37,29.87,30.25,29.5,13.93,28.95,928.2,24.7,-40.0,1.0,1.0,0.0,0.0,0.0,641.0
2026-07-21 16:07:46.353,29.37,29.87,30.25,29.5,13.93,28.95,928.2,24.7,-40.0,1.0,1.0,0.0,0.0,0.0,641.0
2026-07-21 16:07:46.514,29.37,29.87,30.25,29.5,13.93,28.95,928.2,24.7,-40.0,1.0,1.0,0.0,0.0,0.0,641.0
2026-07-21 16:07:46.715,29.37,29.87,30.25,29.5,13.93,28.94,928.2,24.5,-40.0,1.0,1.0,0.0,0.0,0.0,641.0
2026-07-21 16:07:46.956,29.37,29.87,30.25,29.56,13.93,28.94,928.2,24.5,-40.0,1.0,1.0,0.0,0.0,0.0,641.0
2026-07-21 16:07:47.114,29.37,29.87,30.25,29.56,13.93,28.94,928.2,25.1,-40.0,1.0,1.0,0.0,0.0,0.0,642.0
2026-07-21 16:07:47.315,29.37,29.87,30.25,29.56,13.93,28.94,928.2,25.1,-40.0,1.0,1.0,0.0,0.0,0.0,642.0
2026-07-21 16:07:47.514,29.37,29.87,30.25,29.56,13.93,28.94,928.2,25.1,-40.0,1.0,1.0,0.0,0.0,0.0,642.0
2026-07-21 16:07:47.715,29.37,29.87,30.25,29.56,13.93,28.94,928.1,24.9,-40.0,1.0,1.0,0.0,0.0,0.0,642.0
2026-07-21 16:07:47.951,29.37,29.87,30.25,29.56,14.0,28.94,928.1,24.9,-40.0,1.0,1.0,0.0,0.0,0.0,642.0
2026-07-21 16:07:48.114,29.37,29.87,30.25,29.56,14.0,28.93,928.1,24.7,-40.0,1.0,1.0,0.0,0.0,0.0,643.0
2026-07-21 16:07:48.315,29.37,29.87,30.25,29.56,14.0,28.93,928.1,24.7,-40.0,1.0,1.0,0.0,0.0,0.0,643.0
2026-07-21 16:07:48.514,29.37,29.87,30.25,29.56,14.0,28.93,928.1,24.7,-40.0,1.0,1.0,0.0,0.0,0.0,643.0
2026-07-21 16:07:48.714,29.37,29.87,30.25,29.56,14.0,28.94,928.2,24.9,-40.0,1.0,1.0,0.0,0.0,0.0,643.0
2026-07-21 16:07:48.955,29.37,29.87,30.25,29.5,13.93,28.94,928.2,24.9,-40.0,1.0,1.0,0.0,0.0,0.0,643.0
2026-07-21 16:07:49.115,29.37,29.87,30.25,29.5,13.93,28.95,928.2,24.7,-40.0,1.0,1.0,0.0,0.0,0.0,644.0
2026-07-21 16:07:49.314,29.37,29.87,30.25,29.5,13.93,28.95,928.2,24.7,-40.0,1.0,1.0,0.0,0.0,0.0,644.0
2026-07-21 16:07:49.514,29.37,29.87,30.25,29.5,13.93,28.95,928.2,24.7,-40.0,1.0,1.0,0.0,0.0,0.0,644.0
2026-07-21 16:07:49.714,29.37,29.87,30.25,29.5,13.93,28.94,928.1,24.7,-40.0,1.0,1.0,0.0,0.0,0.0,644.0
2026-07-21 16:07:49.914,29.37,29.87,30.25,29.56,13.93,28.94,928.1,24.7,-40.0,1.0,1.0,0.0,0.0,0.0,644.0
2026-07-21 16:07:50.114,29.37,29.87,30.25,29.56,13.93,28.94,928.1,24.5,-40.0,1.0,1.0,0.0,0.0,0.0,645.0
2026-07-21 16:07:50.314,29.37,29.87,30.25,29.56,13.93,28.94,928.1,24.5,-40.0,1.0,1.0,0.0,0.0,0.0,645.0
2026-07-21 16:07:50.514,29.37,29.87,30.25,29.56,13.93,28.94,928.1,24.5,-40.0,1.0,1.0,0.0,0.0,0.0,645.0
2026-07-21 16:07:50.734,29.37,29.87,30.25,29.56,13.93,28.94,928.2,24.9,-40.0,1.0,1.0,0.0,0.0,0.0,645.0
2026-07-21 16:07:50.914,29.37,29.87,30.25,29.5,13.93,28.94,928.2,24.9,-40.0,1.0,1.0,0.0,0.0,0.0,645.0
2026-07-21 16:07:51.115,29.37,29.87,30.25,29.5,13.93,28.95,928.2,24.5,-40.0,1.0,1.0,0.0,0.0,0.0,646.0
2026-07-21 16:07:51.345,29.37,29.87,30.25,29.5,13.93,28.95,928.2,24.5,-40.0,1.0,1.0,0.0,0.0,0.0,646.0
2026-07-21 16:07:51.514,29.37,29.87,30.25,29.5,13.93,28.95,928.2,24.5,-40.0,1.0,1.0,0.0,0.0,0.0,646.0
2026-07-21 16:07:51.714,29.37,29.87,30.25,29.5,13.93,28.94,928.1,24.7,-40.0,1.0,1.0,0.0,0.0,0.0,646.0
2026-07-21 16:07:51.914,29.37,29.87,30.25,29.56,13.93,28.94,928.1,24.7,-40.0,1.0,1.0,0.0,0.0,0.0,646.0
2026-07-21 16:07:52.114,29.37,29.87,30.25,29.56,13.93,28.95,928.1,24.9,-40.0,1.0,1.0,0.0,0.0,0.0,647.0
2026-07-21 16:07:52.355,29.37,29.87,30.25,29.56,13.93,28.95,928.1,24.9,-40.0,1.0,1.0,0.0,0.0,0.0,647.0
2026-07-21 16:07:52.514,29.37,29.87,30.25,29.56,13.93,28.95,928.1,24.9,-40.0,1.0,1.0,0.0,0.0,0.0,647.0
2026-07-21 16:07:52.715,29.37,29.87,30.25,29.56,13.93,28.94,928.1,24.8,-40.0,1.0,1.0,0.0,0.0,0.0,647.0
2026-07-21 16:07:52.915,29.37,29.87,30.25,29.5,13.93,28.94,928.1,24.8,-40.0,1.0,1.0,0.0,0.0,0.0,647.0
2026-07-21 16:07:53.114,29.37,29.87,30.25,29.5,13.93,28.94,928.1,24.5,-40.0,1.0,1.0,0.0,0.0,0.0,648.0
2026-07-21 16:07:53.314,29.37,29.87,30.25,29.5,13.93,28.94,928.1,24.5,-40.0,1.0,1.0,0.0,0.0,0.0,648.0
2026-07-21 16:07:53.516,29.37,29.87,30.25,29.5,13.93,28.94,928.1,24.5,-40.0,1.0,1.0,0.0,0.0,0.0,648.0
2026-07-21 16:07:53.713,29.37,29.87,30.25,29.5,13.93,28.94,928.2,24.6,-40.0,1.0,1.0,0.0,0.0,0.0,648.0
2026-07-21 16:07:53.914,29.37,29.87,30.25,29.56,13.87,28.94,928.2,24.6,-40.0,1.0,1.0,0.0,0.0,0.0,648.0
2026-07-21 16:07:54.114,29.37,29.87,30.25,29.56,13.87,28.94,928.2,24.7,-40.0,1.0,1.0,0.0,0.0,0.0,649.0
2026-07-21 16:07:54.314,29.37,29.87,30.25,29.56,13.87,28.94,928.2,24.7,-40.0,1.0,1.0,0.0,0.0,0.0,649.0
2026-07-21 16:07:54.514,29.37,29.87,30.25,29.56,13.87,28.94,928.2,24.7,-40.0,1.0,1.0,0.0,0.0,0.0,649.0
2026-07-21 16:07:54.715,29.37,29.87,30.25,29.56,13.87,28.93,928.2,24.8,-40.0,1.0,1.0,0.0,0.0,0.0,649.0
2026-07-21 16:07:54.936,29.37,29.87,30.25,29.5,13.87,28.93,928.2,24.8,-40.0,1.0,1.0,0.0,0.0,0.0,649.0
2026-07-21 16:07:55.115,29.37,29.87,30.25,29.5,13.87,28.94,928.2,24.5,-40.0,1.0,1.0,0.0,0.0,0.0,650.0
2026-07-21 16:07:55.313,29.37,29.87,30.25,29.5,13.87,28.94,928.2,24.5,-40.0,1.0,1.0,0.0,0.0,0.0,650.0
2026-07-21 16:07:55.515,29.37,29.87,30.25,29.5,13.87,28.94,928.2,24.5,-40.0,1.0,1.0,0.0,0.0,0.0,650.0
2026-07-21 16:07:55.715,29.37,29.87,30.25,29.5,13.87,28.95,928.1,24.8,-40.0,1.0,1.0,0.0,0.0,0.0,650.0
2026-07-21 16:07:55.915,29.37,29.93,30.25,29.5,13.87,28.95,928.1,24.8,-40.0,1.0,1.0,0.0,0.0,0.0,650.0
2026-07-21 16:07:56.115,29.37,29.93,30.25,29.5,13.87,28.94,928.2,24.6,-40.0,1.0,1.0,0.0,0.0,0.0,651.0
2026-07-21 16:07:56.314,29.37,29.93,30.25,29.5,13.87,28.94,928.2,24.6,-40.0,1.0,1.0,0.0,0.0,0.0,651.0
2026-07-21 16:07:56.514,29.37,29.93,30.25,29.5,13.87,28.94,928.2,24.6,-40.0,1.0,1.0,0.0,0.0,0.0,651.0
2026-07-21 16:07:56.714,29.37,29.93,30.25,29.5,13.87,28.94,928.1,24.8,-40.0,1.0,1.0,0.0,0.0,0.0,651.0
2026-07-21 16:07:56.914,29.31,29.87,30.31,29.56,13.87,28.94,928.1,24.8,-40.0,1.0,1.0,0.0,0.0,0.0,651.0
2026-07-21 16:07:57.114,29.31,29.87,30.31,29.56,13.87,28.94,928.2,24.5,-40.0,1.0,1.0,0.0,0.0,0.0,652.0
2026-07-21 16:07:57.314,29.31,29.87,30.31,29.56,13.87,28.94,928.2,24.5,-40.0,1.0,1.0,0.0,0.0,0.0,652.0
2026-07-21 16:07:57.515,29.31,29.87,30.31,29.56,13.87,28.94,928.2,24.5,-40.0,1.0,1.0,0.0,0.0,0.0,652.0
2026-07-21 16:07:57.731,29.31,29.87,30.31,29.56,13.87,28.94,928.2,24.5,-40.0,1.0,1.0,0.0,0.0,0.0,652.0
2026-07-21 16:07:57.914,29.31,29.87,30.25,29.56,13.87,28.94,928.2,24.5,-40.0,1.0,1.0,0.0,0.0,0.0,652.0
2026-07-21 16:07:58.113,29.31,29.87,30.25,29.56,13.87,28.94,928.2,25.0,-40.0,1.0,1.0,0.0,0.0,0.0,653.0
2026-07-21 16:07:58.324,29.31,29.87,30.25,29.56,13.87,28.94,928.2,25.0,-40.0,1.0,1.0,0.0,0.0,0.0,653.0
2026-07-21 16:07:58.515,29.31,29.87,30.25,29.56,13.87,28.94,928.2,25.0,-40.0,1.0,1.0,0.0,0.0,0.0,653.0
2026-07-21 16:07:58.713,29.31,29.87,30.25,29.56,13.87,28.95,928.2,24.6,-40.0,1.0,1.0,0.0,0.0,0.0,653.0
2026-07-21 16:07:58.934,29.31,29.87,30.25,29.56,13.87,28.95,928.2,24.6,-40.0,1.0,1.0,0.0,0.0,0.0,653.0
2026-07-21 16:07:59.113,29.31,29.87,30.25,29.56,13.87,28.93,928.2,24.4,-40.0,1.0,1.0,0.0,0.0,0.0,654.0
2026-07-21 16:07:59.314,29.31,29.87,30.25,29.56,13.87,28.93,928.2,24.4,-40.0,1.0,1.0,0.0,0.0,0.0,654.0
2026-07-21 16:07:59.526,29.31,29.87,30.25,29.56,13.87,28.93,928.2,24.4,-40.0,1.0,1.0,0.0,0.0,0.0,654.0
2026-07-21 16:07:59.713,29.31,29.87,30.25,29.56,13.87,28.94,928.1,24.7,-40.0,1.0,1.0,0.0,0.0,0.0,654.0
2026-07-21 16:07:59.914,29.31,29.81,30.25,29.56,13.87,28.94,928.1,24.7,-40.0,1.0,1.0,0.0,0.0,0.0,654.0
2026-07-21 16:08:00.132,29.31,29.81,30.25,29.56,13.87,28.94,928.1,24.9,-40.0,1.0,1.0,0.0,0.0,0.0,655.0
2026-07-21 16:08:00.313,29.31,29.81,30.25,29.56,13.87,28.94,928.1,24.9,-40.0,1.0,1.0,0.0,0.0,0.0,655.0
2026-07-21 16:08:00.514,29.31,29.81,30.25,29.56,13.87,28.94,928.1,24.9,-40.0,1.0,1.0,0.0,0.0,0.0,655.0
2026-07-21 16:08:00.714,29.31,29.81,30.25,29.56,13.87,28.95,928.1,24.8,-40.0,1.0,1.0,0.0,0.0,0.0,655.0
2026-07-21 16:08:00.913,29.31,29.87,30.25,29.56,13.87,28.95,928.1,24.8,-40.0,1.0,1.0,0.0,0.0,0.0,655.0
2026-07-21 16:08:01.114,29.31,29.87,30.25,29.56,13.87,28.95,928.2,24.9,-40.0,1.0,1.0,0.0,0.0,0.0,656.0
2026-07-21 16:08:01.314,29.31,29.87,30.25,29.56,13.87,28.95,928.2,24.9,-40.0,1.0,1.0,0.0,0.0,0.0,656.0
2026-07-21 16:08:01.513,29.31,29.87,30.25,29.56,13.87,28.95,928.2,24.9,-40.0,1.0,1.0,0.0,0.0,0.0,656.0
2026-07-21 16:08:01.714,29.31,29.87,30.25,29.56,13.87,28.94,928.2,24.8,-40.0,1.0,1.0,0.0,0.0,0.0,656.0
2026-07-21 16:08:01.913,29.31,29.87,30.31,29.5,13.87,28.94,928.2,24.8,-40.0,1.0,1.0,0.0,0.0,0.0,656.0
2026-07-21 16:08:02.114,29.31,29.87,30.31,29.5,13.87,28.94,928.1,24.8,-40.0,1.0,1.0,0.0,0.0,0.0,657.0
2026-07-21 16:08:02.313,29.31,29.87,30.31,29.5,13.87,28.94,928.1,24.8,-40.0,1.0,1.0,0.0,0.0,0.0,657.0
2026-07-21 16:08:02.514,29.31,29.87,30.31,29.5,13.87,28.94,928.1,24.8,-40.0,1.0,1.0,0.0,0.0,0.0,657.0
2026-07-21 16:08:02.713,29.31,29.87,30.31,29.5,13.87,28.94,928.1,24.7,-40.0,1.0,1.0,0.0,0.0,0.0,657.0
2026-07-21 16:08:02.914,29.31,29.87,30.25,29.56,13.81,28.94,928.1,24.7,-40.0,1.0,1.0,0.0,0.0,0.0,657.0
2026-07-21 16:08:03.130,29.31,29.87,30.25,29.56,13.81,28.94,928.1,24.7,-40.0,1.0,1.0,0.0,0.0,0.0,658.0
2026-07-21 16:08:03.316,29.31,29.87,30.25,29.56,13.81,28.94,928.1,24.7,-40.0,1.0,1.0,0.0,0.0,0.0,658.0
2026-07-21 16:08:03.513,29.31,29.87,30.25,29.56,13.81,28.94,928.1,24.7,-40.0,1.0,1.0,0.0,0.0,0.0,658.0
2026-07-21 16:08:03.716,29.31,29.87,30.25,29.56,13.81,28.94,928.1,24.4,-40.0,1.0,1.0,0.0,0.0,0.0,658.0
2026-07-21 16:08:03.914,29.31,29.87,30.25,29.56,13.81,28.94,928.1,24.4,-40.0,1.0,1.0,0.0,0.0,0.0,658.0
2026-07-21 16:08:04.113,29.31,29.87,30.25,29.56,13.81,28.95,928.2,24.2,-40.0,1.0,1.0,0.0,0.0,0.0,659.0
2026-07-21 16:08:04.323,29.31,29.87,30.25,29.56,13.81,28.95,928.2,24.2,-40.0,1.0,1.0,0.0,0.0,0.0,659.0
2026-07-21 16:08:04.513,29.31,29.87,30.25,29.56,13.81,28.95,928.2,24.2,-40.0,1.0,1.0,0.0,0.0,0.0,659.0
2026-07-21 16:08:04.713,29.31,29.87,30.25,29.56,13.81,28.94,928.1,24.8,-40.0,1.0,1.0,0.0,0.0,0.0,659.0
2026-07-21 16:08:04.913,29.31,29.87,30.25,29.56,13.87,28.94,928.1,24.8,-40.0,1.0,1.0,0.0,0.0,0.0,659.0
2026-07-21 16:08:05.114,29.31,29.87,30.25,29.56,13.87,28.95,928.1,24.6,-40.0,1.0,1.0,0.0,0.0,0.0,660.0
2026-07-21 16:08:05.314,29.31,29.87,30.25,29.56,13.87,28.95,928.1,24.6,-40.0,1.0,1.0,0.0,0.0,0.0,660.0
2026-07-21 16:08:05.514,29.31,29.87,30.25,29.56,13.87,28.95,928.1,24.6,-40.0,1.0,1.0,0.0,0.0,0.0,660.0
2026-07-21 16:08:05.714,29.31,29.87,30.25,29.56,13.87,28.94,928.2,24.4,-40.0,1.0,1.0,0.0,0.0,0.0,660.0
2026-07-21 16:08:05.914,29.31,29.87,30.25,29.56,13.81,28.94,928.2,24.4,-40.0,1.0,1.0,0.0,0.0,0.0,660.0
2026-07-21 16:08:06.114,29.31,29.87,30.25,29.56,13.81,28.95,928.2,24.5,-40.0,1.0,1.0,0.0,0.0,0.0,661.0
2026-07-21 16:08:06.314,29.31,29.87,30.25,29.56,13.81,28.95,928.2,24.5,-40.0,1.0,1.0,0.0,0.0,0.0,661.0
2026-07-21 16:08:06.514,29.31,29.87,30.25,29.56,13.81,28.95,928.2,24.5,-40.0,1.0,1.0,0.0,0.0,0.0,661.0
2026-07-21 16:08:06.713,29.31,29.87,30.25,29.56,13.81,28.94,928.1,24.9,-40.0,1.0,1.0,0.0,0.0,0.0,661.0
2026-07-21 16:08:06.934,29.31,29.87,30.25,29.56,13.81,28.94,928.1,24.9,-40.0,1.0,1.0,0.0,0.0,0.0,661.0
2026-07-21 16:08:07.114,29.31,29.87,30.25,29.56,13.81,28.94,928.1,24.7,-40.0,1.0,1.0,0.0,0.0,0.0,662.0
2026-07-21 16:08:07.314,29.31,29.87,30.25,29.56,13.81,28.94,928.1,24.7,-40.0,1.0,1.0,0.0,0.0,0.0,662.0
2026-07-21 16:08:07.552,29.31,29.87,30.25,29.56,13.81,28.94,928.1,24.7,-40.0,1.0,1.0,0.0,0.0,0.0,662.0
2026-07-21 16:08:07.714,29.31,29.87,30.25,29.56,13.81,28.94,928.2,24.8,-40.0,1.0,1.0,0.0,0.0,0.0,662.0
2026-07-21 16:08:07.913,29.31,29.87,30.25,29.56,13.81,28.94,928.2,24.8,-40.0,1.0,1.0,0.0,0.0,0.0,662.0
2026-07-21 16:08:08.113,29.31,29.87,30.25,29.56,13.81,28.94,928.2,24.6,-40.0,1.0,1.0,0.0,0.0,0.0,663.0
2026-07-21 16:08:08.313,29.31,29.87,30.25,29.56,13.81,28.94,928.2,24.6,-40.0,1.0,1.0,0.0,0.0,0.0,663.0
2026-07-21 16:08:08.547,29.31,29.87,30.25,29.56,13.81,28.94,928.2,24.6,-40.0,1.0,1.0,0.0,0.0,0.0,663.0
2026-07-21 16:08:08.714,29.31,29.87,30.25,29.56,13.81,28.95,928.2,24.9,-40.0,1.0,1.0,0.0,0.0,0.0,663.0
2026-07-21 16:08:08.953,29.31,29.81,30.25,29.56,13.81,28.95,928.2,24.9,-40.0,1.0,1.0,0.0,0.0,0.0,663.0
2026-07-21 16:08:09.114,29.31,29.81,30.25,29.56,13.81,28.95,928.1,24.6,-40.0,1.0,1.0,0.0,0.0,0.0,664.0
2026-07-21 16:08:09.313,29.31,29.81,30.25,29.56,13.81,28.95,928.1,24.6,-40.0,1.0,1.0,0.0,0.0,0.0,664.0
2026-07-21 16:08:09.514,29.31,29.81,30.25,29.56,13.81,28.95,928.1,24.6,-40.0,1.0,1.0,0.0,0.0,0.0,664.0
2026-07-21 16:08:09.714,29.31,29.81,30.25,29.56,13.81,28.94,928.2,24.5,-40.0,1.0,1.0,0.0,0.0,0.0,664.0
2026-07-21 16:08:09.950,29.31,29.87,30.25,29.56,13.81,28.94,928.2,24.5,-40.0,1.0,1.0,0.0,0.0,0.0,664.0
2026-07-21 16:08:10.114,29.31,29.87,30.25,29.56,13.81,28.95,928.2,24.6,-40.0,1.0,1.0,0.0,0.0,0.0,665.0
2026-07-21 16:08:10.313,29.31,29.87,30.25,29.56,13.81,28.95,928.2,24.6,-40.0,1.0,1.0,0.0,0.0,0.0,665.0
2026-07-21 16:08:10.517,29.31,29.87,30.25,29.56,13.81,28.95,928.2,24.6,-40.0,1.0,1.0,0.0,0.0,0.0,665.0
2026-07-21 16:08:10.713,29.31,29.87,30.25,29.56,13.81,28.94,928.2,24.8,-40.0,1.0,1.0,0.0,0.0,0.0,665.0
2026-07-21 16:08:10.913,29.25,29.87,30.25,29.56,13.81,28.94,928.2,24.8,-40.0,1.0,1.0,0.0,0.0,0.0,665.0
2026-07-21 16:08:11.123,29.25,29.87,30.25,29.56,13.81,28.95,928.2,24.7,-40.0,1.0,1.0,0.0,0.0,0.0,666.0
2026-07-21 16:08:11.313,29.25,29.87,30.25,29.56,13.81,28.95,928.2,24.7,-40.0,1.0,1.0,0.0,0.0,0.0,666.0
2026-07-21 16:08:11.514,29.25,29.87,30.25,29.56,13.81,28.95,928.2,24.7,-40.0,1.0,1.0,0.0,0.0,0.0,666.0
2026-07-21 16:08:11.713,29.25,29.87,30.25,29.56,13.81,28.94,928.1,24.7,-40.0,1.0,1.0,0.0,0.0,0.0,666.0
2026-07-21 16:08:11.914,29.31,29.87,30.25,29.56,13.81,28.94,928.1,24.7,-40.0,1.0,1.0,0.0,0.0,0.0,666.0
2026-07-21 16:08:12.113,29.31,29.87,30.25,29.56,13.81,28.94,928.1,24.8,-40.0,1.0,1.0,0.0,0.0,0.0,667.0
2026-07-21 16:08:12.313,29.31,29.87,30.25,29.56,13.81,28.94,928.1,24.8,-40.0,1.0,1.0,0.0,0.0,0.0,667.0
2026-07-21 16:08:12.513,29.31,29.87,30.25,29.56,13.81,28.94,928.1,24.8,-40.0,1.0,1.0,0.0,0.0,0.0,667.0
2026-07-21 16:08:12.743,29.31,29.87,30.25,29.56,13.81,28.95,928.2,24.6,-40.0,1.0,1.0,0.0,0.0,0.0,667.0
2026-07-21 16:08:12.915,29.31,29.87,30.25,29.56,13.81,28.95,928.2,24.6,-40.0,1.0,1.0,0.0,0.0,0.0,667.0
2026-07-21 16:08:13.113,29.31,29.87,30.25,29.56,13.81,28.94,928.2,24.7,-40.0,1.0,1.0,0.0,0.0,0.0,668.0
2026-07-21 16:08:13.314,29.31,29.87,30.25,29.56,13.81,28.94,928.2,24.7,-40.0,1.0,1.0,0.0,0.0,0.0,668.0
2026-07-21 16:08:13.513,29.31,29.87,30.25,29.56,13.81,28.94,928.2,24.7,-40.0,1.0,1.0,0.0,0.0,0.0,668.0
2026-07-21 16:08:13.724,29.31,29.87,30.25,29.56,13.81,28.95,928.2,24.8,-40.0,1.0,1.0,0.0,0.0,0.0,668.0
2026-07-21 16:08:13.914,29.31,29.87,30.18,29.56,13.75,28.95,928.2,24.8,-40.0,1.0,1.0,0.0,0.0,0.0,668.0
2026-07-21 16:08:14.114,29.31,29.87,30.18,29.56,13.75,28.95,928.2,24.6,-40.0,1.0,1.0,0.0,0.0,0.0,669.0
2026-07-21 16:08:14.336,29.31,29.87,30.18,29.56,13.75,28.95,928.2,24.6,-40.0,1.0,1.0,0.0,0.0,0.0,669.0
2026-07-21 16:08:14.513,29.31,29.87,30.18,29.56,13.75,28.95,928.2,24.6,-40.0,1.0,1.0,0.0,0.0,0.0,669.0
2026-07-21 16:08:14.713,29.31,29.87,30.18,29.56,13.75,28.95,928.2,24.9,-40.0,1.0,1.0,0.0,0.0,0.0,669.0
2026-07-21 16:08:14.930,29.31,29.87,30.25,29.56,13.81,28.95,928.2,24.9,-40.0,1.0,1.0,0.0,0.0,0.0,669.0
2026-07-21 16:08:15.113,29.31,29.87,30.25,29.56,13.81,28.95,928.2,24.8,-40.0,1.0,1.0,0.0,0.0,0.0,670.0
2026-07-21 16:08:15.313,29.31,29.87,30.25,29.56,13.81,28.95,928.2,24.8,-40.0,1.0,1.0,0.0,0.0,0.0,670.0
2026-07-21 16:08:15.518,29.31,29.87,30.25,29.56,13.81,28.95,928.2,24.8,-40.0,1.0,1.0,0.0,0.0,0.0,670.0
2026-07-21 16:08:15.714,29.31,29.87,30.25,29.56,13.81,28.94,928.2,25.0,-40.0,1.0,1.0,0.0,0.0,0.0,670.0
2026-07-21 16:08:15.913,29.25,29.81,30.25,29.56,13.75,28.94,928.2,25.0,-40.0,1.0,1.0,0.0,0.0,0.0,670.0
2026-07-21 16:08:16.113,29.25,29.81,30.25,29.56,13.75,28.95,928.2,24.8,-40.0,1.0,1.0,0.0,0.0,0.0,671.0
2026-07-21 16:08:16.314,29.25,29.81,30.25,29.56,13.75,28.95,928.2,24.8,-40.0,1.0,1.0,0.0,0.0,0.0,671.0
2026-07-21 16:08:16.541,29.25,29.81,30.25,29.56,13.75,28.95,928.2,24.8,-40.0,1.0,1.0,0.0,0.0,0.0,671.0
2026-07-21 16:08:16.714,29.25,29.81,30.25,29.56,13.75,28.95,928.1,24.9,-40.0,1.0,1.0,0.0,0.0,0.0,671.0
2026-07-21 16:08:16.913,29.25,29.87,30.25,29.62,13.75,28.95,928.1,24.9,-40.0,1.0,1.0,0.0,0.0,0.0,671.0
2026-07-21 16:08:17.126,29.25,29.87,30.25,29.62,13.75,28.94,928.2,24.7,-40.0,1.0,1.0,0.0,0.0,0.0,672.0
2026-07-21 16:08:17.314,29.25,29.87,30.25,29.62,13.75,28.94,928.2,24.7,-40.0,1.0,1.0,0.0,0.0,0.0,672.0
2026-07-21 16:08:17.513,29.25,29.87,30.25,29.62,13.75,28.94,928.2,24.7,-40.0,1.0,1.0,0.0,0.0,0.0,672.0
2026-07-21 16:08:17.713,29.25,29.87,30.25,29.62,13.75,28.95,928.1,24.9,-40.0,1.0,1.0,0.0,0.0,0.0,672.0
2026-07-21 16:08:17.913,29.25,29.87,30.31,29.62,13.75,28.95,928.1,24.9,-40.0,1.0,1.0,0.0,0.0,0.0,672.0
2026-07-21 16:08:18.114,29.25,29.87,30.31,29.62,13.75,28.94,928.2,24.8,-40.0,1.0,1.0,0.0,0.0,0.0,673.0
2026-07-21 16:08:18.313,29.25,29.87,30.31,29.62,13.75,28.94,928.2,24.8,-40.0,1.0,1.0,0.0,0.0,0.0,673.0
2026-07-21 16:08:18.512,29.25,29.87,30.31,29.62,13.75,28.94,928.2,24.8,-40.0,1.0,1.0,0.0,0.0,0.0,673.0
2026-07-21 16:08:18.747,29.25,29.87,30.31,29.62,13.75,28.95,928.2,24.9,-40.0,1.0,1.0,0.0,0.0,0.0,673.0
2026-07-21 16:08:18.913,29.25,29.87,30.25,29.62,13.81,28.95,928.2,24.9,-40.0,1.0,1.0,0.0,0.0,0.0,673.0
2026-07-21 16:08:19.113,29.25,29.87,30.25,29.62,13.81,28.95,928.2,24.7,-40.0,1.0,1.0,0.0,0.0,0.0,674.0
2026-07-21 16:08:19.334,29.25,29.87,30.25,29.62,13.81,28.95,928.2,24.7,-40.0,1.0,1.0,0.0,0.0,0.0,674.0
2026-07-21 16:08:19.512,29.25,29.87,30.25,29.62,13.81,28.95,928.2,24.7,-40.0,1.0,1.0,0.0,0.0,0.0,674.0
2026-07-21 16:08:19.713,29.25,29.87,30.25,29.62,13.81,28.94,928.1,25.1,-40.0,1.0,1.0,0.0,0.0,0.0,674.0
2026-07-21 16:08:19.912,29.25,29.81,30.25,29.62,13.75,28.94,928.1,25.1,-40.0,1.0,1.0,0.0,0.0,0.0,674.0
2026-07-21 16:08:20.113,29.25,29.81,30.25,29.62,13.75,28.94,928.1,24.7,-40.0,1.0,1.0,0.0,0.0,0.0,675.0
2026-07-21 16:08:20.316,29.25,29.81,30.25,29.62,13.75,28.94,928.1,24.7,-40.0,1.0,1.0,0.0,0.0,0.0,675.0
2026-07-21 16:08:20.513,29.25,29.81,30.25,29.62,13.75,28.94,928.1,24.7,-40.0,1.0,1.0,0.0,0.0,0.0,675.0
2026-07-21 16:08:20.713,29.25,29.81,30.25,29.62,13.75,28.95,928.2,25.1,-40.0,1.0,1.0,0.0,0.0,0.0,675.0
2026-07-21 16:08:20.913,29.25,29.87,30.25,29.56,13.75,28.95,928.2,25.1,-40.0,1.0,1.0,0.0,0.0,0.0,675.0
2026-07-21 16:08:21.114,29.25,29.87,30.25,29.56,13.75,28.93,928.1,24.9,-40.0,1.0,1.0,0.0,0.0,0.0,676.0
2026-07-21 16:08:21.313,29.25,29.87,30.25,29.56,13.75,28.93,928.1,24.9,-40.0,1.0,1.0,0.0,0.0,0.0,676.0
2026-07-21 16:08:21.532,29.25,29.87,30.25,29.56,13.75,28.93,928.1,24.9,-40.0,1.0,1.0,0.0,0.0,0.0,676.0
2026-07-21 16:08:21.713,29.25,29.87,30.25,29.56,13.75,28.95,928.2,24.8,-40.0,1.0,1.0,0.0,0.0,0.0,676.0
2026-07-21 16:08:21.912,29.25,29.81,30.25,29.56,13.68,28.95,928.2,24.8,-40.0,1.0,1.0,0.0,0.0,0.0,676.0
2026-07-21 16:08:22.112,29.25,29.81,30.25,29.56,13.68,28.95,928.2,25.1,-40.0,1.0,1.0,0.0,0.0,0.0,677.0
2026-07-21 16:08:22.312,29.25,29.81,30.25,29.56,13.68,28.95,928.2,25.1,-40.0,1.0,1.0,0.0,0.0,0.0,677.0
2026-07-21 16:08:22.536,29.25,29.81,30.25,29.56,13.68,28.95,928.2,25.1,-40.0,1.0,1.0,0.0,0.0,0.0,677.0
2026-07-21 16:08:22.714,29.25,29.81,30.25,29.56,13.68,28.95,928.2,24.9,-40.0,1.0,1.0,0.0,0.0,0.0,677.0
2026-07-21 16:08:22.915,29.18,29.87,30.25,29.56,13.75,28.95,928.2,24.9,-40.0,1.0,1.0,0.0,0.0,0.0,677.0
2026-07-21 16:08:23.170,29.18,29.87,30.25,29.56,13.75,28.94,928.2,24.8,-40.0,1.0,1.0,0.0,0.0,0.0,678.0
2026-07-21 16:08:23.312,29.18,29.87,30.25,29.56,13.75,28.94,928.2,24.8,-40.0,1.0,1.0,0.0,0.0,0.0,678.0
2026-07-21 16:08:23.513,29.18,29.87,30.25,29.56,13.75,28.94,928.2,24.8,-40.0,1.0,1.0,0.0,0.0,0.0,678.0
2026-07-21 16:08:23.732,29.18,29.87,30.25,29.56,13.75,28.95,928.2,24.9,-40.0,1.0,1.0,0.0,0.0,0.0,678.0
2026-07-21 16:08:23.913,29.25,29.81,30.25,29.56,13.75,28.95,928.2,24.9,-40.0,1.0,1.0,0.0,0.0,0.0,678.0
2026-07-21 16:08:24.113,29.25,29.81,30.25,29.56,13.75,28.94,928.2,24.5,-40.0,1.0,1.0,0.0,0.0,0.0,679.0
2026-07-21 16:08:24.335,29.25,29.81,30.25,29.56,13.75,28.94,928.2,24.5,-40.0,1.0,1.0,0.0,0.0,0.0,679.0
2026-07-21 16:08:24.513,29.25,29.81,30.25,29.56,13.75,28.94,928.2,24.5,-40.0,1.0,1.0,0.0,0.0,0.0,679.0
2026-07-21 16:08:24.713,29.25,29.81,30.25,29.56,13.75,28.94,928.1,24.6,-40.0,1.0,1.0,0.0,0.0,0.0,679.0
2026-07-21 16:08:24.913,29.25,29.87,30.25,29.56,13.68,28.94,928.1,24.6,-40.0,1.0,1.0,0.0,0.0,0.0,679.0
2026-07-21 16:08:25.114,29.25,29.87,30.25,29.56,13.68,28.94,928.2,24.7,-40.0,1.0,1.0,0.0,0.0,0.0,680.0
2026-07-21 16:08:25.313,29.25,29.87,30.25,29.56,13.68,28.94,928.2,24.7,-40.0,1.0,1.0,0.0,0.0,0.0,680.0
2026-07-21 16:08:25.516,29.25,29.87,30.25,29.56,13.68,28.94,928.2,24.7,-40.0,1.0,1.0,0.0,0.0,0.0,680.0
2026-07-21 16:08:25.713,29.25,29.87,30.25,29.56,13.68,28.95,928.2,24.9,-40.0,1.0,1.0,0.0,0.0,0.0,680.0
2026-07-21 16:08:25.913,29.25,29.87,30.25,29.62,13.75,28.95,928.2,24.9,-40.0,1.0,1.0,0.0,0.0,0.0,680.0
2026-07-21 16:08:26.113,29.25,29.87,30.25,29.62,13.75,28.95,928.2,24.7,-40.0,1.0,1.0,0.0,0.0,0.0,681.0
2026-07-21 16:08:26.314,29.25,29.87,30.25,29.62,13.75,28.95,928.2,24.7,-40.0,1.0,1.0,0.0,0.0,0.0,681.0
2026-07-21 16:08:26.544,29.25,29.87,30.25,29.62,13.75,28.95,928.2,24.7,-40.0,1.0,1.0,0.0,0.0,0.0,681.0
2026-07-21 16:08:26.713,29.25,29.87,30.25,29.62,13.75,28.95,928.2,24.9,-40.0,1.0,1.0,0.0,0.0,0.0,681.0
2026-07-21 16:08:26.913,29.25,29.87,30.25,29.56,13.68,28.95,928.2,24.9,-40.0,1.0,1.0,0.0,0.0,0.0,681.0
2026-07-21 16:08:27.137,29.25,29.87,30.25,29.56,13.68,28.95,928.1,24.8,-40.0,1.0,1.0,0.0,0.0,0.0,682.0
2026-07-21 16:08:27.314,29.25,29.87,30.25,29.56,13.68,28.95,928.1,24.8,-40.0,1.0,1.0,0.0,0.0,0.0,682.0
2026-07-21 16:08:27.513,29.25,29.87,30.25,29.56,13.68,28.95,928.1,24.8,-40.0,1.0,1.0,0.0,0.0,0.0,682.0
2026-07-21 16:08:27.730,29.25,29.87,30.25,29.56,13.68,28.95,928.2,24.6,-40.0,1.0,1.0,0.0,0.0,0.0,682.0
2026-07-21 16:08:27.913,29.18,29.81,30.25,29.56,13.68,28.95,928.2,24.6,-40.0,1.0,1.0,0.0,0.0,0.0,682.0
2026-07-21 16:08:28.113,29.18,29.81,30.25,29.56,13.68,28.93,928.2,24.8,-40.0,1.0,1.0,0.0,0.0,0.0,683.0
2026-07-21 16:08:28.312,29.18,29.81,30.25,29.56,13.68,28.93,928.2,24.8,-40.0,1.0,1.0,0.0,0.0,0.0,683.0
2026-07-21 16:08:28.513,29.18,29.81,30.25,29.56,13.68,28.93,928.2,24.8,-40.0,1.0,1.0,0.0,0.0,0.0,683.0
2026-07-21 16:08:28.713,29.18,29.81,30.25,29.56,13.68,28.94,928.2,24.7,-40.0,1.0,1.0,0.0,0.0,0.0,683.0
2026-07-21 16:08:28.913,29.25,29.87,30.25,29.56,13.68,28.94,928.2,24.7,-40.0,1.0,1.0,0.0,0.0,0.0,683.0
2026-07-21 16:08:29.112,29.25,29.87,30.25,29.56,13.68,28.94,928.1,24.7,-40.0,1.0,1.0,0.0,0.0,0.0,684.0
2026-07-21 16:08:29.336,29.25,29.87,30.25,29.56,13.68,28.94,928.1,24.7,-40.0,1.0,1.0,0.0,0.0,0.0,684.0
2026-07-21 16:08:29.513,29.25,29.87,30.25,29.56,13.68,28.94,928.1,24.7,-40.0,1.0,1.0,0.0,0.0,0.0,684.0
2026-07-21 16:08:29.713,29.25,29.87,30.25,29.56,13.68,28.95,928.2,24.5,-40.0,1.0,1.0,0.0,0.0,0.0,684.0
2026-07-21 16:08:29.917,29.18,29.87,30.25,29.62,13.68,28.95,928.2,24.5,-40.0,1.0,1.0,0.0,0.0,0.0,684.0
2026-07-21 16:08:30.113,29.18,29.87,30.25,29.62,13.68,28.95,928.2,24.9,-40.0,1.0,1.0,0.0,0.0,0.0,685.0
2026-07-21 16:08:30.312,29.18,29.87,30.25,29.62,13.68,28.95,928.2,24.9,-40.0,1.0,1.0,0.0,0.0,0.0,685.0
2026-07-21 16:08:30.514,29.18,29.87,30.25,29.62,13.68,28.95,928.2,24.9,-40.0,1.0,1.0,0.0,0.0,0.0,685.0
2026-07-21 16:08:30.713,29.18,29.87,30.25,29.62,13.68,28.94,928.2,24.7,-40.0,1.0,1.0,0.0,0.0,0.0,685.0
2026-07-21 16:08:30.925,29.18,29.87,30.25,29.56,13.68,28.94,928.2,24.7,-40.0,1.0,1.0,0.0,0.0,0.0,685.0
2026-07-21 16:08:31.113,29.18,29.87,30.25,29.56,13.68,28.95,928.2,24.9,-40.0,1.0,1.0,0.0,0.0,0.0,686.0
2026-07-21 16:08:31.312,29.18,29.87,30.25,29.56,13.68,28.95,928.2,24.9,-40.0,1.0,1.0,0.0,0.0,0.0,686.0
2026-07-21 16:08:31.539,29.18,29.87,30.25,29.56,13.68,28.95,928.2,24.9,-40.0,1.0,1.0,0.0,0.0,0.0,686.0
2026-07-21 16:08:31.713,29.18,29.87,30.25,29.56,13.68,28.94,928.2,24.6,-40.0,1.0,1.0,0.0,0.0,0.0,686.0
2026-07-21 16:08:31.913,29.18,29.87,30.25,29.62,13.68,28.94,928.2,24.6,-40.0,1.0,1.0,0.0,0.0,0.0,686.0
2026-07-21 16:08:32.136,29.18,29.87,30.25,29.62,13.68,28.95,928.2,24.8,-40.0,1.0,1.0,0.0,0.0,0.0,687.0
2026-07-21 16:08:32.312,29.18,29.87,30.25,29.62,13.68,28.95,928.2,24.8,-40.0,1.0,1.0,0.0,0.0,0.0,687.0
2026-07-21 16:08:32.513,29.18,29.87,30.25,29.62,13.68,28.95,928.2,24.8,-40.0,1.0,1.0,0.0,0.0,0.0,687.0
2026-07-21 16:08:32.714,29.18,29.87,30.25,29.62,13.68,28.95,928.2,24.9,-40.0,1.0,1.0,0.0,0.0,0.0,687.0
2026-07-21 16:08:32.912,29.18,29.87,30.25,29.62,13.68,28.95,928.2,24.9,-40.0,1.0,1.0,0.0,0.0,0.0,687.0
2026-07-21 16:08:33.132,29.18,29.87,30.25,29.62,13.68,28.95,928.1,24.8,-40.0,1.0,1.0,0.0,0.0,0.0,688.0
2026-07-21 16:08:33.312,29.18,29.87,30.25,29.62,13.68,28.95,928.1,24.8,-40.0,1.0,1.0,0.0,0.0,0.0,688.0
2026-07-21 16:08:33.513,29.18,29.87,30.25,29.62,13.68,28.95,928.1,24.8,-40.0,1.0,1.0,0.0,0.0,0.0,688.0
2026-07-21 16:08:33.713,29.18,29.87,30.25,29.62,13.68,28.95,928.2,25.0,-40.0,1.0,1.0,0.0,0.0,0.0,688.0
2026-07-21 16:08:33.913,29.18,29.87,30.25,29.62,13.68,28.95,928.2,25.0,-40.0,1.0,1.0,0.0,0.0,0.0,688.0
2026-07-21 16:08:34.116,29.18,29.87,30.25,29.62,13.68,28.95,928.2,24.6,-40.0,1.0,1.0,0.0,0.0,0.0,689.0
2026-07-21 16:08:34.327,29.18,29.87,30.25,29.62,13.68,28.95,928.2,24.6,-40.0,1.0,1.0,0.0,0.0,0.0,689.0
2026-07-21 16:08:34.512,29.18,29.87,30.25,29.62,13.68,28.95,928.2,24.6,-40.0,1.0,1.0,0.0,0.0,0.0,689.0
2026-07-21 16:08:34.712,29.18,29.87,30.25,29.62,13.68,28.95,928.2,24.9,-40.0,1.0,1.0,0.0,0.0,0.0,689.0
2026-07-21 16:08:34.913,29.18,29.87,30.25,29.62,13.68,28.95,928.2,24.9,-40.0,1.0,1.0,0.0,0.0,0.0,689.0
2026-07-21 16:08:35.112,29.18,29.87,30.25,29.62,13.68,28.94,928.1,24.8,-40.0,1.0,1.0,0.0,0.0,0.0,690.0
2026-07-21 16:08:35.320,29.18,29.87,30.25,29.62,13.68,28.94,928.1,24.8,-40.0,1.0,1.0,0.0,0.0,0.0,690.0
2026-07-21 16:08:35.514,29.18,29.87,30.25,29.62,13.68,28.94,928.1,24.8,-40.0,1.0,1.0,0.0,0.0,0.0,690.0
2026-07-21 16:08:35.714,29.18,29.87,30.25,29.62,13.68,28.95,928.2,24.8,-40.0,1.0,1.0,0.0,0.0,0.0,690.0
2026-07-21 16:08:35.934,29.18,29.87,30.25,29.62,13.68,28.95,928.2,24.8,-40.0,1.0,1.0,0.0,0.0,0.0,690.0
2026-07-21 16:08:36.115,29.18,29.87,30.25,29.62,13.68,28.95,928.2,25.0,-40.0,1.0,1.0,0.0,0.0,0.0,691.0
2026-07-21 16:08:36.313,29.18,29.87,30.25,29.62,13.68,28.95,928.2,25.0,-40.0,1.0,1.0,0.0,0.0,0.0,691.0
2026-07-21 16:08:36.539,29.18,29.87,30.25,29.62,13.68,28.95,928.2,25.0,-40.0,1.0,1.0,0.0,0.0,0.0,691.0
2026-07-21 16:08:36.713,29.18,29.87,30.25,29.62,13.68,28.95,928.2,24.6,-40.0,1.0,1.0,0.0,0.0,0.0,691.0
2026-07-21 16:08:36.912,29.18,29.87,30.25,29.62,13.68,28.95,928.2,24.6,-40.0,1.0,1.0,0.0,0.0,0.0,691.0
2026-07-21 16:08:37.130,29.18,29.87,30.25,29.62,13.68,28.95,928.1,24.4,-40.0,1.0,1.0,0.0,0.0,0.0,692.0
2026-07-21 16:08:37.312,29.18,29.87,30.25,29.62,13.68,28.95,928.1,24.4,-40.0,1.0,1.0,0.0,0.0,0.0,692.0
2026-07-21 16:08:37.513,29.18,29.87,30.25,29.62,13.68,28.95,928.1,24.4,-40.0,1.0,1.0,0.0,0.0,0.0,692.0
2026-07-21 16:08:37.712,29.18,29.87,30.25,29.62,13.68,28.95,928.2,25.1,-40.0,1.0,1.0,0.0,0.0,0.0,692.0
2026-07-21 16:08:37.912,29.18,29.87,30.25,29.62,13.68,28.95,928.2,25.1,-40.0,1.0,1.0,0.0,0.0,0.0,692.0
2026-07-21 16:08:38.113,29.18,29.87,30.25,29.62,13.68,28.95,928.2,24.7,-40.0,1.0,1.0,0.0,0.0,0.0,693.0
2026-07-21 16:08:38.312,29.18,29.87,30.25,29.62,13.68,28.95,928.2,24.7,-40.0,1.0,1.0,0.0,0.0,0.0,693.0
2026-07-21 16:08:38.513,29.18,29.87,30.25,29.62,13.68,28.95,928.2,24.7,-40.0,1.0,1.0,0.0,0.0,0.0,693.0
2026-07-21 16:08:38.743,29.18,29.87,30.25,29.62,13.68,28.95,928.2,25.1,-40.0,1.0,1.0,0.0,0.0,0.0,693.0
2026-07-21 16:08:38.912,29.18,29.87,30.25,29.62,13.68,28.95,928.2,25.1,-40.0,1.0,1.0,0.0,0.0,0.0,693.0
2026-07-21 16:08:39.112,29.18,29.87,30.25,29.62,13.68,28.95,928.2,24.6,-40.0,1.0,1.0,0.0,0.0,0.0,694.0
2026-07-21 16:08:39.335,29.18,29.87,30.25,29.62,13.68,28.95,928.2,24.6,-40.0,1.0,1.0,0.0,0.0,0.0,694.0
2026-07-21 16:08:39.514,29.18,29.87,30.25,29.62,13.68,28.95,928.2,24.6,-40.0,1.0,1.0,0.0,0.0,0.0,694.0
2026-07-21 16:08:39.712,29.18,29.87,30.25,29.62,13.68,28.94,928.2,24.6,-40.0,1.0,1.0,0.0,0.0,0.0,694.0
2026-07-21 16:08:39.912,29.18,29.87,30.25,29.62,13.62,28.94,928.2,24.6,-40.0,1.0,1.0,0.0,0.0,0.0,694.0
2026-07-21 16:08:40.114,29.18,29.87,30.25,29.62,13.62,28.95,928.3,24.9,-40.0,1.0,1.0,0.0,0.0,0.0,695.0
2026-07-21 16:08:40.317,29.18,29.87,30.25,29.62,13.62,28.95,928.3,24.9,-40.0,1.0,1.0,0.0,0.0,0.0,695.0
2026-07-21 16:08:40.513,29.18,29.87,30.25,29.62,13.62,28.95,928.3,24.9,-40.0,1.0,1.0,0.0,0.0,0.0,695.0
2026-07-21 16:08:40.712,29.18,29.87,30.25,29.62,13.62,28.95,928.2,24.7,-40.0,1.0,1.0,0.0,0.0,0.0,695.0
2026-07-21 16:08:40.945,29.18,29.87,30.25,29.56,13.62,28.95,928.2,24.7,-40.0,1.0,1.0,0.0,0.0,0.0,695.0
2026-07-21 16:08:41.112,29.18,29.87,30.25,29.56,13.62,28.95,928.1,24.7,-40.0,1.0,1.0,0.0,0.0,0.0,696.0
2026-07-21 16:08:41.312,29.18,29.87,30.25,29.56,13.62,28.95,928.1,24.7,-40.0,1.0,1.0,0.0,0.0,0.0,696.0
2026-07-21 16:08:41.513,29.18,29.87,30.25,29.56,13.62,28.95,928.1,24.7,-40.0,1.0,1.0,0.0,0.0,0.0,696.0
2026-07-21 16:08:41.713,29.18,29.87,30.25,29.56,13.62,28.95,928.2,24.8,-40.0,1.0,1.0,0.0,0.0,0.0,696.0
2026-07-21 16:08:41.913,29.18,29.87,30.25,29.62,13.62,28.95,928.2,24.8,-40.0,1.0,1.0,0.0,0.0,0.0,696.0
2026-07-21 16:08:42.113,29.18,29.87,30.25,29.62,13.62,28.95,928.2,24.7,-40.0,1.0,1.0,0.0,0.0,0.0,697.0
2026-07-21 16:08:42.312,29.18,29.87,30.25,29.62,13.62,28.95,928.2,24.7,-40.0,1.0,1.0,0.0,0.0,0.0,697.0
2026-07-21 16:08:42.513,29.18,29.87,30.25,29.62,13.62,28.95,928.2,24.7,-40.0,1.0,1.0,0.0,0.0,0.0,697.0
2026-07-21 16:08:42.713,29.18,29.87,30.25,29.62,13.62,28.95,928.2,24.7,-40.0,1.0,1.0,0.0,0.0,0.0,697.0
2026-07-21 16:08:42.913,29.12,29.87,30.25,29.56,13.62,28.95,928.2,24.7,-40.0,1.0,1.0,0.0,0.0,0.0,697.0
2026-07-21 16:08:43.127,29.12,29.87,30.25,29.56,13.62,28.95,928.2,24.8,-40.0,1.0,1.0,0.0,0.0,0.0,698.0
2026-07-21 16:08:43.313,29.12,29.87,30.25,29.56,13.62,28.95,928.2,24.8,-40.0,1.0,1.0,0.0,0.0,0.0,698.0
2026-07-21 16:08:43.513,29.12,29.87,30.25,29.56,13.62,28.95,928.2,24.8,-40.0,1.0,1.0,0.0,0.0,0.0,698.0
2026-07-21 16:08:43.741,29.12,29.87,30.25,29.56,13.62,28.94,928.2,24.6,-40.0,1.0,1.0,0.0,0.0,0.0,698.0
2026-07-21 16:08:43.912,29.12,29.87,30.25,29.62,13.62,28.94,928.2,24.6,-40.0,1.0,1.0,0.0,0.0,0.0,698.0
2026-07-21 16:08:44.113,29.12,29.87,30.25,29.62,13.62,28.95,928.1,24.8,-40.0,1.0,1.0,0.0,0.0,0.0,699.0
2026-07-21 16:08:44.312,29.12,29.87,30.25,29.62,13.62,28.95,928.1,24.8,-40.0,1.0,1.0,0.0,0.0,0.0,699.0
2026-07-21 16:08:44.513,29.12,29.87,30.25,29.62,13.62,28.95,928.1,24.8,-40.0,1.0,1.0,0.0,0.0,0.0,699.0
2026-07-21 16:08:44.712,29.12,29.87,30.25,29.62,13.62,28.95,928.2,24.9,-40.0,1.0,1.0,0.0,0.0,0.0,699.0
2026-07-21 16:08:44.913,29.18,29.87,30.25,29.62,13.62,28.95,928.2,24.9,-40.0,1.0,1.0,0.0,0.0,0.0,699.0
2026-07-21 16:08:45.113,29.18,29.87,30.25,29.62,13.62,28.95,928.1,24.6,-40.0,1.0,1.0,0.0,0.0,0.0,700.0
2026-07-21 16:08:45.320,29.18,29.87,30.25,29.62,13.62,28.95,928.1,24.6,-40.0,1.0,1.0,0.0,0.0,0.0,700.0
2026-07-21 16:08:45.513,29.18,29.87,30.25,29.62,13.62,28.95,928.1,24.6,-40.0,1.0,1.0,0.0,0.0,0.0,700.0
2026-07-21 16:08:45.712,29.18,29.87,30.25,29.62,13.62,28.96,928.1,25.0,-40.0,1.0,1.0,0.0,0.0,0.0,700.0
2026-07-21 16:08:45.912,29.18,29.87,30.25,29.62,13.62,28.96,928.1,25.0,-40.0,1.0,1.0,0.0,0.0,0.0,700.0
2026-07-21 16:08:46.113,29.18,29.87,30.25,29.62,13.62,28.95,928.2,24.7,-40.0,1.0,1.0,0.0,0.0,0.0,701.0
2026-07-21 16:08:46.313,29.18,29.87,30.25,29.62,13.62,28.95,928.2,24.7,-40.0,1.0,1.0,0.0,0.0,0.0,701.0
2026-07-21 16:08:46.513,29.18,29.87,30.25,29.62,13.62,28.95,928.2,24.7,-40.0,1.0,1.0,0.0,0.0,0.0,701.0
2026-07-21 16:08:46.712,29.18,29.87,30.25,29.62,13.62,28.96,928.2,24.8,-40.0,1.0,1.0,0.0,0.0,0.0,701.0
2026-07-21 16:08:46.924,29.12,29.87,30.25,29.62,13.62,28.96,928.2,24.8,-40.0,1.0,1.0,0.0,0.0,0.0,701.0
2026-07-21 16:08:47.112,29.12,29.87,30.25,29.62,13.62,28.95,928.2,24.7,-40.0,1.0,1.0,0.0,0.0,0.0,702.0
2026-07-21 16:08:47.313,29.12,29.87,30.25,29.62,13.62,28.95,928.2,24.7,-40.0,1.0,1.0,0.0,0.0,0.0,702.0
2026-07-21 16:08:47.513,29.12,29.87,30.25,29.62,13.62,28.95,928.2,24.7,-40.0,1.0,1.0,0.0,0.0,0.0,702.0
2026-07-21 16:08:47.713,29.12,29.87,30.25,29.62,13.62,28.95,928.1,25.0,-40.0,1.0,1.0,0.0,0.0,0.0,702.0
2026-07-21 16:08:47.913,29.12,29.87,30.31,29.62,13.56,28.95,928.1,25.0,-40.0,1.0,1.0,0.0,0.0,0.0,702.0
2026-07-21 16:08:48.112,29.12,29.87,30.31,29.62,13.56,28.95,928.2,24.6,-40.0,1.0,1.0,0.0,0.0,0.0,703.0
2026-07-21 16:08:48.312,29.12,29.87,30.31,29.62,13.56,28.95,928.2,24.6,-40.0,1.0,1.0,0.0,0.0,0.0,703.0
2026-07-21 16:08:48.512,29.12,29.87,30.31,29.62,13.56,28.95,928.2,24.6,-40.0,1.0,1.0,0.0,0.0,0.0,703.0
2026-07-21 16:08:48.712,29.12,29.87,30.31,29.62,13.56,28.95,928.2,24.8,-40.0,1.0,1.0,0.0,0.0,0.0,703.0
2026-07-21 16:08:48.912,29.18,29.93,30.25,29.62,13.56,28.95,928.2,24.8,-40.0,1.0,1.0,0.0,0.0,0.0,703.0
2026-07-21 16:08:49.112,29.18,29.93,30.25,29.62,13.56,28.96,928.2,24.7,-40.0,1.0,1.0,0.0,0.0,0.0,704.0
2026-07-21 16:08:49.313,29.18,29.93,30.25,29.62,13.56,28.96,928.2,24.7,-40.0,1.0,1.0,0.0,0.0,0.0,704.0
2026-07-21 16:08:49.513,29.18,29.93,30.25,29.62,13.56,28.96,928.2,24.7,-40.0,1.0,1.0,0.0,0.0,0.0,704.0
2026-07-21 16:08:49.712,29.18,29.93,30.25,29.62,13.56,28.96,928.1,24.8,-40.0,1.0,1.0,0.0,0.0,0.0,704.0
2026-07-21 16:08:49.913,29.18,29.87,30.25,29.62,13.56,28.96,928.1,24.8,-40.0,1.0,1.0,0.0,0.0,0.0,704.0
2026-07-21 16:08:50.145,29.18,29.87,30.25,29.62,13.56,28.95,928.2,24.7,-40.0,1.0,1.0,0.0,0.0,0.0,705.0
2026-07-21 16:08:50.312,29.18,29.87,30.25,29.62,13.56,28.95,928.2,24.7,-40.0,1.0,1.0,0.0,0.0,0.0,705.0
2026-07-21 16:08:50.512,29.18,29.87,30.25,29.62,13.56,28.95,928.2,24.7,-40.0,1.0,1.0,0.0,0.0,0.0,705.0
2026-07-21 16:08:50.712,29.18,29.87,30.25,29.62,13.56,28.95,928.2,25.1,-40.0,1.0,1.0,0.0,0.0,0.0,705.0
2026-07-21 16:08:50.912,29.12,29.87,30.25,29.62,13.56,28.95,928.2,25.1,-40.0,1.0,1.0,0.0,0.0,0.0,705.0
2026-07-21 16:08:51.112,29.12,29.87,30.25,29.62,13.56,28.95,928.2,24.6,-40.0,1.0,1.0,0.0,0.0,0.0,706.0
2026-07-21 16:08:51.313,29.12,29.87,30.25,29.62,13.56,28.95,928.2,24.6,-40.0,1.0,1.0,0.0,0.0,0.0,706.0
2026-07-21 16:08:51.511,29.12,29.87,30.25,29.62,13.56,28.95,928.2,24.6,-40.0,1.0,1.0,0.0,0.0,0.0,706.0
2026-07-21 16:08:51.727,29.12,29.87,30.25,29.62,13.56,28.95,928.2,24.9,-40.0,1.0,1.0,0.0,0.0,0.0,706.0
2026-07-21 16:08:51.913,29.18,29.87,30.25,29.62,13.56,28.95,928.2,24.9,-40.0,1.0,1.0,0.0,0.0,0.0,706.0
2026-07-21 16:08:52.112,29.18,29.87,30.25,29.62,13.56,28.96,928.1,24.6,-40.0,1.0,1.0,0.0,0.0,0.0,707.0
2026-07-21 16:08:52.313,29.18,29.87,30.25,29.62,13.56,28.96,928.1,24.6,-40.0,1.0,1.0,0.0,0.0,0.0,707.0
2026-07-21 16:08:52.512,29.18,29.87,30.25,29.62,13.56,28.96,928.1,24.6,-40.0,1.0,1.0,0.0,0.0,0.0,707.0
2026-07-21 16:08:52.712,29.18,29.87,30.25,29.62,13.56,28.96,928.1,24.9,-40.0,1.0,1.0,0.0,0.0,0.0,707.0
2026-07-21 16:08:52.912,29.12,29.87,30.25,29.62,13.56,28.96,928.1,24.9,-40.0,1.0,1.0,0.0,0.0,0.0,707.0
2026-07-21 16:08:53.112,29.12,29.87,30.25,29.62,13.56,28.95,928.1,24.7,-40.0,1.0,1.0,0.0,0.0,0.0,708.0
2026-07-21 16:08:53.343,29.12,29.87,30.25,29.62,13.56,28.95,928.1,24.7,-40.0,1.0,1.0,0.0,0.0,0.0,708.0
2026-07-21 16:08:53.511,29.12,29.87,30.25,29.62,13.56,28.95,928.1,24.7,-40.0,1.0,1.0,0.0,0.0,0.0,708.0
2026-07-21 16:08:53.712,29.12,29.87,30.25,29.62,13.56,28.95,928.2,24.6,-40.0,1.0,1.0,0.0,0.0,0.0,708.0
2026-07-21 16:08:53.912,29.12,29.87,30.25,29.62,13.56,28.95,928.2,24.6,-40.0,1.0,1.0,0.0,0.0,0.0,708.0
2026-07-21 16:08:54.113,29.12,29.87,30.25,29.62,13.56,28.95,928.2,24.6,-40.0,1.0,1.0,0.0,0.0,0.0,709.0
2026-07-21 16:08:54.313,29.12,29.87,30.25,29.62,13.56,28.95,928.2,24.6,-40.0,1.0,1.0,0.0,0.0,0.0,709.0
2026-07-21 16:08:54.513,29.12,29.87,30.25,29.62,13.56,28.95,928.2,24.6,-40.0,1.0,1.0,0.0,0.0,0.0,709.0
2026-07-21 16:08:54.713,29.12,29.87,30.25,29.62,13.56,28.95,928.2,24.7,-40.0,1.0,1.0,0.0,0.0,0.0,709.0
2026-07-21 16:08:54.912,29.12,29.87,30.25,29.62,13.5,28.95,928.2,24.7,-40.0,1.0,1.0,0.0,0.0,0.0,709.0
2026-07-21 16:08:55.142,29.12,29.87,30.25,29.62,13.5,28.95,928.2,24.8,-40.0,1.0,1.0,0.0,0.0,0.0,710.0
2026-07-21 16:08:55.312,29.12,29.87,30.25,29.62,13.5,28.95,928.2,24.8,-40.0,1.0,1.0,0.0,0.0,0.0,710.0
2026-07-21 16:08:55.512,29.12,29.87,30.25,29.62,13.5,28.95,928.2,24.8,-40.0,1.0,1.0,0.0,0.0,0.0,710.0
2026-07-21 16:08:55.713,29.12,29.87,30.25,29.62,13.5,28.95,928.2,24.8,-40.0,1.0,1.0,0.0,0.0,0.0,710.0
2026-07-21 16:08:55.912,29.12,29.87,30.25,29.62,13.5,28.95,928.2,24.8,-40.0,1.0,1.0,0.0,0.0,0.0,710.0
2026-07-21 16:08:56.113,29.12,29.87,30.25,29.62,13.5,28.95,928.1,24.5,-40.0,1.0,1.0,0.0,0.0,0.0,711.0
2026-07-21 16:08:56.312,29.12,29.87,30.25,29.62,13.5,28.95,928.1,24.5,-40.0,1.0,1.0,0.0,0.0,0.0,711.0
2026-07-21 16:08:56.512,29.12,29.87,30.25,29.62,13.5,28.95,928.1,24.5,-40.0,1.0,1.0,0.0,0.0,0.0,711.0
2026-07-21 16:08:56.717,29.12,29.87,30.25,29.62,13.5,28.95,928.2,25.2,-40.0,1.0,1.0,0.0,0.0,0.0,711.0
2026-07-21 16:08:56.912,29.12,29.87,30.25,29.62,13.5,28.95,928.2,25.2,-40.0,1.0,1.0,0.0,0.0,0.0,711.0
2026-07-21 16:08:57.113,29.12,29.87,30.25,29.62,13.5,28.96,928.2,24.8,-40.0,1.0,1.0,0.0,0.0,0.0,712.0
2026-07-21 16:08:57.314,29.12,29.87,30.25,29.62,13.5,28.96,928.2,24.8,-40.0,1.0,1.0,0.0,0.0,0.0,712.0
2026-07-21 16:08:57.511,29.12,29.87,30.25,29.62,13.5,28.96,928.2,24.8,-40.0,1.0,1.0,0.0,0.0,0.0,712.0
2026-07-21 16:08:57.712,29.12,29.87,30.25,29.62,13.5,28.96,928.2,24.7,-40.0,1.0,1.0,0.0,0.0,0.0,712.0
2026-07-21 16:08:57.913,29.12,29.93,30.18,29.62,13.5,28.96,928.2,24.7,-40.0,1.0,1.0,0.0,0.0,0.0,712.0
2026-07-21 16:08:58.112,29.12,29.93,30.18,29.62,13.5,28.96,928.1,24.8,-40.0,1.0,1.0,0.0,0.0,0.0,713.0
2026-07-21 16:08:58.347,29.12,29.93,30.18,29.62,13.5,28.96,928.1,24.8,-40.0,1.0,1.0,0.0,0.0,0.0,713.0
2026-07-21 16:08:58.512,29.12,29.93,30.18,29.62,13.5,28.96,928.1,24.8,-40.0,1.0,1.0,0.0,0.0,0.0,713.0
2026-07-21 16:08:58.714,29.12,29.93,30.18,29.62,13.5,28.95,928.2,24.8,-40.0,1.0,1.0,0.0,0.0,0.0,713.0
2026-07-21 16:08:58.928,29.06,29.87,30.25,29.62,13.5,28.95,928.2,24.8,-40.0,1.0,1.0,0.0,0.0,0.0,713.0
2026-07-21 16:08:59.113,29.06,29.87,30.25,29.62,13.5,28.95,928.1,24.6,-40.0,1.0,1.0,0.0,0.0,0.0,714.0
2026-07-21 16:08:59.343,29.06,29.87,30.25,29.62,13.5,28.95,928.1,24.6,-40.0,1.0,1.0,0.0,0.0,0.0,714.0
2026-07-21 16:08:59.511,29.06,29.87,30.25,29.62,13.5,28.95,928.1,24.6,-40.0,1.0,1.0,0.0,0.0,0.0,714.0
2026-07-21 16:08:59.713,29.06,29.87,30.25,29.62,13.5,28.95,928.1,24.9,-40.0,1.0,1.0,0.0,0.0,0.0,714.0
2026-07-21 16:08:59.912,29.12,29.93,30.25,29.62,13.5,28.95,928.1,24.9,-40.0,1.0,1.0,0.0,0.0,0.0,714.0
2026-07-21 16:09:00.111,29.12,29.93,30.25,29.62,13.5,28.95,928.1,24.6,-40.0,1.0,1.0,0.0,0.0,0.0,715.0
2026-07-21 16:09:00.332,29.12,29.93,30.25,29.62,13.5,28.95,928.1,24.6,-40.0,1.0,1.0,0.0,0.0,0.0,715.0
2026-07-21 16:09:00.512,29.12,29.93,30.25,29.62,13.5,28.95,928.1,24.6,-40.0,1.0,1.0,0.0,0.0,0.0,715.0
2026-07-21 16:09:00.713,29.12,29.93,30.25,29.62,13.5,28.95,928.2,24.8,-40.0,1.0,1.0,0.0,0.0,0.0,715.0
2026-07-21 16:09:00.916,29.12,29.93,30.25,29.62,13.5,28.95,928.2,24.8,-40.0,1.0,1.0,0.0,0.0,0.0,715.0
2026-07-21 16:09:01.112,29.12,29.93,30.25,29.62,13.5,28.95,928.2,24.6,-40.0,1.0,1.0,0.0,0.0,0.0,716.0
2026-07-21 16:09:01.312,29.12,29.93,30.25,29.62,13.5,28.95,928.2,24.6,-40.0,1.0,1.0,0.0,0.0,0.0,716.0
2026-07-21 16:09:01.512,29.12,29.93,30.25,29.62,13.5,28.95,928.2,24.6,-40.0,1.0,1.0,0.0,0.0,0.0,716.0
2026-07-21 16:09:01.712,29.12,29.93,30.25,29.62,13.5,28.95,928.2,24.9,-40.0,1.0,1.0,0.0,0.0,0.0,716.0
2026-07-21 16:09:01.911,29.12,29.93,30.18,29.62,13.43,28.95,928.2,24.9,-40.0,1.0,1.0,0.0,0.0,0.0,716.0
2026-07-21 16:09:02.111,29.12,29.93,30.18,29.62,13.43,28.96,928.2,24.8,-40.0,1.0,1.0,0.0,0.0,0.0,717.0
2026-07-21 16:09:02.312,29.12,29.93,30.18,29.62,13.43,28.96,928.2,24.8,-40.0,1.0,1.0,0.0,0.0,0.0,717.0
2026-07-21 16:09:02.513,29.12,29.93,30.18,29.62,13.43,28.96,928.2,24.8,-40.0,1.0,1.0,0.0,0.0,0.0,717.0
2026-07-21 16:09:02.712,29.12,29.93,30.18,29.62,13.43,28.96,928.2,24.7,-40.0,1.0,1.0,0.0,0.0,0.0,717.0
2026-07-21 16:09:02.912,29.12,29.87,30.25,29.56,13.43,28.96,928.2,24.7,-40.0,1.0,1.0,0.0,0.0,0.0,717.0
2026-07-21 16:09:03.112,29.12,29.87,30.25,29.56,13.43,28.96,928.1,24.7,-40.0,1.0,1.0,0.0,0.0,0.0,718.0
2026-07-21 16:09:03.312,29.12,29.87,30.25,29.56,13.43,28.96,928.1,24.7,-40.0,1.0,1.0,0.0,0.0,0.0,718.0
2026-07-21 16:09:03.513,29.12,29.87,30.25,29.56,13.43,28.96,928.1,24.7,-40.0,1.0,1.0,0.0,0.0,0.0,718.0
2026-07-21 16:09:03.711,29.12,29.87,30.25,29.56,13.43,28.95,928.1,24.8,-40.0,1.0,1.0,0.0,0.0,0.0,718.0
2026-07-21 16:09:03.912,29.06,29.93,30.25,29.56,13.43,28.95,928.1,24.8,-40.0,1.0,1.0,0.0,0.0,0.0,718.0
2026-07-21 16:09:04.112,29.06,29.93,30.25,29.56,13.43,28.96,928.2,24.4,-40.0,1.0,1.0,0.0,0.0,0.0,719.0
2026-07-21 16:09:04.313,29.06,29.93,30.25,29.56,13.43,28.96,928.2,24.4,-40.0,1.0,1.0,0.0,0.0,0.0,719.0
2026-07-21 16:09:04.513,29.06,29.93,30.25,29.56,13.43,28.96,928.2,24.4,-40.0,1.0,1.0,0.0,0.0,0.0,719.0
2026-07-21 16:09:04.712,29.06,29.93,30.25,29.56,13.43,28.96,928.2,24.8,-40.0,1.0,1.0,0.0,0.0,0.0,719.0
2026-07-21 16:09:04.913,29.12,29.93,30.25,29.56,13.43,28.96,928.2,24.8,-40.0,1.0,1.0,0.0,0.0,0.0,719.0
2026-07-21 16:09:05.140,29.12,29.93,30.25,29.56,13.43,28.95,928.2,24.8,-40.0,1.0,1.0,0.0,0.0,0.0,720.0
2026-07-21 16:09:05.313,29.12,29.93,30.25,29.56,13.43,28.95,928.2,24.8,-40.0,1.0,1.0,0.0,0.0,0.0,720.0
2026-07-21 16:09:05.512,29.12,29.93,30.25,29.56,13.43,28.95,928.2,24.8,-40.0,1.0,1.0,0.0,0.0,0.0,720.0
2026-07-21 16:09:05.712,29.12,29.93,30.25,29.56,13.43,28.95,928.2,24.7,-40.0,1.0,1.0,0.0,0.0,0.0,720.0
2026-07-21 16:09:05.912,29.06,29.93,30.25,29.62,13.43,28.95,928.2,24.7,-40.0,1.0,1.0,0.0,0.0,0.0,720.0
2026-07-21 16:09:06.111,29.06,29.93,30.25,29.62,13.43,28.96,928.2,24.7,-40.0,1.0,1.0,0.0,0.0,0.0,721.0
2026-07-21 16:09:06.313,29.06,29.93,30.25,29.62,13.43,28.96,928.2,24.7,-40.0,1.0,1.0,0.0,0.0,0.0,721.0
2026-07-21 16:09:06.511,29.06,29.93,30.25,29.62,13.43,28.96,928.2,24.7,-40.0,1.0,1.0,0.0,0.0,0.0,721.0
2026-07-21 16:09:06.712,29.06,29.93,30.25,29.62,13.43,28.96,928.1,24.9,-40.0,1.0,1.0,0.0,0.0,0.0,721.0
2026-07-21 16:09:06.912,29.06,29.93,30.31,29.56,13.43,28.96,928.1,24.9,-40.0,1.0,1.0,0.0,0.0,0.0,721.0
2026-07-21 16:09:07.113,29.06,29.93,30.31,29.56,13.43,28.95,928.2,24.5,-40.0,1.0,1.0,0.0,0.0,0.0,722.0
2026-07-21 16:09:07.328,29.06,29.93,30.31,29.56,13.43,28.95,928.2,24.5,-40.0,1.0,1.0,0.0,0.0,0.0,722.0
2026-07-21 16:09:07.511,29.06,29.93,30.31,29.56,13.43,28.95,928.2,24.5,-40.0,1.0,1.0,0.0,0.0,0.0,722.0
2026-07-21 16:09:07.711,29.06,29.93,30.31,29.56,13.43,28.95,928.2,24.9,-40.0,1.0,1.0,0.0,0.0,0.0,722.0
2026-07-21 16:09:07.914,29.06,29.93,30.25,29.56,13.43,28.95,928.2,24.9,-40.0,1.0,1.0,0.0,0.0,0.0,722.0
2026-07-21 16:09:08.113,29.06,29.93,30.25,29.56,13.43,28.95,928.2,24.4,-40.0,1.0,1.0,0.0,0.0,0.0,723.0
2026-07-21 16:09:08.311,29.06,29.93,30.25,29.56,13.43,28.95,928.2,24.4,-40.0,1.0,1.0,0.0,0.0,0.0,723.0
2026-07-21 16:09:08.511,29.06,29.93,30.25,29.56,13.43,28.95,928.2,24.4,-40.0,1.0,1.0,0.0,0.0,0.0,723.0
2026-07-21 16:09:08.712,29.06,29.93,30.25,29.56,13.43,28.96,928.2,24.6,-40.0,1.0,1.0,0.0,0.0,0.0,723.0
2026-07-21 16:09:08.912,29.06,29.93,30.25,29.56,13.43,28.96,928.2,24.6,-40.0,1.0,1.0,0.0,0.0,0.0,723.0
2026-07-21 16:09:09.115,29.06,29.93,30.25,29.56,13.43,28.95,928.2,24.5,-40.0,1.0,1.0,0.0,0.0,0.0,724.0
2026-07-21 16:09:09.312,29.06,29.93,30.25,29.56,13.43,28.95,928.2,24.5,-40.0,1.0,1.0,0.0,0.0,0.0,724.0
2026-07-21 16:09:09.513,29.06,29.93,30.25,29.56,13.43,28.95,928.2,24.5,-40.0,1.0,1.0,0.0,0.0,0.0,724.0
2026-07-21 16:09:09.711,29.06,29.93,30.25,29.56,13.43,28.95,928.2,24.4,-40.0,1.0,1.0,0.0,0.0,0.0,724.0
2026-07-21 16:09:09.911,29.06,29.93,30.25,29.56,13.37,28.95,928.2,24.4,-40.0,1.0,1.0,0.0,0.0,0.0,724.0
2026-07-21 16:09:10.111,29.06,29.93,30.25,29.56,13.37,28.95,928.2,24.7,-40.0,1.0,1.0,0.0,0.0,0.0,725.0
2026-07-21 16:09:10.312,29.06,29.93,30.25,29.56,13.37,28.95,928.2,24.7,-40.0,1.0,1.0,0.0,0.0,0.0,725.0
2026-07-21 16:09:10.512,29.06,29.93,30.25,29.56,13.37,28.95,928.2,24.7,-40.0,1.0,1.0,0.0,0.0,0.0,725.0
2026-07-21 16:09:10.737,29.06,29.93,30.25,29.56,13.37,28.96,928.2,24.7,-40.0,1.0,1.0,0.0,0.0,0.0,725.0
2026-07-21 16:09:10.911,29.06,29.93,30.25,29.56,13.37,28.96,928.2,24.7,-40.0,1.0,1.0,0.0,0.0,0.0,725.0
2026-07-21 16:09:11.112,29.06,29.93,30.25,29.56,13.37,28.96,928.2,24.8,-40.0,1.0,1.0,0.0,0.0,0.0,726.0
2026-07-21 16:09:11.351,29.06,29.93,30.25,29.56,13.37,28.96,928.2,24.8,-40.0,1.0,1.0,0.0,0.0,0.0,726.0
2026-07-21 16:09:11.511,29.06,29.93,30.25,29.56,13.37,28.96,928.2,24.8,-40.0,1.0,1.0,0.0,0.0,0.0,726.0
2026-07-21 16:09:11.711,29.06,29.93,30.25,29.56,13.37,28.95,928.2,24.4,-40.0,1.0,1.0,0.0,0.0,0.0,726.0
2026-07-21 16:09:11.913,29.06,29.93,30.18,29.62,13.37,28.95,928.2,24.4,-40.0,1.0,1.0,0.0,0.0,0.0,726.0
2026-07-21 16:09:12.112,29.06,29.93,30.18,29.62,13.37,28.95,928.2,24.7,-40.0,1.0,1.0,0.0,0.0,0.0,727.0
2026-07-21 16:09:12.313,29.06,29.93,30.18,29.62,13.37,28.95,928.2,24.7,-40.0,1.0,1.0,0.0,0.0,0.0,727.0
2026-07-21 16:09:12.513,29.06,29.93,30.18,29.62,13.37,28.95,928.2,24.7,-40.0,1.0,1.0,0.0,0.0,0.0,727.0
2026-07-21 16:09:12.712,29.06,29.93,30.18,29.62,13.37,28.96,928.2,24.5,-40.0,1.0,1.0,0.0,0.0,0.0,727.0
2026-07-21 16:09:12.913,29.06,29.93,30.25,29.56,13.37,28.96,928.2,24.5,-40.0,1.0,1.0,0.0,0.0,0.0,727.0
2026-07-21 16:09:13.112,29.06,29.93,30.25,29.56,13.37,28.96,928.2,24.6,-40.0,1.0,1.0,0.0,0.0,0.0,728.0
2026-07-21 16:09:13.343,29.06,29.93,30.25,29.56,13.37,28.96,928.2,24.6,-40.0,1.0,1.0,0.0,0.0,0.0,728.0
2026-07-21 16:09:13.511,29.06,29.93,30.25,29.56,13.37,28.96,928.2,24.6,-40.0,1.0,1.0,0.0,0.0,0.0,728.0
2026-07-21 16:09:13.711,29.06,29.93,30.25,29.56,13.37,28.95,928.2,24.4,-40.0,1.0,1.0,0.0,0.0,0.0,728.0
2026-07-21 16:09:13.942,29.06,29.93,30.18,29.56,13.37,28.95,928.2,24.4,-40.0,1.0,1.0,0.0,0.0,0.0,728.0
2026-07-21 16:09:14.111,29.06,29.93,30.18,29.56,13.37,28.95,928.2,24.4,-40.0,1.0,1.0,0.0,0.0,0.0,729.0
2026-07-21 16:09:14.311,29.06,29.93,30.18,29.56,13.37,28.95,928.2,24.4,-40.0,1.0,1.0,0.0,0.0,0.0,729.0
2026-07-21 16:09:14.536,29.06,29.93,30.18,29.56,13.37,28.95,928.2,24.4,-40.0,1.0,1.0,0.0,0.0,0.0,729.0
2026-07-21 16:09:14.713,29.06,29.93,30.18,29.56,13.37,28.95,928.2,24.7,-40.0,1.0,1.0,0.0,0.0,0.0,729.0
2026-07-21 16:09:14.912,29.06,29.93,30.25,29.56,13.37,28.95,928.2,24.7,-40.0,1.0,1.0,0.0,0.0,0.0,729.0
2026-07-21 16:09:15.145,29.06,29.93,30.25,29.56,13.37,28.95,928.2,24.4,-40.0,1.0,1.0,0.0,0.0,0.0,730.0
2026-07-21 16:09:15.313,29.06,29.93,30.25,29.56,13.37,28.95,928.2,24.4,-40.0,1.0,1.0,0.0,0.0,0.0,730.0
2026-07-21 16:09:15.513,29.06,29.93,30.25,29.56,13.37,28.95,928.2,24.4,-40.0,1.0,1.0,0.0,0.0,0.0,730.0
2026-07-21 16:09:15.737,29.06,29.93,30.25,29.56,13.37,28.96,928.2,24.6,-40.0,1.0,1.0,0.0,0.0,0.0,730.0
2026-07-21 16:09:15.911,29.06,29.93,30.25,29.56,13.37,28.96,928.2,24.6,-40.0,1.0,1.0,0.0,0.0,0.0,730.0
2026-07-21 16:09:16.113,29.06,29.93,30.25,29.56,13.37,28.95,928.2,24.4,-40.0,1.0,1.0,0.0,0.0,0.0,731.0
2026-07-21 16:09:16.335,29.06,29.93,30.25,29.56,13.37,28.95,928.2,24.4,-40.0,1.0,1.0,0.0,0.0,0.0,731.0
2026-07-21 16:09:16.511,29.06,29.93,30.25,29.56,13.37,28.95,928.2,24.4,-40.0,1.0,1.0,0.0,0.0,0.0,731.0
2026-07-21 16:09:16.713,29.06,29.93,30.25,29.56,13.37,28.96,928.2,24.4,-40.0,1.0,1.0,0.0,0.0,0.0,731.0
2026-07-21 16:09:16.913,29.06,29.93,30.25,29.56,13.37,28.96,928.2,24.4,-40.0,1.0,1.0,0.0,0.0,0.0,731.0
2026-07-21 16:09:17.116,29.06,29.93,30.25,29.56,13.37,28.95,928.2,24.4,-40.0,1.0,1.0,0.0,0.0,0.0,732.0
2026-07-21 16:09:17.313,29.06,29.93,30.25,29.56,13.37,28.95,928.2,24.4,-40.0,1.0,1.0,0.0,0.0,0.0,732.0
2026-07-21 16:09:17.512,29.06,29.93,30.25,29.56,13.37,28.95,928.2,24.4,-40.0,1.0,1.0,0.0,0.0,0.0,732.0
2026-07-21 16:09:17.712,29.06,29.93,30.25,29.56,13.37,28.95,928.2,24.7,-40.0,1.0,1.0,0.0,0.0,0.0,732.0
2026-07-21 16:09:17.935,29.06,29.93,30.18,29.56,13.37,28.95,928.2,24.7,-40.0,1.0,1.0,0.0,0.0,0.0,732.0
2026-07-21 16:09:18.112,29.06,29.93,30.18,29.56,13.37,28.96,928.2,24.7,-40.0,1.0,1.0,0.0,0.0,0.0,733.0
2026-07-21 16:09:18.311,29.06,29.93,30.18,29.56,13.37,28.96,928.2,24.7,-40.0,1.0,1.0,0.0,0.0,0.0,733.0
2026-07-21 16:09:18.511,29.06,29.93,30.18,29.56,13.37,28.96,928.2,24.7,-40.0,1.0,1.0,0.0,0.0,0.0,733.0
2026-07-21 16:09:18.711,29.06,29.93,30.18,29.56,13.37,28.95,928.1,24.7,-40.0,1.0,1.0,0.0,0.0,0.0,733.0
2026-07-21 16:09:18.942,29.06,29.93,30.25,29.56,13.37,28.95,928.1,24.7,-40.0,1.0,1.0,0.0,0.0,0.0,733.0
2026-07-21 16:09:19.112,29.06,29.93,30.25,29.56,13.37,28.95,928.2,24.7,-40.0,1.0,1.0,0.0,0.0,0.0,734.0
2026-07-21 16:09:19.312,29.06,29.93,30.25,29.56,13.37,28.95,928.2,24.7,-40.0,1.0,1.0,0.0,0.0,0.0,734.0
2026-07-21 16:09:19.512,29.06,29.93,30.25,29.56,13.37,28.95,928.2,24.7,-40.0,1.0,1.0,0.0,0.0,0.0,734.0
2026-07-21 16:09:19.712,29.06,29.93,30.25,29.56,13.37,28.95,928.2,24.3,-40.0,1.0,1.0,0.0,0.0,0.0,734.0
2026-07-21 16:09:19.911,29.06,29.93,30.18,29.56,13.31,28.95,928.2,24.3,-40.0,1.0,1.0,0.0,0.0,0.0,734.0
2026-07-21 16:09:20.116,29.06,29.93,30.18,29.56,13.31,28.95,928.2,24.4,-40.0,1.0,1.0,0.0,0.0,0.0,735.0
2026-07-21 16:09:20.312,29.06,29.93,30.18,29.56,13.31,28.95,928.2,24.4,-40.0,1.0,1.0,0.0,0.0,0.0,735.0
2026-07-21 16:09:20.511,29.06,29.93,30.18,29.56,13.31,28.95,928.2,24.4,-40.0,1.0,1.0,0.0,0.0,0.0,735.0
2026-07-21 16:09:20.712,29.06,29.93,30.18,29.56,13.31,28.95,928.1,24.6,-40.0,1.0,1.0,0.0,0.0,0.0,735.0
2026-07-21 16:09:20.911,29.06,29.93,30.25,29.56,13.37,28.95,928.1,24.6,-40.0,1.0,1.0,0.0,0.0,0.0,735.0
2026-07-21 16:09:21.111,29.06,29.93,30.25,29.56,13.37,28.95,928.2,24.5,-40.0,1.0,1.0,0.0,0.0,0.0,736.0
2026-07-21 16:09:21.312,29.06,29.93,30.25,29.56,13.37,28.95,928.2,24.5,-40.0,1.0,1.0,0.0,0.0,0.0,736.0
2026-07-21 16:09:21.511,29.06,29.93,30.25,29.56,13.37,28.95,928.2,24.5,-40.0,1.0,1.0,0.0,0.0,0.0,736.0
2026-07-21 16:09:21.742,29.06,29.93,30.25,29.56,13.37,28.95,928.1,24.7,-40.0,1.0,1.0,0.0,0.0,0.0,736.0
2026-07-21 16:09:21.912,29.06,30.0,30.18,29.56,13.31,28.95,928.1,24.7,-40.0,1.0,1.0,0.0,0.0,0.0,736.0
2026-07-21 16:09:22.111,29.06,30.0,30.18,29.56,13.31,28.96,928.2,24.3,-40.0,1.0,1.0,0.0,0.0,0.0,737.0
2026-07-21 16:09:22.327,29.06,30.0,30.18,29.56,13.31,28.96,928.2,24.3,-40.0,1.0,1.0,0.0,0.0,0.0,737.0
2026-07-21 16:09:22.511,29.06,30.0,30.18,29.56,13.31,28.96,928.2,24.3,-40.0,1.0,1.0,0.0,0.0,0.0,737.0
2026-07-21 16:09:22.712,29.06,30.0,30.18,29.56,13.31,28.95,928.2,24.4,-40.0,1.0,1.0,0.0,0.0,0.0,737.0
2026-07-21 16:09:22.920,29.0,30.0,30.25,29.56,13.31,28.95,928.2,24.4,-40.0,1.0,1.0,0.0,0.0,0.0,737.0
2026-07-21 16:09:23.111,29.0,30.0,30.25,29.56,13.31,28.95,928.2,24.7,-40.0,1.0,1.0,0.0,0.0,0.0,738.0
2026-07-21 16:09:23.311,29.0,30.0,30.25,29.56,13.31,28.95,928.2,24.7,-40.0,1.0,1.0,0.0,0.0,0.0,738.0
2026-07-21 16:09:23.511,29.0,30.0,30.25,29.56,13.31,28.95,928.2,24.7,-40.0,1.0,1.0,0.0,0.0,0.0,738.0
2026-07-21 16:09:23.712,29.0,30.0,30.25,29.56,13.31,28.95,928.2,24.8,-40.0,1.0,1.0,0.0,0.0,0.0,738.0
2026-07-21 16:09:23.930,29.06,30.0,30.18,29.56,13.31,28.95,928.2,24.8,-40.0,1.0,1.0,0.0,0.0,0.0,738.0
2026-07-21 16:09:24.111,29.06,30.0,30.18,29.56,13.31,28.95,928.2,24.4,-40.0,1.0,1.0,0.0,0.0,0.0,739.0
2026-07-21 16:09:24.311,29.06,30.0,30.18,29.56,13.31,28.95,928.2,24.4,-40.0,1.0,1.0,0.0,0.0,0.0,739.0
2026-07-21 16:09:24.511,29.06,30.0,30.18,29.56,13.31,28.95,928.2,24.4,-40.0,1.0,1.0,0.0,0.0,0.0,739.0
2026-07-21 16:09:24.711,29.06,30.0,30.18,29.56,13.31,28.95,928.2,24.4,-40.0,1.0,1.0,0.0,0.0,0.0,739.0
2026-07-21 16:09:24.911,29.06,29.93,30.18,29.56,13.31,28.95,928.2,24.4,-40.0,1.0,1.0,0.0,0.0,0.0,739.0
2026-07-21 16:09:25.112,29.06,29.93,30.18,29.56,13.31,28.95,928.2,24.5,-40.0,1.0,1.0,0.0,0.0,0.0,740.0
2026-07-21 16:09:25.311,29.06,29.93,30.18,29.56,13.31,28.95,928.2,24.5,-40.0,1.0,1.0,0.0,0.0,0.0,740.0
2026-07-21 16:09:25.512,29.06,29.93,30.18,29.56,13.31,28.95,928.2,24.5,-40.0,1.0,1.0,0.0,0.0,0.0,740.0
2026-07-21 16:09:25.711,29.06,29.93,30.18,29.56,13.31,28.95,928.1,24.7,-40.0,1.0,1.0,0.0,0.0,0.0,740.0
2026-07-21 16:09:25.912,29.06,30.0,30.18,29.56,13.31,28.95,928.1,24.7,-40.0,1.0,1.0,0.0,0.0,0.0,740.0
2026-07-21 16:09:26.131,29.06,30.0,30.18,29.56,13.31,28.95,928.2,24.8,-40.0,1.0,1.0,0.0,0.0,0.0,741.0
2026-07-21 16:09:26.311,29.06,30.0,30.18,29.56,13.31,28.95,928.2,24.8,-40.0,1.0,1.0,0.0,0.0,0.0,741.0
2026-07-21 16:09:26.511,29.06,30.0,30.18,29.56,13.31,28.95,928.2,24.8,-40.0,1.0,1.0,0.0,0.0,0.0,741.0
2026-07-21 16:09:26.732,29.06,30.0,30.18,29.56,13.31,28.95,928.2,24.8,-40.0,1.0,1.0,0.0,0.0,0.0,741.0
2026-07-21 16:09:26.911,29.06,30.0,30.25,29.56,13.31,28.95,928.2,24.8,-40.0,1.0,1.0,0.0,0.0,0.0,741.0
2026-07-21 16:09:27.112,29.06,30.0,30.25,29.56,13.31,28.95,928.2,24.4,-40.0,1.0,1.0,0.0,0.0,0.0,742.0
2026-07-21 16:09:27.311,29.06,30.0,30.25,29.56,13.31,28.95,928.2,24.4,-40.0,1.0,1.0,0.0,0.0,0.0,742.0
2026-07-21 16:09:27.511,29.06,30.0,30.25,29.56,13.31,28.95,928.2,24.4,-40.0,1.0,1.0,0.0,0.0,0.0,742.0
2026-07-21 16:09:27.712,29.06,30.0,30.25,29.56,13.31,28.95,928.1,24.7,-40.0,1.0,1.0,0.0,0.0,0.0,742.0
2026-07-21 16:09:27.911,29.06,30.0,30.25,29.56,13.31,28.95,928.1,24.7,-40.0,1.0,1.0,0.0,0.0,0.0,742.0
2026-07-21 16:09:28.112,29.06,30.0,30.25,29.56,13.31,28.95,928.2,24.9,-40.0,1.0,1.0,0.0,0.0,0.0,743.0
2026-07-21 16:09:28.311,29.06,30.0,30.25,29.56,13.31,28.95,928.2,24.9,-40.0,1.0,1.0,0.0,0.0,0.0,743.0
2026-07-21 16:09:28.511,29.06,30.0,30.25,29.56,13.31,28.95,928.2,24.9,-40.0,1.0,1.0,0.0,0.0,0.0,743.0
2026-07-21 16:09:28.712,29.06,30.0,30.25,29.56,13.31,28.95,928.2,24.5,-40.0,1.0,1.0,0.0,0.0,0.0,743.0
2026-07-21 16:09:28.917,29.06,30.0,30.18,29.56,13.31,28.95,928.2,24.5,-40.0,1.0,1.0,0.0,0.0,0.0,743.0
2026-07-21 16:09:29.113,29.06,30.0,30.18,29.56,13.31,28.95,928.2,24.5,-40.0,1.0,1.0,0.0,0.0,0.0,744.0
2026-07-21 16:09:29.311,29.06,30.0,30.18,29.56,13.31,28.95,928.2,24.5,-40.0,1.0,1.0,0.0,0.0,0.0,744.0
2026-07-21 16:09:29.511,29.06,30.0,30.18,29.56,13.31,28.95,928.2,24.5,-40.0,1.0,1.0,0.0,0.0,0.0,744.0
2026-07-21 16:09:29.712,29.06,30.0,30.18,29.56,13.31,28.95,928.2,24.5,-40.0,1.0,1.0,0.0,0.0,0.0,744.0
2026-07-21 16:09:29.911,29.06,30.0,30.25,29.56,13.31,28.95,928.2,24.5,-40.0,1.0,1.0,0.0,0.0,0.0,744.0
2026-07-21 16:09:30.111,29.06,30.0,30.25,29.56,13.31,28.95,928.2,24.5,-40.0,1.0,1.0,0.0,0.0,0.0,745.0
2026-07-21 16:09:30.312,29.06,30.0,30.25,29.56,13.31,28.95,928.2,24.5,-40.0,1.0,1.0,0.0,0.0,0.0,745.0
2026-07-21 16:09:30.510,29.06,30.0,30.25,29.56,13.31,28.95,928.2,24.5,-40.0,1.0,1.0,0.0,0.0,0.0,745.0
2026-07-21 16:09:30.711,29.06,30.0,30.25,29.56,13.31,28.95,928.2,24.5,-40.0,1.0,1.0,0.0,0.0,0.0,745.0
2026-07-21 16:09:30.911,29.06,30.0,30.18,29.56,13.25,28.95,928.2,24.5,-40.0,1.0,1.0,0.0,0.0,0.0,745.0
2026-07-21 16:09:31.111,29.06,30.0,30.18,29.56,13.25,28.95,928.2,24.6,-40.0,1.0,1.0,0.0,0.0,0.0,746.0
2026-07-21 16:09:31.311,29.06,30.0,30.18,29.56,13.25,28.95,928.2,24.6,-40.0,1.0,1.0,0.0,0.0,0.0,746.0
2026-07-21 16:09:31.511,29.06,30.0,30.18,29.56,13.25,28.95,928.2,24.6,-40.0,1.0,1.0,0.0,0.0,0.0,746.0
2026-07-21 16:09:31.711,29.06,30.0,30.18,29.56,13.25,28.95,928.2,24.4,-40.0,1.0,1.0,0.0,0.0,0.0,746.0
2026-07-21 16:09:31.912,29.0,30.0,30.18,29.56,13.25,28.95,928.2,24.4,-40.0,1.0,1.0,0.0,0.0,0.0,746.0
2026-07-21 16:09:32.112,29.0,30.0,30.18,29.56,13.25,28.95,928.2,24.4,-40.0,1.0,1.0,0.0,0.0,0.0,747.0
2026-07-21 16:09:32.312,29.0,30.0,30.18,29.56,13.25,28.95,928.2,24.4,-40.0,1.0,1.0,0.0,0.0,0.0,747.0
2026-07-21 16:09:32.511,29.0,30.0,30.18,29.56,13.25,28.95,928.2,24.4,-40.0,1.0,1.0,0.0,0.0,0.0,747.0
2026-07-21 16:09:32.711,29.0,30.0,30.18,29.56,13.25,28.95,928.1,24.6,-40.0,1.0,1.0,0.0,0.0,0.0,747.0
2026-07-21 16:09:32.911,29.06,30.0,30.25,29.56,13.25,28.95,928.1,24.6,-40.0,1.0,1.0,0.0,0.0,0.0,747.0
2026-07-21 16:09:33.111,29.06,30.0,30.25,29.56,13.25,28.95,928.2,24.5,-40.0,1.0,1.0,0.0,0.0,0.0,748.0
2026-07-21 16:09:33.311,29.06,30.0,30.25,29.56,13.25,28.95,928.2,24.5,-40.0,1.0,1.0,0.0,0.0,0.0,748.0
2026-07-21 16:09:33.515,29.06,30.0,30.25,29.56,13.25,28.95,928.2,24.5,-40.0,1.0,1.0,0.0,0.0,0.0,748.0
2026-07-21 16:09:33.712,29.06,30.0,30.25,29.56,13.25,28.95,928.2,24.7,-40.0,1.0,1.0,0.0,0.0,0.0,748.0
2026-07-21 16:09:33.912,29.0,30.0,30.25,29.56,13.31,28.95,928.2,24.7,-40.0,1.0,1.0,0.0,0.0,0.0,748.0
2026-07-21 16:09:34.112,29.0,30.0,30.25,29.56,13.31,28.95,928.1,24.8,-40.0,1.0,1.0,0.0,0.0,0.0,749.0
2026-07-21 16:09:34.311,29.0,30.0,30.25,29.56,13.31,28.95,928.1,24.8,-40.0,1.0,1.0,0.0,0.0,0.0,749.0
2026-07-21 16:09:34.511,29.0,30.0,30.25,29.56,13.31,28.95,928.1,24.8,-40.0,1.0,1.0,0.0,0.0,0.0,749.0
2026-07-21 16:09:34.712,29.0,30.0,30.25,29.56,13.31,28.95,928.2,24.6,-40.0,1.0,1.0,0.0,0.0,0.0,749.0
2026-07-21 16:09:34.913,29.06,30.0,30.25,29.56,13.25,28.95,928.2,24.6,-40.0,1.0,1.0,0.0,0.0,0.0,749.0
2026-07-21 16:09:35.111,29.06,30.0,30.25,29.56,13.25,28.94,928.2,24.5,-40.0,1.0,1.0,0.0,0.0,0.0,750.0
2026-07-21 16:09:35.311,29.06,30.0,30.25,29.56,13.25,28.94,928.2,24.5,-40.0,1.0,1.0,0.0,0.0,0.0,750.0
2026-07-21 16:09:35.543,29.06,30.0,30.25,29.56,13.25,28.94,928.2,24.5,-40.0,1.0,1.0,0.0,0.0,0.0,750.0
2026-07-21 16:09:35.712,29.06,30.0,30.25,29.56,13.25,28.95,928.2,24.6,-40.0,1.0,1.0,0.0,0.0,0.0,750.0
2026-07-21 16:09:35.910,29.0,30.0,30.25,29.56,13.25,28.95,928.2,24.6,-40.0,1.0,1.0,0.0,0.0,0.0,750.0
2026-07-21 16:09:36.138,29.0,30.0,30.25,29.56,13.25,28.95,928.2,24.4,-40.0,1.0,1.0,0.0,0.0,0.0,751.0
2026-07-21 16:09:36.311,29.0,30.0,30.25,29.56,13.25,28.95,928.2,24.4,-40.0,1.0,1.0,0.0,0.0,0.0,751.0
2026-07-21 16:09:36.513,29.0,30.0,30.25,29.56,13.25,28.95,928.2,24.4,-40.0,1.0,1.0,0.0,0.0,0.0,751.0
2026-07-21 16:09:36.713,29.0,30.0,30.25,29.56,13.25,28.95,928.2,24.7,-40.0,1.0,1.0,0.0,0.0,0.0,751.0
2026-07-21 16:09:36.911,29.0,30.0,30.18,29.56,13.18,28.95,928.2,24.7,-40.0,1.0,1.0,0.0,0.0,0.0,751.0
2026-07-21 16:09:37.111,29.0,30.0,30.18,29.56,13.18,28.95,928.2,24.7,-40.0,1.0,1.0,0.0,0.0,0.0,752.0
2026-07-21 16:09:37.311,29.0,30.0,30.18,29.56,13.18,28.95,928.2,24.7,-40.0,1.0,1.0,0.0,0.0,0.0,752.0
2026-07-21 16:09:37.512,29.0,30.0,30.18,29.56,13.18,28.95,928.2,24.7,-40.0,1.0,1.0,0.0,0.0,0.0,752.0
2026-07-21 16:09:37.712,29.0,30.0,30.18,29.56,13.18,28.95,928.2,24.9,-40.0,1.0,1.0,0.0,0.0,0.0,752.0
2026-07-21 16:09:37.911,29.0,30.0,30.18,29.56,13.25,28.95,928.2,24.9,-40.0,1.0,1.0,0.0,0.0,0.0,752.0
2026-07-21 16:09:38.112,29.0,30.0,30.18,29.56,13.25,28.95,928.2,24.6,-40.0,1.0,1.0,0.0,0.0,0.0,753.0
2026-07-21 16:09:38.311,29.0,30.0,30.18,29.56,13.25,28.95,928.2,24.6,-40.0,1.0,1.0,0.0,0.0,0.0,753.0
2026-07-21 16:09:38.510,29.0,30.0,30.18,29.56,13.25,28.95,928.2,24.6,-40.0,1.0,1.0,0.0,0.0,0.0,753.0
2026-07-21 16:09:38.711,29.0,30.0,30.18,29.56,13.25,28.96,928.2,24.4,-40.0,1.0,1.0,0.0,0.0,0.0,753.0
2026-07-21 16:09:38.918,29.0,30.0,30.25,29.56,13.25,28.96,928.2,24.4,-40.0,1.0,1.0,0.0,0.0,0.0,753.0
2026-07-21 16:09:39.112,29.0,30.0,30.25,29.56,13.25,28.95,928.2,24.6,-40.0,1.0,1.0,0.0,0.0,0.0,754.0
2026-07-21 16:09:39.310,29.0,30.0,30.25,29.56,13.25,28.95,928.2,24.6,-40.0,1.0,1.0,0.0,0.0,0.0,754.0
2026-07-21 16:09:39.511,29.0,30.0,30.25,29.56,13.25,28.95,928.2,24.6,-40.0,1.0,1.0,0.0,0.0,0.0,754.0
2026-07-21 16:09:39.711,29.0,30.0,30.25,29.56,13.25,28.95,928.2,24.5,-40.0,1.0,1.0,0.0,0.0,0.0,754.0
2026-07-21 16:09:39.910,29.0,30.0,30.25,29.56,13.18,28.95,928.2,24.5,-40.0,1.0,1.0,0.0,0.0,0.0,754.0
2026-07-21 16:09:40.111,29.0,30.0,30.25,29.56,13.18,28.95,928.2,24.8,-40.0,1.0,1.0,0.0,0.0,0.0,755.0
2026-07-21 16:09:40.311,29.0,30.0,30.25,29.56,13.18,28.95,928.2,24.8,-40.0,1.0,1.0,0.0,0.0,0.0,755.0
2026-07-21 16:09:40.510,29.0,30.0,30.25,29.56,13.18,28.95,928.2,24.8,-40.0,1.0,1.0,0.0,0.0,0.0,755.0
2026-07-21 16:09:40.712,29.0,30.0,30.25,29.56,13.18,28.95,928.2,24.6,-40.0,1.0,1.0,0.0,0.0,0.0,755.0
2026-07-21 16:09:40.912,29.0,30.0,30.25,29.56,13.25,28.95,928.2,24.6,-40.0,1.0,1.0,0.0,0.0,0.0,755.0
2026-07-21 16:09:41.112,29.0,30.0,30.25,29.56,13.25,28.95,928.2,24.5,-40.0,1.0,1.0,0.0,0.0,0.0,756.0
2026-07-21 16:09:41.320,29.0,30.0,30.25,29.56,13.25,28.95,928.2,24.5,-40.0,1.0,1.0,0.0,0.0,0.0,756.0
2026-07-21 16:09:41.510,29.0,30.0,30.25,29.56,13.25,28.95,928.2,24.5,-40.0,1.0,1.0,0.0,0.0,0.0,756.0
2026-07-21 16:09:41.711,29.0,30.0,30.25,29.56,13.25,28.95,928.2,24.5,-40.0,1.0,1.0,0.0,0.0,0.0,756.0
2026-07-21 16:09:41.911,29.0,30.0,30.25,29.56,13.18,28.95,928.2,24.5,-40.0,1.0,1.0,0.0,0.0,0.0,756.0
2026-07-21 16:09:42.111,29.0,30.0,30.25,29.56,13.18,28.95,928.2,24.5,-40.0,1.0,1.0,0.0,0.0,0.0,757.0
2026-07-21 16:09:42.311,29.0,30.0,30.25,29.56,13.18,28.95,928.2,24.5,-40.0,1.0,1.0,0.0,0.0,0.0,757.0
2026-07-21 16:09:42.510,29.0,30.0,30.25,29.56,13.18,28.95,928.2,24.5,-40.0,1.0,1.0,0.0,0.0,0.0,757.0
2026-07-21 16:09:42.711,29.0,30.0,30.25,29.56,13.18,28.95,928.2,24.5,-40.0,1.0,1.0,0.0,0.0,0.0,757.0
2026-07-21 16:09:42.917,29.0,30.0,30.18,29.56,13.18,28.95,928.2,24.5,-40.0,1.0,1.0,0.0,0.0,0.0,757.0
2026-07-21 16:09:43.112,29.0,30.0,30.18,29.56,13.18,28.95,928.2,24.7,-40.0,1.0,1.0,0.0,0.0,0.0,758.0
2026-07-21 16:09:43.310,29.0,30.0,30.18,29.56,13.18,28.95,928.2,24.7,-40.0,1.0,1.0,0.0,0.0,0.0,758.0
2026-07-21 16:09:43.510,29.0,30.0,30.18,29.56,13.18,28.95,928.2,24.7,-40.0,1.0,1.0,0.0,0.0,0.0,758.0
2026-07-21 16:09:43.711,29.0,30.0,30.18,29.56,13.18,28.95,928.2,24.7,-40.0,1.0,1.0,0.0,0.0,0.0,758.0
2026-07-21 16:09:43.921,29.0,30.0,30.25,29.56,13.18,28.95,928.2,24.7,-40.0,1.0,1.0,0.0,0.0,0.0,758.0
2026-07-21 16:09:44.110,29.0,30.0,30.25,29.56,13.18,28.95,928.2,24.8,-40.0,1.0,1.0,0.0,0.0,0.0,759.0
2026-07-21 16:09:44.310,29.0,30.0,30.25,29.56,13.18,28.95,928.2,24.8,-40.0,1.0,1.0,0.0,0.0,0.0,759.0
2026-07-21 16:09:44.512,29.0,30.0,30.25,29.56,13.18,28.95,928.2,24.8,-40.0,1.0,1.0,0.0,0.0,0.0,759.0
2026-07-21 16:09:44.711,29.0,30.0,30.25,29.56,13.18,28.95,928.2,24.4,-40.0,1.0,1.0,0.0,0.0,0.0,759.0
2026-07-21 16:09:44.911,29.0,30.0,30.25,29.56,13.18,28.95,928.2,24.4,-40.0,1.0,1.0,0.0,0.0,0.0,759.0
2026-07-21 16:09:45.111,29.0,30.0,30.25,29.56,13.18,28.95,928.2,24.5,-40.0,1.0,1.0,0.0,0.0,0.0,760.0
2026-07-21 16:09:45.310,29.0,30.0,30.25,29.56,13.18,28.95,928.2,24.5,-40.0,1.0,1.0,0.0,0.0,0.0,760.0
2026-07-21 16:09:45.554,29.0,30.0,30.25,29.56,13.18,28.95,928.2,24.5,-40.0,1.0,1.0,0.0,0.0,0.0,760.0
2026-07-21 16:09:45.711,29.0,30.0,30.25,29.56,13.18,28.95,928.2,24.7,-40.0,1.0,1.0,0.0,0.0,0.0,760.0
2026-07-21 16:09:45.911,29.0,30.0,30.18,29.56,13.25,28.95,928.2,24.7,-40.0,1.0,1.0,0.0,0.0,0.0,760.0
2026-07-21 16:09:46.111,29.0,30.0,30.18,29.56,13.25,28.95,928.2,24.6,-40.0,1.0,1.0,0.0,0.0,0.0,761.0
2026-07-21 16:09:46.310,29.0,30.0,30.18,29.56,13.25,28.95,928.2,24.6,-40.0,1.0,1.0,0.0,0.0,0.0,761.0
2026-07-21 16:09:46.510,29.0,30.0,30.18,29.56,13.25,28.95,928.2,24.6,-40.0,1.0,1.0,0.0,0.0,0.0,761.0
2026-07-21 16:09:46.711,29.0,30.0,30.18,29.56,13.25,28.95,928.2,24.6,-40.0,1.0,1.0,0.0,0.0,0.0,761.0
2026-07-21 16:09:46.910,29.0,30.0,30.25,29.56,13.18,28.95,928.2,24.6,-40.0,1.0,1.0,0.0,0.0,0.0,761.0
2026-07-21 16:09:47.121,29.0,30.0,30.25,29.56,13.18,28.95,928.2,24.8,-40.0,1.0,1.0,0.0,0.0,0.0,762.0
2026-07-21 16:09:47.310,29.0,30.0,30.25,29.56,13.18,28.95,928.2,24.8,-40.0,1.0,1.0,0.0,0.0,0.0,762.0
2026-07-21 16:09:47.510,29.0,30.0,30.25,29.56,13.18,28.95,928.2,24.8,-40.0,1.0,1.0,0.0,0.0,0.0,762.0
2026-07-21 16:09:47.710,29.0,30.0,30.25,29.56,13.18,28.95,928.2,24.6,-40.0,1.0,1.0,0.0,0.0,0.0,762.0
2026-07-21 16:09:47.911,29.0,30.0,30.25,29.62,13.18,28.95,928.2,24.6,-40.0,1.0,1.0,0.0,0.0,0.0,762.0
2026-07-21 16:09:48.130,29.0,30.0,30.25,29.62,13.18,28.95,928.2,24.5,-40.0,1.0,1.0,0.0,0.0,0.0,763.0
2026-07-21 16:09:48.311,29.0,30.0,30.25,29.62,13.18,28.95,928.2,24.5,-40.0,1.0,1.0,0.0,0.0,0.0,763.0
2026-07-21 16:09:48.511,29.0,30.0,30.25,29.62,13.18,28.95,928.2,24.5,-40.0,1.0,1.0,0.0,0.0,0.0,763.0
2026-07-21 16:09:48.710,29.0,30.0,30.25,29.62,13.18,28.95,928.1,24.5,-40.0,1.0,1.0,0.0,0.0,0.0,763.0
2026-07-21 16:09:48.910,29.0,30.0,30.18,29.62,13.18,28.95,928.1,24.5,-40.0,1.0,1.0,0.0,0.0,0.0,763.0
2026-07-21 16:09:49.110,29.0,30.0,30.18,29.62,13.18,28.95,928.1,24.5,-40.0,1.0,1.0,0.0,0.0,0.0,764.0
2026-07-21 16:09:49.311,29.0,30.0,30.18,29.62,13.18,28.95,928.1,24.5,-40.0,1.0,1.0,0.0,0.0,0.0,764.0
2026-07-21 16:09:49.512,29.0,30.0,30.18,29.62,13.18,28.95,928.1,24.5,-40.0,1.0,1.0,0.0,0.0,0.0,764.0
2026-07-21 16:09:49.712,29.0,30.0,30.18,29.62,13.18,28.95,928.1,24.7,-40.0,1.0,1.0,0.0,0.0,0.0,764.0
2026-07-21 16:09:49.910,29.0,30.0,30.25,29.62,13.18,28.95,928.1,24.7,-40.0,1.0,1.0,0.0,0.0,0.0,764.0
2026-07-21 16:09:50.114,29.0,30.0,30.25,29.62,13.18,28.95,928.1,24.8,-40.0,1.0,1.0,0.0,0.0,0.0,765.0
2026-07-21 16:09:50.311,29.0,30.0,30.25,29.62,13.18,28.95,928.1,24.8,-40.0,1.0,1.0,0.0,0.0,0.0,765.0
2026-07-21 16:09:50.513,29.0,30.0,30.25,29.62,13.18,28.95,928.1,24.8,-40.0,1.0,1.0,0.0,0.0,0.0,765.0
2026-07-21 16:09:50.723,29.0,30.0,30.25,29.62,13.18,28.95,928.1,24.8,-40.0,1.0,1.0,0.0,0.0,0.0,765.0
2026-07-21 16:09:50.911,29.0,30.06,30.18,29.56,13.12,28.95,928.1,24.8,-40.0,1.0,1.0,0.0,0.0,0.0,765.0
2026-07-21 16:09:51.110,29.0,30.06,30.18,29.56,13.12,28.96,928.1,24.3,-40.0,1.0,1.0,0.0,0.0,0.0,766.0
2026-07-21 16:09:51.310,29.0,30.06,30.18,29.56,13.12,28.96,928.1,24.3,-40.0,1.0,1.0,0.0,0.0,0.0,766.0
2026-07-21 16:09:51.510,29.0,30.06,30.18,29.56,13.12,28.96,928.1,24.3,-40.0,1.0,1.0,0.0,0.0,0.0,766.0
2026-07-21 16:09:51.710,29.0,30.06,30.18,29.56,13.12,28.95,928.1,24.6,-40.0,1.0,1.0,0.0,0.0,0.0,766.0
2026-07-21 16:09:51.911,29.0,30.0,30.18,29.56,13.12,28.95,928.1,24.6,-40.0,1.0,1.0,0.0,0.0,0.0,766.0
2026-07-21 16:09:52.114,29.0,30.0,30.18,29.56,13.12,28.96,928.1,24.4,-40.0,1.0,1.0,0.0,0.0,0.0,767.0
2026-07-21 16:09:52.335,29.0,30.0,30.18,29.56,13.12,28.96,928.1,24.4,-40.0,1.0,1.0,0.0,0.0,0.0,767.0
2026-07-21 16:09:52.536,29.0,30.0,30.18,29.56,13.12,28.96,928.1,24.4,-40.0,1.0,1.0,0.0,0.0,0.0,767.0
2026-07-21 16:09:52.710,29.0,30.0,30.18,29.56,13.12,28.96,928.2,24.3,-40.0,1.0,1.0,0.0,0.0,0.0,767.0
2026-07-21 16:09:52.911,29.0,30.06,30.18,29.56,13.12,28.96,928.2,24.3,-40.0,1.0,1.0,0.0,0.0,0.0,767.0
2026-07-21 16:09:53.110,29.0,30.06,30.18,29.56,13.12,28.95,928.1,24.5,-40.0,1.0,1.0,0.0,0.0,0.0,768.0
2026-07-21 16:09:53.311,29.0,30.06,30.18,29.56,13.12,28.95,928.1,24.5,-40.0,1.0,1.0,0.0,0.0,0.0,768.0
2026-07-21 16:09:53.511,29.0,30.06,30.18,29.56,13.12,28.95,928.1,24.5,-40.0,1.0,1.0,0.0,0.0,0.0,768.0
2026-07-21 16:09:53.711,29.0,30.06,30.18,29.56,13.12,28.95,928.1,24.6,-40.0,1.0,1.0,0.0,0.0,0.0,768.0
2026-07-21 16:09:53.910,29.0,30.0,30.18,29.56,13.12,28.95,928.1,24.6,-40.0,1.0,1.0,0.0,0.0,0.0,768.0
2026-07-21 16:09:54.110,29.0,30.0,30.18,29.56,13.12,28.96,928.1,24.9,-40.0,1.0,1.0,0.0,0.0,0.0,769.0
2026-07-21 16:09:54.310,29.0,30.0,30.18,29.56,13.12,28.96,928.1,24.9,-40.0,1.0,1.0,0.0,0.0,0.0,769.0
2026-07-21 16:09:54.510,29.0,30.0,30.18,29.56,13.12,28.96,928.1,24.9,-40.0,1.0,1.0,0.0,0.0,0.0,769.0
2026-07-21 16:09:54.710,29.0,30.0,30.18,29.56,13.12,28.96,928.1,24.6,-40.0,1.0,1.0,0.0,0.0,0.0,769.0
2026-07-21 16:09:54.910,29.0,30.06,30.25,29.56,13.12,28.96,928.1,24.6,-40.0,1.0,1.0,0.0,0.0,0.0,769.0
2026-07-21 16:09:55.111,29.0,30.06,30.25,29.56,13.12,28.96,928.2,24.4,-40.0,1.0,1.0,0.0,0.0,0.0,770.0
2026-07-21 16:09:55.310,29.0,30.06,30.25,29.56,13.12,28.96,928.2,24.4,-40.0,1.0,1.0,0.0,0.0,0.0,770.0
2026-07-21 16:09:55.510,29.0,30.06,30.25,29.56,13.12,28.96,928.2,24.4,-40.0,1.0,1.0,0.0,0.0,0.0,770.0
2026-07-21 16:09:55.711,29.0,30.06,30.25,29.56,13.12,28.96,928.1,24.6,-40.0,1.0,1.0,0.0,0.0,0.0,770.0
2026-07-21 16:09:55.913,28.93,30.06,30.18,29.62,13.12,28.96,928.1,24.6,-40.0,1.0,1.0,0.0,0.0,0.0,770.0
2026-07-21 16:09:56.110,28.93,30.06,30.18,29.62,13.12,28.95,928.1,24.4,-40.0,1.0,1.0,0.0,0.0,0.0,771.0
2026-07-21 16:09:56.311,28.93,30.06,30.18,29.62,13.12,28.95,928.1,24.4,-40.0,1.0,1.0,0.0,0.0,0.0,771.0
2026-07-21 16:09:56.510,28.93,30.06,30.18,29.62,13.12,28.95,928.1,24.4,-40.0,1.0,1.0,0.0,0.0,0.0,771.0
2026-07-21 16:09:56.711,28.93,30.06,30.18,29.62,13.12,28.96,928.1,24.5,-40.0,1.0,1.0,0.0,0.0,0.0,771.0
2026-07-21 16:09:56.910,29.0,30.06,30.18,29.62,13.12,28.96,928.1,24.5,-40.0,1.0,1.0,0.0,0.0,0.0,771.0
2026-07-21 16:09:57.111,29.0,30.06,30.18,29.62,13.12,28.96,928.1,24.2,-40.0,1.0,1.0,0.0,0.0,0.0,772.0
2026-07-21 16:09:57.310,29.0,30.06,30.18,29.62,13.12,28.96,928.1,24.2,-40.0,1.0,1.0,0.0,0.0,0.0,772.0
2026-07-21 16:09:57.510,29.0,30.06,30.18,29.62,13.12,28.96,928.1,24.2,-40.0,1.0,1.0,0.0,0.0,0.0,772.0
2026-07-21 16:09:57.710,29.0,30.06,30.18,29.62,13.12,28.96,928.1,24.6,-40.0,1.0,1.0,0.0,0.0,0.0,772.0
2026-07-21 16:09:57.910,28.93,30.06,30.25,29.62,13.12,28.96,928.1,24.6,-40.0,1.0,1.0,0.0,0.0,0.0,772.0
2026-07-21 16:09:58.134,28.93,30.06,30.25,29.62,13.12,28.96,928.1,24.5,-40.0,1.0,1.0,0.0,0.0,0.0,773.0
2026-07-21 16:09:58.310,28.93,30.06,30.25,29.62,13.12,28.96,928.1,24.5,-40.0,1.0,1.0,0.0,0.0,0.0,773.0
2026-07-21 16:09:58.510,28.93,30.06,30.25,29.62,13.12,28.96,928.1,24.5,-40.0,1.0,1.0,0.0,0.0,0.0,773.0
2026-07-21 16:09:58.710,28.93,30.06,30.25,29.62,13.12,28.96,928.1,24.8,-40.0,1.0,1.0,0.0,0.0,0.0,773.0
2026-07-21 16:09:58.910,29.0,30.06,30.18,29.62,13.12,28.96,928.1,24.8,-40.0,1.0,1.0,0.0,0.0,0.0,773.0
2026-07-21 16:09:59.110,29.0,30.06,30.18,29.62,13.12,28.95,928.1,24.5,-40.0,1.0,1.0,0.0,0.0,0.0,774.0
2026-07-21 16:09:59.310,29.0,30.06,30.18,29.62,13.12,28.95,928.1,24.5,-40.0,1.0,1.0,0.0,0.0,0.0,774.0
2026-07-21 16:09:59.510,29.0,30.06,30.18,29.62,13.12,28.95,928.1,24.5,-40.0,1.0,1.0,0.0,0.0,0.0,774.0
2026-07-21 16:09:59.710,29.0,30.06,30.18,29.62,13.12,28.96,928.2,24.9,-40.0,1.0,1.0,0.0,0.0,0.0,774.0
2026-07-21 16:09:59.910,28.93,30.06,30.18,29.56,13.12,28.96,928.2,24.9,-40.0,1.0,1.0,0.0,0.0,0.0,774.0
2026-07-21 16:10:00.111,28.93,30.06,30.18,29.56,13.12,28.96,928.2,24.5,-40.0,1.0,1.0,0.0,0.0,0.0,775.0
2026-07-21 16:10:00.311,28.93,30.06,30.18,29.56,13.12,28.96,928.2,24.5,-40.0,1.0,1.0,0.0,0.0,0.0,775.0
2026-07-21 16:10:00.510,28.93,30.06,30.18,29.56,13.12,28.96,928.2,24.5,-40.0,1.0,1.0,0.0,0.0,0.0,775.0
2026-07-21 16:10:00.718,28.93,30.06,30.18,29.56,13.12,28.96,928.2,24.3,-40.0,1.0,1.0,0.0,0.0,0.0,775.0
2026-07-21 16:10:00.910,28.93,30.06,30.18,29.62,13.06,28.96,928.2,24.3,-40.0,1.0,1.0,0.0,0.0,0.0,775.0
2026-07-21 16:10:01.135,28.93,30.06,30.18,29.62,13.06,28.96,928.2,24.7,-40.0,1.0,1.0,0.0,0.0,0.0,776.0
2026-07-21 16:10:01.310,28.93,30.06,30.18,29.62,13.06,28.96,928.2,24.7,-40.0,1.0,1.0,0.0,0.0,0.0,776.0
2026-07-21 16:10:01.510,28.93,30.06,30.18,29.62,13.06,28.96,928.2,24.7,-40.0,1.0,1.0,0.0,0.0,0.0,776.0
2026-07-21 16:10:01.710,28.93,30.06,30.18,29.62,13.06,28.97,928.2,24.7,-40.0,1.0,1.0,0.0,0.0,0.0,776.0
2026-07-21 16:10:01.910,28.93,30.06,30.25,29.62,13.06,28.97,928.2,24.7,-40.0,1.0,1.0,0.0,0.0,0.0,776.0
2026-07-21 16:10:02.110,28.93,30.06,30.25,29.62,13.06,28.96,928.2,24.5,-40.0,1.0,1.0,0.0,0.0,0.0,777.0
2026-07-21 16:10:02.311,28.93,30.06,30.25,29.62,13.06,28.96,928.2,24.5,-40.0,1.0,1.0,0.0,0.0,0.0,777.0
2026-07-21 16:10:02.510,28.93,30.06,30.25,29.62,13.06,28.96,928.2,24.5,-40.0,1.0,1.0,0.0,0.0,0.0,777.0
2026-07-21 16:10:02.711,28.93,30.06,30.25,29.62,13.06,28.96,928.2,24.4,-40.0,1.0,1.0,0.0,0.0,0.0,777.0
2026-07-21 16:10:02.910,28.93,30.06,30.18,29.62,13.06,28.96,928.2,24.4,-40.0,1.0,1.0,0.0,0.0,0.0,777.0
2026-07-21 16:10:03.111,28.93,30.06,30.18,29.62,13.06,28.97,928.1,24.5,-40.0,1.0,1.0,0.0,0.0,0.0,778.0
2026-07-21 16:10:03.310,28.93,30.06,30.18,29.62,13.06,28.97,928.1,24.5,-40.0,1.0,1.0,0.0,0.0,0.0,778.0
2026-07-21 16:10:03.510,28.93,30.06,30.18,29.62,13.06,28.97,928.1,24.5,-40.0,1.0,1.0,0.0,0.0,0.0,778.0
2026-07-21 16:10:03.710,28.93,30.06,30.18,29.62,13.06,28.97,928.2,24.3,-40.0,1.0,1.0,0.0,0.0,0.0,778.0
2026-07-21 16:10:03.910,28.93,30.06,30.18,29.62,13.06,28.97,928.2,24.3,-40.0,1.0,1.0,0.0,0.0,0.0,778.0
2026-07-21 16:10:04.110,28.93,30.06,30.18,29.62,13.06,28.97,928.2,24.7,-40.0,1.0,1.0,0.0,0.0,0.0,779.0
2026-07-21 16:10:04.310,28.93,30.06,30.18,29.62,13.06,28.97,928.2,24.7,-40.0,1.0,1.0,0.0,0.0,0.0,779.0
2026-07-21 16:10:04.510,28.93,30.06,30.18,29.62,13.06,28.97,928.2,24.7,-40.0,1.0,1.0,0.0,0.0,0.0,779.0
2026-07-21 16:10:04.714,28.93,30.06,30.18,29.62,13.06,28.96,928.2,24.6,-40.0,1.0,1.0,0.0,0.0,0.0,779.0
2026-07-21 16:10:04.910,28.93,30.06,30.18,29.62,13.06,28.96,928.2,24.6,-40.0,1.0,1.0,0.0,0.0,0.0,779.0
2026-07-21 16:10:05.111,28.93,30.06,30.18,29.62,13.06,28.96,928.1,24.6,-40.0,1.0,1.0,0.0,0.0,0.0,780.0
2026-07-21 16:10:05.310,28.93,30.06,30.18,29.62,13.06,28.96,928.1,24.6,-40.0,1.0,1.0,0.0,0.0,0.0,780.0
2026-07-21 16:10:05.511,28.93,30.06,30.18,29.62,13.06,28.96,928.1,24.6,-40.0,1.0,1.0,0.0,0.0,0.0,780.0
2026-07-21 16:10:05.710,28.93,30.06,30.18,29.62,13.06,28.97,928.1,24.7,-40.0,1.0,1.0,0.0,0.0,0.0,780.0
2026-07-21 16:10:05.911,28.93,30.06,30.18,29.62,13.06,28.97,928.1,24.7,-40.0,1.0,1.0,0.0,0.0,0.0,780.0
2026-07-21 16:10:06.110,28.93,30.06,30.18,29.62,13.06,28.97,928.1,24.5,-40.0,1.0,1.0,0.0,0.0,0.0,781.0
2026-07-21 16:10:06.310,28.93,30.06,30.18,29.62,13.06,28.97,928.1,24.5,-40.0,1.0,1.0,0.0,0.0,0.0,781.0
2026-07-21 16:10:06.510,28.93,30.06,30.18,29.62,13.06,28.97,928.1,24.5,-40.0,1.0,1.0,0.0,0.0,0.0,781.0
2026-07-21 16:10:06.710,28.93,30.06,30.18,29.62,13.06,28.97,928.1,24.3,-40.0,1.0,1.0,0.0,0.0,0.0,781.0
2026-07-21 16:10:06.910,28.93,30.06,30.25,29.62,13.06,28.97,928.1,24.3,-40.0,1.0,1.0,0.0,0.0,0.0,781.0
2026-07-21 16:10:07.110,28.93,30.06,30.25,29.62,13.06,28.96,928.2,24.3,-40.0,1.0,1.0,0.0,0.0,0.0,782.0
2026-07-21 16:10:07.311,28.93,30.06,30.25,29.62,13.06,28.96,928.2,24.3,-40.0,1.0,1.0,0.0,0.0,0.0,782.0
2026-07-21 16:10:07.510,28.93,30.06,30.25,29.62,13.06,28.96,928.2,24.3,-40.0,1.0,1.0,0.0,0.0,0.0,782.0
2026-07-21 16:10:07.716,28.93,30.06,30.25,29.62,13.06,28.96,928.2,24.3,-40.0,1.0,1.0,0.0,0.0,0.0,782.0
2026-07-21 16:10:07.910,28.93,30.06,30.18,29.62,13.06,28.96,928.2,24.3,-40.0,1.0,1.0,0.0,0.0,0.0,782.0
2026-07-21 16:10:08.110,28.93,30.06,30.18,29.62,13.06,28.96,928.1,24.4,-40.0,1.0,1.0,0.0,0.0,0.0,783.0
2026-07-21 16:10:08.310,28.93,30.06,30.18,29.62,13.06,28.96,928.1,24.4,-40.0,1.0,1.0,0.0,0.0,0.0,783.0
2026-07-21 16:10:08.510,28.93,30.06,30.18,29.62,13.06,28.96,928.1,24.4,-40.0,1.0,1.0,0.0,0.0,0.0,783.0
2026-07-21 16:10:08.710,28.93,30.06,30.18,29.62,13.06,28.97,928.2,24.5,-40.0,1.0,1.0,0.0,0.0,0.0,783.0
2026-07-21 16:10:08.910,28.93,30.06,30.18,29.62,13.06,28.97,928.2,24.5,-40.0,1.0,1.0,0.0,0.0,0.0,783.0
2026-07-21 16:10:09.110,28.93,30.06,30.18,29.62,13.06,28.96,928.2,24.0,-40.0,1.0,1.0,0.0,0.0,0.0,784.0
2026-07-21 16:10:09.310,28.93,30.06,30.18,29.62,13.06,28.96,928.2,24.0,-40.0,1.0,1.0,0.0,0.0,0.0,784.0
2026-07-21 16:10:09.509,28.93,30.06,30.18,29.62,13.06,28.96,928.2,24.0,-40.0,1.0,1.0,0.0,0.0,0.0,784.0
2026-07-21 16:10:09.710,28.93,30.06,30.18,29.62,13.06,28.98,928.2,24.5,-40.0,1.0,1.0,0.0,0.0,0.0,784.0
2026-07-21 16:10:09.910,28.93,30.06,30.18,29.62,13.06,28.98,928.2,24.5,-40.0,1.0,1.0,0.0,0.0,0.0,784.0
2026-07-21 16:10:10.110,28.93,30.06,30.18,29.62,13.06,28.97,928.1,24.5,-40.0,1.0,1.0,0.0,0.0,0.0,785.0
2026-07-21 16:10:10.311,28.93,30.06,30.18,29.62,13.06,28.97,928.1,24.5,-40.0,1.0,1.0,0.0,0.0,0.0,785.0
2026-07-21 16:10:10.511,28.93,30.06,30.18,29.62,13.06,28.97,928.1,24.5,-40.0,1.0,1.0,0.0,0.0,0.0,785.0
2026-07-21 16:10:10.711,28.93,30.06,30.18,29.62,13.06,28.97,928.2,24.5,-40.0,1.0,1.0,0.0,0.0,0.0,785.0
2026-07-21 16:10:10.910,28.93,30.06,30.18,29.62,13.06,28.97,928.2,24.5,-40.0,1.0,1.0,0.0,0.0,0.0,785.0
2026-07-21 16:10:11.110,28.93,30.06,30.18,29.62,13.06,28.96,928.1,24.2,-40.0,1.0,1.0,0.0,0.0,0.0,786.0
2026-07-21 16:10:11.328,28.93,30.06,30.18,29.62,13.06,28.96,928.1,24.2,-40.0,1.0,1.0,0.0,0.0,0.0,786.0
2026-07-21 16:10:11.509,28.93,30.06,30.18,29.62,13.06,28.96,928.1,24.2,-40.0,1.0,1.0,0.0,0.0,0.0,786.0
2026-07-21 16:10:11.710,28.93,30.06,30.18,29.62,13.06,28.97,928.0,24.3,-40.0,1.0,1.0,0.0,0.0,0.0,786.0
2026-07-21 16:10:11.910,28.93,30.06,30.25,29.62,13.06,28.97,928.0,24.3,-40.0,1.0,1.0,0.0,0.0,0.0,786.0
2026-07-21 16:10:12.110,28.93,30.06,30.25,29.62,13.06,28.97,928.2,24.3,-40.0,1.0,1.0,0.0,0.0,0.0,787.0
2026-07-21 16:10:12.321,28.93,30.06,30.25,29.62,13.06,28.97,928.2,24.3,-40.0,1.0,1.0,0.0,0.0,0.0,787.0
2026-07-21 16:10:12.510,28.93,30.06,30.25,29.62,13.06,28.97,928.2,24.3,-40.0,1.0,1.0,0.0,0.0,0.0,787.0
2026-07-21 16:10:12.710,28.93,30.06,30.25,29.62,13.06,28.96,928.2,24.4,-40.0,1.0,1.0,0.0,0.0,0.0,787.0
2026-07-21 16:10:12.910,28.93,30.06,30.18,29.62,13.0,28.96,928.2,24.4,-40.0,1.0,1.0,0.0,0.0,0.0,787.0
2026-07-21 16:10:13.110,28.93,30.06,30.18,29.62,13.0,28.97,928.2,24.5,-40.0,1.0,1.0,0.0,0.0,0.0,788.0
2026-07-21 16:10:13.310,28.93,30.06,30.18,29.62,13.0,28.97,928.2,24.5,-40.0,1.0,1.0,0.0,0.0,0.0,788.0
2026-07-21 16:10:13.510,28.93,30.06,30.18,29.62,13.0,28.97,928.2,24.5,-40.0,1.0,1.0,0.0,0.0,0.0,788.0
2026-07-21 16:10:13.710,28.93,30.06,30.18,29.62,13.0,28.97,928.1,24.1,-40.0,1.0,1.0,0.0,0.0,0.0,788.0
2026-07-21 16:10:13.910,28.93,30.06,30.18,29.62,13.0,28.97,928.1,24.1,-40.0,1.0,1.0,0.0,0.0,0.0,788.0
2026-07-21 16:10:14.110,28.93,30.06,30.18,29.62,13.0,28.97,928.2,24.4,-40.0,1.0,1.0,0.0,0.0,0.0,789.0
2026-07-21 16:10:14.318,28.93,30.06,30.18,29.62,13.0,28.97,928.2,24.4,-40.0,1.0,1.0,0.0,0.0,0.0,789.0
2026-07-21 16:10:14.511,28.93,30.06,30.18,29.62,13.0,28.97,928.2,24.4,-40.0,1.0,1.0,0.0,0.0,0.0,789.0
2026-07-21 16:10:14.710,28.93,30.06,30.18,29.62,13.0,28.97,928.2,24.4,-40.0,1.0,1.0,0.0,0.0,0.0,789.0
2026-07-21 16:10:14.911,28.87,30.06,30.25,29.62,13.0,28.97,928.2,24.4,-40.0,1.0,1.0,0.0,0.0,0.0,789.0
2026-07-21 16:10:15.110,28.87,30.06,30.25,29.62,13.0,28.97,928.2,24.4,-40.0,1.0,1.0,0.0,0.0,0.0,790.0
2026-07-21 16:10:15.310,28.87,30.06,30.25,29.62,13.0,28.97,928.2,24.4,-40.0,1.0,1.0,0.0,0.0,0.0,790.0
2026-07-21 16:10:15.510,28.87,30.06,30.25,29.62,13.0,28.97,928.2,24.4,-40.0,1.0,1.0,0.0,0.0,0.0,790.0
2026-07-21 16:10:15.711,28.87,30.06,30.25,29.62,13.0,28.97,928.1,24.5,-40.0,1.0,1.0,0.0,0.0,0.0,790.0
2026-07-21 16:10:15.926,28.93,30.06,30.18,29.62,13.0,28.97,928.1,24.5,-40.0,1.0,1.0,0.0,0.0,0.0,790.0
2026-07-21 16:10:16.110,28.93,30.06,30.18,29.62,13.0,28.96,928.2,24.4,-40.0,1.0,1.0,0.0,0.0,0.0,791.0
2026-07-21 16:10:16.311,28.93,30.06,30.18,29.62,13.0,28.96,928.2,24.4,-40.0,1.0,1.0,0.0,0.0,0.0,791.0
2026-07-21 16:10:16.525,28.93,30.06,30.18,29.62,13.0,28.96,928.2,24.4,-40.0,1.0,1.0,0.0,0.0,0.0,791.0
2026-07-21 16:10:16.710,28.93,30.06,30.18,29.62,13.0,28.97,928.2,24.7,-40.0,1.0,1.0,0.0,0.0,0.0,791.0
2026-07-21 16:10:16.910,28.93,30.06,30.18,29.62,13.0,28.97,928.2,24.7,-40.0,1.0,1.0,0.0,0.0,0.0,791.0
2026-07-21 16:10:17.110,28.93,30.06,30.18,29.62,13.0,28.96,928.2,24.5,-40.0,1.0,1.0,0.0,0.0,0.0,792.0
2026-07-21 16:10:17.310,28.93,30.06,30.18,29.62,13.0,28.96,928.2,24.5,-40.0,1.0,1.0,0.0,0.0,0.0,792.0
2026-07-21 16:10:17.510,28.93,30.06,30.18,29.62,13.0,28.96,928.2,24.5,-40.0,1.0,1.0,0.0,0.0,0.0,792.0
2026-07-21 16:10:17.710,28.93,30.06,30.18,29.62,13.0,28.97,928.2,24.6,-40.0,1.0,1.0,0.0,0.0,0.0,792.0
2026-07-21 16:10:17.910,28.87,30.06,30.25,29.62,13.0,28.97,928.2,24.6,-40.0,1.0,1.0,0.0,0.0,0.0,792.0
2026-07-21 16:10:18.113,28.87,30.06,30.25,29.62,13.0,28.97,928.2,24.3,-40.0,1.0,1.0,0.0,0.0,0.0,793.0
2026-07-21 16:10:18.310,28.87,30.06,30.25,29.62,13.0,28.97,928.2,24.3,-40.0,1.0,1.0,0.0,0.0,0.0,793.0
2026-07-21 16:10:18.510,28.87,30.06,30.25,29.62,13.0,28.97,928.2,24.3,-40.0,1.0,1.0,0.0,0.0,0.0,793.0
2026-07-21 16:10:18.710,28.87,30.06,30.25,29.62,13.0,28.97,928.1,24.5,-40.0,1.0,1.0,0.0,0.0,0.0,793.0
2026-07-21 16:10:18.909,28.93,30.12,30.18,29.56,13.0,28.97,928.1,24.5,-40.0,1.0,1.0,0.0,0.0,0.0,793.0
2026-07-21 16:10:19.110,28.93,30.12,30.18,29.56,13.0,28.97,928.2,24.1,-40.0,1.0,1.0,0.0,0.0,0.0,794.0
2026-07-21 16:10:19.310,28.93,30.12,30.18,29.56,13.0,28.97,928.2,24.1,-40.0,1.0,1.0,0.0,0.0,0.0,794.0
2026-07-21 16:10:19.510,28.93,30.12,30.18,29.56,13.0,28.97,928.2,24.1,-40.0,1.0,1.0,0.0,0.0,0.0,794.0
2026-07-21 16:10:19.710,28.93,30.12,30.18,29.56,13.0,28.97,928.2,24.3,-40.0,1.0,1.0,0.0,0.0,0.0,794.0
2026-07-21 16:10:19.910,28.87,30.06,30.25,29.56,13.0,28.97,928.2,24.3,-40.0,1.0,1.0,0.0,0.0,0.0,794.0
2026-07-21 16:10:20.110,28.87,30.06,30.25,29.56,13.0,28.98,928.2,24.7,-40.0,1.0,1.0,0.0,0.0,0.0,795.0
2026-07-21 16:10:20.310,28.87,30.06,30.25,29.56,13.0,28.98,928.2,24.7,-40.0,1.0,1.0,0.0,0.0,0.0,795.0
2026-07-21 16:10:20.510,28.87,30.06,30.25,29.56,13.0,28.98,928.2,24.7,-40.0,1.0,1.0,0.0,0.0,0.0,795.0
2026-07-21 16:10:20.736,28.87,30.06,30.25,29.56,13.0,28.97,928.2,24.2,-40.0,1.0,1.0,0.0,0.0,0.0,795.0
2026-07-21 16:10:20.910,28.87,30.06,30.25,29.56,13.0,28.97,928.2,24.2,-40.0,1.0,1.0,0.0,0.0,0.0,795.0
2026-07-21 16:10:21.111,28.87,30.06,30.25,29.56,13.0,28.98,928.2,24.2,-40.0,1.0,1.0,0.0,0.0,0.0,796.0
2026-07-21 16:10:21.332,28.87,30.06,30.25,29.56,13.0,28.98,928.2,24.2,-40.0,1.0,1.0,0.0,0.0,0.0,796.0
2026-07-21 16:10:21.509,28.87,30.06,30.25,29.56,13.0,28.98,928.2,24.2,-40.0,1.0,1.0,0.0,0.0,0.0,796.0
2026-07-21 16:10:21.710,28.87,30.06,30.25,29.56,13.0,28.97,928.1,24.3,-40.0,1.0,1.0,0.0,0.0,0.0,796.0
2026-07-21 16:10:21.910,28.87,30.12,30.25,29.62,13.0,28.97,928.1,24.3,-40.0,1.0,1.0,0.0,0.0,0.0,796.0
2026-07-21 16:10:22.110,28.87,30.12,30.25,29.62,13.0,28.97,928.2,24.3,-40.0,1.0,1.0,0.0,0.0,0.0,797.0
2026-07-21 16:10:22.317,28.87,30.12,30.25,29.62,13.0,28.97,928.2,24.3,-40.0,1.0,1.0,0.0,0.0,0.0,797.0
2026-07-21 16:10:22.510,28.87,30.12,30.25,29.62,13.0,28.97,928.2,24.3,-40.0,1.0,1.0,0.0,0.0,0.0,797.0
2026-07-21 16:10:22.710,28.87,30.12,30.25,29.62,13.0,28.97,928.1,24.2,-40.0,1.0,1.0,0.0,0.0,0.0,797.0
2026-07-21 16:10:22.909,28.93,30.12,30.18,29.62,13.0,28.97,928.1,24.2,-40.0,1.0,1.0,0.0,0.0,0.0,797.0
2026-07-21 16:10:23.110,28.93,30.12,30.18,29.62,13.0,28.97,928.2,24.1,-40.0,1.0,1.0,0.0,0.0,0.0,798.0
2026-07-21 16:10:23.310,28.93,30.12,30.18,29.62,13.0,28.97,928.2,24.1,-40.0,1.0,1.0,0.0,0.0,0.0,798.0
2026-07-21 16:10:23.509,28.93,30.12,30.18,29.62,13.0,28.97,928.2,24.1,-40.0,1.0,1.0,0.0,0.0,0.0,798.0
2026-07-21 16:10:23.710,28.93,30.12,30.18,29.62,13.0,28.98,928.2,24.1,-40.0,1.0,1.0,0.0,0.0,0.0,798.0
2026-07-21 16:10:23.909,28.93,30.06,30.25,29.62,12.93,28.98,928.2,24.1,-40.0,1.0,1.0,0.0,0.0,0.0,798.0
2026-07-21 16:10:24.110,28.93,30.06,30.25,29.62,12.93,28.98,928.2,24.2,-40.0,1.0,1.0,0.0,0.0,0.0,799.0
2026-07-21 16:10:24.319,28.93,30.06,30.25,29.62,12.93,28.98,928.2,24.2,-40.0,1.0,1.0,0.0,0.0,0.0,799.0
2026-07-21 16:10:24.509,28.93,30.06,30.25,29.62,12.93,28.98,928.2,24.2,-40.0,1.0,1.0,0.0,0.0,0.0,799.0
2026-07-21 16:10:24.709,28.93,30.06,30.25,29.62,12.93,28.97,928.1,24.5,-40.0,1.0,1.0,0.0,0.0,0.0,799.0
2026-07-21 16:10:24.909,28.93,30.06,30.25,29.62,12.93,28.97,928.1,24.5,-40.0,1.0,1.0,0.0,0.0,0.0,799.0
2026-07-21 16:10:25.110,28.93,30.06,30.25,29.62,12.93,28.98,928.2,24.5,-40.0,1.0,1.0,0.0,0.0,0.0,800.0
2026-07-21 16:10:25.310,28.93,30.06,30.25,29.62,12.93,28.98,928.2,24.5,-40.0,1.0,1.0,0.0,0.0,0.0,800.0
2026-07-21 16:10:25.510,28.93,30.06,30.25,29.62,12.93,28.98,928.2,24.5,-40.0,1.0,1.0,0.0,0.0,0.0,800.0
2026-07-21 16:10:25.710,28.93,30.06,30.25,29.62,12.93,28.98,928.2,24.2,-40.0,1.0,1.0,0.0,0.0,0.0,800.0
2026-07-21 16:10:25.909,28.93,30.06,30.25,29.62,12.93,28.98,928.2,24.2,-40.0,1.0,1.0,0.0,0.0,0.0,800.0
2026-07-21 16:10:26.110,28.93,30.06,30.25,29.62,12.93,28.98,928.1,24.1,-40.0,1.0,1.0,0.0,0.0,0.0,801.0
2026-07-21 16:10:26.310,28.93,30.06,30.25,29.62,12.93,28.98,928.1,24.1,-40.0,1.0,1.0,0.0,0.0,0.0,801.0
2026-07-21 16:10:26.509,28.93,30.06,30.25,29.62,12.93,28.98,928.1,24.1,-40.0,1.0,1.0,0.0,0.0,0.0,801.0
2026-07-21 16:10:26.710,28.93,30.06,30.25,29.62,12.93,28.98,928.2,24.2,-40.0,1.0,1.0,0.0,0.0,0.0,801.0
2026-07-21 16:10:26.909,28.87,30.06,30.25,29.62,12.93,28.98,928.2,24.2,-40.0,1.0,1.0,0.0,0.0,0.0,801.0
2026-07-21 16:10:27.110,28.87,30.06,30.25,29.62,12.93,29.0,928.2,24.1,-40.0,1.0,1.0,0.0,0.0,0.0,802.0
2026-07-21 16:10:27.309,28.87,30.06,30.25,29.62,12.93,29.0,928.2,24.1,-40.0,1.0,1.0,0.0,0.0,0.0,802.0
2026-07-21 16:10:27.510,28.87,30.06,30.25,29.62,12.93,29.0,928.2,24.1,-40.0,1.0,1.0,0.0,0.0,0.0,802.0
2026-07-21 16:10:27.709,28.87,30.06,30.25,29.62,12.93,28.98,928.2,24.1,-40.0,1.0,1.0,0.0,0.0,0.0,802.0
2026-07-21 16:10:27.909,28.93,30.06,30.25,29.62,12.93,28.98,928.2,24.1,-40.0,1.0,1.0,0.0,0.0,0.0,802.0
2026-07-21 16:10:28.109,28.93,30.06,30.25,29.62,12.93,28.98,928.2,24.3,-40.0,1.0,1.0,0.0,0.0,0.0,803.0
2026-07-21 16:10:28.310,28.93,30.06,30.25,29.62,12.93,28.98,928.2,24.3,-40.0,1.0,1.0,0.0,0.0,0.0,803.0
2026-07-21 16:10:28.510,28.93,30.06,30.25,29.62,12.93,28.98,928.2,24.3,-40.0,1.0,1.0,0.0,0.0,0.0,803.0
2026-07-21 16:10:28.709,28.93,30.06,30.25,29.62,12.93,28.98,928.2,24.2,-40.0,1.0,1.0,0.0,0.0,0.0,803.0
2026-07-21 16:10:28.909,28.93,30.06,30.25,29.62,12.93,28.98,928.2,24.2,-40.0,1.0,1.0,0.0,0.0,0.0,803.0
2026-07-21 16:10:29.110,28.93,30.06,30.25,29.62,12.93,28.98,928.2,24.3,-40.0,1.0,1.0,0.0,0.0,0.0,804.0
2026-07-21 16:10:29.318,28.93,30.06,30.25,29.62,12.93,28.98,928.2,24.3,-40.0,1.0,1.0,0.0,0.0,0.0,804.0
2026-07-21 16:10:29.510,28.93,30.06,30.25,29.62,12.93,28.98,928.2,24.3,-40.0,1.0,1.0,0.0,0.0,0.0,804.0
2026-07-21 16:10:29.710,28.93,30.06,30.25,29.62,12.93,29.0,928.2,24.2,-40.0,1.0,1.0,0.0,0.0,0.0,804.0
2026-07-21 16:10:29.909,28.93,30.06,30.25,29.62,12.93,29.0,928.2,24.2,-40.0,1.0,1.0,0.0,0.0,0.0,804.0
2026-07-21 16:10:30.109,28.93,30.06,30.25,29.62,12.93,29.0,928.2,24.4,-40.0,1.0,1.0,0.0,0.0,0.0,805.0
2026-07-21 16:10:30.309,28.93,30.06,30.25,29.62,12.93,29.0,928.2,24.4,-40.0,1.0,1.0,0.0,0.0,0.0,805.0
2026-07-21 16:10:30.510,28.93,30.06,30.25,29.62,12.93,29.0,928.2,24.4,-40.0,1.0,1.0,0.0,0.0,0.0,805.0
2026-07-21 16:10:30.715,28.93,30.06,30.25,29.62,12.93,29.01,928.2,24.1,-40.0,1.0,1.0,0.0,0.0,0.0,805.0
2026-07-21 16:10:30.910,28.87,30.06,30.25,29.62,12.93,29.01,928.2,24.1,-40.0,1.0,1.0,0.0,0.0,0.0,805.0
2026-07-21 16:10:31.109,28.87,30.06,30.25,29.62,12.93,29.0,928.2,24.1,-40.0,1.0,1.0,0.0,0.0,0.0,806.0
2026-07-21 16:10:31.310,28.87,30.06,30.25,29.62,12.93,29.0,928.2,24.1,-40.0,1.0,1.0,0.0,0.0,0.0,806.0
2026-07-21 16:10:31.509,28.87,30.06,30.25,29.62,12.93,29.0,928.2,24.1,-40.0,1.0,1.0,0.0,0.0,0.0,806.0
2026-07-21 16:10:31.710,28.87,30.06,30.25,29.62,12.93,29.0,928.2,24.4,-40.0,1.0,1.0,0.0,0.0,0.0,806.0
2026-07-21 16:10:31.909,28.87,30.06,30.25,29.62,12.93,29.0,928.2,24.4,-40.0,1.0,1.0,0.0,0.0,0.0,806.0
2026-07-21 16:10:32.109,28.87,30.06,30.25,29.62,12.93,28.98,928.1,24.3,-40.0,1.0,1.0,0.0,0.0,0.0,807.0
2026-07-21 16:10:32.309,28.87,30.06,30.25,29.62,12.93,28.98,928.1,24.3,-40.0,1.0,1.0,0.0,0.0,0.0,807.0
2026-07-21 16:10:32.510,28.87,30.06,30.25,29.62,12.93,28.98,928.1,24.3,-40.0,1.0,1.0,0.0,0.0,0.0,807.0
2026-07-21 16:10:32.709,28.87,30.06,30.25,29.62,12.93,28.98,928.2,24.2,-40.0,1.0,1.0,0.0,0.0,0.0,807.0
2026-07-21 16:10:32.910,28.93,30.06,30.25,29.62,12.93,28.98,928.2,24.2,-40.0,1.0,1.0,0.0,0.0,0.0,807.0
2026-07-21 16:10:33.110,28.93,30.06,30.25,29.62,12.93,29.0,928.1,24.2,-40.0,1.0,1.0,0.0,0.0,0.0,808.0
2026-07-21 16:10:33.309,28.93,30.06,30.25,29.62,12.93,29.0,928.1,24.2,-40.0,1.0,1.0,0.0,0.0,0.0,808.0
2026-07-21 16:10:33.509,28.93,30.06,30.25,29.62,12.93,29.0,928.1,24.2,-40.0,1.0,1.0,0.0,0.0,0.0,808.0
2026-07-21 16:10:33.709,28.93,30.06,30.25,29.62,12.93,29.01,928.2,24.2,-40.0,1.0,1.0,0.0,0.0,0.0,808.0
2026-07-21 16:10:33.909,28.93,30.06,30.25,29.62,12.93,29.01,928.2,24.2,-40.0,1.0,1.0,0.0,0.0,0.0,808.0
2026-07-21 16:10:34.109,28.93,30.06,30.25,29.62,12.93,29.0,928.1,24.7,-40.0,1.0,1.0,0.0,0.0,0.0,809.0
2026-07-21 16:10:34.309,28.93,30.06,30.25,29.62,12.93,29.0,928.1,24.7,-40.0,1.0,1.0,0.0,0.0,0.0,809.0
2026-07-21 16:10:34.510,28.93,30.06,30.25,29.62,12.93,29.0,928.1,24.7,-40.0,1.0,1.0,0.0,0.0,0.0,809.0
2026-07-21 16:10:34.709,28.93,30.06,30.25,29.62,12.93,28.98,928.2,24.3,-40.0,1.0,1.0,0.0,0.0,0.0,809.0
2026-07-21 16:10:34.909,28.87,30.06,30.25,29.62,12.87,28.98,928.2,24.3,-40.0,1.0,1.0,0.0,0.0,0.0,809.0
2026-07-21 16:10:35.109,28.87,30.06,30.25,29.62,12.87,29.01,928.2,24.3,-40.0,1.0,1.0,0.0,0.0,0.0,810.0
2026-07-21 16:10:35.309,28.87,30.06,30.25,29.62,12.87,29.01,928.2,24.3,-40.0,1.0,1.0,0.0,0.0,0.0,810.0
2026-07-21 16:10:35.523,28.87,30.06,30.25,29.62,12.87,29.01,928.2,24.3,-40.0,1.0,1.0,0.0,0.0,0.0,810.0
2026-07-21 16:10:35.709,28.87,30.06,30.25,29.62,12.87,29.01,928.2,24.2,-40.0,1.0,1.0,0.0,0.0,0.0,810.0
2026-07-21 16:10:35.910,28.93,30.06,30.18,29.62,12.93,29.01,928.2,24.2,-40.0,1.0,1.0,0.0,0.0,0.0,810.0
2026-07-21 16:10:36.111,28.93,30.06,30.18,29.62,12.93,28.98,928.2,24.0,-40.0,1.0,1.0,0.0,0.0,0.0,811.0
2026-07-21 16:10:36.310,28.93,30.06,30.18,29.62,12.93,28.98,928.2,24.0,-40.0,1.0,1.0,0.0,0.0,0.0,811.0
2026-07-21 16:10:36.510,28.93,30.06,30.18,29.62,12.93,28.98,928.2,24.0,-40.0,1.0,1.0,0.0,0.0,0.0,811.0
2026-07-21 16:10:36.709,28.93,30.06,30.18,29.62,12.93,29.01,928.1,24.2,-40.0,1.0,1.0,0.0,0.0,0.0,811.0
2026-07-21 16:10:36.909,28.93,30.06,30.25,29.62,12.93,29.01,928.1,24.2,-40.0,1.0,1.0,0.0,0.0,0.0,811.0
2026-07-21 16:10:37.110,28.93,30.06,30.25,29.62,12.93,29.01,928.2,24.2,-40.0,1.0,1.0,0.0,0.0,0.0,812.0
2026-07-21 16:10:37.309,28.93,30.06,30.25,29.62,12.93,29.01,928.2,24.2,-40.0,1.0,1.0,0.0,0.0,0.0,812.0
2026-07-21 16:10:37.509,28.93,30.06,30.25,29.62,12.93,29.01,928.2,24.2,-40.0,1.0,1.0,0.0,0.0,0.0,812.0
2026-07-21 16:10:37.709,28.93,30.06,30.25,29.62,12.93,28.98,928.2,24.1,-40.0,1.0,1.0,0.0,0.0,0.0,812.0
2026-07-21 16:10:37.909,28.93,30.06,30.25,29.62,12.93,28.98,928.2,24.1,-40.0,1.0,1.0,0.0,0.0,0.0,812.0
2026-07-21 16:10:38.125,28.93,30.06,30.25,29.62,12.93,29.01,928.1,24.3,-40.0,1.0,1.0,0.0,0.0,0.0,813.0
2026-07-21 16:10:38.310,28.93,30.06,30.25,29.62,12.93,29.01,928.1,24.3,-40.0,1.0,1.0,0.0,0.0,0.0,813.0
2026-07-21 16:10:38.509,28.93,30.06,30.25,29.62,12.93,29.01,928.1,24.3,-40.0,1.0,1.0,0.0,0.0,0.0,813.0
2026-07-21 16:10:38.725,28.93,30.06,30.25,29.62,12.93,28.98,928.1,24.5,-40.0,1.0,1.0,0.0,0.0,0.0,813.0
2026-07-21 16:10:38.909,28.87,30.12,30.25,29.62,12.93,28.98,928.1,24.5,-40.0,1.0,1.0,0.0,0.0,0.0,813.0
2026-07-21 16:10:39.110,28.87,30.12,30.25,29.62,12.93,29.01,928.2,24.3,-40.0,1.0,1.0,0.0,0.0,0.0,814.0
2026-07-21 16:10:39.310,28.87,30.12,30.25,29.62,12.93,29.01,928.2,24.3,-40.0,1.0,1.0,0.0,0.0,0.0,814.0
2026-07-21 16:10:39.509,28.87,30.12,30.25,29.62,12.93,29.01,928.2,24.3,-40.0,1.0,1.0,0.0,0.0,0.0,814.0
2026-07-21 16:10:39.712,28.87,30.12,30.25,29.62,12.93,29.0,928.1,24.4,-40.0,1.0,1.0,0.0,0.0,0.0,814.0
2026-07-21 16:10:39.950,28.87,30.06,30.25,29.62,12.93,29.0,928.1,24.4,-40.0,1.0,1.0,0.0,0.0,0.0,814.0
2026-07-21 16:10:40.110,28.87,30.06,30.25,29.62,12.93,29.01,928.2,24.2,-40.0,1.0,1.0,0.0,0.0,0.0,815.0
2026-07-21 16:10:40.309,28.87,30.06,30.25,29.62,12.93,29.01,928.2,24.2,-40.0,1.0,1.0,0.0,0.0,0.0,815.0
2026-07-21 16:10:40.543,28.87,30.06,30.25,29.62,12.93,29.01,928.2,24.2,-40.0,1.0,1.0,0.0,0.0,0.0,815.0
2026-07-21 16:10:40.710,28.87,30.06,30.25,29.62,12.93,29.0,928.1,24.2,-40.0,1.0,1.0,0.0,0.0,0.0,815.0
2026-07-21 16:10:40.910,28.87,30.06,30.18,29.62,12.87,29.0,928.1,24.2,-40.0,1.0,1.0,0.0,0.0,0.0,815.0
2026-07-21 16:10:41.152,28.87,30.06,30.18,29.62,12.87,29.0,928.1,24.2,-40.0,1.0,1.0,0.0,0.0,0.0,816.0
2026-07-21 16:10:41.309,28.87,30.06,30.18,29.62,12.87,29.0,928.1,24.2,-40.0,1.0,1.0,0.0,0.0,0.0,816.0
2026-07-21 16:10:41.510,28.87,30.06,30.18,29.62,12.87,29.0,928.1,24.2,-40.0,1.0,1.0,0.0,0.0,0.0,816.0
2026-07-21 16:10:41.709,28.87,30.06,30.18,29.62,12.87,29.0,928.2,24.3,-40.0,1.0,1.0,0.0,0.0,0.0,816.0
2026-07-21 16:10:41.910,28.87,30.12,30.25,29.56,12.87,29.0,928.2,24.3,-40.0,1.0,1.0,0.0,0.0,0.0,816.0
2026-07-21 16:10:42.124,28.87,30.12,30.25,29.56,12.87,29.01,928.1,24.7,-40.0,1.0,1.0,0.0,0.0,0.0,817.0
2026-07-21 16:10:42.309,28.87,30.12,30.25,29.56,12.87,29.01,928.1,24.7,-40.0,1.0,1.0,0.0,0.0,0.0,817.0
2026-07-21 16:10:42.509,28.87,30.12,30.25,29.56,12.87,29.01,928.1,24.7,-40.0,1.0,1.0,0.0,0.0,0.0,817.0
2026-07-21 16:10:42.709,28.87,30.12,30.25,29.56,12.87,29.01,928.2,24.4,-40.0,1.0,1.0,0.0,0.0,0.0,817.0
2026-07-21 16:10:42.909,28.93,30.06,30.25,29.56,12.87,29.01,928.2,24.4,-40.0,1.0,1.0,0.0,0.0,0.0,817.0
2026-07-21 16:10:43.115,28.93,30.06,30.25,29.56,12.87,29.01,928.1,24.3,-40.0,1.0,1.0,0.0,0.0,0.0,818.0
2026-07-21 16:10:43.309,28.93,30.06,30.25,29.56,12.87,29.01,928.1,24.3,-40.0,1.0,1.0,0.0,0.0,0.0,818.0
2026-07-21 16:10:43.509,28.93,30.06,30.25,29.56,12.87,29.01,928.1,24.3,-40.0,1.0,1.0,0.0,0.0,0.0,818.0
2026-07-21 16:10:43.709,28.93,30.06,30.25,29.56,12.87,29.01,928.1,24.4,-40.0,1.0,1.0,0.0,0.0,0.0,818.0
